date,strategy,initial_soc_kwh,final_soc_kwh,residual_count,q0_cost_face,settlement_cost,retained_cost,down_cost,up_cost,emergency_cost,total_cost,down_kwh,up_kwh,calibration_count,calibration_seconds,day_seconds,cal_0_update_slot,cal_0_method,cal_0_accepted_search,cal_0_evaluations,cal_0_selected_score,cal_0_nit,cal_0_success,cal_0_termination,cal_1_update_slot,cal_1_method,cal_1_accepted_search,cal_1_evaluations,cal_1_selected_score,cal_1_nit,cal_1_success,cal_1_termination,cal_2_update_slot,cal_2_method,cal_2_accepted_search,cal_2_evaluations,cal_2_selected_score,cal_2_nit,cal_2_success,cal_2_termination
2025-02-01,M612,2148.5983254415123,2508.7144958198537,21,25122.92052040696,24049.06740040139,22975.214280395816,1073.8531200055716,0.0,0.0,24049.06740040139,3743.232154503168,0.0,3,1.8144529000128387,2.007559899997432,0,differential_evolution_staged_direct_search,True,27,-4211.022529289439,4,True,population_collapse_convergence,36,differential_evolution_staged_direct_search,True,92,-3373.549548019606,8,False,maxiter_budget,72,differential_evolution_staged_direct_search,True,182,-766.3509496042482,8,True,maxiter_budget
2025-02-02,M612,2508.7144958198537,2432.655752356644,21,58996.493957257524,57237.69707681441,55425.901451280486,1785.2962529885149,26.499372545409756,0.0,57237.69707681441,5132.288218163345,15.207237981928643,3,0.9191054999973858,1.1001681000052486,0,differential_evolution_staged_direct_search,True,27,-4454.21153591025,4,True,population_collapse_convergence,36,differential_evolution_staged_direct_search,True,32,-2614.708605300896,2,True,population_collapse_convergence,72,differential_evolution_staged_direct_search,True,102,-737.3967239432602,4,True,population_collapse_convergence
2025-02-03,M612,2432.655752356644,2357.7659001851844,21,60226.039965525975,57904.639497754615,55583.23902998325,2321.40046777136,0.0,0.0,57904.639497754615,6420.32251672423,0.0,3,1.4288033999910112,1.6075475000106962,0,differential_evolution_staged_direct_search,True,17,-4454.21153591025,2,True,population_collapse_convergence,36,differential_evolution_staged_direct_search,True,32,-2901.8243854323587,2,True,population_collapse_convergence,72,differential_evolution_staged_direct_search,True,182,-713.732448571899,8,False,maxiter_budget
2025-02-04,M612,2357.7659001851844,2281.741722592595,21,62728.12791753428,60198.04127895812,57667.954640381955,2530.0866385761615,0.0,0.0,60198.04127895812,6903.042080939483,0.0,3,1.6304895999928704,1.8063912000070559,0,differential_evolution_staged_direct_search,True,17,-4454.086776265291,2,True,population_collapse_convergence,36,differential_evolution_staged_direct_search,True,92,-2421.2667241194167,8,False,maxiter_budget,72,differential_evolution_staged_direct_search,True,182,-698.2548024842608,8,False,maxiter_budget
2025-02-05,M612,2281.741722592595,2066.23069,21,58192.622895669156,57186.007880731384,55781.29264482599,1205.6651254215813,199.05011048380976,0.0,57186.007880731384,3230.884491503455,151.62640581587922,3,1.440508100000443,1.6696803999948315,0,differential_evolution_staged_direct_search,True,12,-4453.80261841074,1,True,population_collapse_convergence,36,differential_evolution_staged_direct_search,True,42,-2374.6615983568154,3,True,population_collapse_convergence,72,differential_evolution_staged_direct_search,True,182,-700.2342982427687,8,False,maxiter_budget
2025-02-06,M612,2066.23069,2102.877087407407,21,62584.61666391643,59250.83901096187,55917.06135800732,3333.777652954559,0.0,29.57191160458339,59280.41092256645,9470.383297257316,0.0,3,1.1582645999878878,1.3314798000064911,0,differential_evolution_staged_direct_search,True,12,-4453.80261841074,1,True,population_collapse_convergence,36,differential_evolution_staged_direct_search,True,82,-2818.8675262638753,7,True,population_collapse_convergence,72,differential_evolution_staged_direct_search,True,122,-708.112584166973,5,True,population_collapse_convergence
2025-02-07,M612,2102.877087407407,1751.7743589321433,21,24763.220491903005,23442.126851403078,22121.033210903155,1321.0936404999227,0.0,0.0,23442.126851403078,4916.522941232319,0.0,3,1.3509233000077074,1.5183947000041371,0,differential_evolution_staged_direct_search,True,17,-4453.80261841074,2,True,population_collapse_convergence,36,differential_evolution_staged_direct_search,True,42,-2648.3093869694235,3,True,population_collapse_convergence,72,differential_evolution_staged_direct_search,True,182,-751.1829990907581,8,False,maxiter_budget
2025-02-08,M612,1751.7743589321433,1649.1427701851856,21,19428.03206799268,19593.314519702122,19428.03206799268,0.0,165.28245170944282,523.7902948325523,20117.104814534676,0.0,152.28524977410936,3,1.0014961999986554,1.170162900001742,0,differential_evolution_staged_direct_search,True,27,-3506.9758438717495,4,True,population_collapse_convergence,36,differential_evolution_staged_direct_search,True,42,-3410.60683607982,3,True,population_collapse_convergence,72,differential_evolution_staged_direct_search,True,122,-793.2050663243206,5,True,population_collapse_convergence
2025-02-09,M612,1649.1427701851856,1427.5166849664533,21,56857.035336288434,55611.490903721424,54365.94647115442,1245.5444325670044,0.0,0.0,55611.490903721424,3409.4889951679565,0.0,3,0.7982829999964451,0.9668213999975706,0,differential_evolution_staged_direct_search,True,12,-4453.483613600071,1,True,population_collapse_convergence,36,differential_evolution_staged_direct_search,True,32,-3052.19554848336,2,True,population_collapse_convergence,72,differential_evolution_staged_direct_search,True,102,-647.2302412346944,4,True,population_collapse_convergence
2025-02-10,M612,1427.5166849664533,1441.5087638066536,21,54251.464778766065,52289.34998822749,50327.235197688926,1962.1147905385694,0.0,0.0,52289.34998822749,5331.895504655035,0.0,3,1.309878199986997,1.4746879000012996,0,differential_evolution_staged_direct_search,True,12,-4453.253474467541,1,True,population_collapse_convergence,36,differential_evolution_staged_direct_search,True,32,-2576.7188499418817,2,True,population_collapse_convergence,72,differential_evolution_staged_direct_search,True,182,-660.9871949816458,8,False,maxiter_budget
2025-02-11,M612,1441.5087638066536,1520.2362664814812,21,54142.50339066526,52187.393844372935,50232.2842980806,1955.109546292325,0.0,693.8943712214817,52881.28821559442,5029.793108996602,0.0,3,1.2783264000172494,1.4511258999991696,0,differential_evolution_staged_direct_search,True,12,-4453.417446728599,1,True,population_collapse_convergence,36,differential_evolution_staged_direct_search,True,32,-2928.154543052272,2,True,population_collapse_convergence,72,differential_evolution_staged_direct_search,True,182,-711.9990901386072,8,False,maxiter_budget
2025-02-12,M612,1520.2362664814812,1445.1392755555567,21,54446.26507903356,52414.14368065055,50382.022282267535,2032.1213983830135,0.0,43.074395757536664,52457.21807640809,5414.0788172527045,0.0,3,1.4744636000250466,1.6567444000102114,0,differential_evolution_staged_direct_search,True,12,-4452.143111505684,1,True,population_collapse_convergence,36,differential_evolution_staged_direct_search,True,92,-2934.208540824819,8,False,maxiter_budget,72,differential_evolution_staged_direct_search,True,182,-637.700910606461,8,False,maxiter_budget
2025-02-13,M612,1445.1392755555567,1659.9019477777783,21,50502.31888144879,49422.13691856782,48248.878294736955,1126.7202933559188,46.53833047495057,204.35109454130685,49626.48801310913,3124.245175898007,39.296682377825846,3,1.3690132000047015,1.5534517000050982,0,differential_evolution_staged_direct_search,True,12,-4451.356494996654,1,True,population_collapse_convergence,36,differential_evolution_staged_direct_search,True,42,-2727.4323882542344,3,True,population_collapse_convergence,72,differential_evolution_staged_direct_search,True,182,-690.110465294911,8,False,maxiter_budget
2025-02-14,M612,1659.9019477777783,1710.8654593832246,21,19413.684048331575,19692.778216657265,19306.509305263527,53.58737153402379,332.6815398597099,0.0,19692.778216657265,260.5755970533615,282.3619732869529,3,1.5341543000104139,1.7373230000084732,0,differential_evolution_staged_direct_search,True,47,-3446.5011941465386,8,False,maxiter_budget,36,differential_evolution_staged_direct_search,True,42,-3247.1319497257064,3,True,population_collapse_convergence,72,differential_evolution_staged_direct_search,True,182,-788.3886523382957,8,False,maxiter_budget
2025-02-15,M612,1710.8654593832246,1252.4573435185184,21,19964.3242656637,19581.093747092502,19197.863228521303,383.23051857119816,0.0,4.972879202868312,19586.06662629537,1164.120033859821,0.0,3,1.5109764000080759,1.713331399994786,0,differential_evolution_staged_direct_search,True,12,-3325.5991195759425,1,True,population_collapse_convergence,36,differential_evolution_staged_direct_search,True,32,-3519.736968704382,2,True,population_collapse_convergence,72,differential_evolution_staged_direct_search,True,182,-724.2032578340564,8,False,maxiter_budget
2025-02-16,M612,1252.4573435185184,1419.4954316666672,21,54690.094225309644,52181.91997466872,49673.74572402781,2508.1742506409187,0.0,1525.166663076161,53707.086637744884,6656.8468868625005,0.0,3,1.3146089000074426,1.4914646999968681,0,differential_evolution_staged_direct_search,True,17,-4452.05663222496,2,True,population_collapse_convergence,36,differential_evolution_staged_direct_search,True,32,-2711.4390659508636,2,True,population_collapse_convergence,72,differential_evolution_staged_direct_search,True,182,-626.1467301285127,8,False,maxiter_budget
2025-02-17,M612,1419.4954316666672,1503.9346153703705,21,53864.35403135228,50422.15658607919,46979.95914080611,3442.1974452730874,0.0,756.2862169518203,51178.44280303101,10359.746819797925,0.0,3,1.4890033999981824,1.6675575999979628,0,differential_evolution_staged_direct_search,True,17,-4453.702722987062,2,True,population_collapse_convergence,36,differential_evolution_staged_direct_search,True,92,-2816.3704920443865,8,False,maxiter_budget,72,differential_evolution_staged_direct_search,True,182,-670.6449177761165,8,False,maxiter_budget
2025-02-18,M612,1503.9346153703705,1865.3077809327694,21,48134.331450478,48128.144955850505,47787.57575067149,173.37784990325773,167.19135527575685,7.567044988885594,48135.71200083939,667.983238708884,230.06910000850058,3,1.3701671000017086,1.5417348999908427,0,differential_evolution_staged_direct_search,True,17,-4453.606984420772,2,True,population_collapse_convergence,36,differential_evolution_staged_direct_search,True,52,-2477.24374067532,4,True,population_collapse_convergence,72,differential_evolution_staged_direct_search,True,182,-742.4852133059061,8,False,maxiter_budget
2025-02-19,M612,1865.3077809327694,1233.2996238888918,21,48224.39373555641,48744.55316403396,48145.50797050723,39.44288252459327,559.6023110021314,241.2810754166669,48985.834239450625,116.87860236113283,687.6746166690483,3,1.2747498999960953,1.4435177999985171,0,differential_evolution_staged_direct_search,True,12,-4455.155284029003,1,True,population_collapse_convergence,36,differential_evolution_staged_direct_search,True,32,-2954.335266301466,2,True,population_collapse_convergence,72,differential_evolution_staged_direct_search,True,182,-466.987393177648,8,False,maxiter_budget
2025-02-20,M612,1233.2996238888918,1556.4599179966463,21,49945.473582246006,48782.54584892618,47479.46779180258,1233.0028952217137,70.07516190188645,353.93152005260185,49136.47736897878,3763.806639086454,56.41793713095342,3,1.4079900000069756,1.5797273000061978,0,differential_evolution_staged_direct_search,True,12,-4454.7555365699045,1,True,population_collapse_convergence,36,differential_evolution_staged_direct_search,True,32,-2879.854329489131,2,True,population_collapse_convergence,72,differential_evolution_staged_direct_search,True,182,-558.892729255467,8,False,maxiter_budget
2025-02-21,M612,1556.4599179966463,1619.894345489485,21,18406.4935065665,18365.3902599395,18324.287013312496,41.103246627001774,0.0,0.0,18365.3902599395,76.52810766524254,0.0,3,1.2772000000113621,1.4821569000050658,0,differential_evolution_staged_direct_search,True,17,-3122.3730804594747,2,True,population_collapse_convergence,36,differential_evolution_staged_direct_search,True,42,-3170.6806497359858,3,True,population_collapse_convergence,72,differential_evolution_staged_direct_search,True,182,-715.0705410828277,8,False,maxiter_budget
2025-02-22,M612,1619.894345489485,1859.077018939761,21,18836.3850757875,18744.785040437873,18585.686834047236,125.34912087013387,33.74908552050599,0.0,18744.785040437873,370.3855755644565,29.169809984376712,3,1.3168525000073714,1.503044500001124,0,differential_evolution_staged_direct_search,True,17,-2888.767141585803,2,True,population_collapse_convergence,36,differential_evolution_staged_direct_search,True,42,-3313.012492811579,3,True,population_collapse_convergence,72,differential_evolution_staged_direct_search,True,182,-774.1032914890512,8,True,maxiter_budget
2025-02-23,M612,1859.077018939761,1493.1892782546379,21,49070.74419389351,48408.34775986128,46894.30983619891,1088.2171788473001,425.82074481507044,42.631947473287404,48450.97970733457,3072.590541700869,334.47495406230877,3,0.9928994000074454,1.1515824999951292,0,differential_evolution_staged_direct_search,True,12,-4455.250710239076,1,True,population_collapse_convergence,36,differential_evolution_staged_direct_search,True,92,-2760.8501962443606,8,False,maxiter_budget,72,differential_evolution_staged_direct_search,True,122,-648.630027309511,5,True,population_collapse_convergence
2025-02-24,M612,1493.1892782546379,1728.8512868503547,21,47611.34017820822,46911.83165501216,46212.3231318161,699.5085231960595,0.0,214.48406303409166,47126.31571804625,1844.4020416394642,0.0,3,1.2020163999986835,1.3668690999911632,0,differential_evolution_staged_direct_search,True,17,-4455.250710239076,2,True,population_collapse_convergence,36,differential_evolution_staged_direct_search,True,42,-2626.989729816406,3,True,population_collapse_convergence,72,differential_evolution_staged_direct_search,True,182,-676.4808117315246,8,False,maxiter_budget
2025-02-25,M612,1728.8512868503547,1424.0294056567657,21,49261.906347347096,46900.127638428174,44538.34892950926,2361.778708918918,0.0,191.58624913333304,47091.713887561506,7038.903508698115,0.0,3,1.2020985999988625,1.3499190999864368,0,differential_evolution_staged_direct_search,True,17,-4455.250710239076,2,True,population_collapse_convergence,36,differential_evolution_staged_direct_search,True,52,-3039.0360376726157,4,True,population_collapse_convergence,72,differential_evolution_staged_direct_search,True,182,-675.0614010040639,8,False,maxiter_budget
2025-02-26,M612,1424.0294056567657,2132.6263872222216,21,45050.9931817961,47326.54963326857,45050.9931817961,0.0,2275.5564514724715,0.0,47326.54963326857,0.0,2612.5071042686304,3,1.3166699999856064,1.4645027999940794,0,differential_evolution_staged_direct_search,True,17,-4455.250710239076,2,True,population_collapse_convergence,36,differential_evolution_staged_direct_search,True,92,-2704.7541310672405,8,False,maxiter_budget,72,differential_evolution_staged_direct_search,True,182,-575.4119634471301,8,False,maxiter_budget
2025-02-27,M612,2132.6263872222216,1839.3886988888892,21,45564.35949988295,45717.473716865825,45120.067904200914,222.14579784101812,375.26001482388733,68.97582373494666,45786.44954060077,774.8570265035071,372.13356688990945,3,0.7160374999948544,0.8631808999925852,0,differential_evolution_staged_direct_search,True,22,-4455.250710239076,3,True,population_collapse_convergence,36,differential_evolution_staged_direct_search,True,32,-2777.019021610423,2,True,population_collapse_convergence,72,differential_evolution_staged_direct_search,True,102,-652.7962696984016,4,True,population_collapse_convergence
2025-02-28,M612,1839.3886988888892,1698.5409346729557,21,18105.210628401284,17995.50289536146,17885.795162321636,109.70773303982622,0.0,0.0,17995.50289536146,221.9942276359822,0.0,3,1.3966564999864204,1.5527538000023924,0,differential_evolution_staged_direct_search,True,27,-2713.66438671618,4,True,population_collapse_convergence,36,differential_evolution_staged_direct_search,True,92,-3660.8275584006265,8,False,maxiter_budget,72,differential_evolution_staged_direct_search,True,182,-716.4665302644867,8,False,maxiter_budget
2025-03-01,M612,1698.5409346729557,1741.2030005988736,21,20703.011073880956,20354.99692166984,20006.982769458722,348.0141522111173,0.0,0.0,20354.99692166984,1145.2086548062603,0.0,3,1.2812061000004178,1.4285728999966523,0,differential_evolution_staged_direct_search,True,17,-4103.428826920349,2,True,population_collapse_convergence,36,differential_evolution_staged_direct_search,True,82,-4454.735583813657,7,True,population_collapse_convergence,72,differential_evolution_staged_direct_search,True,182,-717.7490931409895,8,False,maxiter_budget
2025-03-02,M612,1741.2030005988736,1673.96337717775,21,51881.02296803057,51703.660906063415,49289.84268163584,1295.5901431973703,1118.2280812302142,0.0,51703.660906063415,4274.466471057051,888.0636829877958,3,1.1516302999807522,1.2947182999923825,0,differential_evolution_staged_direct_search,True,12,-4455.250710239076,1,True,population_collapse_convergence,36,differential_evolution_staged_direct_search,True,42,-2481.925803444345,3,True,population_collapse_convergence,72,differential_evolution_staged_direct_search,True,182,-670.4844583750587,8,False,maxiter_budget
2025-03-03,M612,1673.96337717775,1606.0151511111117,21,53418.30182256138,51859.08101776115,48785.24913302774,2316.5263447668185,757.3055399665902,0.0,51859.08101776115,7279.414570779602,599.5965676198798,3,1.1824797999870498,1.3335952999914298,0,differential_evolution_staged_direct_search,True,22,-4455.250710239076,3,True,population_collapse_convergence,36,differential_evolution_staged_direct_search,True,42,-2838.5934575568544,3,True,population_collapse_convergence,72,differential_evolution_staged_direct_search,True,182,-676.0660070927285,8,False,maxiter_budget
2025-03-04,M612,1606.0151511111117,1623.4313266652,21,47594.32363875832,47683.71474311148,46376.257433390056,609.0331026841282,698.4242070372995,0.0,47683.71474311148,2032.3146221402353,544.0898036285498,3,0.8110758999973768,0.9640023000101792,0,differential_evolution_staged_direct_search,True,12,-4455.250710239076,1,True,population_collapse_convergence,36,differential_evolution_staged_direct_search,True,42,-2602.8175958070574,3,True,population_collapse_convergence,72,differential_evolution_staged_direct_search,True,122,-685.8258110866243,5,True,population_collapse_convergence
2025-03-05,M612,1623.4313266652,1599.043625206756,21,49869.12873014088,47252.85145876325,44636.57418738562,2616.2772713776317,0.0,0.0,47252.85145876325,8429.837093579437,0.0,3,1.0143702999921516,1.1591978999931598,0,differential_evolution_staged_direct_search,True,17,-4455.250710239076,2,True,population_collapse_convergence,36,differential_evolution_staged_direct_search,True,72,-2883.5059881238085,6,True,population_collapse_convergence,72,differential_evolution_staged_direct_search,True,142,-698.3064899624204,6,True,population_collapse_convergence
2025-03-06,M612,1599.043625206756,1583.3484422423448,21,46596.85656966314,46118.0638542301,44722.27039071897,937.2930894720841,458.5003740390501,0.0,46118.0638542301,3223.241224232688,364.5678180274829,3,1.3283520999975735,1.4812316999887116,0,differential_evolution_staged_direct_search,True,22,-4455.250710239076,3,True,population_collapse_convergence,36,differential_evolution_staged_direct_search,True,92,-2787.9876718642604,8,False,maxiter_budget,72,differential_evolution_staged_direct_search,True,182,-694.3345933985606,8,False,maxiter_budget
2025-03-07,M612,1583.3484422423448,1881.642743376698,21,18916.635327941225,18407.296226329556,17897.957124717883,509.3391016116719,0.0,0.0,18407.296226329556,1311.6463797789652,0.0,3,1.1411059999954887,1.2846673000021838,0,differential_evolution_staged_direct_search,True,12,-2711.5397978128285,1,True,population_collapse_convergence,36,differential_evolution_staged_direct_search,True,42,-4270.241798709541,3,True,population_collapse_convergence,72,differential_evolution_staged_direct_search,True,182,-727.6372721967754,8,False,maxiter_budget
2025-03-08,M612,1881.642743376698,1914.8556624367857,21,16893.220724264393,16847.94910454395,16802.677484823507,45.271619720442516,0.0,0.0,16847.94910454395,85.57640616222685,0.0,3,1.1928295000107028,1.3544285999960266,0,differential_evolution_staged_direct_search,True,17,-2343.461941819563,2,True,population_collapse_convergence,36,differential_evolution_staged_direct_search,True,42,-4222.025887851741,3,True,population_collapse_convergence,72,differential_evolution_staged_direct_search,True,182,-735.7130990922511,8,False,maxiter_budget
2025-03-09,M612,1914.8556624367857,1723.9389815095228,21,46926.37258728502,44697.85579460421,42469.3390019234,2228.516792680811,0.0,0.0,44697.85579460421,7150.787243541796,0.0,3,1.1103959000029135,1.2538248999917414,0,differential_evolution_staged_direct_search,True,12,-4452.270015424516,1,True,population_collapse_convergence,36,differential_evolution_staged_direct_search,True,32,-2720.130618728374,2,True,population_collapse_convergence,72,differential_evolution_staged_direct_search,True,182,-698.281119838609,8,False,maxiter_budget
2025-03-10,M612,1723.9389815095228,1759.1498033333341,21,44818.48396409805,45422.465284380014,44719.36167641585,49.56114384110059,653.5424641230742,193.99858860681897,45616.46387298683,197.9156387788954,478.31406467645957,3,1.1317698000057135,1.2770449999952689,0,differential_evolution_staged_direct_search,True,17,-4452.770830532607,2,True,population_collapse_convergence,36,differential_evolution_staged_direct_search,True,32,-2478.862908667302,2,True,population_collapse_convergence,72,differential_evolution_staged_direct_search,True,182,-721.0207745729015,8,False,maxiter_budget
2025-03-11,M612,1759.1498033333341,2090.232972037036,21,40022.363662064636,44503.24960231007,40022.36366206464,0.0,4480.885940245427,0.0,44503.24960231007,0.0,5832.242949104622,3,1.3071535999915795,1.4602663999976357,0,differential_evolution_staged_direct_search,True,17,-4453.102349790401,2,True,population_collapse_convergence,36,differential_evolution_staged_direct_search,True,92,-3011.3715952840503,8,False,maxiter_budget,72,differential_evolution_staged_direct_search,True,182,-725.720023041739,8,False,maxiter_budget
2025-03-12,M612,2090.232972037036,1612.8471259244793,21,45833.06047200774,43690.0469136617,41547.033355315674,2143.0135583460315,0.0,0.0,43690.0469136617,6501.915857974371,0.0,3,1.0694455000048038,1.2122664999915287,0,differential_evolution_staged_direct_search,True,17,-4454.347261478331,2,True,population_collapse_convergence,36,differential_evolution_staged_direct_search,True,92,-2841.567973314816,8,False,maxiter_budget,72,differential_evolution_staged_direct_search,True,142,-702.8334630741283,6,True,population_collapse_convergence
2025-03-13,M612,1612.8471259244793,1590.8830672222225,21,45477.33642392352,45952.765635796604,44498.01066221982,489.6628808518508,965.0920927249347,566.7226826666478,46519.48831846325,1331.893562791466,999.9811034011293,3,0.7365610999986529,0.8894771000050241,0,differential_evolution_staged_direct_search,True,27,-4454.24466221502,4,True,population_collapse_convergence,36,differential_evolution_staged_direct_search,True,32,-3141.108357963927,2,True,population_collapse_convergence,72,differential_evolution_staged_direct_search,True,102,-737.2426884088508,4,True,population_collapse_convergence
2025-03-14,M612,1590.8830672222225,1987.9653730173386,21,16209.95040233895,16446.744146677545,16209.950402338949,0.0,236.79374433859527,0.0,16446.744146677545,0.0,192.22138943499735,3,1.320573900011368,1.4742930999927921,0,differential_evolution_staged_direct_search,True,22,-2236.1881250916485,3,True,population_collapse_convergence,36,differential_evolution_staged_direct_search,True,92,-4455.600000000001,8,False,maxiter_budget,72,differential_evolution_staged_direct_search,True,182,-770.4679557405894,8,False,maxiter_budget
2025-03-15,M612,1987.9653730173386,1409.302948888891,21,16041.777550985333,16355.861410478212,16041.77755098533,0.0,314.08385949287776,0.0,16355.861410478212,0.0,250.1101250741422,3,0.843664699990768,0.9887595999898622,0,differential_evolution_staged_direct_search,True,17,-2267.3006679843706,2,True,population_collapse_convergence,36,differential_evolution_staged_direct_search,True,52,-3471.356934397446,4,True,population_collapse_convergence,72,differential_evolution_staged_direct_search,True,122,-778.3063405932605,5,True,population_collapse_convergence
2025-03-16,M612,1409.302948888891,1844.6723911911038,21,44415.07251100221,43790.913876809405,42960.12371997244,727.4743955148886,103.31576132207654,0.0,43790.913876809405,1906.568358361356,147.74168187888608,3,1.3062964999990072,1.4570898999954807,0,differential_evolution_staged_direct_search,True,17,-4451.383076191209,2,True,population_collapse_convergence,36,differential_evolution_staged_direct_search,True,72,-3028.4193615084446,6,True,population_collapse_convergence,72,differential_evolution_staged_direct_search,True,182,-699.4495322900611,8,False,maxiter_budget
2025-03-17,M612,1844.6723911911038,2120.957192037037,21,40710.32552113425,40325.46309111934,38704.90694005438,1002.709290539928,617.8468605250225,0.0,40325.46309111934,4072.7090799977414,571.5938144690772,3,1.3110351999785053,1.4611239000078058,0,differential_evolution_staged_direct_search,True,17,-4452.386601216121,2,True,population_collapse_convergence,36,differential_evolution_staged_direct_search,True,92,-2950.2448456658726,8,False,maxiter_budget,72,differential_evolution_staged_direct_search,True,182,-716.069803867636,8,False,maxiter_budget
2025-03-18,M612,2120.957192037037,1661.3798658064568,21,46649.11880247726,43951.27384015234,41253.42887782742,2697.8449623249207,0.0,0.0,43951.27384015234,8355.892680716504,0.0,3,0.7811842000082834,0.9393249999993714,0,differential_evolution_staged_direct_search,True,17,-4452.30510225222,2,True,population_collapse_convergence,36,differential_evolution_staged_direct_search,True,22,-3009.024317266835,1,True,population_collapse_convergence,72,differential_evolution_staged_direct_search,True,122,-672.4780899812665,5,True,population_collapse_convergence
2025-03-19,M612,1661.3798658064568,2166.6354972222225,21,38845.808590260815,41867.349772765454,38845.808590260815,0.0,3021.541182504641,0.0,41867.349772765454,0.0,3841.6266356750857,3,1.164921299990965,1.315492900001118,0,differential_evolution_staged_direct_search,True,27,-4451.2943546310225,4,True,population_collapse_convergence,36,differential_evolution_staged_direct_search,True,32,-3038.6899093122306,2,True,population_collapse_convergence,72,differential_evolution_staged_direct_search,True,182,-732.7558268656127,8,False,maxiter_budget
2025-03-20,M612,2166.6354972222225,1972.472514813329,21,44189.90802395186,42541.79362649361,40885.71046358879,1652.0987801815343,3.9843827232829523,1616.226114885069,44158.019741378674,4675.898287679318,2.6623786196805668,3,1.1807836000079988,1.3275739000091562,0,differential_evolution_staged_direct_search,True,17,-4453.876586154784,2,True,population_collapse_convergence,36,differential_evolution_staged_direct_search,True,42,-2579.745621208647,3,True,population_collapse_convergence,72,differential_evolution_staged_direct_search,True,182,-676.1704404248109,8,False,maxiter_budget
2025-03-21,M612,1972.472514813329,1510.1213183001557,21,15620.59939579093,15492.565978515313,15364.532561239695,128.03341727561832,0.0,0.0,15492.565978515313,270.4278996585126,0.0,3,1.3945534999947995,1.5625045000051614,0,differential_evolution_staged_direct_search,True,17,-1954.7205373382208,2,True,population_collapse_convergence,36,differential_evolution_staged_direct_search,True,92,-4455.600000000001,8,False,maxiter_budget,72,differential_evolution_staged_direct_search,True,182,-737.1503778188211,8,False,maxiter_budget
2025-03-22,M612,1510.1213183001557,2318.974667265579,21,17061.871917637076,16906.06821290671,16750.264508176348,155.80370473036353,0.0,0.0,16906.06821290671,323.1056100368185,0.0,3,0.9538052999851061,1.1030329999921378,0,differential_evolution_staged_direct_search,True,12,-2125.133217531123,1,True,population_collapse_convergence,36,differential_evolution_staged_direct_search,True,92,-4445.490759564022,8,False,maxiter_budget,72,differential_evolution_staged_direct_search,True,122,-735.4945407683463,5,True,population_collapse_convergence
2025-03-23,M612,2318.974667265579,1672.3243005555553,21,44723.87376260662,42260.89544039787,39797.917118189114,2462.9783222087563,0.0,555.8970516849524,42816.79249208282,7541.250494222218,0.0,3,1.2786723999888636,1.4236488999886205,0,differential_evolution_staged_direct_search,True,17,-4453.931223691948,2,True,population_collapse_convergence,36,differential_evolution_staged_direct_search,True,92,-2783.3443459634923,8,False,maxiter_budget,72,differential_evolution_staged_direct_search,True,182,-676.1001377502066,8,False,maxiter_budget
2025-03-24,M612,1672.3243005555553,1766.5139881481475,21,42119.23976674759,41173.47325004448,39266.366798280964,1426.4364842333093,480.6699675302033,0.0,41173.47325004448,4930.25733981817,415.5509058227176,3,1.2126250000001164,1.3607419000036316,0,differential_evolution_staged_direct_search,True,17,-4453.931223691947,2,True,population_collapse_convergence,36,differential_evolution_staged_direct_search,True,42,-3060.415312844779,3,True,population_collapse_convergence,72,differential_evolution_staged_direct_search,True,182,-723.7310243724119,8,False,maxiter_budget
2025-03-25,M612,1766.5139881481475,1464.9716192592584,21,46683.53224191129,43298.69381934177,39913.85539677226,3384.8384225695127,0.0,419.13076495437326,43717.82458429615,10264.161024193994,0.0,3,1.289680200003204,1.441509500000393,0,differential_evolution_staged_direct_search,True,12,-4453.931223691948,1,True,population_collapse_convergence,36,differential_evolution_staged_direct_search,True,92,-2570.6428318923663,8,False,maxiter_budget,72,differential_evolution_staged_direct_search,True,182,-635.6393926126357,8,False,maxiter_budget
2025-03-26,M612,1464.9716192592584,1515.2487622879528,21,39891.04259061682,38788.173364916176,37540.64696546253,1175.1978125771448,72.32858687649977,0.0,38788.173364916176,3920.734149575876,69.89282202879622,3,1.0893938999943202,1.2409808999946108,0,differential_evolution_staged_direct_search,True,17,-4453.931223691948,2,True,population_collapse_convergence,36,differential_evolution_staged_direct_search,True,22,-2910.492845736142,1,True,population_collapse_convergence,72,differential_evolution_staged_direct_search,True,182,-650.6443973555884,8,False,maxiter_budget
2025-03-27,M612,1515.2487622879528,1604.279437473084,21,42791.91610347641,41064.34342268128,39336.77074188617,1727.5726807951198,0.0,0.0,41064.34342268128,5086.919406564343,0.0,3,1.1525319999927888,1.3025907999981428,0,differential_evolution_staged_direct_search,True,17,-4453.931223691948,2,True,population_collapse_convergence,36,differential_evolution_staged_direct_search,True,42,-3312.4646302714673,3,True,population_collapse_convergence,72,differential_evolution_staged_direct_search,True,182,-627.9765231494088,8,False,maxiter_budget
2025-03-28,M612,1604.279437473084,2004.3019822524784,21,16209.050055822632,16142.73194526606,16076.413834709489,66.31811055657208,0.0,0.0,16142.73194526606,127.41157934200913,0.0,3,1.275951299990993,1.4223322000034386,0,differential_evolution_staged_direct_search,True,17,-2268.569418380169,2,True,population_collapse_convergence,36,differential_evolution_staged_direct_search,True,92,-4455.600000000001,8,False,maxiter_budget,72,differential_evolution_staged_direct_search,True,162,-741.9501580003237,7,True,population_collapse_convergence
2025-03-29,M612,2004.3019822524784,1731.3332472457391,21,14888.51744463162,15281.726254076,14888.51744463162,0.0,393.2088094443808,0.0,15281.726254076,0.0,307.92015071296856,3,1.4442057999840472,1.602237300001434,0,differential_evolution_staged_direct_search,True,47,-1933.4455446842892,8,False,maxiter_budget,36,differential_evolution_staged_direct_search,True,92,-4455.600000000001,8,False,maxiter_budget,72,differential_evolution_staged_direct_search,True,182,-755.6343623205034,8,False,maxiter_budget
2025-03-30,M612,1731.3332472457391,1892.5200202309939,21,41923.8035184637,39327.21534419297,36730.627169922234,2596.5881742707343,0.0,0.0,39327.21534419297,9108.246381692305,0.0,3,1.2364253000123426,1.3940816999966046,0,differential_evolution_staged_direct_search,True,17,-4453.931223691948,2,True,population_collapse_convergence,36,differential_evolution_staged_direct_search,True,32,-2968.481321427189,2,True,population_collapse_convergence,72,differential_evolution_staged_direct_search,True,182,-658.9815050879565,8,False,maxiter_budget
2025-03-31,M612,1892.5200202309939,1920.0991498148137,21,36586.9407057831,38103.665462352146,36586.9407057831,0.0,1516.7247565690523,0.0,38103.665462352146,0.0,2111.3299872560424,3,1.3437504999892553,1.5124457000056282,0,differential_evolution_staged_direct_search,True,17,-4168.414381436819,2,True,population_collapse_convergence,36,differential_evolution_staged_direct_search,True,42,-3315.7598956928546,3,True,population_collapse_convergence,72,differential_evolution_staged_direct_search,True,182,-725.671114319371,8,False,maxiter_budget
2025-04-01,M612,1920.0991498148137,1917.8480883333295,21,44606.62420565942,42073.157177142595,39466.29787120019,2570.163167229613,36.696138712792546,0.0,42073.157177142595,8673.528210036216,33.0615315057147,3,1.3963392000005115,1.5440488000022015,0,differential_evolution_staged_direct_search,True,22,-4453.931223691947,3,True,population_collapse_convergence,36,differential_evolution_staged_direct_search,True,92,-2919.9480210093448,8,False,maxiter_budget,72,differential_evolution_staged_direct_search,True,182,-717.3215857575053,8,False,maxiter_budget
2025-04-02,M612,1917.8480883333295,1736.718710845701,21,41785.76859229074,40951.36076868482,40116.9529450789,834.4078236059268,0.0,0.0,40951.36076868482,3343.2410601892375,0.0,3,0.7281546000012895,0.8782213999947999,0,differential_evolution_staged_direct_search,True,22,-4453.931223691948,3,True,population_collapse_convergence,36,differential_evolution_staged_direct_search,True,42,-3200.0888892923726,3,True,population_collapse_convergence,72,differential_evolution_staged_direct_search,True,102,-710.1978597582981,4,True,population_collapse_convergence
2025-04-03,M612,1736.718710845701,1768.766281370571,21,43462.20136673522,40708.256813073895,37954.312259412574,2753.9445536613257,0.0,0.0,40708.256813073895,8709.970729710303,0.0,3,1.2673863000090932,1.4132551999937277,0,differential_evolution_staged_direct_search,True,17,-4453.931223691948,2,True,population_collapse_convergence,36,differential_evolution_staged_direct_search,True,82,-2997.4787094927965,7,True,population_collapse_convergence,72,differential_evolution_staged_direct_search,True,182,-658.6345075897431,8,False,maxiter_budget
2025-04-04,M612,1768.766281370571,1840.674579979071,21,14637.165023795027,14595.012411794534,14552.859799794041,42.152612000492404,0.0,0.0,14595.012411794534,78.48186929899907,0.0,3,1.2564655000169296,1.4052093999926,0,differential_evolution_staged_direct_search,True,12,-1789.3989217909675,1,True,population_collapse_convergence,36,differential_evolution_staged_direct_search,True,92,-4455.600000000001,8,False,maxiter_budget,72,differential_evolution_staged_direct_search,True,182,-759.1858166252907,8,False,maxiter_budget
2025-04-05,M612,1840.674579979071,1608.7920237672142,21,14486.802732719356,14462.679703505662,14438.55667429197,24.123029213693904,0.0,0.0,14462.679703505662,45.25228146493956,0.0,3,1.2376836999756051,1.3804034999920987,0,differential_evolution_staged_direct_search,True,17,-1634.3339421933135,2,True,population_collapse_convergence,36,differential_evolution_staged_direct_search,True,92,-4455.600000000001,8,False,maxiter_budget,72,differential_evolution_staged_direct_search,True,182,-786.2590994625604,8,False,maxiter_budget
2025-04-06,M612,1608.7920237672142,1642.105130740742,21,39897.601189856854,38893.1329745315,36450.89707881641,1723.3520555202222,718.8838401948678,0.0,38893.1329745315,6722.628761443097,544.179488810815,3,1.0981448000238743,1.2398574999970151,0,differential_evolution_staged_direct_search,True,22,-4454.581544036548,3,True,population_collapse_convergence,36,differential_evolution_staged_direct_search,True,32,-2823.939198213854,2,True,population_collapse_convergence,72,differential_evolution_staged_direct_search,True,182,-557.5993900977235,8,False,maxiter_budget
2025-04-07,M612,1642.105130740742,1642.4001711792785,21,34954.96796300677,36766.2943556063,34294.25958924685,330.35418687995775,2141.6805794794845,0.0,36766.2943556063,1475.7312427034026,2420.477651881328,3,1.1832810000050813,1.3283808999985922,0,differential_evolution_staged_direct_search,True,17,-4187.860779051991,2,True,population_collapse_convergence,36,differential_evolution_staged_direct_search,True,62,-3465.3056716114916,5,True,population_collapse_convergence,72,differential_evolution_staged_direct_search,True,182,-597.1160233284523,8,False,maxiter_budget
2025-04-08,M612,1642.4001711792785,1532.5541768436826,21,41365.30767311779,39143.20852631048,36921.10937950316,2222.099146807314,0.0,0.0,39143.20852631048,7637.3019592383125,0.0,3,1.2308644000004278,1.375041399995098,0,differential_evolution_staged_direct_search,True,17,-4455.009674110035,2,True,population_collapse_convergence,36,differential_evolution_staged_direct_search,True,52,-2716.6148723692468,4,True,population_collapse_convergence,72,differential_evolution_staged_direct_search,True,182,-638.768584858957,8,False,maxiter_budget
2025-04-09,M612,1532.5541768436826,1637.6980109109518,21,40383.467124615476,40435.65611767517,39384.4020127032,499.53255595613825,551.7215490158338,0.0,40435.65611767517,1365.6879479130264,771.0666658213727,3,1.1031060999957845,1.2535102999972878,0,differential_evolution_staged_direct_search,True,12,-4455.009674110035,1,True,population_collapse_convergence,36,differential_evolution_staged_direct_search,True,32,-2877.764707736649,2,True,population_collapse_convergence,72,differential_evolution_staged_direct_search,True,182,-625.9986754381227,8,False,maxiter_budget
2025-04-10,M612,1637.6980109109518,1857.7130002509564,21,39333.96066508556,38375.79692933595,36997.87503690449,1168.042814090536,209.87907834093045,0.0,38375.79692933595,3390.7345039829966,297.6164009207747,3,1.254084200001671,1.407344599996577,0,differential_evolution_staged_direct_search,True,17,-4455.100965669411,2,True,population_collapse_convergence,36,differential_evolution_staged_direct_search,True,92,-2952.700405213449,8,False,maxiter_budget,72,differential_evolution_staged_direct_search,True,182,-661.133662720774,8,False,maxiter_budget
2025-04-11,M612,1857.7130002509564,1428.9266902859877,21,13689.24870633401,13639.871874511377,13590.495040688738,49.37683282263631,1.0000015731037593e-06,0.0,13639.871874511377,92.49857260216805,8.362615597121252e-07,3,1.3027528999955393,1.450953200008371,0,differential_evolution_staged_direct_search,True,27,-1464.1820488286928,4,True,population_collapse_convergence,36,differential_evolution_staged_direct_search,True,92,-4455.600000000001,8,False,maxiter_budget,72,differential_evolution_staged_direct_search,True,182,-753.4919176228492,8,False,maxiter_budget
2025-04-12,M612,1428.9266902859877,2028.0147939858573,21,15193.703811038478,14900.175900641616,14606.647990244754,293.52791039686275,0.0,0.0,14900.175900641616,660.4645327067044,0.0,3,0.85127030001604,0.9967144999973243,0,differential_evolution_staged_direct_search,True,22,-1491.4470614608251,3,True,population_collapse_convergence,36,differential_evolution_staged_direct_search,True,92,-4455.600000000001,8,False,maxiter_budget,72,differential_evolution_staged_direct_search,True,102,-758.3525994770173,4,True,population_collapse_convergence
2025-04-13,M612,2028.0147939858573,1911.262158773566,21,36516.54546539366,36308.97571719372,36101.40596899378,207.5697481999423,0.0,0.0,36308.97571719372,910.9999118539031,0.0,3,1.162739799998235,1.31657450000057,0,differential_evolution_staged_direct_search,True,22,-4454.499942803254,3,True,population_collapse_convergence,36,differential_evolution_staged_direct_search,True,42,-2762.4855293358705,3,True,population_collapse_convergence,72,differential_evolution_staged_direct_search,True,182,-683.9069973810595,8,False,maxiter_budget
2025-04-14,M612,1911.262158773566,1744.6452275925926,21,39022.72857947672,36454.033801717436,33885.33902395815,2568.6947777592814,0.0,463.7505744265406,36917.78437614398,8350.099544496148,0.0,3,1.268288000006578,1.422138099995209,0,differential_evolution_staged_direct_search,True,17,-4454.516590547718,2,True,population_collapse_convergence,36,differential_evolution_staged_direct_search,True,62,-2789.974196986699,5,True,population_collapse_convergence,72,differential_evolution_staged_direct_search,True,182,-724.3976223797322,8,False,maxiter_budget
2025-04-15,M612,1744.6452275925926,2001.2884353836355,21,34238.66066112138,34921.259568960435,33788.95789905811,224.85138103163314,907.4502888706876,0.0,34921.259568960435,1058.5333577038982,838.9759810224704,3,1.3015925999789033,1.4875208000012208,0,differential_evolution_staged_direct_search,True,12,-4128.763449055412,1,True,population_collapse_convergence,36,differential_evolution_staged_direct_search,True,42,-3321.2151772924226,3,True,population_collapse_convergence,72,differential_evolution_staged_direct_search,True,182,-542.7567769902458,8,False,maxiter_budget
2025-04-16,M612,2001.2884353836355,1837.6396965924469,21,37619.77259300327,37714.09948339154,36528.506917757724,545.6328376227709,639.9597280110413,0.0,37714.09948339154,2406.7628506271476,490.9163248498497,3,1.0741769999876851,1.220556200001738,0,differential_evolution_staged_direct_search,True,17,-4454.01357982187,2,True,population_collapse_convergence,36,differential_evolution_staged_direct_search,True,22,-3312.9938392761187,1,True,population_collapse_convergence,72,differential_evolution_staged_direct_search,True,182,-519.64412907634,8,False,maxiter_budget
2025-04-17,M612,1837.6396965924469,1857.5457255986773,21,35247.861487836875,36170.27058138699,34951.975604051586,147.94294189264588,1070.352035442761,0.0,36170.27058138699,304.5670368846633,1521.3546897055023,3,1.2796970000053989,1.445409899999504,0,differential_evolution_staged_direct_search,True,47,-3882.7512152262684,8,False,maxiter_budget,36,differential_evolution_staged_direct_search,True,52,-3065.8562861926403,4,True,population_collapse_convergence,72,differential_evolution_staged_direct_search,True,182,-701.635697743203,8,False,maxiter_budget
2025-04-18,M612,1857.5457255986773,2160.9521282379505,21,13990.058479853582,13916.809468935273,13843.560458016964,73.24901091830863,0.0,0.0,13916.809468935273,142.5766403103806,0.0,3,1.2338300999836065,1.3800351999962004,0,differential_evolution_staged_direct_search,True,42,-1479.780748033929,7,True,population_collapse_convergence,36,differential_evolution_staged_direct_search,True,92,-4455.600000000001,8,False,maxiter_budget,72,differential_evolution_staged_direct_search,True,162,-744.7293727508367,7,True,population_collapse_convergence
2025-04-19,M612,2160.9521282379505,1920.5426451313551,21,13124.590584866584,13698.519544870927,13124.590584866586,0.0,573.9289600043421,0.0,13698.519544870927,0.0,433.741638685402,3,1.2948363999894354,1.4385305999894626,0,differential_evolution_staged_direct_search,True,17,-1458.5172010783358,2,True,population_collapse_convergence,36,differential_evolution_staged_direct_search,True,92,-4455.600000000001,8,False,maxiter_budget,72,differential_evolution_staged_direct_search,True,182,-731.6446708971936,8,False,maxiter_budget
2025-04-20,M612,1920.5426451313551,2033.7065642592615,21,35628.07451878097,35651.81901183077,35176.25688912983,225.9088148255726,249.65330787536743,0.0,35651.81901183077,971.7816806424557,216.56896744171905,3,1.2890299999999115,1.437644999998156,0,differential_evolution_staged_direct_search,True,12,-4418.794160457424,1,True,population_collapse_convergence,36,differential_evolution_staged_direct_search,True,92,-3040.7196054600086,8,False,maxiter_budget,72,differential_evolution_staged_direct_search,True,182,-637.4226348863306,8,False,maxiter_budget
2025-04-21,M612,2033.7065642592615,1604.3734641329916,21,38117.67681790222,36104.673053025865,34091.66928814951,2013.0037648763553,0.0,0.0,36104.673053025865,7061.979402746171,0.0,3,1.1209423999971477,1.2643652999977348,0,differential_evolution_staged_direct_search,True,22,-4454.845139387323,3,True,population_collapse_convergence,36,differential_evolution_staged_direct_search,True,32,-4150.343900619023,2,True,population_collapse_convergence,72,differential_evolution_staged_direct_search,True,182,-709.2987999873953,8,False,maxiter_budget
2025-04-22,M612,1604.3734641329916,1770.004924094435,21,33636.30459561838,34901.86549747755,33636.30459561838,0.0,1265.5609018591674,0.0,34901.86549747755,0.0,1468.696050370157,3,1.101656599988928,1.2472929000068689,0,differential_evolution_staged_direct_search,True,17,-4122.722859974752,2,True,population_collapse_convergence,36,differential_evolution_staged_direct_search,True,32,-3074.1536194485825,2,True,population_collapse_convergence,72,differential_evolution_staged_direct_search,True,182,-609.7625522677945,8,False,maxiter_budget
2025-04-23,M612,1770.004924094435,2087.4534185185175,21,32867.151539658116,34676.13720925689,32867.15153965811,0.0,1808.9856695987826,0.0,34676.13720925689,0.0,2518.1421395571647,3,1.1106096999865258,1.255151699995622,0,differential_evolution_staged_direct_search,True,17,-3730.8306937052644,2,True,population_collapse_convergence,36,differential_evolution_staged_direct_search,True,42,-2891.5718083250604,3,True,population_collapse_convergence,72,differential_evolution_staged_direct_search,True,182,-545.2581386918422,8,False,maxiter_budget
2025-04-24,M612,2087.4534185185175,1821.0852241883547,21,33913.972534359724,34283.14850504576,33347.25267537776,283.359929490983,652.5359001770205,0.0,34283.14850504576,1264.9364305608337,517.2516831902041,3,1.173537499998929,1.325827400010894,0,differential_evolution_staged_direct_search,True,32,-4140.797203580552,5,True,population_collapse_convergence,36,differential_evolution_staged_direct_search,True,32,-3590.955726241517,2,True,population_collapse_convergence,72,differential_evolution_staged_direct_search,True,182,-653.4381297073545,8,False,maxiter_budget
2025-04-25,M612,1821.0852241883547,1499.9894232277231,21,13466.029950252096,13109.955565249464,12753.881180246832,356.0743850026315,0.0,0.0,13109.955565249464,751.5579132475641,0.0,3,1.2569861999945715,1.4020700999972178,0,differential_evolution_staged_direct_search,True,17,-1178.3967064944359,2,True,population_collapse_convergence,36,differential_evolution_staged_direct_search,True,92,-4455.600000000001,8,False,maxiter_budget,72,differential_evolution_staged_direct_search,True,182,-764.885521577698,8,False,maxiter_budget
2025-04-26,M612,1499.9894232277231,1643.0797859488464,21,13494.918518809714,13438.202765401727,13381.487011993739,56.715753407988316,0.0,0.0,13438.202765401727,113.51273116271238,0.0,3,1.2628460999985691,1.4084712999901967,0,differential_evolution_staged_direct_search,True,22,-1230.1998048557869,3,True,population_collapse_convergence,36,differential_evolution_staged_direct_search,True,92,-4455.600000000001,8,False,maxiter_budget,72,differential_evolution_staged_direct_search,True,182,-777.5232839685126,8,False,maxiter_budget
2025-04-27,M612,1643.0797859488464,1529.322509444445,21,33472.92778293344,33506.3989032353,32819.21967980728,326.85405156308065,360.3251718649392,659.1328128815362,34165.531716116835,1187.0487744698967,254.24003336434544,3,1.3252886999980547,1.4718381000129739,0,differential_evolution_staged_direct_search,True,17,-4073.3916086061486,2,True,population_collapse_convergence,36,differential_evolution_staged_direct_search,True,92,-2589.338167964162,8,False,maxiter_budget,72,differential_evolution_staged_direct_search,True,182,-669.649097686309,8,False,maxiter_budget
2025-04-28,M612,1529.322509444445,1993.8015487080786,21,40764.48878058634,39442.5124018504,38120.536003883986,1321.9763883511755,9.615230383724339e-06,0.0,39442.5124018504,4708.087372785368,9.291424248658586e-06,3,1.2259099999937462,1.3878636000008555,0,differential_evolution_staged_direct_search,True,17,-4453.398264124929,2,True,population_collapse_convergence,36,differential_evolution_staged_direct_search,True,92,-2979.2782735751157,8,False,maxiter_budget,72,differential_evolution_staged_direct_search,True,162,-670.070219910265,7,True,population_collapse_convergence
2025-04-29,M612,1993.8015487080786,2007.734388888893,21,34565.74647049942,34902.359769741954,33848.71098455204,358.51774297369445,695.1310422162239,0.0,34902.359769741954,1523.8438899410671,555.9739159256266,3,1.2087069999834057,1.350398700000369,0,differential_evolution_staged_direct_search,True,22,-4145.571892542058,3,True,population_collapse_convergence,36,differential_evolution_staged_direct_search,True,42,-3793.085658921307,3,True,population_collapse_convergence,72,differential_evolution_staged_direct_search,True,182,-608.6897380132394,8,False,maxiter_budget
2025-04-30,M612,2007.734388888893,1501.278084074074,21,33255.323369757185,32767.891965697687,32280.460561638185,487.43140405950317,0.0,404.6437597538019,33172.53572545149,1151.101932243893,0.0,3,1.1685847000044305,1.3177185999957146,0,differential_evolution_staged_direct_search,True,17,-3621.2251471687314,2,True,population_collapse_convergence,36,differential_evolution_staged_direct_search,True,42,-3535.46509549954,3,True,population_collapse_convergence,72,differential_evolution_staged_direct_search,True,182,-704.0577141665965,8,True,maxiter_budget
2025-05-01,M612,1501.278084074074,1210.8405,21,35018.927860082695,34728.858237127206,34438.78861417172,290.069622955486,0.0,10500.713674644365,45229.57191177157,1000.9684156078381,0.0,3,1.4102453000086825,1.5723683000105666,0,differential_evolution_staged_direct_search,True,17,-4148.610713461981,2,True,population_collapse_convergence,36,differential_evolution_staged_direct_search,True,92,-3022.8032979497234,8,False,maxiter_budget,72,differential_evolution_staged_direct_search,True,182,-701.9392339148321,8,False,maxiter_budget
2025-05-02,M612,1210.8405,1200.0,21,15061.987783720342,14850.2883238547,14638.588863989062,211.69945986563934,0.0,6852.361988598493,21702.650312453192,421.4401539348572,0.0,3,1.2327537999954075,1.3794041000073776,0,differential_evolution_staged_direct_search,True,27,-1506.6760698241746,4,True,population_collapse_convergence,36,differential_evolution_staged_direct_search,True,42,-4406.549703495182,3,True,population_collapse_convergence,72,differential_evolution_staged_direct_search,True,182,-311.304059447763,8,False,maxiter_budget
2025-05-03,M612,1200.0,1216.2882212962963,21,14204.4969862562,14068.966949193888,13933.436912131578,135.53003706230888,0.0,7985.493847083591,22054.46079627748,258.77387810674776,0.0,3,1.2687657999922521,1.4646219999995083,0,differential_evolution_staged_direct_search,True,17,-1428.4157440797094,2,True,population_collapse_convergence,36,differential_evolution_staged_direct_search,True,92,-4455.600000000001,8,False,maxiter_budget,72,differential_evolution_staged_direct_search,True,182,7.858689273311895,8,False,maxiter_budget
2025-05-04,M612,1216.2882212962963,1257.9569999999999,21,37104.122747352565,35458.544817268325,33812.96688718407,1645.577930084245,0.0,9772.997971615863,45231.54278888419,5798.505070651532,0.0,3,1.2485458999872208,1.4031897999957437,0,differential_evolution_staged_direct_search,True,12,-4438.187247181339,1,True,population_collapse_convergence,36,differential_evolution_staged_direct_search,True,32,-4432.23290251614,2,True,population_collapse_convergence,72,differential_evolution_staged_direct_search,True,182,172.32516755886496,8,False,maxiter_budget
2025-05-05,M612,1257.9569999999999,1230.6944999999998,21,38656.90801430227,37115.70832624228,35574.50863818229,1541.1996880599952,0.0,7630.731308598417,44746.4396348407,4596.014520152614,0.0,3,1.1523803000018233,1.308161699998891,0,differential_evolution_staged_direct_search,True,17,-4452.9719625384105,2,True,population_collapse_convergence,36,differential_evolution_staged_direct_search,True,42,-3491.5208405294115,3,True,population_collapse_convergence,72,differential_evolution_staged_direct_search,True,182,407.1436616544435,8,False,maxiter_budget
2025-05-06,M612,1230.6944999999998,1200.0,21,33595.839792418,34782.21938920207,33595.839792418,0.0,1186.379596784063,8082.8139237362175,42865.03331293829,0.0,1537.6960225898665,3,1.0958751999860397,1.239660899998853,0,differential_evolution_staged_direct_search,True,17,-3656.224780802175,2,True,population_collapse_convergence,36,differential_evolution_staged_direct_search,True,32,-2737.5242181696676,2,True,population_collapse_convergence,72,differential_evolution_staged_direct_search,True,182,789.4109767748956,8,False,maxiter_budget
2025-05-07,M612,1200.0,1353.0848999999998,21,36315.737733845504,36773.41012844267,36315.737733845504,0.0,457.6723945971649,4822.9487786625,41596.358907105176,0.0,680.5079339738968,3,1.2590161999833072,1.407313499992597,0,differential_evolution_staged_direct_search,True,17,-4148.622209699611,2,True,population_collapse_convergence,36,differential_evolution_staged_direct_search,True,92,-2985.0225283592717,8,False,maxiter_budget,72,differential_evolution_staged_direct_search,True,182,172.27298666755868,8,False,maxiter_budget
2025-05-08,M612,1353.0848999999998,2729.425615916627,21,42019.14240781568,40514.871524558606,39010.60064130153,1504.2708832570747,0.0,556.4308677666662,41071.30239232527,6080.450266590844,0.0,3,1.0852833000099054,1.2266287999955239,0,differential_evolution_staged_direct_search,True,17,-4454.308225980993,2,True,population_collapse_convergence,36,differential_evolution_staged_direct_search,True,32,-3059.904826603629,2,True,population_collapse_convergence,72,differential_evolution_staged_direct_search,True,182,769.028239022515,8,False,maxiter_budget
2025-05-09,M612,2729.425615916627,3322.0550511859337,21,16458.518820499332,16415.73622658719,16372.953630675047,42.78259491214153,9.999989067921433e-07,267.3859096913661,16683.122136278555,90.33681112585555,8.362593299817221e-07,3,1.3795206999930087,1.5281758999917656,0,differential_evolution_staged_direct_search,True,17,-1429.8225762585566,2,True,population_collapse_convergence,36,differential_evolution_staged_direct_search,True,92,-4455.600000000001,8,False,maxiter_budget,72,differential_evolution_staged_direct_search,True,182,709.2081807539214,8,False,maxiter_budget
2025-05-10,M612,3322.0550511859337,3080.4026029187085,21,16202.135380791984,16357.388291052806,16202.135380791984,0.0,155.25291026082368,263.54470849571567,16620.93299954852,0.0,121.72172964109154,3,1.148741799988784,1.2967250000074273,0,differential_evolution_staged_direct_search,True,17,-1431.418381131546,2,True,population_collapse_convergence,36,differential_evolution_staged_direct_search,True,32,-4454.762100075286,2,True,population_collapse_convergence,72,differential_evolution_staged_direct_search,True,182,638.896477411673,8,False,maxiter_budget
2025-05-11,M612,3080.4026029187085,2789.1167520370386,21,40156.97852458224,39051.603423959365,37588.52399283152,1284.2272658753632,178.8521652524793,185.28330416666628,39236.88672812603,5242.616026154023,147.56818847056468,3,1.3054951000085566,1.4503919999988284,0,differential_evolution_staged_direct_search,True,17,-4454.376137209389,2,True,population_collapse_convergence,36,differential_evolution_staged_direct_search,True,92,-3433.590706021894,8,False,maxiter_budget,72,differential_evolution_staged_direct_search,True,182,967.1776649450129,8,False,maxiter_budget
2025-05-12,M612,2789.1167520370386,2942.487026296298,21,35941.59129161801,36732.255253441384,35685.49795598938,128.0466678143149,918.710629637681,0.0,36732.255253441384,622.6436557953557,790.7187826371635,3,1.3070939000026556,1.4546582000039052,0,differential_evolution_staged_direct_search,True,17,-3972.996686923282,2,True,population_collapse_convergence,36,differential_evolution_staged_direct_search,True,92,-3567.460784018713,8,False,maxiter_budget,72,differential_evolution_staged_direct_search,True,182,842.0162612366215,8,False,maxiter_budget
2025-05-13,M612,2942.487026296298,3111.853442962962,21,41222.298995703306,39679.86319754797,37358.85206013189,1931.7234677857045,389.28766963037094,0.0,39679.86319754797,7668.968435429137,367.0538293594685,3,1.1162363000039477,1.267274300000281,0,differential_evolution_staged_direct_search,True,17,-4453.65645477964,2,True,population_collapse_convergence,36,differential_evolution_staged_direct_search,True,22,-3540.3032738865886,1,True,population_collapse_convergence,72,differential_evolution_staged_direct_search,True,182,738.5172333978752,8,False,maxiter_budget
2025-05-14,M612,3111.853442962962,2867.9762578435166,21,40684.5847258082,38984.47187703579,37284.359016196446,1700.1128548058773,6.033456113684111e-06,0.0,38984.47187703579,5724.792582947597,5.830271163631551e-06,3,1.3173126999899978,1.4836044999974547,0,differential_evolution_staged_direct_search,True,17,-4325.764834033982,2,True,population_collapse_convergence,36,differential_evolution_staged_direct_search,True,92,-3097.012551638834,8,False,maxiter_budget,72,differential_evolution_staged_direct_search,True,182,280.24318705104116,8,False,maxiter_budget
2025-05-15,M612,2867.9762578435166,3237.7406870091418,21,39995.46354366245,39121.92956349616,37927.90744903796,1033.7780473122446,160.24406714595514,0.0,39121.92956349616,2725.524337852048,229.149245167961,3,1.4330617999803508,1.5862376000004588,0,differential_evolution_staged_direct_search,True,17,-4167.371538376932,2,True,population_collapse_convergence,36,differential_evolution_staged_direct_search,True,92,-3586.5123408501586,8,False,maxiter_budget,72,differential_evolution_staged_direct_search,True,182,268.2961167170786,8,False,maxiter_budget
2025-05-16,M612,3237.7406870091418,2351.9725179507764,21,16263.201777789865,15832.8712150804,15402.540652370937,430.3305627094644,0.0,0.0,15832.8712150804,835.214668739445,0.0,3,1.4036244000162696,1.576382699990063,0,differential_evolution_staged_direct_search,True,22,-1068.504230965523,3,True,population_collapse_convergence,36,differential_evolution_staged_direct_search,True,92,-4455.600000000001,8,False,maxiter_budget,72,differential_evolution_staged_direct_search,True,182,209.66939210112582,8,False,maxiter_budget
2025-05-17,M612,2351.9725179507764,2671.6634693886112,21,16636.29277862335,16374.446583428518,16112.600388233688,261.84619519482914,0.0,0.0,16374.446583428518,508.2497869351545,0.0,3,1.1750630999886198,1.322181300012744,0,differential_evolution_staged_direct_search,True,17,-1116.7668108962303,2,True,population_collapse_convergence,36,differential_evolution_staged_direct_search,True,42,-4455.284401808372,3,True,population_collapse_convergence,72,differential_evolution_staged_direct_search,True,182,338.9239878680204,8,False,maxiter_budget
2025-05-18,M612,2671.6634693886112,2904.5778481889615,21,41708.98816118499,39910.63880922134,38112.28945725768,1798.3493519636556,0.0,0.0,39910.63880922134,6903.485129508896,0.0,3,1.6225300999794854,1.7811802000069292,0,differential_evolution_staged_direct_search,True,22,-4452.499917126594,3,True,population_collapse_convergence,36,differential_evolution_staged_direct_search,True,92,-3343.0279320194927,8,False,maxiter_budget,72,differential_evolution_staged_direct_search,True,182,427.00317028316897,8,False,maxiter_budget
2025-05-19,M612,2904.5778481889615,2517.9960746296306,21,37418.15415835411,37139.29600962723,36341.862709040666,538.1457246567251,259.287575929833,0.0,37139.29600962723,2449.583492089452,234.09894675702026,3,1.1744304999883752,1.3257049999956507,0,differential_evolution_staged_direct_search,True,17,-4453.646117243387,2,True,population_collapse_convergence,36,differential_evolution_staged_direct_search,True,32,-3787.5177459681677,2,True,population_collapse_convergence,72,differential_evolution_staged_direct_search,True,182,287.8112222079873,8,False,maxiter_budget
2025-05-20,M612,2517.9960746296306,2582.8664400000007,21,37417.34622408531,37975.01474609805,37257.899581828926,79.72332112819606,637.3918431409274,0.0,37975.01474609805,353.31145463075285,624.195739960082,3,1.2019236000196543,1.357010799998534,0,differential_evolution_staged_direct_search,True,12,-4145.358735482157,1,True,population_collapse_convergence,36,differential_evolution_staged_direct_search,True,52,-3475.5887549779545,4,True,population_collapse_convergence,72,differential_evolution_staged_direct_search,True,182,28.897920754278434,8,False,maxiter_budget
2025-05-21,M612,2582.8664400000007,2660.510076666668,21,35822.74992995072,36779.313373346056,35728.35139924487,47.199265352923014,1003.762708748261,0.0,36779.313373346056,229.51259592960378,944.951172616208,3,1.137705899993307,1.2896542999951635,0,differential_evolution_staged_direct_search,True,17,-3351.812436114485,2,True,population_collapse_convergence,36,differential_evolution_staged_direct_search,True,32,-2744.629225938799,2,True,population_collapse_convergence,72,differential_evolution_staged_direct_search,True,182,311.83926022511775,8,False,maxiter_budget
2025-05-22,M612,2660.510076666668,2810.2977425241947,21,37021.21058077496,36690.90340030196,36360.59621982897,330.307180472994,0.0,0.0,36690.90340030196,879.8395404054036,0.0,3,1.2200730000040494,1.3645785999979125,0,differential_evolution_staged_direct_search,True,17,-4149.12246311244,2,True,population_collapse_convergence,36,differential_evolution_staged_direct_search,True,42,-3574.882895319691,3,True,population_collapse_convergence,72,differential_evolution_staged_direct_search,True,182,35.18059529470404,8,False,maxiter_budget
2025-05-23,M612,2810.2977425241947,3410.273942724858,21,15528.805737192932,16091.56244354688,15528.805737192934,0.0,562.7567063539467,0.0,16091.56244354688,0.0,436.54782671542057,3,1.7645876000024145,1.9439715999906184,0,differential_evolution_staged_direct_search,True,27,-1128.4840717666718,4,True,population_collapse_convergence,36,differential_evolution_staged_direct_search,True,92,-4455.600000000001,8,False,maxiter_budget,72,differential_evolution_staged_direct_search,True,182,339.58011310129245,8,False,maxiter_budget
2025-05-24,M612,3410.273942724858,3151.384612976082,21,16156.148319566115,15861.206991843794,15566.265664121467,294.941327722324,0.0,0.0,15861.206991843794,537.271636032907,0.0,3,1.5108932000002824,1.6831089000042994,0,differential_evolution_staged_direct_search,True,17,-1043.9795325235018,2,True,population_collapse_convergence,36,differential_evolution_staged_direct_search,True,92,-4455.600000000001,8,False,maxiter_budget,72,differential_evolution_staged_direct_search,True,182,-22.88094012138074,8,False,maxiter_budget
2025-05-25,M612,3151.384612976082,2605.962408888889,21,37145.315013476655,36481.23866717851,35761.36456798156,691.9752227475451,27.898876449404398,84.05219626666586,36565.29086344518,3118.9081330637105,24.97688945560077,3,1.4844557000033092,1.662334099994041,0,differential_evolution_staged_direct_search,True,17,-4451.64404493861,2,True,population_collapse_convergence,36,differential_evolution_staged_direct_search,True,42,-3727.593208570887,3,True,population_collapse_convergence,72,differential_evolution_staged_direct_search,True,182,294.81070472206613,8,False,maxiter_budget
2025-05-26,M612,2605.962408888889,2755.259756823328,21,36531.2541320076,38824.563918699656,36531.2541320076,0.0,2293.3097866920543,0.0,38824.563918699656,0.0,3257.6436963507817,3,1.5398333999910392,1.736125900002662,0,differential_evolution_staged_direct_search,True,17,-4190.514320174894,2,True,population_collapse_convergence,36,differential_evolution_staged_direct_search,True,92,-2389.93385140244,8,False,maxiter_budget,72,differential_evolution_staged_direct_search,True,182,-93.5487131177151,8,False,maxiter_budget
2025-05-27,M612,2755.259756823328,2146.939675857572,21,35041.6095413508,35440.60089615352,34726.03069245394,157.7894244484317,556.780779251145,0.0,35440.60089615352,261.7534637462671,796.1973105264477,3,1.2589719999814406,1.4343682999897283,0,differential_evolution_staged_direct_search,True,12,-3496.0512073771133,1,True,population_collapse_convergence,36,differential_evolution_staged_direct_search,True,32,-3410.018841197333,2,True,population_collapse_convergence,72,differential_evolution_staged_direct_search,True,182,128.3958096175776,8,False,maxiter_budget
2025-05-28,M612,2146.939675857572,2452.5265579629645,21,38632.45181534961,37560.44754352053,36298.107068865895,1167.1723732418548,95.16810141277827,0.0,37560.44754352053,5092.163561760723,70.94137543104587,3,1.139207100000931,1.285753799995291,0,differential_evolution_staged_direct_search,True,12,-4453.646117243387,1,True,population_collapse_convergence,36,differential_evolution_staged_direct_search,True,42,-2510.7642978116974,3,True,population_collapse_convergence,72,differential_evolution_staged_direct_search,True,182,-271.8069166169689,8,False,maxiter_budget
2025-05-29,M612,2452.5265579629645,1680.8202299999998,21,37344.352497870466,36654.59735714317,35880.611766791284,731.8703655395917,42.11522481229682,169.69994559880678,36824.29730274197,2780.859071100771,60.22482724809885,3,1.2647603000077652,1.4311661000101594,0,differential_evolution_staged_direct_search,True,22,-4453.646117243387,3,True,population_collapse_convergence,36,differential_evolution_staged_direct_search,True,32,-3011.4810009186685,2,True,population_collapse_convergence,72,differential_evolution_staged_direct_search,True,182,-711.5767368838596,8,False,maxiter_budget
2025-05-30,M612,1680.8202299999998,2315.5937843065835,21,15568.907415718819,15443.318922759694,15317.730429800567,125.58849295912515,0.0,0.0,15443.318922759694,210.79180364835605,0.0,3,1.4948224000108894,1.6661233999911929,0,differential_evolution_staged_direct_search,True,12,-1140.3175530969597,1,True,population_collapse_convergence,36,differential_evolution_staged_direct_search,True,92,-4455.600000000001,8,False,maxiter_budget,72,differential_evolution_staged_direct_search,True,182,-853.2466650106925,8,False,maxiter_budget
2025-05-31,M612,2315.5937843065835,2255.5819797779945,21,16651.511561726376,15918.731329344959,15185.951096963538,732.7802323814208,0.0,0.0,15918.731329344959,1598.543874148167,0.0,3,0.9788369000016246,1.1239488999999594,0,differential_evolution_staged_direct_search,True,17,-1458.2026066509816,2,True,population_collapse_convergence,36,differential_evolution_staged_direct_search,True,92,-4455.600000000001,8,False,maxiter_budget,72,differential_evolution_staged_direct_search,True,122,-865.7868268674835,5,True,population_collapse_convergence
2025-06-01,M612,2255.5819797779945,1200.0,21,47612.11229682254,45562.201504613724,42318.289909511754,2646.9111936553904,597.0004014465812,24949.40497674665,70511.60648136037,7480.181980632442,495.75033111696473,3,1.3288421999895945,1.499071999991429,0,differential_evolution_staged_direct_search,True,12,-4454.154678915149,1,True,population_collapse_convergence,36,differential_evolution_staged_direct_search,True,92,-2384.606042447866,8,False,maxiter_budget,72,differential_evolution_staged_direct_search,True,162,-666.1290686409195,7,True,population_collapse_convergence
2025-06-02,M612,1200.0,1200.0,21,48955.9386229792,45635.84712147656,42315.75561997393,3320.0915015026385,0.0,17873.214303435598,63509.06142491216,10203.499179163133,0.0,3,1.3428815999941435,1.5064340999961132,0,differential_evolution_staged_direct_search,True,12,-4436.774004990438,1,True,population_collapse_convergence,36,differential_evolution_staged_direct_search,True,92,-3335.493867851266,8,False,maxiter_budget,72,differential_evolution_staged_direct_search,True,182,257.65328147873015,8,False,maxiter_budget
2025-06-03,M612,1200.0,1200.0,21,45009.39644648436,43555.033717049606,42100.67098761486,1454.3627294347486,0.0,18849.224118685746,62404.25783573535,5160.218114015391,0.0,3,1.1589589999930467,1.299134300003061,0,differential_evolution_staged_direct_search,True,12,-4420.011393910751,1,True,population_collapse_convergence,36,differential_evolution_staged_direct_search,True,42,-2710.45750027274,3,True,population_collapse_convergence,72,differential_evolution_staged_direct_search,True,182,1197.3158440858872,8,False,maxiter_budget
2025-06-04,M612,1200.0,1200.0,21,52135.31854319952,48035.61350784699,43935.90847249444,4099.705035352545,0.0,12495.838976568197,60531.45248441519,11873.829840662494,0.0,3,1.1467245000094408,1.2954179999942426,0,differential_evolution_staged_direct_search,True,17,-4412.2325564661005,2,True,population_collapse_convergence,36,differential_evolution_staged_direct_search,True,32,-2941.1789479269173,2,True,population_collapse_convergence,72,differential_evolution_staged_direct_search,True,182,1312.6369563484775,8,False,maxiter_budget
2025-06-05,M612,1200.0,1200.0,21,45227.60415212932,45392.52052731835,44089.7005567016,568.9517977138647,733.868172902896,13937.365915388658,59329.88644270701,2220.319379932673,598.0108107986142,3,1.5279815000103554,1.6942898000124842,0,differential_evolution_staged_direct_search,True,12,-4403.746892136603,1,True,population_collapse_convergence,36,differential_evolution_staged_direct_search,True,92,-2964.877197868717,8,False,maxiter_budget,72,differential_evolution_staged_direct_search,True,182,1996.292959277385,8,False,maxiter_budget
2025-06-06,M612,1200.0,1217.4015067769167,21,19598.279330764977,19320.331570020528,18785.40497355874,406.43717860311926,128.48941785866975,11039.316312351963,30359.64788237249,819.8006781067121,108.14785527876367,3,1.4618571999890264,1.6647021999960998,0,differential_evolution_staged_direct_search,True,12,-1594.5806801830684,1,True,population_collapse_convergence,36,differential_evolution_staged_direct_search,True,52,-4194.385369025304,4,True,population_collapse_convergence,72,differential_evolution_staged_direct_search,True,182,794.8229790471709,8,False,maxiter_budget
2025-06-07,M612,1217.4015067769167,1342.1828953291058,21,21888.802858158288,21657.701496395362,21426.600134632437,231.1013617629246,0.0,8131.048296316771,29788.749792712133,887.2427312336694,0.0,3,1.4476517000002787,1.6168852999981027,0,differential_evolution_staged_direct_search,True,17,-3637.597355292447,2,True,population_collapse_convergence,36,differential_evolution_staged_direct_search,True,92,-4455.600000000001,8,False,maxiter_budget,72,differential_evolution_staged_direct_search,True,182,1140.5875803106626,8,False,maxiter_budget
2025-06-08,M612,1342.1828953291058,3741.648220185184,21,50987.49272918918,50514.47773220785,47547.31797187648,1720.0873786563488,1247.0723816750146,387.5371005083338,50902.01483271619,6803.375729500252,1222.3669455177435,3,1.1748256999853766,1.3314172999962466,0,differential_evolution_staged_direct_search,True,22,-4440.221052420941,3,True,population_collapse_convergence,36,differential_evolution_staged_direct_search,True,32,-3503.598596135644,2,True,population_collapse_convergence,72,differential_evolution_staged_direct_search,True,182,1235.1370608682814,8,False,maxiter_budget
2025-06-09,M612,3741.648220185184,3456.9995203703706,21,56534.51379317946,54286.731832525846,52038.94987187223,2247.78196065361,0.0,0.0,54286.731832525846,6558.723707797188,0.0,3,1.335899600017001,1.4779303999966942,0,differential_evolution_staged_direct_search,True,17,-4441.080598023063,2,True,population_collapse_convergence,36,differential_evolution_staged_direct_search,True,92,-3370.6150551766,8,False,maxiter_budget,72,differential_evolution_staged_direct_search,True,182,637.2449217862963,8,False,maxiter_budget
2025-06-10,M612,3456.9995203703706,3482.0000478461566,21,52327.329689213795,52219.67470535572,52112.01972149765,107.6549838580705,0.0,0.0,52219.67470535572,422.70990978687723,0.0,3,1.3503926999983378,1.4976501000055578,0,differential_evolution_staged_direct_search,True,22,-4441.916501900326,3,True,population_collapse_convergence,36,differential_evolution_staged_direct_search,True,92,-3288.685773117226,8,False,maxiter_budget,72,differential_evolution_staged_direct_search,True,182,1416.1783547654313,8,False,maxiter_budget
2025-06-11,M612,3482.0000478461566,3500.2818514146525,21,56705.13506293936,57169.2288627482,55426.17863748598,639.4782127266876,1103.5720125355338,0.0,57169.2288627482,1373.5225290823166,885.359798242225,3,1.1403737000073306,1.2859881000040332,0,differential_evolution_staged_direct_search,True,17,-4442.64739765046,2,True,population_collapse_convergence,36,differential_evolution_staged_direct_search,True,32,-2168.720744046582,2,True,population_collapse_convergence,72,differential_evolution_staged_direct_search,True,182,447.67817530857326,8,False,maxiter_budget
2025-06-12,M612,3500.2818514146525,3850.8528570743338,21,54810.91083778197,54014.636215195045,53218.361592608104,796.2746225869366,0.0,0.0,54014.636215195045,2382.899978433792,0.0,3,1.1193492000020342,1.2626535999879707,0,differential_evolution_staged_direct_search,True,17,-4442.513191218166,2,True,population_collapse_convergence,36,differential_evolution_staged_direct_search,True,42,-3290.0473264869956,3,True,population_collapse_convergence,72,differential_evolution_staged_direct_search,True,182,736.084640017183,8,False,maxiter_budget
2025-06-13,M612,3850.8528570743338,4002.4339977962068,21,24102.62325891519,23910.60288250193,23718.58250608867,192.0203764132598,0.0,0.0,23910.60288250193,320.40896692201056,0.0,3,1.318390400003409,1.4589430000050925,0,differential_evolution_staged_direct_search,True,27,-1850.3241153524064,4,True,population_collapse_convergence,36,differential_evolution_staged_direct_search,True,92,-3995.860748470749,8,False,maxiter_budget,72,differential_evolution_staged_direct_search,True,182,857.7331932394561,8,False,maxiter_budget
2025-06-14,M612,4002.4339977962068,3805.4856820738255,21,24393.430809296005,24050.356323268486,23707.281837240967,343.07448602751685,0.0,0.0,24050.356323268486,630.5268334572233,0.0,3,1.240592900008778,1.3794525999983307,0,differential_evolution_staged_direct_search,True,22,-2055.9606667708044,3,True,population_collapse_convergence,36,differential_evolution_staged_direct_search,True,92,-4455.600000000001,8,False,maxiter_budget,72,differential_evolution_staged_direct_search,True,182,406.0742365505938,8,False,maxiter_budget
2025-06-15,M612,3805.4856820738255,4170.020498140903,21,50651.54555241151,53261.866138633035,50609.37221834118,21.086667035165014,2631.4072532566975,0.0,53261.866138633035,62.25841542438275,3506.1221910938357,3,1.106729400009499,1.2493411999894306,0,differential_evolution_staged_direct_search,True,27,-4442.040610231388,4,True,population_collapse_convergence,36,differential_evolution_staged_direct_search,True,32,-2989.8417021422974,2,True,population_collapse_convergence,72,differential_evolution_staged_direct_search,True,182,632.5706782035486,8,False,maxiter_budget
2025-06-16,M612,4170.020498140903,3679.2147860854425,21,52900.74912368371,53058.75460043102,52210.669891033875,345.03961632491746,503.04509307221906,0.0,53058.75460043102,664.0064328487483,610.8089371057853,3,1.0847310000099242,1.2246652000030736,0,differential_evolution_staged_direct_search,True,17,-4442.266325189446,2,True,population_collapse_convergence,36,differential_evolution_staged_direct_search,True,32,-2597.465767560839,2,True,population_collapse_convergence,72,differential_evolution_staged_direct_search,True,182,827.6066039543714,8,False,maxiter_budget
2025-06-17,M612,3679.2147860854425,3524.9293440764395,21,53540.078960548715,54459.14430044592,53064.9323061494,237.57332719965808,1156.6386670968632,36.60226710762418,54495.74656755354,477.5903771833122,1413.8059771169235,3,1.4129797999776201,1.5595930999988923,0,differential_evolution_staged_direct_search,True,17,-4439.307342370713,2,True,population_collapse_convergence,36,differential_evolution_staged_direct_search,True,92,-3060.3981526332523,8,False,maxiter_budget,72,differential_evolution_staged_direct_search,True,182,1044.8213085203527,8,False,maxiter_budget
2025-06-18,M612,3524.9293440764395,3631.913233363966,21,54210.90480820433,53480.44557940626,51889.417276406755,1160.7437658987853,430.28453710071943,0.0,53480.44557940626,3340.4626723568485,368.181918661713,3,1.2905665999860503,1.436304899994866,0,differential_evolution_staged_direct_search,True,27,-4440.904227202221,4,True,population_collapse_convergence,36,differential_evolution_staged_direct_search,True,92,-2908.0194882686505,8,False,maxiter_budget,72,differential_evolution_staged_direct_search,True,182,1393.7144878449387,8,False,maxiter_budget
2025-06-19,M612,3631.913233363966,3691.595995312242,21,51078.19734381665,52385.241631071316,48457.45036393094,1310.3734899428546,2617.417777197519,1.0355553083300035,52386.277186379644,3771.3439382318593,2381.461330518918,3,1.1240510000061477,1.266225300001679,0,differential_evolution_staged_direct_search,True,22,-4440.083692921859,3,True,population_collapse_convergence,36,differential_evolution_staged_direct_search,True,42,-3377.6010871772764,3,True,population_collapse_convergence,72,differential_evolution_staged_direct_search,True,182,1769.6509657353454,8,False,maxiter_budget
2025-06-20,M612,3691.595995312242,4016.5305066584356,21,23516.02654224544,23208.086637186185,22900.146732126923,307.93990505925893,0.0,0.0,23208.086637186185,518.4029845952341,0.0,3,1.241752500005532,1.3832719999918481,0,differential_evolution_staged_direct_search,True,17,-1516.4417542151355,2,True,population_collapse_convergence,36,differential_evolution_staged_direct_search,True,92,-4454.130662456827,8,False,maxiter_budget,72,differential_evolution_staged_direct_search,True,182,619.0799619441308,8,False,maxiter_budget
2025-06-21,M612,4016.5305066584356,4571.601371775228,21,22993.88745991912,22796.54817747842,22599.208895037726,197.33928244069634,0.0,0.0,22796.54817747842,314.20951288395213,0.0,3,1.2683164999762084,1.413286999988486,0,differential_evolution_staged_direct_search,True,22,-1592.4007599074002,3,True,population_collapse_convergence,36,differential_evolution_staged_direct_search,True,92,-4455.600000000001,8,False,maxiter_budget,72,differential_evolution_staged_direct_search,True,182,881.4515916665811,8,False,maxiter_budget
2025-06-22,M612,4571.601371775228,3738.675093060176,21,48255.64501975743,49652.083790955796,47023.19273851328,616.226140622076,2012.664911820442,0.0,49652.083790955796,2653.078281840385,1812.8789265895757,3,1.1078969999798574,1.252320100000361,0,differential_evolution_staged_direct_search,True,12,-4435.839806393159,1,True,population_collapse_convergence,36,differential_evolution_staged_direct_search,True,42,-3686.0807874763427,3,True,population_collapse_convergence,72,differential_evolution_staged_direct_search,True,182,1911.5045278454008,8,False,maxiter_budget
2025-06-23,M612,3738.675093060176,2956.731856594773,21,50136.24888646594,49198.04947923173,48259.85007199754,938.1994072342013,0.0,0.0,49198.04947923173,3107.3452382896344,0.0,3,1.1257054999878164,1.2656814000074519,0,differential_evolution_staged_direct_search,True,32,-4423.939079365704,5,True,population_collapse_convergence,36,differential_evolution_staged_direct_search,True,42,-3260.547195719304,3,True,population_collapse_convergence,72,differential_evolution_staged_direct_search,True,182,1421.1916468214995,8,False,maxiter_budget
2025-06-24,M612,2956.731856594773,3061.269743811272,21,57553.406374820705,56190.751000706245,54828.09562659179,1362.6553741144583,0.0,10.808156129136906,56201.559156835385,3738.132521047506,0.0,3,1.0969323000026634,1.2337690999993356,0,differential_evolution_staged_direct_search,True,17,-4419.557525711706,2,True,population_collapse_convergence,36,differential_evolution_staged_direct_search,True,42,-2830.476546613002,3,True,population_collapse_convergence,72,differential_evolution_staged_direct_search,True,182,1461.661318434409,8,False,maxiter_budget
2025-06-25,M612,3061.269743811272,2712.9502886653513,21,49409.22227156703,50616.35355505333,47962.83448864464,723.1938914611906,1930.325174947487,450.89045485429324,51067.24400990762,2644.0677349698854,1651.547528247209,3,1.0904774999944493,1.2304550999979256,0,differential_evolution_staged_direct_search,True,12,-4407.646826469442,1,True,population_collapse_convergence,36,differential_evolution_staged_direct_search,True,42,-3303.6233399820035,3,True,population_collapse_convergence,72,differential_evolution_staged_direct_search,True,182,2154.8351578184424,8,False,maxiter_budget
2025-06-26,M612,2712.9502886653513,2265.0946801093673,21,48293.61557889463,48715.50611771717,47615.61179642245,339.0018912360913,760.8924300586294,119.4183810717722,48834.92449878894,1329.2736699734123,761.4489387778359,3,1.0954050000145799,1.2394356000004336,0,differential_evolution_staged_direct_search,True,17,-4417.3911471137735,2,True,population_collapse_convergence,36,differential_evolution_staged_direct_search,True,42,-3205.7798102295937,3,True,population_collapse_convergence,72,differential_evolution_staged_direct_search,True,182,1369.648077635229,8,False,maxiter_budget
2025-06-27,M612,2265.0946801093673,2444.6655608712786,21,21409.178195633212,20690.6264291747,19972.074662716186,718.5517664585118,0.0,0.0,20690.6264291747,1701.0972526236599,0.0,3,1.2339645999891218,1.3745280000002822,0,differential_evolution_staged_direct_search,True,17,-1789.2097171137073,2,True,population_collapse_convergence,36,differential_evolution_staged_direct_search,True,92,-4455.600000000001,8,False,maxiter_budget,72,differential_evolution_staged_direct_search,True,182,647.1904584901098,8,False,maxiter_budget
2025-06-28,M612,2444.6655608712786,2036.2964788415811,21,19854.52026811019,19695.351404179506,19536.182540248818,159.16886393068722,0.0,0.0,19695.351404179506,295.7081731907066,0.0,3,1.051768200006336,1.1941634999966482,0,differential_evolution_staged_direct_search,True,12,-1377.3418826660525,1,True,population_collapse_convergence,36,differential_evolution_staged_direct_search,True,32,-4308.004190764195,2,True,population_collapse_convergence,72,differential_evolution_staged_direct_search,True,182,-73.35749428932567,8,False,maxiter_budget
2025-06-29,M612,2036.2964788415811,2035.4736757641185,21,45483.88178721046,48048.13603552688,44449.922883301595,516.9794519544297,3081.2337002708464,111.63123082500024,48159.767266351875,1336.1806001144894,2840.703374596832,3,1.2890448999969522,1.4392991999920923,0,differential_evolution_staged_direct_search,True,27,-4454.581948224575,4,True,population_collapse_convergence,36,differential_evolution_staged_direct_search,True,92,-3301.645568471018,8,False,maxiter_budget,72,differential_evolution_staged_direct_search,True,182,-599.0034530018407,8,False,maxiter_budget
2025-06-30,M612,2035.4736757641185,1876.907302562379,21,50409.61871426849,49227.51220766382,47871.855960599816,1268.8813768343318,86.77487022967031,158.98018780833252,49386.49239547215,3724.673369015014,61.187470655299876,3,1.241489799998817,1.381327600000077,0,differential_evolution_staged_direct_search,True,12,-4454.581948224575,1,True,population_collapse_convergence,36,differential_evolution_staged_direct_search,True,92,-2877.42497259456,8,False,maxiter_budget,72,differential_evolution_staged_direct_search,True,182,-608.4554862874079,8,False,maxiter_budget
2025-07-01,M612,1876.907302562379,1200.0,21,44301.162653337175,48254.66874808508,44282.09449827601,9.53407753058303,3963.040172278492,34942.259620879486,83196.92836896457,37.94657723615137,3766.446848331976,3,1.2022692999744322,1.351325800002087,0,differential_evolution_staged_direct_search,True,12,-4454.581948224575,1,True,population_collapse_convergence,36,differential_evolution_staged_direct_search,True,42,-2558.094701438415,3,True,population_collapse_convergence,72,differential_evolution_staged_direct_search,True,182,-612.6674129531287,8,False,maxiter_budget
2025-07-02,M612,1200.0,1200.0,21,42645.80251335504,44511.10406627937,42645.80251335504,0.0,1865.301552924325,30435.852380773602,74946.95644705297,0.0,2577.2486232908877,3,1.3037353999970946,1.4708220000029542,0,differential_evolution_staged_direct_search,True,22,-4355.768667220736,3,True,population_collapse_convergence,36,differential_evolution_staged_direct_search,True,92,-2564.294468751599,8,False,maxiter_budget,72,differential_evolution_staged_direct_search,True,182,581.8622770150337,8,False,maxiter_budget
2025-07-03,M612,1200.0,1200.0,21,48766.527154354655,50889.37066821591,47354.40058404445,706.0632851551034,2828.906799016355,24952.205180971992,75841.57584918791,1985.7649499898612,2417.240095913631,3,1.3940161000064109,1.5739919999905396,0,differential_evolution_staged_direct_search,True,12,-4343.776637221815,1,True,population_collapse_convergence,36,differential_evolution_staged_direct_search,True,52,-2079.4706450448057,4,True,population_collapse_convergence,72,differential_evolution_staged_direct_search,True,182,1746.6448996175598,8,False,maxiter_budget
2025-07-04,M612,1200.0,1200.00000662538,21,19416.953335471553,20108.230676138097,19191.207765622028,112.87278492476243,804.1501255913035,27009.268013184457,47117.49868932256,180.03269407040005,623.5746412021665,3,1.2210428999824217,1.3629472999891732,0,differential_evolution_staged_direct_search,True,47,-965.6512343125264,8,False,maxiter_budget,36,differential_evolution_staged_direct_search,True,32,-4279.9382571758615,2,True,population_collapse_convergence,72,differential_evolution_staged_direct_search,True,182,1583.936788981471,8,False,maxiter_budget
2025-07-05,M612,1200.00000662538,1207.7429999999997,21,20885.597306823598,21730.609656884568,20367.96267998236,258.8173134206183,1103.8296634815874,21922.94275102579,43653.552407910356,412.99685838291845,850.67301943974,3,1.236851800000295,1.3780732000013813,0,differential_evolution_staged_direct_search,True,17,-1149.9085540139906,2,True,population_collapse_convergence,36,differential_evolution_staged_direct_search,True,92,-4195.408978702105,8,False,maxiter_budget,72,differential_evolution_staged_direct_search,True,182,2086.3382685255465,8,False,maxiter_budget
2025-07-06,M612,1207.7429999999997,1200.0,21,48918.02831802271,52344.48818653908,48899.003712695034,9.512302663839138,3435.9721711802076,17672.414926851856,70016.90311339093,28.42038441541422,4587.675766602718,3,1.183105699994485,1.328807300000335,0,differential_evolution_staged_direct_search,True,17,-4123.338842394266,2,True,population_collapse_convergence,36,differential_evolution_staged_direct_search,True,52,-1850.7969257875932,4,True,population_collapse_convergence,72,differential_evolution_staged_direct_search,True,182,3326.4458204843854,8,False,maxiter_budget
2025-07-07,M612,1200.0,1320.7775100000001,21,49759.158449696806,49131.395786747904,48503.633123799016,627.7626629488926,0.0,7905.285474990476,57036.681261738384,1460.4615751051258,0.0,3,1.121913900002255,1.2636980999959633,0,differential_evolution_staged_direct_search,True,27,-4359.611201470642,4,True,population_collapse_convergence,36,differential_evolution_staged_direct_search,True,32,-3425.492615815122,2,True,population_collapse_convergence,72,differential_evolution_staged_direct_search,True,182,2163.1433336377486,8,False,maxiter_budget
2025-07-08,M612,1320.7775100000001,3919.056853861299,21,63751.8108902516,61178.404646385774,58604.99840251994,2573.4062438658275,0.0,0.0,61178.404646385774,7722.818426145401,0.0,3,1.1922673000226496,1.3301170999911847,0,differential_evolution_staged_direct_search,True,17,-4375.180132993058,2,True,population_collapse_convergence,36,differential_evolution_staged_direct_search,True,62,-2199.0952541679762,5,True,population_collapse_convergence,72,differential_evolution_staged_direct_search,True,182,2011.3682961756317,8,False,maxiter_budget
2025-07-09,M612,3919.056853861299,4178.78918125549,21,61992.79342418462,58964.940956046936,55937.088487909255,3027.8524681376803,0.0,28.02070767500043,58992.96166372194,9265.781075561597,0.0,3,1.4716047999972943,1.6093787999998312,0,differential_evolution_staged_direct_search,True,17,-4375.337578806958,2,True,population_collapse_convergence,36,differential_evolution_staged_direct_search,True,92,-2766.6161663711446,8,False,maxiter_budget,72,differential_evolution_staged_direct_search,True,182,1923.3272415080964,8,False,maxiter_budget
2025-07-10,M612,4178.78918125549,3839.443209081998,21,57999.23272757204,56747.43873420896,55495.64474084589,1251.7939933630728,0.0,0.0,56747.43873420896,3804.029648781474,0.0,3,1.1091143999947235,1.2495774999988498,0,differential_evolution_staged_direct_search,True,12,-4375.601017353879,1,True,population_collapse_convergence,36,differential_evolution_staged_direct_search,True,42,-2128.746639689558,3,True,population_collapse_convergence,72,differential_evolution_staged_direct_search,True,182,1626.2862623395729,8,False,maxiter_budget
2025-07-11,M612,3839.443209081998,4054.002758584173,21,31913.964279298187,31145.249423152796,30376.534567007402,768.7148561453937,0.0,0.0,31145.249423152796,1798.297370172186,0.0,3,1.1419384000182617,1.2849277000059374,0,differential_evolution_staged_direct_search,True,27,-2496.504209641045,4,True,population_collapse_convergence,36,differential_evolution_staged_direct_search,True,42,-4418.086662172267,3,True,population_collapse_convergence,72,differential_evolution_staged_direct_search,True,182,533.9775329769689,8,False,maxiter_budget
2025-07-12,M612,4054.002758584173,4136.354174259261,21,30153.958668910043,30349.213047144138,30153.958668910043,0.0,195.25437823409433,0.0,30349.213047144138,0.0,192.95756483474798,3,1.0827331999898888,1.225831300005666,0,differential_evolution_staged_direct_search,True,17,-2234.5542528726155,2,True,population_collapse_convergence,36,differential_evolution_staged_direct_search,True,32,-4414.53841875708,2,True,population_collapse_convergence,72,differential_evolution_staged_direct_search,True,182,1478.7276852241553,8,False,maxiter_budget
2025-07-13,M612,4136.354174259261,3990.9190000000017,21,62463.949346655085,58004.84538930279,53545.741431950504,4459.103957352289,0.0,236.06458757500076,58240.90997687779,12917.20695134162,0.0,3,1.0765790000004927,1.2150608000083594,0,differential_evolution_staged_direct_search,True,17,-4375.916303666404,2,True,population_collapse_convergence,36,differential_evolution_staged_direct_search,True,32,-2664.0605035480366,2,True,population_collapse_convergence,72,differential_evolution_staged_direct_search,True,182,917.1487930104089,8,False,maxiter_budget
2025-07-14,M612,3990.9190000000017,4241.876055910498,21,58310.412283442456,56316.65056035023,54322.888837258,1993.7617230922287,0.0,0.0,56316.65056035023,6928.256620847815,0.0,3,1.280010200003744,1.4204892000125255,0,differential_evolution_staged_direct_search,True,17,-4375.652865119484,2,True,population_collapse_convergence,36,differential_evolution_staged_direct_search,True,92,-3346.1981848521614,8,False,maxiter_budget,72,differential_evolution_staged_direct_search,True,182,1954.398849275223,8,False,maxiter_budget
2025-07-15,M612,4241.876055910498,4444.09818962963,21,60480.7351830385,57551.25184098647,54621.76849893444,2929.4833420520245,0.0,0.0,57551.25184098647,9632.026281383802,0.0,3,1.1315770999935921,1.2692383999965386,0,differential_evolution_staged_direct_search,True,17,-4375.916303666404,2,True,population_collapse_convergence,36,differential_evolution_staged_direct_search,True,52,-3533.5859949026717,4,True,population_collapse_convergence,72,differential_evolution_staged_direct_search,True,182,1249.9521553796335,8,False,maxiter_budget
2025-07-16,M612,4444.09818962963,4024.3228453703714,21,58581.60438273046,56730.236393610496,54878.868404490524,1851.3679891199654,0.0,0.0,56730.236393610496,5816.416579875901,0.0,3,1.1574323999957414,1.2955029000004288,0,differential_evolution_staged_direct_search,True,27,-4375.916303666404,4,True,population_collapse_convergence,36,differential_evolution_staged_direct_search,True,52,-3550.3131587993985,4,True,population_collapse_convergence,72,differential_evolution_staged_direct_search,True,182,1189.251899816014,8,False,maxiter_budget
2025-07-17,M612,4024.3228453703714,4331.90408351852,21,57069.205695358425,56623.756321401925,54840.12847713852,1114.5386091099545,669.0892351534607,0.0,56623.756321401925,4039.390875519788,652.6667699939321,3,1.1627546999952756,1.299498799999128,0,differential_evolution_staged_direct_search,True,17,-4377.935518807615,2,True,population_collapse_convergence,36,differential_evolution_staged_direct_search,True,62,-3237.5316012704134,5,True,population_collapse_convergence,72,differential_evolution_staged_direct_search,True,182,2134.560226125306,8,False,maxiter_budget
2025-07-18,M612,4331.90408351852,4186.849254444445,21,32488.777546872014,31040.971416727938,29593.16528658387,1447.8061301440694,0.0,0.0,31040.971416727938,3704.423326643414,0.0,3,1.0641230999899562,1.20403599999554,0,differential_evolution_staged_direct_search,True,12,-2658.9598794354765,1,True,population_collapse_convergence,36,differential_evolution_staged_direct_search,True,32,-4440.601073525499,2,True,population_collapse_convergence,72,differential_evolution_staged_direct_search,True,182,696.6117023859916,8,False,maxiter_budget
2025-07-19,M612,4186.849254444445,3996.0617527777786,21,32364.54808218827,31167.398743510144,29970.249404832008,1197.1493386781347,0.0,0.0,31167.398743510144,2962.1001102988303,0.0,3,1.326665500018862,1.4664735999976983,0,differential_evolution_staged_direct_search,True,27,-1971.8230337173668,4,True,population_collapse_convergence,36,differential_evolution_staged_direct_search,True,92,-4455.600000000001,8,False,maxiter_budget,72,differential_evolution_staged_direct_search,True,182,805.5900464999911,8,False,maxiter_budget
2025-07-20,M612,3996.0617527777786,4226.383284758157,21,60312.774487694835,57750.337801572765,55187.901115450695,2562.436686122067,0.0,0.0,57750.337801572765,8389.650793121149,0.0,3,1.137680600004387,1.2733821000001626,0,differential_evolution_staged_direct_search,True,17,-4379.130018160788,2,True,population_collapse_convergence,36,differential_evolution_staged_direct_search,True,52,-2855.04207500525,4,True,population_collapse_convergence,72,differential_evolution_staged_direct_search,True,182,1950.8351329944476,8,False,maxiter_budget
2025-07-21,M612,4226.383284758157,4376.7727161839375,21,61566.053581663924,59590.37287231088,57614.69216295784,1975.680709353041,0.0,0.0,59590.37287231088,6457.071091433956,0.0,3,1.255910700012464,1.390648800006602,0,differential_evolution_staged_direct_search,True,22,-4376.42632659248,3,True,population_collapse_convergence,36,differential_evolution_staged_direct_search,True,92,-2749.8116445997134,8,False,maxiter_budget,72,differential_evolution_staged_direct_search,True,182,1807.2620184316813,8,False,maxiter_budget
2025-07-22,M612,4376.7727161839375,3609.6620736492314,21,58044.26956959092,57176.58470083721,55761.80565275221,1141.231958419354,273.54708966565147,40.115857500000274,57216.70055833721,3725.2641246551557,239.44857980983124,3,1.303839100015466,1.4476225999969756,0,differential_evolution_staged_direct_search,True,17,-4376.42632659248,2,True,population_collapse_convergence,36,differential_evolution_staged_direct_search,True,92,-2609.6976476720934,8,False,maxiter_budget,72,differential_evolution_staged_direct_search,True,182,1501.4135898612685,8,False,maxiter_budget
2025-07-23,M612,3609.6620736492314,3489.75081722222,21,65152.156904913936,60730.448988076816,56308.7410712397,4421.707916837113,0.0,143.01443756666677,60873.46342564348,12585.871273987439,0.0,3,1.17912509998132,1.3155184000061126,0,differential_evolution_staged_direct_search,True,12,-4362.604464062821,1,True,population_collapse_convergence,36,differential_evolution_staged_direct_search,True,52,-3408.4491112003298,4,True,population_collapse_convergence,72,differential_evolution_staged_direct_search,True,182,2213.413598009658,8,False,maxiter_budget
2025-07-24,M612,3489.75081722222,3576.0202411111127,21,62937.4805579059,59246.295729715115,55555.11090152435,3691.184828190773,0.0,0.0,59246.295729715115,11405.863594668299,0.0,3,1.2145756999962032,1.3528315000003204,0,differential_evolution_staged_direct_search,True,17,-4340.26475355536,2,True,population_collapse_convergence,36,differential_evolution_staged_direct_search,True,72,-3555.250115423633,6,True,population_collapse_convergence,72,differential_evolution_staged_direct_search,True,182,2093.131362313142,8,False,maxiter_budget
2025-07-25,M612,3576.0202411111127,2898.2561891180303,21,26985.122649992303,26613.337033123928,26241.551416255556,371.78561686837355,0.0,0.0,26613.337033123928,757.9242128377139,0.0,3,1.4129522000002908,1.5630888000014238,0,differential_evolution_staged_direct_search,True,47,-1687.4428610353398,8,False,maxiter_budget,36,differential_evolution_staged_direct_search,True,92,-4439.00328743742,8,False,maxiter_budget,72,differential_evolution_staged_direct_search,True,182,2013.2468254937671,8,False,maxiter_budget
2025-07-26,M612,2898.2561891180303,2665.430528499857,21,26554.061292955317,26401.339230518955,26248.617168082594,152.72206243636268,0.0,0.0,26401.339230518955,312.022908384204,0.0,3,1.2427975999889895,1.4027788000094006,0,differential_evolution_staged_direct_search,True,22,-1656.089626673239,3,True,population_collapse_convergence,36,differential_evolution_staged_direct_search,True,42,-4426.912897571836,3,True,population_collapse_convergence,72,differential_evolution_staged_direct_search,True,182,1883.6615766536158,8,False,maxiter_budget
2025-07-27,M612,2665.430528499857,2467.5623553229148,21,52883.14946949063,53055.58976320553,50200.84277535726,1341.153347066682,1513.5936407815777,0.0,53055.58976320553,4322.30615270757,1414.61043598358,3,1.3674173000035807,1.5205568999954266,0,differential_evolution_staged_direct_search,True,22,-4350.3532881840865,3,True,population_collapse_convergence,36,differential_evolution_staged_direct_search,True,92,-2817.559974484929,8,False,maxiter_budget,72,differential_evolution_staged_direct_search,True,182,1535.2013496863651,8,False,maxiter_budget
2025-07-28,M612,2467.5623553229148,1842.6652676725937,21,53811.777714092525,53656.706143375886,52938.73288934199,436.52241237526925,281.4508416586276,9.879354300000355,53666.585497675886,1214.125632660673,210.55108512474789,3,1.287814100011019,1.4300310999969952,0,differential_evolution_staged_direct_search,True,17,-4388.313617912581,2,True,population_collapse_convergence,36,differential_evolution_staged_direct_search,True,92,-2452.6881847558825,8,False,maxiter_budget,72,differential_evolution_staged_direct_search,True,182,435.5587909392584,8,False,maxiter_budget
2025-07-29,M612,1842.6652676725937,2152.4647557781773,21,52306.6828298623,54108.71021254947,52216.124865432444,45.27898221493118,1847.3063649020999,353.972057833333,54462.68227038281,198.98476033808475,1640.9623437644157,3,1.419557100016391,1.5989595999999437,0,differential_evolution_staged_direct_search,True,17,-4453.0765661086625,2,True,population_collapse_convergence,36,differential_evolution_staged_direct_search,True,92,-2783.111625889321,8,False,maxiter_budget,72,differential_evolution_staged_direct_search,True,182,-603.4845569621715,8,False,maxiter_budget
2025-07-30,M612,2152.4647557781773,2362.3449166872742,21,48415.33024330184,54182.7519884222,48415.33024330184,0.0,5767.421745120358,47.04765546666701,54229.799643888866,0.0,6213.175888344278,3,1.45674219999637,1.6214180999959353,0,differential_evolution_staged_direct_search,True,22,-4453.076566108663,3,True,population_collapse_convergence,36,differential_evolution_staged_direct_search,True,92,-2822.182717633552,8,False,maxiter_budget,72,differential_evolution_staged_direct_search,True,182,-560.874367437155,8,False,maxiter_budget
2025-07-31,M612,2362.3449166872742,1738.154654925607,21,50639.40764516556,51765.75141693586,50445.674218575296,96.8667132951266,1223.2104850654268,271.3801338583321,52037.13155079419,412.21441052990406,1080.7700032665894,3,1.3001230000081705,1.4481184000032954,0,differential_evolution_staged_direct_search,True,17,-4453.076566108663,2,True,population_collapse_convergence,36,differential_evolution_staged_direct_search,True,92,-3164.702398530261,8,False,maxiter_budget,72,differential_evolution_staged_direct_search,True,182,-520.9722957319016,8,False,maxiter_budget
2025-08-01,M612,1738.154654925607,2024.7179700612587,21,25447.1630526195,24822.89027840974,24198.61750419998,624.2727742097622,0.0,0.0,24822.89027840974,1378.8786389759023,0.0,3,0.845307600000524,0.9899533000134397,0,differential_evolution_staged_direct_search,True,17,-1358.6181079913817,2,True,population_collapse_convergence,36,differential_evolution_staged_direct_search,True,92,-4455.600000000001,8,False,maxiter_budget,72,differential_evolution_staged_direct_search,True,102,-782.4507907960412,4,True,population_collapse_convergence
2025-08-02,M612,2024.7179700612587,2157.0715248474394,21,26334.554975778236,25729.62264548596,25124.69031519368,604.9323302922801,0.0,0.0,25729.62264548596,1528.2590825144566,0.0,3,1.2717753000033554,1.4147640000010142,0,differential_evolution_staged_direct_search,True,17,-1485.669638335228,2,True,population_collapse_convergence,36,differential_evolution_staged_direct_search,True,92,-4455.600000000001,8,False,maxiter_budget,72,differential_evolution_staged_direct_search,True,182,-776.2490696709197,8,False,maxiter_budget
2025-08-03,M612,2157.0715248474394,1519.5371550000004,21,44650.26386571768,44407.573707511314,44164.88354930494,242.69015820636963,0.0,2004.051685332457,46411.62539284377,718.6359062072127,0.0,3,1.2684548999968683,1.4149964999960503,0,differential_evolution_staged_direct_search,True,17,-3811.3243393268067,2,True,population_collapse_convergence,36,differential_evolution_staged_direct_search,True,92,-3468.1498272564986,8,False,maxiter_budget,72,differential_evolution_staged_direct_search,True,182,-413.2256923186037,8,False,maxiter_budget
2025-08-04,M612,1519.5371550000004,1942.7616193569017,21,48739.677218783385,47280.48074107928,45821.28424946012,1459.196484661631,6.957527860728874e-06,147.24793169999924,47427.728672779274,4199.0181783835915,6.723223521021282e-06,3,1.08172829997784,1.2259231000061845,0,differential_evolution_staged_direct_search,True,12,-4140.964349592281,1,True,population_collapse_convergence,36,differential_evolution_staged_direct_search,True,32,-3346.5229506003952,2,True,population_collapse_convergence,72,differential_evolution_staged_direct_search,True,182,-411.67736429814204,8,False,maxiter_budget
2025-08-05,M612,1942.7616193569017,1837.5518225645853,21,47362.25564315621,47118.71883486975,46512.096762581445,425.0794402873785,181.5426320009234,244.54572746666457,47363.264562336415,1078.8693454161403,259.6062189093028,3,1.1749169999820879,1.3320671999972546,0,differential_evolution_staged_direct_search,True,22,-4140.706342481326,3,True,population_collapse_convergence,36,differential_evolution_staged_direct_search,True,32,-3312.314679305956,2,True,population_collapse_convergence,72,differential_evolution_staged_direct_search,True,182,-409.5177848443231,8,False,maxiter_budget
2025-08-06,M612,1837.5518225645853,1654.6777072222217,21,53348.43246743707,51364.96652392019,49381.50058040331,1983.4659435168774,0.0,0.0,51364.96652392019,5355.928410647907,0.0,3,1.1532911000103923,1.2982964999973774,0,differential_evolution_staged_direct_search,True,17,-4177.834694874486,2,True,population_collapse_convergence,36,differential_evolution_staged_direct_search,True,42,-3158.3347638527493,3,True,population_collapse_convergence,72,differential_evolution_staged_direct_search,True,182,-455.6270615442677,8,False,maxiter_budget
2025-08-07,M612,1654.6777072222217,1945.0626498148133,21,52213.03229620883,50048.863747916344,46596.04981018242,2808.4912430132067,644.3226947207063,57.961106208333895,50106.82485412468,11175.397157674086,501.96718576785065,3,1.2694186999869999,1.4110877999919467,0,differential_evolution_staged_direct_search,True,12,-4454.024652609251,1,True,population_collapse_convergence,36,differential_evolution_staged_direct_search,True,92,-3663.574251834197,8,False,maxiter_budget,72,differential_evolution_staged_direct_search,True,182,-612.9419081887318,8,False,maxiter_budget
2025-08-08,M612,1945.0626498148133,2151.857351267477,21,25067.671022837727,24898.393908170037,24729.116793502348,169.27711466768756,0.0,0.0,24898.393908170037,340.2727641703698,0.0,3,1.2694159999955446,1.4193317999888677,0,differential_evolution_staged_direct_search,True,12,-1665.6779116492096,1,True,population_collapse_convergence,36,differential_evolution_staged_direct_search,True,92,-4455.600000000001,8,False,maxiter_budget,72,differential_evolution_staged_direct_search,True,182,-814.1060667077661,8,False,maxiter_budget
2025-08-09,M612,2151.857351267477,1889.1877419094615,21,24554.43146158165,24429.654949079464,24304.87843657728,124.77651250218489,0.0,0.0,24429.654949079464,212.87066539776225,0.0,3,1.2765541999979177,1.424170199999935,0,differential_evolution_staged_direct_search,True,17,-1593.365242194662,2,True,population_collapse_convergence,36,differential_evolution_staged_direct_search,True,92,-4455.600000000001,8,False,maxiter_budget,72,differential_evolution_staged_direct_search,True,182,-784.9154000500994,8,False,maxiter_budget
2025-08-10,M612,1889.1877419094615,2383.5925908980294,21,49682.84331398314,48331.101758572324,46979.36020316151,1351.7415554108165,0.0,157.41654046666756,48488.518299038995,4208.981971782249,0.0,3,1.262798900002963,1.4676976000046125,0,differential_evolution_staged_direct_search,True,22,-4120.467643806174,3,True,population_collapse_convergence,36,differential_evolution_staged_direct_search,True,92,-3879.6006399711077,8,False,maxiter_budget,72,differential_evolution_staged_direct_search,True,182,-507.9238332976952,8,False,maxiter_budget
2025-08-11,M612,2383.5925908980294,1981.6063503703713,21,47229.56206378386,47366.62363734974,45629.018939086905,800.2715623484756,937.3331359143599,1069.282379691663,48435.9060170414,3507.262952687176,852.2847442802835,3,1.135679600003641,1.279718399993726,0,differential_evolution_staged_direct_search,True,17,-4454.269149621008,2,True,population_collapse_convergence,36,differential_evolution_staged_direct_search,True,42,-3179.71884376652,3,True,population_collapse_convergence,72,differential_evolution_staged_direct_search,True,182,-443.0047357712939,8,False,maxiter_budget
2025-08-12,M612,1981.6063503703713,2055.684240579163,21,50351.64273223917,48988.27026604352,47228.561843301555,1561.540444468808,198.16797827315344,1067.1021600166682,50055.37242606019,6237.263237995223,158.65852152030845,3,1.1125266999879386,1.2582309000135865,0,differential_evolution_staged_direct_search,True,17,-4454.269149621009,2,True,population_collapse_convergence,36,differential_evolution_staged_direct_search,True,42,-3375.1807590185044,3,True,population_collapse_convergence,72,differential_evolution_staged_direct_search,True,182,-523.8361639573649,8,False,maxiter_budget
2025-08-13,M612,2055.684240579163,2252.05122535618,21,45919.749212523246,46556.07643364407,45677.686252452026,121.03148003560966,757.3587011564412,710.6717716583321,47266.7482053024,533.9878706131899,957.6131306336829,3,1.162801499987836,1.3035126000031596,0,differential_evolution_staged_direct_search,True,22,-4220.692441539792,3,True,population_collapse_convergence,36,differential_evolution_staged_direct_search,True,42,-3279.4731231116893,3,True,population_collapse_convergence,72,differential_evolution_staged_direct_search,True,182,-555.9268251612206,8,False,maxiter_budget
2025-08-14,M612,2252.05122535618,2023.3609631202137,21,48047.14233460404,47903.04353085814,46576.92578219627,735.1082762038875,591.0094724579866,1218.1395190833314,49121.183049941465,2160.5931827670142,845.1443863010725,3,1.2695953999937046,1.4136452999955509,0,differential_evolution_staged_direct_search,True,12,-4377.436618441525,1,True,population_collapse_convergence,36,differential_evolution_staged_direct_search,True,92,-2896.0737315390193,8,False,maxiter_budget,72,differential_evolution_staged_direct_search,True,182,-439.78376706496715,8,False,maxiter_budget
2025-08-15,M612,2023.3609631202137,1838.4763126123137,21,25445.682103351683,24753.613995724594,24061.5458880975,692.0681076270953,0.0,0.0,24753.613995724594,1541.9415211641929,0.0,3,1.2580543999938527,1.3951616000122158,0,differential_evolution_staged_direct_search,True,17,-1641.81844009319,2,True,population_collapse_convergence,36,differential_evolution_staged_direct_search,True,92,-4455.600000000001,8,False,maxiter_budget,72,differential_evolution_staged_direct_search,True,182,-847.0014280066782,8,False,maxiter_budget
2025-08-16,M612,1838.4763126123137,1984.9516747718276,21,26949.010550811236,25557.598870495574,24166.18719017992,1391.411680315658,0.0,0.0,25557.598870495574,3335.8663382861414,0.0,3,1.2339436000038404,1.374548000007053,0,differential_evolution_staged_direct_search,True,12,-1386.6509479807357,1,True,population_collapse_convergence,36,differential_evolution_staged_direct_search,True,92,-4455.600000000001,8,False,maxiter_budget,72,differential_evolution_staged_direct_search,True,182,-835.7801367026091,8,False,maxiter_budget
2025-08-17,M612,1984.9516747718276,2212.340630067379,21,49454.92651039375,47968.57897597464,45743.37946912116,1855.7735206362945,369.42598621718656,689.5558209166664,48658.1347968913,7839.95318238835,268.71866147042766,3,1.087263899986283,1.223631299988483,0,differential_evolution_staged_direct_search,True,12,-4453.436545569666,1,True,population_collapse_convergence,36,differential_evolution_staged_direct_search,True,32,-3537.1867737959096,2,True,population_collapse_convergence,72,differential_evolution_staged_direct_search,True,182,-577.6338462313529,8,False,maxiter_budget
2025-08-18,M612,2212.340630067379,2276.1395431201877,21,48440.28940411638,47223.52293135585,46006.75645859534,1216.766472760523,0.0,631.9168269416684,47855.43975829752,4335.5299365905885,0.0,3,1.2442322000133572,1.3860537000000477,0,differential_evolution_staged_direct_search,True,17,-4453.436545569666,2,True,population_collapse_convergence,36,differential_evolution_staged_direct_search,True,92,-3417.2917121009446,8,False,maxiter_budget,72,differential_evolution_staged_direct_search,True,182,-396.5718848405519,8,False,maxiter_budget
2025-08-19,M612,2276.1395431201877,2020.0040552066193,21,47815.82758281416,47164.974880445225,46514.122178076286,650.8527023689419,0.0,1025.52834313333,48190.503223578555,2587.5155090529147,0.0,3,0.6983835999999428,0.8413237000058871,0,differential_evolution_staged_direct_search,True,17,-4408.091401541395,2,True,population_collapse_convergence,36,differential_evolution_staged_direct_search,True,42,-3491.1464665339445,3,True,population_collapse_convergence,72,differential_evolution_staged_direct_search,True,102,-366.7250509887134,4,True,population_collapse_convergence
2025-08-20,M612,2020.0040552066193,1856.1360174220667,21,52270.320797416796,50756.975095271555,48325.002528256,1972.6591345803974,459.3134324351555,1057.7052918583308,51814.68038712988,6991.553954013896,392.86928735681084,3,1.2404905000148574,1.3772147999989102,0,differential_evolution_staged_direct_search,True,17,-4453.039764261318,2,True,population_collapse_convergence,36,differential_evolution_staged_direct_search,True,92,-2778.887608988347,8,False,maxiter_budget,72,differential_evolution_staged_direct_search,True,182,-545.6546170450426,8,False,maxiter_budget
2025-08-21,M612,1856.1360174220667,2166.4583942701793,21,49579.46284941172,48053.03061368311,46526.59837765879,1526.432235876462,1.4785682539295544e-07,0.0,48053.03061368311,6298.733594673007,1.4287754301875193e-07,3,1.1518613999942318,1.2918896999908611,0,differential_evolution_staged_direct_search,True,17,-4453.039764261318,2,True,population_collapse_convergence,36,differential_evolution_staged_direct_search,True,42,-3290.6056748258534,3,True,population_collapse_convergence,72,differential_evolution_staged_direct_search,True,182,-573.1967308790094,8,False,maxiter_budget
2025-08-22,M612,2166.4583942701793,1684.339457777778,21,24847.348420512386,24491.216699829725,24135.08497914706,356.1317206826645,0.0,420.577043543032,24911.793743372757,786.7280007482918,0.0,3,1.3560807000030763,1.4936511999985669,0,differential_evolution_staged_direct_search,True,17,-1516.074123251005,2,True,population_collapse_convergence,36,differential_evolution_staged_direct_search,True,92,-4455.600000000001,8,False,maxiter_budget,72,differential_evolution_staged_direct_search,True,182,-879.9717354135984,8,False,maxiter_budget
2025-08-23,M612,1684.339457777778,2177.066069265545,21,24282.177154733967,25112.710468292127,24282.177154733967,0.0,830.5333135581614,0.0,25112.710468292127,0.0,630.0220080662422,3,1.3547096000111196,1.495755800002371,0,differential_evolution_staged_direct_search,True,47,-1767.9750799612839,8,False,maxiter_budget,36,differential_evolution_staged_direct_search,True,92,-4455.600000000001,8,False,maxiter_budget,72,differential_evolution_staged_direct_search,True,182,-754.6457849843662,8,False,maxiter_budget
2025-08-24,M612,2177.066069265545,2381.369409557146,21,47340.356724974365,47188.338216568285,46769.06077810138,285.64797343649286,133.6294650304154,119.7582709333327,47308.096487501614,991.8281801637545,117.4659457690841,3,1.2666036000009626,1.4045396000001347,0,differential_evolution_staged_direct_search,True,22,-4127.139859864775,3,True,population_collapse_convergence,36,differential_evolution_staged_direct_search,True,92,-3756.602040901365,8,False,maxiter_budget,72,differential_evolution_staged_direct_search,True,182,-540.2625672192021,8,False,maxiter_budget
2025-08-25,M612,2381.369409557146,2137.9192727777768,21,60464.322690116955,55260.72772334349,50057.132756570005,5203.594966773473,0.0,337.46699522499983,55598.194718568484,16411.461164905115,0.0,3,0.926086600011331,1.072586299997056,0,differential_evolution_staged_direct_search,True,22,-4452.476752532336,3,True,population_collapse_convergence,36,differential_evolution_staged_direct_search,True,42,-3576.882714835922,3,True,population_collapse_convergence,72,differential_evolution_staged_direct_search,True,142,-416.42169379072413,6,True,population_collapse_convergence
2025-08-26,M612,2137.9192727777768,2560.398874601682,21,47803.4492614084,48011.30147709422,47074.45578227818,364.49673956510725,572.3489552509318,217.8951927750004,48229.19666986922,876.5755800526318,818.4598244686568,3,1.4293097999907332,1.5781722000101581,0,differential_evolution_staged_direct_search,True,17,-4125.938998203329,2,True,population_collapse_convergence,36,differential_evolution_staged_direct_search,True,92,-3420.080281852517,8,False,maxiter_budget,72,differential_evolution_staged_direct_search,True,162,-475.1556194624989,7,True,population_collapse_convergence
2025-08-27,M612,2560.398874601682,2288.3205185015886,21,47770.229867950235,49982.88474021909,47309.737617148116,230.24612540106057,2442.9009976699235,0.0,49982.88474021909,1031.4640896673618,2641.0197295173048,3,1.1097063999914099,1.2577423000038834,0,differential_evolution_staged_direct_search,True,22,-4452.476752532336,3,True,population_collapse_convergence,36,differential_evolution_staged_direct_search,True,32,-3456.36004197722,2,True,population_collapse_convergence,72,differential_evolution_staged_direct_search,True,182,-614.1464778075978,8,False,maxiter_budget
2025-08-28,M612,2288.3205185015886,2284.9723215445724,21,46677.39167468203,51177.40147961924,46677.391674682025,0.0,4500.0098049372145,383.0028472499995,51560.40432686924,0.0,4888.417868294005,3,1.2637881999980891,1.4112708999891765,0,differential_evolution_staged_direct_search,True,22,-4453.421711396141,3,True,population_collapse_convergence,36,differential_evolution_staged_direct_search,True,92,-3001.871234415512,8,False,maxiter_budget,72,differential_evolution_staged_direct_search,True,182,-523.9263148988183,8,False,maxiter_budget
2025-08-29,M612,2284.9723215445724,2351.895443897261,21,26990.221674136403,26553.433885622853,26116.646097109307,436.7877885135458,0.0,0.0,26553.433885622853,996.415335361371,0.0,3,1.0435135000006994,1.191500900007668,0,differential_evolution_staged_direct_search,True,12,-1983.1194968726431,1,True,population_collapse_convergence,36,differential_evolution_staged_direct_search,True,92,-4455.600000000001,8,False,maxiter_budget,72,differential_evolution_staged_direct_search,True,142,-858.8977875878669,6,True,population_collapse_convergence
2025-08-30,M612,2351.895443897261,1838.2006199500393,21,25887.290383398547,25386.994652190566,24886.698920982584,500.2957312079807,0.0,0.0,25386.994652190566,1286.1307275312965,0.0,3,1.33679210000264,1.4822413000074448,0,differential_evolution_staged_direct_search,True,47,-1722.2516883886738,8,False,maxiter_budget,36,differential_evolution_staged_direct_search,True,92,-4455.600000000001,8,False,maxiter_budget,72,differential_evolution_staged_direct_search,True,182,-841.7103192236772,8,False,maxiter_budget
2025-08-31,M612,1838.2006199500393,2309.2878241502644,21,48058.427417631814,48004.61399877256,47334.60081575091,361.91330094045105,308.0998820811945,636.9308183666645,48641.54481713923,879.472849652959,440.5832687332995,3,1.1156721000006655,1.2577009000087855,0,differential_evolution_staged_direct_search,True,22,-4118.208593160096,3,True,population_collapse_convergence,36,differential_evolution_staged_direct_search,True,42,-2527.572965683691,3,True,population_collapse_convergence,72,differential_evolution_staged_direct_search,True,182,-408.612535329448,8,False,maxiter_budget
2025-09-01,M612,2309.2878241502644,5948.831592777777,21,52677.93889233391,49468.39314198346,46217.63780574659,3230.150543293657,20.604792943207713,0.0,49468.39314198346,12467.189505072693,17.43244483572306,3,1.1053455000073882,1.246727000005194,0,differential_evolution_staged_direct_search,True,22,-4453.875467936411,3,True,population_collapse_convergence,36,differential_evolution_staged_direct_search,True,32,-2904.5529904325876,2,True,population_collapse_convergence,72,differential_evolution_staged_direct_search,True,182,-588.8204866658615,8,False,maxiter_budget
2025-09-02,M612,5948.831592777777,5648.69228148148,21,45066.05314774171,45418.671966123875,44122.84659292489,471.60327740840773,824.2220957905762,0.0,45418.671966123875,2144.092092092251,838.6969968472499,3,1.2151352999935625,1.3542823000025237,0,differential_evolution_staged_direct_search,True,12,-4453.875467936411,1,True,population_collapse_convergence,36,differential_evolution_staged_direct_search,True,92,-3398.7923265350005,8,False,maxiter_budget,72,differential_evolution_staged_direct_search,True,182,-643.4016520783684,8,False,maxiter_budget
2025-09-03,M612,5648.69228148148,5596.134995370371,21,47794.95426026166,46571.20268378582,45017.9389644013,1388.507647930174,164.7560714543446,0.0,46571.20268378582,5796.327118858795,146.70891989880164,3,1.203708800007007,1.3393352999992203,0,differential_evolution_staged_direct_search,True,12,-4453.875467936411,1,True,population_collapse_convergence,36,differential_evolution_staged_direct_search,True,92,-3420.154437775933,8,False,maxiter_budget,72,differential_evolution_staged_direct_search,True,182,-639.0141420752472,8,False,maxiter_budget
2025-09-04,M612,5596.134995370371,5453.324734466306,21,47426.55145905861,46232.01698921305,45037.48251936749,1194.5344698455615,0.0,0.0,46232.01698921305,4250.303511223952,0.0,3,1.077982000002521,1.2161935999902198,0,differential_evolution_staged_direct_search,True,17,-4208.074550011329,2,True,population_collapse_convergence,36,differential_evolution_staged_direct_search,True,32,-3783.8493706940667,2,True,population_collapse_convergence,72,differential_evolution_staged_direct_search,True,182,-519.1392456934338,8,False,maxiter_budget
2025-09-05,M612,5453.324734466306,5679.958943703703,21,23496.445097239524,22981.5867637822,22466.728430324874,514.8583334573258,0.0,0.0,22981.5867637822,1095.583137439163,0.0,3,1.243830200022785,1.3825524000130827,0,differential_evolution_staged_direct_search,True,12,-1911.8497649601875,1,True,population_collapse_convergence,36,differential_evolution_staged_direct_search,True,92,-4455.600000000001,8,False,maxiter_budget,72,differential_evolution_staged_direct_search,True,182,-1018.6054970267423,8,False,maxiter_budget
2025-09-06,M612,5679.958943703703,6277.360743518519,21,23613.38239334687,23321.993989453047,23030.60558555922,291.3884038938245,0.0,0.0,23321.993989453047,593.6173670740193,0.0,3,1.219012900008238,1.36165500000061,0,differential_evolution_staged_direct_search,True,12,-1894.8612681080097,1,True,population_collapse_convergence,36,differential_evolution_staged_direct_search,True,92,-4455.600000000001,8,False,maxiter_budget,72,differential_evolution_staged_direct_search,True,182,-1018.718533132511,8,False,maxiter_budget
2025-09-07,M612,6277.360743518519,5410.496896296297,21,44043.118418365586,45534.191882538435,43059.81360386858,491.6524072485046,1982.72587142135,0.0,45534.191882538435,2205.021173000997,2737.169648239543,3,1.1594578999938676,1.2999368000018876,0,differential_evolution_staged_direct_search,True,47,-4078.563878813736,8,False,maxiter_budget,36,differential_evolution_staged_direct_search,True,32,-3458.120331342733,2,True,population_collapse_convergence,72,differential_evolution_staged_direct_search,True,182,-752.234884901636,8,False,maxiter_budget
2025-09-08,M612,5410.496896296297,1340.91995091657,21,39865.65627016104,40112.47781016595,37556.52270907408,1154.5667805434805,1401.3883205483803,0.0,40112.47781016595,4879.715746071692,1366.5335709967183,3,1.2036544999864418,1.345477499999106,0,differential_evolution_staged_direct_search,True,12,-4452.666419699287,1,True,population_collapse_convergence,36,differential_evolution_staged_direct_search,True,92,-3239.3116766042062,8,False,maxiter_budget,72,differential_evolution_staged_direct_search,True,182,-867.0395922037297,8,False,maxiter_budget
2025-09-09,M612,1340.91995091657,1461.3145385185187,21,37013.417065383706,38174.778772509424,37013.4170653837,0.0,1161.36170712572,1019.9772134130241,39194.75598592245,0.0,1096.3940547848017,3,1.2412840000033611,1.3810692999977618,0,differential_evolution_staged_direct_search,True,22,-3900.053855680125,3,True,population_collapse_convergence,36,differential_evolution_staged_direct_search,True,92,-3593.9759130694783,8,False,maxiter_budget,72,differential_evolution_staged_direct_search,True,182,-651.7565036299677,8,False,maxiter_budget
2025-09-10,M612,1461.3145385185187,1713.203441296295,21,43304.01277417081,42714.2051302724,41211.631642458764,1046.1905658560213,456.38292195761017,24.603456924998984,42738.808587197396,3807.0330793218172,436.323714169268,3,1.2223094000219135,1.3616836000001058,0,differential_evolution_staged_direct_search,True,17,-4452.010399062933,2,True,population_collapse_convergence,36,differential_evolution_staged_direct_search,True,92,-3195.82926056738,8,False,maxiter_budget,72,differential_evolution_staged_direct_search,True,182,-699.5248704034718,8,False,maxiter_budget
2025-09-11,M612,1713.203441296295,1631.7348065471758,21,43378.254564378876,40923.956438626046,38469.658312873216,2454.2981257528277,0.0,0.0,40923.956438626046,8708.18236758677,0.0,3,1.2335829999938142,1.369664100013324,0,differential_evolution_staged_direct_search,True,17,-4451.7522025836915,2,True,population_collapse_convergence,36,differential_evolution_staged_direct_search,True,92,-3472.4286001702926,8,False,maxiter_budget,72,differential_evolution_staged_direct_search,True,182,-770.5777086964856,8,False,maxiter_budget
2025-09-12,M612,1631.7348065471758,1677.4474641726738,21,18305.39681292967,18206.01921713427,18106.641621338877,99.37759579539639,0.0,0.0,18206.01921713427,166.46609852104496,0.0,3,0.917815300024813,1.0564844000036828,0,differential_evolution_staged_direct_search,True,17,-2098.1494191180004,2,True,population_collapse_convergence,36,differential_evolution_staged_direct_search,True,92,-4455.600000000001,8,False,maxiter_budget,72,differential_evolution_staged_direct_search,True,122,-1076.3126354118283,5,True,population_collapse_convergence
2025-09-13,M612,1677.4474641726738,1758.3085017581393,21,18212.025962477957,18113.43592054599,18014.845878614025,98.59004193196864,0.0,0.0,18113.43592054599,172.0900297033235,0.0,3,0.9284278000122868,1.074420699995244,0,differential_evolution_staged_direct_search,True,17,-2105.955720000531,2,True,population_collapse_convergence,36,differential_evolution_staged_direct_search,True,92,-4455.600000000001,8,False,maxiter_budget,72,differential_evolution_staged_direct_search,True,122,-1270.7204691089387,5,True,population_collapse_convergence
2025-09-14,M612,1758.3085017581393,1251.820035,21,46501.494676106,43423.190159055375,40344.88564200475,3078.304517050626,0.0,546.1250333089052,43969.31519236428,9688.12552728799,0.0,3,1.1458053999958793,1.288633900010609,0,differential_evolution_staged_direct_search,True,32,-4452.936753606628,5,True,population_collapse_convergence,36,differential_evolution_staged_direct_search,True,42,-2961.1094436576204,3,True,population_collapse_convergence,72,differential_evolution_staged_direct_search,True,182,-998.2422049355215,8,False,maxiter_budget
2025-09-15,M612,1251.820035,1728.9875379629636,21,38935.42745917529,38848.135674956204,38760.8438907371,87.29178421909639,0.0,885.8577025240729,39733.99337748028,249.60057325830985,0.0,3,1.1114428999862866,1.2522687000018777,0,differential_evolution_staged_direct_search,True,12,-4088.067653520743,1,True,population_collapse_convergence,36,differential_evolution_staged_direct_search,True,52,-3732.576052545837,4,True,population_collapse_convergence,72,differential_evolution_staged_direct_search,True,182,-1007.8764650050877,8,False,maxiter_budget
2025-09-16,M612,1728.9875379629636,1200.0,21,46475.794486405306,43425.4968717624,40293.419252310356,3091.1876170474775,40.8900024045701,80.22263113610865,43505.71950289851,10739.915836145728,29.52605635223813,3,0.8382761999819195,0.9789577000046847,0,differential_evolution_staged_direct_search,True,17,-4452.015733144326,2,True,population_collapse_convergence,36,differential_evolution_staged_direct_search,True,22,-3294.070998707678,1,True,population_collapse_convergence,72,differential_evolution_staged_direct_search,True,142,-1031.3732185720323,6,True,population_collapse_convergence
2025-09-17,M612,1200.0,1353.4643238609804,21,44739.01804055286,42851.22678081093,40963.435521069,1887.79125974193,0.0,0.0,42851.22678081093,5473.340796018708,0.0,3,1.1615509999828646,1.3019004000088898,0,differential_evolution_staged_direct_search,True,27,-4450.458285454991,4,True,population_collapse_convergence,36,differential_evolution_staged_direct_search,True,52,-2676.3144209653155,4,True,population_collapse_convergence,72,differential_evolution_staged_direct_search,True,182,-910.5997690158712,8,False,maxiter_budget
2025-09-18,M612,1353.4643238609804,1356.97632037037,21,39333.509272527546,42364.87337099067,39333.509272527546,0.0,3031.364098463113,160.0625602740786,42524.93593126474,0.0,4135.05012891458,3,1.225848700007191,1.370403399996576,0,differential_evolution_staged_direct_search,True,17,-4386.153888147425,2,True,population_collapse_convergence,36,differential_evolution_staged_direct_search,True,92,-2883.607673437384,8,False,maxiter_budget,72,differential_evolution_staged_direct_search,True,182,-1101.277440434177,8,False,maxiter_budget
2025-09-19,M612,1356.97632037037,1896.672960560888,21,18992.98538764795,18787.362610167715,18581.739830687486,205.6227784802331,9.999952350625563e-07,0.0,18787.362610167715,402.66709403140453,8.721395735762746e-07,3,0.9138370999862673,1.0531802000041353,0,differential_evolution_staged_direct_search,True,17,-2043.6598026676013,2,True,population_collapse_convergence,36,differential_evolution_staged_direct_search,True,92,-4448.475394966114,8,False,maxiter_budget,72,differential_evolution_staged_direct_search,True,122,-1229.554960353053,5,True,population_collapse_convergence
2025-09-20,M612,1896.672960560888,1822.0036864814813,21,18794.89344857398,18482.900690845465,18170.90793311695,311.9927577285165,0.0,404.39195692345567,18887.29264776892,635.3453011065426,0.0,3,1.2052945000177715,1.349650099989958,0,differential_evolution_staged_direct_search,True,12,-2134.109794934278,1,True,population_collapse_convergence,36,differential_evolution_staged_direct_search,True,92,-4446.197736393663,8,False,maxiter_budget,72,differential_evolution_staged_direct_search,True,182,-1225.5070778109748,8,False,maxiter_budget
2025-09-21,M612,1822.0036864814813,1763.1386585185187,21,43943.87838353906,42426.63585095192,40909.39331836479,1517.2425325871347,0.0,251.75707890196156,42678.39292985388,5645.802525489584,0.0,3,1.1095415000017965,1.2492486999981338,0,differential_evolution_staged_direct_search,True,12,-4454.694966221913,1,True,population_collapse_convergence,36,differential_evolution_staged_direct_search,True,52,-3615.120723580243,4,True,population_collapse_convergence,72,differential_evolution_staged_direct_search,True,182,-863.4465123510154,8,False,maxiter_budget
2025-09-22,M612,1763.1386585185187,1391.0280785185184,21,46475.79490153959,43758.03451197012,41040.27412240066,2717.76038956947,0.0,436.209549488135,44194.24406145826,8683.03416120911,0.0,3,1.1309780000010505,1.2728201999998419,0,differential_evolution_staged_direct_search,True,22,-4454.8702579778455,3,True,population_collapse_convergence,36,differential_evolution_staged_direct_search,True,42,-3093.5651293762267,3,True,population_collapse_convergence,72,differential_evolution_staged_direct_search,True,182,-896.6319037043229,8,False,maxiter_budget
2025-09-23,M612,1391.0280785185184,1857.9823229350018,21,46329.54847962274,44905.44274689861,43481.33701417448,1424.1057327241297,0.0,69.14849838333348,44974.59124528195,4755.129394806258,0.0,3,1.1472542000119574,1.2863699000008637,0,differential_evolution_staged_direct_search,True,17,-4455.3318654467,2,True,population_collapse_convergence,36,differential_evolution_staged_direct_search,True,62,-2964.0973939923756,5,True,population_collapse_convergence,72,differential_evolution_staged_direct_search,True,182,-856.1233762745555,8,False,maxiter_budget
2025-09-24,M612,1857.9823229350018,2112.219025555558,21,39891.936065374524,42514.30721220271,39891.936065374524,0.0,2622.371146828189,0.0,42514.30721220271,0.0,3420.461091362254,3,1.2429799000092316,1.3831008999986807,0,differential_evolution_staged_direct_search,True,22,-4454.791250318343,3,True,population_collapse_convergence,36,differential_evolution_staged_direct_search,True,92,-2841.440033807257,8,False,maxiter_budget,72,differential_evolution_staged_direct_search,True,182,-921.7165673415832,8,False,maxiter_budget
2025-09-25,M612,2112.219025555558,1795.3442764814838,21,43938.98123838693,43216.326946357534,42187.30306655285,875.8390859170393,153.18479388764314,0.0,43216.326946357534,3733.362522127097,151.9349307485194,3,1.1052575999929104,1.2447730999992928,0,differential_evolution_staged_direct_search,True,17,-4454.791250318343,2,True,population_collapse_convergence,36,differential_evolution_staged_direct_search,True,42,-3090.2529485336154,3,True,population_collapse_convergence,72,differential_evolution_staged_direct_search,True,182,-863.4699753710946,8,False,maxiter_budget
2025-09-26,M612,1795.3442764814838,1997.5117824360266,21,20044.9606476915,19482.347220030104,18919.733792368705,562.6134276613989,0.0,0.0,19482.347220030104,1323.9563230581298,0.0,3,1.0963549000007333,1.2367164999886882,0,differential_evolution_staged_direct_search,True,17,-2156.261611437469,2,True,population_collapse_convergence,36,differential_evolution_staged_direct_search,True,32,-4364.365078653157,2,True,population_collapse_convergence,72,differential_evolution_staged_direct_search,True,182,-1070.4866143002525,8,False,maxiter_budget
2025-09-27,M612,1997.5117824360266,1558.8880590740764,21,19134.059830875885,19308.50280418865,19134.059830875885,0.0,174.4429733127639,0.0,19308.50280418865,0.0,151.20191287968612,3,0.9101309999969089,1.0541221000021324,0,differential_evolution_staged_direct_search,True,12,-2151.1215204601945,1,True,population_collapse_convergence,36,differential_evolution_staged_direct_search,True,92,-4455.600000000001,8,False,maxiter_budget,72,differential_evolution_staged_direct_search,True,122,-978.8144585636761,5,True,population_collapse_convergence
2025-09-28,M612,1558.8880590740764,1933.4937681481483,21,44975.292703178544,45016.422216462066,44143.7477758052,415.77246368667426,456.901976970193,39.44987083333338,45055.8720872954,1563.0383975857053,554.5290873847731,3,0.7307991999841761,0.8705657999962568,0,differential_evolution_staged_direct_search,True,12,-4454.791250318343,1,True,population_collapse_convergence,36,differential_evolution_staged_direct_search,True,22,-2965.970026099494,1,True,population_collapse_convergence,72,differential_evolution_staged_direct_search,True,122,-746.4675655362823,5,True,population_collapse_convergence
2025-09-29,M612,1933.4937681481483,1963.0735688609686,21,47699.5689217889,45616.73072727077,43533.892532752645,2082.8381945181236,0.0,926.3440863537088,46543.07481362448,6031.040958290638,0.0,3,0.7263650999957463,0.8663386000116589,0,differential_evolution_staged_direct_search,True,22,-4454.791250318343,3,True,population_collapse_convergence,36,differential_evolution_staged_direct_search,True,92,-2822.0062436645144,8,False,maxiter_budget,72,differential_evolution_staged_direct_search,True,82,-611.6639003770761,3,True,population_collapse_convergence
2025-09-30,M612,1963.0735688609686,2117.9160095750667,21,47359.7036723003,47403.2447395981,46333.0648404424,513.319415928949,556.8604832267513,286.7718229166676,47690.016562514764,1208.958488339032,468.1017218392065,3,1.2526900000084424,1.3913832000107504,0,differential_evolution_staged_direct_search,True,22,-4454.32841682824,3,True,population_collapse_convergence,36,differential_evolution_staged_direct_search,True,92,-2418.073647135223,8,False,maxiter_budget,72,differential_evolution_staged_direct_search,True,182,-549.9903726790386,8,False,maxiter_budget
2025-10-01,M612,2117.9160095750667,3773.3268659034575,21,43637.29346527134,41777.81695163825,39918.34043751279,1859.476513879277,2.461868488416645e-07,0.0,41777.81695163825,7541.621934538711,2.3789616740751268e-07,3,0.832698199985316,0.9793807999958517,0,differential_evolution_staged_direct_search,True,17,-4454.32841682824,2,True,population_collapse_convergence,36,differential_evolution_staged_direct_search,True,52,-3295.6476529086526,4,True,population_collapse_convergence,72,differential_evolution_staged_direct_search,True,122,-697.8706893816213,5,True,population_collapse_convergence
2025-10-02,M612,3773.3268659034575,4009.7045494165054,21,47632.4717615732,43205.812060850934,38779.15236012867,4426.659700722266,0.0,0.0,43205.812060850934,14267.943568847913,0.0,3,1.2769562000030419,1.4156625999894459,0,differential_evolution_staged_direct_search,True,32,-4454.3065997699405,5,True,population_collapse_convergence,36,differential_evolution_staged_direct_search,True,92,-3070.3359235346998,8,False,maxiter_budget,72,differential_evolution_staged_direct_search,True,182,-729.8216413889907,8,False,maxiter_budget
2025-10-03,M612,4009.7045494165054,4317.627589814815,21,17071.570825467934,17190.595617977837,17071.570825467934,0.0,119.02479250990623,0.0,17190.595617977837,0.0,95.66047731975476,3,1.2172722999966936,1.35533530000248,0,differential_evolution_staged_direct_search,True,12,-2055.905306195975,1,True,population_collapse_convergence,36,differential_evolution_staged_direct_search,True,92,-4455.600000000001,8,False,maxiter_budget,72,differential_evolution_staged_direct_search,True,182,-975.1080814910612,8,False,maxiter_budget
2025-10-04,M612,4317.627589814815,4100.5491391843425,21,18969.603498841876,18793.23560644647,18616.86771405107,176.36789239540232,0.0,0.0,18793.23560644647,332.66705739995984,0.0,3,1.235005499998806,1.377031199997873,0,differential_evolution_staged_direct_search,True,17,-2388.21369457536,2,True,population_collapse_convergence,36,differential_evolution_staged_direct_search,True,92,-4455.600000000001,8,False,maxiter_budget,72,differential_evolution_staged_direct_search,True,182,-936.5791309807113,8,False,maxiter_budget
2025-10-05,M612,4100.5491391843425,3812.190293703703,21,45607.69066560922,42373.05634375514,39019.440829571395,3294.124918018912,59.49059616483288,0.0,42373.05634375514,11461.43572969129,53.98452318336956,3,1.0841671999951359,1.22479179999209,0,differential_evolution_staged_direct_search,True,22,-4454.326820085441,3,True,population_collapse_convergence,36,differential_evolution_staged_direct_search,True,32,-2569.59804570713,2,True,population_collapse_convergence,72,differential_evolution_staged_direct_search,True,182,-697.9584886675193,8,False,maxiter_budget
2025-10-06,M612,3812.190293703703,3468.686942222225,21,39676.435211632095,41363.09553457057,39676.435211632095,0.0,1686.660322938471,0.0,41363.09553457057,0.0,2366.469674477034,3,1.1236179000115953,1.2673789999971632,0,differential_evolution_staged_direct_search,True,12,-4454.326820085441,1,True,population_collapse_convergence,36,differential_evolution_staged_direct_search,True,62,-2765.738153203377,5,True,population_collapse_convergence,72,differential_evolution_staged_direct_search,True,182,-836.0720231036238,8,False,maxiter_budget
2025-10-07,M612,3468.686942222225,3733.748303333332,21,42099.09109425769,42616.280639266944,40749.56374137327,674.76367644221,1191.953221451462,0.0,42616.280639266944,2780.2647361610925,1078.4622903173758,3,1.0859325000055833,1.2246723999996902,0,differential_evolution_staged_direct_search,True,12,-4454.326820085441,1,True,population_collapse_convergence,36,differential_evolution_staged_direct_search,True,42,-2649.8623241110845,3,True,population_collapse_convergence,72,differential_evolution_staged_direct_search,True,182,-676.9508196508601,8,False,maxiter_budget
2025-10-08,M612,3733.748303333332,1618.895199814815,21,37446.43540520915,37042.46013190356,36614.6454492317,415.8949779887233,11.91970468313389,1453.899508000828,38496.35963990439,1519.6649882219658,17.045194742076205,3,1.136743299983209,1.2796449000015855,0,differential_evolution_staged_direct_search,True,12,-4454.326820085441,1,True,population_collapse_convergence,36,differential_evolution_staged_direct_search,True,42,-2516.983355146215,3,True,population_collapse_convergence,72,differential_evolution_staged_direct_search,True,182,-718.9292711919927,8,False,maxiter_budget
2025-10-09,M612,1618.895199814815,1507.7290553703701,21,45204.66920843841,41378.33999931426,37552.01079019011,3826.3292091241456,0.0,1666.4816904968202,43044.82168981108,12479.497750099461,0.0,3,0.9215025000012247,1.1120323999930406,0,differential_evolution_staged_direct_search,True,22,-4454.326820085441,3,True,population_collapse_convergence,36,differential_evolution_staged_direct_search,True,42,-2505.438298607801,3,True,population_collapse_convergence,72,differential_evolution_staged_direct_search,True,102,-745.6306530846558,4,True,population_collapse_convergence
2025-10-10,M612,1507.7290553703701,1330.4175396296296,21,16733.910792768052,16432.927616602676,16131.944440437297,300.9831761653776,0.0,956.0318127097114,17388.95942931239,672.137249849762,0.0,3,1.227953299996443,1.3925530999986222,0,differential_evolution_staged_direct_search,True,12,-2298.7645418791017,1,True,population_collapse_convergence,36,differential_evolution_staged_direct_search,True,92,-4455.600000000001,8,False,maxiter_budget,72,differential_evolution_staged_direct_search,True,182,-782.4424006292271,8,False,maxiter_budget
2025-10-11,M612,1330.4175396296296,1708.9105087037033,21,17177.798402048516,17065.34060575557,16952.88280746262,112.45779729294786,9.99998677642111e-07,1108.5417608160024,18173.88236657157,214.9830823979746,9.663223439552698e-07,3,1.0774516999954358,1.2159589999937452,0,differential_evolution_staged_direct_search,True,17,-2521.1803636733,2,True,population_collapse_convergence,36,differential_evolution_staged_direct_search,True,32,-4448.751197504825,2,True,population_collapse_convergence,72,differential_evolution_staged_direct_search,True,182,-735.8162674647059,8,False,maxiter_budget
2025-10-12,M612,1708.9105087037033,1330.86288,21,40028.832923669135,39427.1933645532,38785.12633444587,621.8532946116317,20.213735495698746,4846.766759503584,44273.96012405678,2819.079248300521,16.67846521459836,3,1.1095943999971496,1.2490149000077508,0,differential_evolution_staged_direct_search,True,12,-4454.040001567707,1,True,population_collapse_convergence,36,differential_evolution_staged_direct_search,True,52,-3377.62476344837,4,True,population_collapse_convergence,72,differential_evolution_staged_direct_search,True,182,-657.9861159236524,8,False,maxiter_budget
2025-10-13,M612,1330.86288,1619.0564022879532,21,41926.591088520916,40475.840323073375,37816.45414256223,2055.068472979342,604.3177075318035,0.0,40475.840323073375,7525.490624157982,527.1334707740928,3,1.2301021000166656,1.3680045999935828,0,differential_evolution_staged_direct_search,True,22,-4454.040001567707,3,True,population_collapse_convergence,36,differential_evolution_staged_direct_search,True,92,-2599.562760967028,8,False,maxiter_budget,72,differential_evolution_staged_direct_search,True,182,-559.9689397364635,8,False,maxiter_budget
2025-10-14,M612,1619.0564022879532,1321.0899025925928,21,43643.85202556629,42583.54260553499,40590.015588783346,1526.9182183914727,466.60879836017,431.8687671753079,43015.411372710296,5130.7937121751675,392.95212640064324,3,1.0929340000147931,1.2315576999972109,0,differential_evolution_staged_direct_search,True,17,-4454.541762257497,2,True,population_collapse_convergence,36,differential_evolution_staged_direct_search,True,42,-2449.2090398035625,3,True,population_collapse_convergence,72,differential_evolution_staged_direct_search,True,182,-667.4811513055388,8,False,maxiter_budget
2025-10-15,M612,1321.0899025925928,1555.452982287968,21,45979.22262111503,43849.437947875325,41719.65327463564,2129.7846732396956,0.0,0.0,43849.437947875325,6382.002410447135,0.0,3,1.05538429999433,1.1958117999893147,0,differential_evolution_staged_direct_search,True,12,-4454.541762257497,1,True,population_collapse_convergence,36,differential_evolution_staged_direct_search,True,32,-3029.8483306467997,2,True,population_collapse_convergence,72,differential_evolution_staged_direct_search,True,182,-665.7411591845231,8,False,maxiter_budget
2025-10-16,M612,1555.452982287968,1680.3727043622127,21,43324.79986057476,43282.38396967058,42114.97484796925,604.9125063027595,562.4966153985843,0.0,43282.38396967058,1847.1252305319272,451.0583052578696,3,1.2143794000148773,1.3551386000035563,0,differential_evolution_staged_direct_search,True,12,-4454.541762257497,1,True,population_collapse_convergence,36,differential_evolution_staged_direct_search,True,92,-2737.7381522724113,8,False,maxiter_budget,72,differential_evolution_staged_direct_search,True,182,-644.3873591320017,8,False,maxiter_budget
2025-10-17,M612,1680.3727043622127,1590.532721829299,21,16275.47775474314,17071.337860052714,16275.477754743144,0.0,795.8601053095729,0.0,17071.337860052714,0.0,643.0934093288851,3,1.0727100999938557,1.2161129000014625,0,differential_evolution_staged_direct_search,True,27,-2256.5385401475723,4,True,population_collapse_convergence,36,differential_evolution_staged_direct_search,True,92,-4455.600000000001,8,False,maxiter_budget,72,differential_evolution_staged_direct_search,True,142,-665.7171428835246,6,True,population_collapse_convergence
2025-10-18,M612,1590.532721829299,1824.5781748581958,21,18114.847317356158,17658.773622847577,17202.699928338996,456.0736945085812,0.0,0.0,17658.773622847577,1112.1765733141774,0.0,3,1.2339628000045195,1.3787642999959644,0,differential_evolution_staged_direct_search,True,17,-2303.445773128312,2,True,population_collapse_convergence,36,differential_evolution_staged_direct_search,True,92,-4414.271747795657,8,False,maxiter_budget,72,differential_evolution_staged_direct_search,True,182,-774.971447493871,8,False,maxiter_budget
2025-10-19,M612,1824.5781748581958,1629.439522220746,21,44548.2368384234,43729.17508183415,42910.11331837607,819.0617600236693,3.434420570476959e-06,0.0,43729.17508183415,2722.4726850625375,2.7473166710478836e-06,3,1.2589072999981,1.4024500000086846,0,differential_evolution_staged_direct_search,True,12,-4454.541762257497,1,True,population_collapse_convergence,36,differential_evolution_staged_direct_search,True,92,-3211.2577566790446,8,False,maxiter_budget,72,differential_evolution_staged_direct_search,True,182,-633.2094432577147,8,False,maxiter_budget
2025-10-20,M612,1629.439522220746,1334.9946972207376,21,47394.202979715425,45832.82648959346,44271.4499994715,1561.3764901219627,0.0,0.0,45832.82648959346,4892.60049298509,0.0,3,0.7343408000015188,0.8802779999969061,0,differential_evolution_staged_direct_search,True,12,-4454.541762257497,1,True,population_collapse_convergence,36,differential_evolution_staged_direct_search,True,62,-3299.3423733897034,5,True,population_collapse_convergence,72,differential_evolution_staged_direct_search,True,102,-651.0213424007634,4,True,population_collapse_convergence
2025-10-21,M612,1334.9946972207376,1646.4302058692222,21,46304.18775297106,45795.14992516181,44949.74987603461,677.2189384682234,168.18111065896602,0.0,45795.14992516181,1758.7702508582438,240.49922874155016,3,1.3141221999976551,1.469529699999839,0,differential_evolution_staged_direct_search,True,17,-4454.679571820499,2,True,population_collapse_convergence,36,differential_evolution_staged_direct_search,True,92,-2541.2073671412595,8,False,maxiter_budget,72,differential_evolution_staged_direct_search,True,182,-706.8660321855838,8,False,maxiter_budget
2025-10-22,M612,1646.4302058692222,1409.4090425925926,21,44115.959120545784,44272.32805862787,44071.82754227645,22.065789134668336,178.43472721675445,0.0,44272.32805862787,65.65976091224138,277.36240990454127,3,1.2612469000014244,1.40457269999024,0,differential_evolution_staged_direct_search,True,12,-4454.332210229278,1,True,population_collapse_convergence,36,differential_evolution_staged_direct_search,True,92,-2678.7411337062754,8,False,maxiter_budget,72,differential_evolution_staged_direct_search,True,182,-722.3799611851389,8,False,maxiter_budget
2025-10-23,M612,1409.4090425925926,1668.8883670370399,21,51606.586416926024,47821.86290503464,43138.643921353694,4233.971247786163,449.24773589478383,0.0,47821.86290503464,13080.360359787297,373.35209048906677,3,1.1763148000027286,1.3250975999981165,0,differential_evolution_staged_direct_search,True,12,-4454.332210229278,1,True,population_collapse_convergence,36,differential_evolution_staged_direct_search,True,52,-3057.089644284418,4,True,population_collapse_convergence,72,differential_evolution_staged_direct_search,True,182,-611.5591593641842,8,False,maxiter_budget
2025-10-24,M612,1668.8883670370399,1531.1488116666662,21,17712.07079415267,17692.768865970145,17673.46693578762,19.3019291825272,1.0000000862930847e-06,78.61594688925729,17771.384812859404,35.9373099656064,9.663237051679805e-07,3,1.0948207000183174,1.242975800007116,0,differential_evolution_staged_direct_search,True,12,-2641.3915985339804,1,True,population_collapse_convergence,36,differential_evolution_staged_direct_search,True,32,-4454.940615562695,2,True,population_collapse_convergence,72,differential_evolution_staged_direct_search,True,182,-783.3785568060006,8,False,maxiter_budget
2025-10-25,M612,1531.1488116666662,1501.447971111111,21,17698.01354959512,17645.871262527748,17593.72897546037,52.14228706737609,0.0,792.327294166955,18438.198556694704,115.77708423566953,0.0,3,1.2189262000028975,1.3636510999931488,0,differential_evolution_staged_direct_search,True,17,-2541.5802997609435,2,True,population_collapse_convergence,36,differential_evolution_staged_direct_search,True,62,-4428.943246477766,5,True,population_collapse_convergence,72,differential_evolution_staged_direct_search,True,182,-801.5691552028002,8,False,maxiter_budget
2025-10-26,M612,1501.447971111111,2069.88993185185,21,48430.13382637952,46243.22967314199,43968.15864527846,2230.9875905505323,44.08343731299681,0.0,46243.22967314199,6473.760976945664,34.772786337081996,3,1.1172735999862198,1.2604337999946438,0,differential_evolution_staged_direct_search,True,17,-4454.624200607486,2,True,population_collapse_convergence,36,differential_evolution_staged_direct_search,True,42,-3000.86546120526,3,True,population_collapse_convergence,72,differential_evolution_staged_direct_search,True,182,-642.2005070828934,8,False,maxiter_budget
2025-10-27,M612,2069.88993185185,1937.646021851851,21,43978.050700671374,45044.952540531536,43366.68670607645,305.68199729746203,1372.5838371576278,89.82957419999975,45134.78211473153,1366.8642707262557,1326.1728525483422,3,1.1438175999937812,1.2844792999967467,0,differential_evolution_staged_direct_search,True,17,-4454.624200607486,2,True,population_collapse_convergence,36,differential_evolution_staged_direct_search,True,52,-3150.2541780073434,4,True,population_collapse_convergence,72,differential_evolution_staged_direct_search,True,182,-620.9881724601253,8,False,maxiter_budget
2025-10-28,M612,1937.646021851851,1893.1521133333345,21,43775.69663477653,45849.99019560057,43738.456354768365,18.62014000407965,2092.913700828122,0.0,45849.99019560057,53.979243380430944,2302.6081278737242,3,1.2633446999825537,1.4103850000101374,0,differential_evolution_staged_direct_search,True,22,-4454.673132461299,3,True,population_collapse_convergence,36,differential_evolution_staged_direct_search,True,92,-3290.2697684723626,8,False,maxiter_budget,72,differential_evolution_staged_direct_search,True,182,-572.9350232309354,8,False,maxiter_budget
2025-10-29,M612,1893.1521133333345,1725.847069074076,21,49344.180794575994,48358.01855961043,47339.19917987883,1002.4908073485864,16.328572383007014,0.0,48358.01855961043,3138.4716419079996,13.51423329857812,3,1.1020463000022573,1.2521788000012748,0,differential_evolution_staged_direct_search,True,17,-4454.673132461299,2,True,population_collapse_convergence,36,differential_evolution_staged_direct_search,True,32,-2531.52171489991,2,True,population_collapse_convergence,72,differential_evolution_staged_direct_search,True,182,-627.5464670723636,8,False,maxiter_budget
2025-10-30,M612,1725.847069074076,1696.0298246296331,21,43384.02354511646,44814.69447026585,43214.02602990392,84.99875760627117,1515.6696827556586,16.568520749999568,44831.26299101585,373.53881611193657,1432.6184263101122,3,1.133587099990109,1.2784840000094846,0,differential_evolution_staged_direct_search,True,12,-4454.673132461299,1,True,population_collapse_convergence,36,differential_evolution_staged_direct_search,True,52,-3303.9989313145843,4,True,population_collapse_convergence,72,differential_evolution_staged_direct_search,True,182,-588.4876138109877,8,False,maxiter_budget
2025-10-31,M612,1696.0298246296331,2002.5343861544743,21,19862.679316213005,19433.478900856637,19004.27848550027,429.2004153563696,0.0,0.0,19433.478900856637,1144.4044708946994,0.0,3,1.268180899991421,1.4139678000065032,0,differential_evolution_staged_direct_search,True,22,-2752.7262647592515,3,True,population_collapse_convergence,36,differential_evolution_staged_direct_search,True,92,-4112.999062287553,8,False,maxiter_budget,72,differential_evolution_staged_direct_search,True,182,-715.5019384874824,8,False,maxiter_budget
2025-11-01,M612,2002.5343861544743,2168.3586872666388,21,18757.17007960908,18617.995053603234,18478.820027597387,139.1750260058467,0.0,0.0,18617.995053603234,356.95259574421266,0.0,3,1.4779608999961056,1.6345101999904728,0,differential_evolution_staged_direct_search,True,22,-2691.5483171917554,3,True,population_collapse_convergence,36,differential_evolution_staged_direct_search,True,92,-4089.23901552011,8,False,maxiter_budget,72,differential_evolution_staged_direct_search,True,182,-706.5028393431927,8,False,maxiter_budget
2025-11-02,M612,2168.3586872666388,1592.7562955555557,21,47822.99036741122,48327.7629531119,45957.47975448136,932.755306464933,1437.5278921656086,1129.1973149132828,49456.960268025185,2548.759170616146,1476.827809991651,3,1.1869958999886876,1.3450258000084432,0,differential_evolution_staged_direct_search,True,17,-4454.673132461299,2,True,population_collapse_convergence,36,differential_evolution_staged_direct_search,True,52,-2851.5931760001467,4,True,population_collapse_convergence,72,differential_evolution_staged_direct_search,True,182,-632.7539180669285,8,False,maxiter_budget
2025-11-03,M612,1592.7562955555557,1870.2324837037045,21,51160.365938233736,49296.583300334605,47432.800662435475,1863.782637899132,0.0,0.0,49296.583300334605,5381.883550184139,0.0,3,1.0776760000153445,1.2233084000035888,0,differential_evolution_staged_direct_search,True,17,-4454.673132461299,2,True,population_collapse_convergence,36,differential_evolution_staged_direct_search,True,22,-2887.061294280825,1,True,population_collapse_convergence,72,differential_evolution_staged_direct_search,True,182,-614.04273328766,8,False,maxiter_budget
2025-11-04,M612,1870.2324837037045,1473.769461666667,21,47251.45693755185,46705.699927543385,45762.105133494275,744.6759020287891,198.91889202032448,358.6744351978787,47064.37436274126,2794.4336022960733,154.42023852562647,3,1.2100096000212943,1.367690400002175,0,differential_evolution_staged_direct_search,True,17,-4454.496104654127,2,True,population_collapse_convergence,36,differential_evolution_staged_direct_search,True,62,-2814.2234538949738,5,True,population_collapse_convergence,72,differential_evolution_staged_direct_search,True,182,-701.4039984806269,8,False,maxiter_budget
2025-11-05,M612,1473.769461666667,1890.2193455555541,21,53091.32906944047,50297.144390978676,47502.95971251688,2794.184678461795,0.0,109.22909814908047,50406.373489127756,8090.169513061593,0.0,3,1.2697076999902492,1.4142393999936758,0,differential_evolution_staged_direct_search,True,17,-4454.496104654127,2,True,population_collapse_convergence,36,differential_evolution_staged_direct_search,True,92,-2637.169359522146,8,False,maxiter_budget,72,differential_evolution_staged_direct_search,True,182,-610.709799095434,8,False,maxiter_budget
2025-11-06,M612,1890.2193455555541,1579.6060258182654,21,48968.147729347984,48851.959197930635,48323.974904954935,322.086412196522,205.89788077917714,0.0,48851.959197930635,990.4416478962106,179.60907190304567,3,1.2685835999873234,1.4157477999979164,0,differential_evolution_staged_direct_search,True,17,-4454.496104654127,2,True,population_collapse_convergence,36,differential_evolution_staged_direct_search,True,92,-2779.528912014264,8,False,maxiter_budget,72,differential_evolution_staged_direct_search,True,182,-644.6431577491867,8,False,maxiter_budget
2025-11-07,M612,1579.6060258182654,1784.3855496564884,21,18798.029302880135,18793.108241588983,18788.187180297835,4.921061291151359,0.0,0.0,18793.108241588983,9.162281309162836,0.0,3,0.925739500002237,1.07158960000379,0,differential_evolution_staged_direct_search,True,17,-3130.731752708728,2,True,population_collapse_convergence,36,differential_evolution_staged_direct_search,True,42,-2896.2469595094017,3,True,population_collapse_convergence,72,differential_evolution_staged_direct_search,True,142,-787.6388727461926,6,True,population_collapse_convergence
2025-11-08,M612,1784.3855496564884,1765.8223211778673,21,18861.724512105706,18788.534773813477,18715.345035521255,73.18973829222516,0.0,0.0,18788.534773813477,149.28629952454253,0.0,3,1.294987899978878,1.4401947000005748,0,differential_evolution_staged_direct_search,True,22,-3011.2539185522037,3,True,population_collapse_convergence,36,differential_evolution_staged_direct_search,True,92,-4179.242944440713,8,False,maxiter_budget,72,differential_evolution_staged_direct_search,True,182,-700.1855541598987,8,False,maxiter_budget
2025-11-09,M612,1765.8223211778673,1874.908250370369,21,50603.61067019186,49615.567090556564,48615.40578932602,994.1024404329196,6.058860797625712,0.0,49615.567090556564,3210.6504705176712,5.014575458411514,3,1.2984944000054384,1.4487351999996463,0,differential_evolution_staged_direct_search,True,17,-4454.496104654127,2,True,population_collapse_convergence,36,differential_evolution_staged_direct_search,True,92,-2791.1129905446082,8,False,maxiter_budget,72,differential_evolution_staged_direct_search,True,182,-716.9064690812162,8,False,maxiter_budget
2025-11-10,M612,1874.908250370369,1560.7530211111111,21,50885.793940011616,51067.0205308299,49078.2213892822,903.7862753647064,1085.0128661829924,228.15422833717767,51295.17475916707,2501.6830160622094,842.2693049848331,3,1.26239629999327,1.4137118000071496,0,differential_evolution_staged_direct_search,True,12,-4453.824373985893,1,True,population_collapse_convergence,36,differential_evolution_staged_direct_search,True,92,-2431.268387266003,8,False,maxiter_budget,72,differential_evolution_staged_direct_search,True,182,-637.9511641331253,8,False,maxiter_budget
2025-11-11,M612,1560.7530211111111,1737.1798738888906,21,52947.87328551327,51029.01139518166,49110.14950485005,1918.861890331611,0.0,0.0,51029.01139518166,5087.375335911811,0.0,3,1.0993848000071011,1.2444504000013694,0,differential_evolution_staged_direct_search,True,17,-4453.824373985893,2,True,population_collapse_convergence,36,differential_evolution_staged_direct_search,True,32,-2857.658678930191,2,True,population_collapse_convergence,72,differential_evolution_staged_direct_search,True,182,-622.7128519843695,8,False,maxiter_budget
2025-11-12,M612,1737.1798738888906,1603.8799725925926,21,50148.482764311164,50420.829619069606,48098.23071366616,1025.1260253225007,1297.4728800809366,132.1835795786577,50553.01319864827,3511.7752467412156,1000.9113449316811,3,1.225949200015748,1.3721399999922141,0,differential_evolution_staged_direct_search,True,12,-4454.497923682149,1,True,population_collapse_convergence,36,differential_evolution_staged_direct_search,True,92,-2815.2967032114843,8,False,maxiter_budget,72,differential_evolution_staged_direct_search,True,182,-626.2882982678191,8,False,maxiter_budget
2025-11-13,M612,1603.8799725925926,1779.5870507407406,21,48959.60018111652,49676.15415232499,48017.71010042489,470.94504034581394,1187.4990115542782,1351.2988900232272,51027.45304234822,1828.9043388959228,1082.3858671265577,3,0.6940071999997599,0.8358265999995638,0,differential_evolution_staged_direct_search,True,17,-4453.722690319422,2,True,population_collapse_convergence,36,differential_evolution_staged_direct_search,True,42,-3292.4486298632864,3,True,population_collapse_convergence,72,differential_evolution_staged_direct_search,True,102,-709.8264025748301,4,True,population_collapse_convergence
2025-11-14,M612,1779.5870507407406,1924.1321554618378,21,19755.22954002845,19591.72006668505,19428.210593341657,163.5094733433958,0.0,0.0,19591.72006668505,388.7639926641201,0.0,3,0.6527979000093183,0.797485900009633,0,differential_evolution_staged_direct_search,True,17,-3073.270706530235,2,True,population_collapse_convergence,36,differential_evolution_staged_direct_search,True,32,-4032.9980187243805,2,True,population_collapse_convergence,72,differential_evolution_staged_direct_search,True,102,-681.5908040870888,4,True,population_collapse_convergence
2025-11-15,M612,1924.1321554618378,1650.1550670803888,21,21178.615917033494,20782.411865217022,20386.207813400557,396.20405181646674,0.0,0.0,20782.411865217022,1216.4307848612368,0.0,3,1.0945861999935005,1.2335658999945736,0,differential_evolution_staged_direct_search,True,12,-4209.339504896219,1,True,population_collapse_convergence,36,differential_evolution_staged_direct_search,True,32,-4309.252938019819,2,True,population_collapse_convergence,72,differential_evolution_staged_direct_search,True,182,-653.2025584925423,8,False,maxiter_budget
2025-11-16,M612,1650.1550670803888,1665.063351851851,21,50863.16971372698,51882.762734360855,50187.699602881745,337.7350554226192,1357.3280760564935,0.0,51882.762734360855,1223.003436399595,1165.8017130639191,3,1.0900782000098843,1.232994999998482,0,differential_evolution_staged_direct_search,True,17,-4454.421524505195,2,True,population_collapse_convergence,36,differential_evolution_staged_direct_search,True,52,-2873.063166775907,4,True,population_collapse_convergence,72,differential_evolution_staged_direct_search,True,182,-664.2570865089484,8,False,maxiter_budget
2025-11-17,M612,1665.063351851851,1929.00663277778,21,49414.66979540305,52086.016988454205,49064.15387140588,175.25796199858866,2846.6051550497377,0.0,52086.016988454205,616.8882858098862,2578.2966012393217,3,0.8010456999909366,0.9413398999895435,0,differential_evolution_staged_direct_search,True,22,-4454.436804340586,3,True,population_collapse_convergence,36,differential_evolution_staged_direct_search,True,42,-2849.4800131836014,3,True,population_collapse_convergence,72,differential_evolution_staged_direct_search,True,122,-683.8219740467266,5,True,population_collapse_convergence
2025-11-18,M612,1929.00663277778,1772.625564175854,21,51583.54842927208,51135.63317210426,50687.71791493645,447.9152571678115,0.0,0.0,51135.63317210426,1176.9754487073444,0.0,3,0.8138084999809507,0.9475822999957018,0,differential_evolution_staged_direct_search,True,17,-4454.78845883794,2,True,population_collapse_convergence,36,differential_evolution_staged_direct_search,True,62,-2653.353889542602,5,True,population_collapse_convergence,72,differential_evolution_staged_direct_search,True,122,-602.6134027941627,5,True,population_collapse_convergence
2025-11-19,M612,1772.625564175854,1586.7689261111127,21,50662.93960688184,52200.42946279214,50082.334391747696,290.30260756707094,1827.792463477369,0.0,52200.42946279214,1073.7103477724672,1432.5812277002601,3,1.3148781999916537,1.4627012999990257,0,differential_evolution_staged_direct_search,True,22,-4454.788458837939,3,True,population_collapse_convergence,36,differential_evolution_staged_direct_search,True,92,-2582.1746005726286,8,False,maxiter_budget,72,differential_evolution_staged_direct_search,True,182,-702.3586667149705,8,False,maxiter_budget
2025-11-20,M612,1586.7689261111127,1826.3693181481494,21,50971.73715853931,51820.89813888074,50542.37548470452,214.68083691739574,1063.8418172588226,0.0,51820.89813888074,753.1549726044541,933.3500620978201,3,0.8192496999836294,0.9541289999906439,0,differential_evolution_staged_direct_search,True,27,-4453.917944787381,4,True,population_collapse_convergence,36,differential_evolution_staged_direct_search,True,92,-3026.0036908968955,8,False,maxiter_budget,72,differential_evolution_staged_direct_search,True,102,-690.1193713462853,4,True,population_collapse_convergence
2025-11-21,M612,1826.3693181481494,1948.2591287322705,21,19788.568808540404,19747.86579706258,19707.162785584762,40.70301147782092,0.0,0.0,19747.86579706258,76.44493788963433,0.0,3,1.089507800003048,1.2354722000018228,0,differential_evolution_staged_direct_search,True,17,-3245.9759439164927,2,True,population_collapse_convergence,36,differential_evolution_staged_direct_search,True,32,-2945.758782565041,2,True,population_collapse_convergence,72,differential_evolution_staged_direct_search,True,182,-757.5851028425684,8,False,maxiter_budget
2025-11-22,M612,1948.2591287322705,1786.4759504949714,21,22297.07659382226,21656.871398631432,21016.66620344061,640.205195190825,0.0,0.0,21656.871398631432,2577.2495017037413,0.0,3,1.2520479999948293,1.3953480999916792,0,differential_evolution_staged_direct_search,True,22,-4250.278754766006,3,True,population_collapse_convergence,36,differential_evolution_staged_direct_search,True,92,-3784.1160324084167,8,False,maxiter_budget,72,differential_evolution_staged_direct_search,True,182,-688.8727761380563,8,False,maxiter_budget
2025-11-23,M612,1786.4759504949714,1823.4543141609427,21,51968.83215426269,52436.14552074506,51130.25551997399,419.28831714435023,886.6016836267333,0.0,52436.14552074506,1260.9195531896416,697.4975822813535,3,1.2304318999958923,1.3692649000004167,0,differential_evolution_staged_direct_search,True,12,-4453.722035469333,1,True,population_collapse_convergence,36,differential_evolution_staged_direct_search,True,92,-2668.8584607469625,8,False,maxiter_budget,72,differential_evolution_staged_direct_search,True,182,-599.9757708687564,8,False,maxiter_budget
2025-11-24,M612,1823.4543141609427,1377.136607592595,21,50384.83320213245,50377.78956439782,49746.903515926606,318.964843102923,311.9212053682899,85.71106349999933,50463.50062789782,1006.355021290281,294.4643007835356,3,0.6545271000068169,0.8010477999923751,0,differential_evolution_staged_direct_search,True,17,-4453.722035469333,2,True,population_collapse_convergence,36,differential_evolution_staged_direct_search,True,32,-3036.632861078539,2,True,population_collapse_convergence,72,differential_evolution_staged_direct_search,True,102,-712.7083143257007,4,True,population_collapse_convergence
2025-11-25,M612,1377.136607592595,1642.126568888888,21,59179.57717951614,55946.21974241177,52712.86230530741,3233.3574371043674,0.0,0.0,55946.21974241177,9166.938616376954,0.0,3,0.7294753000023775,0.8656886999960989,0,differential_evolution_staged_direct_search,True,17,-4453.690493523419,2,True,population_collapse_convergence,36,differential_evolution_staged_direct_search,True,62,-2885.4769288998496,5,True,population_collapse_convergence,72,differential_evolution_staged_direct_search,True,102,-630.5684718849518,4,True,population_collapse_convergence
2025-11-26,M612,1642.126568888888,2094.2256727557924,21,55457.029703547596,54564.31230290569,52949.06905836979,1253.9803225889061,361.26292194699425,209.30622008333327,54773.61852298902,3735.033821872233,284.04422573283045,3,1.2325364999996964,1.365445000003092,0,differential_evolution_staged_direct_search,True,17,-4452.93916218891,2,True,population_collapse_convergence,36,differential_evolution_staged_direct_search,True,92,-2523.5598875548803,8,False,maxiter_budget,72,differential_evolution_staged_direct_search,True,182,-655.4116062363815,8,False,maxiter_budget
2025-11-27,M612,2094.2256727557924,1912.46246047389,21,53693.27839878236,52980.58045710827,52267.882491136246,712.6979538230578,1.2148962770197612e-05,0.0,52980.58045710827,2279.7908908785453,1.0595641697364044e-05,3,1.1155950999964261,1.2545718000037596,0,differential_evolution_staged_direct_search,True,22,-4452.93916218891,3,True,population_collapse_convergence,36,differential_evolution_staged_direct_search,True,42,-2811.9473243666325,3,True,population_collapse_convergence,72,differential_evolution_staged_direct_search,True,182,-641.8421023336747,8,False,maxiter_budget
2025-11-28,M612,1912.46246047389,1815.8957439343405,21,20502.167390141465,20314.138988876377,20126.11058761129,188.02840126508852,0.0,541.1511854499962,20855.290174326372,599.2390164973776,0.0,3,1.0764594999927795,1.2250106999999844,0,differential_evolution_staged_direct_search,True,17,-3609.4686733346302,2,True,population_collapse_convergence,36,differential_evolution_staged_direct_search,True,42,-3096.8767378451585,3,True,population_collapse_convergence,72,differential_evolution_staged_direct_search,True,182,-734.6036320568102,8,False,maxiter_budget
2025-11-29,M612,1815.8957439343405,1778.6461694931736,21,25925.35279961173,24024.388232777317,22123.42366594291,1900.9645668344097,0.0,0.0,24024.388232777317,7989.991309515928,0.0,3,1.1325589000189211,1.270049700004165,0,differential_evolution_staged_direct_search,True,32,-4454.168424946111,5,True,population_collapse_convergence,36,differential_evolution_staged_direct_search,True,52,-3458.2307731092415,4,True,population_collapse_convergence,72,differential_evolution_staged_direct_search,True,182,-720.7709901408041,8,False,maxiter_budget
2025-11-30,M612,1778.6461694931736,1648.8514277777758,21,55389.76894138676,55603.15163854995,54802.10169624116,293.8336225728033,507.2163197359877,27.58286025000031,55630.734498799946,1072.681427002677,479.81496035343366,3,1.0416036999959033,1.1836178999947151,0,differential_evolution_staged_direct_search,True,17,-4454.168424946112,2,True,population_collapse_convergence,36,differential_evolution_staged_direct_search,True,32,-2860.3523964144833,2,True,population_collapse_convergence,72,differential_evolution_staged_direct_search,True,182,-670.2407227741005,8,False,maxiter_budget
2025-12-01,M612,1648.8514277777758,1577.2410965872036,21,58816.74926552173,58220.76793330707,56348.66523180936,1234.0420168561818,638.0606846415218,11258.479233295358,69479.24716660244,3417.1077642589753,433.95452994132995,3,1.2132655000023078,1.3528471000026911,0,differential_evolution_staged_direct_search,True,12,-4454.168424946112,1,True,population_collapse_convergence,36,differential_evolution_staged_direct_search,True,92,-2807.4747037159955,8,False,maxiter_budget,72,differential_evolution_staged_direct_search,True,182,-619.6040313708577,8,False,maxiter_budget
2025-12-02,M612,1577.2410965872036,1413.8043714814814,21,60468.31269888425,59450.279669880896,57744.663935503915,1361.8243816901636,343.79135268681375,12973.424364199658,72423.70403408055,4217.057050797498,246.61064103388406,3,1.202574499999173,1.338359400004265,0,differential_evolution_staged_direct_search,True,22,-4420.88272198133,3,True,population_collapse_convergence,36,differential_evolution_staged_direct_search,True,92,-1927.4310215334242,8,False,maxiter_budget,72,differential_evolution_staged_direct_search,True,182,-608.7088491147373,8,False,maxiter_budget
2025-12-03,M612,1413.8043714814814,1422.196876481481,21,54084.15161271459,60627.882622067045,54063.132068874,10.50977192029248,6554.240781272751,3718.51466619814,64346.39728826519,30.467522598325786,6082.613050101731,3,1.1930256999912672,1.3302614999993239,0,differential_evolution_staged_direct_search,True,22,-4397.276605488675,3,True,population_collapse_convergence,36,differential_evolution_staged_direct_search,True,92,-1450.308656167738,8,False,maxiter_budget,72,differential_evolution_staged_direct_search,True,182,-601.2307464641451,8,False,maxiter_budget
2025-12-04,M612,1422.196876481481,1336.5760529629638,21,59837.33856523927,60187.6597244092,56251.3142728877,1793.012146175783,2143.3333053457104,8105.313828459826,68292.97355286902,4681.610489400148,1505.1765083842608,3,1.039583700010553,1.1714503999974113,0,differential_evolution_staged_direct_search,True,17,-4383.8961615161,2,True,population_collapse_convergence,36,differential_evolution_staged_direct_search,True,32,-1278.553882348138,2,True,population_collapse_convergence,72,differential_evolution_staged_direct_search,True,182,-588.4676656212825,8,False,maxiter_budget
2025-12-05,M612,1336.5760529629638,1532.8297192592522,21,24395.462239600813,24424.341973647697,24255.971789614086,69.74522499336082,98.62495904024826,0.0,24424.341973647697,316.4014575311419,134.11594496233272,3,0.8896741999924416,1.09511609999754,0,differential_evolution_staged_direct_search,True,17,-4377.20815148062,2,True,population_collapse_convergence,36,differential_evolution_staged_direct_search,True,52,-2740.241470318117,4,True,population_collapse_convergence,72,differential_evolution_staged_direct_search,True,142,-724.5652677036635,6,True,population_collapse_convergence
2025-12-06,M612,1532.8297192592522,1467.2315275925926,21,25908.356540801095,25499.92387521721,25091.49120963333,408.4326655838819,0.0,390.7381116963366,25890.661986913547,1431.3898680861878,0.0,3,1.2025491999957012,1.3428256000042893,0,differential_evolution_staged_direct_search,True,17,-4387.1302108920045,2,True,population_collapse_convergence,36,differential_evolution_staged_direct_search,True,92,-1630.1551289733713,8,False,maxiter_budget,72,differential_evolution_staged_direct_search,True,182,-665.9924729649075,8,False,maxiter_budget
2025-12-07,M612,1467.2315275925926,1480.1112527777782,21,62828.926683051934,61071.1725446936,59110.75584430411,1859.0854193739112,101.3312810155655,2972.4104691191715,64043.58301381278,5195.36115358977,70.45701642022354,3,1.1969664000207558,1.3307439999916824,0,differential_evolution_staged_direct_search,True,17,-4394.998961283168,2,True,population_collapse_convergence,36,differential_evolution_staged_direct_search,True,92,-1840.7975678847142,8,False,maxiter_budget,72,differential_evolution_staged_direct_search,True,182,-583.0139801343112,8,False,maxiter_budget
2025-12-08,M612,1480.1112527777782,1931.8139215618187,21,67614.9540493759,65587.20365980509,63559.453270234284,2027.7503895708069,0.0,0.0,65587.20365980509,5544.820999103609,0.0,3,1.1895060999813722,1.3229432000080124,0,differential_evolution_staged_direct_search,True,17,-4410.774206223926,2,True,population_collapse_convergence,36,differential_evolution_staged_direct_search,True,92,-2970.1486255718246,8,False,maxiter_budget,72,differential_evolution_staged_direct_search,True,182,-555.8248245180868,8,False,maxiter_budget
2025-12-09,M612,1931.8139215618187,1943.0117322971912,21,66885.4360136402,64781.91208782291,62678.388162005605,2103.5239258172887,0.0,0.0,64781.91208782291,5483.214807473429,0.0,3,1.1354987999948207,1.269234100007452,0,differential_evolution_staged_direct_search,True,17,-4410.763743636772,2,True,population_collapse_convergence,36,differential_evolution_staged_direct_search,True,62,-1805.9696792945124,5,True,population_collapse_convergence,72,differential_evolution_staged_direct_search,True,182,-605.8418227657357,8,False,maxiter_budget
2025-12-10,M612,1943.0117322971912,1754.4462529629623,21,63169.713606920646,63739.74607467829,62264.63567988408,452.53896351828473,1022.571431275928,0.0,63739.74607467829,990.0131629261656,1232.839379316431,3,1.2285040999850025,1.366595799991046,0,differential_evolution_staged_direct_search,True,22,-4411.077078933642,3,True,population_collapse_convergence,36,differential_evolution_staged_direct_search,True,42,-1103.7973661552237,3,True,population_collapse_convergence,72,differential_evolution_staged_direct_search,True,182,-620.937782482919,8,False,maxiter_budget
2025-12-11,M612,1754.4462529629623,2006.6806892592579,21,66138.35027619333,64042.29017481127,61946.23007342922,2096.0601013820556,0.0,0.0,64042.29017481127,5483.913013988106,0.0,3,1.2458133999898564,1.3847348999988753,0,differential_evolution_staged_direct_search,True,17,-4409.879325427146,2,True,population_collapse_convergence,36,differential_evolution_staged_direct_search,True,92,-1385.0694956145603,8,False,maxiter_budget,72,differential_evolution_staged_direct_search,True,182,-631.1426719128473,8,False,maxiter_budget
2025-12-12,M612,2006.6806892592579,2069.2988518518528,21,28736.55810139082,28354.69320538706,27246.07315435409,745.2424735183653,363.37757751460106,0.0,28354.69320538706,3116.057061169303,342.9233536007099,3,1.1041415000072448,1.2427199999947334,0,differential_evolution_staged_direct_search,True,22,-4410.562491316818,3,True,population_collapse_convergence,36,differential_evolution_staged_direct_search,True,52,-2081.7783601169713,4,True,population_collapse_convergence,72,differential_evolution_staged_direct_search,True,182,-668.3233427132784,8,False,maxiter_budget
2025-12-13,M612,2069.2988518518528,2211.512335185183,21,29796.508499904245,29017.04859758635,27501.880389631067,1147.3140551365882,367.8541528186913,0.0,29017.04859758635,3719.44470605265,349.55441019169405,3,1.1978519999975106,1.3347415999887744,0,differential_evolution_staged_direct_search,True,17,-4408.8902855224715,2,True,population_collapse_convergence,36,differential_evolution_staged_direct_search,True,92,-2578.7324459848082,8,False,maxiter_budget,72,differential_evolution_staged_direct_search,True,182,-614.502135699542,8,False,maxiter_budget
2025-12-14,M612,2211.512335185183,1956.6254761111122,21,62368.00098971331,64517.24491711976,62368.00098971331,0.0,2149.2439274064413,0.0,64517.24491711976,0.0,2461.701588664698,3,1.2535530000022845,1.394491899991408,0,differential_evolution_staged_direct_search,True,17,-4409.646186902948,2,True,population_collapse_convergence,36,differential_evolution_staged_direct_search,True,92,-1130.3741239577696,8,False,maxiter_budget,72,differential_evolution_staged_direct_search,True,182,-693.9430768695998,8,False,maxiter_budget
2025-12-15,M612,1956.6254761111122,1945.5983714814831,21,61978.43008848575,64162.77842648896,61978.430088485744,0.0,2184.348338003219,0.0,64162.77842648896,0.0,2347.7043571312975,3,0.9882705000054557,1.1284579999919515,0,differential_evolution_staged_direct_search,True,12,-4408.8902855224715,1,True,population_collapse_convergence,36,differential_evolution_staged_direct_search,True,92,-1210.0897848929385,8,False,maxiter_budget,72,differential_evolution_staged_direct_search,True,142,-748.8372693488911,6,True,population_collapse_convergence
2025-12-16,M612,1945.5983714814831,1792.145909629629,21,66577.54347641242,65037.37186365803,63497.20025090363,1540.171612754392,0.0,0.0,65037.37186365803,3504.597808821037,0.0,3,1.1793689999904018,1.3134153999999398,0,differential_evolution_staged_direct_search,True,12,-4408.439913945964,1,True,population_collapse_convergence,36,differential_evolution_staged_direct_search,True,92,-1498.543539313725,8,False,maxiter_budget,72,differential_evolution_staged_direct_search,True,182,-662.6915408321022,8,False,maxiter_budget
2025-12-17,M612,1792.145909629629,1886.0764896296314,21,66270.23146951513,64124.519052858566,61978.80663620199,2145.712416656579,0.0,0.0,64124.519052858566,5408.443180569162,0.0,3,1.0857816000061575,1.2188195000053383,0,differential_evolution_staged_direct_search,True,17,-4406.1910199799595,2,True,population_collapse_convergence,36,differential_evolution_staged_direct_search,True,52,-1797.1287930050373,4,True,population_collapse_convergence,72,differential_evolution_staged_direct_search,True,182,-634.5781620316841,8,False,maxiter_budget
2025-12-18,M612,1886.0764896296314,1821.331427918773,21,63208.15415065551,62570.191395130845,61888.55743810204,659.7983562767307,21.835600752070263,0.0,62570.191395130845,1505.0842635283082,12.498752538814756,3,1.0770342000032542,1.2100600999983726,0,differential_evolution_staged_direct_search,True,17,-4407.694146869016,2,True,population_collapse_convergence,36,differential_evolution_staged_direct_search,True,42,-2116.910351811115,3,True,population_collapse_convergence,72,differential_evolution_staged_direct_search,True,182,-649.6966854832797,8,False,maxiter_budget
2025-12-19,M612,1821.331427918773,1741.0595050244103,21,28001.987768386345,27357.02745995699,26712.067142511118,644.9603129376128,4.508261272314939e-06,0.0,27357.02745995699,2426.110626004198,3.7700796724493557e-06,3,0.7145578000054229,0.8556179000006523,0,differential_evolution_staged_direct_search,True,17,-4408.598807243439,2,True,population_collapse_convergence,36,differential_evolution_staged_direct_search,True,22,-2811.4947416724312,1,True,population_collapse_convergence,72,differential_evolution_staged_direct_search,True,122,-746.8402309257526,5,True,population_collapse_convergence
2025-12-20,M612,1741.0595050244103,1855.6040518038124,21,29810.621747567067,28368.40839867758,26926.19504978809,1442.2133488894892,0.0,0.0,28368.40839867758,4754.918545658886,0.0,3,1.2238897000061115,1.3659732000087388,0,differential_evolution_staged_direct_search,True,12,-4407.965456979575,1,True,population_collapse_convergence,36,differential_evolution_staged_direct_search,True,92,-1905.9488061280554,8,False,maxiter_budget,72,differential_evolution_staged_direct_search,True,182,-745.4174527771289,8,False,maxiter_budget
2025-12-21,M612,1855.6040518038124,2008.4598086286355,21,65509.02811807706,64590.10837112054,63671.188624164024,918.9197469565187,0.0,0.0,64590.10837112054,2152.1172765111987,0.0,3,1.0556102999835275,1.1920097999973223,0,differential_evolution_staged_direct_search,True,12,-4409.03769010082,1,True,population_collapse_convergence,36,differential_evolution_staged_direct_search,True,42,-1710.4394709947908,3,True,population_collapse_convergence,72,differential_evolution_staged_direct_search,True,182,-717.6692274084916,8,False,maxiter_budget
2025-12-22,M612,2008.4598086286355,1646.0806731481478,21,63834.02593964341,63262.65250947808,62675.91016887954,579.0578853819345,7.6844552166113695,102.03094026664873,63364.68344974473,1204.8964320987802,4.409890801762572,3,0.7516915000014706,0.8855435000004945,0,differential_evolution_staged_direct_search,True,17,-4409.244675677897,2,True,population_collapse_convergence,36,differential_evolution_staged_direct_search,True,32,-1679.0017395145783,2,True,population_collapse_convergence,72,differential_evolution_staged_direct_search,True,122,-725.8056560126041,5,True,population_collapse_convergence
2025-12-23,M612,1646.0806731481478,1962.5693014309484,21,65674.72048137692,63840.81139109734,62006.90230081774,1833.9090902795988,0.0,0.0,63840.81139109734,4633.605652389422,0.0,3,1.1685796999954619,1.3012068000098225,0,differential_evolution_staged_direct_search,True,22,-4397.703225383269,3,True,population_collapse_convergence,36,differential_evolution_staged_direct_search,True,72,-1783.11647569805,6,True,population_collapse_convergence,72,differential_evolution_staged_direct_search,True,182,-673.3496492655618,8,False,maxiter_budget
2025-12-24,M612,1962.5693014309484,1741.369682592596,21,64357.696536740885,63073.480730650575,61782.97287876907,1287.3618289859087,3.146022895602861,0.0,63073.480730650575,3097.7111900826944,1.7952140692190142,3,1.0438317000080133,1.1770281000062823,0,differential_evolution_staged_direct_search,True,17,-4376.136283313662,2,True,population_collapse_convergence,36,differential_evolution_staged_direct_search,True,32,-1615.7358723807479,2,True,population_collapse_convergence,72,differential_evolution_staged_direct_search,True,182,-695.2527516568957,8,False,maxiter_budget
2025-12-25,M612,1741.369682592596,1877.3836150000009,21,60758.183407229066,61678.716790087536,60758.183407229066,0.0,920.5333828584642,0.0,61678.716790087536,0.0,1100.7453827941301,3,0.7393065999931423,0.8707447000051616,0,differential_evolution_staged_direct_search,True,17,-4372.370497550663,2,True,population_collapse_convergence,36,differential_evolution_staged_direct_search,True,32,-1817.3891236330933,2,True,population_collapse_convergence,72,differential_evolution_staged_direct_search,True,122,-628.4855450254761,5,True,population_collapse_convergence
2025-12-26,M612,1877.3836150000009,2479.798129444447,21,26727.35533332061,26703.4378119279,26177.810230903102,274.7725512087541,250.85502981604105,0.0,26703.4378119279,1134.1117507182792,317.7742699089125,3,0.9221200000029057,1.0623084000108065,0,differential_evolution_staged_direct_search,True,22,-4385.9429455918535,3,True,population_collapse_convergence,36,differential_evolution_staged_direct_search,True,92,-2005.4855139228425,8,False,maxiter_budget,72,differential_evolution_staged_direct_search,True,122,-809.3954010348223,5,True,population_collapse_convergence
2025-12-27,M612,2479.798129444447,2082.0681219310086,21,26941.33675901825,26498.465078134144,26055.593397250035,442.8716808841069,0.0,0.0,26498.465078134144,1611.6005619611328,0.0,3,1.108867899994948,1.2525133000017377,0,differential_evolution_staged_direct_search,True,22,-4397.911488633772,3,True,population_collapse_convergence,36,differential_evolution_staged_direct_search,True,42,-2451.6993697568537,3,True,population_collapse_convergence,72,differential_evolution_staged_direct_search,True,182,-695.0274617365733,8,False,maxiter_budget
2025-12-28,M612,2082.0681219310086,2031.9443075470492,21,62020.734088337544,60935.47895971752,59850.22383109749,1085.255128620021,0.0,58.99481686553992,60994.47377658306,2633.3774132036615,0.0,3,1.2474277000001166,1.3885953999997582,0,differential_evolution_staged_direct_search,True,27,-4424.649730778734,4,True,population_collapse_convergence,36,differential_evolution_staged_direct_search,True,92,-1929.4357752904293,8,False,maxiter_budget,72,differential_evolution_staged_direct_search,True,182,-732.2940112699789,8,False,maxiter_budget
2025-12-29,M612,2031.9443075470492,1755.533419815802,21,60947.73984232744,61038.446241476966,60822.41590649272,62.66196791736069,153.36836706687433,0.0,61038.446241476966,163.2795322547487,201.77191011166593,3,1.2237257000087993,1.359037400005036,0,differential_evolution_staged_direct_search,True,17,-4454.56766521654,2,True,population_collapse_convergence,36,differential_evolution_staged_direct_search,True,92,-2438.3091875799196,8,False,maxiter_budget,72,differential_evolution_staged_direct_search,True,182,-740.2845864570712,8,False,maxiter_budget
2025-12-30,M612,1755.533419815802,1797.3393629187058,21,61519.31543542324,60562.96624512963,59557.86187253834,980.7267814424468,24.37759114883289,442.8794369926065,61005.845682122235,2936.7039832184555,16.196881348493434,3,1.0274347999948077,1.1612528999976348,0,differential_evolution_staged_direct_search,True,12,-4454.56766521654,1,True,population_collapse_convergence,36,differential_evolution_staged_direct_search,True,42,-2467.1869320917835,3,True,population_collapse_convergence,72,differential_evolution_staged_direct_search,True,182,-717.9791157395379,8,False,maxiter_budget
2025-12-31,M612,1797.3393629187058,1627.3262116666704,21,62958.96035743022,62267.6059374773,61256.9079913067,851.0261830617575,159.67176310884133,43.49605411518379,62311.101991592484,2485.8329157078915,132.0067805809549,3,1.216895099991234,1.352766399999382,0,differential_evolution_staged_direct_search,True,17,-4454.56766521654,2,True,population_collapse_convergence,36,differential_evolution_staged_direct_search,True,92,-2651.32181735282,8,False,maxiter_budget,72,differential_evolution_staged_direct_search,True,182,-766.4235772327023,8,False,maxiter_budget
