calibrations,residual_count,candidate_ops,initial_soc_kwh,final_soc_kwh,calibration_seconds,day_seconds
"[{'theta': array([-3528.2261098]), 'n_active': 1, 'beta1_train': -4008.981338175454, 'beta0_train': -4037.143703453317, 'beta1_val': -4054.261593004115, 'beta0_val': -4054.261593004115, 'selected_score': -4037.143703453317, 'evaluations': 20, 'seconds': 0.027469400010886602, 'method': 'differential_evolution_v2', 'accepted_search': True, 'solver_message': 'Optimization terminated successfully.'}, {'theta': array([-4729.54557264,     0.        ]), 'n_active': 1, 'beta1_train': -959.597978931321, 'beta0_train': -3206.593394339358, 'beta1_val': -652.4872916386535, 'beta0_val': -3238.0044044471056, 'selected_score': -3206.593394339358, 'evaluations': 35, 'seconds': 0.04069369999342598, 'method': 'differential_evolution_v2', 'accepted_search': True, 'solver_message': 'Optimization terminated successfully.'}, {'theta': array([-5364.18452455,     0.        , -3547.08035279,     0.        ]), 'n_active': 2, 'beta1_train': -3382.5559507910257, 'beta0_train': -3630.64019942845, 'beta1_val': -3403.5533910297095, 'beta0_val': -3656.2841910947805, 'selected_score': -3630.64019942845, 'evaluations': 95, 'seconds': 0.1059638000006089, 'method': 'differential_evolution_v2', 'accepted_search': True, 'solver_message': 'Maximum number of iterations has been exceeded.'}]",24,"[{'update_slot': 54, 'hour': 9, 'info': 'both', 'lp_status': 'optimal', 'lp_message': '', 'fallback': False}]",2122.4825093090917,9645.736530383798,0.17412690000492148,0.3235573999991175
"[{'theta': array([-1917.12119212]), 'n_active': 1, 'beta1_train': -4427.319363845117, 'beta0_train': -4643.508429694352, 'beta1_val': -4645.2, 'beta0_val': -4645.2, 'selected_score': -4643.508429694352, 'evaluations': 15, 'seconds': 0.023588999989442527, 'method': 'differential_evolution_v2', 'accepted_search': True, 'solver_message': 'Optimization terminated successfully.'}, {'theta': array([-3997.46869597,     0.        ]), 'n_active': 1, 'beta1_train': -2775.886627585895, 'beta0_train': -2939.2176146225825, 'beta1_val': -2778.4871727218174, 'beta0_val': -2778.4871727218174, 'selected_score': -2939.2176146225825, 'evaluations': 20, 'seconds': 0.027836699999170378, 'method': 'differential_evolution_v2', 'accepted_search': True, 'solver_message': 'Optimization terminated successfully.'}, {'theta': array([-2093.86489361,     0.        ,  -565.64496697,     0.        ]), 'n_active': 2, 'beta1_train': -450.5109099947346, 'beta0_train': -1058.0382983257111, 'beta1_val': -1244.5556291106493, 'beta0_val': -1244.5556291106493, 'selected_score': -1058.0382983257111, 'evaluations': 85, 'seconds': 0.09971189999487251, 'method': 'differential_evolution_v2', 'accepted_search': True, 'solver_message': 'Optimization terminated successfully.'}]",25,"[{'update_slot': 54, 'hour': 9, 'info': 'both', 'lp_status': 'optimal', 'lp_message': '', 'fallback': False}]",9645.736530383798,3059.6547896178904,0.15113759998348542,0.2951264000002993
"[{'theta': array([-6318.39664348]), 'n_active': 1, 'beta1_train': -3681.6758786833234, 'beta0_train': -3863.251696704948, 'beta1_val': -3873.155861666667, 'beta0_val': -3913.2000000000003, 'selected_score': -3863.251696704948, 'evaluations': 20, 'seconds': 0.02574810000078287, 'method': 'differential_evolution_v2', 'accepted_search': True, 'solver_message': 'Optimization terminated successfully.'}, {'theta': array([-4298.59181052,     0.        ]), 'n_active': 1, 'beta1_train': -2505.1726813578557, 'beta0_train': -2525.3327931396225, 'beta1_val': -2934.3293403858547, 'beta0_val': -2934.3293403858547, 'selected_score': -2525.3327931396225, 'evaluations': 20, 'seconds': 0.03016090000164695, 'method': 'differential_evolution_v2', 'accepted_search': True, 'solver_message': 'Optimization terminated successfully.'}, {'theta': array([-3061.91872501,     0.        ,  -649.32617427,     0.        ]), 'n_active': 2, 'beta1_train': -172.5537471173983, 'beta0_train': -617.1954359432442, 'beta1_val': -806.1312322721609, 'beta0_val': -853.3551947721604, 'selected_score': -617.1954359432442, 'evaluations': 95, 'seconds': 0.11007219999737572, 'method': 'differential_evolution_v2', 'accepted_search': True, 'solver_message': 'Maximum number of iterations has been exceeded.'}]",26,"[{'update_slot': 54, 'hour': 9, 'info': 'both', 'lp_status': 'optimal', 'lp_message': '', 'fallback': False}]",3059.6547896178904,2328.369625185186,0.16598119999980554,0.3113319000112824
"[{'theta': array([-7498.38649487]), 'n_active': 1, 'beta1_train': -4399.148988762295, 'beta0_train': -4425.578828893637, 'beta1_val': -4426.799999999999, 'beta0_val': -4426.799999999999, 'selected_score': -4425.578828893637, 'evaluations': 15, 'seconds': 0.02496189999510534, 'method': 'differential_evolution_v2', 'accepted_search': True, 'solver_message': 'Optimization terminated successfully.'}, {'theta': array([-7627.6157581,     0.       ]), 'n_active': 1, 'beta1_train': -2230.467810733744, 'beta0_train': -2328.180214543201, 'beta1_val': -2443.854266313643, 'beta0_val': -2443.854266313643, 'selected_score': -2328.180214543201, 'evaluations': 15, 'seconds': 0.023650400005863048, 'method': 'differential_evolution_v2', 'accepted_search': True, 'solver_message': 'Optimization terminated successfully.'}, {'theta': array([-5016.37063362,     0.        , -2797.85231068,     0.        ]), 'n_active': 2, 'beta1_train': 7.905277599683989, 'beta0_train': -677.944950306024, 'beta1_val': -909.9350437585977, 'beta0_val': -942.397053845727, 'selected_score': -677.944950306024, 'evaluations': 65, 'seconds': 0.08420219999970868, 'method': 'differential_evolution_v2', 'accepted_search': True, 'solver_message': 'Optimization terminated successfully.'}]",27,"[{'update_slot': 54, 'hour': 9, 'info': 'both', 'lp_status': 'optimal', 'lp_message': '', 'fallback': False}]",2328.369625185186,2270.814585064419,0.13281450000067707,0.2828621000080602
"[{'theta': array([-8034.15497142]), 'n_active': 1, 'beta1_train': -4364.95121647454, 'beta0_train': -4396.831707933242, 'beta1_val': -4398.0, 'beta0_val': -4398.0, 'selected_score': -4396.831707933242, 'evaluations': 20, 'seconds': 0.028574600000865757, 'method': 'differential_evolution_v2', 'accepted_search': True, 'solver_message': 'Optimization terminated successfully.'}, {'theta': array([-1244.75081456,     0.        ]), 'n_active': 1, 'beta1_train': -1875.4034108749197, 'beta0_train': -2081.2405202940167, 'beta1_val': -2992.1780471079896, 'beta0_val': -2992.1780471079896, 'selected_score': -2081.2405202940167, 'evaluations': 25, 'seconds': 0.03391100000590086, 'method': 'differential_evolution_v2', 'accepted_search': True, 'solver_message': 'Optimization terminated successfully.'}, {'theta': array([-5831.7508682 ,     0.        , -6826.23219922,     0.        ]), 'n_active': 2, 'beta1_train': -568.0257678816236, 'beta0_train': -951.1929798059078, 'beta1_val': -1169.06691505836, 'beta0_val': -1184.565501546914, 'selected_score': -951.1929798059078, 'evaluations': 75, 'seconds': 0.09910300000046846, 'method': 'differential_evolution_v2', 'accepted_search': True, 'solver_message': 'Optimization terminated successfully.'}]",28,"[{'update_slot': 54, 'hour': 9, 'info': 'both', 'lp_status': 'optimal', 'lp_message': '', 'fallback': False}]",2270.814585064419,2729.94312074074,0.16158860000723507,0.3075892000051681
"[{'theta': array([-9202.45149599]), 'n_active': 1, 'beta1_train': -2025.0200850587596, 'beta0_train': -2852.7751438152604, 'beta1_val': -2512.815316734009, 'beta0_val': -2918.3999999999996, 'selected_score': -2852.7751438152604, 'evaluations': 20, 'seconds': 0.029131799994502217, 'method': 'differential_evolution_v2', 'accepted_search': True, 'solver_message': 'Optimization terminated successfully.'}, {'theta': array([-2646.88312443,     0.        ]), 'n_active': 1, 'beta1_train': -1546.4541530494716, 'beta0_train': -1571.2816550036332, 'beta1_val': -1766.856782610144, 'beta0_val': -1766.8567826101478, 'selected_score': -1571.2816550036332, 'evaluations': 20, 'seconds': 0.029550599996582605, 'method': 'differential_evolution_v2', 'accepted_search': True, 'solver_message': 'Optimization terminated successfully.'}, {'theta': array([-6075.39496085,     0.        , -6246.99085209,     0.        ]), 'n_active': 2, 'beta1_train': -6.767477596780846, 'beta0_train': -459.1101202595195, 'beta1_val': -382.06053651545915, 'beta0_val': -553.4291652187655, 'selected_score': -459.1101202595195, 'evaluations': 95, 'seconds': 0.11032069999782834, 'method': 'differential_evolution_v2', 'accepted_search': True, 'solver_message': 'Maximum number of iterations has been exceeded.'}]",29,"[{'update_slot': 54, 'hour': 9, 'info': 'both', 'lp_status': 'optimal', 'lp_message': '', 'fallback': False}]",2729.94312074074,2269.6233770370372,0.16900309998891316,0.3171842000010656
"[{'theta': array([-4952.48730465]), 'n_active': 1, 'beta1_train': -2976.139769092208, 'beta0_train': -3042.3196311036877, 'beta1_val': -3044.3999999999996, 'beta0_val': -3044.3999999999996, 'selected_score': -3042.3196311036877, 'evaluations': 20, 'seconds': 0.028613500006031245, 'method': 'differential_evolution_v2', 'accepted_search': True, 'solver_message': 'Optimization terminated successfully.'}, {'theta': array([-5694.75655865,     0.        ]), 'n_active': 1, 'beta1_train': 350.9422649237442, 'beta0_train': -1905.541022092399, 'beta1_val': -180.8794243160819, 'beta0_val': -2212.8281976449625, 'selected_score': -1905.541022092399, 'evaluations': 15, 'seconds': 0.024183100002119318, 'method': 'differential_evolution_v2', 'accepted_search': True, 'solver_message': 'Optimization terminated successfully.'}, {'theta': array([-3725.35528353,     0.        , -7225.15135383,     0.        ]), 'n_active': 2, 'beta1_train': -216.64119654956755, 'beta0_train': -498.2645082218147, 'beta1_val': -645.2847933465798, 'beta0_val': -645.2847933465798, 'selected_score': -498.2645082218147, 'evaluations': 95, 'seconds': 0.10638739999558311, 'method': 'differential_evolution_v2', 'accepted_search': True, 'solver_message': 'Maximum number of iterations has been exceeded.'}]",30,"[{'update_slot': 54, 'hour': 9, 'info': 'both', 'lp_status': 'optimal', 'lp_message': '', 'fallback': False}]",2269.6233770370372,1687.5950147383708,0.15918400000373367,0.30314209999050945
"[{'theta': array([-1155.03181132]), 'n_active': 1, 'beta1_train': -3358.726941108963, 'beta0_train': -3391.7373535187535, 'beta1_val': -3652.201940381267, 'beta0_val': -3652.201940381267, 'selected_score': -3391.7373535187535, 'evaluations': 15, 'seconds': 0.022393599996576086, 'method': 'differential_evolution_v2', 'accepted_search': True, 'solver_message': 'Optimization terminated successfully.'}, {'theta': array([-4868.13338244,     0.        ]), 'n_active': 1, 'beta1_train': -1236.457468227493, 'beta0_train': -3302.5913067414635, 'beta1_val': -2429.1538734066107, 'beta0_val': -4009.3284227644126, 'selected_score': -3302.5913067414635, 'evaluations': 15, 'seconds': 0.023148199994466268, 'method': 'differential_evolution_v2', 'accepted_search': True, 'solver_message': 'Optimization terminated successfully.'}, {'theta': array([-4291.337201  ,     0.        , -7953.39566476,     0.        ]), 'n_active': 2, 'beta1_train': -3928.0560032312655, 'beta0_train': -4064.7711105037456, 'beta1_val': -4096.646503374835, 'beta0_val': -4096.646503374835, 'selected_score': -4064.7711105037456, 'evaluations': 95, 'seconds': 0.10792080000101123, 'method': 'differential_evolution_v2', 'accepted_search': True, 'solver_message': 'Maximum number of iterations has been exceeded.'}]",31,"[{'update_slot': 54, 'hour': 9, 'info': 'both', 'lp_status': 'optimal', 'lp_message': '', 'fallback': False}]",1687.5950147383708,9733.626704999999,0.15346259999205358,0.29832729999907315
"[{'theta': array([-8291.05388486]), 'n_active': 1, 'beta1_train': -4341.314841356132, 'beta0_train': -4444.081109013645, 'beta1_val': -4450.8, 'beta0_val': -4450.8, 'selected_score': -4444.081109013645, 'evaluations': 15, 'seconds': 0.023235100001329556, 'method': 'differential_evolution_v2', 'accepted_search': True, 'solver_message': 'Optimization terminated successfully.'}, {'theta': array([-398.73434436,    0.        ]), 'n_active': 1, 'beta1_train': -3060.361621960014, 'beta0_train': -3111.0556412622905, 'beta1_val': -2935.630076868915, 'beta0_val': -2935.630076868915, 'selected_score': -3111.0556412622905, 'evaluations': 15, 'seconds': 0.024788499998976476, 'method': 'differential_evolution_v2', 'accepted_search': True, 'solver_message': 'Optimization terminated successfully.'}, {'theta': array([-3326.53410246,     0.        ,  -219.45115136,     0.        ]), 'n_active': 2, 'beta1_train': -701.6955519868199, 'beta0_train': -767.6329637238466, 'beta1_val': -709.842751501045, 'beta0_val': -759.6140498123827, 'selected_score': -767.6329637238466, 'evaluations': 95, 'seconds': 0.11545040000055451, 'method': 'differential_evolution_v2', 'accepted_search': True, 'solver_message': 'Maximum number of iterations has been exceeded.'}]",32,"[{'update_slot': 54, 'hour': 9, 'info': 'both', 'lp_status': 'optimal', 'lp_message': '', 'fallback': False}]",9733.626704999999,1692.6781710057344,0.16347400000086054,0.30744800000684336
"[{'theta': array([-1448.04256854]), 'n_active': 1, 'beta1_train': -4476.140684510492, 'beta0_train': -4564.953514270467, 'beta1_val': -4572.0, 'beta0_val': -4572.0, 'selected_score': -4564.953514270467, 'evaluations': 25, 'seconds': 0.03259489999618381, 'method': 'differential_evolution_v2', 'accepted_search': True, 'solver_message': 'Optimization terminated successfully.'}, {'theta': array([-6328.50923048,     0.        ]), 'n_active': 1, 'beta1_train': -2663.011356573162, 'beta0_train': -2694.49723863876, 'beta1_val': -2586.718974942377, 'beta0_val': -2696.4127393046206, 'selected_score': -2694.49723863876, 'evaluations': 20, 'seconds': 0.027426100001321174, 'method': 'differential_evolution_v2', 'accepted_search': True, 'solver_message': 'Optimization terminated successfully.'}, {'theta': array([-1234.59700286,     0.        , -5980.02172603,     0.        ]), 'n_active': 2, 'beta1_train': -841.4446126359583, 'beta0_train': -1095.4096962945707, 'beta1_val': -865.4865623685365, 'beta0_val': -1023.3897132405873, 'selected_score': -1095.4096962945707, 'evaluations': 95, 'seconds': 0.10689119999005925, 'method': 'differential_evolution_v2', 'accepted_search': True, 'solver_message': 'Maximum number of iterations has been exceeded.'}]",33,"[{'update_slot': 54, 'hour': 9, 'info': 'both', 'lp_status': 'optimal', 'lp_message': '', 'fallback': False}]",1692.6781710057344,2368.816802565981,0.16691219998756424,0.30891300000075717
"[{'theta': array([-3800.65262176]), 'n_active': 1, 'beta1_train': -4036.858861553467, 'beta0_train': -4104.2089782004305, 'beta1_val': -4055.1254090895827, 'beta0_val': -4107.599999999999, 'selected_score': -4104.2089782004305, 'evaluations': 20, 'seconds': 0.027730700006941333, 'method': 'differential_evolution_v2', 'accepted_search': True, 'solver_message': 'Optimization terminated successfully.'}, {'theta': array([-8649.30060149,     0.        ]), 'n_active': 1, 'beta1_train': -2291.040445964184, 'beta0_train': -2352.1407917190527, 'beta1_val': -2397.569564113395, 'beta0_val': -2397.569564113395, 'selected_score': -2352.1407917190527, 'evaluations': 20, 'seconds': 0.028063099991413765, 'method': 'differential_evolution_v2', 'accepted_search': True, 'solver_message': 'Optimization terminated successfully.'}, {'theta': array([-7381.07464006,     0.        , -1624.03121395,     0.        ]), 'n_active': 2, 'beta1_train': -484.49041384416154, 'beta0_train': -698.7631661689418, 'beta1_val': -630.8216551540124, 'beta0_val': -630.8216551540124, 'selected_score': -698.7631661689418, 'evaluations': 65, 'seconds': 0.07991620000393596, 'method': 'differential_evolution_v2', 'accepted_search': True, 'solver_message': 'Optimization terminated successfully.'}]",34,"[{'update_slot': 54, 'hour': 9, 'info': 'both', 'lp_status': 'optimal', 'lp_message': '', 'fallback': False}]",2368.816802565981,1551.0964688888882,0.13571000000229105,0.28016899999056477
"[{'theta': array([-2891.92080684]), 'n_active': 1, 'beta1_train': -3987.15071707988, 'beta0_train': -4056.34145975107, 'beta1_val': -4059.6, 'beta0_val': -4059.6, 'selected_score': -4056.34145975107, 'evaluations': 25, 'seconds': 0.03342970000812784, 'method': 'differential_evolution_v2', 'accepted_search': True, 'solver_message': 'Optimization terminated successfully.'}, {'theta': array([-3246.68769564,     0.        ]), 'n_active': 1, 'beta1_train': -2416.982684677523, 'beta0_train': -2455.4005607355734, 'beta1_val': -1280.650090070689, 'beta0_val': -1299.5290417748681, 'selected_score': -2455.4005607355734, 'evaluations': 15, 'seconds': 0.025124799998593517, 'method': 'differential_evolution_v2', 'accepted_search': True, 'solver_message': 'Optimization terminated successfully.'}, {'theta': array([ -367.87325652,     0.        , -7117.73199227,     0.        ]), 'n_active': 2, 'beta1_train': -718.3308479606015, 'beta0_train': -947.4140386984955, 'beta1_val': -727.0937845659705, 'beta0_val': -815.7842243131104, 'selected_score': -947.4140386984955, 'evaluations': 95, 'seconds': 0.11739600000146311, 'method': 'differential_evolution_v2', 'accepted_search': True, 'solver_message': 'Maximum number of iterations has been exceeded.'}]",35,"[{'update_slot': 54, 'hour': 9, 'info': 'both', 'lp_status': 'optimal', 'lp_message': '', 'fallback': False}]",1551.0964688888882,2198.038955400376,0.17595050000818446,0.3267520999943372
"[{'theta': array([-7680.36237312]), 'n_active': 1, 'beta1_train': -1977.8009001079772, 'beta0_train': -3060.3866650966966, 'beta1_val': -2459.2231646490045, 'beta0_val': -3123.229788876976, 'selected_score': -3060.3866650966966, 'evaluations': 15, 'seconds': 0.02481610000540968, 'method': 'differential_evolution_v2', 'accepted_search': True, 'solver_message': 'Optimization terminated successfully.'}, {'theta': array([0., 0.]), 'n_active': 1, 'beta1_train': 2094.035827115728, 'beta0_train': 200.28794923057916, 'beta1_val': 2587.7184960136815, 'beta0_val': 2735.7874504165056, 'selected_score': 2094.035827115728, 'evaluations': 40, 'seconds': 0.04537730000447482, 'method': 'differential_evolution_v2', 'accepted_search': False, 'solver_message': 'Optimization terminated successfully.'}, {'theta': array([-4637.68172018,     0.        , -1986.24685058,     0.        ]), 'n_active': 2, 'beta1_train': -516.8770702913336, 'beta0_train': -572.2862493761004, 'beta1_val': -491.900462113704, 'beta0_val': -491.900462113704, 'selected_score': -572.2862493761004, 'evaluations': 75, 'seconds': 0.09050479999859817, 'method': 'differential_evolution_v2', 'accepted_search': True, 'solver_message': 'Optimization terminated successfully.'}]",36,"[{'update_slot': 54, 'hour': 9, 'info': 'both', 'lp_status': 'optimal', 'lp_message': '', 'fallback': False}]",2198.038955400376,1814.690149444447,0.16069820000848267,0.30090760000166483
"[{'theta': array([-6263.19252788]), 'n_active': 1, 'beta1_train': -2468.336065087987, 'beta0_train': -2516.5867856165996, 'beta1_val': -2465.774665231276, 'beta0_val': -2465.774665231276, 'selected_score': -2516.5867856165996, 'evaluations': 30, 'seconds': 0.03618399999686517, 'method': 'differential_evolution_v2', 'accepted_search': True, 'solver_message': 'Optimization terminated successfully.'}, {'theta': array([-7279.4940715,     0.       ]), 'n_active': 1, 'beta1_train': -530.9244090358609, 'beta0_train': -2418.4280251587597, 'beta1_val': -230.9191550031146, 'beta0_val': -2183.0655774137817, 'selected_score': -2418.4280251587597, 'evaluations': 20, 'seconds': 0.02797660000214819, 'method': 'differential_evolution_v2', 'accepted_search': True, 'solver_message': 'Optimization terminated successfully.'}, {'theta': array([-3238.16166399,     0.        , -7885.52156908,     0.        ]), 'n_active': 2, 'beta1_train': -415.67614137628107, 'beta0_train': -585.2774150199114, 'beta1_val': -555.7675981729409, 'beta0_val': -555.7675981729409, 'selected_score': -585.2774150199114, 'evaluations': 55, 'seconds': 0.07220450000022538, 'method': 'differential_evolution_v2', 'accepted_search': True, 'solver_message': 'Optimization terminated successfully.'}]",37,"[{'update_slot': 54, 'hour': 9, 'info': 'both', 'lp_status': 'optimal', 'lp_message': '', 'fallback': False}]",1814.690149444447,1743.4012018779758,0.13636509999923874,0.2797685999976238
"[{'theta': array([-8153.81526209]), 'n_active': 1, 'beta1_train': -2421.949442843188, 'beta0_train': -2447.532394864104, 'beta1_val': -2404.296474088862, 'beta0_val': -2404.296474088862, 'selected_score': -2447.532394864104, 'evaluations': 15, 'seconds': 0.023259599998709746, 'method': 'differential_evolution_v2', 'accepted_search': True, 'solver_message': 'Optimization terminated successfully.'}, {'theta': array([-5880.4748993,     0.       ]), 'n_active': 1, 'beta1_train': -891.3757949026029, 'beta0_train': -2636.749055825961, 'beta1_val': -78.06260677603768, 'beta0_val': -2335.8808797945244, 'selected_score': -2636.749055825961, 'evaluations': 35, 'seconds': 0.041177400009473786, 'method': 'differential_evolution_v2', 'accepted_search': True, 'solver_message': 'Optimization terminated successfully.'}, {'theta': array([-2679.18525432,     0.        , -4980.50158721,     0.        ]), 'n_active': 2, 'beta1_train': -912.3137713810065, 'beta0_train': -1098.1056747638181, 'beta1_val': -558.8174175578499, 'beta0_val': -1059.0500856942328, 'selected_score': -1098.1056747638181, 'evaluations': 65, 'seconds': 0.08006229999591596, 'method': 'differential_evolution_v2', 'accepted_search': True, 'solver_message': 'Optimization terminated successfully.'}]",38,"[{'update_slot': 54, 'hour': 9, 'info': 'both', 'lp_status': 'optimal', 'lp_message': '', 'fallback': False}]",1743.4012018779758,2765.5314612962957,0.1444993000040995,0.2874318999965908
"[{'theta': array([-4792.98374781]), 'n_active': 1, 'beta1_train': -4260.774702141942, 'beta0_train': -4362.12211947283, 'beta1_val': -4262.969309005, 'beta0_val': -4359.695098971194, 'selected_score': -4362.12211947283, 'evaluations': 20, 'seconds': 0.0279378999985056, 'method': 'differential_evolution_v2', 'accepted_search': True, 'solver_message': 'Optimization terminated successfully.'}, {'theta': array([-8425.36834686,     0.        ]), 'n_active': 1, 'beta1_train': 1216.997315429923, 'beta0_train': -2278.557704015158, 'beta1_val': 2357.3827036293555, 'beta0_val': -1749.5804253540196, 'selected_score': -2278.557704015158, 'evaluations': 20, 'seconds': 0.028909999993629754, 'method': 'differential_evolution_v2', 'accepted_search': True, 'solver_message': 'Optimization terminated successfully.'}, {'theta': array([-4539.479238  ,     0.        , -5910.80739878,     0.        ]), 'n_active': 2, 'beta1_train': -1112.3014872880556, 'beta0_train': -1336.0085393106704, 'beta1_val': -1083.3729926800236, 'beta0_val': -1144.4466149840418, 'selected_score': -1336.0085393106704, 'evaluations': 95, 'seconds': 0.10874229999899399, 'method': 'differential_evolution_v2', 'accepted_search': True, 'solver_message': 'Maximum number of iterations has been exceeded.'}]",39,"[{'update_slot': 54, 'hour': 9, 'info': 'both', 'lp_status': 'optimal', 'lp_message': '', 'fallback': False}]",2765.5314612962957,3000.307647357693,0.16559019999112934,0.30753020000702236
"[{'theta': array([-4604.68314138]), 'n_active': 1, 'beta1_train': -4225.5049940495755, 'beta0_train': -4321.7473709628875, 'beta1_val': -4160.877848191665, 'beta0_val': -4323.401316049382, 'selected_score': -4321.7473709628875, 'evaluations': 20, 'seconds': 0.0274133999919286, 'method': 'differential_evolution_v2', 'accepted_search': True, 'solver_message': 'Optimization terminated successfully.'}, {'theta': array([-3313.85892321,     0.        ]), 'n_active': 1, 'beta1_train': 351.68976007700707, 'beta0_train': -2169.933795567868, 'beta1_val': 939.718374500711, 'beta0_val': -391.7002519357666, 'selected_score': -2169.933795567868, 'evaluations': 20, 'seconds': 0.026798700011568144, 'method': 'differential_evolution_v2', 'accepted_search': True, 'solver_message': 'Optimization terminated successfully.'}, {'theta': array([-938.85949456,    0.        , -898.9926465 ,    0.        ]), 'n_active': 2, 'beta1_train': -717.2646655416305, 'beta0_train': -1003.0997672093087, 'beta1_val': -19.065550600595884, 'beta0_val': -898.5288366285879, 'selected_score': -1003.0997672093087, 'evaluations': 75, 'seconds': 0.09115469999960624, 'method': 'differential_evolution_v2', 'accepted_search': True, 'solver_message': 'Optimization terminated successfully.'}]",40,"[{'update_slot': 54, 'hour': 9, 'info': 'both', 'lp_status': 'optimal', 'lp_message': '', 'fallback': False}]",3000.307647357693,2240.9808827777824,0.14536680000310298,0.290899100000388
"[{'theta': array([-8231.2591068]), 'n_active': 1, 'beta1_train': -4054.1242076293515, 'beta0_train': -4228.777687257408, 'beta1_val': -4136.56244402222, 'beta0_val': -4246.582119407405, 'selected_score': -4228.777687257408, 'evaluations': 20, 'seconds': 0.02629270000034012, 'method': 'differential_evolution_v2', 'accepted_search': True, 'solver_message': 'Optimization terminated successfully.'}, {'theta': array([-5346.59993215,     0.        ]), 'n_active': 1, 'beta1_train': -2472.5097299644067, 'beta0_train': -2512.6535457655546, 'beta1_val': -2547.4793621274443, 'beta0_val': -2610.6891757586272, 'selected_score': -2512.6535457655546, 'evaluations': 30, 'seconds': 0.03742649999912828, 'method': 'differential_evolution_v2', 'accepted_search': True, 'solver_message': 'Optimization terminated successfully.'}, {'theta': array([-7347.3766041 ,     0.        , -2165.51856317,     0.        ]), 'n_active': 2, 'beta1_train': -1083.6017503021292, 'beta0_train': -1088.9407956669434, 'beta1_val': -982.5149334814816, 'beta0_val': -982.5149334814816, 'selected_score': -1088.9407956669434, 'evaluations': 45, 'seconds': 0.060785599998780526, 'method': 'differential_evolution_v2', 'accepted_search': True, 'solver_message': 'Optimization terminated successfully.'}]",41,"[{'update_slot': 54, 'hour': 9, 'info': 'both', 'lp_status': 'optimal', 'lp_message': '', 'fallback': False}]",2240.9808827777824,2712.49457943551,0.12450479999824893,0.26763640000717714
"[{'theta': array([-2657.33346522]), 'n_active': 1, 'beta1_train': -4152.131062251016, 'beta0_train': -4292.278789896807, 'beta1_val': -4136.898272433333, 'beta0_val': -4293.422547325103, 'selected_score': -4292.278789896807, 'evaluations': 20, 'seconds': 0.027694100004737265, 'method': 'differential_evolution_v2', 'accepted_search': True, 'solver_message': 'Optimization terminated successfully.'}, {'theta': array([-7.52414811e+03, -1.25944752e+00]), 'n_active': 2, 'beta1_train': 1725.4620880965288, 'beta0_train': -600.4340047213063, 'beta1_val': 1035.0400822754632, 'beta0_val': -2718.7466537309147, 'selected_score': -600.4340047213063, 'evaluations': 55, 'seconds': 0.04112670000176877, 'method': 'differential_evolution_v2', 'accepted_search': True, 'solver_message': 'Optimization terminated successfully.'}, {'theta': array([-2.82331464e+03,  4.05470984e-01, -7.13752596e+03,  1.48525826e+00]), 'n_active': 4, 'beta1_train': -710.163250680571, 'beta0_train': -777.174487781982, 'beta1_val': 214.9100355452755, 'beta0_val': -672.4840194646148, 'selected_score': -777.174487781982, 'evaluations': 125, 'seconds': 0.0953045999922324, 'method': 'differential_evolution_v2', 'accepted_search': True, 'solver_message': 'Optimization terminated successfully.'}]",42,"[{'update_slot': 54, 'hour': 9, 'info': 'both', 'lp_status': 'optimal', 'lp_message': '', 'fallback': False}]",2712.49457943551,1482.6722181481493,0.16412539999873843,0.3104270999901928
"[{'theta': array([-2474.37472864]), 'n_active': 1, 'beta1_train': -2668.1636505625283, 'beta0_train': -2696.212817660343, 'beta1_val': -2627.193566611668, 'beta0_val': -2696.4, 'selected_score': -2696.212817660343, 'evaluations': 20, 'seconds': 0.026886499996180646, 'method': 'differential_evolution_v2', 'accepted_search': True, 'solver_message': 'Optimization terminated successfully.'}, {'theta': array([-3.64734285e+03,  1.67478099e+00]), 'n_active': 2, 'beta1_train': 1594.70081634949, 'beta0_train': -1277.4655568940584, 'beta1_val': 1943.2485627460442, 'beta0_val': 143.45023669631246, 'selected_score': -1277.4655568940584, 'evaluations': 55, 'seconds': 0.03962949999549892, 'method': 'differential_evolution_v2', 'accepted_search': True, 'solver_message': 'Optimization terminated successfully.'}, {'theta': array([-6.50439492e+03, -1.97195718e+00, -5.87031285e+03, -2.92770647e-01]), 'n_active': 4, 'beta1_train': -305.57934083445366, 'beta0_train': -470.9393789527069, 'beta1_val': -254.64010666793934, 'beta0_val': -371.5553739562358, 'selected_score': -470.9393789527069, 'evaluations': 185, 'seconds': 0.12808370000857394, 'method': 'differential_evolution_v2', 'accepted_search': True, 'solver_message': 'Maximum number of iterations has been exceeded.'}]",42,"[{'update_slot': 54, 'hour': 9, 'info': 'both', 'lp_status': 'optimal', 'lp_message': '', 'fallback': False}]",1482.6722181481493,1685.220939402029,0.1945997000002535,0.3384418000059668
"[{'theta': array([-2047.1112966]), 'n_active': 1, 'beta1_train': -2396.9907571445506, 'beta0_train': -2421.4655058001426, 'beta1_val': -2435.937054980954, 'beta0_val': -2435.937054980954, 'selected_score': -2421.4655058001426, 'evaluations': 20, 'seconds': 0.027408599999034777, 'method': 'differential_evolution_v2', 'accepted_search': True, 'solver_message': 'Optimization terminated successfully.'}, {'theta': array([-2.30549079e+03, -1.53168722e-01]), 'n_active': 2, 'beta1_train': -582.2653470774476, 'beta0_train': -2566.9380748033723, 'beta1_val': 118.86548346951668, 'beta0_val': -2268.2387283702324, 'selected_score': -2566.9380748033723, 'evaluations': 35, 'seconds': 0.030021500002476387, 'method': 'differential_evolution_v2', 'accepted_search': True, 'solver_message': 'Optimization terminated successfully.'}, {'theta': array([-3.13483852e+02,  1.05561170e+00, -3.49745453e+03,  1.82140129e-01]), 'n_active': 4, 'beta1_train': -618.3003456644661, 'beta0_train': -759.9778663350063, 'beta1_val': -539.9720246439973, 'beta0_val': -718.7677712032904, 'selected_score': -759.9778663350063, 'evaluations': 185, 'seconds': 0.12922919999982696, 'method': 'differential_evolution_v2', 'accepted_search': True, 'solver_message': 'Maximum number of iterations has been exceeded.'}]",42,"[{'update_slot': 54, 'hour': 9, 'info': 'both', 'lp_status': 'optimal', 'lp_message': '', 'fallback': False}]",1685.220939402029,2292.7649518255457,0.18665930000133812,0.3329854999901727
"[{'theta': array([-759.93121817]), 'n_active': 1, 'beta1_train': -2651.8839716139914, 'beta0_train': -2669.020675841345, 'beta1_val': -2635.0273356022863, 'beta0_val': -2635.0273356022863, 'selected_score': -2669.020675841345, 'evaluations': 20, 'seconds': 0.026627799990819767, 'method': 'differential_evolution_v2', 'accepted_search': True, 'solver_message': 'Optimization terminated successfully.'}, {'theta': array([-8.42736848e+03, -1.11973928e+00]), 'n_active': 2, 'beta1_train': -1147.2867323446906, 'beta0_train': -3187.4739179101052, 'beta1_val': -1663.0265128355554, 'beta0_val': -3434.6802495587312, 'selected_score': -3187.4739179101052, 'evaluations': 35, 'seconds': 0.028340599994407967, 'method': 'differential_evolution_v2', 'accepted_search': True, 'solver_message': 'Optimization terminated successfully.'}, {'theta': array([-8.60931219e+03, -2.46024071e-01, -9.68231705e+02,  1.72260359e+00]), 'n_active': 4, 'beta1_train': -2284.975145722416, 'beta0_train': -2385.3873062912317, 'beta1_val': -2380.517590708974, 'beta0_val': -2385.3925396756413, 'selected_score': -2385.3873062912317, 'evaluations': 165, 'seconds': 0.11928529999568127, 'method': 'differential_evolution_v2', 'accepted_search': True, 'solver_message': 'Optimization terminated successfully.'}]",42,"[{'update_slot': 54, 'hour': 9, 'info': 'both', 'lp_status': 'optimal', 'lp_message': '', 'fallback': False}]",2292.7649518255457,6340.723669244755,0.174253699980909,0.3221767000068212
"[{'theta': array([-4511.83214343]), 'n_active': 1, 'beta1_train': -4082.6329694543133, 'beta0_train': -4264.228496981549, 'beta1_val': -4191.405388431111, 'beta0_val': -4249.51649318574, 'selected_score': -4264.228496981549, 'evaluations': 20, 'seconds': 0.027292200000374578, 'method': 'differential_evolution_v2', 'accepted_search': True, 'solver_message': 'Optimization terminated successfully.'}, {'theta': array([-5.29495872e+03, -1.10482979e+00]), 'n_active': 2, 'beta1_train': 1604.3158306442067, 'beta0_train': -1155.8526955149584, 'beta1_val': 2084.496239868809, 'beta0_val': 1350.1801278693615, 'selected_score': -1155.8526955149584, 'evaluations': 95, 'seconds': 0.05804210000496823, 'method': 'differential_evolution_v2', 'accepted_search': True, 'solver_message': 'Maximum number of iterations has been exceeded.'}, {'theta': array([-7.20585081e+03, -8.02514069e-01, -3.57754185e+03, -3.12746447e-01]), 'n_active': 4, 'beta1_train': -562.9568299145449, 'beta0_train': -732.1379596151565, 'beta1_val': -271.2926434260237, 'beta0_val': -740.3592897600705, 'selected_score': -732.1379596151565, 'evaluations': 145, 'seconds': 0.10604400000011083, 'method': 'differential_evolution_v2', 'accepted_search': True, 'solver_message': 'Optimization terminated successfully.'}]",42,"[{'update_slot': 54, 'hour': 9, 'info': 'both', 'lp_status': 'optimal', 'lp_message': '', 'fallback': False}]",6340.723669244755,1647.7429579822456,0.19137830000545364,0.3389438999874983
"[{'theta': array([-8434.12335939]), 'n_active': 1, 'beta1_train': -4416.006317328252, 'beta0_train': -4448.178223692662, 'beta1_val': -4448.4, 'beta0_val': -4448.4, 'selected_score': -4448.178223692662, 'evaluations': 15, 'seconds': 0.023083599997335114, 'method': 'differential_evolution_v2', 'accepted_search': True, 'solver_message': 'Optimization terminated successfully.'}, {'theta': array([-9.44406520e+03,  4.44050729e-02]), 'n_active': 2, 'beta1_train': 1067.91025489505, 'beta0_train': -2756.051367593189, 'beta1_val': 1340.3286517174092, 'beta0_val': -2504.3055178312775, 'selected_score': -2756.051367593189, 'evaluations': 95, 'seconds': 0.059254399995552376, 'method': 'differential_evolution_v2', 'accepted_search': True, 'solver_message': 'Maximum number of iterations has been exceeded.'}, {'theta': array([-8.65680012e+03, -1.97918382e+00, -8.80457895e+03, -1.95408325e+00]), 'n_active': 4, 'beta1_train': -730.7623590316166, 'beta0_train': -1039.014717602311, 'beta1_val': -559.9914956834803, 'beta0_val': -960.8168879059265, 'selected_score': -1039.014717602311, 'evaluations': 185, 'seconds': 0.1283625999931246, 'method': 'differential_evolution_v2', 'accepted_search': True, 'solver_message': 'Maximum number of iterations has been exceeded.'}]",42,"[{'update_slot': 54, 'hour': 9, 'info': 'both', 'lp_status': 'optimal', 'lp_message': '', 'fallback': False}]",1647.7429579822456,2485.5941579941077,0.2107005999860121,0.35292829999525566
"[{'theta': array([-4629.09971005]), 'n_active': 1, 'beta1_train': -4255.040337290908, 'beta0_train': -4405.09905060063, 'beta1_val': -4467.774424166667, 'beta0_val': -4483.2, 'selected_score': -4405.09905060063, 'evaluations': 20, 'seconds': 0.02755040000192821, 'method': 'differential_evolution_v2', 'accepted_search': True, 'solver_message': 'Optimization terminated successfully.'}, {'theta': array([-3.47971710e+03,  1.82956986e+00]), 'n_active': 2, 'beta1_train': 867.0228975165844, 'beta0_train': -2588.9169753095216, 'beta1_val': 1026.2129117588938, 'beta0_val': -2652.8148426477073, 'selected_score': -2588.9169753095216, 'evaluations': 95, 'seconds': 0.06114299999899231, 'method': 'differential_evolution_v2', 'accepted_search': True, 'solver_message': 'Maximum number of iterations has been exceeded.'}, {'theta': array([-4.69640065e+02, -1.23860414e+00, -2.29607685e+03, -9.71193640e-01]), 'n_active': 4, 'beta1_train': -715.2483275392194, 'beta0_train': -1080.9175322520764, 'beta1_val': -803.3260881222471, 'beta0_val': -1073.5013014920926, 'selected_score': -1080.9175322520764, 'evaluations': 185, 'seconds': 0.1283867000020109, 'method': 'differential_evolution_v2', 'accepted_search': True, 'solver_message': 'Maximum number of iterations has been exceeded.'}]",42,"[{'update_slot': 54, 'hour': 9, 'info': 'both', 'lp_status': 'optimal', 'lp_message': '', 'fallback': False}]",2485.5941579941077,2290.982838195204,0.21708010000293143,0.36439689999679103
"[{'theta': array([-2150.20718588]), 'n_active': 1, 'beta1_train': -3897.633361815137, 'beta0_train': -3954.5321797409133, 'beta1_val': -3908.462959638085, 'beta0_val': -3955.2000000000003, 'selected_score': -3954.5321797409133, 'evaluations': 20, 'seconds': 0.02599969999573659, 'method': 'differential_evolution_v2', 'accepted_search': True, 'solver_message': 'Optimization terminated successfully.'}, {'theta': array([-2.49782039e+03,  1.10554354e+00]), 'n_active': 2, 'beta1_train': 1221.4731722116553, 'beta0_train': -2504.1155085651767, 'beta1_val': 2434.7723546263755, 'beta0_val': -2053.5940188539953, 'selected_score': -2504.1155085651767, 'evaluations': 45, 'seconds': 0.033671699988190085, 'method': 'differential_evolution_v2', 'accepted_search': True, 'solver_message': 'Optimization terminated successfully.'}, {'theta': array([-8.14235106e+03, -8.87497080e-01, -3.61006734e+03,  7.48493149e-01]), 'n_active': 4, 'beta1_train': -510.4041293434215, 'beta0_train': -715.224147741214, 'beta1_val': -473.9073018273698, 'beta0_val': -611.5765820582718, 'selected_score': -715.224147741214, 'evaluations': 185, 'seconds': 0.12656380000407808, 'method': 'differential_evolution_v2', 'accepted_search': True, 'solver_message': 'Maximum number of iterations has been exceeded.'}]",42,"[{'update_slot': 54, 'hour': 9, 'info': 'both', 'lp_status': 'optimal', 'lp_message': '', 'fallback': False}]",2290.982838195204,2277.377839288106,0.18623519998800475,0.3320344999956433
"[{'theta': array([-4052.2168001]), 'n_active': 1, 'beta1_train': -2868.53509624925, 'beta0_train': -2965.633261110926, 'beta1_val': -2841.7859192499996, 'beta0_val': -2967.6, 'selected_score': -2965.633261110926, 'evaluations': 15, 'seconds': 0.026279300000169314, 'method': 'differential_evolution_v2', 'accepted_search': True, 'solver_message': 'Optimization terminated successfully.'}, {'theta': array([-4.19892033e+03, -2.72935552e-02]), 'n_active': 2, 'beta1_train': 2491.8295892616125, 'beta0_train': -618.9350013681957, 'beta1_val': 2696.67397202121, 'beta0_val': 1038.405248587174, 'selected_score': -618.9350013681957, 'evaluations': 95, 'seconds': 0.05788350000511855, 'method': 'differential_evolution_v2', 'accepted_search': True, 'solver_message': 'Maximum number of iterations has been exceeded.'}, {'theta': array([-7.13346490e+03,  1.14440687e+00, -4.43594117e+03,  1.81876508e+00]), 'n_active': 4, 'beta1_train': -411.4321953211062, 'beta0_train': -531.7613803922251, 'beta1_val': -619.712887282549, 'beta0_val': -619.712887282549, 'selected_score': -531.7613803922251, 'evaluations': 85, 'seconds': 0.07311060000211, 'method': 'differential_evolution_v2', 'accepted_search': True, 'solver_message': 'Optimization terminated successfully.'}]",42,"[{'update_slot': 54, 'hour': 9, 'info': 'both', 'lp_status': 'optimal', 'lp_message': '', 'fallback': False}]",2277.377839288106,1848.4076083333334,0.15727340000739787,0.3018047999939881
"[{'theta': array([-4930.34899448]), 'n_active': 1, 'beta1_train': -1821.1247491924987, 'beta0_train': -1832.0622483887794, 'beta1_val': -1879.1649550268055, 'beta0_val': -1879.1649550268055, 'selected_score': -1832.0622483887794, 'evaluations': 15, 'seconds': 0.023433100010151975, 'method': 'differential_evolution_v2', 'accepted_search': True, 'solver_message': 'Optimization terminated successfully.'}, {'theta': array([-2.85219159e+03,  2.72627219e-01]), 'n_active': 2, 'beta1_train': -817.9696216507613, 'beta0_train': -2544.852930865384, 'beta1_val': -708.6892739136817, 'beta0_val': -2436.1260779425884, 'selected_score': -2544.852930865384, 'evaluations': 65, 'seconds': 0.04613249999238178, 'method': 'differential_evolution_v2', 'accepted_search': True, 'solver_message': 'Optimization terminated successfully.'}, {'theta': array([-6.30147840e+03, -1.30148606e+00, -4.50666323e+03,  4.29596315e-02]), 'n_active': 4, 'beta1_train': -377.165323543063, 'beta0_train': -516.8818209894409, 'beta1_val': -449.138382393316, 'beta0_val': -480.27911423383205, 'selected_score': -516.8818209894409, 'evaluations': 185, 'seconds': 0.12889849999919534, 'method': 'differential_evolution_v2', 'accepted_search': True, 'solver_message': 'Maximum number of iterations has been exceeded.'}]",42,"[{'update_slot': 54, 'hour': 9, 'info': 'both', 'lp_status': 'optimal', 'lp_message': '', 'fallback': False}]",1848.4076083333334,1690.2088607254775,0.1984641000017291,0.3450330000050599
"[{'theta': array([-7646.68318902]), 'n_active': 1, 'beta1_train': -3159.533824126237, 'beta0_train': -3178.811977582002, 'beta1_val': -3152.641032195491, 'beta0_val': -3153.3274153492284, 'selected_score': -3178.811977582002, 'evaluations': 20, 'seconds': 0.0290921999985585, 'method': 'differential_evolution_v2', 'accepted_search': True, 'solver_message': 'Optimization terminated successfully.'}, {'theta': array([-2.17903399e+03, -3.23986323e-02]), 'n_active': 2, 'beta1_train': -2313.15295358011, 'beta0_train': -4282.326791821567, 'beta1_val': -2104.5834611700766, 'beta0_val': -4494.669801923285, 'selected_score': -4282.326791821567, 'evaluations': 95, 'seconds': 0.060582300007808954, 'method': 'differential_evolution_v2', 'accepted_search': True, 'solver_message': 'Maximum number of iterations has been exceeded.'}, {'theta': array([-4.10383686e+02, -4.99736405e-01, -1.98329398e+03, -1.86078127e-01]), 'n_active': 4, 'beta1_train': -4160.050137685438, 'beta0_train': -4295.552437399737, 'beta1_val': -4197.214274979259, 'beta0_val': -4197.894270040988, 'selected_score': -4295.552437399737, 'evaluations': 185, 'seconds': 0.13323240001045633, 'method': 'differential_evolution_v2', 'accepted_search': True, 'solver_message': 'Maximum number of iterations has been exceeded.'}]",42,"[{'update_slot': 54, 'hour': 9, 'info': 'both', 'lp_status': 'optimal', 'lp_message': '', 'fallback': False}]",1690.2088607254775,9905.311494882944,0.22290690001682378,0.37012020000838675
"[{'theta': array([-7571.55193198]), 'n_active': 1, 'beta1_train': -4263.515285549422, 'beta0_train': -4373.414533027818, 'beta1_val': -4378.8, 'beta0_val': -4378.8, 'selected_score': -4373.414533027818, 'evaluations': 25, 'seconds': 0.0319420000014361, 'method': 'differential_evolution_v2', 'accepted_search': True, 'solver_message': 'Optimization terminated successfully.'}, {'theta': array([-3.17608433e+03, -3.45038919e-01]), 'n_active': 2, 'beta1_train': -2487.6196543261944, 'beta0_train': -2560.158057109966, 'beta1_val': -2593.3196214489067, 'beta0_val': -2593.3196214489067, 'selected_score': -2560.158057109966, 'evaluations': 45, 'seconds': 0.03354599999147467, 'method': 'differential_evolution_v2', 'accepted_search': True, 'solver_message': 'Optimization terminated successfully.'}, {'theta': array([-4.39510607e+03, -1.27726448e-01, -6.31659755e+02,  9.13187601e-01]), 'n_active': 4, 'beta1_train': -502.49272021699323, 'beta0_train': -763.9720955844015, 'beta1_val': -211.81766497852027, 'beta0_val': -678.3989493193628, 'selected_score': -763.9720955844015, 'evaluations': 185, 'seconds': 0.13107420000596903, 'method': 'differential_evolution_v2', 'accepted_search': True, 'solver_message': 'Maximum number of iterations has been exceeded.'}]",42,"[{'update_slot': 54, 'hour': 9, 'info': 'both', 'lp_status': 'optimal', 'lp_message': '', 'fallback': False}]",9905.311494882944,1652.9640835086802,0.1965621999988798,0.33785270000225864
"[{'theta': array([-2755.06951904]), 'n_active': 1, 'beta1_train': -4730.120569779381, 'beta0_train': -4748.878893561175, 'beta1_val': -4750.799999999999, 'beta0_val': -4750.799999999999, 'selected_score': -4748.878893561175, 'evaluations': 25, 'seconds': 0.03232749999733642, 'method': 'differential_evolution_v2', 'accepted_search': True, 'solver_message': 'Optimization terminated successfully.'}, {'theta': array([-3.12617270e+03, -3.97644282e-01]), 'n_active': 2, 'beta1_train': -3090.9178627566944, 'beta0_train': -3149.2641922926514, 'beta1_val': -3983.3771213597784, 'beta0_val': -3983.3771213597784, 'selected_score': -3149.2641922926514, 'evaluations': 45, 'seconds': 0.03488939999078866, 'method': 'differential_evolution_v2', 'accepted_search': True, 'solver_message': 'Optimization terminated successfully.'}, {'theta': array([-5.82237841e+03, -1.43766271e+00, -7.88547144e+02,  1.89727206e+00]), 'n_active': 4, 'beta1_train': -1113.1676919306021, 'beta0_train': -1494.82820988733, 'beta1_val': -1239.2222752329003, 'beta0_val': -1432.6286476666237, 'selected_score': -1494.82820988733, 'evaluations': 185, 'seconds': 0.12946679999004118, 'method': 'differential_evolution_v2', 'accepted_search': True, 'solver_message': 'Maximum number of iterations has been exceeded.'}]",42,"[{'update_slot': 54, 'hour': 9, 'info': 'both', 'lp_status': 'optimal', 'lp_message': '', 'fallback': False}]",1652.9640835086802,3223.4333276331513,0.19668369997816626,0.33914260000165086
"[{'theta': array([-4989.44151168]), 'n_active': 1, 'beta1_train': -4017.9922511902237, 'beta0_train': -4051.652029371466, 'beta1_val': -4053.5999999999995, 'beta0_val': -4053.5999999999995, 'selected_score': -4051.652029371466, 'evaluations': 20, 'seconds': 0.027747300002374686, 'method': 'differential_evolution_v2', 'accepted_search': True, 'solver_message': 'Optimization terminated successfully.'}, {'theta': array([-4.24070953e+03, -5.67174032e-01]), 'n_active': 2, 'beta1_train': 1362.607902679318, 'beta0_train': -1901.29276600012, 'beta1_val': 737.772201513962, 'beta0_val': -2563.8521065957857, 'selected_score': -1901.29276600012, 'evaluations': 95, 'seconds': 0.05930540000554174, 'method': 'differential_evolution_v2', 'accepted_search': True, 'solver_message': 'Maximum number of iterations has been exceeded.'}, {'theta': array([-5.73713004e+03,  1.07754370e+00, -7.18576016e+03, -8.36731072e-01]), 'n_active': 4, 'beta1_train': -315.64939702087514, 'beta0_train': -720.7196077339364, 'beta1_val': -374.060483376786, 'beta0_val': -624.7176404954677, 'selected_score': -720.7196077339364, 'evaluations': 185, 'seconds': 0.12759139999980107, 'method': 'differential_evolution_v2', 'accepted_search': True, 'solver_message': 'Maximum number of iterations has been exceeded.'}]",42,"[{'update_slot': 54, 'hour': 9, 'info': 'both', 'lp_status': 'optimal', 'lp_message': '', 'fallback': False}]",3223.4333276331513,1760.610517763397,0.2146441000077175,0.35660259998985566
"[{'theta': array([-9115.62369494]), 'n_active': 1, 'beta1_train': -4421.982849484061, 'beta0_train': -4455.108625835592, 'beta1_val': -4361.3202956625, 'beta0_val': -4456.8, 'selected_score': -4455.108625835592, 'evaluations': 20, 'seconds': 0.026585600004182197, 'method': 'differential_evolution_v2', 'accepted_search': True, 'solver_message': 'Optimization terminated successfully.'}, {'theta': array([-1.29076979e+03, -3.89029935e-01]), 'n_active': 2, 'beta1_train': 1213.2640790999847, 'beta0_train': -1915.3601529502819, 'beta1_val': 352.68141123383066, 'beta0_val': -3304.8865162209095, 'selected_score': -1915.3601529502819, 'evaluations': 55, 'seconds': 0.03846419999899808, 'method': 'differential_evolution_v2', 'accepted_search': True, 'solver_message': 'Optimization terminated successfully.'}, {'theta': array([-5.75138725e+03,  4.41223067e-01, -5.93763623e+03,  9.39503479e-01]), 'n_active': 4, 'beta1_train': -875.1251242020821, 'beta0_train': -1090.821996251391, 'beta1_val': -300.04381641037025, 'beta0_val': -1039.7743323469365, 'selected_score': -1090.821996251391, 'evaluations': 185, 'seconds': 0.1301026000001002, 'method': 'differential_evolution_v2', 'accepted_search': True, 'solver_message': 'Maximum number of iterations has been exceeded.'}]",42,"[{'update_slot': 54, 'hour': 9, 'info': 'both', 'lp_status': 'optimal', 'lp_message': '', 'fallback': False}]",1760.610517763397,2444.3412428071556,0.1951524000032805,0.33809150000161026
"[{'theta': array([-5022.54961628]), 'n_active': 1, 'beta1_train': -2834.607084607665, 'beta0_train': -2887.6377593167526, 'beta1_val': -2890.8, 'beta0_val': -2890.8, 'selected_score': -2887.6377593167526, 'evaluations': 15, 'seconds': 0.022451900003943592, 'method': 'differential_evolution_v2', 'accepted_search': True, 'solver_message': 'Optimization terminated successfully.'}, {'theta': array([-7.54387337e+03, -1.72902927e+00]), 'n_active': 2, 'beta1_train': 2238.17754759229, 'beta0_train': -1173.6848854658865, 'beta1_val': 1530.4326906032607, 'beta0_val': -2102.603437491938, 'selected_score': -1173.6848854658865, 'evaluations': 95, 'seconds': 0.06086169999616686, 'method': 'differential_evolution_v2', 'accepted_search': True, 'solver_message': 'Maximum number of iterations has been exceeded.'}, {'theta': array([-691.08665275,   -1.12165807, -915.89546212,   -1.06061047]), 'n_active': 4, 'beta1_train': -141.77115688584638, 'beta0_train': -507.5111688984547, 'beta1_val': 193.89300261389297, 'beta0_val': -451.551616686975, 'selected_score': -507.5111688984547, 'evaluations': 185, 'seconds': 0.13281260000076145, 'method': 'differential_evolution_v2', 'accepted_search': True, 'solver_message': 'Maximum number of iterations has been exceeded.'}]",42,"[{'update_slot': 54, 'hour': 9, 'info': 'both', 'lp_status': 'optimal', 'lp_message': '', 'fallback': False}]",2444.3412428071556,1736.6357555447064,0.2161262000008719,0.3602456000080565
"[{'theta': array([-8516.20233222]), 'n_active': 1, 'beta1_train': -1700.0126664499073, 'beta0_train': -1717.9278424743093, 'beta1_val': -1751.3683005960822, 'beta0_val': -1772.1418619129547, 'selected_score': -1717.9278424743093, 'evaluations': 20, 'seconds': 0.027124699990963563, 'method': 'differential_evolution_v2', 'accepted_search': True, 'solver_message': 'Optimization terminated successfully.'}, {'theta': array([-6.86637314e+03,  1.24086294e+00]), 'n_active': 2, 'beta1_train': -853.4809534573038, 'beta0_train': -2772.2445069027817, 'beta1_val': -1537.3455719062624, 'beta0_val': -2885.9999999999995, 'selected_score': -2772.2445069027817, 'evaluations': 35, 'seconds': 0.02917919999163132, 'method': 'differential_evolution_v2', 'accepted_search': True, 'solver_message': 'Optimization terminated successfully.'}, {'theta': array([-5.34762989e+02,  3.35353025e-01, -5.89752323e+03, -3.19528808e-01]), 'n_active': 4, 'beta1_train': -336.5127471381218, 'beta0_train': -503.13557278050115, 'beta1_val': -412.9470004971421, 'beta0_val': -478.1014172857036, 'selected_score': -503.13557278050115, 'evaluations': 185, 'seconds': 0.1288914000033401, 'method': 'differential_evolution_v2', 'accepted_search': True, 'solver_message': 'Maximum number of iterations has been exceeded.'}]",42,"[{'update_slot': 54, 'hour': 9, 'info': 'both', 'lp_status': 'optimal', 'lp_message': '', 'fallback': False}]",1736.6357555447064,1811.4852118518497,0.18519529998593498,0.329573299997719
"[{'theta': array([-5944.93460843]), 'n_active': 1, 'beta1_train': -1876.0793026617744, 'beta0_train': -1888.0417782801808, 'beta1_val': -2143.962488360518, 'beta0_val': -2143.962488360518, 'selected_score': -1888.0417782801808, 'evaluations': 20, 'seconds': 0.02753580000717193, 'method': 'differential_evolution_v2', 'accepted_search': True, 'solver_message': 'Optimization terminated successfully.'}, {'theta': array([-6.88157379e+03, -6.09206885e-01]), 'n_active': 2, 'beta1_train': -1688.2245196116792, 'beta0_train': -3490.81618585257, 'beta1_val': -2408.216698763552, 'beta0_val': -3711.6, 'selected_score': -3490.81618585257, 'evaluations': 45, 'seconds': 0.034028000009129755, 'method': 'differential_evolution_v2', 'accepted_search': True, 'solver_message': 'Optimization terminated successfully.'}, {'theta': array([-4.12297465e+03,  1.15396139e+00, -1.94408827e+03,  1.27254284e+00]), 'n_active': 4, 'beta1_train': -1176.512929089242, 'beta0_train': -1390.6293217096984, 'beta1_val': -1091.705468987047, 'beta0_val': -1403.850760621545, 'selected_score': -1390.6293217096984, 'evaluations': 185, 'seconds': 0.12731029999849852, 'method': 'differential_evolution_v2', 'accepted_search': True, 'solver_message': 'Maximum number of iterations has been exceeded.'}]",42,"[{'update_slot': 54, 'hour': 9, 'info': 'both', 'lp_status': 'optimal', 'lp_message': '', 'fallback': False}]",1811.4852118518497,4119.935774580422,0.1888741000148002,0.33035730000119656
"[{'theta': array([-4100.54679825]), 'n_active': 1, 'beta1_train': -3279.8413879105087, 'beta0_train': -3845.0574800088643, 'beta1_val': -2602.159759994581, 'beta0_val': -3713.5256516069144, 'selected_score': -3845.0574800088643, 'evaluations': 20, 'seconds': 0.02759699999296572, 'method': 'differential_evolution_v2', 'accepted_search': True, 'solver_message': 'Optimization terminated successfully.'}, {'theta': array([-1110.07121529,    -1.12390568]), 'n_active': 2, 'beta1_train': 1364.9941168761634, 'beta0_train': -1266.6308441121723, 'beta1_val': 1297.1308804541195, 'beta0_val': -852.8918300856735, 'selected_score': -1268.406106432428, 'evaluations': 95, 'seconds': 0.05717020000156481, 'method': 'differential_evolution_v2', 'accepted_search': True, 'solver_message': 'Maximum number of iterations has been exceeded.'}, {'theta': array([-3.31800543e+03,  4.55930402e-01, -3.94957038e+03, -1.30829030e+00]), 'n_active': 4, 'beta1_train': -428.2071352813897, 'beta0_train': -666.1650841379977, 'beta1_val': -463.03029049270646, 'beta0_val': -691.1724206521218, 'selected_score': -666.1650841379977, 'evaluations': 145, 'seconds': 0.10363969999889378, 'method': 'differential_evolution_v2', 'accepted_search': True, 'solver_message': 'Optimization terminated successfully.'}]",42,"[{'update_slot': 54, 'hour': 9, 'info': 'both', 'lp_status': 'optimal', 'lp_message': '', 'fallback': False}]",4119.935774580422,1810.9876289822273,0.1884068999934243,0.33703179999429267
"[{'theta': array([-8975.43307571]), 'n_active': 1, 'beta1_train': -4013.940254353569, 'beta0_train': -4054.2774185335743, 'beta1_val': -4057.2, 'beta0_val': -4057.2, 'selected_score': -4054.2774185335743, 'evaluations': 20, 'seconds': 0.02723829999740701, 'method': 'differential_evolution_v2', 'accepted_search': True, 'solver_message': 'Optimization terminated successfully.'}, {'theta': array([-5.40522987e+03, -8.79135709e-01]), 'n_active': 2, 'beta1_train': 1508.659637880335, 'beta0_train': -1840.180918282857, 'beta1_val': 1339.8767156466251, 'beta0_val': -2092.149946167927, 'selected_score': -1840.180918282857, 'evaluations': 95, 'seconds': 0.05876799998804927, 'method': 'differential_evolution_v2', 'accepted_search': True, 'solver_message': 'Maximum number of iterations has been exceeded.'}, {'theta': array([-4.68365495e+03, -1.68154863e+00, -2.68850828e+03, -9.89004430e-01]), 'n_active': 4, 'beta1_train': -680.1903393726201, 'beta0_train': -725.957158278683, 'beta1_val': -698.2513714101852, 'beta0_val': -698.2513714101852, 'selected_score': -725.957158278683, 'evaluations': 145, 'seconds': 0.10752410000714008, 'method': 'differential_evolution_v2', 'accepted_search': True, 'solver_message': 'Optimization terminated successfully.'}]",42,"[{'update_slot': 54, 'hour': 9, 'info': 'both', 'lp_status': 'optimal', 'lp_message': '', 'fallback': False}]",1810.9876289822273,1833.9935024074089,0.19353039999259636,0.3383194999914849
"[{'theta': array([-7733.00237618]), 'n_active': 1, 'beta1_train': -4342.379708469066, 'beta0_train': -4369.650077827962, 'beta1_val': -4325.6668488635, 'beta0_val': -4372.799999999999, 'selected_score': -4369.650077827962, 'evaluations': 15, 'seconds': 0.024086999997962266, 'method': 'differential_evolution_v2', 'accepted_search': True, 'solver_message': 'Optimization terminated successfully.'}, {'theta': array([-1025.54880284,     1.78545308]), 'n_active': 2, 'beta1_train': 1062.5948374316204, 'beta0_train': -2361.284114658663, 'beta1_val': 2067.866240225778, 'beta0_val': -1100.257016819106, 'selected_score': -2363.349378222851, 'evaluations': 95, 'seconds': 0.06166420000954531, 'method': 'differential_evolution_v2', 'accepted_search': True, 'solver_message': 'Maximum number of iterations has been exceeded.'}, {'theta': array([-5.69484620e+02, -9.96194522e-02, -6.65790955e+03,  4.21155051e-01]), 'n_active': 4, 'beta1_train': -778.453568214738, 'beta0_train': -789.6346008765369, 'beta1_val': -737.8888089403295, 'beta0_val': -737.8888089403295, 'selected_score': -789.6346008765369, 'evaluations': 185, 'seconds': 0.12895790000038687, 'method': 'differential_evolution_v2', 'accepted_search': True, 'solver_message': 'Maximum number of iterations has been exceeded.'}]",42,"[{'update_slot': 54, 'hour': 9, 'info': 'both', 'lp_status': 'optimal', 'lp_message': '', 'fallback': False}]",1833.9935024074089,2169.1571899332926,0.21470910000789445,0.3642414999922039
"[{'theta': array([-5580.00232552]), 'n_active': 1, 'beta1_train': -4044.6786768517986, 'beta0_train': -4147.094760874914, 'beta1_val': -4103.97818, 'beta0_val': -4154.4, 'selected_score': -4147.094760874914, 'evaluations': 25, 'seconds': 0.03217029999359511, 'method': 'differential_evolution_v2', 'accepted_search': True, 'solver_message': 'Optimization terminated successfully.'}, {'theta': array([-4.52165221e+03,  3.15277226e-01]), 'n_active': 2, 'beta1_train': 1203.9937422775547, 'beta0_train': -571.9317868637834, 'beta1_val': 1556.7022679389265, 'beta0_val': 1176.2824367649678, 'selected_score': -571.9317868637834, 'evaluations': 55, 'seconds': 0.03884789999574423, 'method': 'differential_evolution_v2', 'accepted_search': True, 'solver_message': 'Optimization terminated successfully.'}, {'theta': array([-5.54853924e+03,  2.64086311e-01, -4.24658080e+03,  9.87001334e-01]), 'n_active': 4, 'beta1_train': -842.2872926986181, 'beta0_train': -976.8893177099517, 'beta1_val': -890.3835527725633, 'beta0_val': -1038.8880589375638, 'selected_score': -976.8893177099517, 'evaluations': 185, 'seconds': 0.12992259999737144, 'method': 'differential_evolution_v2', 'accepted_search': True, 'solver_message': 'Maximum number of iterations has been exceeded.'}]",42,"[{'update_slot': 54, 'hour': 9, 'info': 'both', 'lp_status': 'optimal', 'lp_message': '', 'fallback': False}]",2169.1571899332926,2288.0464024646208,0.20094079998671077,0.3440966999914963
"[{'theta': array([-7967.33517315]), 'n_active': 1, 'beta1_train': -1667.336376219694, 'beta0_train': -1819.0727463743522, 'beta1_val': -1591.276296266606, 'beta0_val': -1792.8039394771004, 'selected_score': -1819.0727463743522, 'evaluations': 20, 'seconds': 0.028271900009713136, 'method': 'differential_evolution_v2', 'accepted_search': True, 'solver_message': 'Optimization terminated successfully.'}, {'theta': array([-6.75347333e+03,  9.66808650e-01]), 'n_active': 2, 'beta1_train': 2283.3483557758127, 'beta0_train': -1121.1483083488752, 'beta1_val': 2457.665693422482, 'beta0_val': -1093.303449213509, 'selected_score': -1121.1483083488752, 'evaluations': 65, 'seconds': 0.043156700005056337, 'method': 'differential_evolution_v2', 'accepted_search': True, 'solver_message': 'Optimization terminated successfully.'}, {'theta': array([-3.41598808e+03, -9.65428908e-01, -8.26219614e+03, -3.65021839e-01]), 'n_active': 4, 'beta1_train': -282.52621508559844, 'beta0_train': -333.6689625258709, 'beta1_val': -293.23223892673764, 'beta0_val': -293.23223892673764, 'selected_score': -333.6689625258709, 'evaluations': 185, 'seconds': 0.13126549999287818, 'method': 'differential_evolution_v2', 'accepted_search': True, 'solver_message': 'Maximum number of iterations has been exceeded.'}]",42,"[{'update_slot': 54, 'hour': 9, 'info': 'both', 'lp_status': 'optimal', 'lp_message': '', 'fallback': False}]",2288.0464024646208,1612.8816688888887,0.20269410000764765,0.35166210000170395
"[{'theta': array([-8966.67644241]), 'n_active': 1, 'beta1_train': -1298.9894978158352, 'beta0_train': -1301.7098021854795, 'beta1_val': -1240.0879941049322, 'beta0_val': -1240.0879941049322, 'selected_score': -1301.7098021854795, 'evaluations': 15, 'seconds': 0.022807799992733635, 'method': 'differential_evolution_v2', 'accepted_search': True, 'solver_message': 'Optimization terminated successfully.'}, {'theta': array([-8.21110294e+03,  5.99517689e-01]), 'n_active': 2, 'beta1_train': -967.096629005868, 'beta0_train': -2519.9999999999995, 'beta1_val': -499.8891163073631, 'beta0_val': -2519.9999999999995, 'selected_score': -2519.9999999999995, 'evaluations': 55, 'seconds': 0.03869630000554025, 'method': 'differential_evolution_v2', 'accepted_search': True, 'solver_message': 'Optimization terminated successfully.'}, {'theta': array([-5.75682929e+03, -1.34385565e+00, -7.93788168e+03, -4.76446803e-01]), 'n_active': 4, 'beta1_train': -420.58140776525966, 'beta0_train': -574.0905174358556, 'beta1_val': -438.5483902063827, 'beta0_val': -493.5290486172841, 'selected_score': -574.0905174358556, 'evaluations': 145, 'seconds': 0.10602239999570884, 'method': 'differential_evolution_v2', 'accepted_search': True, 'solver_message': 'Optimization terminated successfully.'}]",42,"[{'update_slot': 54, 'hour': 9, 'info': 'both', 'lp_status': 'optimal', 'lp_message': '', 'fallback': False}]",1612.8816688888887,2508.4753904689687,0.16752649999398272,0.3131015999970259
"[{'theta': array([-9584.0474343]), 'n_active': 1, 'beta1_train': -1821.4843664664697, 'beta0_train': -2107.224078399675, 'beta1_val': -1758.8992983050937, 'beta0_val': -1940.882977850566, 'selected_score': -2107.224078399675, 'evaluations': 15, 'seconds': 0.023860800007241778, 'method': 'differential_evolution_v2', 'accepted_search': True, 'solver_message': 'Optimization terminated successfully.'}, {'theta': array([-7.34750822e+03, -7.77283184e-01]), 'n_active': 2, 'beta1_train': -1826.3942982963074, 'beta0_train': -3248.596712091518, 'beta1_val': -602.9631900970912, 'beta0_val': -2254.657749619917, 'selected_score': -3248.596712091518, 'evaluations': 95, 'seconds': 0.05936870000732597, 'method': 'differential_evolution_v2', 'accepted_search': True, 'solver_message': 'Maximum number of iterations has been exceeded.'}, {'theta': array([-9.02654429e+03, -1.14578843e+00, -3.59022545e+03,  1.17032762e+00]), 'n_active': 4, 'beta1_train': -3941.8067211582143, 'beta0_train': -4034.485336840823, 'beta1_val': -4005.9187647676463, 'beta0_val': -4089.0946626772375, 'selected_score': -4034.485336840823, 'evaluations': 105, 'seconds': 0.08630260000063572, 'method': 'differential_evolution_v2', 'accepted_search': True, 'solver_message': 'Optimization terminated successfully.'}]",42,"[{'update_slot': 54, 'hour': 9, 'info': 'both', 'lp_status': 'optimal', 'lp_message': '', 'fallback': False}]",2508.4753904689687,9572.336512962962,0.16953210001520347,0.324164199992083
"[{'theta': array([-6061.02020287]), 'n_active': 1, 'beta1_train': -4411.375989522964, 'beta0_train': -4428.81398801064, 'beta1_val': -4372.873350308333, 'beta0_val': -4429.2, 'selected_score': -4428.81398801064, 'evaluations': 25, 'seconds': 0.03361479999148287, 'method': 'differential_evolution_v2', 'accepted_search': True, 'solver_message': 'Optimization terminated successfully.'}, {'theta': array([-6.73958012e+03,  9.01740651e-01]), 'n_active': 2, 'beta1_train': 477.9738767713812, 'beta0_train': -2735.321862794707, 'beta1_val': 281.5126140161642, 'beta0_val': -2986.361684600338, 'selected_score': -2735.321862794707, 'evaluations': 55, 'seconds': 0.04025309999997262, 'method': 'differential_evolution_v2', 'accepted_search': True, 'solver_message': 'Optimization terminated successfully.'}, {'theta': array([-1.63816561e+03,  1.06277125e+00, -5.99760902e+03,  7.54819875e-01]), 'n_active': 4, 'beta1_train': -1234.1311615936277, 'beta0_train': -1391.468125936039, 'beta1_val': -1135.9968889748789, 'beta0_val': -1166.326764426822, 'selected_score': -1391.468125936039, 'evaluations': 185, 'seconds': 0.13085959998716135, 'method': 'differential_evolution_v2', 'accepted_search': True, 'solver_message': 'Maximum number of iterations has been exceeded.'}]",42,"[{'update_slot': 54, 'hour': 9, 'info': 'both', 'lp_status': 'optimal', 'lp_message': '', 'fallback': False}]",9572.336512962962,3507.9728458206946,0.20472749997861683,0.3530498999898555
"[{'theta': array([-7249.87964122]), 'n_active': 1, 'beta1_train': -4580.372616433051, 'beta0_train': -4586.39445669979, 'beta1_val': -4567.472936666666, 'beta0_val': -4583.6994345679, 'selected_score': -4586.39445669979, 'evaluations': 30, 'seconds': 0.03596169999218546, 'method': 'differential_evolution_v2', 'accepted_search': True, 'solver_message': 'Optimization terminated successfully.'}, {'theta': array([-7.71427010e+03, -9.89195386e-01]), 'n_active': 2, 'beta1_train': 349.37153487593315, 'beta0_train': -3198.5996765362393, 'beta1_val': 1045.6007160324489, 'beta0_val': -3126.439134872754, 'selected_score': -3198.5996765362393, 'evaluations': 45, 'seconds': 0.033426499998313375, 'method': 'differential_evolution_v2', 'accepted_search': True, 'solver_message': 'Optimization terminated successfully.'}, {'theta': array([-8.91037705e+03, -1.82816175e+00, -4.60879611e+03,  1.14583181e+00]), 'n_active': 4, 'beta1_train': -889.8128966295885, 'beta0_train': -1120.9077279103412, 'beta1_val': -1193.024142489754, 'beta0_val': -1193.024142489754, 'selected_score': -1120.9077279103412, 'evaluations': 185, 'seconds': 0.12720780000381637, 'method': 'differential_evolution_v2', 'accepted_search': True, 'solver_message': 'Maximum number of iterations has been exceeded.'}]",42,"[{'update_slot': 54, 'hour': 9, 'info': 'both', 'lp_status': 'optimal', 'lp_message': '', 'fallback': False}]",3507.9728458206946,2951.884191111115,0.1965959999943152,0.34033599999384023
"[{'theta': array([-2045.28739423]), 'n_active': 1, 'beta1_train': -3252.8349105581674, 'beta0_train': -4129.827473609104, 'beta1_val': -3490.4928394725844, 'beta0_val': -4199.23191441358, 'selected_score': -4129.827473609104, 'evaluations': 25, 'seconds': 0.03116980000049807, 'method': 'differential_evolution_v2', 'accepted_search': True, 'solver_message': 'Optimization terminated successfully.'}, {'theta': array([-4.88445163e+03, -1.33690963e+00]), 'n_active': 2, 'beta1_train': 878.1459529680088, 'beta0_train': -2491.365806551333, 'beta1_val': 1561.8293376074885, 'beta0_val': -879.9486555781168, 'selected_score': -2491.365806551333, 'evaluations': 55, 'seconds': 0.03920859999198001, 'method': 'differential_evolution_v2', 'accepted_search': True, 'solver_message': 'Optimization terminated successfully.'}, {'theta': array([-7.14050358e+03, -1.25177489e+00, -4.63799301e+03, -6.58211663e-02]), 'n_active': 4, 'beta1_train': -391.08719053645865, 'beta0_train': -709.1977487168125, 'beta1_val': -603.7908773974482, 'beta0_val': -833.488002047325, 'selected_score': -709.1977487168125, 'evaluations': 185, 'seconds': 0.1293034000118496, 'method': 'differential_evolution_v2', 'accepted_search': True, 'solver_message': 'Maximum number of iterations has been exceeded.'}]",42,"[{'update_slot': 54, 'hour': 9, 'info': 'both', 'lp_status': 'optimal', 'lp_message': '', 'fallback': False}]",2951.884191111115,1730.0968912962976,0.19968180000432767,0.34220970000023954
"[{'theta': array([-97.57118487]), 'n_active': 1, 'beta1_train': -4292.162855475554, 'beta0_train': -4322.904650997436, 'beta1_val': -4324.8, 'beta0_val': -4324.8, 'selected_score': -4322.904650997436, 'evaluations': 20, 'seconds': 0.027730800007702783, 'method': 'differential_evolution_v2', 'accepted_search': True, 'solver_message': 'Optimization terminated successfully.'}, {'theta': array([-4.50511142e+03,  1.19915384e+00]), 'n_active': 2, 'beta1_train': 714.0662662872187, 'beta0_train': -2613.8741153196947, 'beta1_val': 575.4843140476005, 'beta0_val': -2893.676801911913, 'selected_score': -2613.8741153196947, 'evaluations': 95, 'seconds': 0.0603415999939898, 'method': 'differential_evolution_v2', 'accepted_search': True, 'solver_message': 'Maximum number of iterations has been exceeded.'}, {'theta': array([-7.32576272e+03,  5.06379212e-01, -2.50904610e+03,  1.17510695e+00]), 'n_active': 4, 'beta1_train': -825.0413193710452, 'beta0_train': -1062.332195254754, 'beta1_val': -1014.5865240306418, 'beta0_val': -1036.7341639803299, 'selected_score': -1062.332195254754, 'evaluations': 185, 'seconds': 0.12885280000045896, 'method': 'differential_evolution_v2', 'accepted_search': True, 'solver_message': 'Maximum number of iterations has been exceeded.'}]",42,"[{'update_slot': 54, 'hour': 9, 'info': 'both', 'lp_status': 'optimal', 'lp_message': '', 'fallback': False}]",1730.0968912962976,3047.757158518518,0.21692520000215154,0.3662711999932071
"[{'theta': array([-3890.47425553]), 'n_active': 1, 'beta1_train': -1890.8137476633133, 'beta0_train': -1921.4012305618521, 'beta1_val': -1922.4000000000003, 'beta0_val': -1922.4000000000003, 'selected_score': -1921.4012305618521, 'evaluations': 15, 'seconds': 0.023038500003167428, 'method': 'differential_evolution_v2', 'accepted_search': True, 'solver_message': 'Optimization terminated successfully.'}, {'theta': array([-4.46979735e+03, -3.24293825e-01]), 'n_active': 2, 'beta1_train': 2771.7335602749167, 'beta0_train': -1063.3178047886568, 'beta1_val': 3220.1573006403883, 'beta0_val': -958.7446497995304, 'selected_score': -1063.3178047886568, 'evaluations': 95, 'seconds': 0.05977760000678245, 'method': 'differential_evolution_v2', 'accepted_search': True, 'solver_message': 'Maximum number of iterations has been exceeded.'}, {'theta': array([-7.22735266e+03,  1.36217003e+00, -7.94962608e+03,  1.50776160e+00]), 'n_active': 4, 'beta1_train': -36.52595694953159, 'beta0_train': -302.48843914369814, 'beta1_val': -393.7829619707411, 'beta0_val': -393.7829619707411, 'selected_score': -302.48843914369814, 'evaluations': 85, 'seconds': 0.07455940000363626, 'method': 'differential_evolution_v2', 'accepted_search': True, 'solver_message': 'Optimization terminated successfully.'}]",42,"[{'update_slot': 54, 'hour': 9, 'info': 'both', 'lp_status': 'optimal', 'lp_message': '', 'fallback': False}]",3047.757158518518,2037.8220446296325,0.15737550001358613,0.3021279999957187
"[{'theta': array([-1954.08339547]), 'n_active': 1, 'beta1_train': -1434.8032745688402, 'beta0_train': -1437.7897418399486, 'beta1_val': -1348.4302189474136, 'beta0_val': -1348.4302189474136, 'selected_score': -1437.7897418399486, 'evaluations': 20, 'seconds': 0.027858300003572367, 'method': 'differential_evolution_v2', 'accepted_search': True, 'solver_message': 'Optimization terminated successfully.'}, {'theta': array([-3.34291204e+03,  8.32094656e-01]), 'n_active': 2, 'beta1_train': -1491.9497288836105, 'beta0_train': -3238.7999999999997, 'beta1_val': -1760.2491130504277, 'beta0_val': -3238.7999999999997, 'selected_score': -3238.7999999999997, 'evaluations': 35, 'seconds': 0.02907930000219494, 'method': 'differential_evolution_v2', 'accepted_search': True, 'solver_message': 'Optimization terminated successfully.'}, {'theta': array([-5.75591413e+03, -1.45947068e-02, -1.77652255e+03, -1.65870726e+00]), 'n_active': 4, 'beta1_train': -437.9423516518979, 'beta0_train': -673.7110273419593, 'beta1_val': -775.8200413606278, 'beta0_val': -775.8200413606278, 'selected_score': -673.7110273419593, 'evaluations': 185, 'seconds': 0.12579429999459535, 'method': 'differential_evolution_v2', 'accepted_search': True, 'solver_message': 'Maximum number of iterations has been exceeded.'}]",42,"[{'update_slot': 54, 'hour': 9, 'info': 'both', 'lp_status': 'optimal', 'lp_message': '', 'fallback': False}]",2037.8220446296325,2022.5068276414986,0.18273190000036266,0.3270529000001261
"[{'theta': array([-3547.69332451]), 'n_active': 1, 'beta1_train': -1611.4228520311835, 'beta0_train': -1908.3298456223292, 'beta1_val': -1155.6296681557803, 'beta0_val': -1786.4085266600594, 'selected_score': -1908.3298456223292, 'evaluations': 20, 'seconds': 0.02675499999895692, 'method': 'differential_evolution_v2', 'accepted_search': True, 'solver_message': 'Optimization terminated successfully.'}, {'theta': array([-1.40740978e+03,  3.73187908e-01]), 'n_active': 2, 'beta1_train': -2654.8059258536005, 'beta0_train': -4306.151659341165, 'beta1_val': -2773.722548136737, 'beta0_val': -4317.6, 'selected_score': -4306.151659341165, 'evaluations': 35, 'seconds': 0.028754700004355982, 'method': 'differential_evolution_v2', 'accepted_search': True, 'solver_message': 'Optimization terminated successfully.'}, {'theta': array([-9.37722301e+03,  1.43649639e+00, -5.17230797e+03,  7.88568184e-01]), 'n_active': 4, 'beta1_train': -4089.355545886657, 'beta0_train': -4214.40427491134, 'beta1_val': -4136.685014445228, 'beta0_val': -4136.685014445228, 'selected_score': -4214.40427491134, 'evaluations': 185, 'seconds': 0.12681450000673067, 'method': 'differential_evolution_v2', 'accepted_search': True, 'solver_message': 'Maximum number of iterations has been exceeded.'}]",42,"[{'update_slot': 54, 'hour': 9, 'info': 'both', 'lp_status': 'optimal', 'lp_message': '', 'fallback': False}]",2022.5068276414986,10800.0,0.18232420001004357,0.3251598999922862
"[{'theta': array([-7983.76733911]), 'n_active': 1, 'beta1_train': -3730.355364357645, 'beta0_train': -4389.556109895719, 'beta1_val': -4248.853283156668, 'beta0_val': -4404.0, 'selected_score': -4389.556109895719, 'evaluations': 25, 'seconds': 0.03127170000516344, 'method': 'differential_evolution_v2', 'accepted_search': True, 'solver_message': 'Optimization terminated successfully.'}, {'theta': array([-1.21213110e+03,  3.91275233e-02]), 'n_active': 2, 'beta1_train': 1071.9009522184479, 'beta0_train': -2764.832278388765, 'beta1_val': 728.4488369272308, 'beta0_val': -2803.7280629412644, 'selected_score': -2765.754041570823, 'evaluations': 95, 'seconds': 0.05916390000493266, 'method': 'differential_evolution_v2', 'accepted_search': True, 'solver_message': 'Maximum number of iterations has been exceeded.'}, {'theta': array([-7.35292858e+03, -1.11617440e+00, -8.06811935e+03,  9.87530158e-01]), 'n_active': 4, 'beta1_train': -294.9692192248368, 'beta0_train': -704.3011960305342, 'beta1_val': -924.6491644552372, 'beta0_val': -924.6491644552372, 'selected_score': -704.3011960305342, 'evaluations': 185, 'seconds': 0.12982360000023618, 'method': 'differential_evolution_v2', 'accepted_search': True, 'solver_message': 'Maximum number of iterations has been exceeded.'}]",42,"[{'update_slot': 54, 'hour': 9, 'info': 'both', 'lp_status': 'optimal', 'lp_message': '', 'fallback': False}]",10800.0,1673.3130689204268,0.22025920001033228,0.3633442999998806
"[{'theta': array([-376.11354439]), 'n_active': 1, 'beta1_train': -4434.595084980473, 'beta0_train': -4447.672608687143, 'beta1_val': -4448.4, 'beta0_val': -4448.4, 'selected_score': -4447.672608687143, 'evaluations': 20, 'seconds': 0.027355600002920255, 'method': 'differential_evolution_v2', 'accepted_search': True, 'solver_message': 'Optimization terminated successfully.'}, {'theta': array([-8.77538486e+03, -4.95982672e-01]), 'n_active': 2, 'beta1_train': 502.4289166122199, 'beta0_train': -3017.70540007455, 'beta1_val': 303.4071807493933, 'beta0_val': -3330.1996113963673, 'selected_score': -3017.70540007455, 'evaluations': 95, 'seconds': 0.060687099990900606, 'method': 'differential_evolution_v2', 'accepted_search': True, 'solver_message': 'Maximum number of iterations has been exceeded.'}, {'theta': array([-2.43515947e+03, -9.79438045e-01, -6.86788588e+03,  1.10965513e-01]), 'n_active': 4, 'beta1_train': -614.5215001831522, 'beta0_train': -1044.7823188302814, 'beta1_val': -1031.9642933890177, 'beta0_val': -1031.9642933890177, 'selected_score': -1044.7823188302814, 'evaluations': 185, 'seconds': 0.13115909999760333, 'method': 'differential_evolution_v2', 'accepted_search': True, 'solver_message': 'Maximum number of iterations has been exceeded.'}]",42,"[{'update_slot': 54, 'hour': 9, 'info': 'both', 'lp_status': 'optimal', 'lp_message': '', 'fallback': False}]",1673.3130689204268,2593.81027002101,0.2192017999914242,0.3652596000029007
"[{'theta': array([-5080.65512127]), 'n_active': 1, 'beta1_train': -4057.160635895025, 'beta0_train': -4079.949655445148, 'beta1_val': -4081.2, 'beta0_val': -4081.2, 'selected_score': -4079.949655445148, 'evaluations': 25, 'seconds': 0.031872300009126775, 'method': 'differential_evolution_v2', 'accepted_search': True, 'solver_message': 'Optimization terminated successfully.'}, {'theta': array([-1048.59605176,     1.95882418]), 'n_active': 2, 'beta1_train': 1339.1941946173795, 'beta0_train': -1300.8396011830114, 'beta1_val': 1639.8187499459327, 'beta0_val': -991.6069410758796, 'selected_score': -1301.0547194790024, 'evaluations': 95, 'seconds': 0.0585022999875946, 'method': 'differential_evolution_v2', 'accepted_search': True, 'solver_message': 'Maximum number of iterations has been exceeded.'}, {'theta': array([-6.86827002e+02,  1.77739608e-01, -5.08176026e+02,  5.84630254e-01]), 'n_active': 4, 'beta1_train': -200.54993523862123, 'beta0_train': -674.2146273347524, 'beta1_val': -596.2821583696438, 'beta0_val': -679.234990757754, 'selected_score': -674.2146273347524, 'evaluations': 185, 'seconds': 0.1301930000045104, 'method': 'differential_evolution_v2', 'accepted_search': True, 'solver_message': 'Maximum number of iterations has been exceeded.'}]",42,"[{'update_slot': 54, 'hour': 9, 'info': 'both', 'lp_status': 'optimal', 'lp_message': '', 'fallback': False}]",2593.81027002101,1544.3104253463819,0.22056760000123177,0.36103679999359883
"[{'theta': array([-92.69989966]), 'n_active': 1, 'beta1_train': -4157.592385872556, 'beta0_train': -4179.519141302819, 'beta1_val': -4175.115525411164, 'beta0_val': -4180.799999999999, 'selected_score': -4179.519141302819, 'evaluations': 15, 'seconds': 0.02236020000418648, 'method': 'differential_evolution_v2', 'accepted_search': True, 'solver_message': 'Optimization terminated successfully.'}, {'theta': array([-9.53601042e+03, -6.04015333e-01]), 'n_active': 2, 'beta1_train': 1367.6323447207246, 'beta0_train': -2306.1699228751336, 'beta1_val': 1659.3477745185096, 'beta0_val': -2135.6259222134895, 'selected_score': -2306.1699228751336, 'evaluations': 95, 'seconds': 0.05844700000307057, 'method': 'differential_evolution_v2', 'accepted_search': True, 'solver_message': 'Maximum number of iterations has been exceeded.'}, {'theta': array([-3.00365093e+02,  6.15332157e-01, -7.34045537e+02, -4.15113060e-01]), 'n_active': 4, 'beta1_train': -526.872666016246, 'beta0_train': -956.309598101563, 'beta1_val': -585.7609300963379, 'beta0_val': -855.5394647796176, 'selected_score': -956.309598101563, 'evaluations': 185, 'seconds': 0.13114559999667108, 'method': 'differential_evolution_v2', 'accepted_search': True, 'solver_message': 'Maximum number of iterations has been exceeded.'}]",42,"[{'update_slot': 54, 'hour': 9, 'info': 'both', 'lp_status': 'optimal', 'lp_message': '', 'fallback': False}]",1544.3104253463819,2343.46964259104,0.21195280000392813,0.35667510000348557
"[{'theta': array([-1317.13264089]), 'n_active': 1, 'beta1_train': -1473.1803844325668, 'beta0_train': -1599.846877091363, 'beta1_val': -1493.955233853941, 'beta0_val': -1590.7449084141315, 'selected_score': -1599.846877091363, 'evaluations': 25, 'seconds': 0.03374400000029709, 'method': 'differential_evolution_v2', 'accepted_search': True, 'solver_message': 'Optimization terminated successfully.'}, {'theta': array([-1.13773265e+03, -5.57386367e-01]), 'n_active': 2, 'beta1_train': 2662.598392643782, 'beta0_train': -1164.5759114710645, 'beta1_val': 2124.3576108258285, 'beta0_val': -1189.4455035334936, 'selected_score': -1164.5759114710645, 'evaluations': 95, 'seconds': 0.060038299998268485, 'method': 'differential_evolution_v2', 'accepted_search': True, 'solver_message': 'Maximum number of iterations has been exceeded.'}, {'theta': array([-4.27464362e+03,  1.76658278e+00, -5.30724537e+03,  6.12927831e-01]), 'n_active': 4, 'beta1_train': 308.7879800719619, 'beta0_train': -265.2257557454629, 'beta1_val': -253.84197454539938, 'beta0_val': -253.84197454539938, 'selected_score': -265.2257557454629, 'evaluations': 185, 'seconds': 0.12444709999545012, 'method': 'differential_evolution_v2', 'accepted_search': True, 'solver_message': 'Maximum number of iterations has been exceeded.'}]",42,"[{'update_slot': 54, 'hour': 9, 'info': 'both', 'lp_status': 'optimal', 'lp_message': '', 'fallback': False}]",2343.46964259104,1759.1863242028433,0.2182293999940157,0.36894039998878725
"[{'theta': array([-9509.36087986]), 'n_active': 1, 'beta1_train': -962.9623884186537, 'beta0_train': -966.1939375155008, 'beta1_val': -924.4323396719772, 'beta0_val': -924.4323396719772, 'selected_score': -966.1939375155008, 'evaluations': 50, 'seconds': 0.05293159998836927, 'method': 'differential_evolution_v2', 'accepted_search': True, 'solver_message': 'Maximum number of iterations has been exceeded.'}, {'theta': array([-7.26237086e+03, -1.85227415e+00]), 'n_active': 2, 'beta1_train': -221.23549677304698, 'beta0_train': -1855.1999999999998, 'beta1_val': -510.75477104824176, 'beta0_val': -1855.1999999999998, 'selected_score': -1855.1999999999998, 'evaluations': 95, 'seconds': 0.06354250000731554, 'method': 'differential_evolution_v2', 'accepted_search': True, 'solver_message': 'Maximum number of iterations has been exceeded.'}, {'theta': array([-7.71988760e+03, -2.01006476e-02, -6.44630838e+03,  1.27357983e+00]), 'n_active': 4, 'beta1_train': -112.67415209739711, 'beta0_train': -311.1302165884712, 'beta1_val': -234.58865927448153, 'beta0_val': -312.5264075904435, 'selected_score': -311.1302165884712, 'evaluations': 185, 'seconds': 0.12766349999583326, 'method': 'differential_evolution_v2', 'accepted_search': True, 'solver_message': 'Maximum number of iterations has been exceeded.'}]",42,"[{'update_slot': 54, 'hour': 9, 'info': 'both', 'lp_status': 'optimal', 'lp_message': '', 'fallback': False}]",1759.1863242028433,1980.5423415774583,0.24413759999151807,0.3893599000002723
"[{'theta': array([-814.93371295]), 'n_active': 1, 'beta1_train': -1818.8519237914797, 'beta0_train': -1822.5774552368512, 'beta1_val': -1773.4114119746575, 'beta0_val': -1773.4114119746575, 'selected_score': -1822.5774552368512, 'evaluations': 20, 'seconds': 0.027568000004976057, 'method': 'differential_evolution_v2', 'accepted_search': True, 'solver_message': 'Optimization terminated successfully.'}, {'theta': array([-2.91181688e+03, -4.14657648e-01]), 'n_active': 2, 'beta1_train': -2546.8316887366104, 'beta0_train': -4084.7999999999997, 'beta1_val': -2650.9930877352094, 'beta0_val': -4084.7999999999997, 'selected_score': -4084.7999999999997, 'evaluations': 95, 'seconds': 0.0594651999999769, 'method': 'differential_evolution_v2', 'accepted_search': True, 'solver_message': 'Maximum number of iterations has been exceeded.'}, {'theta': array([-3.62932133e+02, -8.76072694e-01, -3.96753837e+03, -2.24984089e-01]), 'n_active': 4, 'beta1_train': -2128.0165817723105, 'beta0_train': -2358.6309886027575, 'beta1_val': -2448.189756635218, 'beta0_val': -2448.189756635218, 'selected_score': -2358.961781661942, 'evaluations': 185, 'seconds': 0.13110660000529606, 'method': 'differential_evolution_v2', 'accepted_search': True, 'solver_message': 'Maximum number of iterations has been exceeded.'}]",42,"[{'update_slot': 54, 'hour': 9, 'info': 'both', 'lp_status': 'optimal', 'lp_message': '', 'fallback': False}]",1980.5423415774583,6097.340824825409,0.21813980001024902,0.36463920000824146
"[{'theta': array([-9158.1649971]), 'n_active': 1, 'beta1_train': -3988.3458631577782, 'beta0_train': -4001.973631754291, 'beta1_val': -4003.2, 'beta0_val': -4003.2, 'selected_score': -4001.973631754291, 'evaluations': 20, 'seconds': 0.02780989999882877, 'method': 'differential_evolution_v2', 'accepted_search': True, 'solver_message': 'Optimization terminated successfully.'}, {'theta': array([-7.99677121e+03,  4.15329476e-01]), 'n_active': 2, 'beta1_train': 1194.6265812536938, 'beta0_train': -2546.558018807857, 'beta1_val': 692.4081259796649, 'beta0_val': -2614.501390635728, 'selected_score': -2546.558018807857, 'evaluations': 55, 'seconds': 0.03951950000191573, 'method': 'differential_evolution_v2', 'accepted_search': True, 'solver_message': 'Optimization terminated successfully.'}, {'theta': array([-3.20442878e+03,  1.11276058e+00, -7.50972084e+03,  2.25140959e-01]), 'n_active': 4, 'beta1_train': -307.02560446779455, 'beta0_train': -679.8373421858481, 'beta1_val': -417.23259970439125, 'beta0_val': -643.9384938097835, 'selected_score': -679.8373421858481, 'evaluations': 185, 'seconds': 0.1277301000081934, 'method': 'differential_evolution_v2', 'accepted_search': True, 'solver_message': 'Maximum number of iterations has been exceeded.'}]",42,"[{'update_slot': 54, 'hour': 9, 'info': 'both', 'lp_status': 'optimal', 'lp_message': '', 'fallback': False}]",6097.340824825409,1956.8253100630745,0.1950595000089379,0.34116910000739153
"[{'theta': array([-443.67790334]), 'n_active': 1, 'beta1_train': -4080.968576081276, 'beta0_train': -4095.16361591902, 'beta1_val': -4104.7914657448555, 'beta0_val': -4104.7914657448555, 'selected_score': -4095.16361591902, 'evaluations': 50, 'seconds': 0.05665779999981169, 'method': 'differential_evolution_v2', 'accepted_search': True, 'solver_message': 'Maximum number of iterations has been exceeded.'}, {'theta': array([-5.80142098e+03,  1.96241790e+00]), 'n_active': 2, 'beta1_train': 577.9002154940968, 'beta0_train': -3062.8788937924446, 'beta1_val': 429.92564642969137, 'beta0_val': -2718.292331348641, 'selected_score': -3062.8788937924446, 'evaluations': 35, 'seconds': 0.029649300005985424, 'method': 'differential_evolution_v2', 'accepted_search': True, 'solver_message': 'Optimization terminated successfully.'}, {'theta': array([-7.42521215e+03,  7.33804819e-01, -1.42673639e+03, -1.74816207e+00]), 'n_active': 4, 'beta1_train': -810.5728107137712, 'beta0_train': -1041.560791842251, 'beta1_val': 1405.6012163474657, 'beta0_val': -1015.7316368182135, 'selected_score': -1041.560791842251, 'evaluations': 185, 'seconds': 0.13066179999441374, 'method': 'differential_evolution_v2', 'accepted_search': True, 'solver_message': 'Maximum number of iterations has been exceeded.'}]",42,"[{'update_slot': 54, 'hour': 9, 'info': 'both', 'lp_status': 'optimal', 'lp_message': '', 'fallback': False}]",1956.8253100630745,2705.600834834791,0.21696890000021085,0.37079020000237506
"[{'theta': array([-6171.58400064]), 'n_active': 1, 'beta1_train': -4223.203597401932, 'beta0_train': -4330.073808550949, 'beta1_val': -4240.900791316808, 'beta0_val': -4275.048150113104, 'selected_score': -4330.073808550949, 'evaluations': 25, 'seconds': 0.030673100001877174, 'method': 'differential_evolution_v2', 'accepted_search': True, 'solver_message': 'Optimization terminated successfully.'}, {'theta': array([-4.06239612e+03, -6.35632446e-01]), 'n_active': 2, 'beta1_train': 606.1506587305595, 'beta0_train': -2701.3922256648048, 'beta1_val': -129.2553084471997, 'beta0_val': -2809.046508130603, 'selected_score': -2701.3922256648048, 'evaluations': 45, 'seconds': 0.033389999996870756, 'method': 'differential_evolution_v2', 'accepted_search': True, 'solver_message': 'Optimization terminated successfully.'}, {'theta': array([-7.26735307e+02, -3.62889589e-01, -4.35783891e+03, -1.32163948e+00]), 'n_active': 4, 'beta1_train': -409.7228154882158, 'beta0_train': -754.1092675554991, 'beta1_val': 630.1795089472023, 'beta0_val': -781.7861529140182, 'selected_score': -754.1092675554991, 'evaluations': 105, 'seconds': 0.08321659998910036, 'method': 'differential_evolution_v2', 'accepted_search': True, 'solver_message': 'Optimization terminated successfully.'}]",42,"[{'update_slot': 54, 'hour': 9, 'info': 'both', 'lp_status': 'optimal', 'lp_message': '', 'fallback': False}]",2705.600834834791,2038.255205547621,0.1472796999878483,0.292799599992577
"[{'theta': array([-2267.6406634]), 'n_active': 1, 'beta1_train': -4068.364109275193, 'beta0_train': -4084.8246740070767, 'beta1_val': -4086.0000000000005, 'beta0_val': -4086.0000000000005, 'selected_score': -4084.8246740070767, 'evaluations': 20, 'seconds': 0.028950699997949414, 'method': 'differential_evolution_v2', 'accepted_search': True, 'solver_message': 'Optimization terminated successfully.'}, {'theta': array([-6.86451848e+03,  8.98809902e-01]), 'n_active': 2, 'beta1_train': 812.646273580606, 'beta0_train': -2623.592486001449, 'beta1_val': -16.937601796882973, 'beta0_val': -3054.950175153867, 'selected_score': -2623.592486001449, 'evaluations': 35, 'seconds': 0.030991100007668138, 'method': 'differential_evolution_v2', 'accepted_search': True, 'solver_message': 'Optimization terminated successfully.'}, {'theta': array([-7.74667040e+03,  1.26791698e+00, -3.21823992e+02,  1.69199669e+00]), 'n_active': 4, 'beta1_train': -490.3098334189812, 'beta0_train': -703.8331930686214, 'beta1_val': -596.2748645327322, 'beta0_val': -746.626293269296, 'selected_score': -703.8331930686214, 'evaluations': 185, 'seconds': 0.13148199999704957, 'method': 'differential_evolution_v2', 'accepted_search': True, 'solver_message': 'Maximum number of iterations has been exceeded.'}]",42,"[{'update_slot': 54, 'hour': 9, 'info': 'both', 'lp_status': 'optimal', 'lp_message': '', 'fallback': False}]",2038.255205547621,1771.2668736454602,0.19142380000266712,0.34102220000931993
"[{'theta': array([-7980.33993264]), 'n_active': 1, 'beta1_train': -1505.4244952948216, 'beta0_train': -1522.4015939918702, 'beta1_val': -1522.8000000000002, 'beta0_val': -1522.8000000000002, 'selected_score': -1522.4015939918702, 'evaluations': 15, 'seconds': 0.02267389999178704, 'method': 'differential_evolution_v2', 'accepted_search': True, 'solver_message': 'Optimization terminated successfully.'}, {'theta': array([-4.72219861e+03,  1.70107283e+00]), 'n_active': 2, 'beta1_train': 2336.4418210059594, 'beta0_train': -946.9400648754697, 'beta1_val': 2356.2442318277544, 'beta0_val': -1061.9211260683471, 'selected_score': -946.9400648754697, 'evaluations': 95, 'seconds': 0.060246599998208694, 'method': 'differential_evolution_v2', 'accepted_search': True, 'solver_message': 'Maximum number of iterations has been exceeded.'}, {'theta': array([-1.32807618e+03,  1.31063358e+00, -3.93281393e+03, -1.42024086e+00]), 'n_active': 4, 'beta1_train': 64.28192425594955, 'beta0_train': -255.67055477184957, 'beta1_val': 259.8274970646013, 'beta0_val': -235.77596017846935, 'selected_score': -255.67055477184957, 'evaluations': 185, 'seconds': 0.12944800000695977, 'method': 'differential_evolution_v2', 'accepted_search': True, 'solver_message': 'Maximum number of iterations has been exceeded.'}]",42,"[{'update_slot': 54, 'hour': 9, 'info': 'both', 'lp_status': 'optimal', 'lp_message': '', 'fallback': False}]",1771.2668736454602,1782.7358612275477,0.2123684999969555,0.3574642000021413
"[{'theta': array([-1422.72565065]), 'n_active': 1, 'beta1_train': -455.56389796332684, 'beta0_train': -459.3196832581729, 'beta1_val': -427.1641972824063, 'beta0_val': -427.1641972824063, 'selected_score': -459.3196832581729, 'evaluations': 50, 'seconds': 0.056423699992592447, 'method': 'differential_evolution_v2', 'accepted_search': True, 'solver_message': 'Maximum number of iterations has been exceeded.'}, {'theta': array([-4.53551465e+03, -1.45765074e+00]), 'n_active': 2, 'beta1_train': 379.6663397318761, 'beta0_train': -1095.6000000000001, 'beta1_val': 235.0104490952117, 'beta0_val': -1095.6000000000001, 'selected_score': -1095.6000000000001, 'evaluations': 55, 'seconds': 0.03885969999828376, 'method': 'differential_evolution_v2', 'accepted_search': True, 'solver_message': 'Optimization terminated successfully.'}, {'theta': array([-5.27014821e+03,  1.50116198e+00, -3.45647833e+03, -5.79106519e-02]), 'n_active': 4, 'beta1_train': 20.043085948560783, 'beta0_train': -186.50252631396262, 'beta1_val': -177.8820184787852, 'beta0_val': -185.86903314029078, 'selected_score': -186.50252631396262, 'evaluations': 185, 'seconds': 0.13084849998995196, 'method': 'differential_evolution_v2', 'accepted_search': True, 'solver_message': 'Maximum number of iterations has been exceeded.'}]",42,"[{'update_slot': 54, 'hour': 9, 'info': 'both', 'lp_status': 'optimal', 'lp_message': '', 'fallback': False}]",1782.7358612275477,1820.2112952784432,0.22613189998082817,0.42796180000004824
"[{'theta': array([-2659.71155132]), 'n_active': 1, 'beta1_train': -1611.4076768157274, 'beta0_train': -1613.5964662641445, 'beta1_val': -1537.8406551331293, 'beta0_val': -1537.8406551331293, 'selected_score': -1613.5964662641445, 'evaluations': 25, 'seconds': 0.03207710001152009, 'method': 'differential_evolution_v2', 'accepted_search': True, 'solver_message': 'Optimization terminated successfully.'}, {'theta': array([-2.74761377e+03,  5.17404517e-03]), 'n_active': 2, 'beta1_train': -2857.074525821299, 'beta0_train': -4165.200000000001, 'beta1_val': -2782.6187045725155, 'beta0_val': -4165.2, 'selected_score': -4165.200000000001, 'evaluations': 95, 'seconds': 0.060827299996162765, 'method': 'differential_evolution_v2', 'accepted_search': True, 'solver_message': 'Maximum number of iterations has been exceeded.'}, {'theta': array([-2.50206428e+02, -2.82699840e-01, -7.86656233e+03,  9.67872786e-01]), 'n_active': 4, 'beta1_train': -4032.215964552643, 'beta0_train': -4117.9106844418375, 'beta1_val': -4114.352702452828, 'beta0_val': -4114.352702452828, 'selected_score': -4117.9106844418375, 'evaluations': 185, 'seconds': 0.12900509999599308, 'method': 'differential_evolution_v2', 'accepted_search': True, 'solver_message': 'Maximum number of iterations has been exceeded.'}]",42,"[{'update_slot': 54, 'hour': 9, 'info': 'both', 'lp_status': 'optimal', 'lp_message': '', 'fallback': False}]",1820.2112952784432,10561.291743698426,0.22190950000367593,0.36606219998793676
"[{'theta': array([-5186.02870864]), 'n_active': 1, 'beta1_train': -3132.1909532525738, 'beta0_train': -4156.066897056219, 'beta1_val': -3187.1398178077197, 'beta0_val': -4157.881374697324, 'selected_score': -4156.066897056219, 'evaluations': 20, 'seconds': 0.027710099995601922, 'method': 'differential_evolution_v2', 'accepted_search': True, 'solver_message': 'Optimization terminated successfully.'}, {'theta': array([-3.84468105e+03, -5.08936821e-01]), 'n_active': 2, 'beta1_train': 992.5717848227418, 'beta0_train': -2483.479944678602, 'beta1_val': 958.8995265601247, 'beta0_val': -2418.8962401884737, 'selected_score': -2483.479944678602, 'evaluations': 45, 'seconds': 0.03480340000533033, 'method': 'differential_evolution_v2', 'accepted_search': True, 'solver_message': 'Optimization terminated successfully.'}, {'theta': array([-8.01605585e+03, -2.04081397e-01, -3.89838102e+03, -1.29356470e+00]), 'n_active': 4, 'beta1_train': -202.31279451253178, 'beta0_train': -762.6453806526517, 'beta1_val': 2624.3741393778646, 'beta0_val': 1941.7842599960136, 'selected_score': -762.6453806526517, 'evaluations': 125, 'seconds': 0.09125699999276549, 'method': 'differential_evolution_v2', 'accepted_search': True, 'solver_message': 'Optimization terminated successfully.'}]",42,"[{'update_slot': 54, 'hour': 9, 'info': 'both', 'lp_status': 'optimal', 'lp_message': '', 'fallback': False}]",10561.291743698426,2015.9657140456718,0.15377049999369774,0.3013879999925848
"[{'theta': array([-4859.27379744]), 'n_active': 1, 'beta1_train': -3938.145782410744, 'beta0_train': -3964.5776028041473, 'beta1_val': -3946.871208185185, 'beta0_val': -3957.863343185185, 'selected_score': -3964.5776028041473, 'evaluations': 20, 'seconds': 0.02685100000235252, 'method': 'differential_evolution_v2', 'accepted_search': True, 'solver_message': 'Optimization terminated successfully.'}, {'theta': array([-4.33142519e+03,  6.72557810e-01]), 'n_active': 2, 'beta1_train': -322.32002604898724, 'beta0_train': -3559.935465015016, 'beta1_val': -1091.035838710406, 'beta0_val': -3749.2305538747905, 'selected_score': -3559.935465015016, 'evaluations': 95, 'seconds': 0.058514299991657026, 'method': 'differential_evolution_v2', 'accepted_search': True, 'solver_message': 'Maximum number of iterations has been exceeded.'}, {'theta': array([-4.70382522e+02,  7.96119768e-02, -9.23022231e+03,  1.18930861e+00]), 'n_active': 4, 'beta1_train': -513.8084382903855, 'beta0_train': -933.4848427766678, 'beta1_val': -994.1241839964079, 'beta0_val': -994.1241839964079, 'selected_score': -945.8900984656098, 'evaluations': 185, 'seconds': 0.12895069998921826, 'method': 'differential_evolution_v2', 'accepted_search': True, 'solver_message': 'Maximum number of iterations has been exceeded.'}]",42,"[{'update_slot': 54, 'hour': 9, 'info': 'both', 'lp_status': 'optimal', 'lp_message': '', 'fallback': False}]",2015.9657140456718,2375.2106343594455,0.2143159999832278,0.358255699989968
"[{'theta': array([-5183.10559471]), 'n_active': 1, 'beta1_train': -4291.141043768069, 'beta0_train': -4377.573986734894, 'beta1_val': -4267.871823661484, 'beta0_val': -4313.634128019299, 'selected_score': -4377.573986734894, 'evaluations': 20, 'seconds': 0.027490099993883632, 'method': 'differential_evolution_v2', 'accepted_search': True, 'solver_message': 'Optimization terminated successfully.'}, {'theta': array([-7.05074254e+03, -1.37267704e+00]), 'n_active': 2, 'beta1_train': 801.9233892768658, 'beta0_train': -2559.8703804286, 'beta1_val': 1887.0518385180253, 'beta0_val': -2315.1854896310747, 'selected_score': -2559.8703804286, 'evaluations': 95, 'seconds': 0.05759679999027867, 'method': 'differential_evolution_v2', 'accepted_search': True, 'solver_message': 'Maximum number of iterations has been exceeded.'}, {'theta': array([-3.16862112e+02,  2.04306018e-01, -4.03047697e+03,  1.33972730e+00]), 'n_active': 4, 'beta1_train': -691.9581642682855, 'beta0_train': -1040.39660531392, 'beta1_val': -931.8581915958785, 'beta0_val': -1002.957739822277, 'selected_score': -1046.405124509292, 'evaluations': 185, 'seconds': 0.12424140000075568, 'method': 'differential_evolution_v2', 'accepted_search': True, 'solver_message': 'Maximum number of iterations has been exceeded.'}]",42,"[{'update_slot': 54, 'hour': 9, 'info': 'both', 'lp_status': 'optimal', 'lp_message': '', 'fallback': False}]",2375.2106343594455,2310.551406934254,0.20932829998491798,0.35169919999316335
"[{'theta': array([-8002.61565682]), 'n_active': 1, 'beta1_train': -4251.632136854155, 'beta0_train': -4341.1306788477605, 'beta1_val': -4402.8, 'beta0_val': -4402.8, 'selected_score': -4341.1306788477605, 'evaluations': 20, 'seconds': 0.027300000001559965, 'method': 'differential_evolution_v2', 'accepted_search': True, 'solver_message': 'Optimization terminated successfully.'}, {'theta': array([-6.20134100e+03, -8.61427155e-01]), 'n_active': 2, 'beta1_train': 795.0399138218594, 'beta0_train': -2610.2989701249676, 'beta1_val': 1065.5632058685387, 'beta0_val': -2704.8105328041024, 'selected_score': -2610.2989701249676, 'evaluations': 55, 'seconds': 0.03911850000440609, 'method': 'differential_evolution_v2', 'accepted_search': True, 'solver_message': 'Optimization terminated successfully.'}, {'theta': array([-2.27583025e+03, -1.28383195e+00, -8.61487095e+03,  1.18047672e+00]), 'n_active': 4, 'beta1_train': -817.9873436208532, 'beta0_train': -1063.8529856644875, 'beta1_val': -568.3418071043012, 'beta0_val': -969.1996309663933, 'selected_score': -1063.8529856644875, 'evaluations': 185, 'seconds': 0.12598240000079386, 'method': 'differential_evolution_v2', 'accepted_search': True, 'solver_message': 'Maximum number of iterations has been exceeded.'}]",42,"[{'update_slot': 54, 'hour': 9, 'info': 'both', 'lp_status': 'optimal', 'lp_message': '', 'fallback': False}]",2310.551406934254,2471.9473378112793,0.1924009000067599,0.3388737999921432
"[{'theta': array([-432.27054699]), 'n_active': 1, 'beta1_train': -1056.2272390270255, 'beta0_train': -1085.6649773660042, 'beta1_val': -1086.0, 'beta0_val': -1086.0, 'selected_score': -1085.6649773660042, 'evaluations': 20, 'seconds': 0.027055500002461486, 'method': 'differential_evolution_v2', 'accepted_search': True, 'solver_message': 'Optimization terminated successfully.'}, {'theta': array([-8.0196260e+03,  1.3594096e-01]), 'n_active': 2, 'beta1_train': 2790.4248615660254, 'beta0_train': -705.4171766600066, 'beta1_val': 2546.231254834548, 'beta0_val': -688.3474804335032, 'selected_score': -705.4171766600066, 'evaluations': 45, 'seconds': 0.037111300000105985, 'method': 'differential_evolution_v2', 'accepted_search': True, 'solver_message': 'Optimization terminated successfully.'}, {'theta': array([-7.83180193e+03, -1.61785911e+00, -2.52002500e+03,  5.06054558e-01]), 'n_active': 4, 'beta1_train': 97.65401102127812, 'beta0_train': -186.9039190507459, 'beta1_val': 100.05774560768705, 'beta0_val': -174.73468606939804, 'selected_score': -186.9039190507459, 'evaluations': 185, 'seconds': 0.13036480000300799, 'method': 'differential_evolution_v2', 'accepted_search': True, 'solver_message': 'Maximum number of iterations has been exceeded.'}]",42,"[{'update_slot': 54, 'hour': 9, 'info': 'both', 'lp_status': 'optimal', 'lp_message': '', 'fallback': False}]",2471.9473378112793,1902.1741076344772,0.19453160000557546,0.341711100001703
"[{'theta': array([-8625.58028105]), 'n_active': 1, 'beta1_train': -607.6865859205261, 'beta0_train': -611.3786500665343, 'beta1_val': -595.9714323927084, 'beta0_val': -595.9714323927084, 'selected_score': -611.3786500665343, 'evaluations': 20, 'seconds': 0.0266222999925958, 'method': 'differential_evolution_v2', 'accepted_search': True, 'solver_message': 'Optimization terminated successfully.'}, {'theta': array([-8.83615059e+02, -3.50017338e-01]), 'n_active': 2, 'beta1_train': -573.743148089204, 'beta0_train': -1778.3999999999999, 'beta1_val': -186.3225084289336, 'beta0_val': -1778.3999999999999, 'selected_score': -1778.3999999999999, 'evaluations': 95, 'seconds': 0.05870709998998791, 'method': 'differential_evolution_v2', 'accepted_search': True, 'solver_message': 'Maximum number of iterations has been exceeded.'}, {'theta': array([-8.62941527e+02,  6.62414431e-01, -2.79451772e+03,  4.92899978e-01]), 'n_active': 4, 'beta1_train': -160.6765742748265, 'beta0_train': -312.9296029435261, 'beta1_val': 21.305759141592944, 'beta0_val': -314.44977809733183, 'selected_score': -312.9296029435261, 'evaluations': 185, 'seconds': 0.12953030000790022, 'method': 'differential_evolution_v2', 'accepted_search': True, 'solver_message': 'Maximum number of iterations has been exceeded.'}]",42,"[{'update_slot': 54, 'hour': 9, 'info': 'both', 'lp_status': 'optimal', 'lp_message': '', 'fallback': False}]",1902.1741076344772,1522.4001301311753,0.21485969999048393,0.3559462999983225
"[{'theta': array([-345.2167165]), 'n_active': 1, 'beta1_train': -1534.08442831029, 'beta0_train': -1538.8914359124574, 'beta1_val': -1407.338284023849, 'beta0_val': -1407.338284023849, 'selected_score': -1538.8914359124574, 'evaluations': 25, 'seconds': 0.02987379999831319, 'method': 'differential_evolution_v2', 'accepted_search': True, 'solver_message': 'Optimization terminated successfully.'}, {'theta': array([-4.46678991e+03,  1.36990734e+00]), 'n_active': 2, 'beta1_train': -3070.5792454072307, 'beta0_train': -4294.799999999999, 'beta1_val': -2525.0294890331024, 'beta0_val': -4294.8, 'selected_score': -4294.799999999999, 'evaluations': 95, 'seconds': 0.05642349999106955, 'method': 'differential_evolution_v2', 'accepted_search': True, 'solver_message': 'Maximum number of iterations has been exceeded.'}, {'theta': array([-4.03421085e+03, -5.99397714e-01, -6.86886842e+03,  1.53436827e-01]), 'n_active': 4, 'beta1_train': -3577.3163919230483, 'beta0_train': -3686.6417189753047, 'beta1_val': -3036.792642289412, 'beta0_val': -3660.790118662746, 'selected_score': -3686.6417189753047, 'evaluations': 125, 'seconds': 0.0926439000031678, 'method': 'differential_evolution_v2', 'accepted_search': True, 'solver_message': 'Optimization terminated successfully.'}]",42,"[{'update_slot': 54, 'hour': 9, 'info': 'both', 'lp_status': 'optimal', 'lp_message': '', 'fallback': False}]",1522.4001301311753,9457.414774174917,0.17894119999255054,0.3150986999971792
"[{'theta': array([-2334.84048275]), 'n_active': 1, 'beta1_train': -4237.308113295289, 'beta0_train': -4318.146010706332, 'beta1_val': -4295.3196250441915, 'beta0_val': -4306.435580400217, 'selected_score': -4318.146010706332, 'evaluations': 25, 'seconds': 0.032768599994597025, 'method': 'differential_evolution_v2', 'accepted_search': True, 'solver_message': 'Optimization terminated successfully.'}, {'theta': array([-3.56970448e+03,  1.20138149e+00]), 'n_active': 2, 'beta1_train': 311.6673831759592, 'beta0_train': -2841.3243562247294, 'beta1_val': -392.0212887399275, 'beta0_val': -2998.609182865602, 'selected_score': -2841.3243562247294, 'evaluations': 55, 'seconds': 0.03865050000604242, 'method': 'differential_evolution_v2', 'accepted_search': True, 'solver_message': 'Optimization terminated successfully.'}, {'theta': array([-4.01840281e+02, -1.72735072e-01, -7.78542934e+03,  1.00931025e+00]), 'n_active': 4, 'beta1_train': -524.0351548714043, 'beta0_train': -752.9419371998548, 'beta1_val': -449.1451202220624, 'beta0_val': -848.9398889206155, 'selected_score': -758.0767083003201, 'evaluations': 185, 'seconds': 0.13156369999342132, 'method': 'differential_evolution_v2', 'accepted_search': True, 'solver_message': 'Maximum number of iterations has been exceeded.'}]",42,"[{'update_slot': 54, 'hour': 9, 'info': 'both', 'lp_status': 'optimal', 'lp_message': '', 'fallback': False}]",9457.414774174917,1909.0476817581748,0.20298279999406077,0.34555680000630673
"[{'theta': array([-6553.98120593]), 'n_active': 1, 'beta1_train': -3875.8469962902777, 'beta0_train': -3893.9264146486003, 'beta1_val': -3895.2, 'beta0_val': -3895.2, 'selected_score': -3893.9264146486003, 'evaluations': 50, 'seconds': 0.055422299992642365, 'method': 'differential_evolution_v2', 'accepted_search': True, 'solver_message': 'Maximum number of iterations has been exceeded.'}, {'theta': array([-4.11859386e+03,  1.96363095e+00]), 'n_active': 2, 'beta1_train': 466.7818298163413, 'beta0_train': -2641.9516103497904, 'beta1_val': 449.8804177819461, 'beta0_val': -2513.3424656399193, 'selected_score': -2641.9516103497904, 'evaluations': 95, 'seconds': 0.061601499997777864, 'method': 'differential_evolution_v2', 'accepted_search': True, 'solver_message': 'Maximum number of iterations has been exceeded.'}, {'theta': array([-1.51881017e+03, -1.63183190e+00, -1.21727811e+03,  3.03320098e-02]), 'n_active': 4, 'beta1_train': -454.6842910811628, 'beta0_train': -648.7336544718555, 'beta1_val': -454.77742963314483, 'beta0_val': -690.6751874692251, 'selected_score': -648.7336544718555, 'evaluations': 185, 'seconds': 0.13463359999877866, 'method': 'differential_evolution_v2', 'accepted_search': True, 'solver_message': 'Maximum number of iterations has been exceeded.'}]",42,"[{'update_slot': 54, 'hour': 9, 'info': 'both', 'lp_status': 'optimal', 'lp_message': '', 'fallback': False}]",1909.0476817581748,1765.0717093838148,0.2516573999891989,0.4006554000079632
"[{'theta': array([-3502.40680056]), 'n_active': 1, 'beta1_train': -3996.9387136602572, 'beta0_train': -4001.026858342387, 'beta1_val': -3909.268755858041, 'beta0_val': -3909.268755858041, 'selected_score': -4001.026858342387, 'evaluations': 20, 'seconds': 0.027692999996361323, 'method': 'differential_evolution_v2', 'accepted_search': True, 'solver_message': 'Optimization terminated successfully.'}, {'theta': array([-8.35192738e+03,  1.88600514e+00]), 'n_active': 2, 'beta1_train': -324.295940999197, 'beta0_train': -3518.1759097716854, 'beta1_val': -207.8104274418215, 'beta0_val': -3340.640416739865, 'selected_score': -3518.1759097716854, 'evaluations': 95, 'seconds': 0.06180479998874944, 'method': 'differential_evolution_v2', 'accepted_search': True, 'solver_message': 'Maximum number of iterations has been exceeded.'}, {'theta': array([0., 0., 0., 0.]), 'n_active': 4, 'beta1_train': -1110.238051115848, 'beta0_train': -1371.572718695529, 'beta1_val': 328.9304640096259, 'beta0_val': 1223.699733135733, 'selected_score': -1110.238051115848, 'evaluations': 185, 'seconds': 0.1271429999906104, 'method': 'differential_evolution_v2', 'accepted_search': False, 'solver_message': 'Maximum number of iterations has been exceeded.'}]",42,"[{'update_slot': 54, 'hour': 9, 'info': 'both', 'lp_status': 'optimal', 'lp_message': '', 'fallback': False}]",1765.0717093838148,3523.472176833287,0.21664079997572117,0.3617152999941027
"[{'theta': array([-7114.5283467]), 'n_active': 1, 'beta1_train': -3996.470981071232, 'beta0_train': -4008.2933167171536, 'beta1_val': -4009.2000000000003, 'beta0_val': -4009.2000000000003, 'selected_score': -4008.2933167171536, 'evaluations': 50, 'seconds': 0.05289010000706185, 'method': 'differential_evolution_v2', 'accepted_search': True, 'solver_message': 'Maximum number of iterations has been exceeded.'}, {'theta': array([-1.66491966e+03, -1.65338680e+00]), 'n_active': 2, 'beta1_train': 454.3775842601543, 'beta0_train': -2802.4070563735627, 'beta1_val': -390.35284401743775, 'beta0_val': -3052.335562675381, 'selected_score': -2802.4070563735627, 'evaluations': 55, 'seconds': 0.03924459998961538, 'method': 'differential_evolution_v2', 'accepted_search': True, 'solver_message': 'Optimization terminated successfully.'}, {'theta': array([-3.20361920e+02,  6.29996349e-01, -5.05634391e+03,  1.04866143e+00]), 'n_active': 4, 'beta1_train': -303.0105708385364, 'beta0_train': -624.8430390248901, 'beta1_val': -342.3191974548147, 'beta0_val': -746.4974400918977, 'selected_score': -634.2499485261555, 'evaluations': 185, 'seconds': 0.12967229999776464, 'method': 'differential_evolution_v2', 'accepted_search': True, 'solver_message': 'Maximum number of iterations has been exceeded.'}]",42,"[{'update_slot': 54, 'hour': 9, 'info': 'both', 'lp_status': 'optimal', 'lp_message': '', 'fallback': False}]",3523.472176833287,1963.0037781049966,0.22180699999444187,0.3683627999998862
"[{'theta': array([-394.16092829]), 'n_active': 1, 'beta1_train': -1038.7974017422177, 'beta0_train': -1048.4553572300088, 'beta1_val': -933.2946585504839, 'beta0_val': -1022.5072645797923, 'selected_score': -1048.4553572300088, 'evaluations': 20, 'seconds': 0.026508599999942817, 'method': 'differential_evolution_v2', 'accepted_search': True, 'solver_message': 'Optimization terminated successfully.'}, {'theta': array([-8.52326794e+02,  2.71812579e-01]), 'n_active': 2, 'beta1_train': 2445.835825117456, 'beta0_train': -575.7131974249834, 'beta1_val': 2447.1126436371733, 'beta0_val': 439.538914445919, 'selected_score': -577.8606938845335, 'evaluations': 95, 'seconds': 0.058583300007740036, 'method': 'differential_evolution_v2', 'accepted_search': True, 'solver_message': 'Maximum number of iterations has been exceeded.'}, {'theta': array([-5.35171040e+03,  1.09320459e+00, -2.51599496e+03, -4.07020688e-01]), 'n_active': 4, 'beta1_train': -64.18611208751244, 'beta0_train': -230.43530196475083, 'beta1_val': -229.475561192253, 'beta0_val': -229.475561192253, 'selected_score': -230.43530196475083, 'evaluations': 185, 'seconds': 0.12619229999836534, 'method': 'differential_evolution_v2', 'accepted_search': True, 'solver_message': 'Maximum number of iterations has been exceeded.'}]",42,"[{'update_slot': 54, 'hour': 9, 'info': 'both', 'lp_status': 'optimal', 'lp_message': '', 'fallback': False}]",1963.0037781049966,1951.884991011181,0.2112842000060482,0.35542399999394547
"[{'theta': array([-8946.26829521]), 'n_active': 1, 'beta1_train': -864.0164357995463, 'beta0_train': -869.4700926864458, 'beta1_val': -844.3730634404344, 'beta0_val': -844.3730634404344, 'selected_score': -869.4700926864458, 'evaluations': 20, 'seconds': 0.027598000000580214, 'method': 'differential_evolution_v2', 'accepted_search': True, 'solver_message': 'Optimization terminated successfully.'}, {'theta': array([-4.86660655e+03,  4.41763665e-01]), 'n_active': 2, 'beta1_train': -1183.196030213375, 'beta0_train': -2567.9999999999995, 'beta1_val': -1312.9976128893074, 'beta0_val': -2567.9999999999995, 'selected_score': -2567.9999999999995, 'evaluations': 55, 'seconds': 0.038797300003352575, 'method': 'differential_evolution_v2', 'accepted_search': True, 'solver_message': 'Optimization terminated successfully.'}, {'theta': array([-8.73029701e+01,  1.50540434e-01, -4.68985446e+02,  7.45659845e-01]), 'n_active': 4, 'beta1_train': -312.16121999860184, 'beta0_train': -447.58810518991027, 'beta1_val': -448.18295716704716, 'beta0_val': -470.34298732900334, 'selected_score': -447.71251742773785, 'evaluations': 185, 'seconds': 0.12652419999358244, 'method': 'differential_evolution_v2', 'accepted_search': True, 'solver_message': 'Maximum number of iterations has been exceeded.'}]",42,"[{'update_slot': 54, 'hour': 9, 'info': 'both', 'lp_status': 'optimal', 'lp_message': '', 'fallback': False}]",1951.884991011181,2217.694752626186,0.19291949999751523,0.3348582000035094
"[{'theta': array([-4653.9903489]), 'n_active': 1, 'beta1_train': -1377.56850035586, 'beta0_train': -1386.370704226145, 'beta1_val': -1336.972769301724, 'beta0_val': -1336.972769301724, 'selected_score': -1386.370704226145, 'evaluations': 15, 'seconds': 0.022977699991315603, 'method': 'differential_evolution_v2', 'accepted_search': True, 'solver_message': 'Optimization terminated successfully.'}, {'theta': array([-9.16889918e+03,  7.07595352e-02]), 'n_active': 2, 'beta1_train': -3051.9161994791557, 'beta0_train': -4189.91714371371, 'beta1_val': -3560.241585332178, 'beta0_val': -4191.599999999999, 'selected_score': -4189.91714371371, 'evaluations': 45, 'seconds': 0.03404189999855589, 'method': 'differential_evolution_v2', 'accepted_search': True, 'solver_message': 'Optimization terminated successfully.'}, {'theta': array([-1.21735567e+03, -1.75152446e+00, -6.57555284e+03, -5.02722698e-01]), 'n_active': 4, 'beta1_train': -2320.372794365499, 'beta0_train': -2465.939499162364, 'beta1_val': -2508.1001580593775, 'beta0_val': -2535.682616454642, 'selected_score': -2465.939499162364, 'evaluations': 185, 'seconds': 0.13094180000189226, 'method': 'differential_evolution_v2', 'accepted_search': True, 'solver_message': 'Maximum number of iterations has been exceeded.'}]",42,"[{'update_slot': 54, 'hour': 9, 'info': 'both', 'lp_status': 'optimal', 'lp_message': '', 'fallback': False}]",2217.694752626186,6410.68601472762,0.18796139999176376,0.33313769999949727
"[{'theta': array([-2596.1476511]), 'n_active': 1, 'beta1_train': -2600.8606791688308, 'beta0_train': -3762.964506440673, 'beta1_val': -2444.929522121377, 'beta0_val': -3744.9871298203607, 'selected_score': -3762.964506440673, 'evaluations': 20, 'seconds': 0.026542699997662567, 'method': 'differential_evolution_v2', 'accepted_search': True, 'solver_message': 'Optimization terminated successfully.'}, {'theta': array([-3.18423458e+03, -3.92512555e-01]), 'n_active': 2, 'beta1_train': 478.82921723664964, 'beta0_train': -2557.4582979923107, 'beta1_val': -44.792319881473304, 'beta0_val': -2895.388971663733, 'selected_score': -2557.4582979923107, 'evaluations': 55, 'seconds': 0.03874099999666214, 'method': 'differential_evolution_v2', 'accepted_search': True, 'solver_message': 'Optimization terminated successfully.'}, {'theta': array([-2.44811453e+03, -1.57599001e+00, -7.42273503e+03,  4.65669430e-01]), 'n_active': 4, 'beta1_train': -529.5348062943906, 'beta0_train': -688.2420421562312, 'beta1_val': -720.2251304459068, 'beta0_val': -720.2251304459068, 'selected_score': -688.2420421562312, 'evaluations': 185, 'seconds': 0.12823180000123102, 'method': 'differential_evolution_v2', 'accepted_search': True, 'solver_message': 'Maximum number of iterations has been exceeded.'}]",42,"[{'update_slot': 54, 'hour': 9, 'info': 'both', 'lp_status': 'optimal', 'lp_message': '', 'fallback': False}]",6410.68601472762,2098.804057136603,0.19351549999555573,0.33840570000757
"[{'theta': array([-2700.51606345]), 'n_active': 1, 'beta1_train': -3905.0396331995853, 'beta0_train': -3929.1038595114424, 'beta1_val': -3923.4232158666664, 'beta0_val': -3930.0, 'selected_score': -3929.1038595114424, 'evaluations': 50, 'seconds': 0.05445319999125786, 'method': 'differential_evolution_v2', 'accepted_search': True, 'solver_message': 'Maximum number of iterations has been exceeded.'}, {'theta': array([-3.42356944e+03,  2.07245216e-01]), 'n_active': 2, 'beta1_train': -582.2293434197913, 'beta0_train': -3561.2789488181083, 'beta1_val': -206.21191304342346, 'beta0_val': -3484.477727521621, 'selected_score': -3561.2789488181083, 'evaluations': 95, 'seconds': 0.05843489999824669, 'method': 'differential_evolution_v2', 'accepted_search': True, 'solver_message': 'Maximum number of iterations has been exceeded.'}, {'theta': array([-4.22395850e+03, -7.77792742e-01, -8.29622405e+03, -9.25239159e-01]), 'n_active': 4, 'beta1_train': -489.31965813759365, 'beta0_train': -671.5549951836292, 'beta1_val': -739.1544214945221, 'beta0_val': -739.1544214945242, 'selected_score': -671.5549951836292, 'evaluations': 105, 'seconds': 0.0823285000078613, 'method': 'differential_evolution_v2', 'accepted_search': True, 'solver_message': 'Optimization terminated successfully.'}]",42,"[{'update_slot': 54, 'hour': 9, 'info': 'both', 'lp_status': 'optimal', 'lp_message': '', 'fallback': False}]",2098.804057136603,1660.4605309655954,0.19521659999736585,0.3403956999973161
"[{'theta': array([-4149.28012725]), 'n_active': 1, 'beta1_train': -4219.22516857806, 'beta0_train': -4225.558124014529, 'beta1_val': -4161.67300153835, 'beta0_val': -4161.67300153835, 'selected_score': -4225.558124014529, 'evaluations': 25, 'seconds': 0.03218589999596588, 'method': 'differential_evolution_v2', 'accepted_search': True, 'solver_message': 'Optimization terminated successfully.'}, {'theta': array([-6.11659240e+03,  1.36218246e+00]), 'n_active': 2, 'beta1_train': -215.9447605030952, 'beta0_train': -3038.6480393260335, 'beta1_val': 1884.8595137583302, 'beta0_val': -2346.2242076190173, 'selected_score': -3038.6480393260335, 'evaluations': 95, 'seconds': 0.06000099999073427, 'method': 'differential_evolution_v2', 'accepted_search': True, 'solver_message': 'Maximum number of iterations has been exceeded.'}, {'theta': array([-2.96396387e+02,  6.24848540e-01, -5.32128133e+03, -4.17904818e-01]), 'n_active': 4, 'beta1_train': -1039.226209573356, 'beta0_train': -1341.96029619155, 'beta1_val': -997.8817896728763, 'beta0_val': -1341.1551137947001, 'selected_score': -1346.5604639034998, 'evaluations': 185, 'seconds': 0.1278535000019474, 'method': 'differential_evolution_v2', 'accepted_search': True, 'solver_message': 'Maximum number of iterations has been exceeded.'}]",42,"[{'update_slot': 54, 'hour': 9, 'info': 'both', 'lp_status': 'optimal', 'lp_message': '', 'fallback': False}]",1660.4605309655954,3377.862406633314,0.22004039998864755,0.3669155999959912
"[{'theta': array([-5120.01229858]), 'n_active': 1, 'beta1_train': -3758.2424627611545, 'beta0_train': -3761.532169058987, 'beta1_val': -3688.8659486674005, 'beta0_val': -3702.611413632525, 'selected_score': -3761.532169058987, 'evaluations': 15, 'seconds': 0.02293969999300316, 'method': 'differential_evolution_v2', 'accepted_search': True, 'solver_message': 'Optimization terminated successfully.'}, {'theta': array([-5.00267128e+03,  7.06861978e-01]), 'n_active': 2, 'beta1_train': 11.50044647575964, 'beta0_train': -2692.3015021884835, 'beta1_val': -461.00380825986485, 'beta0_val': -2788.3305976042825, 'selected_score': -2692.3015021884835, 'evaluations': 95, 'seconds': 0.05889509999542497, 'method': 'differential_evolution_v2', 'accepted_search': True, 'solver_message': 'Maximum number of iterations has been exceeded.'}, {'theta': array([-4.61549158e+02,  3.23678912e-01, -6.94998704e+03, -1.42328453e+00]), 'n_active': 4, 'beta1_train': -325.2325682884872, 'beta0_train': -623.8389031471183, 'beta1_val': 233.77838927451535, 'beta0_val': -691.1820228606337, 'selected_score': -626.7066911750009, 'evaluations': 185, 'seconds': 0.127535200008424, 'method': 'differential_evolution_v2', 'accepted_search': True, 'solver_message': 'Maximum number of iterations has been exceeded.'}]",42,"[{'update_slot': 54, 'hour': 9, 'info': 'both', 'lp_status': 'optimal', 'lp_message': '', 'fallback': False}]",3377.862406633314,2147.740354792215,0.20936999999685213,0.3577724000060698
"[{'theta': array([-1326.57132708]), 'n_active': 1, 'beta1_train': -2166.128936428952, 'beta0_train': -2166.5507514723745, 'beta1_val': -2164.3119226990557, 'beta0_val': -2164.3119226990557, 'selected_score': -2166.5507514723745, 'evaluations': 20, 'seconds': 0.02698910000617616, 'method': 'differential_evolution_v2', 'accepted_search': True, 'solver_message': 'Optimization terminated successfully.'}, {'theta': array([-7.70833131e+03,  2.94606967e-01]), 'n_active': 2, 'beta1_train': 1101.4108578825999, 'beta0_train': -1848.8822035030344, 'beta1_val': 1024.572437559069, 'beta0_val': -1973.1489129274837, 'selected_score': -1848.8822035030344, 'evaluations': 95, 'seconds': 0.05938880000030622, 'method': 'differential_evolution_v2', 'accepted_search': True, 'solver_message': 'Maximum number of iterations has been exceeded.'}, {'theta': array([-3.06656767e+02,  4.77393290e-01, -7.49146809e+03,  1.45210285e+00]), 'n_active': 4, 'beta1_train': -83.05873001742411, 'beta0_train': -347.3439244873669, 'beta1_val': -292.64679456190686, 'beta0_val': -450.1400458679766, 'selected_score': -347.8285534155181, 'evaluations': 185, 'seconds': 0.13068980000389274, 'method': 'differential_evolution_v2', 'accepted_search': True, 'solver_message': 'Maximum number of iterations has been exceeded.'}]",42,"[{'update_slot': 54, 'hour': 9, 'info': 'both', 'lp_status': 'optimal', 'lp_message': '', 'fallback': False}]",2147.740354792215,1878.1962860407689,0.21706770001037512,0.3624448000045959
"[{'theta': array([-7302.73389935]), 'n_active': 1, 'beta1_train': -362.0929730311577, 'beta0_train': -364.0925889764706, 'beta1_val': -360.8791033805735, 'beta0_val': -360.8791033805735, 'selected_score': -364.0925889764706, 'evaluations': 20, 'seconds': 0.027159200006281026, 'method': 'differential_evolution_v2', 'accepted_search': True, 'solver_message': 'Optimization terminated successfully.'}, {'theta': array([-5.83709871e+03,  1.11283098e+00]), 'n_active': 2, 'beta1_train': -541.1275137372611, 'beta0_train': -1335.6, 'beta1_val': -216.8020049471072, 'beta0_val': -1335.6, 'selected_score': -1335.6, 'evaluations': 65, 'seconds': 0.04414030000043567, 'method': 'differential_evolution_v2', 'accepted_search': True, 'solver_message': 'Optimization terminated successfully.'}, {'theta': array([-4.10230686e+03,  5.87541880e-01, -2.36880224e+03,  7.37649896e-02]), 'n_active': 4, 'beta1_train': -115.06074464260524, 'beta0_train': -225.29548490135178, 'beta1_val': -165.59034134371615, 'beta0_val': -217.49012176189697, 'selected_score': -225.29548490135178, 'evaluations': 185, 'seconds': 0.1290456999995513, 'method': 'differential_evolution_v2', 'accepted_search': True, 'solver_message': 'Maximum number of iterations has been exceeded.'}]",42,"[{'update_slot': 54, 'hour': 9, 'info': 'both', 'lp_status': 'optimal', 'lp_message': '', 'fallback': False}]",1878.1962860407689,1447.9409049180044,0.200345200006268,0.3473024999984773
"[{'theta': array([-2114.62438077]), 'n_active': 1, 'beta1_train': -1220.262904974287, 'beta0_train': -1222.5720867010248, 'beta1_val': -1316.3169930005945, 'beta0_val': -1316.3169930005945, 'selected_score': -1222.5720867010248, 'evaluations': 15, 'seconds': 0.02321880000818055, 'method': 'differential_evolution_v2', 'accepted_search': True, 'solver_message': 'Optimization terminated successfully.'}, {'theta': array([-4.95754126e+03, -2.35925538e-01]), 'n_active': 2, 'beta1_train': -3515.472036710156, 'beta0_train': -4341.6, 'beta1_val': -3246.3727584390645, 'beta0_val': -4341.6, 'selected_score': -4341.6, 'evaluations': 55, 'seconds': 0.040250199992442504, 'method': 'differential_evolution_v2', 'accepted_search': True, 'solver_message': 'Optimization terminated successfully.'}, {'theta': array([-7.85709651e+03,  1.79523768e-01, -3.72204250e+02,  1.10969241e+00]), 'n_active': 4, 'beta1_train': -3979.6688158119287, 'beta0_train': -4046.512842850717, 'beta1_val': -3952.0748665581905, 'beta0_val': -3952.0748665581905, 'selected_score': -4046.512842850717, 'evaluations': 165, 'seconds': 0.11585729999933392, 'method': 'differential_evolution_v2', 'accepted_search': True, 'solver_message': 'Optimization terminated successfully.'}]",42,"[{'update_slot': 54, 'hour': 9, 'info': 'both', 'lp_status': 'optimal', 'lp_message': '', 'fallback': False}]",1447.9409049180044,9797.445999455724,0.17932629999995697,0.3200423999951454
"[{'theta': array([-4841.22483309]), 'n_active': 1, 'beta1_train': -3229.225461534109, 'beta0_train': -3232.870642511292, 'beta1_val': -3210.8969228518517, 'beta0_val': -3210.8969228518517, 'selected_score': -3232.870642511292, 'evaluations': 15, 'seconds': 0.02243510000698734, 'method': 'differential_evolution_v2', 'accepted_search': True, 'solver_message': 'Optimization terminated successfully.'}, {'theta': array([-3.79930097e+03, -1.26168729e+00]), 'n_active': 2, 'beta1_train': 763.6895302082954, 'beta0_train': -2119.48015421811, 'beta1_val': 294.5324465166841, 'beta0_val': -2386.459428567618, 'selected_score': -2119.48015421811, 'evaluations': 95, 'seconds': 0.06079740000132006, 'method': 'differential_evolution_v2', 'accepted_search': True, 'solver_message': 'Maximum number of iterations has been exceeded.'}, {'theta': array([-1.97874540e+03, -1.13000977e+00, -3.09332516e+03,  1.21778816e-01]), 'n_active': 4, 'beta1_train': -298.32729299080523, 'beta0_train': -592.5955893057642, 'beta1_val': -440.0547574063057, 'beta0_val': -527.2870039729083, 'selected_score': -592.5955893057642, 'evaluations': 185, 'seconds': 0.13060479999694508, 'method': 'differential_evolution_v2', 'accepted_search': True, 'solver_message': 'Maximum number of iterations has been exceeded.'}]",42,"[{'update_slot': 54, 'hour': 9, 'info': 'both', 'lp_status': 'optimal', 'lp_message': '', 'fallback': False}]",9797.445999455724,1560.0683159259256,0.21383730000525247,0.35978239998803474
"[{'theta': array([-7509.02829347]), 'n_active': 1, 'beta1_train': -3917.2119891445086, 'beta0_train': -3939.0691043090087, 'beta1_val': -3934.1896339386503, 'beta0_val': -3934.1896339386503, 'selected_score': -3939.0691043090087, 'evaluations': 50, 'seconds': 0.05475060000026133, 'method': 'differential_evolution_v2', 'accepted_search': True, 'solver_message': 'Maximum number of iterations has been exceeded.'}, {'theta': array([-2.35730141e+03,  7.26466179e-01]), 'n_active': 2, 'beta1_train': 486.8011030450009, 'beta0_train': -2485.4871320103775, 'beta1_val': -794.2171218832091, 'beta0_val': -3154.392908205198, 'selected_score': -2485.4871320103775, 'evaluations': 35, 'seconds': 0.028642899997066706, 'method': 'differential_evolution_v2', 'accepted_search': True, 'solver_message': 'Optimization terminated successfully.'}, {'theta': array([-3.87824138e+02, -4.10699551e-01, -1.59002518e+03,  8.89172283e-01]), 'n_active': 4, 'beta1_train': -438.86928449300484, 'beta0_train': -736.5247950083226, 'beta1_val': 67.51252804846536, 'beta0_val': -629.1175527068784, 'selected_score': -739.1536197537857, 'evaluations': 185, 'seconds': 0.13056249999499414, 'method': 'differential_evolution_v2', 'accepted_search': True, 'solver_message': 'Maximum number of iterations has been exceeded.'}]",42,"[{'update_slot': 54, 'hour': 9, 'info': 'both', 'lp_status': 'optimal', 'lp_message': '', 'fallback': False}]",1560.0683159259256,2086.995377452884,0.21395599999232218,0.3585397999995621
"[{'theta': array([-7594.79412857]), 'n_active': 1, 'beta1_train': -3390.463243370996, 'beta0_train': -3395.0546808836007, 'beta1_val': -3446.529727668647, 'beta0_val': -3446.529727668647, 'selected_score': -3395.0546808836007, 'evaluations': 20, 'seconds': 0.027880699999514036, 'method': 'differential_evolution_v2', 'accepted_search': True, 'solver_message': 'Optimization terminated successfully.'}, {'theta': array([-4.42361918e+03,  2.88951368e-01]), 'n_active': 2, 'beta1_train': -474.3764465832833, 'beta0_train': -3073.0092356320456, 'beta1_val': -1417.8076772683999, 'beta0_val': -3478.3414487260725, 'selected_score': -3073.0092356320456, 'evaluations': 55, 'seconds': 0.049399700001231395, 'method': 'differential_evolution_v2', 'accepted_search': True, 'solver_message': 'Optimization terminated successfully.'}, {'theta': array([-5.22879990e+03,  1.15762303e+00, -9.01447583e+03, -6.32429018e-01]), 'n_active': 4, 'beta1_train': -258.4478515231313, 'beta0_train': -603.3180501229597, 'beta1_val': -756.5593789322638, 'beta0_val': -756.5593789322638, 'selected_score': -603.3180501229597, 'evaluations': 105, 'seconds': 0.08408610000333283, 'method': 'differential_evolution_v2', 'accepted_search': True, 'solver_message': 'Optimization terminated successfully.'}]",42,"[{'update_slot': 54, 'hour': 9, 'info': 'both', 'lp_status': 'optimal', 'lp_message': '', 'fallback': False}]",2086.995377452884,2128.8956106957166,0.16136650000407826,0.30502420000266284
"[{'theta': array([-5871.81846474]), 'n_active': 1, 'beta1_train': -2804.1079484885536, 'beta0_train': -2808.538628079784, 'beta1_val': -2884.4133071079295, 'beta0_val': -2884.4133071079295, 'selected_score': -2808.538628079784, 'evaluations': 20, 'seconds': 0.028352900000754744, 'method': 'differential_evolution_v2', 'accepted_search': True, 'solver_message': 'Optimization terminated successfully.'}, {'theta': array([-7.61274231e+03, -8.49690612e-01]), 'n_active': 2, 'beta1_train': -26.280009031332057, 'beta0_train': -2727.7275569734034, 'beta1_val': -531.2041460723758, 'beta0_val': -3049.8994917925993, 'selected_score': -2727.7275569734034, 'evaluations': 95, 'seconds': 0.0583518999919761, 'method': 'differential_evolution_v2', 'accepted_search': True, 'solver_message': 'Maximum number of iterations has been exceeded.'}, {'theta': array([-5.27924130e+03, -8.73146485e-01, -9.17126206e+03, -1.28802500e+00]), 'n_active': 4, 'beta1_train': -761.0484763002161, 'beta0_train': -911.5248087712682, 'beta1_val': -882.7652804256645, 'beta0_val': -977.7743372797373, 'selected_score': -911.5248087712682, 'evaluations': 145, 'seconds': 0.10631389998889063, 'method': 'differential_evolution_v2', 'accepted_search': True, 'solver_message': 'Optimization terminated successfully.'}]",42,"[{'update_slot': 54, 'hour': 9, 'info': 'both', 'lp_status': 'optimal', 'lp_message': '', 'fallback': False}]",2128.8956106957166,2335.3327386593487,0.19301869998162147,0.34148829999321606
"[{'theta': array([-932.54632045]), 'n_active': 1, 'beta1_train': -554.7862220413352, 'beta0_train': -1064.2315838127006, 'beta1_val': -967.2411197820052, 'beta0_val': -1104.5899425258322, 'selected_score': -1064.2315838127006, 'evaluations': 20, 'seconds': 0.02838109999720473, 'method': 'differential_evolution_v2', 'accepted_search': True, 'solver_message': 'Optimization terminated successfully.'}, {'theta': array([-662.03476451,   -1.18381827]), 'n_active': 2, 'beta1_train': 2345.853306547502, 'beta0_train': 851.6625975364859, 'beta1_val': 2647.1535226786627, 'beta0_val': 2522.2759693518306, 'selected_score': 842.3884421027681, 'evaluations': 95, 'seconds': 0.058998399996198714, 'method': 'differential_evolution_v2', 'accepted_search': True, 'solver_message': 'Maximum number of iterations has been exceeded.'}, {'theta': array([-3.78724584e+03,  5.24130393e-01, -7.55969899e+03, -1.62307711e+00]), 'n_active': 4, 'beta1_train': 59.558826838426185, 'beta0_train': -219.49974652856784, 'beta1_val': -143.80325201732722, 'beta0_val': -205.5514618466725, 'selected_score': -219.49974652856784, 'evaluations': 185, 'seconds': 0.13170240000181366, 'method': 'differential_evolution_v2', 'accepted_search': True, 'solver_message': 'Maximum number of iterations has been exceeded.'}]",42,"[{'update_slot': 54, 'hour': 9, 'info': 'both', 'lp_status': 'optimal', 'lp_message': '', 'fallback': False}]",2335.3327386593487,1213.1835,0.2190818999952171,0.36758359998930246
"[{'theta': array([-8872.57641711]), 'n_active': 1, 'beta1_train': -26.278005033086156, 'beta0_train': -29.95185061050686, 'beta1_val': -30.163782487281676, 'beta0_val': -30.163782487281676, 'selected_score': -29.95185061050686, 'evaluations': 20, 'seconds': 0.02772150000964757, 'method': 'differential_evolution_v2', 'accepted_search': True, 'solver_message': 'Optimization terminated successfully.'}, {'theta': array([-2.36184672e+03, -5.68974152e-01]), 'n_active': 2, 'beta1_train': 828.8372250281008, 'beta0_train': -90.60386436983921, 'beta1_val': 576.622215415237, 'beta0_val': -91.19999999999999, 'selected_score': -90.60386436983921, 'evaluations': 45, 'seconds': 0.03361520000908058, 'method': 'differential_evolution_v2', 'accepted_search': True, 'solver_message': 'Optimization terminated successfully.'}, {'theta': array([-2.13421460e+03, -3.56170881e-01, -4.09900492e+03, -1.21646768e+00]), 'n_active': 4, 'beta1_train': 43.92588315860023, 'beta0_train': -17.46395174688044, 'beta1_val': 7787.026980619019, 'beta0_val': 7484.865533904845, 'selected_score': -17.46395174688044, 'evaluations': 185, 'seconds': 0.1272028999956092, 'method': 'differential_evolution_v2', 'accepted_search': True, 'solver_message': 'Maximum number of iterations has been exceeded.'}]",42,"[{'update_slot': 54, 'hour': 9, 'info': 'both', 'lp_status': 'optimal', 'lp_message': '', 'fallback': False}]",1213.1835,1200.0,0.18853960001433734,0.3337955000024522
"[{'theta': array([-1313.98823006]), 'n_active': 1, 'beta1_train': -1083.731060708119, 'beta0_train': -1085.427246824392, 'beta1_val': -990.9752209762361, 'beta0_val': -990.9752209762361, 'selected_score': -1085.427246824392, 'evaluations': 25, 'seconds': 0.03170969999337103, 'method': 'differential_evolution_v2', 'accepted_search': True, 'solver_message': 'Optimization terminated successfully.'}, {'theta': array([-7.99317588e+03,  4.75556341e-01]), 'n_active': 2, 'beta1_train': -2217.6690409337207, 'beta0_train': -3264.0, 'beta1_val': -1950.0011010607363, 'beta0_val': -3264.0, 'selected_score': -3264.0, 'evaluations': 55, 'seconds': 0.03800109999428969, 'method': 'differential_evolution_v2', 'accepted_search': True, 'solver_message': 'Optimization terminated successfully.'}, {'theta': array([-9600.,     0., -9600.,     0.]), 'n_active': 4, 'beta1_train': -623.7131091178262, 'beta0_train': -676.9295717784265, 'beta1_val': 4551.074936022079, 'beta0_val': 3874.7919028120536, 'selected_score': -676.9295717784265, 'evaluations': 185, 'seconds': 0.12965329999860842, 'method': 'differential_evolution_v2', 'accepted_search': False, 'solver_message': 'Maximum number of iterations has been exceeded.'}]",42,"[{'update_slot': 54, 'hour': 9, 'info': 'both', 'lp_status': 'optimal', 'lp_message': '', 'fallback': False}]",1200.0,1859.936758888889,0.19936409998626914,0.3439155999949435
"[{'theta': array([-6114.24430863]), 'n_active': 1, 'beta1_train': -3482.0425462518233, 'beta0_train': -3923.0090716700433, 'beta1_val': -3495.7554470259565, 'beta0_val': -3917.7745018010464, 'selected_score': -3923.0090716700433, 'evaluations': 20, 'seconds': 0.027216699993005022, 'method': 'differential_evolution_v2', 'accepted_search': True, 'solver_message': 'Optimization terminated successfully.'}, {'theta': array([-7.59694963e+03, -9.63705273e-01]), 'n_active': 2, 'beta1_train': -1456.251086719058, 'beta0_train': -4202.618656224874, 'beta1_val': -1950.0325063097994, 'beta0_val': -4310.400000000001, 'selected_score': -4202.618656224874, 'evaluations': 95, 'seconds': 0.05832100000407081, 'method': 'differential_evolution_v2', 'accepted_search': True, 'solver_message': 'Maximum number of iterations has been exceeded.'}, {'theta': array([-9600.,     0., -9600.,     0.]), 'n_active': 4, 'beta1_train': -604.9923869717189, 'beta0_train': -695.7596971980009, 'beta1_val': 4474.081786059464, 'beta0_val': 4444.085096302074, 'selected_score': -695.7596971980009, 'evaluations': 185, 'seconds': 0.1273940999963088, 'method': 'differential_evolution_v2', 'accepted_search': False, 'solver_message': 'Maximum number of iterations has been exceeded.'}]",42,"[{'update_slot': 54, 'hour': 9, 'info': 'both', 'lp_status': 'optimal', 'lp_message': '', 'fallback': False}]",1859.936758888889,1276.37601,0.21293179999338463,0.3582572000013897
"[{'theta': array([-6549.32988358]), 'n_active': 1, 'beta1_train': -3683.44448185839, 'beta0_train': -3704.383225215948, 'beta1_val': -3696.8428466744185, 'beta0_val': -3706.7999999999997, 'selected_score': -3704.383225215948, 'evaluations': 20, 'seconds': 0.02915220000431873, 'method': 'differential_evolution_v2', 'accepted_search': True, 'solver_message': 'Optimization terminated successfully.'}, {'theta': array([-1281.49882958,     1.307689  ]), 'n_active': 2, 'beta1_train': 25.141057093878505, 'beta0_train': -2667.360734284013, 'beta1_val': 1859.9627559740288, 'beta0_val': -1842.6464394586208, 'selected_score': -2667.360734284013, 'evaluations': 95, 'seconds': 0.05814300000201911, 'method': 'differential_evolution_v2', 'accepted_search': True, 'solver_message': 'Maximum number of iterations has been exceeded.'}, {'theta': array([-4.68107015e+03,  1.62062489e-01, -2.23104024e+01,  1.91968068e-01]), 'n_active': 4, 'beta1_train': -481.67720689412545, 'beta0_train': -560.1636019774137, 'beta1_val': 5509.44416900169, 'beta0_val': 5433.371304371427, 'selected_score': -566.0096603410522, 'evaluations': 185, 'seconds': 0.12821080000139773, 'method': 'differential_evolution_v2', 'accepted_search': True, 'solver_message': 'Maximum number of iterations has been exceeded.'}]",42,"[{'update_slot': 54, 'hour': 9, 'info': 'both', 'lp_status': 'optimal', 'lp_message': '', 'fallback': False}]",1276.37601,1230.6944999999998,0.21550600000773557,0.3566121000039857
"[{'theta': array([-7129.71145406]), 'n_active': 1, 'beta1_train': -2873.06152380255, 'beta0_train': -2876.5691242274384, 'beta1_val': -2838.708807426048, 'beta0_val': -2884.0285156418167, 'selected_score': -2876.5691242274384, 'evaluations': 25, 'seconds': 0.03160669999488164, 'method': 'differential_evolution_v2', 'accepted_search': True, 'solver_message': 'Optimization terminated successfully.'}, {'theta': array([-1096.20466631,     1.28452972]), 'n_active': 2, 'beta1_train': 260.6674125545018, 'beta0_train': -1107.7782991417994, 'beta1_val': -25.315018557866097, 'beta0_val': -2254.197684895436, 'selected_score': -1107.7782991417994, 'evaluations': 45, 'seconds': 0.03378740001062397, 'method': 'differential_evolution_v2', 'accepted_search': True, 'solver_message': 'Optimization terminated successfully.'}, {'theta': array([0., 0., 0., 0.]), 'n_active': 4, 'beta1_train': -427.18087299716484, 'beta0_train': -571.2339717724427, 'beta1_val': 4564.14108155102, 'beta0_val': 5321.092098705762, 'selected_score': -427.18087299716484, 'evaluations': 185, 'seconds': 0.12777880000066943, 'method': 'differential_evolution_v2', 'accepted_search': False, 'solver_message': 'Maximum number of iterations has been exceeded.'}]",42,"[{'update_slot': 54, 'hour': 9, 'info': 'both', 'lp_status': 'optimal', 'lp_message': '', 'fallback': False}]",1230.6944999999998,1251.4279825925926,0.19317290000617504,0.34221960000286344
"[{'theta': array([-7472.15924529]), 'n_active': 1, 'beta1_train': -3791.1543956467913, 'beta0_train': -3808.457237077688, 'beta1_val': -3744.6955149862665, 'beta0_val': -3803.081688765432, 'selected_score': -3808.457237077688, 'evaluations': 50, 'seconds': 0.053553400008240715, 'method': 'differential_evolution_v2', 'accepted_search': True, 'solver_message': 'Maximum number of iterations has been exceeded.'}, {'theta': array([-8.42343750e+03, -1.29006687e+00]), 'n_active': 2, 'beta1_train': 243.23308424207744, 'beta0_train': -2622.7501941228766, 'beta1_val': 555.6159361528657, 'beta0_val': -2363.007768328943, 'selected_score': -2622.7501941228766, 'evaluations': 45, 'seconds': 0.034510400000726804, 'method': 'differential_evolution_v2', 'accepted_search': True, 'solver_message': 'Optimization terminated successfully.'}, {'theta': array([-3.68916307e+03,  1.07243136e+00, -1.85044009e+03,  6.35934139e-01]), 'n_active': 4, 'beta1_train': -1165.7465706492262, 'beta0_train': -1186.2087878113855, 'beta1_val': 827.2484689536446, 'beta0_val': 816.4294826270808, 'selected_score': -1186.2087878113855, 'evaluations': 145, 'seconds': 0.10378259999561124, 'method': 'differential_evolution_v2', 'accepted_search': True, 'solver_message': 'Optimization terminated successfully.'}]",42,"[{'update_slot': 54, 'hour': 9, 'info': 'both', 'lp_status': 'optimal', 'lp_message': '', 'fallback': False}]",1251.4279825925926,2080.202753233508,0.19184640000457875,0.33916569998837076
"[{'theta': array([-641.39151957]), 'n_active': 1, 'beta1_train': -2290.8767564900973, 'beta0_train': -2879.4680501908856, 'beta1_val': -2079.2426055792553, 'beta0_val': -2691.5626040454604, 'selected_score': -2879.554239606985, 'evaluations': 50, 'seconds': 0.054275000002235174, 'method': 'differential_evolution_v2', 'accepted_search': True, 'solver_message': 'Maximum number of iterations has been exceeded.'}, {'theta': array([-7.38825897e+03,  1.10096801e+00]), 'n_active': 2, 'beta1_train': 660.7935753098684, 'beta0_train': -2193.443762819145, 'beta1_val': -84.12617365919641, 'beta0_val': -2175.8394393298095, 'selected_score': -2193.443762819145, 'evaluations': 45, 'seconds': 0.03332159999990836, 'method': 'differential_evolution_v2', 'accepted_search': True, 'solver_message': 'Optimization terminated successfully.'}, {'theta': array([0., 0., 0., 0.]), 'n_active': 4, 'beta1_train': -222.12794404724468, 'beta0_train': -518.701106848285, 'beta1_val': 1895.2697064528036, 'beta0_val': 2138.488726661648, 'selected_score': -222.12794404724468, 'evaluations': 185, 'seconds': 0.12800090000382625, 'method': 'differential_evolution_v2', 'accepted_search': False, 'solver_message': 'Maximum number of iterations has been exceeded.'}]",42,"[{'update_slot': 54, 'hour': 9, 'info': 'both', 'lp_status': 'optimal', 'lp_message': '', 'fallback': False}]",2080.202753233508,3596.1644552107564,0.21559750000596978,0.35851580000598915
"[{'theta': array([-3316.67642155]), 'n_active': 1, 'beta1_train': -555.2839410230404, 'beta0_train': -556.9691288354628, 'beta1_val': -548.1440529185708, 'beta0_val': -550.5149977047433, 'selected_score': -556.9691288354628, 'evaluations': 20, 'seconds': 0.02657760000147391, 'method': 'differential_evolution_v2', 'accepted_search': True, 'solver_message': 'Optimization terminated successfully.'}, {'theta': array([-7.97921166e+03, -6.73885940e-01]), 'n_active': 2, 'beta1_train': -647.0343733076559, 'beta0_train': -1680.0, 'beta1_val': -851.8174169496683, 'beta0_val': -1680.0, 'selected_score': -1680.0, 'evaluations': 35, 'seconds': 0.028314499999396503, 'method': 'differential_evolution_v2', 'accepted_search': True, 'solver_message': 'Optimization terminated successfully.'}, {'theta': array([-9600.,     0., -9600.,     0.]), 'n_active': 4, 'beta1_train': -81.17651411514532, 'beta0_train': -45.95994678914097, 'beta1_val': -521.0506879957215, 'beta0_val': -537.8479522965514, 'selected_score': -45.95994678914097, 'evaluations': 185, 'seconds': 0.12806390000332613, 'method': 'differential_evolution_v2', 'accepted_search': False, 'solver_message': 'Maximum number of iterations has been exceeded.'}]",42,"[{'update_slot': 54, 'hour': 9, 'info': 'both', 'lp_status': 'optimal', 'lp_message': '', 'fallback': False}]",3596.1644552107564,3703.601718878254,0.18295600000419654,0.3320995999965817
"[{'theta': array([-5206.37099409]), 'n_active': 1, 'beta1_train': -1467.8533632491044, 'beta0_train': -1469.5394877297913, 'beta1_val': -1510.4173803786898, 'beta0_val': -1510.4173803786898, 'selected_score': -1469.5394877297913, 'evaluations': 20, 'seconds': 0.027457599993795156, 'method': 'differential_evolution_v2', 'accepted_search': True, 'solver_message': 'Optimization terminated successfully.'}, {'theta': array([-7.67155156e+03,  1.80960898e+00]), 'n_active': 2, 'beta1_train': -3660.5864754115273, 'beta0_train': -4478.4, 'beta1_val': -4034.3315108132774, 'beta0_val': -4478.4, 'selected_score': -4478.4, 'evaluations': 35, 'seconds': 0.02864479999698233, 'method': 'differential_evolution_v2', 'accepted_search': True, 'solver_message': 'Optimization terminated successfully.'}, {'theta': array([-4.09905725e+01, -9.01825517e-01, -1.99958939e+03,  2.51039686e-01]), 'n_active': 4, 'beta1_train': -3431.098015413153, 'beta0_train': -3391.6583269160537, 'beta1_val': -4012.6134607661666, 'beta0_val': -4012.6134607661666, 'selected_score': -3444.046352498585, 'evaluations': 185, 'seconds': 0.12780089999432676, 'method': 'differential_evolution_v2', 'accepted_search': True, 'solver_message': 'Maximum number of iterations has been exceeded.'}]",42,"[{'update_slot': 54, 'hour': 9, 'info': 'both', 'lp_status': 'optimal', 'lp_message': '', 'fallback': False}]",3703.601718878254,9768.677551680827,0.18390329998510424,0.32777609999175183
"[{'theta': array([-471.02864858]), 'n_active': 1, 'beta1_train': -4028.5120174858803, 'beta0_train': -4047.3501161924114, 'beta1_val': -4050.0, 'beta0_val': -4050.0, 'selected_score': -4047.3501161924114, 'evaluations': 15, 'seconds': 0.021096600001328625, 'method': 'differential_evolution_v2', 'accepted_search': True, 'solver_message': 'Optimization terminated successfully.'}, {'theta': array([-4.51031078e+03,  1.13111447e+00]), 'n_active': 2, 'beta1_train': -516.3206637263303, 'beta0_train': -2962.6575699081486, 'beta1_val': -185.78672012558627, 'beta0_val': -3053.749283045636, 'selected_score': -2962.6575699081486, 'evaluations': 65, 'seconds': 0.045079299990902655, 'method': 'differential_evolution_v2', 'accepted_search': True, 'solver_message': 'Optimization terminated successfully.'}, {'theta': array([-8.54844657e+03, -1.03718807e+00, -7.83600109e+03, -1.25452757e+00]), 'n_active': 4, 'beta1_train': 51.76983129062307, 'beta0_train': -308.91824601052605, 'beta1_val': -973.8198799057307, 'beta0_val': -1129.189857222222, 'selected_score': -308.91824601052605, 'evaluations': 185, 'seconds': 0.12738289999833796, 'method': 'differential_evolution_v2', 'accepted_search': True, 'solver_message': 'Maximum number of iterations has been exceeded.'}]",42,"[{'update_slot': 54, 'hour': 9, 'info': 'both', 'lp_status': 'optimal', 'lp_message': '', 'fallback': False}]",9768.677551680827,2992.9300824074057,0.19355879999056924,0.3366784999961965
"[{'theta': array([-8222.69973338]), 'n_active': 1, 'beta1_train': -2558.173373204738, 'beta0_train': -2562.1417894315955, 'beta1_val': -2484.6643162668415, 'beta0_val': -2484.6643162668415, 'selected_score': -2562.1417894315955, 'evaluations': 25, 'seconds': 0.034396000002743676, 'method': 'differential_evolution_v2', 'accepted_search': True, 'solver_message': 'Optimization terminated successfully.'}, {'theta': array([-5.80385411e+03,  3.50297381e-01]), 'n_active': 2, 'beta1_train': -371.4850083805506, 'beta0_train': -2851.960167320225, 'beta1_val': -1.3879416853392286, 'beta0_val': -2611.169847680173, 'selected_score': -2851.960167320225, 'evaluations': 95, 'seconds': 0.06004170000960585, 'method': 'differential_evolution_v2', 'accepted_search': True, 'solver_message': 'Maximum number of iterations has been exceeded.'}, {'theta': array([-544.4437051 ,    1.23983811,    0.        ,    0.        ]), 'n_active': 4, 'beta1_train': 10.615090188469491, 'beta0_train': -101.1050320952931, 'beta1_val': -1084.7896741416153, 'beta0_val': -1084.7896741416153, 'selected_score': -113.17948466929245, 'evaluations': 185, 'seconds': 0.12815370000316761, 'method': 'differential_evolution_v2', 'accepted_search': True, 'solver_message': 'Maximum number of iterations has been exceeded.'}]",42,"[{'update_slot': 54, 'hour': 9, 'info': 'both', 'lp_status': 'optimal', 'lp_message': '', 'fallback': False}]",2992.9300824074057,3269.289573977988,0.22259140001551714,0.3699600999971153
"[{'theta': array([-3116.63503837]), 'n_active': 1, 'beta1_train': -4139.916411852294, 'beta0_train': -4161.4730291839805, 'beta1_val': -4084.0000818166664, 'beta0_val': -4149.832339855967, 'selected_score': -4161.4730291839805, 'evaluations': 20, 'seconds': 0.026683499992941506, 'method': 'differential_evolution_v2', 'accepted_search': True, 'solver_message': 'Optimization terminated successfully.'}, {'theta': array([-3.45443196e+03, -1.19873798e+00]), 'n_active': 2, 'beta1_train': -706.2575584613231, 'beta0_train': -3321.338275083078, 'beta1_val': -268.76476384376474, 'beta0_val': -3454.520575309382, 'selected_score': -3321.338275083078, 'evaluations': 45, 'seconds': 0.03333779999229591, 'method': 'differential_evolution_v2', 'accepted_search': True, 'solver_message': 'Optimization terminated successfully.'}, {'theta': array([-8.34167664e+03, -1.77166448e+00, -1.43384766e+02, -6.49828225e-01]), 'n_active': 4, 'beta1_train': -91.58363417379019, 'beta0_train': -270.71280354979604, 'beta1_val': -1241.644258796241, 'beta0_val': -1241.644258796241, 'selected_score': -273.40144946222017, 'evaluations': 185, 'seconds': 0.1320220000052359, 'method': 'differential_evolution_v2', 'accepted_search': True, 'solver_message': 'Maximum number of iterations has been exceeded.'}]",42,"[{'update_slot': 54, 'hour': 9, 'info': 'both', 'lp_status': 'optimal', 'lp_message': '', 'fallback': False}]",3269.289573977988,3402.0443318862403,0.19204329999047332,0.33386079999036156
"[{'theta': array([-5091.24988829]), 'n_active': 1, 'beta1_train': -4034.346735732474, 'beta0_train': -4045.5374897117717, 'beta1_val': -4028.4096881292962, 'beta0_val': -4028.4096881292962, 'selected_score': -4045.5374897117717, 'evaluations': 25, 'seconds': 0.03324119999888353, 'method': 'differential_evolution_v2', 'accepted_search': True, 'solver_message': 'Optimization terminated successfully.'}, {'theta': array([-4.32337735e+03, -9.09920860e-02]), 'n_active': 2, 'beta1_train': -90.23099444742914, 'beta0_train': -2693.0488865312427, 'beta1_val': 448.64243751271306, 'beta0_val': -2176.207374874173, 'selected_score': -2693.0488865312427, 'evaluations': 55, 'seconds': 0.039325499994447455, 'method': 'differential_evolution_v2', 'accepted_search': True, 'solver_message': 'Optimization terminated successfully.'}, {'theta': array([-7.47677709e+03,  1.26070271e+00, -8.04601535e+01,  1.28189779e-01]), 'n_active': 4, 'beta1_train': -101.0009517631608, 'beta0_train': -240.60009014885642, 'beta1_val': -1151.4482496840253, 'beta0_val': -1151.4482496840253, 'selected_score': -245.46202076137618, 'evaluations': 185, 'seconds': 0.13358169999264646, 'method': 'differential_evolution_v2', 'accepted_search': True, 'solver_message': 'Maximum number of iterations has been exceeded.'}]",42,"[{'update_slot': 54, 'hour': 9, 'info': 'both', 'lp_status': 'optimal', 'lp_message': '', 'fallback': False}]",3402.0443318862403,2797.6122786807787,0.20614839998597745,0.35261060000630096
"[{'theta': array([-2787.72910837]), 'n_active': 1, 'beta1_train': -1881.3249718731606, 'beta0_train': -1913.7326819424147, 'beta1_val': -1913.5656145319963, 'beta0_val': -1913.5656145319963, 'selected_score': -1913.7326819424147, 'evaluations': 15, 'seconds': 0.02327770000556484, 'method': 'differential_evolution_v2', 'accepted_search': True, 'solver_message': 'Optimization terminated successfully.'}, {'theta': array([-5.94190893e+03,  3.61389671e-01]), 'n_active': 2, 'beta1_train': 1064.163832486377, 'beta0_train': -1533.5849769580443, 'beta1_val': 936.5367287497352, 'beta0_val': -1727.6963768010314, 'selected_score': -1533.5849769580443, 'evaluations': 95, 'seconds': 0.05885080000734888, 'method': 'differential_evolution_v2', 'accepted_search': True, 'solver_message': 'Maximum number of iterations has been exceeded.'}, {'theta': array([-7.62322589e+03,  7.22933051e-03, -5.17199097e+02, -5.64188368e-01]), 'n_active': 4, 'beta1_train': 530.2051735161092, 'beta0_train': 308.9190396576587, 'beta1_val': -517.4370408610172, 'beta0_val': -535.0017817492153, 'selected_score': 308.9190396576587, 'evaluations': 125, 'seconds': 0.09712730000319425, 'method': 'differential_evolution_v2', 'accepted_search': True, 'solver_message': 'Optimization terminated successfully.'}]",42,"[{'update_slot': 54, 'hour': 9, 'info': 'both', 'lp_status': 'optimal', 'lp_message': '', 'fallback': False}]",2797.6122786807787,3283.4647090284557,0.17925580001610797,0.32795700000133365
"[{'theta': array([-1033.48140488]), 'n_active': 1, 'beta1_train': -353.1692945772141, 'beta0_train': -364.2648671597614, 'beta1_val': -385.38861229370616, 'beta0_val': -385.38861229370616, 'selected_score': -364.2648671597614, 'evaluations': 20, 'seconds': 0.029633199999807402, 'method': 'differential_evolution_v2', 'accepted_search': True, 'solver_message': 'Optimization terminated successfully.'}, {'theta': array([-1.97838627e+03,  9.14358767e-01]), 'n_active': 2, 'beta1_train': -832.3206624537545, 'beta0_train': -1489.1999999999998, 'beta1_val': -832.0973395190456, 'beta0_val': -1489.2, 'selected_score': -1489.1999999999998, 'evaluations': 95, 'seconds': 0.05853759999445174, 'method': 'differential_evolution_v2', 'accepted_search': True, 'solver_message': 'Maximum number of iterations has been exceeded.'}, {'theta': array([-3.98133568e+03, -1.73187397e-01, -5.34281258e+01,  7.85585606e-01]), 'n_active': 4, 'beta1_train': 416.25810928555546, 'beta0_train': 399.3561893783607, 'beta1_val': -384.63531876113007, 'beta0_val': -455.69062123319156, 'selected_score': 393.7415688039291, 'evaluations': 185, 'seconds': 0.1267362999933539, 'method': 'differential_evolution_v2', 'accepted_search': True, 'solver_message': 'Maximum number of iterations has been exceeded.'}]",42,"[{'update_slot': 54, 'hour': 9, 'info': 'both', 'lp_status': 'optimal', 'lp_message': '', 'fallback': False}]",3283.4647090284557,2193.704487026861,0.21490709998761304,0.35895670000172686
"[{'theta': array([-4093.71353865]), 'n_active': 1, 'beta1_train': -937.5490133965809, 'beta0_train': -946.6650932910641, 'beta1_val': -953.118739206206, 'beta0_val': -970.3476485477696, 'selected_score': -946.6650932910641, 'evaluations': 20, 'seconds': 0.027032900004996918, 'method': 'differential_evolution_v2', 'accepted_search': True, 'solver_message': 'Optimization terminated successfully.'}, {'theta': array([-8.70165930e+03,  1.32306848e+00]), 'n_active': 2, 'beta1_train': -3014.5090927608803, 'beta0_train': -3706.7999999999997, 'beta1_val': -3131.276726078057, 'beta0_val': -3706.7999999999997, 'selected_score': -3706.7999999999997, 'evaluations': 95, 'seconds': 0.060050200001569465, 'method': 'differential_evolution_v2', 'accepted_search': True, 'solver_message': 'Maximum number of iterations has been exceeded.'}, {'theta': array([-9600.,     0., -9600.,     0.]), 'n_active': 4, 'beta1_train': -193.41553658277428, 'beta0_train': -210.7413055419287, 'beta1_val': -951.8454249790051, 'beta0_val': -956.6060946742975, 'selected_score': -210.7413055419287, 'evaluations': 65, 'seconds': 0.06180300000414718, 'method': 'differential_evolution_v2', 'accepted_search': False, 'solver_message': 'Optimization terminated successfully.'}]",42,"[{'update_slot': 54, 'hour': 9, 'info': 'both', 'lp_status': 'optimal', 'lp_message': '', 'fallback': False}]",2193.704487026861,3022.8997913216763,0.14888610001071356,0.2931739000050584
"[{'theta': array([-1301.51444041]), 'n_active': 1, 'beta1_train': -3667.009206784366, 'beta0_train': -3815.6512825979758, 'beta1_val': -3515.0453154229976, 'beta0_val': -3762.8388937511213, 'selected_score': -3815.6512825979758, 'evaluations': 20, 'seconds': 0.028072200002497993, 'method': 'differential_evolution_v2', 'accepted_search': True, 'solver_message': 'Optimization terminated successfully.'}, {'theta': array([-6.80630635e+03,  9.93706472e-01]), 'n_active': 2, 'beta1_train': -113.0270184036678, 'beta0_train': -2715.9769858726136, 'beta1_val': -707.709514814801, 'beta0_val': -3123.417838428453, 'selected_score': -2715.9769858726136, 'evaluations': 35, 'seconds': 0.028826599998865277, 'method': 'differential_evolution_v2', 'accepted_search': True, 'solver_message': 'Optimization terminated successfully.'}, {'theta': array([-8.99372059e+03,  1.65094254e+00, -1.15525319e+02, -9.96695495e-01]), 'n_active': 4, 'beta1_train': 484.9672324158626, 'beta0_train': 305.9863917546888, 'beta1_val': -607.7483553727477, 'beta0_val': -703.5794699260545, 'selected_score': 292.952141259437, 'evaluations': 185, 'seconds': 0.12771230000362266, 'method': 'differential_evolution_v2', 'accepted_search': True, 'solver_message': 'Maximum number of iterations has been exceeded.'}]",42,"[{'update_slot': 54, 'hour': 9, 'info': 'both', 'lp_status': 'optimal', 'lp_message': '', 'fallback': False}]",3022.8997913216763,2804.006975278244,0.18461110000498593,0.3278449999925215
"[{'theta': array([-1931.19063416]), 'n_active': 1, 'beta1_train': -3372.964641943284, 'beta0_train': -3408.1453250164113, 'beta1_val': -3409.2000000000003, 'beta0_val': -3409.2000000000003, 'selected_score': -3408.1453250164113, 'evaluations': 20, 'seconds': 0.028093800006899983, 'method': 'differential_evolution_v2', 'accepted_search': True, 'solver_message': 'Optimization terminated successfully.'}, {'theta': array([-8.11275248e+03,  1.05448197e+00]), 'n_active': 2, 'beta1_train': -135.81199402202395, 'beta0_train': -2880.4309739219, 'beta1_val': -848.642019621172, 'beta0_val': -3106.7072859952827, 'selected_score': -2880.4309739219, 'evaluations': 95, 'seconds': 0.05753010000626091, 'method': 'differential_evolution_v2', 'accepted_search': True, 'solver_message': 'Maximum number of iterations has been exceeded.'}, {'theta': array([-4.22696702e+02,  1.07751666e+00, -2.46953992e+02,  3.51336123e-01]), 'n_active': 4, 'beta1_train': 461.8892360271944, 'beta0_train': 333.1598467948936, 'beta1_val': -954.1288335321444, 'beta0_val': -954.1288335321444, 'selected_score': 317.7963560688634, 'evaluations': 185, 'seconds': 0.13206790000549518, 'method': 'differential_evolution_v2', 'accepted_search': True, 'solver_message': 'Maximum number of iterations has been exceeded.'}]",42,"[{'update_slot': 54, 'hour': 9, 'info': 'both', 'lp_status': 'optimal', 'lp_message': '', 'fallback': False}]",2804.006975278244,2330.8371113302574,0.21769180001865607,0.36533349999808706
"[{'theta': array([-3388.62357094]), 'n_active': 1, 'beta1_train': -3235.567872607963, 'beta0_train': -3265.389501828465, 'beta1_val': -3266.4, 'beta0_val': -3266.4, 'selected_score': -3265.389501828465, 'evaluations': 20, 'seconds': 0.02750219999870751, 'method': 'differential_evolution_v2', 'accepted_search': True, 'solver_message': 'Optimization terminated successfully.'}, {'theta': array([-4.24052779e+03, -1.06587169e+00]), 'n_active': 2, 'beta1_train': -63.50390585239924, 'beta0_train': -2557.0140343600387, 'beta1_val': -614.1421842614996, 'beta0_val': -2733.3806509634023, 'selected_score': -2557.0140343600387, 'evaluations': 45, 'seconds': 0.03465659999346826, 'method': 'differential_evolution_v2', 'accepted_search': True, 'solver_message': 'Optimization terminated successfully.'}, {'theta': array([-3.03277821e+03,  6.07428012e-01, -5.07830489e+02,  6.10476268e-01]), 'n_active': 4, 'beta1_train': 484.76738649918434, 'beta0_train': 204.5856062563203, 'beta1_val': -232.51159373249362, 'beta0_val': -232.51159373249362, 'selected_score': 204.09571639668417, 'evaluations': 185, 'seconds': 0.12543519999599084, 'method': 'differential_evolution_v2', 'accepted_search': True, 'solver_message': 'Maximum number of iterations has been exceeded.'}]",42,"[{'update_slot': 54, 'hour': 9, 'info': 'both', 'lp_status': 'optimal', 'lp_message': '', 'fallback': False}]",2330.8371113302574,2212.1825918271347,0.18759399998816662,0.3356289000075776
"[{'theta': array([-3675.84504876]), 'n_active': 1, 'beta1_train': -2962.07144874762, 'beta0_train': -2972.1131506731485, 'beta1_val': -2992.823402889971, 'beta0_val': -2992.823402889971, 'selected_score': -2972.1131506731485, 'evaluations': 20, 'seconds': 0.028123500000219792, 'method': 'differential_evolution_v2', 'accepted_search': True, 'solver_message': 'Optimization terminated successfully.'}, {'theta': array([-7.58341955e+03, -9.91563372e-01]), 'n_active': 2, 'beta1_train': 184.15378174573073, 'beta0_train': -2289.625818136765, 'beta1_val': -111.56332819756335, 'beta0_val': -2367.068571848214, 'selected_score': -2289.625818136765, 'evaluations': 95, 'seconds': 0.058337499998742715, 'method': 'differential_evolution_v2', 'accepted_search': True, 'solver_message': 'Maximum number of iterations has been exceeded.'}, {'theta': array([-7.92190197e+03,  1.57410222e+00, -1.54199868e+02, -5.93012923e-01]), 'n_active': 4, 'beta1_train': 488.4406025657831, 'beta0_train': 366.1407828874031, 'beta1_val': -137.00992421322303, 'beta0_val': -710.9260308802036, 'selected_score': 340.8120110560278, 'evaluations': 185, 'seconds': 0.12705060000007506, 'method': 'differential_evolution_v2', 'accepted_search': True, 'solver_message': 'Maximum number of iterations has been exceeded.'}]",42,"[{'update_slot': 54, 'hour': 9, 'info': 'both', 'lp_status': 'optimal', 'lp_message': '', 'fallback': False}]",2212.1825918271347,2479.7860033875604,0.21351159999903757,0.35952510000788607
"[{'theta': array([-6708.01107255]), 'n_active': 1, 'beta1_train': -1090.5529537031755, 'beta0_train': -1102.9947587648128, 'beta1_val': -1114.6478346008232, 'beta0_val': -1114.6478346008232, 'selected_score': -1102.9947587648128, 'evaluations': 15, 'seconds': 0.023065300003509037, 'method': 'differential_evolution_v2', 'accepted_search': True, 'solver_message': 'Optimization terminated successfully.'}, {'theta': array([-9.29945894e+03,  2.73752890e-01]), 'n_active': 2, 'beta1_train': 2055.90921061745, 'beta0_train': -941.7270805764455, 'beta1_val': 1655.1459093416458, 'beta0_val': -1037.3117109425898, 'selected_score': -941.7270805764455, 'evaluations': 95, 'seconds': 0.059613100005663, 'method': 'differential_evolution_v2', 'accepted_search': True, 'solver_message': 'Maximum number of iterations has been exceeded.'}, {'theta': array([-2.74533138e+03, -1.16226976e+00, -3.54822943e+02,  5.30409105e-01]), 'n_active': 4, 'beta1_train': 895.2601814328524, 'beta0_train': 673.9659448583283, 'beta1_val': -253.5989695714863, 'beta0_val': -253.5989695714863, 'selected_score': 672.0728204914317, 'evaluations': 185, 'seconds': 0.1305393000075128, 'method': 'differential_evolution_v2', 'accepted_search': True, 'solver_message': 'Maximum number of iterations has been exceeded.'}]",42,"[{'update_slot': 54, 'hour': 9, 'info': 'both', 'lp_status': 'optimal', 'lp_message': '', 'fallback': False}]",2479.7860033875604,2576.340443350237,0.21321770001668483,0.3563539999886416
"[{'theta': array([-9315.71853054]), 'n_active': 1, 'beta1_train': -630.5224405793394, 'beta0_train': -640.7333167535401, 'beta1_val': -683.8600150089997, 'beta0_val': -683.8600150089997, 'selected_score': -640.7333167535401, 'evaluations': 15, 'seconds': 0.023087000008672476, 'method': 'differential_evolution_v2', 'accepted_search': True, 'solver_message': 'Optimization terminated successfully.'}, {'theta': array([-2.13106184e+03, -1.39230963e+00]), 'n_active': 2, 'beta1_train': -1843.5183206062957, 'beta0_train': -2560.7999999999997, 'beta1_val': -1993.1578039518622, 'beta0_val': -2560.7999999999997, 'selected_score': -2560.7999999999997, 'evaluations': 45, 'seconds': 0.032930999994277954, 'method': 'differential_evolution_v2', 'accepted_search': True, 'solver_message': 'Optimization terminated successfully.'}, {'theta': array([-1.07033275e+02,  9.04748349e-01, -6.73857383e+03, -1.57897718e+00]), 'n_active': 4, 'beta1_train': 605.6073908872822, 'beta0_train': 686.4414211261414, 'beta1_val': -567.8758142360393, 'beta0_val': -595.7296217360396, 'selected_score': 575.205060185554, 'evaluations': 185, 'seconds': 0.1304629000078421, 'method': 'differential_evolution_v2', 'accepted_search': True, 'solver_message': 'Maximum number of iterations has been exceeded.'}]",42,"[{'update_slot': 54, 'hour': 9, 'info': 'both', 'lp_status': 'optimal', 'lp_message': '', 'fallback': False}]",2576.340443350237,3025.4674983230734,0.18648090001079254,0.33144320000428706
"[{'theta': array([-2079.26823176]), 'n_active': 1, 'beta1_train': -1027.199835624363, 'beta0_train': -1031.8110920653992, 'beta1_val': -1008.2621670225946, 'beta0_val': -1008.2621670225946, 'selected_score': -1031.8110920653992, 'evaluations': 20, 'seconds': 0.027755599992815405, 'method': 'differential_evolution_v2', 'accepted_search': True, 'solver_message': 'Optimization terminated successfully.'}, {'theta': array([-3.88214297e+03, -2.85849840e-01]), 'n_active': 2, 'beta1_train': -4034.6199010313026, 'beta0_train': -4524.0, 'beta1_val': -3896.7516560418694, 'beta0_val': -4524.0, 'selected_score': -4524.0, 'evaluations': 45, 'seconds': 0.03354969999054447, 'method': 'differential_evolution_v2', 'accepted_search': True, 'solver_message': 'Optimization terminated successfully.'}, {'theta': array([-7.41688508e+03, -1.69158619e+00, -8.58719601e+01,  2.81227287e-01]), 'n_active': 4, 'beta1_train': -3072.7922521248406, 'beta0_train': -3099.98294325455, 'beta1_val': -4088.3271038010976, 'beta0_val': -4088.3271038010976, 'selected_score': -3108.259983345463, 'evaluations': 185, 'seconds': 0.13271789999271277, 'method': 'differential_evolution_v2', 'accepted_search': True, 'solver_message': 'Maximum number of iterations has been exceeded.'}]",42,"[{'update_slot': 54, 'hour': 9, 'info': 'both', 'lp_status': 'optimal', 'lp_message': '', 'fallback': False}]",3025.4674983230734,9980.43230250258,0.19402319997607265,0.3399582999991253
"[{'theta': array([-777.95779286]), 'n_active': 1, 'beta1_train': -3152.325082821153, 'beta0_train': -3182.0775111385356, 'beta1_val': -3183.6, 'beta0_val': -3183.6, 'selected_score': -3182.0775111385356, 'evaluations': 15, 'seconds': 0.02395900001283735, 'method': 'differential_evolution_v2', 'accepted_search': True, 'solver_message': 'Optimization terminated successfully.'}, {'theta': array([-4.42791210e+03,  6.79496985e-02]), 'n_active': 2, 'beta1_train': -565.0635224052749, 'beta0_train': -2795.921161567999, 'beta1_val': -125.94567402267285, 'beta0_val': -2646.900523129796, 'selected_score': -2795.921161567999, 'evaluations': 35, 'seconds': 0.02931189999799244, 'method': 'differential_evolution_v2', 'accepted_search': True, 'solver_message': 'Optimization terminated successfully.'}, {'theta': array([-2.77075657e+02, -1.31974716e+00, -4.10753796e+03,  6.57858473e-01]), 'n_active': 4, 'beta1_train': 828.2251654238138, 'beta0_train': 792.2808594341334, 'beta1_val': -734.4080298837703, 'beta0_val': -734.4080298837703, 'selected_score': 741.2451802543145, 'evaluations': 185, 'seconds': 0.12714469998900313, 'method': 'differential_evolution_v2', 'accepted_search': True, 'solver_message': 'Maximum number of iterations has been exceeded.'}]",42,"[{'update_slot': 54, 'hour': 9, 'info': 'both', 'lp_status': 'optimal', 'lp_message': '', 'fallback': False}]",9980.43230250258,2303.184856224688,0.18041559999983292,0.3271785999968415
"[{'theta': array([-8352.54154678]), 'n_active': 1, 'beta1_train': -2668.336908142556, 'beta0_train': -2680.026779566151, 'beta1_val': -2843.2042252575184, 'beta0_val': -2843.2042252575184, 'selected_score': -2680.026779566151, 'evaluations': 20, 'seconds': 0.02831700000388082, 'method': 'differential_evolution_v2', 'accepted_search': True, 'solver_message': 'Optimization terminated successfully.'}, {'theta': array([-6.73533592e+02, -4.49821428e-01]), 'n_active': 2, 'beta1_train': 805.2479089258774, 'beta0_train': -805.7092336742442, 'beta1_val': 381.2885674157342, 'beta0_val': -2071.52179066616, 'selected_score': -816.7248814342911, 'evaluations': 95, 'seconds': 0.06124769999587443, 'method': 'differential_evolution_v2', 'accepted_search': True, 'solver_message': 'Maximum number of iterations has been exceeded.'}, {'theta': array([0., 0., 0., 0.]), 'n_active': 4, 'beta1_train': 142.07257958246979, 'beta0_train': 156.1693818886746, 'beta1_val': -742.745517149836, 'beta0_val': -742.745517149836, 'selected_score': 142.07257958246979, 'evaluations': 185, 'seconds': 0.1338293999870075, 'method': 'differential_evolution_v2', 'accepted_search': True, 'solver_message': 'Maximum number of iterations has been exceeded.'}]",42,"[{'update_slot': 54, 'hour': 9, 'info': 'both', 'lp_status': 'optimal', 'lp_message': '', 'fallback': False}]",2303.184856224688,2700.521837440173,0.22339409998676274,0.370240800009924
"[{'theta': array([-6382.47251602]), 'n_active': 1, 'beta1_train': -3231.937960627886, 'beta0_train': -3255.8579121494763, 'beta1_val': -3252.8515371805292, 'beta0_val': -3252.8515371805292, 'selected_score': -3255.8579121494763, 'evaluations': 15, 'seconds': 0.02298259999952279, 'method': 'differential_evolution_v2', 'accepted_search': True, 'solver_message': 'Optimization terminated successfully.'}, {'theta': array([-3.87225276e+03,  9.00525595e-01]), 'n_active': 2, 'beta1_train': -841.4597235328606, 'beta0_train': -3060.0844161145997, 'beta1_val': -1451.6408911630015, 'beta0_val': -3233.8060088736506, 'selected_score': -3060.0844161145997, 'evaluations': 95, 'seconds': 0.05902549999882467, 'method': 'differential_evolution_v2', 'accepted_search': True, 'solver_message': 'Maximum number of iterations has been exceeded.'}, {'theta': array([-2.66102568e+02,  3.55002541e-01, -2.30167804e+03,  1.79499959e+00]), 'n_active': 4, 'beta1_train': 909.4219306441727, 'beta0_train': 695.7054792567325, 'beta1_val': -715.232978320711, 'beta0_val': -827.0399088753898, 'selected_score': 682.7411827338822, 'evaluations': 185, 'seconds': 0.1329402000119444, 'method': 'differential_evolution_v2', 'accepted_search': True, 'solver_message': 'Maximum number of iterations has been exceeded.'}]",42,"[{'update_slot': 54, 'hour': 9, 'info': 'both', 'lp_status': 'optimal', 'lp_message': '', 'fallback': False}]",2700.521837440173,2299.7886389720634,0.21494830001029186,0.36186380000435747
"[{'theta': array([-6027.98237891]), 'n_active': 1, 'beta1_train': -3849.9531659798286, 'beta0_train': -3885.2879200061725, 'beta1_val': -3886.8, 'beta0_val': -3886.8, 'selected_score': -3885.2879200061725, 'evaluations': 15, 'seconds': 0.025098300000536256, 'method': 'differential_evolution_v2', 'accepted_search': True, 'solver_message': 'Optimization terminated successfully.'}, {'theta': array([-6.09778797e+03,  4.47825417e-01]), 'n_active': 2, 'beta1_train': 475.9562069984321, 'beta0_train': -1997.4929433150346, 'beta1_val': 2091.729396634014, 'beta0_val': -1838.713407824256, 'selected_score': -1997.4929433150346, 'evaluations': 95, 'seconds': 0.059153199996217154, 'method': 'differential_evolution_v2', 'accepted_search': True, 'solver_message': 'Maximum number of iterations has been exceeded.'}, {'theta': array([-3.04096169e+02,  1.66058119e+00, -5.56132152e+03, -1.51086309e+00]), 'n_active': 4, 'beta1_train': 736.042220223946, 'beta0_train': 683.8020113047039, 'beta1_val': -826.7286202823154, 'beta0_val': -1013.865506703136, 'selected_score': 639.0232632093634, 'evaluations': 185, 'seconds': 0.12966489999962505, 'method': 'differential_evolution_v2', 'accepted_search': True, 'solver_message': 'Maximum number of iterations has been exceeded.'}]",42,"[{'update_slot': 54, 'hour': 9, 'info': 'both', 'lp_status': 'optimal', 'lp_message': '', 'fallback': False}]",2299.7886389720634,2937.37203429431,0.21391639999637846,0.36149640000076033
"[{'theta': array([-2720.50044224]), 'n_active': 1, 'beta1_train': -1885.4232142721949, 'beta0_train': -1910.6679846565098, 'beta1_val': -1911.6, 'beta0_val': -1911.6, 'selected_score': -1910.6679846565098, 'evaluations': 15, 'seconds': 0.0229039000114426, 'method': 'differential_evolution_v2', 'accepted_search': True, 'solver_message': 'Optimization terminated successfully.'}, {'theta': array([-6.92376200e+03,  7.63910548e-02]), 'n_active': 2, 'beta1_train': 1502.43228728273, 'beta0_train': -1264.9303888863162, 'beta1_val': 786.9331273071625, 'beta0_val': -1427.6933100257186, 'selected_score': -1264.9303888863162, 'evaluations': 65, 'seconds': 0.04358860000502318, 'method': 'differential_evolution_v2', 'accepted_search': True, 'solver_message': 'Optimization terminated successfully.'}, {'theta': array([-3.82620770e+02, -9.88538112e-01, -6.66576503e+03,  3.18885281e-01]), 'n_active': 4, 'beta1_train': 1053.6095679101916, 'beta0_train': 857.0093911675447, 'beta1_val': -488.117026371838, 'beta0_val': -488.117026371838, 'selected_score': 850.6934904336398, 'evaluations': 185, 'seconds': 0.12611480000487063, 'method': 'differential_evolution_v2', 'accepted_search': True, 'solver_message': 'Maximum number of iterations has been exceeded.'}]",42,"[{'update_slot': 54, 'hour': 9, 'info': 'both', 'lp_status': 'optimal', 'lp_message': '', 'fallback': False}]",2937.37203429431,2176.5065767117317,0.19260730002133641,0.34010999999009073
"[{'theta': array([-2977.46012599]), 'n_active': 1, 'beta1_train': -396.386957135027, 'beta0_train': -402.08415456403503, 'beta1_val': -363.80145804118865, 'beta0_val': -363.80145804118865, 'selected_score': -402.08415456403503, 'evaluations': 25, 'seconds': 0.03185509999457281, 'method': 'differential_evolution_v2', 'accepted_search': True, 'solver_message': 'Optimization terminated successfully.'}, {'theta': array([-6.83280104e+03,  8.36726372e-01]), 'n_active': 2, 'beta1_train': -890.384580132387, 'beta0_train': -1530.0, 'beta1_val': -731.3086630473472, 'beta0_val': -1530.0, 'selected_score': -1530.0, 'evaluations': 35, 'seconds': 0.030093299996224232, 'method': 'differential_evolution_v2', 'accepted_search': True, 'solver_message': 'Optimization terminated successfully.'}, {'theta': array([-9600.,     0., -9600.,     0.]), 'n_active': 4, 'beta1_train': 883.696642864224, 'beta0_train': 929.2647837408168, 'beta1_val': 419.23419428980105, 'beta0_val': -272.1909449644161, 'selected_score': 929.2647837408168, 'evaluations': 185, 'seconds': 0.12862960000347812, 'method': 'differential_evolution_v2', 'accepted_search': False, 'solver_message': 'Maximum number of iterations has been exceeded.'}]",42,"[{'update_slot': 54, 'hour': 9, 'info': 'both', 'lp_status': 'optimal', 'lp_message': '', 'fallback': False}]",2176.5065767117317,2561.7158046756836,0.19057799999427516,0.33637539998744614
"[{'theta': array([-4243.13419217]), 'n_active': 1, 'beta1_train': -1420.4618834898663, 'beta0_train': -1428.2257295904574, 'beta1_val': -1545.7845516881519, 'beta0_val': -1545.7845516881519, 'selected_score': -1428.2257295904574, 'evaluations': 15, 'seconds': 0.02246700000250712, 'method': 'differential_evolution_v2', 'accepted_search': True, 'solver_message': 'Optimization terminated successfully.'}, {'theta': array([-3.29839455e+03, -1.47389065e+00]), 'n_active': 2, 'beta1_train': -3611.153232864983, 'beta0_train': -4329.6, 'beta1_val': -3574.8904655171127, 'beta0_val': -4329.6, 'selected_score': -4329.6, 'evaluations': 35, 'seconds': 0.032656600000336766, 'method': 'differential_evolution_v2', 'accepted_search': True, 'solver_message': 'Optimization terminated successfully.'}, {'theta': array([-557.75716932,    0.8901473 , -216.59692135,   -1.74201317]), 'n_active': 4, 'beta1_train': -2338.9712733629235, 'beta0_train': -2407.386222381554, 'beta1_val': -3627.086591721365, 'beta0_val': -3627.086591721365, 'selected_score': -2418.0380458671307, 'evaluations': 185, 'seconds': 0.13487890000396874, 'method': 'differential_evolution_v2', 'accepted_search': True, 'solver_message': 'Maximum number of iterations has been exceeded.'}]",42,"[{'update_slot': 54, 'hour': 9, 'info': 'both', 'lp_status': 'optimal', 'lp_message': '', 'fallback': False}]",2561.7158046756836,8922.317950394008,0.19000250000681262,0.36482129999785684
"[{'theta': array([-278.81857704]), 'n_active': 1, 'beta1_train': -3895.241511830869, 'beta0_train': -3943.082485310042, 'beta1_val': -3946.8, 'beta0_val': -3946.8, 'selected_score': -3943.082485310042, 'evaluations': 35, 'seconds': 0.05078450001019519, 'method': 'differential_evolution_v2', 'accepted_search': True, 'solver_message': 'Optimization terminated successfully.'}, {'theta': array([-2.04136859e+03,  8.31398981e-01]), 'n_active': 2, 'beta1_train': 280.4413990493024, 'beta0_train': -2524.839142891882, 'beta1_val': 206.3433620229789, 'beta0_val': -2512.160707789792, 'selected_score': -2524.839142891882, 'evaluations': 95, 'seconds': 0.05958749999990687, 'method': 'differential_evolution_v2', 'accepted_search': True, 'solver_message': 'Maximum number of iterations has been exceeded.'}, {'theta': array([-8.89587309e+03, -7.83565170e-01, -3.48899395e+02,  1.66945253e+00]), 'n_active': 4, 'beta1_train': 622.7929849482497, 'beta0_train': 508.78208821069046, 'beta1_val': -789.9443242938244, 'beta0_val': -789.9443242938244, 'selected_score': 507.9010246046278, 'evaluations': 185, 'seconds': 0.17720070001087151, 'method': 'differential_evolution_v2', 'accepted_search': True, 'solver_message': 'Maximum number of iterations has been exceeded.'}]",42,"[{'update_slot': 54, 'hour': 9, 'info': 'both', 'lp_status': 'optimal', 'lp_message': '', 'fallback': False}]",8922.317950394008,1200.0,0.28757270002097357,0.458973300002981
"[{'theta': array([-1408.5837593]), 'n_active': 1, 'beta1_train': -3952.706878807807, 'beta0_train': -3965.0011535931576, 'beta1_val': -2389.9491337796417, 'beta0_val': -3415.5524914416783, 'selected_score': -3965.0011535931576, 'evaluations': 20, 'seconds': 0.032636099989758804, 'method': 'differential_evolution_v2', 'accepted_search': True, 'solver_message': 'Optimization terminated successfully.'}, {'theta': array([-6.54582294e+03, -1.67002132e+00]), 'n_active': 2, 'beta1_train': -220.1016200931344, 'beta0_train': -2801.6599583047655, 'beta1_val': -509.51903416874075, 'beta0_val': -3047.1674761237264, 'selected_score': -2801.6599583047655, 'evaluations': 45, 'seconds': 0.04306910000741482, 'method': 'differential_evolution_v2', 'accepted_search': True, 'solver_message': 'Optimization terminated successfully.'}, {'theta': array([-210.46204212,    0.57621681, -102.46072016,   -1.01423013]), 'n_active': 4, 'beta1_train': 115.74301686509229, 'beta0_train': -32.764403168558076, 'beta1_val': 15345.871473668903, 'beta0_val': 15564.87790875103, 'selected_score': -40.37169246021994, 'evaluations': 185, 'seconds': 0.12689620000310242, 'method': 'differential_evolution_v2', 'accepted_search': True, 'solver_message': 'Maximum number of iterations has been exceeded.'}]",42,"[{'update_slot': 54, 'hour': 9, 'info': 'both', 'lp_status': 'optimal', 'lp_message': '', 'fallback': False}]",1200.0,1742.8372976446517,0.20260140000027604,0.36895789999107365
"[{'theta': array([-6706.07898864]), 'n_active': 1, 'beta1_train': -2306.5717764399055, 'beta0_train': -2407.3515357189945, 'beta1_val': -1385.4971114261205, 'beta0_val': -1914.9271473787958, 'selected_score': -2407.3515357189945, 'evaluations': 30, 'seconds': 0.036503600000287406, 'method': 'differential_evolution_v2', 'accepted_search': True, 'solver_message': 'Optimization terminated successfully.'}, {'theta': array([-8.71714112e+02,  2.07138066e-02]), 'n_active': 2, 'beta1_train': 1437.2816892035016, 'beta0_train': -1322.7462198053136, 'beta1_val': 3809.6624442518205, 'beta0_val': 1250.9667756730505, 'selected_score': -1328.517863477609, 'evaluations': 95, 'seconds': 0.058395100000780076, 'method': 'differential_evolution_v2', 'accepted_search': True, 'solver_message': 'Maximum number of iterations has been exceeded.'}, {'theta': array([0., 0., 0., 0.]), 'n_active': 4, 'beta1_train': 967.685743149393, 'beta0_train': 815.2446626738953, 'beta1_val': 12759.105196128194, 'beta0_val': 14995.004998278115, 'selected_score': 967.685743149393, 'evaluations': 185, 'seconds': 0.12636870000278577, 'method': 'differential_evolution_v2', 'accepted_search': False, 'solver_message': 'Maximum number of iterations has been exceeded.'}]",42,"[{'update_slot': 54, 'hour': 9, 'info': 'both', 'lp_status': 'optimal', 'lp_message': '', 'fallback': False}]",1742.8372976446517,1200.0,0.22126740000385325,0.36615609998989385
"[{'theta': array([-942.62935519]), 'n_active': 1, 'beta1_train': -3753.755126760975, 'beta0_train': -3785.5107635060913, 'beta1_val': -3378.5662482333346, 'beta0_val': -3698.5904062260033, 'selected_score': -3785.5107635060913, 'evaluations': 25, 'seconds': 0.03250590000243392, 'method': 'differential_evolution_v2', 'accepted_search': True, 'solver_message': 'Optimization terminated successfully.'}, {'theta': array([-1.99540226e+03,  3.97610904e-01]), 'n_active': 2, 'beta1_train': 580.1671648532079, 'beta0_train': -2135.5673654155544, 'beta1_val': -327.14113567541744, 'beta0_val': -2732.0174888760434, 'selected_score': -2135.5673654155544, 'evaluations': 55, 'seconds': 0.037857199989957735, 'method': 'differential_evolution_v2', 'accepted_search': True, 'solver_message': 'Optimization terminated successfully.'}, {'theta': array([0., 0., 0., 0.]), 'n_active': 4, 'beta1_train': -372.18252035371853, 'beta0_train': -415.9586302352757, 'beta1_val': 6485.190815023801, 'beta0_val': 7655.809200536948, 'selected_score': -372.18252035371853, 'evaluations': 185, 'seconds': 0.12758949999988545, 'method': 'differential_evolution_v2', 'accepted_search': False, 'solver_message': 'Maximum number of iterations has been exceeded.'}]",42,"[{'update_slot': 54, 'hour': 9, 'info': 'both', 'lp_status': 'optimal', 'lp_message': '', 'fallback': False}]",1200.0,1954.6322250000003,0.1979525999922771,0.3439978000096744
"[{'theta': array([-999.94988871]), 'n_active': 1, 'beta1_train': -424.21810407913586, 'beta0_train': -460.2453896287726, 'beta1_val': 173.5404259811561, 'beta0_val': -425.1921424258589, 'selected_score': -460.2453896287726, 'evaluations': 15, 'seconds': 0.021856300008948892, 'method': 'differential_evolution_v2', 'accepted_search': True, 'solver_message': 'Optimization terminated successfully.'}, {'theta': array([-8.20851752e+03, -1.25928296e+00]), 'n_active': 2, 'beta1_train': 2834.8574526080683, 'beta0_train': -123.76705122647921, 'beta1_val': 2436.0630624554215, 'beta0_val': -276.57529368120464, 'selected_score': -123.76705122647921, 'evaluations': 95, 'seconds': 0.060156999999890104, 'method': 'differential_evolution_v2', 'accepted_search': True, 'solver_message': 'Maximum number of iterations has been exceeded.'}, {'theta': array([-9600.,     0., -9600.,     0.]), 'n_active': 4, 'beta1_train': 1125.0082193758547, 'beta0_train': 1092.8111735493558, 'beta1_val': 6503.648247240533, 'beta0_val': 4796.118674086336, 'selected_score': 1092.8111735493558, 'evaluations': 185, 'seconds': 0.12804939999477938, 'method': 'differential_evolution_v2', 'accepted_search': False, 'solver_message': 'Maximum number of iterations has been exceeded.'}]",42,"[{'update_slot': 54, 'hour': 9, 'info': 'both', 'lp_status': 'optimal', 'lp_message': '', 'fallback': False}]",1954.6322250000003,1200.0,0.21006270000361837,0.3548580999922706
"[{'theta': array([-3022.9091805]), 'n_active': 1, 'beta1_train': -686.1172326518258, 'beta0_train': -699.8947395446011, 'beta1_val': -387.03139355418205, 'beta0_val': -461.07063979592573, 'selected_score': -699.8947395446011, 'evaluations': 20, 'seconds': 0.02622749999864027, 'method': 'differential_evolution_v2', 'accepted_search': True, 'solver_message': 'Optimization terminated successfully.'}, {'theta': array([-1.88263653e+03,  9.09758931e-01]), 'n_active': 2, 'beta1_train': -712.3169403895621, 'beta0_train': -1620.2791264608486, 'beta1_val': -1012.6157241160421, 'beta0_val': -1685.7416062052266, 'selected_score': -1620.2791264608486, 'evaluations': 95, 'seconds': 0.05696929999976419, 'method': 'differential_evolution_v2', 'accepted_search': True, 'solver_message': 'Maximum number of iterations has been exceeded.'}, {'theta': array([-9.20892057e+03,  1.27644698e+00, -5.41625435e+03,  8.45753127e-02]), 'n_active': 4, 'beta1_train': 51.08121789339598, 'beta0_train': -10.510819603519018, 'beta1_val': 3144.226047276892, 'beta0_val': 3026.097077085644, 'selected_score': -10.510819603519018, 'evaluations': 185, 'seconds': 0.1295003999985056, 'method': 'differential_evolution_v2', 'accepted_search': True, 'solver_message': 'Maximum number of iterations has been exceeded.'}]",42,"[{'update_slot': 54, 'hour': 9, 'info': 'both', 'lp_status': 'optimal', 'lp_message': '', 'fallback': False}]",1200.0,1312.5757227777779,0.21269719999691006,0.36050779999641236
"[{'theta': array([-2526.95596522]), 'n_active': 1, 'beta1_train': -1986.3850199517883, 'beta0_train': -1991.7057156404412, 'beta1_val': -1418.5670503211022, 'beta0_val': -1581.0611648715267, 'selected_score': -1991.7057156404412, 'evaluations': 20, 'seconds': 0.02785700000822544, 'method': 'differential_evolution_v2', 'accepted_search': True, 'solver_message': 'Optimization terminated successfully.'}, {'theta': array([-5.68915606e+03,  3.55455628e-01]), 'n_active': 2, 'beta1_train': -3063.3131079572995, 'beta0_train': -3801.9242205703476, 'beta1_val': -2560.3725668323054, 'beta0_val': -3255.9000276011475, 'selected_score': -3801.9242205703476, 'evaluations': 35, 'seconds': 0.030317299999296665, 'method': 'differential_evolution_v2', 'accepted_search': True, 'solver_message': 'Optimization terminated successfully.'}, {'theta': array([ 9.82462276e+01, -1.43724198e+00, -1.28319390e+03, -1.11945569e+00]), 'n_active': 4, 'beta1_train': -3490.4035902621504, 'beta0_train': -3439.0527131201893, 'beta1_val': 2091.1914764554904, 'beta0_val': 3051.1753445911445, 'selected_score': -3504.996097800921, 'evaluations': 185, 'seconds': 0.12616369999886956, 'method': 'differential_evolution_v2', 'accepted_search': True, 'solver_message': 'Maximum number of iterations has been exceeded.'}]",42,"[{'update_slot': 54, 'hour': 9, 'info': 'both', 'lp_status': 'optimal', 'lp_message': '', 'fallback': False}]",1312.5757227777779,7277.330932037037,0.18433800000639167,0.33284370000183117
"[{'theta': array([-4508.03840145]), 'n_active': 1, 'beta1_train': -2490.5872576901734, 'beta0_train': -4206.044448932636, 'beta1_val': -1898.1348720000015, 'beta0_val': -4122.4624057700785, 'selected_score': -4206.044448932636, 'evaluations': 15, 'seconds': 0.022585999991861172, 'method': 'differential_evolution_v2', 'accepted_search': True, 'solver_message': 'Optimization terminated successfully.'}, {'theta': array([-7.30984798e+03,  1.55668362e+00]), 'n_active': 2, 'beta1_train': -961.1130935388685, 'beta0_train': -3626.8656868772487, 'beta1_val': -594.305685591497, 'beta0_val': -3207.8910048109187, 'selected_score': -3626.8656868772487, 'evaluations': 45, 'seconds': 0.03330110000388231, 'method': 'differential_evolution_v2', 'accepted_search': True, 'solver_message': 'Optimization terminated successfully.'}, {'theta': array([-2.27341167e+02, -3.22229835e-01, -4.99719356e+03, -3.63799096e-01]), 'n_active': 4, 'beta1_train': -845.9003562855743, 'beta0_train': -912.3620037491868, 'beta1_val': 1811.4451851760114, 'beta0_val': 1926.092843591654, 'selected_score': -950.0453746218888, 'evaluations': 185, 'seconds': 0.12857629999052733, 'method': 'differential_evolution_v2', 'accepted_search': True, 'solver_message': 'Maximum number of iterations has been exceeded.'}]",42,"[{'update_slot': 54, 'hour': 9, 'info': 'both', 'lp_status': 'optimal', 'lp_message': '', 'fallback': False}]",7277.330932037037,4344.937440377812,0.18446339998627082,0.32585129998915363
"[{'theta': array([-1042.43933561]), 'n_active': 1, 'beta1_train': -4271.26934308849, 'beta0_train': -4299.9374605687335, 'beta1_val': -4303.199999999999, 'beta0_val': -4303.199999999999, 'selected_score': -4299.9374605687335, 'evaluations': 15, 'seconds': 0.02252260000386741, 'method': 'differential_evolution_v2', 'accepted_search': True, 'solver_message': 'Optimization terminated successfully.'}, {'theta': array([-6.03995769e+03, -1.50143664e+00]), 'n_active': 2, 'beta1_train': -748.8840637801025, 'beta0_train': -3338.7655151263916, 'beta1_val': -1237.978536707525, 'beta0_val': -3535.108619972331, 'selected_score': -3338.7655151263916, 'evaluations': 95, 'seconds': 0.060145199997350574, 'method': 'differential_evolution_v2', 'accepted_search': True, 'solver_message': 'Maximum number of iterations has been exceeded.'}, {'theta': array([-6.41945583e+03,  1.51689231e-01, -6.33093621e+03,  1.17564853e+00]), 'n_active': 4, 'beta1_train': -704.1987309089529, 'beta0_train': -906.0013446347128, 'beta1_val': -1206.298308378315, 'beta0_val': -1741.9655898279925, 'selected_score': -906.0013446347128, 'evaluations': 185, 'seconds': 0.131895100013935, 'method': 'differential_evolution_v2', 'accepted_search': True, 'solver_message': 'Maximum number of iterations has been exceeded.'}]",42,"[{'update_slot': 54, 'hour': 9, 'info': 'both', 'lp_status': 'optimal', 'lp_message': '', 'fallback': False}]",4344.937440377812,4196.791989135748,0.214562900015153,0.35339630000817124
"[{'theta': array([-8209.06746871]), 'n_active': 1, 'beta1_train': -4280.894736544874, 'beta0_train': -4314.594427175667, 'beta1_val': -4317.6, 'beta0_val': -4317.6, 'selected_score': -4314.594427175667, 'evaluations': 20, 'seconds': 0.028128599995397963, 'method': 'differential_evolution_v2', 'accepted_search': True, 'solver_message': 'Optimization terminated successfully.'}, {'theta': array([-7.99321196e+03, -1.22906618e+00]), 'n_active': 2, 'beta1_train': -444.87221756398634, 'beta0_train': -3012.3749036565464, 'beta1_val': -379.7878255043297, 'beta0_val': -2890.142065078795, 'selected_score': -3012.3749036565464, 'evaluations': 55, 'seconds': 0.03923549999308307, 'method': 'differential_evolution_v2', 'accepted_search': True, 'solver_message': 'Optimization terminated successfully.'}, {'theta': array([-1.80806167e+02, -1.02539816e+00, -4.97523387e+03,  1.35283309e+00]), 'n_active': 4, 'beta1_train': -431.1941899195549, 'beta0_train': -448.1431076373586, 'beta1_val': -1660.8544938683128, 'beta0_val': -1660.8544938683128, 'selected_score': -532.1282581521964, 'evaluations': 185, 'seconds': 0.12853640000685118, 'method': 'differential_evolution_v2', 'accepted_search': True, 'solver_message': 'Maximum number of iterations has been exceeded.'}]",42,"[{'update_slot': 54, 'hour': 9, 'info': 'both', 'lp_status': 'optimal', 'lp_message': '', 'fallback': False}]",4196.791989135748,4003.2166224074085,0.1959004999953322,0.3407450000086101
"[{'theta': array([-2078.98530164]), 'n_active': 1, 'beta1_train': -4015.271324775682, 'beta0_train': -4079.026552372403, 'beta1_val': -4083.5999999999995, 'beta0_val': -4083.5999999999995, 'selected_score': -4079.026552372403, 'evaluations': 50, 'seconds': 0.054173399999854155, 'method': 'differential_evolution_v2', 'accepted_search': True, 'solver_message': 'Maximum number of iterations has been exceeded.'}, {'theta': array([-9.42636706e+03,  5.57322572e-01]), 'n_active': 2, 'beta1_train': 674.9298836356876, 'beta0_train': -1198.934066564554, 'beta1_val': 752.9364678637835, 'beta0_val': -1232.4122580801602, 'selected_score': -1198.934066564554, 'evaluations': 45, 'seconds': 0.033167000001412816, 'method': 'differential_evolution_v2', 'accepted_search': True, 'solver_message': 'Optimization terminated successfully.'}, {'theta': array([-4.49628847e+03,  9.61153926e-01, -3.22809148e+03, -1.06405315e+00]), 'n_active': 4, 'beta1_train': -781.7623617205502, 'beta0_train': -807.3635760897073, 'beta1_val': -1387.216662076765, 'beta0_val': -1387.216662076765, 'selected_score': -807.3635760897073, 'evaluations': 185, 'seconds': 0.13064000000304077, 'method': 'differential_evolution_v2', 'accepted_search': True, 'solver_message': 'Maximum number of iterations has been exceeded.'}]",42,"[{'update_slot': 54, 'hour': 9, 'info': 'both', 'lp_status': 'optimal', 'lp_message': '', 'fallback': False}]",4003.2166224074085,4026.7888647701247,0.21798040000430774,0.3607895000022836
"[{'theta': array([-1918.23538111]), 'n_active': 1, 'beta1_train': -2841.884426074967, 'beta0_train': -2927.682861435237, 'beta1_val': -2934.0, 'beta0_val': -2934.0, 'selected_score': -2927.682861435237, 'evaluations': 15, 'seconds': 0.023308100004214793, 'method': 'differential_evolution_v2', 'accepted_search': True, 'solver_message': 'Optimization terminated successfully.'}, {'theta': array([-6.71320160e+03, -5.21959417e-01]), 'n_active': 2, 'beta1_train': 465.5589458070491, 'beta0_train': -2210.8096944934964, 'beta1_val': 597.6030999483683, 'beta0_val': -2222.2769574657113, 'selected_score': -2210.8096944934964, 'evaluations': 95, 'seconds': 0.06022679999296088, 'method': 'differential_evolution_v2', 'accepted_search': True, 'solver_message': 'Maximum number of iterations has been exceeded.'}, {'theta': array([-4.38820154e+02, -8.84888214e-01, -7.61851799e+03, -8.35054420e-01]), 'n_active': 4, 'beta1_train': 700.1665426968462, 'beta0_train': 297.798670973574, 'beta1_val': -1057.5673611740212, 'beta0_val': -1057.5673611740212, 'selected_score': 285.3035449699392, 'evaluations': 185, 'seconds': 0.1334839000046486, 'method': 'differential_evolution_v2', 'accepted_search': True, 'solver_message': 'Maximum number of iterations has been exceeded.'}]",42,"[{'update_slot': 54, 'hour': 9, 'info': 'both', 'lp_status': 'optimal', 'lp_message': '', 'fallback': False}]",4026.7888647701247,4379.409130263547,0.21701880000182427,0.35769050000817515
"[{'theta': array([-1140.69759586]), 'n_active': 1, 'beta1_train': -1443.0384268213872, 'beta0_train': -1443.469221172765, 'beta1_val': -1739.661950752031, 'beta0_val': -1739.661950752031, 'selected_score': -1443.469221172765, 'evaluations': 25, 'seconds': 0.033392400000593625, 'method': 'differential_evolution_v2', 'accepted_search': True, 'solver_message': 'Optimization terminated successfully.'}, {'theta': array([-5.92743337e+03, -4.56022092e-01]), 'n_active': 2, 'beta1_train': -2477.2913106350916, 'beta0_train': -3123.107525532271, 'beta1_val': -2612.824091592178, 'beta0_val': -3168.745978304702, 'selected_score': -3123.107525532271, 'evaluations': 55, 'seconds': 0.03830759999982547, 'method': 'differential_evolution_v2', 'accepted_search': True, 'solver_message': 'Optimization terminated successfully.'}, {'theta': array([-2.23698722e+01, -4.53006193e-01, -1.23715535e+03, -1.39713838e+00]), 'n_active': 4, 'beta1_train': 299.6489336284921, 'beta0_train': 356.9225824722037, 'beta1_val': -1363.670251583503, 'beta0_val': -1380.0065833898163, 'selected_score': 267.7834108753275, 'evaluations': 185, 'seconds': 0.12718029999814462, 'method': 'differential_evolution_v2', 'accepted_search': True, 'solver_message': 'Maximum number of iterations has been exceeded.'}]",42,"[{'update_slot': 54, 'hour': 9, 'info': 'both', 'lp_status': 'optimal', 'lp_message': '', 'fallback': False}]",4379.409130263547,4034.351906706442,0.19888029999856371,0.34489900000335183
"[{'theta': array([-9144.2973744]), 'n_active': 1, 'beta1_train': -2081.3376977052217, 'beta0_train': -2098.3283482993606, 'beta1_val': -2375.0556673053934, 'beta0_val': -2375.0556673053934, 'selected_score': -2098.3283482993606, 'evaluations': 20, 'seconds': 0.029964999994263053, 'method': 'differential_evolution_v2', 'accepted_search': True, 'solver_message': 'Optimization terminated successfully.'}, {'theta': array([-6.24439176e+03,  5.57072640e-01]), 'n_active': 2, 'beta1_train': -3663.990142209625, 'beta0_train': -4367.216254264028, 'beta1_val': -3731.81443762228, 'beta0_val': -4370.4, 'selected_score': -4367.216254264028, 'evaluations': 45, 'seconds': 0.033937100000912324, 'method': 'differential_evolution_v2', 'accepted_search': True, 'solver_message': 'Optimization terminated successfully.'}, {'theta': array([-6.06898146e+03, -1.85275526e+00, -1.16442424e+02, -7.74101122e-01]), 'n_active': 4, 'beta1_train': -304.7502072398009, 'beta0_train': -401.7227089616585, 'beta1_val': -1808.3043556290947, 'beta0_val': -1808.3043556290947, 'selected_score': -416.3504956470193, 'evaluations': 185, 'seconds': 0.12951389999943785, 'method': 'differential_evolution_v2', 'accepted_search': True, 'solver_message': 'Maximum number of iterations has been exceeded.'}]",42,"[{'update_slot': 54, 'hour': 9, 'info': 'both', 'lp_status': 'optimal', 'lp_message': '', 'fallback': False}]",4034.351906706442,4371.068955825759,0.19341599999461323,0.337385600010748
"[{'theta': array([-3284.7134948]), 'n_active': 1, 'beta1_train': -3789.1860816585113, 'beta0_train': -4153.835796746245, 'beta1_val': -4226.4, 'beta0_val': -4226.4, 'selected_score': -4153.835796746245, 'evaluations': 20, 'seconds': 0.02746239998668898, 'method': 'differential_evolution_v2', 'accepted_search': True, 'solver_message': 'Optimization terminated successfully.'}, {'theta': array([-2.74458420e+03,  1.00271563e+00]), 'n_active': 2, 'beta1_train': -119.33252134334828, 'beta0_train': -2780.41694108346, 'beta1_val': -602.3133686380311, 'beta0_val': -2916.550422105775, 'selected_score': -2780.41694108346, 'evaluations': 95, 'seconds': 0.05851640000764746, 'method': 'differential_evolution_v2', 'accepted_search': True, 'solver_message': 'Maximum number of iterations has been exceeded.'}, {'theta': array([-3.59494123e+02,  6.97956571e-02, -9.69723545e+02, -2.54946430e-01]), 'n_active': 4, 'beta1_train': 45.02768156062576, 'beta0_train': 46.174283615495895, 'beta1_val': -1332.3047570221358, 'beta0_val': -1332.3047570221358, 'selected_score': 26.5289564969595, 'evaluations': 185, 'seconds': 0.1281413000106113, 'method': 'differential_evolution_v2', 'accepted_search': True, 'solver_message': 'Maximum number of iterations has been exceeded.'}]",42,"[{'update_slot': 54, 'hour': 9, 'info': 'both', 'lp_status': 'optimal', 'lp_message': '', 'fallback': False}]",4371.068955825759,3954.301933511273,0.21412010000494774,0.35786210000514984
"[{'theta': array([-5770.65725396]), 'n_active': 1, 'beta1_train': -4338.203091229732, 'beta0_train': -4497.724112432036, 'beta1_val': -4524.0, 'beta0_val': -4524.0, 'selected_score': -4497.724112432036, 'evaluations': 20, 'seconds': 0.028032099988195114, 'method': 'differential_evolution_v2', 'accepted_search': True, 'solver_message': 'Optimization terminated successfully.'}, {'theta': array([-4.12771117e+03, -5.98633911e-02]), 'n_active': 2, 'beta1_train': 109.38624012506162, 'beta0_train': -2761.462586515447, 'beta1_val': -177.10717272643842, 'beta0_val': -2647.8535149781173, 'selected_score': -2761.462586515447, 'evaluations': 95, 'seconds': 0.05970080000406597, 'method': 'differential_evolution_v2', 'accepted_search': True, 'solver_message': 'Maximum number of iterations has been exceeded.'}, {'theta': array([-194.53270766,    0.66819957,  -70.42227146,   -1.70208948]), 'n_active': 4, 'beta1_train': 668.7580213458696, 'beta0_train': 602.4126807371994, 'beta1_val': -1500.4705299976051, 'beta0_val': -1500.4705299976051, 'selected_score': 564.2640136976862, 'evaluations': 185, 'seconds': 0.12870630000543315, 'method': 'differential_evolution_v2', 'accepted_search': True, 'solver_message': 'Maximum number of iterations has been exceeded.'}]",42,"[{'update_slot': 54, 'hour': 9, 'info': 'both', 'lp_status': 'optimal', 'lp_message': '', 'fallback': False}]",3954.301933511273,3444.428286609618,0.21643919999769423,0.3582140999933472
"[{'theta': array([-5522.57270006]), 'n_active': 1, 'beta1_train': -3271.0613641013488, 'beta0_train': -3445.365389101425, 'beta1_val': -3466.8, 'beta0_val': -3466.8, 'selected_score': -3445.365389101425, 'evaluations': 50, 'seconds': 0.0528582999977516, 'method': 'differential_evolution_v2', 'accepted_search': True, 'solver_message': 'Maximum number of iterations has been exceeded.'}, {'theta': array([-8.04573647e+03,  2.21725831e-02]), 'n_active': 2, 'beta1_train': 356.77438281964726, 'beta0_train': -2363.9414696728904, 'beta1_val': 663.5394431447394, 'beta0_val': -2281.037559882089, 'selected_score': -2363.9414696728904, 'evaluations': 95, 'seconds': 0.05926750000799075, 'method': 'differential_evolution_v2', 'accepted_search': True, 'solver_message': 'Maximum number of iterations has been exceeded.'}, {'theta': array([ 6.08666695e+00, -1.15755326e+00, -6.70697459e+03,  1.55134376e+00]), 'n_active': 4, 'beta1_train': 979.4744724756076, 'beta0_train': 1163.9675795169649, 'beta1_val': -1216.973687662574, 'beta0_val': -1216.973687662574, 'selected_score': 978.162644432427, 'evaluations': 185, 'seconds': 0.12889849999919534, 'method': 'differential_evolution_v2', 'accepted_search': True, 'solver_message': 'Maximum number of iterations has been exceeded.'}]",42,"[{'update_slot': 54, 'hour': 9, 'info': 'both', 'lp_status': 'optimal', 'lp_message': '', 'fallback': False}]",3444.428286609618,3405.528114097832,0.24102430000493769,0.38312969999969937
"[{'theta': array([-2452.23665979]), 'n_active': 1, 'beta1_train': -3419.397504191588, 'beta0_train': -3649.8623944585647, 'beta1_val': -3682.8, 'beta0_val': -3682.8, 'selected_score': -3649.8623944585647, 'evaluations': 20, 'seconds': 0.02737350000825245, 'method': 'differential_evolution_v2', 'accepted_search': True, 'solver_message': 'Optimization terminated successfully.'}, {'theta': array([-6.94442693e+03, -1.16556408e+00]), 'n_active': 2, 'beta1_train': 65.8871986932268, 'beta0_train': -2684.8059676564585, 'beta1_val': 389.7605567168248, 'beta0_val': -2535.139773705786, 'selected_score': -2684.8059676564585, 'evaluations': 75, 'seconds': 0.04790510000020731, 'method': 'differential_evolution_v2', 'accepted_search': True, 'solver_message': 'Optimization terminated successfully.'}, {'theta': array([-1.41670434e+02, -2.73422291e-01, -8.35979553e+03,  9.13293413e-01]), 'n_active': 4, 'beta1_train': 1384.7743434456343, 'beta0_train': 1263.7048118644518, 'beta1_val': -665.5956764160529, 'beta0_val': -1029.0438385141697, 'selected_score': 1082.8666203818295, 'evaluations': 185, 'seconds': 0.12887090000731405, 'method': 'differential_evolution_v2', 'accepted_search': True, 'solver_message': 'Maximum number of iterations has been exceeded.'}]",42,"[{'update_slot': 54, 'hour': 9, 'info': 'both', 'lp_status': 'optimal', 'lp_message': '', 'fallback': False}]",3405.528114097832,3897.704546920143,0.2041495000157738,0.3463346000062302
"[{'theta': array([-9349.32970551]), 'n_active': 1, 'beta1_train': -2757.9164572982545, 'beta0_train': -3011.256949989144, 'beta1_val': -3077.9999999999995, 'beta0_val': -3077.9999999999995, 'selected_score': -3011.256949989144, 'evaluations': 15, 'seconds': 0.02177720000327099, 'method': 'differential_evolution_v2', 'accepted_search': True, 'solver_message': 'Optimization terminated successfully.'}, {'theta': array([-8.72683389e+03,  2.68305811e-01]), 'n_active': 2, 'beta1_train': 41.46274137349325, 'beta0_train': -2364.1806460775274, 'beta1_val': -131.9339357677968, 'beta0_val': -2595.29899996191, 'selected_score': -2364.1806460775274, 'evaluations': 95, 'seconds': 0.06130679999478161, 'method': 'differential_evolution_v2', 'accepted_search': True, 'solver_message': 'Maximum number of iterations has been exceeded.'}, {'theta': array([-1.07265576e+02,  6.45991040e-01, -2.81990787e+03,  3.18258709e-02]), 'n_active': 4, 'beta1_train': 2347.270220870086, 'beta0_train': 2591.0805966362705, 'beta1_val': -853.1173874885093, 'beta0_val': -919.1948353698677, 'selected_score': 2301.678674348642, 'evaluations': 185, 'seconds': 0.12788410000212025, 'method': 'differential_evolution_v2', 'accepted_search': True, 'solver_message': 'Maximum number of iterations has been exceeded.'}]",42,"[{'update_slot': 54, 'hour': 9, 'info': 'both', 'lp_status': 'optimal', 'lp_message': '', 'fallback': False}]",3897.704546920143,2963.8726284423133,0.21096810000017285,0.35375090000161435
"[{'theta': array([-5070.56939293]), 'n_active': 1, 'beta1_train': -746.6490226569994, 'beta0_train': -879.0615272085647, 'beta1_val': -1042.4226483132038, 'beta0_val': -1042.4226483132038, 'selected_score': -879.0615272085647, 'evaluations': 50, 'seconds': 0.05376109998906031, 'method': 'differential_evolution_v2', 'accepted_search': True, 'solver_message': 'Maximum number of iterations has been exceeded.'}, {'theta': array([-5.36804302e+03, -4.55240850e-01]), 'n_active': 2, 'beta1_train': -2512.5618219122157, 'beta0_train': -3094.6540404142524, 'beta1_val': -1703.2548720451193, 'beta0_val': -2935.156627320511, 'selected_score': -3094.6540404142524, 'evaluations': 95, 'seconds': 0.060007299995049834, 'method': 'differential_evolution_v2', 'accepted_search': True, 'solver_message': 'Maximum number of iterations has been exceeded.'}, {'theta': array([-2.83077563e+02,  4.52690398e-02, -2.23410559e+02, -8.88015391e-01]), 'n_active': 4, 'beta1_train': 973.3712052216891, 'beta0_train': 1017.3806024142949, 'beta1_val': -819.2939272717072, 'beta0_val': -819.2939272717072, 'selected_score': 935.3781820805139, 'evaluations': 185, 'seconds': 0.1262325999996392, 'method': 'differential_evolution_v2', 'accepted_search': True, 'solver_message': 'Maximum number of iterations has been exceeded.'}]",42,"[{'update_slot': 54, 'hour': 9, 'info': 'both', 'lp_status': 'optimal', 'lp_message': '', 'fallback': False}]",2963.8726284423133,3046.623128912865,0.24000099998374935,0.38670980000460986
"[{'theta': array([-225.90136994]), 'n_active': 1, 'beta1_train': -1169.886720619257, 'beta0_train': -1170.641940808157, 'beta1_val': -1608.561878968061, 'beta0_val': -1608.561878968061, 'selected_score': -1191.3576656930863, 'evaluations': 50, 'seconds': 0.05584349999844562, 'method': 'differential_evolution_v2', 'accepted_search': True, 'solver_message': 'Maximum number of iterations has been exceeded.'}, {'theta': array([-3.46605424e+03,  1.57616303e+00]), 'n_active': 2, 'beta1_train': -3290.414721869588, 'beta0_train': -4283.4705321383, 'beta1_val': -3173.339799432483, 'beta0_val': -4285.2, 'selected_score': -4283.4705321383, 'evaluations': 25, 'seconds': 0.02433240000391379, 'method': 'differential_evolution_v2', 'accepted_search': True, 'solver_message': 'Optimization terminated successfully.'}, {'theta': array([-1.16987212e+02,  1.02165665e+00, -2.27423594e+03,  1.79792964e+00]), 'n_active': 4, 'beta1_train': 807.6706873966662, 'beta0_train': 804.6436572828613, 'beta1_val': -1460.4528551497176, 'beta0_val': -1460.4528551497176, 'selected_score': 628.0965484354133, 'evaluations': 185, 'seconds': 0.12542430000030436, 'method': 'differential_evolution_v2', 'accepted_search': True, 'solver_message': 'Maximum number of iterations has been exceeded.'}]",42,"[{'update_slot': 54, 'hour': 9, 'info': 'both', 'lp_status': 'optimal', 'lp_message': '', 'fallback': False}]",3046.623128912865,4286.251897824517,0.20560020000266377,0.3505834999959916
"[{'theta': array([-3039.1226906]), 'n_active': 1, 'beta1_train': -2859.7821000270524, 'beta0_train': -3529.0809605415843, 'beta1_val': -3416.721822153001, 'beta0_val': -3627.6000000000004, 'selected_score': -3529.0809605415843, 'evaluations': 20, 'seconds': 0.027444100007414818, 'method': 'differential_evolution_v2', 'accepted_search': True, 'solver_message': 'Optimization terminated successfully.'}, {'theta': array([-3.5719941e+03,  1.3235824e+00]), 'n_active': 2, 'beta1_train': -631.9420535709671, 'beta0_train': -2845.754493056773, 'beta1_val': -742.0572800994732, 'beta0_val': -2895.172024355384, 'selected_score': -2845.754493056773, 'evaluations': 95, 'seconds': 0.05943579999438953, 'method': 'differential_evolution_v2', 'accepted_search': True, 'solver_message': 'Maximum number of iterations has been exceeded.'}, {'theta': array([-3.36280226e+02,  4.95481351e-01, -3.58730824e+03, -1.31678081e+00]), 'n_active': 4, 'beta1_train': 2893.301989965941, 'beta0_train': 2804.0413725395742, 'beta1_val': -1013.299071908061, 'beta0_val': -1107.8342581391992, 'selected_score': 2521.546492115975, 'evaluations': 185, 'seconds': 0.12756789999548346, 'method': 'differential_evolution_v2', 'accepted_search': True, 'solver_message': 'Maximum number of iterations has been exceeded.'}]",42,"[{'update_slot': 54, 'hour': 9, 'info': 'both', 'lp_status': 'optimal', 'lp_message': '', 'fallback': False}]",4286.251897824517,2705.0864242349194,0.2144477999972878,0.354265599991777
"[{'theta': array([-8566.83144043]), 'n_active': 1, 'beta1_train': -3881.4963581445663, 'beta0_train': -4110.734955678642, 'beta1_val': -4157.999999999999, 'beta0_val': -4157.999999999999, 'selected_score': -4110.734955678642, 'evaluations': 20, 'seconds': 0.0273763000004692, 'method': 'differential_evolution_v2', 'accepted_search': True, 'solver_message': 'Optimization terminated successfully.'}, {'theta': array([-3.92522843e+03, -1.41643223e-01]), 'n_active': 2, 'beta1_train': -818.1496801943563, 'beta0_train': -3416.7163482150163, 'beta1_val': 1650.832037742488, 'beta0_val': -2936.7351443347807, 'selected_score': -3416.7163482150163, 'evaluations': 45, 'seconds': 0.03336400000262074, 'method': 'differential_evolution_v2', 'accepted_search': True, 'solver_message': 'Optimization terminated successfully.'}, {'theta': array([-2.97503901e+02, -1.00408131e+00, -3.45904551e+03,  5.12958472e-01]), 'n_active': 4, 'beta1_train': 2380.390053475885, 'beta0_train': 2190.96111863613, 'beta1_val': -636.9495206058914, 'beta0_val': -835.4068802456175, 'selected_score': 2043.114258936302, 'evaluations': 185, 'seconds': 0.13289540000550915, 'method': 'differential_evolution_v2', 'accepted_search': True, 'solver_message': 'Maximum number of iterations has been exceeded.'}]",42,"[{'update_slot': 54, 'hour': 9, 'info': 'both', 'lp_status': 'optimal', 'lp_message': '', 'fallback': False}]",2705.0864242349194,2352.222297971172,0.1936357000085991,0.33625759999267757
"[{'theta': array([-5361.36009336]), 'n_active': 1, 'beta1_train': -3830.5535757935395, 'beta0_train': -4141.2072487230735, 'beta1_val': -4198.8, 'beta0_val': -4198.8, 'selected_score': -4141.2072487230735, 'evaluations': 25, 'seconds': 0.03345719999924768, 'method': 'differential_evolution_v2', 'accepted_search': True, 'solver_message': 'Optimization terminated successfully.'}, {'theta': array([-8.33759626e+03,  1.27989736e+00]), 'n_active': 2, 'beta1_train': 20.513689017451767, 'beta0_train': -2804.164330969526, 'beta1_val': -934.3391482436004, 'beta0_val': -3203.53200212042, 'selected_score': -2804.164330969526, 'evaluations': 95, 'seconds': 0.06001790000300389, 'method': 'differential_evolution_v2', 'accepted_search': True, 'solver_message': 'Maximum number of iterations has been exceeded.'}, {'theta': array([ -58.4807028 ,    0.79099305, -339.45767609,   -0.9307836 ]), 'n_active': 4, 'beta1_train': 1962.523901704936, 'beta0_train': 2023.7106947446473, 'beta1_val': -909.0917007281209, 'beta0_val': -909.0917007281209, 'selected_score': 1873.61385768095, 'evaluations': 185, 'seconds': 0.13055649999296293, 'method': 'differential_evolution_v2', 'accepted_search': True, 'solver_message': 'Maximum number of iterations has been exceeded.'}]",42,"[{'update_slot': 54, 'hour': 9, 'info': 'both', 'lp_status': 'optimal', 'lp_message': '', 'fallback': False}]",2352.222297971172,2717.880901697409,0.2240315999952145,0.37230849999468774
"[{'theta': array([-9191.36120374]), 'n_active': 1, 'beta1_train': -4007.6698377679654, 'beta0_train': -4217.459893670301, 'beta1_val': -4232.886648016666, 'beta0_val': -4259.846001884773, 'selected_score': -4217.459893670301, 'evaluations': 20, 'seconds': 0.027752699999837205, 'method': 'differential_evolution_v2', 'accepted_search': True, 'solver_message': 'Optimization terminated successfully.'}, {'theta': array([-7.88504609e+03,  6.63058637e-01]), 'n_active': 2, 'beta1_train': -667.0937503885964, 'beta0_train': -3222.151602734891, 'beta1_val': -853.0024315181267, 'beta0_val': -3057.0721357524358, 'selected_score': -3222.151602734891, 'evaluations': 35, 'seconds': 0.028401300005498342, 'method': 'differential_evolution_v2', 'accepted_search': True, 'solver_message': 'Optimization terminated successfully.'}, {'theta': array([-2.99575753e+02, -8.03417393e-01, -5.18967225e+03, -8.04384267e-01]), 'n_active': 4, 'beta1_train': 3256.5289115527335, 'beta0_train': 3185.1998141910344, 'beta1_val': -270.6173930368748, 'beta0_val': -1121.0000735003273, 'selected_score': 2808.016469951438, 'evaluations': 185, 'seconds': 0.12861290000728332, 'method': 'differential_evolution_v2', 'accepted_search': True, 'solver_message': 'Maximum number of iterations has been exceeded.'}]",42,"[{'update_slot': 54, 'hour': 9, 'info': 'both', 'lp_status': 'optimal', 'lp_message': '', 'fallback': False}]",2717.880901697409,2525.473435310001,0.18476690001261886,0.3307207999896491
"[{'theta': array([-6008.57562691]), 'n_active': 1, 'beta1_train': -2869.4238024492347, 'beta0_train': -3159.445992295881, 'beta1_val': -3201.5999999999995, 'beta0_val': -3201.5999999999995, 'selected_score': -3159.445992295881, 'evaluations': 20, 'seconds': 0.027308399992762133, 'method': 'differential_evolution_v2', 'accepted_search': True, 'solver_message': 'Optimization terminated successfully.'}, {'theta': array([-4.81492878e+03,  8.54301638e-01]), 'n_active': 2, 'beta1_train': 353.64464218394454, 'beta0_train': -2589.7171013344678, 'beta1_val': -216.29525758502496, 'beta0_val': -2770.133652175732, 'selected_score': -2589.7171013344678, 'evaluations': 35, 'seconds': 0.030009699999936856, 'method': 'differential_evolution_v2', 'accepted_search': True, 'solver_message': 'Optimization terminated successfully.'}, {'theta': array([-9600.,     0., -9600.,     0.]), 'n_active': 4, 'beta1_train': 2811.25702690804, 'beta0_train': 2801.163321574206, 'beta1_val': 741.8804272047214, 'beta0_val': -746.7201691686232, 'selected_score': 2801.163321574206, 'evaluations': 185, 'seconds': 0.12921149999601766, 'method': 'differential_evolution_v2', 'accepted_search': False, 'solver_message': 'Maximum number of iterations has been exceeded.'}]",42,"[{'update_slot': 54, 'hour': 9, 'info': 'both', 'lp_status': 'optimal', 'lp_message': '', 'fallback': False}]",2525.473435310001,2391.789527466583,0.18652959998871665,0.3279136000055587
"[{'theta': array([-693.06499279]), 'n_active': 1, 'beta1_train': -648.9698448087057, 'beta0_train': -680.3203313513883, 'beta1_val': -1008.6607519691157, 'beta0_val': -1008.6607519691157, 'selected_score': -681.8641104634639, 'evaluations': 50, 'seconds': 0.055965500010643154, 'method': 'differential_evolution_v2', 'accepted_search': True, 'solver_message': 'Maximum number of iterations has been exceeded.'}, {'theta': array([-3.40079597e+03, -1.56720080e-01]), 'n_active': 2, 'beta1_train': -1308.681346478063, 'beta0_train': -2193.6000000000004, 'beta1_val': -1048.651735466775, 'beta0_val': -2193.6, 'selected_score': -2193.6000000000004, 'evaluations': 95, 'seconds': 0.06158510000386741, 'method': 'differential_evolution_v2', 'accepted_search': True, 'solver_message': 'Maximum number of iterations has been exceeded.'}, {'theta': array([ 1.45103750e+03,  7.58191695e-01, -1.52857889e+02,  7.43343981e-01]), 'n_active': 4, 'beta1_train': 1904.2073195003852, 'beta0_train': 1981.2911220833212, 'beta1_val': -486.30544625447163, 'beta0_val': -486.30544625447163, 'selected_score': 1824.020853790404, 'evaluations': 185, 'seconds': 0.12928619999729563, 'method': 'differential_evolution_v2', 'accepted_search': True, 'solver_message': 'Maximum number of iterations has been exceeded.'}]",42,"[{'update_slot': 54, 'hour': 9, 'info': 'both', 'lp_status': 'optimal', 'lp_message': '', 'fallback': False}]",2391.789527466583,2734.5811885043186,0.2468368000118062,0.38880169999902137
"[{'theta': array([-278.1062631]), 'n_active': 1, 'beta1_train': -1001.6489447676321, 'beta0_train': -1007.6885594911661, 'beta1_val': -1392.395798606607, 'beta0_val': -1392.395798606607, 'selected_score': -1013.9115155014307, 'evaluations': 50, 'seconds': 0.053079899997101165, 'method': 'differential_evolution_v2', 'accepted_search': True, 'solver_message': 'Maximum number of iterations has been exceeded.'}, {'theta': array([-2.51489558e+03,  1.67927166e+00]), 'n_active': 2, 'beta1_train': -3175.9301635552015, 'beta0_train': -3969.593606425882, 'beta1_val': -3217.7159250795603, 'beta0_val': -3804.4344012990737, 'selected_score': -3969.593606425882, 'evaluations': 95, 'seconds': 0.05995680000341963, 'method': 'differential_evolution_v2', 'accepted_search': True, 'solver_message': 'Maximum number of iterations has been exceeded.'}, {'theta': array([-178.31987293,   -1.13350377, -238.19848722,   -1.18084767]), 'n_active': 4, 'beta1_train': 1390.6860077483188, 'beta0_train': 1574.4624019458447, 'beta1_val': -1194.4783606041087, 'beta0_val': -1226.764280172399, 'selected_score': 1280.1056815521547, 'evaluations': 185, 'seconds': 0.13086229999316856, 'method': 'differential_evolution_v2', 'accepted_search': True, 'solver_message': 'Maximum number of iterations has been exceeded.'}]",42,"[{'update_slot': 54, 'hour': 9, 'info': 'both', 'lp_status': 'optimal', 'lp_message': '', 'fallback': False}]",2734.5811885043186,3132.8085472518032,0.24389899999368936,0.3893619000009494
"[{'theta': array([-3366.31415181]), 'n_active': 1, 'beta1_train': -2140.422818822642, 'beta0_train': -3308.4278623881055, 'beta1_val': -2817.564372663346, 'beta0_val': -4069.7891640269972, 'selected_score': -3308.4278623881055, 'evaluations': 50, 'seconds': 0.05406860000221059, 'method': 'differential_evolution_v2', 'accepted_search': True, 'solver_message': 'Maximum number of iterations has been exceeded.'}, {'theta': array([-4.26860807e+03, -1.25157733e+00]), 'n_active': 2, 'beta1_train': -324.0356952389568, 'beta0_train': -2879.4091461186395, 'beta1_val': -1066.3677212871467, 'beta0_val': -3100.8030726894026, 'selected_score': -2879.4091461186395, 'evaluations': 55, 'seconds': 0.03919300000416115, 'method': 'differential_evolution_v2', 'accepted_search': True, 'solver_message': 'Optimization terminated successfully.'}, {'theta': array([-3.04883455e+02,  9.95007809e-01, -1.17572593e+03, -1.97260367e+00]), 'n_active': 4, 'beta1_train': 2878.179760398467, 'beta0_train': 2981.354088427346, 'beta1_val': -232.70129405420164, 'beta0_val': -410.8227878565134, 'selected_score': 2710.25940204595, 'evaluations': 185, 'seconds': 0.12626549998822156, 'method': 'differential_evolution_v2', 'accepted_search': True, 'solver_message': 'Maximum number of iterations has been exceeded.'}]",42,"[{'update_slot': 54, 'hour': 9, 'info': 'both', 'lp_status': 'optimal', 'lp_message': '', 'fallback': False}]",3132.8085472518032,2480.8000187709617,0.2195270999945933,0.36792539998714346
"[{'theta': array([-7675.30729201]), 'n_active': 1, 'beta1_train': -4103.376010631113, 'beta0_train': -4282.801490512279, 'beta1_val': -4333.2, 'beta0_val': -4333.2, 'selected_score': -4282.801490512279, 'evaluations': 25, 'seconds': 0.03134810000483412, 'method': 'differential_evolution_v2', 'accepted_search': True, 'solver_message': 'Optimization terminated successfully.'}, {'theta': array([-8.49775063e+03,  1.23212677e+00]), 'n_active': 2, 'beta1_train': -378.25554231337287, 'beta0_train': -3010.6157637521746, 'beta1_val': -242.37590120782716, 'beta0_val': -2676.7805238277097, 'selected_score': -3010.6157637521746, 'evaluations': 55, 'seconds': 0.0398027000046568, 'method': 'differential_evolution_v2', 'accepted_search': True, 'solver_message': 'Optimization terminated successfully.'}, {'theta': array([-9600.,     0., -9600.,     0.]), 'n_active': 4, 'beta1_train': 2717.037850376604, 'beta0_train': 2791.4857731202683, 'beta1_val': -134.0805417846858, 'beta0_val': -955.6842523640219, 'selected_score': 2791.4857731202683, 'evaluations': 185, 'seconds': 0.12805140001000836, 'method': 'differential_evolution_v2', 'accepted_search': False, 'solver_message': 'Maximum number of iterations has been exceeded.'}]",42,"[{'update_slot': 54, 'hour': 9, 'info': 'both', 'lp_status': 'optimal', 'lp_message': '', 'fallback': False}]",2480.8000187709617,2245.066896734102,0.1992022000194993,0.3406840999959968
"[{'theta': array([-5764.71098478]), 'n_active': 1, 'beta1_train': -3686.1949049627733, 'beta0_train': -4002.5084561925414, 'beta1_val': -4060.7999999999993, 'beta0_val': -4060.7999999999993, 'selected_score': -4002.5084561925414, 'evaluations': 50, 'seconds': 0.056057300011161715, 'method': 'differential_evolution_v2', 'accepted_search': True, 'solver_message': 'Maximum number of iterations has been exceeded.'}, {'theta': array([-3.33559477e+03,  6.12136055e-01]), 'n_active': 2, 'beta1_train': 22.54659741073589, 'beta0_train': -2568.9261026679806, 'beta1_val': 82.12016516410586, 'beta0_val': -2483.4478945091496, 'selected_score': -2568.9261026679806, 'evaluations': 55, 'seconds': 0.04015090000757482, 'method': 'differential_evolution_v2', 'accepted_search': True, 'solver_message': 'Optimization terminated successfully.'}, {'theta': array([76.21785852, -0.99590413,  0.        ,  0.        ]), 'n_active': 4, 'beta1_train': 2486.460129866769, 'beta0_train': 2801.7806896421102, 'beta1_val': -523.8364585515957, 'beta0_val': -523.8364585515957, 'selected_score': 2484.8638298594683, 'evaluations': 185, 'seconds': 0.12913610000396147, 'method': 'differential_evolution_v2', 'accepted_search': True, 'solver_message': 'Maximum number of iterations has been exceeded.'}]",42,"[{'update_slot': 54, 'hour': 9, 'info': 'both', 'lp_status': 'optimal', 'lp_message': '', 'fallback': False}]",2245.066896734102,1200.0,0.225344300022698,0.3689486999937799
"[{'theta': array([-9600.]), 'n_active': 1, 'beta1_train': -3818.6194183569473, 'beta0_train': -3890.2811645186894, 'beta1_val': -651.3645882938622, 'beta0_val': -2508.701325468814, 'selected_score': -3890.2811645186894, 'evaluations': 25, 'seconds': 0.03144409999367781, 'method': 'differential_evolution_v2', 'accepted_search': False, 'solver_message': 'Optimization terminated successfully.'}, {'theta': array([-2.99312370e+03,  1.03788773e+00]), 'n_active': 2, 'beta1_train': -394.1580534882124, 'beta0_train': -2802.1841711391303, 'beta1_val': 2477.3479202324565, 'beta0_val': -1926.0680874723457, 'selected_score': -2802.1841711391303, 'evaluations': 95, 'seconds': 0.05928669999411795, 'method': 'differential_evolution_v2', 'accepted_search': True, 'solver_message': 'Maximum number of iterations has been exceeded.'}, {'theta': array([0., 0., 0., 0.]), 'n_active': 4, 'beta1_train': 737.0390062908037, 'beta0_train': 747.9945585951998, 'beta1_val': 15738.010065547449, 'beta0_val': 17998.33446262716, 'selected_score': 737.0390062908037, 'evaluations': 185, 'seconds': 0.1299239999934798, 'method': 'differential_evolution_v2', 'accepted_search': False, 'solver_message': 'Maximum number of iterations has been exceeded.'}]",42,"[{'update_slot': 54, 'hour': 9, 'info': 'both', 'lp_status': 'optimal', 'lp_message': '', 'fallback': False}]",1200.0,1200.0,0.22065479998127557,0.36483960000623483
"[{'theta': array([-9129.27180553]), 'n_active': 1, 'beta1_train': -1903.9056926308858, 'beta0_train': -1949.5871779235777, 'beta1_val': 1019.328107398688, 'beta0_val': -446.20027436821806, 'selected_score': -1949.5871779235777, 'evaluations': 50, 'seconds': 0.054205199994612485, 'method': 'differential_evolution_v2', 'accepted_search': True, 'solver_message': 'Maximum number of iterations has been exceeded.'}, {'theta': array([-6.41465243e+03,  7.40408153e-01]), 'n_active': 2, 'beta1_train': 1273.818690752258, 'beta0_train': -1057.112039358735, 'beta1_val': 10652.657953754566, 'beta0_val': 9940.095186812438, 'selected_score': -1057.112039358735, 'evaluations': 65, 'seconds': 0.04353169999376405, 'method': 'differential_evolution_v2', 'accepted_search': True, 'solver_message': 'Optimization terminated successfully.'}, {'theta': array([ 3.66521109e+02, -9.83769226e-01, -9.12580225e+03, -8.07762970e-01]), 'n_active': 4, 'beta1_train': 1069.2408174302193, 'beta0_train': 1197.0211211164547, 'beta1_val': 13388.70943559745, 'beta0_val': 15443.64890582097, 'selected_score': 1010.3147517496116, 'evaluations': 185, 'seconds': 0.12754609998955857, 'method': 'differential_evolution_v2', 'accepted_search': True, 'solver_message': 'Maximum number of iterations has been exceeded.'}]",42,"[{'update_slot': 54, 'hour': 9, 'info': 'both', 'lp_status': 'optimal', 'lp_message': '', 'fallback': False}]",1200.0,1254.182055,0.2252829999779351,0.36789959999441635
"[{'theta': array([-3248.20459831]), 'n_active': 1, 'beta1_train': -1021.83456392426, 'beta0_train': -1026.7522860756517, 'beta1_val': 1512.1437613316796, 'beta0_val': 1217.4207538647622, 'selected_score': -1026.7522860756517, 'evaluations': 20, 'seconds': 0.02688049999414943, 'method': 'differential_evolution_v2', 'accepted_search': True, 'solver_message': 'Optimization terminated successfully.'}, {'theta': array([-4.79880687e+03,  1.84766331e+00]), 'n_active': 2, 'beta1_train': -1760.4790774292132, 'beta0_train': -2380.626566595987, 'beta1_val': -1631.9848639533202, 'beta0_val': -2394.0, 'selected_score': -2380.626566595987, 'evaluations': 25, 'seconds': 0.024007400003029034, 'method': 'differential_evolution_v2', 'accepted_search': True, 'solver_message': 'Optimization terminated successfully.'}, {'theta': array([0., 0., 0., 0.]), 'n_active': 4, 'beta1_train': 515.6596585528324, 'beta0_train': 691.4419834946578, 'beta1_val': 8828.330872085637, 'beta0_val': 11941.871379158256, 'selected_score': 515.6596585528324, 'evaluations': 185, 'seconds': 0.13632350000261795, 'method': 'differential_evolution_v2', 'accepted_search': True, 'solver_message': 'Maximum number of iterations has been exceeded.'}]",42,"[{'update_slot': 54, 'hour': 9, 'info': 'both', 'lp_status': 'optimal', 'lp_message': '', 'fallback': False}]",1254.182055,1200.0000033639676,0.1872113999997964,0.3307938999932958
"[{'theta': array([0.]), 'n_active': 1, 'beta1_train': -2029.3933549851972, 'beta0_train': -2033.9023474026692, 'beta1_val': 258.66328119892637, 'beta0_val': 312.91531371491874, 'selected_score': -2029.3933549851972, 'evaluations': 50, 'seconds': 0.05417709999892395, 'method': 'differential_evolution_v2', 'accepted_search': False, 'solver_message': 'Maximum number of iterations has been exceeded.'}, {'theta': array([-1.60454908e+03, -1.35452183e+00]), 'n_active': 2, 'beta1_train': -3471.421515390145, 'beta0_train': -4206.6730497720755, 'beta1_val': -1733.4699953778336, 'beta0_val': -3588.3551284717696, 'selected_score': -4206.6730497720755, 'evaluations': 95, 'seconds': 0.05949030000192579, 'method': 'differential_evolution_v2', 'accepted_search': True, 'solver_message': 'Maximum number of iterations has been exceeded.'}, {'theta': array([0., 0., 0., 0.]), 'n_active': 4, 'beta1_train': -964.8069839274028, 'beta0_train': -1109.6088832935454, 'beta1_val': 6434.846885534331, 'beta0_val': 7293.643378329562, 'selected_score': -964.8069839274028, 'evaluations': 185, 'seconds': 0.12688830000115559, 'method': 'differential_evolution_v2', 'accepted_search': False, 'solver_message': 'Maximum number of iterations has been exceeded.'}]",42,"[{'update_slot': 54, 'hour': 9, 'info': 'both', 'lp_status': 'optimal', 'lp_message': '', 'fallback': False}]",1200.0000033639676,2108.6610561187917,0.24055570000200532,0.37946809999994
"[{'theta': array([-4387.83260806]), 'n_active': 1, 'beta1_train': -3844.181459557809, 'beta0_train': -3924.393806787119, 'beta1_val': -2995.1986162938138, 'beta0_val': -3602.2824067178376, 'selected_score': -3924.393806787119, 'evaluations': 20, 'seconds': 0.026088200000231154, 'method': 'differential_evolution_v2', 'accepted_search': True, 'solver_message': 'Optimization terminated successfully.'}, {'theta': array([-5.24012463e+03, -6.01353986e-01]), 'n_active': 2, 'beta1_train': -274.2038849966145, 'beta0_train': -2892.351385653992, 'beta1_val': 4240.442086225183, 'beta0_val': -2082.397119251856, 'selected_score': -2892.351385653992, 'evaluations': 95, 'seconds': 0.055194200002006255, 'method': 'differential_evolution_v2', 'accepted_search': True, 'solver_message': 'Maximum number of iterations has been exceeded.'}, {'theta': array([0., 0., 0., 0.]), 'n_active': 4, 'beta1_train': -540.0474949022235, 'beta0_train': -597.3600385727618, 'beta1_val': 6901.608035453919, 'beta0_val': 9365.97277852488, 'selected_score': -540.0474949022235, 'evaluations': 185, 'seconds': 0.12678580000647344, 'method': 'differential_evolution_v2', 'accepted_search': False, 'solver_message': 'Maximum number of iterations has been exceeded.'}]",42,"[{'update_slot': 54, 'hour': 9, 'info': 'both', 'lp_status': 'optimal', 'lp_message': '', 'fallback': False}]",2108.6610561187917,1200.0,0.20806820000871085,0.34942709999450017
"[{'theta': array([-6868.60324902]), 'n_active': 1, 'beta1_train': -4574.478195252762, 'beta0_train': -4620.300695296647, 'beta1_val': -4634.819965666927, 'beta0_val': -4634.819965666927, 'selected_score': -4620.300695296647, 'evaluations': 20, 'seconds': 0.02748950000386685, 'method': 'differential_evolution_v2', 'accepted_search': True, 'solver_message': 'Optimization terminated successfully.'}, {'theta': array([-2.52554933e+03,  1.94748786e+00]), 'n_active': 2, 'beta1_train': -1749.5347754433897, 'beta0_train': -4513.423540307544, 'beta1_val': 608.5102670490323, 'beta0_val': -4119.232552244654, 'selected_score': -4513.423540307544, 'evaluations': 45, 'seconds': 0.03353830000560265, 'method': 'differential_evolution_v2', 'accepted_search': True, 'solver_message': 'Optimization terminated successfully.'}, {'theta': array([-173.65232573,   -1.32440057,  -77.42839186,   -1.80670199]), 'n_active': 4, 'beta1_train': -1271.9915753549128, 'beta0_train': -1387.047587634054, 'beta1_val': 2198.7848667202707, 'beta0_val': 1724.2501908625122, 'selected_score': -1436.3776893157826, 'evaluations': 185, 'seconds': 0.12963009999657515, 'method': 'differential_evolution_v2', 'accepted_search': True, 'solver_message': 'Maximum number of iterations has been exceeded.'}]",42,"[{'update_slot': 54, 'hour': 9, 'info': 'both', 'lp_status': 'optimal', 'lp_message': '', 'fallback': False}]",1200.0,2404.447321481482,0.19065790000604466,0.32763949999934994
"[{'theta': array([-3995.10887837]), 'n_active': 1, 'beta1_train': -4863.072652991954, 'beta0_train': -4953.891099159175, 'beta1_val': -3429.529636361661, 'beta0_val': -4457.664245700961, 'selected_score': -4953.891099159175, 'evaluations': 25, 'seconds': 0.032768100005341694, 'method': 'differential_evolution_v2', 'accepted_search': True, 'solver_message': 'Optimization terminated successfully.'}, {'theta': array([-7.59583916e+03, -4.79910846e-01]), 'n_active': 2, 'beta1_train': -448.660466181676, 'beta0_train': -3146.907218485633, 'beta1_val': 8244.907533511556, 'beta0_val': 4482.796610771089, 'selected_score': -3146.907218485633, 'evaluations': 35, 'seconds': 0.029407800000626594, 'method': 'differential_evolution_v2', 'accepted_search': True, 'solver_message': 'Optimization terminated successfully.'}, {'theta': array([-1.68225025e+02,  7.57325323e-01, -2.64117067e+03, -1.85370953e+00]), 'n_active': 4, 'beta1_train': -409.11852349586434, 'beta0_train': -634.2064942645295, 'beta1_val': 1773.0304002083512, 'beta0_val': 1623.7888399998628, 'selected_score': -723.6265876715169, 'evaluations': 185, 'seconds': 0.12813939999614377, 'method': 'differential_evolution_v2', 'accepted_search': True, 'solver_message': 'Maximum number of iterations has been exceeded.'}]",42,"[{'update_slot': 54, 'hour': 9, 'info': 'both', 'lp_status': 'optimal', 'lp_message': '', 'fallback': False}]",2404.447321481482,4472.2990687241145,0.19031530000211205,0.32713559998956043
"[{'theta': array([-3070.90377627]), 'n_active': 1, 'beta1_train': -4421.423766386355, 'beta0_train': -4475.626249168426, 'beta1_val': -4484.4, 'beta0_val': -4484.4, 'selected_score': -4475.626249168426, 'evaluations': 20, 'seconds': 0.027181199999176897, 'method': 'differential_evolution_v2', 'accepted_search': True, 'solver_message': 'Optimization terminated successfully.'}, {'theta': array([-8.02825904e+03, -1.96508807e+00]), 'n_active': 2, 'beta1_train': -295.08483744240027, 'beta0_train': -3238.5944534797964, 'beta1_val': -747.1222402263379, 'beta0_val': -3458.978299192397, 'selected_score': -3238.5944534797964, 'evaluations': 35, 'seconds': 0.02726240000629332, 'method': 'differential_evolution_v2', 'accepted_search': True, 'solver_message': 'Optimization terminated successfully.'}, {'theta': array([-1.86779759e+02,  1.48119921e+00, -1.69035927e+03,  1.63873919e+00]), 'n_active': 4, 'beta1_train': -140.63019241720298, 'beta0_train': -292.0170339667105, 'beta1_val': -1876.4359344810687, 'beta0_val': -1876.4359344810687, 'selected_score': -412.1866244895185, 'evaluations': 185, 'seconds': 0.1309454000002006, 'method': 'differential_evolution_v2', 'accepted_search': True, 'solver_message': 'Maximum number of iterations has been exceeded.'}]",42,"[{'update_slot': 54, 'hour': 9, 'info': 'both', 'lp_status': 'optimal', 'lp_message': '', 'fallback': False}]",4472.2990687241145,4710.78361627107,0.18538900000567082,0.32229120000556577
"[{'theta': array([-2091.78551099]), 'n_active': 1, 'beta1_train': -1519.35095206504, 'beta0_train': -1600.2610984260923, 'beta1_val': -1604.4000000000003, 'beta0_val': -1604.4000000000003, 'selected_score': -1600.2610984260923, 'evaluations': 30, 'seconds': 0.03678899999067653, 'method': 'differential_evolution_v2', 'accepted_search': True, 'solver_message': 'Optimization terminated successfully.'}, {'theta': array([-3.46199211e+03, -9.49556639e-01]), 'n_active': 2, 'beta1_train': 1992.383905909276, 'beta0_train': -1151.0290670480558, 'beta1_val': 1532.4553009351778, 'beta0_val': -1377.9844887491058, 'selected_score': -1151.0290670480558, 'evaluations': 55, 'seconds': 0.039707499992800876, 'method': 'differential_evolution_v2', 'accepted_search': True, 'solver_message': 'Optimization terminated successfully.'}, {'theta': array([-4.78422548e+02,  2.21760446e-01, -2.27560254e+02, -1.41177181e+00]), 'n_active': 4, 'beta1_train': 955.9721556708458, 'beta0_train': 639.9775901186911, 'beta1_val': -694.5339158828192, 'beta0_val': -694.5339158828192, 'selected_score': 576.8501438343552, 'evaluations': 185, 'seconds': 0.1294149000023026, 'method': 'differential_evolution_v2', 'accepted_search': True, 'solver_message': 'Maximum number of iterations has been exceeded.'}]",42,"[{'update_slot': 54, 'hour': 9, 'info': 'both', 'lp_status': 'optimal', 'lp_message': '', 'fallback': False}]",4710.78361627107,4406.288586099062,0.20591139998578,0.3443485000025248
"[{'theta': array([-8141.17450372]), 'n_active': 1, 'beta1_train': -1148.9476157281172, 'beta0_train': -1165.0414866678225, 'beta1_val': -1456.871857787507, 'beta0_val': -1456.871857787507, 'selected_score': -1165.0414866678225, 'evaluations': 15, 'seconds': 0.023919400002341717, 'method': 'differential_evolution_v2', 'accepted_search': True, 'solver_message': 'Optimization terminated successfully.'}, {'theta': array([-2.61404433e+03, -1.37772756e+00]), 'n_active': 2, 'beta1_train': -847.3292571420848, 'beta0_train': -2008.4552037795315, 'beta1_val': -788.5923121658225, 'beta0_val': -2016.0, 'selected_score': -2008.4552037795315, 'evaluations': 95, 'seconds': 0.06048440000449773, 'method': 'differential_evolution_v2', 'accepted_search': True, 'solver_message': 'Maximum number of iterations has been exceeded.'}, {'theta': array([-5.27978001e+03, -1.68607433e+00, -4.48541528e+03, -1.86156878e+00]), 'n_active': 4, 'beta1_train': 202.10347642866353, 'beta0_train': -54.97643264698009, 'beta1_val': -785.5975108540198, 'beta0_val': -785.5975108540198, 'selected_score': -54.97643264698009, 'evaluations': 105, 'seconds': 0.08839790000638459, 'method': 'differential_evolution_v2', 'accepted_search': True, 'solver_message': 'Optimization terminated successfully.'}]",42,"[{'update_slot': 54, 'hour': 9, 'info': 'both', 'lp_status': 'optimal', 'lp_message': '', 'fallback': False}]",4406.288586099062,4486.761741823783,0.17280170001322404,0.31807050001225434
"[{'theta': array([-6.5034084]), 'n_active': 1, 'beta1_train': -2668.5986827028046, 'beta0_train': -2667.7416028545003, 'beta1_val': -3099.0786025066855, 'beta0_val': -3099.0786025066855, 'selected_score': -2669.9544016264836, 'evaluations': 50, 'seconds': 0.0564969000115525, 'method': 'differential_evolution_v2', 'accepted_search': True, 'solver_message': 'Maximum number of iterations has been exceeded.'}, {'theta': array([-7.64813790e+03,  1.22409913e-01]), 'n_active': 2, 'beta1_train': -4091.1772965595, 'beta0_train': -5153.653241274643, 'beta1_val': -4514.0961848895095, 'beta0_val': -5178.0, 'selected_score': -5153.653241274643, 'evaluations': 95, 'seconds': 0.06374629998754244, 'method': 'differential_evolution_v2', 'accepted_search': True, 'solver_message': 'Maximum number of iterations has been exceeded.'}, {'theta': array([-7.89755955e+01, -5.35910569e-01, -6.08024205e+03, -1.74684446e+00]), 'n_active': 4, 'beta1_train': -958.0433222846002, 'beta0_train': -275.7125786462127, 'beta1_val': -2859.31843337054, 'beta0_val': -2859.31843337054, 'selected_score': -1026.9055449500954, 'evaluations': 185, 'seconds': 0.1269002999906661, 'method': 'differential_evolution_v2', 'accepted_search': True, 'solver_message': 'Maximum number of iterations has been exceeded.'}]",42,"[{'update_slot': 54, 'hour': 9, 'info': 'both', 'lp_status': 'optimal', 'lp_message': '', 'fallback': False}]",4486.761741823783,5672.8358363363495,0.24714349998976104,0.3954836999910185
"[{'theta': array([-4460.57826343]), 'n_active': 1, 'beta1_train': -4363.182870429143, 'beta0_train': -4644.182353477644, 'beta1_val': -4779.599999999999, 'beta0_val': -4779.599999999999, 'selected_score': -4644.182353477644, 'evaluations': 20, 'seconds': 0.027277600005618297, 'method': 'differential_evolution_v2', 'accepted_search': True, 'solver_message': 'Optimization terminated successfully.'}, {'theta': array([-1.64204493e+03, -1.58702208e+00]), 'n_active': 2, 'beta1_train': -160.0507394089208, 'beta0_train': -3094.0962761177584, 'beta1_val': -1038.3488524685763, 'beta0_val': -3510.359542578526, 'selected_score': -3095.0097669510924, 'evaluations': 95, 'seconds': 0.059650000010151416, 'method': 'differential_evolution_v2', 'accepted_search': True, 'solver_message': 'Maximum number of iterations has been exceeded.'}, {'theta': array([-5.65318663e+02, -2.66575462e-02, -1.92625406e+02,  9.29699722e-01]), 'n_active': 4, 'beta1_train': 534.5987326755101, 'beta0_train': 13.083341048418333, 'beta1_val': -1762.3072009507944, 'beta0_val': -1762.3072009507944, 'selected_score': -34.68101843128532, 'evaluations': 185, 'seconds': 0.12902589999430347, 'method': 'differential_evolution_v2', 'accepted_search': True, 'solver_message': 'Maximum number of iterations has been exceeded.'}]",42,"[{'update_slot': 54, 'hour': 9, 'info': 'both', 'lp_status': 'optimal', 'lp_message': '', 'fallback': False}]",5672.8358363363495,4188.647961889217,0.21595350001007318,0.4118900999892503
"[{'theta': array([-5049.49337957]), 'n_active': 1, 'beta1_train': -4443.722612445713, 'beta0_train': -4677.475163837568, 'beta1_val': -4722.0, 'beta0_val': -4722.0, 'selected_score': -4677.475163837568, 'evaluations': 15, 'seconds': 0.023602399989613332, 'method': 'differential_evolution_v2', 'accepted_search': True, 'solver_message': 'Optimization terminated successfully.'}, {'theta': array([-5.98253305e+03,  6.44864816e-01]), 'n_active': 2, 'beta1_train': -544.2157255990646, 'beta0_train': -3473.3327086729573, 'beta1_val': -1963.8518146613296, 'beta0_val': -4039.184133318495, 'selected_score': -3473.3327086729573, 'evaluations': 35, 'seconds': 0.028531000003567897, 'method': 'differential_evolution_v2', 'accepted_search': True, 'solver_message': 'Optimization terminated successfully.'}, {'theta': array([0.        , 0.28201923, 0.        , 0.        ]), 'n_active': 4, 'beta1_train': 1686.5463939483889, 'beta0_train': 2653.390834448061, 'beta1_val': -1859.1723855343962, 'beta0_val': -1859.1723855343962, 'selected_score': 1684.4152861619784, 'evaluations': 185, 'seconds': 0.13166549999732524, 'method': 'differential_evolution_v2', 'accepted_search': True, 'solver_message': 'Maximum number of iterations has been exceeded.'}]",42,"[{'update_slot': 54, 'hour': 9, 'info': 'both', 'lp_status': 'optimal', 'lp_message': '', 'fallback': False}]",4188.647961889217,4240.28322738913,0.18379889999050647,0.323135500002536
"[{'theta': array([-6515.67348018]), 'n_active': 1, 'beta1_train': -4489.92531758545, 'beta0_train': -4706.338713260082, 'beta1_val': -4771.2, 'beta0_val': -4771.2, 'selected_score': -4706.338713260082, 'evaluations': 20, 'seconds': 0.027764400001615286, 'method': 'differential_evolution_v2', 'accepted_search': True, 'solver_message': 'Optimization terminated successfully.'}, {'theta': array([-3.66162363e+03, -1.24635282e-01]), 'n_active': 2, 'beta1_train': -244.9838903589945, 'beta0_train': -3614.263742269218, 'beta1_val': -1051.4738356034313, 'beta0_val': -3666.082352351325, 'selected_score': -3614.263742269218, 'evaluations': 55, 'seconds': 0.038734400004614145, 'method': 'differential_evolution_v2', 'accepted_search': True, 'solver_message': 'Optimization terminated successfully.'}, {'theta': array([-1.44425320e+02, -1.38082032e+00, -5.15428735e+03,  3.52154624e-01]), 'n_active': 4, 'beta1_train': 1312.5267308279324, 'beta0_train': 1453.3923091269967, 'beta1_val': -1700.9909902325921, 'beta0_val': -1700.9909902325921, 'selected_score': 1257.1587914161173, 'evaluations': 185, 'seconds': 0.12801140001101885, 'method': 'differential_evolution_v2', 'accepted_search': True, 'solver_message': 'Maximum number of iterations has been exceeded.'}]",42,"[{'update_slot': 54, 'hour': 9, 'info': 'both', 'lp_status': 'optimal', 'lp_message': '', 'fallback': False}]",4240.28322738913,4322.570413148148,0.19451020001724828,0.32910300001094583
"[{'theta': array([-4195.82566588]), 'n_active': 1, 'beta1_train': -4537.4086242770445, 'beta0_train': -4794.091591046061, 'beta1_val': -4886.4, 'beta0_val': -4886.4, 'selected_score': -4794.091591046061, 'evaluations': 20, 'seconds': 0.026043999998364598, 'method': 'differential_evolution_v2', 'accepted_search': True, 'solver_message': 'Optimization terminated successfully.'}, {'theta': array([-4.95838179e+03, -1.02688602e+00]), 'n_active': 2, 'beta1_train': -565.2610985991515, 'beta0_train': -3748.2810830772946, 'beta1_val': -866.7700752367718, 'beta0_val': -3705.0917334638384, 'selected_score': -3748.2810830772946, 'evaluations': 95, 'seconds': 0.060745099995983765, 'method': 'differential_evolution_v2', 'accepted_search': True, 'solver_message': 'Maximum number of iterations has been exceeded.'}, {'theta': array([-3.38853799e+02, -9.38753899e-01, -2.18744174e+03, -1.56446669e-02]), 'n_active': 4, 'beta1_train': 2062.363273258901, 'beta0_train': 2157.9879420819298, 'beta1_val': -1793.1464592145903, 'beta0_val': -1793.1464592145903, 'selected_score': 1923.2193494400854, 'evaluations': 185, 'seconds': 0.12788330001058057, 'method': 'differential_evolution_v2', 'accepted_search': True, 'solver_message': 'Maximum number of iterations has been exceeded.'}]",42,"[{'update_slot': 54, 'hour': 9, 'info': 'both', 'lp_status': 'optimal', 'lp_message': '', 'fallback': False}]",4322.570413148148,3606.0152549289223,0.21467240000492893,0.34634730000107083
"[{'theta': array([-5499.71168249]), 'n_active': 1, 'beta1_train': -3042.949211764142, 'beta0_train': -3376.21834471057, 'beta1_val': -3245.3012706, 'beta0_val': -3405.1246394650207, 'selected_score': -3376.21834471057, 'evaluations': 20, 'seconds': 0.028843599997344427, 'method': 'differential_evolution_v2', 'accepted_search': True, 'solver_message': 'Optimization terminated successfully.'}, {'theta': array([-1.79431936e+03, -1.77243072e+00]), 'n_active': 2, 'beta1_train': 534.696149477256, 'beta0_train': -2330.2155693818827, 'beta1_val': -40.91688834261731, 'beta0_val': -2645.7832334623945, 'selected_score': -2332.6929121359626, 'evaluations': 95, 'seconds': 0.05823610001243651, 'method': 'differential_evolution_v2', 'accepted_search': True, 'solver_message': 'Maximum number of iterations has been exceeded.'}, {'theta': array([0., 0., 0., 0.]), 'n_active': 4, 'beta1_train': 3225.954836254418, 'beta0_train': 4633.46062292744, 'beta1_val': -1294.1124492779531, 'beta0_val': -1294.1124492779531, 'selected_score': 3225.954836254418, 'evaluations': 185, 'seconds': 0.13222590000077616, 'method': 'differential_evolution_v2', 'accepted_search': True, 'solver_message': 'Maximum number of iterations has been exceeded.'}]",42,"[{'update_slot': 54, 'hour': 9, 'info': 'both', 'lp_status': 'optimal', 'lp_message': '', 'fallback': False}]",3606.0152549289223,4009.6968372801775,0.2193056000105571,0.35701539998990484
"[{'theta': array([-4080.47573889]), 'n_active': 1, 'beta1_train': -1152.7398567521802, 'beta0_train': -1489.1382589975854, 'beta1_val': -1646.8253455732238, 'beta0_val': -1646.8253455732238, 'selected_score': -1489.1382589975854, 'evaluations': 25, 'seconds': 0.03209160000551492, 'method': 'differential_evolution_v2', 'accepted_search': True, 'solver_message': 'Optimization terminated successfully.'}, {'theta': array([-4.76491178e+03, -1.13913000e+00]), 'n_active': 2, 'beta1_train': -1888.6383381120318, 'beta0_train': -3027.359963682503, 'beta1_val': -2164.6894935141454, 'beta0_val': -3067.2, 'selected_score': -3027.359963682503, 'evaluations': 35, 'seconds': 0.031508499989286065, 'method': 'differential_evolution_v2', 'accepted_search': True, 'solver_message': 'Optimization terminated successfully.'}, {'theta': array([ 2.27086775e+03, -8.13860902e-02, -4.74802571e+01,  3.53885734e-01]), 'n_active': 4, 'beta1_train': 1927.7082432841758, 'beta0_train': 2236.205473943147, 'beta1_val': -917.1686491213604, 'beta0_val': -917.1686491213604, 'selected_score': 1911.6214423485344, 'evaluations': 185, 'seconds': 0.12862949998816475, 'method': 'differential_evolution_v2', 'accepted_search': True, 'solver_message': 'Maximum number of iterations has been exceeded.'}]",42,"[{'update_slot': 54, 'hour': 9, 'info': 'both', 'lp_status': 'optimal', 'lp_message': '', 'fallback': False}]",4009.6968372801775,3380.911486037655,0.19222959998296574,0.3341163000004599
"[{'theta': array([-1472.7889337]), 'n_active': 1, 'beta1_train': -1280.6402970724982, 'beta0_train': -1376.512082981421, 'beta1_val': -2038.843142569425, 'beta0_val': -2038.843142569425, 'selected_score': -1376.512082981421, 'evaluations': 20, 'seconds': 0.02739780000410974, 'method': 'differential_evolution_v2', 'accepted_search': True, 'solver_message': 'Optimization terminated successfully.'}, {'theta': array([-1032.5271287 ,     1.12508153]), 'n_active': 2, 'beta1_train': -3057.096786798544, 'beta0_train': -4070.3999999999996, 'beta1_val': -3276.574920069226, 'beta0_val': -4070.4, 'selected_score': -4070.3999999999996, 'evaluations': 95, 'seconds': 0.06130660000781063, 'method': 'differential_evolution_v2', 'accepted_search': True, 'solver_message': 'Maximum number of iterations has been exceeded.'}, {'theta': array([-9600.,     0., -9600.,     0.]), 'n_active': 4, 'beta1_train': 1419.6748659937357, 'beta0_train': 1576.6187768114178, 'beta1_val': -1503.7961315907578, 'beta0_val': -1546.1756441323453, 'selected_score': 1576.6187768114178, 'evaluations': 185, 'seconds': 0.1322751999978209, 'method': 'differential_evolution_v2', 'accepted_search': False, 'solver_message': 'Maximum number of iterations has been exceeded.'}]",42,"[{'update_slot': 54, 'hour': 9, 'info': 'both', 'lp_status': 'optimal', 'lp_message': '', 'fallback': False}]",3380.911486037655,3948.7679637037045,0.22097960000974126,0.362394800002221
"[{'theta': array([-3228.79660535]), 'n_active': 1, 'beta1_train': -3476.35139304645, 'beta0_train': -4022.697270485008, 'beta1_val': -4226.4, 'beta0_val': -4226.4, 'selected_score': -4022.697270485008, 'evaluations': 50, 'seconds': 0.05403829998977017, 'method': 'differential_evolution_v2', 'accepted_search': True, 'solver_message': 'Maximum number of iterations has been exceeded.'}, {'theta': array([-1.61240843e+03, -1.35195338e+00]), 'n_active': 2, 'beta1_train': 819.4747927113693, 'beta0_train': -2413.155937834636, 'beta1_val': 82.7262591954186, 'beta0_val': -2438.6947332146415, 'selected_score': -2421.086630195092, 'evaluations': 95, 'seconds': 0.057928000009269454, 'method': 'differential_evolution_v2', 'accepted_search': True, 'solver_message': 'Maximum number of iterations has been exceeded.'}, {'theta': array([0.        , 1.03193719, 0.        , 0.11928719]), 'n_active': 4, 'beta1_train': 3319.729608870387, 'beta0_train': 4275.8435506255355, 'beta1_val': -1133.6839622275509, 'beta0_val': -1133.6839622275509, 'selected_score': 3315.8046166854983, 'evaluations': 185, 'seconds': 0.12966140000207815, 'method': 'differential_evolution_v2', 'accepted_search': True, 'solver_message': 'Maximum number of iterations has been exceeded.'}]",42,"[{'update_slot': 54, 'hour': 9, 'info': 'both', 'lp_status': 'optimal', 'lp_message': '', 'fallback': False}]",3948.7679637037045,3065.577444562483,0.24162770000111777,0.3810423999966588
"[{'theta': array([-2992.57469362]), 'n_active': 1, 'beta1_train': -3445.16662035867, 'beta0_train': -3615.9615324872375, 'beta1_val': -4102.799999999999, 'beta0_val': -4102.799999999999, 'selected_score': -3615.9615324872375, 'evaluations': 50, 'seconds': 0.05492239999875892, 'method': 'differential_evolution_v2', 'accepted_search': True, 'solver_message': 'Maximum number of iterations has been exceeded.'}, {'theta': array([-8.46531063e+03, -7.24496821e-01]), 'n_active': 2, 'beta1_train': 439.5065551888664, 'beta0_train': -2644.781621810098, 'beta1_val': -679.0392274558135, 'beta0_val': -3215.791172938733, 'selected_score': -2644.781621810098, 'evaluations': 95, 'seconds': 0.06342950000544079, 'method': 'differential_evolution_v2', 'accepted_search': True, 'solver_message': 'Maximum number of iterations has been exceeded.'}, {'theta': array([-179.51640286,    0.53972727, -164.62386198,    1.16457456]), 'n_active': 4, 'beta1_train': 3599.2911492973453, 'beta0_train': 4291.462661224891, 'beta1_val': -816.0636138390975, 'beta0_val': -1076.6270147776393, 'selected_score': 3476.042508105854, 'evaluations': 185, 'seconds': 0.13127949999761768, 'method': 'differential_evolution_v2', 'accepted_search': True, 'solver_message': 'Maximum number of iterations has been exceeded.'}]",42,"[{'update_slot': 54, 'hour': 9, 'info': 'both', 'lp_status': 'optimal', 'lp_message': '', 'fallback': False}]",3065.577444562483,3039.7132336423533,0.24963140000181738,0.3864356999984011
"[{'theta': array([-5496.18500116]), 'n_active': 1, 'beta1_train': -3692.6336467273672, 'beta0_train': -4310.665041553844, 'beta1_val': -4461.599999999999, 'beta0_val': -4461.599999999999, 'selected_score': -4310.665041553844, 'evaluations': 20, 'seconds': 0.02962769998703152, 'method': 'differential_evolution_v2', 'accepted_search': True, 'solver_message': 'Optimization terminated successfully.'}, {'theta': array([-2.59817641e+03,  1.73445685e+00]), 'n_active': 2, 'beta1_train': 420.5340188450119, 'beta0_train': -3259.4180198150725, 'beta1_val': -618.0021300229323, 'beta0_val': -3659.738124972081, 'selected_score': -3271.573350338544, 'evaluations': 95, 'seconds': 0.06035840000549797, 'method': 'differential_evolution_v2', 'accepted_search': True, 'solver_message': 'Maximum number of iterations has been exceeded.'}, {'theta': array([-147.25270532,    1.65495233, -160.58038703,   -0.82990065]), 'n_active': 4, 'beta1_train': 3728.4978335005007, 'beta0_train': 4320.55715971716, 'beta1_val': -1238.9923142699763, 'beta0_val': -1238.9923142699763, 'selected_score': 3507.0755963560355, 'evaluations': 185, 'seconds': 0.12728950000018813, 'method': 'differential_evolution_v2', 'accepted_search': True, 'solver_message': 'Maximum number of iterations has been exceeded.'}]",42,"[{'update_slot': 54, 'hour': 9, 'info': 'both', 'lp_status': 'optimal', 'lp_message': '', 'fallback': False}]",3039.7132336423533,2291.040132659775,0.21727559999271762,0.3618172999995295
"[{'theta': array([-2104.0199569]), 'n_active': 1, 'beta1_train': -3696.4111360565435, 'beta0_train': -4238.080180025536, 'beta1_val': -4435.2, 'beta0_val': -4435.2, 'selected_score': -4238.080180025536, 'evaluations': 20, 'seconds': 0.029492500005289912, 'method': 'differential_evolution_v2', 'accepted_search': True, 'solver_message': 'Optimization terminated successfully.'}, {'theta': array([-5.24400666e+03,  4.96578889e-01]), 'n_active': 2, 'beta1_train': 240.36201791887234, 'beta0_train': -3429.316760583672, 'beta1_val': -1065.4169522392267, 'beta0_val': -4048.7551392128134, 'selected_score': -3429.316760583672, 'evaluations': 95, 'seconds': 0.059993199989548884, 'method': 'differential_evolution_v2', 'accepted_search': True, 'solver_message': 'Maximum number of iterations has been exceeded.'}, {'theta': array([-414.21321826,    0.44471685, -297.56053648,    0.99104182]), 'n_active': 4, 'beta1_train': 3676.116299077652, 'beta0_train': 4092.42228091804, 'beta1_val': -473.3279701084516, 'beta0_val': -477.9740917594449, 'selected_score': 3549.900933277715, 'evaluations': 185, 'seconds': 0.1319033999898238, 'method': 'differential_evolution_v2', 'accepted_search': True, 'solver_message': 'Maximum number of iterations has been exceeded.'}]",42,"[{'update_slot': 54, 'hour': 9, 'info': 'both', 'lp_status': 'optimal', 'lp_message': '', 'fallback': False}]",2291.040132659775,2551.3454051851836,0.2213890999846626,0.3591413000103785
"[{'theta': array([-3397.82635087]), 'n_active': 1, 'beta1_train': -2917.831107592788, 'beta0_train': -3520.29480536379, 'beta1_val': -3637.1999999999994, 'beta0_val': -3637.1999999999994, 'selected_score': -3520.29480536379, 'evaluations': 50, 'seconds': 0.053760400012834, 'method': 'differential_evolution_v2', 'accepted_search': True, 'solver_message': 'Maximum number of iterations has been exceeded.'}, {'theta': array([-8.26828268e+03,  1.50364323e+00]), 'n_active': 2, 'beta1_train': 1001.6102161465753, 'beta0_train': -2723.9518890398685, 'beta1_val': 127.978413855486, 'beta0_val': -2351.5905841624303, 'selected_score': -2723.9518890398685, 'evaluations': 55, 'seconds': 0.03987860000052024, 'method': 'differential_evolution_v2', 'accepted_search': True, 'solver_message': 'Optimization terminated successfully.'}, {'theta': array([-203.08600895,   -1.85189213, -371.36378965,    1.50938   ]), 'n_active': 4, 'beta1_train': 3437.5552074614993, 'beta0_train': 3900.0490582523025, 'beta1_val': -606.8919435223346, 'beta0_val': -712.6519828928999, 'selected_score': 3255.0935091862557, 'evaluations': 185, 'seconds': 0.1292527999903541, 'method': 'differential_evolution_v2', 'accepted_search': True, 'solver_message': 'Maximum number of iterations has been exceeded.'}]",42,"[{'update_slot': 54, 'hour': 9, 'info': 'both', 'lp_status': 'optimal', 'lp_message': '', 'fallback': False}]",2551.3454051851836,3098.062913333334,0.22289180000370834,0.3656591000035405
"[{'theta': array([-7399.29675561]), 'n_active': 1, 'beta1_train': 104.36760295175178, 'beta0_train': -71.86081369413277, 'beta1_val': -716.5922149048172, 'beta0_val': -716.5922149048172, 'selected_score': -71.86081369413277, 'evaluations': 20, 'seconds': 0.027592200000071898, 'method': 'differential_evolution_v2', 'accepted_search': True, 'solver_message': 'Optimization terminated successfully.'}, {'theta': array([-7.09643041e+03,  9.51758608e-01]), 'n_active': 2, 'beta1_train': -694.1588579993451, 'beta0_train': -1888.8600973533876, 'beta1_val': -968.9515306830353, 'beta0_val': -1899.6, 'selected_score': -1888.8600973533876, 'evaluations': 95, 'seconds': 0.05938459999742918, 'method': 'differential_evolution_v2', 'accepted_search': True, 'solver_message': 'Maximum number of iterations has been exceeded.'}, {'theta': array([-9600.,     0., -9600.,     0.]), 'n_active': 4, 'beta1_train': 3065.6222174562345, 'beta0_train': 3667.697300791261, 'beta1_val': -261.3834559346245, 'beta0_val': -515.1573972290364, 'selected_score': 3667.697300791261, 'evaluations': 185, 'seconds': 0.1269971000001533, 'method': 'differential_evolution_v2', 'accepted_search': False, 'solver_message': 'Maximum number of iterations has been exceeded.'}]",42,"[{'update_slot': 54, 'hour': 9, 'info': 'both', 'lp_status': 'optimal', 'lp_message': '', 'fallback': False}]",3098.062913333334,2613.4077831838704,0.21397389999765437,0.3569671000004746
"[{'theta': array([-6668.6402335]), 'n_active': 1, 'beta1_train': -863.4408088257301, 'beta0_train': -940.6773485305141, 'beta1_val': -1815.3305646234808, 'beta0_val': -1815.3305646234808, 'selected_score': -940.6773485305141, 'evaluations': 15, 'seconds': 0.022708200005581602, 'method': 'differential_evolution_v2', 'accepted_search': True, 'solver_message': 'Optimization terminated successfully.'}, {'theta': array([-2.32256324e+03, -5.83344803e-02]), 'n_active': 2, 'beta1_train': -3038.7108769581355, 'beta0_train': -4165.354334237563, 'beta1_val': -3395.581736432743, 'beta0_val': -4196.4, 'selected_score': -4165.354334237563, 'evaluations': 55, 'seconds': 0.039409999997587875, 'method': 'differential_evolution_v2', 'accepted_search': True, 'solver_message': 'Optimization terminated successfully.'}, {'theta': array([-118.40845937,   -0.6319751 ,  -34.35295687,    0.55118852]), 'n_active': 4, 'beta1_train': 2561.704265346061, 'beta0_train': 3528.4868897064603, 'beta1_val': -1313.0993818458387, 'beta0_val': -1313.0993818458387, 'selected_score': 2529.4335527148423, 'evaluations': 185, 'seconds': 0.12681000000156928, 'method': 'differential_evolution_v2', 'accepted_search': True, 'solver_message': 'Maximum number of iterations has been exceeded.'}]",42,"[{'update_slot': 54, 'hour': 9, 'info': 'both', 'lp_status': 'optimal', 'lp_message': '', 'fallback': False}]",2613.4077831838704,3571.0352707690436,0.18892820000473876,0.33572249999269843
"[{'theta': array([-8027.06704694]), 'n_active': 1, 'beta1_train': -1945.2945471169173, 'beta0_train': -4344.196074522868, 'beta1_val': -2714.3051321516673, 'beta0_val': -4665.599999999999, 'selected_score': -4344.196074522868, 'evaluations': 25, 'seconds': 0.032869300004676916, 'method': 'differential_evolution_v2', 'accepted_search': True, 'solver_message': 'Optimization terminated successfully.'}, {'theta': array([-4.67732488e+03, -1.68114194e+00]), 'n_active': 2, 'beta1_train': 170.47072321735163, 'beta0_train': -2979.078318755896, 'beta1_val': -483.00261917852913, 'beta0_val': -3596.5599247203945, 'selected_score': -2979.078318755896, 'evaluations': 25, 'seconds': 0.02438580000307411, 'method': 'differential_evolution_v2', 'accepted_search': True, 'solver_message': 'Optimization terminated successfully.'}, {'theta': array([-116.22168283,    0.37778328,  -23.65506081,   -1.1092964 ]), 'n_active': 4, 'beta1_train': 4951.521640190196, 'beta0_train': 6748.101469706675, 'beta1_val': -1185.338595279999, 'beta0_val': -1185.338595279999, 'selected_score': 4931.463583194318, 'evaluations': 185, 'seconds': 0.1264999999984866, 'method': 'differential_evolution_v2', 'accepted_search': True, 'solver_message': 'Maximum number of iterations has been exceeded.'}]",42,"[{'update_slot': 54, 'hour': 9, 'info': 'both', 'lp_status': 'optimal', 'lp_message': '', 'fallback': False}]",3571.0352707690436,2752.1926913378434,0.18375510000623763,0.32554679999884684
"[{'theta': array([-9293.28396704]), 'n_active': 1, 'beta1_train': -3856.756491984648, 'beta0_train': -4552.405444223492, 'beta1_val': -4743.599999999999, 'beta0_val': -4743.599999999999, 'selected_score': -4552.405444223492, 'evaluations': 20, 'seconds': 0.027081799998995848, 'method': 'differential_evolution_v2', 'accepted_search': True, 'solver_message': 'Optimization terminated successfully.'}, {'theta': array([-4.77962147e+03, -1.81220744e+00]), 'n_active': 2, 'beta1_train': -172.6178084580308, 'beta0_train': -3179.428001906856, 'beta1_val': -855.7108994452819, 'beta0_val': -3612.227158158602, 'selected_score': -3179.428001906856, 'evaluations': 95, 'seconds': 0.05920569998852443, 'method': 'differential_evolution_v2', 'accepted_search': True, 'solver_message': 'Maximum number of iterations has been exceeded.'}, {'theta': array([0., 0., 0., 0.]), 'n_active': 4, 'beta1_train': 4610.983953987939, 'beta0_train': 5947.844224931796, 'beta1_val': -1173.8644632405424, 'beta0_val': -1173.8644632405424, 'selected_score': 4610.983953987939, 'evaluations': 185, 'seconds': 0.13376959999732208, 'method': 'differential_evolution_v2', 'accepted_search': True, 'solver_message': 'Maximum number of iterations has been exceeded.'}]",42,"[{'update_slot': 54, 'hour': 9, 'info': 'both', 'lp_status': 'optimal', 'lp_message': '', 'fallback': False}]",2752.1926913378434,2237.276362712102,0.22005709998484235,0.3592763000051491
"[{'theta': array([-7677.05167725]), 'n_active': 1, 'beta1_train': -4332.469199166938, 'beta0_train': -4624.664697740618, 'beta1_val': -5157.6, 'beta0_val': -5157.6, 'selected_score': -4624.664697740618, 'evaluations': 20, 'seconds': 0.02703849998943042, 'method': 'differential_evolution_v2', 'accepted_search': True, 'solver_message': 'Optimization terminated successfully.'}, {'theta': array([-9.98035772e+02,  1.96374719e-01]), 'n_active': 2, 'beta1_train': 697.7633773227017, 'beta0_train': -1871.641977975827, 'beta1_val': 411.4510663543024, 'beta0_val': -2889.6864705132743, 'selected_score': -2061.101250733827, 'evaluations': 95, 'seconds': 0.05797539999184664, 'method': 'differential_evolution_v2', 'accepted_search': True, 'solver_message': 'Maximum number of iterations has been exceeded.'}, {'theta': array([0., 0., 0., 0.]), 'n_active': 4, 'beta1_train': 4215.854034530017, 'beta0_train': 5412.070427532571, 'beta1_val': -1076.6477014782292, 'beta0_val': -1076.6477014782292, 'selected_score': 4215.854034530017, 'evaluations': 185, 'seconds': 0.13151570000627544, 'method': 'differential_evolution_v2', 'accepted_search': True, 'solver_message': 'Maximum number of iterations has been exceeded.'}]",42,"[{'update_slot': 54, 'hour': 9, 'info': 'both', 'lp_status': 'optimal', 'lp_message': '', 'fallback': False}]",2237.276362712102,2542.585246643929,0.2165295999875525,0.361060000010184
"[{'theta': array([-8284.40722713]), 'n_active': 1, 'beta1_train': -4085.444941282009, 'beta0_train': -4774.956543011889, 'beta1_val': -4965.6, 'beta0_val': -4965.6, 'selected_score': -4774.956543011889, 'evaluations': 15, 'seconds': 0.02395740000065416, 'method': 'differential_evolution_v2', 'accepted_search': True, 'solver_message': 'Optimization terminated successfully.'}, {'theta': array([-9.10061537e+03,  2.35492714e-01]), 'n_active': 2, 'beta1_train': 1025.7617093782535, 'beta0_train': -2168.886248317519, 'beta1_val': -1345.9483453547527, 'beta0_val': -3665.2198729266306, 'selected_score': -2168.886248317519, 'evaluations': 35, 'seconds': 0.029151000009733252, 'method': 'differential_evolution_v2', 'accepted_search': True, 'solver_message': 'Optimization terminated successfully.'}, {'theta': array([ -45.7679341 ,    1.36491381, -303.45272067,    1.01864629]), 'n_active': 4, 'beta1_train': 4993.371359378974, 'beta0_train': 6474.725145760424, 'beta1_val': -1015.4250583523099, 'beta0_val': -1066.0843490722077, 'selected_score': 4957.398171827575, 'evaluations': 185, 'seconds': 0.1276782000059029, 'method': 'differential_evolution_v2', 'accepted_search': True, 'solver_message': 'Maximum number of iterations has been exceeded.'}]",42,"[{'update_slot': 54, 'hour': 9, 'info': 'both', 'lp_status': 'optimal', 'lp_message': '', 'fallback': False}]",2542.585246643929,2785.8516738563458,0.18078660001629032,0.3225033000053372
"[{'theta': array([-3090.87654418]), 'n_active': 1, 'beta1_train': -1400.3153682594639, 'beta0_train': -2211.7155979081053, 'beta1_val': -2304.0, 'beta0_val': -2304.0, 'selected_score': -2211.7155979081053, 'evaluations': 25, 'seconds': 0.031795999995665625, 'method': 'differential_evolution_v2', 'accepted_search': True, 'solver_message': 'Optimization terminated successfully.'}, {'theta': array([-6.69671826e+03,  1.76233717e+00]), 'n_active': 2, 'beta1_train': 2198.4227772306226, 'beta0_train': -1362.8748337521731, 'beta1_val': 724.2450413078514, 'beta0_val': -1937.3568867494942, 'selected_score': -1362.8748337521731, 'evaluations': 95, 'seconds': 0.06003580000833608, 'method': 'differential_evolution_v2', 'accepted_search': True, 'solver_message': 'Maximum number of iterations has been exceeded.'}, {'theta': array([0., 0., 0., 0.]), 'n_active': 4, 'beta1_train': 5804.529811109699, 'beta0_train': 7446.733349998797, 'beta1_val': -578.377164128395, 'beta0_val': -578.377164128395, 'selected_score': 5804.529811109699, 'evaluations': 185, 'seconds': 0.12679489998845384, 'method': 'differential_evolution_v2', 'accepted_search': True, 'solver_message': 'Maximum number of iterations has been exceeded.'}]",42,"[{'update_slot': 54, 'hour': 9, 'info': 'both', 'lp_status': 'optimal', 'lp_message': '', 'fallback': False}]",2785.8516738563458,2161.7040386785216,0.21862669999245554,0.3593764999968698
"[{'theta': array([-6471.54221366]), 'n_active': 1, 'beta1_train': -153.6509371747414, 'beta0_train': -156.38681577808916, 'beta1_val': -1289.2698267228961, 'beta0_val': -1289.2698267228961, 'selected_score': -156.38681577808916, 'evaluations': 20, 'seconds': 0.02777500000956934, 'method': 'differential_evolution_v2', 'accepted_search': True, 'solver_message': 'Optimization terminated successfully.'}, {'theta': array([-7.71188726e+03,  1.18656888e+00]), 'n_active': 2, 'beta1_train': -2342.610708012873, 'beta0_train': -3333.6000000000004, 'beta1_val': -2595.0412562734627, 'beta0_val': -3333.6, 'selected_score': -3333.6000000000004, 'evaluations': 95, 'seconds': 0.05974539999442641, 'method': 'differential_evolution_v2', 'accepted_search': True, 'solver_message': 'Maximum number of iterations has been exceeded.'}, {'theta': array([ 3.18064072e+03, -1.03368681e-01, -1.90652069e+02,  1.04092146e+00]), 'n_active': 4, 'beta1_train': 2995.080201061253, 'beta0_train': 3616.3607204243735, 'beta1_val': -257.3603788975185, 'beta0_val': -643.1394832712325, 'selected_score': 2920.3498113849437, 'evaluations': 185, 'seconds': 0.12625939999998081, 'method': 'differential_evolution_v2', 'accepted_search': True, 'solver_message': 'Maximum number of iterations has been exceeded.'}]",42,"[{'update_slot': 54, 'hour': 9, 'info': 'both', 'lp_status': 'optimal', 'lp_message': '', 'fallback': False}]",2161.7040386785216,2468.256719173491,0.21377980000397656,0.35243009999976493
"[{'theta': array([-687.03645253]), 'n_active': 1, 'beta1_train': -624.400166159481, 'beta0_train': -698.0047417525374, 'beta1_val': -1489.4832509441674, 'beta0_val': -1489.4832509441674, 'selected_score': -702.7297012087934, 'evaluations': 50, 'seconds': 0.05415450000145938, 'method': 'differential_evolution_v2', 'accepted_search': True, 'solver_message': 'Maximum number of iterations has been exceeded.'}, {'theta': array([-3.53160913e+03,  5.42884963e-01]), 'n_active': 2, 'beta1_train': -3388.2422730877856, 'beta0_train': -4507.200000000001, 'beta1_val': -3592.3834741280684, 'beta0_val': -4507.2, 'selected_score': -4507.200000000001, 'evaluations': 95, 'seconds': 0.05974419999984093, 'method': 'differential_evolution_v2', 'accepted_search': True, 'solver_message': 'Maximum number of iterations has been exceeded.'}, {'theta': array([-9600.,     0., -9600.,     0.]), 'n_active': 4, 'beta1_train': 2562.649054182332, 'beta0_train': 3340.876283440305, 'beta1_val': -1181.3420614237994, 'beta0_val': -1321.8881919152382, 'selected_score': 3340.876283440305, 'evaluations': 185, 'seconds': 0.13090299999748822, 'method': 'differential_evolution_v2', 'accepted_search': False, 'solver_message': 'Maximum number of iterations has been exceeded.'}]",42,"[{'update_slot': 54, 'hour': 9, 'info': 'both', 'lp_status': 'optimal', 'lp_message': '', 'fallback': False}]",2468.256719173491,3446.1817329059936,0.24480169999878854,0.3901352999964729
"[{'theta': array([-8990.38949482]), 'n_active': 1, 'beta1_train': -2078.4758742272857, 'beta0_train': -3140.1028145206938, 'beta1_val': -3556.074393043689, 'beta0_val': -3588.513439970232, 'selected_score': -3140.1028145206938, 'evaluations': 25, 'seconds': 0.032125099998665974, 'method': 'differential_evolution_v2', 'accepted_search': True, 'solver_message': 'Optimization terminated successfully.'}, {'theta': array([-6.74063878e+03,  1.95254040e-02]), 'n_active': 2, 'beta1_train': 80.9696326959836, 'beta0_train': -3307.7725009230894, 'beta1_val': -1142.5562063254324, 'beta0_val': -3585.5859072520784, 'selected_score': -3307.7725009230894, 'evaluations': 95, 'seconds': 0.05907400000432972, 'method': 'differential_evolution_v2', 'accepted_search': True, 'solver_message': 'Maximum number of iterations has been exceeded.'}, {'theta': array([-1.96722556e+02,  2.71888505e-01, -2.85594287e+02, -8.25103323e-03]), 'n_active': 4, 'beta1_train': 4538.179136867209, 'beta0_train': 5296.897364588573, 'beta1_val': -600.0652045899741, 'beta0_val': -969.2098713839282, 'selected_score': 4321.840385963563, 'evaluations': 185, 'seconds': 0.1311936000129208, 'method': 'differential_evolution_v2', 'accepted_search': True, 'solver_message': 'Maximum number of iterations has been exceeded.'}]",42,"[{'update_slot': 54, 'hour': 9, 'info': 'both', 'lp_status': 'optimal', 'lp_message': '', 'fallback': False}]",3446.1817329059936,1612.6109450247943,0.2223927000159165,0.3688996999990195
"[{'theta': array([-7811.58703986]), 'n_active': 1, 'beta1_train': -4103.111238005465, 'beta0_train': -4725.665253590276, 'beta1_val': -4996.756338566668, 'beta0_val': -4996.79229745679, 'selected_score': -4725.665253590276, 'evaluations': 15, 'seconds': 0.022819200006779283, 'method': 'differential_evolution_v2', 'accepted_search': True, 'solver_message': 'Optimization terminated successfully.'}, {'theta': array([-7.97745374e+03, -4.56354296e-01]), 'n_active': 2, 'beta1_train': -482.6525015585793, 'beta0_train': -3858.066494931677, 'beta1_val': -913.7682359019409, 'beta0_val': -3633.903891318491, 'selected_score': -3858.066494931677, 'evaluations': 45, 'seconds': 0.035626099997898564, 'method': 'differential_evolution_v2', 'accepted_search': True, 'solver_message': 'Optimization terminated successfully.'}, {'theta': array([-3.72647681e+02,  3.57698176e-01, -2.99603537e+02, -4.82903810e-01]), 'n_active': 4, 'beta1_train': 4051.9400433692285, 'beta0_train': 4721.7804354690925, 'beta1_val': 666.2873347247046, 'beta0_val': 546.8686234951851, 'selected_score': 3935.841586564227, 'evaluations': 185, 'seconds': 0.12700459999905434, 'method': 'differential_evolution_v2', 'accepted_search': True, 'solver_message': 'Maximum number of iterations has been exceeded.'}]",42,"[{'update_slot': 54, 'hour': 9, 'info': 'both', 'lp_status': 'optimal', 'lp_message': '', 'fallback': False}]",1612.6109450247943,2304.611809585175,0.18544990000373218,0.32811110001057386
"[{'theta': array([-5750.64241144]), 'n_active': 1, 'beta1_train': -3440.5875363979353, 'beta0_train': -4253.33599300243, 'beta1_val': -4412.438047541666, 'beta0_val': -4472.4, 'selected_score': -4253.33599300243, 'evaluations': 25, 'seconds': 0.03137470000365283, 'method': 'differential_evolution_v2', 'accepted_search': True, 'solver_message': 'Optimization terminated successfully.'}, {'theta': array([-8.91455579e+03, -8.15859608e-01]), 'n_active': 2, 'beta1_train': 525.7957721768861, 'beta0_train': -3035.7511108475883, 'beta1_val': -1253.202855229777, 'beta0_val': -3628.322086492093, 'selected_score': -3035.7511108475883, 'evaluations': 45, 'seconds': 0.03454799999599345, 'method': 'differential_evolution_v2', 'accepted_search': True, 'solver_message': 'Optimization terminated successfully.'}, {'theta': array([-4.71111105e+02,  1.64885436e-01, -5.35943884e+02,  9.10745760e-02]), 'n_active': 4, 'beta1_train': 4422.641526742979, 'beta0_train': 5141.254738701589, 'beta1_val': -421.69262712078796, 'beta0_val': -916.8928804491565, 'selected_score': 4369.89588618533, 'evaluations': 185, 'seconds': 0.12825470000097994, 'method': 'differential_evolution_v2', 'accepted_search': True, 'solver_message': 'Maximum number of iterations has been exceeded.'}]",42,"[{'update_slot': 54, 'hour': 9, 'info': 'both', 'lp_status': 'optimal', 'lp_message': '', 'fallback': False}]",2304.611809585175,2186.4647116886663,0.19417740000062622,0.33353240000724327
"[{'theta': array([-4215.0612798]), 'n_active': 1, 'beta1_train': -3513.9075106489627, 'beta0_train': -4326.688667756165, 'beta1_val': -4572.0, 'beta0_val': -4572.0, 'selected_score': -4326.688667756165, 'evaluations': 15, 'seconds': 0.022816700002294965, 'method': 'differential_evolution_v2', 'accepted_search': True, 'solver_message': 'Optimization terminated successfully.'}, {'theta': array([-2.75318780e+03, -1.55777062e+00]), 'n_active': 2, 'beta1_train': 57.070238472156866, 'beta0_train': -3371.245802139299, 'beta1_val': -1178.5266928429228, 'beta0_val': -3671.0626737495413, 'selected_score': -3371.245802139299, 'evaluations': 95, 'seconds': 0.060710400008247234, 'method': 'differential_evolution_v2', 'accepted_search': True, 'solver_message': 'Maximum number of iterations has been exceeded.'}, {'theta': array([-230.17371061,    0.35240142, -252.69426234,   -1.03361476]), 'n_active': 4, 'beta1_train': 4437.438075559427, 'beta0_train': 5112.5745575329065, 'beta1_val': -806.4107729376535, 'beta0_val': -806.4107729376535, 'selected_score': 4316.277941907958, 'evaluations': 185, 'seconds': 0.12623130000429228, 'method': 'differential_evolution_v2', 'accepted_search': True, 'solver_message': 'Maximum number of iterations has been exceeded.'}]",42,"[{'update_slot': 54, 'hour': 9, 'info': 'both', 'lp_status': 'optimal', 'lp_message': '', 'fallback': False}]",2186.4647116886663,1943.0715727777754,0.20975840001483448,0.3494971999898553
"[{'theta': array([-8549.69803451]), 'n_active': 1, 'beta1_train': -878.8096870193349, 'beta0_train': -1797.5857935648507, 'beta1_val': -1749.5917053999997, 'beta0_val': -1874.24733181893, 'selected_score': -1797.5857935648507, 'evaluations': 50, 'seconds': 0.05192140000872314, 'method': 'differential_evolution_v2', 'accepted_search': True, 'solver_message': 'Maximum number of iterations has been exceeded.'}, {'theta': array([-3.16069786e+03,  1.61432196e+00]), 'n_active': 2, 'beta1_train': 2124.3477242340546, 'beta0_train': -1547.1154932418226, 'beta1_val': 999.9808588304561, 'beta0_val': -1645.0282225203466, 'selected_score': -1547.1154932418226, 'evaluations': 55, 'seconds': 0.03801720000046771, 'method': 'differential_evolution_v2', 'accepted_search': True, 'solver_message': 'Optimization terminated successfully.'}, {'theta': array([-2.00423871e+02,  6.24078906e-01, -5.19242956e+02,  4.85823471e-01]), 'n_active': 4, 'beta1_train': 5453.402599073793, 'beta0_train': 6389.170559745939, 'beta1_val': -311.4044213476441, 'beta0_val': -366.7603587845266, 'selected_score': 5217.266136267896, 'evaluations': 185, 'seconds': 0.13049019999743905, 'method': 'differential_evolution_v2', 'accepted_search': True, 'solver_message': 'Maximum number of iterations has been exceeded.'}]",42,"[{'update_slot': 54, 'hour': 9, 'info': 'both', 'lp_status': 'optimal', 'lp_message': '', 'fallback': False}]",1943.0715727777754,2255.9953549999987,0.2204288000066299,0.3596994999970775
"[{'theta': array([-7839.83190517]), 'n_active': 1, 'beta1_train': 502.8652538504382, 'beta0_train': 284.1356410694912, 'beta1_val': -591.6301792435625, 'beta0_val': -591.6301792435625, 'selected_score': 284.1356410694912, 'evaluations': 25, 'seconds': 0.03279060000204481, 'method': 'differential_evolution_v2', 'accepted_search': True, 'solver_message': 'Optimization terminated successfully.'}, {'theta': array([-7.13245953e+03,  7.60999450e-01]), 'n_active': 2, 'beta1_train': -146.88048174470097, 'beta0_train': -1462.7999999999997, 'beta1_val': -219.77172013465747, 'beta0_val': -1462.7999999999997, 'selected_score': -1462.7999999999997, 'evaluations': 45, 'seconds': 0.03445079999801237, 'method': 'differential_evolution_v2', 'accepted_search': True, 'solver_message': 'Optimization terminated successfully.'}, {'theta': array([ 3.04503472e+03,  1.38073870e+00, -8.66631300e+01,  6.39280519e-01]), 'n_active': 4, 'beta1_train': 3729.090606608237, 'beta0_train': 4529.451669906472, 'beta1_val': -286.1812049631084, 'beta0_val': -286.1812049631084, 'selected_score': 3638.208077224908, 'evaluations': 185, 'seconds': 0.12914079999609385, 'method': 'differential_evolution_v2', 'accepted_search': True, 'solver_message': 'Maximum number of iterations has been exceeded.'}]",42,"[{'update_slot': 54, 'hour': 9, 'info': 'both', 'lp_status': 'optimal', 'lp_message': '', 'fallback': False}]",2255.9953549999987,2168.1906642026797,0.19638219999615103,0.3418326000100933
"[{'theta': array([-9022.8609523]), 'n_active': 1, 'beta1_train': -369.1339899423682, 'beta0_train': -506.1730105435463, 'beta1_val': -1800.387463625586, 'beta0_val': -1800.387463625586, 'selected_score': -506.1730105435463, 'evaluations': 20, 'seconds': 0.026391199993668124, 'method': 'differential_evolution_v2', 'accepted_search': True, 'solver_message': 'Optimization terminated successfully.'}, {'theta': array([-3.28788122e+03, -7.32323674e-01]), 'n_active': 2, 'beta1_train': -2835.5403584676064, 'beta0_train': -4089.6000000000004, 'beta1_val': -3169.5494084835354, 'beta0_val': -4089.6, 'selected_score': -4089.6000000000004, 'evaluations': 95, 'seconds': 0.059143499995116144, 'method': 'differential_evolution_v2', 'accepted_search': True, 'solver_message': 'Maximum number of iterations has been exceeded.'}, {'theta': array([ 4.70293432e+03, -1.18888985e+00, -5.80943774e+02, -5.22261916e-01]), 'n_active': 4, 'beta1_train': 3067.160532293674, 'beta0_train': 3608.418201381479, 'beta1_val': -1158.5904589979032, 'beta0_val': -1158.5904589979032, 'selected_score': 2838.3389223642157, 'evaluations': 185, 'seconds': 0.13067109999246895, 'method': 'differential_evolution_v2', 'accepted_search': True, 'solver_message': 'Maximum number of iterations has been exceeded.'}]",42,"[{'update_slot': 54, 'hour': 9, 'info': 'both', 'lp_status': 'optimal', 'lp_message': '', 'fallback': False}]",2168.1906642026797,2763.379036357269,0.21620579998125322,0.3642645999934757
"[{'theta': array([-7033.14197158]), 'n_active': 1, 'beta1_train': -1561.5959445750716, 'beta0_train': -2955.4691303030772, 'beta1_val': -3256.861547038422, 'beta0_val': -3291.316162443772, 'selected_score': -2955.4691303030772, 'evaluations': 25, 'seconds': 0.031967200004146434, 'method': 'differential_evolution_v2', 'accepted_search': True, 'solver_message': 'Optimization terminated successfully.'}, {'theta': array([-1.05763070e+03,  9.29909358e-01]), 'n_active': 2, 'beta1_train': 596.3123087370335, 'beta0_train': -2524.2778942604027, 'beta1_val': 401.96983609235167, 'beta0_val': -2696.1835815073478, 'selected_score': -2580.2567545453617, 'evaluations': 95, 'seconds': 0.060568699991563335, 'method': 'differential_evolution_v2', 'accepted_search': True, 'solver_message': 'Maximum number of iterations has been exceeded.'}, {'theta': array([-4.89222157e+02,  6.31935549e-02, -1.54333237e+01,  1.75165946e-01]), 'n_active': 4, 'beta1_train': 4806.280231898841, 'beta0_train': 5767.097811974044, 'beta1_val': -808.426174816513, 'beta0_val': -808.4261748165242, 'selected_score': 4762.103829563952, 'evaluations': 185, 'seconds': 0.12698400000226684, 'method': 'differential_evolution_v2', 'accepted_search': True, 'solver_message': 'Maximum number of iterations has been exceeded.'}]",42,"[{'update_slot': 54, 'hour': 9, 'info': 'both', 'lp_status': 'optimal', 'lp_message': '', 'fallback': False}]",2763.379036357269,2564.1980459300335,0.2195198999979766,0.37370570001075976
"[{'theta': array([-3340.33018378]), 'n_active': 1, 'beta1_train': -2754.656301568889, 'beta0_train': -3615.268007521123, 'beta1_val': -3907.456109835545, 'beta0_val': -3907.456109835545, 'selected_score': -3615.268007521123, 'evaluations': 50, 'seconds': 0.053115400005481206, 'method': 'differential_evolution_v2', 'accepted_search': True, 'solver_message': 'Maximum number of iterations has been exceeded.'}, {'theta': array([-7.15826567e+03,  5.34222443e-01]), 'n_active': 2, 'beta1_train': 835.8379780889214, 'beta0_train': -2631.8385078091565, 'beta1_val': -14.568456523747955, 'beta0_val': -2566.487015370041, 'selected_score': -2631.8385078091565, 'evaluations': 45, 'seconds': 0.03098090000275988, 'method': 'differential_evolution_v2', 'accepted_search': True, 'solver_message': 'Optimization terminated successfully.'}, {'theta': array([-285.72847356,   -0.56855918, -156.50230094,   -0.89706929]), 'n_active': 4, 'beta1_train': 5710.809053170168, 'beta0_train': 6819.153534599635, 'beta1_val': -659.8925159768023, 'beta0_val': -975.6274305684773, 'selected_score': 5222.246494835746, 'evaluations': 185, 'seconds': 0.12862060000770725, 'method': 'differential_evolution_v2', 'accepted_search': True, 'solver_message': 'Maximum number of iterations has been exceeded.'}]",42,"[{'update_slot': 54, 'hour': 9, 'info': 'both', 'lp_status': 'optimal', 'lp_message': '', 'fallback': False}]",2564.1980459300335,2167.072059259261,0.21271690001594834,0.3544675000011921
"[{'theta': array([-3564.07704717]), 'n_active': 1, 'beta1_train': -2768.1239021045894, 'beta0_train': -3827.8402068806777, 'beta1_val': -4102.7888357311, 'beta0_val': -4102.7888357311, 'selected_score': -3827.8402068806777, 'evaluations': 25, 'seconds': 0.03139179998834152, 'method': 'differential_evolution_v2', 'accepted_search': True, 'solver_message': 'Optimization terminated successfully.'}, {'theta': array([-4.77750767e+03, -1.21695931e+00]), 'n_active': 2, 'beta1_train': 423.56505867299074, 'beta0_train': -2952.7615302397217, 'beta1_val': -1544.1920404928342, 'beta0_val': -3629.762126853068, 'selected_score': -2952.7615302397217, 'evaluations': 45, 'seconds': 0.034689000007347204, 'method': 'differential_evolution_v2', 'accepted_search': True, 'solver_message': 'Optimization terminated successfully.'}, {'theta': array([-2.31971373e+02, -2.01604235e-02, -3.16335815e+03, -1.05059494e+00]), 'n_active': 4, 'beta1_train': 5794.447356486444, 'beta0_train': 7100.576524325849, 'beta1_val': -655.7964487167313, 'beta0_val': -655.7964487167313, 'selected_score': 5545.597168662037, 'evaluations': 185, 'seconds': 0.1304260000033537, 'method': 'differential_evolution_v2', 'accepted_search': True, 'solver_message': 'Maximum number of iterations has been exceeded.'}]",42,"[{'update_slot': 54, 'hour': 9, 'info': 'both', 'lp_status': 'optimal', 'lp_message': '', 'fallback': False}]",2167.072059259261,2252.6253022886094,0.19650679999904241,0.33525030000600964
"[{'theta': array([-3592.4101385]), 'n_active': 1, 'beta1_train': -2364.4761534506792, 'beta0_train': -3167.197980652661, 'beta1_val': -3553.2890876699516, 'beta0_val': -3553.2890876699516, 'selected_score': -3167.197980652661, 'evaluations': 20, 'seconds': 0.027382100000977516, 'method': 'differential_evolution_v2', 'accepted_search': True, 'solver_message': 'Optimization terminated successfully.'}, {'theta': array([-9.29039670e+03,  1.01268843e+00]), 'n_active': 2, 'beta1_train': 674.5832174862924, 'beta0_train': -2696.635042706534, 'beta1_val': 329.9766330556349, 'beta0_val': -2851.874164916419, 'selected_score': -2696.635042706534, 'evaluations': 65, 'seconds': 0.04441159999987576, 'method': 'differential_evolution_v2', 'accepted_search': True, 'solver_message': 'Optimization terminated successfully.'}, {'theta': array([-412.79062533,   -1.01205044, -596.57939021,   -1.60595148]), 'n_active': 4, 'beta1_train': 4734.004595166979, 'beta0_train': 5740.310593519661, 'beta1_val': -168.83736741085306, 'beta0_val': -430.8749432953248, 'selected_score': 4565.182245431362, 'evaluations': 185, 'seconds': 0.12844240000413265, 'method': 'differential_evolution_v2', 'accepted_search': True, 'solver_message': 'Maximum number of iterations has been exceeded.'}]",42,"[{'update_slot': 54, 'hour': 9, 'info': 'both', 'lp_status': 'optimal', 'lp_message': '', 'fallback': False}]",2252.6253022886094,2444.8002245519456,0.20023610000498593,0.3420315999974264
"[{'theta': array([-6650.79609348]), 'n_active': 1, 'beta1_train': -40.3029361468106, 'beta0_train': -190.67163702703593, 'beta1_val': -777.3216007708875, 'beta0_val': -777.3216007708875, 'selected_score': -190.67163702703593, 'evaluations': 20, 'seconds': 0.027265700002317317, 'method': 'differential_evolution_v2', 'accepted_search': True, 'solver_message': 'Optimization terminated successfully.'}, {'theta': array([-1220.36742872,     1.46059718]), 'n_active': 2, 'beta1_train': 3380.035814009952, 'beta0_train': -3.3095694208638506, 'beta1_val': 2926.082692995971, 'beta0_val': -465.8805699571482, 'selected_score': -12.48262836385868, 'evaluations': 95, 'seconds': 0.06097200000658631, 'method': 'differential_evolution_v2', 'accepted_search': True, 'solver_message': 'Maximum number of iterations has been exceeded.'}, {'theta': array([-1.53692939e+02,  1.23371767e-02, -2.45351041e+03,  9.61609480e-01]), 'n_active': 4, 'beta1_train': 4220.80532586307, 'beta0_train': 4696.182503884331, 'beta1_val': 609.031317001666, 'beta0_val': 25.071243066494446, 'selected_score': 3989.1175937150547, 'evaluations': 185, 'seconds': 0.12715909999678843, 'method': 'differential_evolution_v2', 'accepted_search': True, 'solver_message': 'Maximum number of iterations has been exceeded.'}]",42,"[{'update_slot': 54, 'hour': 9, 'info': 'both', 'lp_status': 'optimal', 'lp_message': '', 'fallback': False}]",2444.8002245519456,2206.8303807862285,0.21539680000569206,0.3619903000071645
"[{'theta': array([-2561.01546435]), 'n_active': 1, 'beta1_train': -142.03205223726687, 'beta0_train': -266.412896462242, 'beta1_val': -810.7572177455434, 'beta0_val': -810.7572177455434, 'selected_score': -266.412896462242, 'evaluations': 20, 'seconds': 0.02682539999659639, 'method': 'differential_evolution_v2', 'accepted_search': True, 'solver_message': 'Optimization terminated successfully.'}, {'theta': array([-3.15025272e+03,  2.48775233e-01]), 'n_active': 2, 'beta1_train': -739.3392435267074, 'beta0_train': -2047.7484913952142, 'beta1_val': -1116.8125619257603, 'beta0_val': -2056.8, 'selected_score': -2047.7484913952142, 'evaluations': 95, 'seconds': 0.05818639999779407, 'method': 'differential_evolution_v2', 'accepted_search': True, 'solver_message': 'Maximum number of iterations has been exceeded.'}, {'theta': array([ 7.15238905e+02, -3.69445266e-01, -2.48839426e+02,  1.06451443e+00]), 'n_active': 4, 'beta1_train': 1859.5313265969896, 'beta0_train': 2233.4715908593284, 'beta1_val': -420.74235420834935, 'beta0_val': -420.74235420834935, 'selected_score': 1826.320028239771, 'evaluations': 185, 'seconds': 0.12886620000062976, 'method': 'differential_evolution_v2', 'accepted_search': True, 'solver_message': 'Maximum number of iterations has been exceeded.'}]",42,"[{'update_slot': 54, 'hour': 9, 'info': 'both', 'lp_status': 'optimal', 'lp_message': '', 'fallback': False}]",2206.8303807862285,2016.7264578064141,0.21387799999502022,0.35564789999625646
"[{'theta': array([-5855.55225346]), 'n_active': 1, 'beta1_train': -1004.3441558276008, 'beta0_train': -1045.078999597441, 'beta1_val': -1300.5800769477098, 'beta0_val': -1300.5800769477098, 'selected_score': -1045.078999597441, 'evaluations': 15, 'seconds': 0.022770399998989888, 'method': 'differential_evolution_v2', 'accepted_search': True, 'solver_message': 'Optimization terminated successfully.'}, {'theta': array([-2.57586105e+03,  6.78957034e-02]), 'n_active': 2, 'beta1_train': -3190.5763083468573, 'beta0_train': -4503.376955593845, 'beta1_val': -3509.4116845099734, 'beta0_val': -4513.2, 'selected_score': -4503.376955593845, 'evaluations': 95, 'seconds': 0.060422800001106225, 'method': 'differential_evolution_v2', 'accepted_search': True, 'solver_message': 'Maximum number of iterations has been exceeded.'}, {'theta': array([-1.19752683e+02, -3.09453750e-02, -1.06430306e+03, -1.02484854e+00]), 'n_active': 4, 'beta1_train': 658.5957803151152, 'beta0_train': 677.535510344102, 'beta1_val': -1089.6063129722925, 'beta0_val': -1121.2703122043954, 'selected_score': 435.8342197137461, 'evaluations': 185, 'seconds': 0.12882860000536311, 'method': 'differential_evolution_v2', 'accepted_search': True, 'solver_message': 'Maximum number of iterations has been exceeded.'}]",42,"[{'update_slot': 54, 'hour': 9, 'info': 'both', 'lp_status': 'optimal', 'lp_message': '', 'fallback': False}]",2016.7264578064141,2925.6078724611107,0.21202180000545923,0.3526817999954801
"[{'theta': array([-7695.25389554]), 'n_active': 1, 'beta1_train': -3482.2909530422694, 'beta0_train': -4069.1838165032896, 'beta1_val': -3234.276016990393, 'beta0_val': -4050.037650486491, 'selected_score': -4069.1838165032896, 'evaluations': 30, 'seconds': 0.03618010001082439, 'method': 'differential_evolution_v2', 'accepted_search': True, 'solver_message': 'Optimization terminated successfully.'}, {'theta': array([-4.13744717e+03,  8.06318994e-01]), 'n_active': 2, 'beta1_train': -718.2384378122837, 'beta0_train': -4080.232730516762, 'beta1_val': -1493.4157191115733, 'beta0_val': -4159.367334188598, 'selected_score': -4080.232730516762, 'evaluations': 95, 'seconds': 0.06030700000701472, 'method': 'differential_evolution_v2', 'accepted_search': True, 'solver_message': 'Maximum number of iterations has been exceeded.'}, {'theta': array([-3.48898113e+02, -1.14878964e-01, -8.28323542e+03, -1.20547330e+00]), 'n_active': 4, 'beta1_train': 1314.6075083732255, 'beta0_train': 936.8193017153102, 'beta1_val': -505.26560863851574, 'beta0_val': -505.26560863851574, 'selected_score': 785.0214498614479, 'evaluations': 185, 'seconds': 0.12631999999575783, 'method': 'differential_evolution_v2', 'accepted_search': True, 'solver_message': 'Maximum number of iterations has been exceeded.'}]",42,"[{'update_slot': 54, 'hour': 9, 'info': 'both', 'lp_status': 'optimal', 'lp_message': '', 'fallback': False}]",2925.6078724611107,2294.0581174448603,0.22280710001359694,0.3623589000053471
"[{'theta': array([-6358.66339212]), 'n_active': 1, 'beta1_train': -3944.5441679736123, 'beta0_train': -4003.056888036002, 'beta1_val': -4142.771214467832, 'beta0_val': -4142.771214467832, 'selected_score': -4003.056888036002, 'evaluations': 20, 'seconds': 0.027714600000763312, 'method': 'differential_evolution_v2', 'accepted_search': True, 'solver_message': 'Optimization terminated successfully.'}, {'theta': array([-2.44793025e+03,  7.54605248e-01]), 'n_active': 2, 'beta1_train': 69.81141474302184, 'beta0_train': -2890.7611942125527, 'beta1_val': -702.225294949937, 'beta0_val': -3318.643916671692, 'selected_score': -2890.947102868614, 'evaluations': 95, 'seconds': 0.058704800001578405, 'method': 'differential_evolution_v2', 'accepted_search': True, 'solver_message': 'Maximum number of iterations has been exceeded.'}, {'theta': array([-2.48555845e+03, -1.39072768e+00, -2.53193756e+02,  8.32484106e-01]), 'n_active': 4, 'beta1_train': 470.42463130224576, 'beta0_train': 61.599571775219516, 'beta1_val': 8.610679932322228, 'beta0_val': -285.4153306789166, 'selected_score': 37.685247151606, 'evaluations': 185, 'seconds': 0.12651249999180436, 'method': 'differential_evolution_v2', 'accepted_search': True, 'solver_message': 'Maximum number of iterations has been exceeded.'}]",42,"[{'update_slot': 54, 'hour': 9, 'info': 'both', 'lp_status': 'optimal', 'lp_message': '', 'fallback': False}]",2294.0581174448603,2396.1687072994687,0.21293189999414608,0.35526139999274164
"[{'theta': array([-2650.97004362]), 'n_active': 1, 'beta1_train': -4098.775363666308, 'beta0_train': -4119.755143748663, 'beta1_val': -4053.782080094055, 'beta0_val': -4053.782080094055, 'selected_score': -4119.755143748663, 'evaluations': 20, 'seconds': 0.027847100005601533, 'method': 'differential_evolution_v2', 'accepted_search': True, 'solver_message': 'Optimization terminated successfully.'}, {'theta': array([-7.44599792e+03, -2.72623206e-01]), 'n_active': 2, 'beta1_train': -373.59014562147854, 'beta0_train': -3288.1136759544584, 'beta1_val': -144.78132231681548, 'beta0_val': -3771.32874742411, 'selected_score': -3288.1136759544584, 'evaluations': 35, 'seconds': 0.029620700006489642, 'method': 'differential_evolution_v2', 'accepted_search': True, 'solver_message': 'Optimization terminated successfully.'}, {'theta': array([-7.22507160e+03,  1.25560789e+00, -1.17238728e+03,  9.37466241e-01]), 'n_active': 4, 'beta1_train': -302.7407373739515, 'beta0_train': -612.814610575671, 'beta1_val': 41.35420481751646, 'beta0_val': -194.30898309985707, 'selected_score': -612.814610575671, 'evaluations': 185, 'seconds': 0.1327181000087876, 'method': 'differential_evolution_v2', 'accepted_search': True, 'solver_message': 'Maximum number of iterations has been exceeded.'}]",42,"[{'update_slot': 54, 'hour': 9, 'info': 'both', 'lp_status': 'optimal', 'lp_message': '', 'fallback': False}]",2396.1687072994687,2079.201871111111,0.19018590002087876,0.331555800003116
"[{'theta': array([-4811.98767902]), 'n_active': 1, 'beta1_train': -4581.336467964595, 'beta0_train': -4609.618942950315, 'beta1_val': -4611.599999999999, 'beta0_val': -4611.599999999999, 'selected_score': -4609.618942950315, 'evaluations': 25, 'seconds': 0.0285476999997627, 'method': 'differential_evolution_v2', 'accepted_search': True, 'solver_message': 'Optimization terminated successfully.'}, {'theta': array([-9.20176268e+03,  5.01727509e-01]), 'n_active': 2, 'beta1_train': 960.2294197232458, 'beta0_train': -2205.6024842114957, 'beta1_val': 432.6875045552283, 'beta0_val': -2326.2369758554705, 'selected_score': -2205.6024842114957, 'evaluations': 25, 'seconds': 0.02527520000876393, 'method': 'differential_evolution_v2', 'accepted_search': True, 'solver_message': 'Optimization terminated successfully.'}, {'theta': array([-4.23133732e+03,  2.15123646e-01, -3.03559410e+03, -1.83722641e+00]), 'n_active': 4, 'beta1_train': -126.27862589470949, 'beta0_train': -709.6495809456266, 'beta1_val': -593.811124006667, 'beta0_val': -593.811124006667, 'selected_score': -709.6495809456266, 'evaluations': 105, 'seconds': 0.0796727999986615, 'method': 'differential_evolution_v2', 'accepted_search': True, 'solver_message': 'Optimization terminated successfully.'}]",42,"[{'update_slot': 54, 'hour': 9, 'info': 'both', 'lp_status': 'optimal', 'lp_message': '', 'fallback': False}]",2079.201871111111,1827.8864872222207,0.13349570000718813,0.2703920000058133
"[{'theta': array([-554.82725844]), 'n_active': 1, 'beta1_train': -1209.5835964519733, 'beta0_train': -1232.7496378575213, 'beta1_val': -1116.7404694770607, 'beta0_val': -1241.9724110770605, 'selected_score': -1232.7496378575213, 'evaluations': 20, 'seconds': 0.028171700003440492, 'method': 'differential_evolution_v2', 'accepted_search': True, 'solver_message': 'Optimization terminated successfully.'}, {'theta': array([-5.52968611e+03, -3.46386323e-01]), 'n_active': 2, 'beta1_train': 2318.2269694339298, 'beta0_train': -1076.9618441448201, 'beta1_val': 2084.082716920553, 'beta0_val': -1166.0475367262757, 'selected_score': -1076.9618441448201, 'evaluations': 55, 'seconds': 0.03873290000774432, 'method': 'differential_evolution_v2', 'accepted_search': True, 'solver_message': 'Optimization terminated successfully.'}, {'theta': array([-1.89944596e+03, -6.92220468e-01, -6.78982538e+03,  1.50504777e+00]), 'n_active': 4, 'beta1_train': 483.65495822269884, 'beta0_train': -79.58871543841119, 'beta1_val': 802.2800204121943, 'beta0_val': 638.4597730721667, 'selected_score': -79.58871543841119, 'evaluations': 185, 'seconds': 0.12923940000473522, 'method': 'differential_evolution_v2', 'accepted_search': True, 'solver_message': 'Maximum number of iterations has been exceeded.'}]",42,"[{'update_slot': 54, 'hour': 9, 'info': 'both', 'lp_status': 'optimal', 'lp_message': '', 'fallback': False}]",1827.8864872222207,2210.6939194975034,0.19614400001592003,0.3333018999983324
"[{'theta': array([-8423.82950234]), 'n_active': 1, 'beta1_train': -274.49197243440165, 'beta0_train': -280.0139630024473, 'beta1_val': -272.0926619580855, 'beta0_val': -272.0926619580855, 'selected_score': -280.0139630024473, 'evaluations': 20, 'seconds': 0.028332399990176782, 'method': 'differential_evolution_v2', 'accepted_search': True, 'solver_message': 'Optimization terminated successfully.'}, {'theta': array([-2.33879307e+03,  8.51052673e-01]), 'n_active': 2, 'beta1_train': 176.05526170328264, 'beta0_train': -822.0, 'beta1_val': -118.09810660337268, 'beta0_val': -822.0, 'selected_score': -822.0, 'evaluations': 45, 'seconds': 0.03381510000326671, 'method': 'differential_evolution_v2', 'accepted_search': True, 'solver_message': 'Optimization terminated successfully.'}, {'theta': array([-3.22838554e+03, -6.83788096e-01, -2.05738295e+03, -7.31836598e-01]), 'n_active': 4, 'beta1_train': 198.38811211628388, 'beta0_train': -136.39567013702464, 'beta1_val': 519.3821920683887, 'beta0_val': -158.90459082372033, 'selected_score': -136.39567013702464, 'evaluations': 185, 'seconds': 0.130568199994741, 'method': 'differential_evolution_v2', 'accepted_search': True, 'solver_message': 'Maximum number of iterations has been exceeded.'}]",42,"[{'update_slot': 54, 'hour': 9, 'info': 'both', 'lp_status': 'optimal', 'lp_message': '', 'fallback': False}]",2210.6939194975034,1651.75509,0.1927156999881845,0.3354923000006238
"[{'theta': array([-6536.85989524]), 'n_active': 1, 'beta1_train': -1650.0494342578231, 'beta0_train': -1650.0494342578231, 'beta1_val': -1586.8549690248374, 'beta0_val': -1586.8549690248374, 'selected_score': -1650.0494342578231, 'evaluations': 50, 'seconds': 0.052854900000966154, 'method': 'differential_evolution_v2', 'accepted_search': True, 'solver_message': 'Maximum number of iterations has been exceeded.'}, {'theta': array([-3.26645674e+03,  1.18738677e+00]), 'n_active': 2, 'beta1_train': -2993.5457823012634, 'beta0_train': -4063.2000000000003, 'beta1_val': -2930.202827035293, 'beta0_val': -4063.2000000000003, 'selected_score': -4063.2000000000003, 'evaluations': 95, 'seconds': 0.0603733000025386, 'method': 'differential_evolution_v2', 'accepted_search': True, 'solver_message': 'Maximum number of iterations has been exceeded.'}, {'theta': array([-9.10733611e+02, -1.20336999e+00, -5.13022515e+02,  4.64486002e-01]), 'n_active': 4, 'beta1_train': -772.1477941029303, 'beta0_train': -1124.9884459090667, 'beta1_val': 801.5732905701694, 'beta0_val': 318.89020312858156, 'selected_score': -1125.4209562919086, 'evaluations': 185, 'seconds': 0.1274029999913182, 'method': 'differential_evolution_v2', 'accepted_search': True, 'solver_message': 'Maximum number of iterations has been exceeded.'}]",42,"[{'update_slot': 54, 'hour': 9, 'info': 'both', 'lp_status': 'optimal', 'lp_message': '', 'fallback': False}]",1651.75509,2820.3151899084005,0.24063119999482296,0.38612390001071617
"[{'theta': array([-5205.83430495]), 'n_active': 1, 'beta1_train': -2994.707951260088, 'beta0_train': -3236.7841765551952, 'beta1_val': -3165.1814691264713, 'beta0_val': -3204.3825884253356, 'selected_score': -3236.7841765551952, 'evaluations': 15, 'seconds': 0.023525800002971664, 'method': 'differential_evolution_v2', 'accepted_search': True, 'solver_message': 'Optimization terminated successfully.'}, {'theta': array([-7.05577350e+03, -9.05549828e-01]), 'n_active': 2, 'beta1_train': 57.241879673169414, 'beta0_train': -3103.7005555427772, 'beta1_val': 337.57465526249007, 'beta0_val': -2828.848739499072, 'selected_score': -3103.7005555427772, 'evaluations': 95, 'seconds': 0.06122900001355447, 'method': 'differential_evolution_v2', 'accepted_search': True, 'solver_message': 'Maximum number of iterations has been exceeded.'}, {'theta': array([-6.60404201e+03,  3.21536277e-01, -5.69516604e+03,  1.58023568e+00]), 'n_active': 4, 'beta1_train': -343.85709346511373, 'beta0_train': -904.1008640372705, 'beta1_val': -778.9706458429407, 'beta0_val': -1004.2792538984655, 'selected_score': -904.1008640372705, 'evaluations': 145, 'seconds': 0.10412980000546668, 'method': 'differential_evolution_v2', 'accepted_search': True, 'solver_message': 'Optimization terminated successfully.'}]",42,"[{'update_slot': 54, 'hour': 9, 'info': 'both', 'lp_status': 'optimal', 'lp_message': '', 'fallback': False}]",2820.3151899084005,3290.2209486878796,0.1888846000219928,0.3296859999973094
"[{'theta': array([-3634.45798605]), 'n_active': 1, 'beta1_train': -4778.746249874286, 'beta0_train': -5056.676550859962, 'beta1_val': -5000.6048927822785, 'beta0_val': -5029.676418031071, 'selected_score': -5056.676550859962, 'evaluations': 20, 'seconds': 0.02676419999625068, 'method': 'differential_evolution_v2', 'accepted_search': True, 'solver_message': 'Optimization terminated successfully.'}, {'theta': array([-4.22603180e+03, -1.80619554e-01]), 'n_active': 2, 'beta1_train': -931.341466281297, 'beta0_train': -4461.807587261566, 'beta1_val': 142.84675722052543, 'beta0_val': -4108.283642247693, 'selected_score': -4461.807587261566, 'evaluations': 45, 'seconds': 0.03341270000964869, 'method': 'differential_evolution_v2', 'accepted_search': True, 'solver_message': 'Optimization terminated successfully.'}, {'theta': array([-1.03970574e+03,  2.61033361e-01, -3.25555695e+03,  5.01522389e-01]), 'n_active': 4, 'beta1_train': -86.4458232344779, 'beta0_train': -631.4112373760338, 'beta1_val': -863.0211241707843, 'beta0_val': -863.0211241707843, 'selected_score': -631.4112373760338, 'evaluations': 185, 'seconds': 0.12603309999394696, 'method': 'differential_evolution_v2', 'accepted_search': True, 'solver_message': 'Maximum number of iterations has been exceeded.'}]",42,"[{'update_slot': 54, 'hour': 9, 'info': 'both', 'lp_status': 'optimal', 'lp_message': '', 'fallback': False}]",3290.2209486878796,2162.630261666666,0.18620999999984633,0.322512500002631
"[{'theta': array([-6703.9202206]), 'n_active': 1, 'beta1_train': -4444.549530031048, 'beta0_train': -4463.186301959038, 'beta1_val': -4561.5869221179, 'beta0_val': -4561.5869221179, 'selected_score': -4463.186301959038, 'evaluations': 25, 'seconds': 0.03239150000445079, 'method': 'differential_evolution_v2', 'accepted_search': True, 'solver_message': 'Optimization terminated successfully.'}, {'theta': array([-3.20823132e+03, -5.10025859e-01]), 'n_active': 2, 'beta1_train': -874.5893245124464, 'beta0_train': -3807.458202403232, 'beta1_val': -689.0233218611384, 'beta0_val': -3514.986628940547, 'selected_score': -3807.458202403232, 'evaluations': 95, 'seconds': 0.058838299999479204, 'method': 'differential_evolution_v2', 'accepted_search': True, 'solver_message': 'Maximum number of iterations has been exceeded.'}, {'theta': array([-3.37330700e+03, -7.05959222e-01, -5.44848338e+03, -1.35810546e+00]), 'n_active': 4, 'beta1_train': -274.98661664816564, 'beta0_train': -510.4257734045359, 'beta1_val': -673.7533863685128, 'beta0_val': -673.7533863685128, 'selected_score': -510.4257734045359, 'evaluations': 185, 'seconds': 0.1289775000041118, 'method': 'differential_evolution_v2', 'accepted_search': True, 'solver_message': 'Maximum number of iterations has been exceeded.'}]",42,"[{'update_slot': 54, 'hour': 9, 'info': 'both', 'lp_status': 'optimal', 'lp_message': '', 'fallback': False}]",2162.630261666666,2511.229415293286,0.22020730000804178,0.36390720000781585
"[{'theta': array([-5971.99927803]), 'n_active': 1, 'beta1_train': -4950.920497060081, 'beta0_train': -4992.651254714243, 'beta1_val': -4995.6, 'beta0_val': -4995.6, 'selected_score': -4992.651254714243, 'evaluations': 15, 'seconds': 0.022068999998737127, 'method': 'differential_evolution_v2', 'accepted_search': True, 'solver_message': 'Optimization terminated successfully.'}, {'theta': array([-1.38063863e+03, -3.03453756e-02]), 'n_active': 2, 'beta1_train': -296.9507234055893, 'beta0_train': -3634.226067134525, 'beta1_val': -272.4194048344175, 'beta0_val': -3469.251118847772, 'selected_score': -3634.226067134525, 'evaluations': 35, 'seconds': 0.029517800008761697, 'method': 'differential_evolution_v2', 'accepted_search': True, 'solver_message': 'Optimization terminated successfully.'}, {'theta': array([-2.92647129e+03,  1.26830762e+00, -6.43379680e+03, -4.60477102e-01]), 'n_active': 4, 'beta1_train': -190.23987093914852, 'beta0_train': -633.1937702667236, 'beta1_val': -1102.744212059671, 'beta0_val': -1102.744212059671, 'selected_score': -633.1937702667236, 'evaluations': 145, 'seconds': 0.10559600000851788, 'method': 'differential_evolution_v2', 'accepted_search': True, 'solver_message': 'Optimization terminated successfully.'}]",42,"[{'update_slot': 54, 'hour': 9, 'info': 'both', 'lp_status': 'optimal', 'lp_message': '', 'fallback': False}]",2511.229415293286,2281.343967270843,0.1571828000160167,0.3053271999960998
"[{'theta': array([-5234.32891362]), 'n_active': 1, 'beta1_train': -1696.5333708221851, 'beta0_train': -1731.9711620445648, 'beta1_val': -1732.8, 'beta0_val': -1732.8, 'selected_score': -1731.9711620445648, 'evaluations': 50, 'seconds': 0.05343580000044312, 'method': 'differential_evolution_v2', 'accepted_search': True, 'solver_message': 'Maximum number of iterations has been exceeded.'}, {'theta': array([-8.54974935e+03,  7.70675767e-01]), 'n_active': 2, 'beta1_train': 1861.2925558078707, 'beta0_train': -1230.6472989452566, 'beta1_val': 1319.6279312417573, 'beta0_val': -1320.5894171056063, 'selected_score': -1230.6472989452566, 'evaluations': 95, 'seconds': 0.06027570000151172, 'method': 'differential_evolution_v2', 'accepted_search': True, 'solver_message': 'Maximum number of iterations has been exceeded.'}, {'theta': array([-5.20588966e+02, -7.21635198e-01, -1.55338627e+03, -1.12825909e+00]), 'n_active': 4, 'beta1_train': 1048.0996897062196, 'beta0_train': 168.94752981539625, 'beta1_val': -321.707481177539, 'beta0_val': -366.52323075468195, 'selected_score': 132.34796002229962, 'evaluations': 185, 'seconds': 0.12937239999882877, 'method': 'differential_evolution_v2', 'accepted_search': True, 'solver_message': 'Maximum number of iterations has been exceeded.'}]",42,"[{'update_slot': 54, 'hour': 9, 'info': 'both', 'lp_status': 'optimal', 'lp_message': '', 'fallback': False}]",2281.343967270843,2304.8757316806837,0.24308390000078361,0.3884863999992376
"[{'theta': array([-1117.62307527]), 'n_active': 1, 'beta1_train': -733.7061779580316, 'beta0_train': -759.3430162538513, 'beta1_val': -796.8974367434678, 'beta0_val': -796.8974367434678, 'selected_score': -759.3430162538513, 'evaluations': 20, 'seconds': 0.02617640000244137, 'method': 'differential_evolution_v2', 'accepted_search': True, 'solver_message': 'Optimization terminated successfully.'}, {'theta': array([-5.25969120e+03,  8.46693636e-01]), 'n_active': 2, 'beta1_train': -450.0435016915483, 'beta0_train': -1686.0, 'beta1_val': -110.63999675221885, 'beta0_val': -1686.0, 'selected_score': -1686.0, 'evaluations': 45, 'seconds': 0.0339889999886509, 'method': 'differential_evolution_v2', 'accepted_search': True, 'solver_message': 'Optimization terminated successfully.'}, {'theta': array([-8.47468908e+02, -5.61139384e-01, -8.00738300e+03,  3.93415647e-01]), 'n_active': 4, 'beta1_train': 145.01906899997007, 'beta0_train': -221.33593083617748, 'beta1_val': 317.26093440496703, 'beta0_val': -319.5635194053878, 'selected_score': -221.33593083617748, 'evaluations': 105, 'seconds': 0.0837290000054054, 'method': 'differential_evolution_v2', 'accepted_search': True, 'solver_message': 'Optimization terminated successfully.'}]",42,"[{'update_slot': 54, 'hour': 9, 'info': 'both', 'lp_status': 'optimal', 'lp_message': '', 'fallback': False}]",2304.8757316806837,2187.5576236934025,0.14389439999649767,0.28586899999936577
"[{'theta': array([-2584.59673932]), 'n_active': 1, 'beta1_train': -1546.1784786400915, 'beta0_train': -1561.3677544857128, 'beta1_val': -1795.062831006869, 'beta0_val': -1795.062831006869, 'selected_score': -1561.3677544857128, 'evaluations': 20, 'seconds': 0.02750509999168571, 'method': 'differential_evolution_v2', 'accepted_search': True, 'solver_message': 'Optimization terminated successfully.'}, {'theta': array([-5.85568239e+03, -5.59573654e-01]), 'n_active': 2, 'beta1_train': -2843.5644154618876, 'beta0_train': -4072.799999999999, 'beta1_val': -2756.715684596831, 'beta0_val': -4072.7999999999993, 'selected_score': -4072.799999999999, 'evaluations': 95, 'seconds': 0.05953129999397788, 'method': 'differential_evolution_v2', 'accepted_search': True, 'solver_message': 'Maximum number of iterations has been exceeded.'}, {'theta': array([-4.73483629e+03,  1.00604525e+00, -6.94778929e+03,  4.24177112e-01]), 'n_active': 4, 'beta1_train': -542.8610324041048, 'beta0_train': -997.1725478788741, 'beta1_val': -1116.6892437750428, 'beta0_val': -1142.0640493444027, 'selected_score': -997.1725478788741, 'evaluations': 185, 'seconds': 0.12891050000325777, 'method': 'differential_evolution_v2', 'accepted_search': True, 'solver_message': 'Maximum number of iterations has been exceeded.'}]",42,"[{'update_slot': 54, 'hour': 9, 'info': 'both', 'lp_status': 'optimal', 'lp_message': '', 'fallback': False}]",2187.5576236934025,2526.906584629631,0.21594689998892136,0.3589762000046903
"[{'theta': array([-3372.79081945]), 'n_active': 1, 'beta1_train': -3009.1520428397625, 'beta0_train': -3422.31146266031, 'beta1_val': -3052.6430784123804, 'beta0_val': -3402.3741802775908, 'selected_score': -3422.31146266031, 'evaluations': 15, 'seconds': 0.0235337000049185, 'method': 'differential_evolution_v2', 'accepted_search': True, 'solver_message': 'Optimization terminated successfully.'}, {'theta': array([-9.17500550e+02, -2.21677556e-01]), 'n_active': 2, 'beta1_train': 1201.5705276647282, 'beta0_train': -980.9460045025471, 'beta1_val': 434.43027012246966, 'beta0_val': -2620.820380105565, 'selected_score': -990.4631312633494, 'evaluations': 95, 'seconds': 0.06055680000281427, 'method': 'differential_evolution_v2', 'accepted_search': True, 'solver_message': 'Maximum number of iterations has been exceeded.'}, {'theta': array([-3.36281989e+03,  3.03675872e-01, -1.63123787e+03,  5.33842516e-01]), 'n_active': 4, 'beta1_train': 102.77062132552537, 'beta0_train': -387.90091038348817, 'beta1_val': -202.98631806092305, 'beta0_val': -304.0740185022974, 'selected_score': -387.90091038348817, 'evaluations': 185, 'seconds': 0.1313110999908531, 'method': 'differential_evolution_v2', 'accepted_search': True, 'solver_message': 'Maximum number of iterations has been exceeded.'}]",42,"[{'update_slot': 54, 'hour': 9, 'info': 'both', 'lp_status': 'optimal', 'lp_message': '', 'fallback': False}]",2526.906584629631,2277.3927122486243,0.21540159999858588,0.36026079999282956
"[{'theta': array([-8809.57585236]), 'n_active': 1, 'beta1_train': -3838.132559576492, 'beta0_train': -3867.9411826088526, 'beta1_val': -3868.8, 'beta0_val': -3868.8, 'selected_score': -3867.9411826088526, 'evaluations': 50, 'seconds': 0.054698599997209385, 'method': 'differential_evolution_v2', 'accepted_search': True, 'solver_message': 'Maximum number of iterations has been exceeded.'}, {'theta': array([-3.56414328e+03,  9.29852738e-01]), 'n_active': 2, 'beta1_train': 692.5171542219817, 'beta0_train': -2662.284051542522, 'beta1_val': 199.2183798491319, 'beta0_val': -2867.4240098258406, 'selected_score': -2662.284051542522, 'evaluations': 95, 'seconds': 0.06031809998967219, 'method': 'differential_evolution_v2', 'accepted_search': True, 'solver_message': 'Maximum number of iterations has been exceeded.'}, {'theta': array([-6.52704675e+03,  2.63467858e-01, -6.58295234e+03, -1.57744184e+00]), 'n_active': 4, 'beta1_train': 87.13842837051715, 'beta0_train': -380.83782343224004, 'beta1_val': 858.3957769348124, 'beta0_val': -620.3712774301988, 'selected_score': -380.83782343224004, 'evaluations': 125, 'seconds': 0.09645659998932388, 'method': 'differential_evolution_v2', 'accepted_search': True, 'solver_message': 'Optimization terminated successfully.'}]",42,"[{'update_slot': 54, 'hour': 9, 'info': 'both', 'lp_status': 'optimal', 'lp_message': '', 'fallback': False}]",2277.3927122486243,5800.1800649559245,0.21147329997620545,0.353012999999919
"[{'theta': array([-3123.04175935]), 'n_active': 1, 'beta1_train': -3914.982584576476, 'beta0_train': -3949.879310162542, 'beta1_val': -3971.0778606367967, 'beta0_val': -3971.0778606367967, 'selected_score': -3949.879310162542, 'evaluations': 50, 'seconds': 0.054156400001375005, 'method': 'differential_evolution_v2', 'accepted_search': True, 'solver_message': 'Maximum number of iterations has been exceeded.'}, {'theta': array([-3.74532600e+03, -1.12884106e+00]), 'n_active': 2, 'beta1_train': 544.9214466516654, 'beta0_train': -2842.042299941803, 'beta1_val': -1156.029491750753, 'beta0_val': -3689.534917234847, 'selected_score': -2842.042299941803, 'evaluations': 95, 'seconds': 0.05980279999494087, 'method': 'differential_evolution_v2', 'accepted_search': True, 'solver_message': 'Maximum number of iterations has been exceeded.'}, {'theta': array([-2.33193294e+02,  1.51640360e+00, -4.27293465e+03,  1.19763885e+00]), 'n_active': 4, 'beta1_train': 156.30073278006887, 'beta0_train': -312.5611026656002, 'beta1_val': -2210.8654390972215, 'beta0_val': -2210.8654390972215, 'selected_score': -341.76581267597095, 'evaluations': 185, 'seconds': 0.1263706000027014, 'method': 'differential_evolution_v2', 'accepted_search': True, 'solver_message': 'Maximum number of iterations has been exceeded.'}]",42,"[{'update_slot': 54, 'hour': 9, 'info': 'both', 'lp_status': 'optimal', 'lp_message': '', 'fallback': False}]",5800.1800649559245,5645.4681735185195,0.24032979999901727,0.38828370001283474
"[{'theta': array([-9430.11407705]), 'n_active': 1, 'beta1_train': -4184.074896220402, 'beta0_train': -4265.513811585129, 'beta1_val': -4198.38990346892, 'beta0_val': -4240.70653860852, 'selected_score': -4265.513811585129, 'evaluations': 20, 'seconds': 0.027288400000543334, 'method': 'differential_evolution_v2', 'accepted_search': True, 'solver_message': 'Optimization terminated successfully.'}, {'theta': array([-3.34169086e+03, -3.31962607e-01]), 'n_active': 2, 'beta1_train': 219.8540401163591, 'beta0_train': -3089.480316477114, 'beta1_val': -1179.187147526733, 'beta0_val': -3838.2750015724487, 'selected_score': -3089.480316477114, 'evaluations': 45, 'seconds': 0.0334279999951832, 'method': 'differential_evolution_v2', 'accepted_search': True, 'solver_message': 'Optimization terminated successfully.'}, {'theta': array([-4.39224817e+02, -6.74429618e-01, -3.99279065e+02, -7.27014910e-02]), 'n_active': 4, 'beta1_train': 365.0806798392597, 'beta0_train': -282.6019159838382, 'beta1_val': -2328.2765276313585, 'beta0_val': -2328.2765276313585, 'selected_score': -321.43542149494385, 'evaluations': 185, 'seconds': 0.12628929999482352, 'method': 'differential_evolution_v2', 'accepted_search': True, 'solver_message': 'Maximum number of iterations has been exceeded.'}]",42,"[{'update_slot': 54, 'hour': 9, 'info': 'both', 'lp_status': 'optimal', 'lp_message': '', 'fallback': False}]",5645.4681735185195,5570.503516296298,0.18700569999055006,0.32711689999268856
"[{'theta': array([-3706.34956052]), 'n_active': 1, 'beta1_train': -1888.084560659337, 'beta0_train': -1938.5977136533172, 'beta1_val': -1939.2, 'beta0_val': -1939.2, 'selected_score': -1938.5977136533172, 'evaluations': 20, 'seconds': 0.02740069999708794, 'method': 'differential_evolution_v2', 'accepted_search': True, 'solver_message': 'Optimization terminated successfully.'}, {'theta': array([-1.56117010e+03, -7.77356721e-01]), 'n_active': 2, 'beta1_train': 1966.6302630080515, 'beta0_train': -1690.5794805436826, 'beta1_val': 1852.1660405897876, 'beta0_val': -1881.3618873412297, 'selected_score': -1690.5794805436826, 'evaluations': 95, 'seconds': 0.05995380000967998, 'method': 'differential_evolution_v2', 'accepted_search': True, 'solver_message': 'Maximum number of iterations has been exceeded.'}, {'theta': array([-3.24359084e+02,  6.18557460e-01, -7.03736841e+02, -1.48984764e+00]), 'n_active': 4, 'beta1_train': 835.4576700703632, 'beta0_train': 221.88919333113486, 'beta1_val': -975.0088921048618, 'beta0_val': -975.0088921048618, 'selected_score': 202.2518259516511, 'evaluations': 185, 'seconds': 0.12823080000816844, 'method': 'differential_evolution_v2', 'accepted_search': True, 'solver_message': 'Maximum number of iterations has been exceeded.'}]",42,"[{'update_slot': 54, 'hour': 9, 'info': 'both', 'lp_status': 'optimal', 'lp_message': '', 'fallback': False}]",5570.503516296298,5415.992308435124,0.21558530001493637,0.3548698999948101
"[{'theta': array([-6670.96956813]), 'n_active': 1, 'beta1_train': -507.3377441631111, 'beta0_train': -545.4899319028352, 'beta1_val': -875.3544669461821, 'beta0_val': -875.3544669461821, 'selected_score': -545.4899319028352, 'evaluations': 20, 'seconds': 0.02764030000253115, 'method': 'differential_evolution_v2', 'accepted_search': True, 'solver_message': 'Optimization terminated successfully.'}, {'theta': array([-4.93045018e+03, -1.11579508e+00]), 'n_active': 2, 'beta1_train': 75.10026394468663, 'beta0_train': -1380.0, 'beta1_val': -83.09618312775251, 'beta0_val': -1380.0, 'selected_score': -1380.0, 'evaluations': 65, 'seconds': 0.04309020000800956, 'method': 'differential_evolution_v2', 'accepted_search': True, 'solver_message': 'Optimization terminated successfully.'}, {'theta': array([-3.68920109e+03, -1.37118292e+00, -6.14626741e+03,  1.09506819e+00]), 'n_active': 4, 'beta1_train': 175.62422536564767, 'beta0_train': -145.899097299001, 'beta1_val': -770.3750241995882, 'beta0_val': -770.3750241995882, 'selected_score': -145.899097299001, 'evaluations': 185, 'seconds': 0.132085699995514, 'method': 'differential_evolution_v2', 'accepted_search': True, 'solver_message': 'Maximum number of iterations has been exceeded.'}]",42,"[{'update_slot': 54, 'hour': 9, 'info': 'both', 'lp_status': 'optimal', 'lp_message': '', 'fallback': False}]",5415.992308435124,5689.824908703702,0.20281620000605471,0.3455332999874372
"[{'theta': array([-2130.77815999]), 'n_active': 1, 'beta1_train': -1838.168222021755, 'beta0_train': -1877.9855780513356, 'beta1_val': -2942.4214886345912, 'beta0_val': -2942.4214886345912, 'selected_score': -1877.9855780513356, 'evaluations': 50, 'seconds': 0.053016999998362735, 'method': 'differential_evolution_v2', 'accepted_search': True, 'solver_message': 'Maximum number of iterations has been exceeded.'}, {'theta': array([-4.49041586e+03,  1.72726024e-01]), 'n_active': 2, 'beta1_train': -3463.1017194084557, 'beta0_train': -4855.200000000001, 'beta1_val': -3510.974710604776, 'beta0_val': -4855.2, 'selected_score': -4855.200000000001, 'evaluations': 95, 'seconds': 0.05907909999950789, 'method': 'differential_evolution_v2', 'accepted_search': True, 'solver_message': 'Maximum number of iterations has been exceeded.'}, {'theta': array([-2.05915828e+03, -2.30025997e-01, -5.89467262e+03, -1.24224289e+00]), 'n_active': 4, 'beta1_train': -2742.1166850833597, 'beta0_train': -3098.5195973541518, 'beta1_val': -4395.795580833826, 'beta0_val': -4395.795580833826, 'selected_score': -3098.5195973541518, 'evaluations': 185, 'seconds': 0.12657920000492595, 'method': 'differential_evolution_v2', 'accepted_search': True, 'solver_message': 'Maximum number of iterations has been exceeded.'}]",42,"[{'update_slot': 54, 'hour': 9, 'info': 'both', 'lp_status': 'optimal', 'lp_message': '', 'fallback': False}]",5689.824908703702,10347.418759259259,0.23867530000279658,0.38389519999327604
"[{'theta': array([-7954.09212773]), 'n_active': 1, 'beta1_train': -3815.944372232297, 'beta0_train': -3964.3884920723754, 'beta1_val': -3976.022174024691, 'beta0_val': -3976.022174024691, 'selected_score': -3964.3884920723754, 'evaluations': 50, 'seconds': 0.052990399999544024, 'method': 'differential_evolution_v2', 'accepted_search': True, 'solver_message': 'Maximum number of iterations has been exceeded.'}, {'theta': array([-4.89125873e+03, -9.61905044e-01]), 'n_active': 2, 'beta1_train': 564.7355866033699, 'beta0_train': -3049.313965197222, 'beta1_val': 118.40016683527983, 'beta0_val': -3350.104743079177, 'selected_score': -3049.313965197222, 'evaluations': 95, 'seconds': 0.05908149998867884, 'method': 'differential_evolution_v2', 'accepted_search': True, 'solver_message': 'Maximum number of iterations has been exceeded.'}, {'theta': array([-382.05067275,   -0.47000031, -419.67734089,    1.99822391]), 'n_active': 4, 'beta1_train': 262.36434603714775, 'beta0_train': -86.40046614245725, 'beta1_val': -2330.8474998459255, 'beta0_val': -2330.8474998459255, 'selected_score': -130.83661938624272, 'evaluations': 185, 'seconds': 0.12708890000067186, 'method': 'differential_evolution_v2', 'accepted_search': True, 'solver_message': 'Maximum number of iterations has been exceeded.'}]",42,"[{'update_slot': 54, 'hour': 9, 'info': 'both', 'lp_status': 'optimal', 'lp_message': '', 'fallback': False}]",10347.418759259259,5420.2535425925935,0.23916079998889472,0.3859975000086706
"[{'theta': array([-577.98777472]), 'n_active': 1, 'beta1_train': -3747.8737228990817, 'beta0_train': -3819.328510425203, 'beta1_val': -3821.9999999999995, 'beta0_val': -3821.9999999999995, 'selected_score': -3819.328510425203, 'evaluations': 50, 'seconds': 0.052430800002184696, 'method': 'differential_evolution_v2', 'accepted_search': True, 'solver_message': 'Maximum number of iterations has been exceeded.'}, {'theta': array([-3.99990661e+03, -7.38585875e-01]), 'n_active': 2, 'beta1_train': 835.2788677422596, 'beta0_train': -2432.294301426403, 'beta1_val': -473.7152190725392, 'beta0_val': -2919.558521131867, 'selected_score': -2432.294301426403, 'evaluations': 95, 'seconds': 0.0607731999916723, 'method': 'differential_evolution_v2', 'accepted_search': True, 'solver_message': 'Maximum number of iterations has been exceeded.'}, {'theta': array([-291.45400337,    1.60365729, -675.59277972,   -0.90520964]), 'n_active': 4, 'beta1_train': 181.92187577933677, 'beta0_train': -148.59490291273406, 'beta1_val': -2159.2103439192024, 'beta0_val': -2159.2103439192024, 'selected_score': -192.17731150575233, 'evaluations': 185, 'seconds': 0.1347301000059815, 'method': 'differential_evolution_v2', 'accepted_search': True, 'solver_message': 'Maximum number of iterations has been exceeded.'}]",42,"[{'update_slot': 54, 'hour': 9, 'info': 'both', 'lp_status': 'optimal', 'lp_message': '', 'fallback': False}]",5420.2535425925935,1379.2807744947686,0.2479340999998385,0.39675669999269303
"[{'theta': array([-1572.5932135]), 'n_active': 1, 'beta1_train': -3864.449406559256, 'beta0_train': -3935.9633614444388, 'beta1_val': -3816.1961721538987, 'beta0_val': -3816.1961721538987, 'selected_score': -3935.9633614444388, 'evaluations': 50, 'seconds': 0.053907599998638034, 'method': 'differential_evolution_v2', 'accepted_search': True, 'solver_message': 'Maximum number of iterations has been exceeded.'}, {'theta': array([-6.43688396e+03,  7.63402350e-01]), 'n_active': 2, 'beta1_train': -333.3951455584329, 'beta0_train': -3690.199301329568, 'beta1_val': -311.2348292282354, 'beta0_val': -3744.047339340528, 'selected_score': -3690.199301329568, 'evaluations': 95, 'seconds': 0.05688129999907687, 'method': 'differential_evolution_v2', 'accepted_search': True, 'solver_message': 'Maximum number of iterations has been exceeded.'}, {'theta': array([-3.15132435e+02, -1.72861846e+00, -8.69037795e+03,  8.91637842e-02]), 'n_active': 4, 'beta1_train': -829.850701432491, 'beta0_train': -1125.66092360648, 'beta1_val': -39.100130864391986, 'beta0_val': -1066.6770636756846, 'selected_score': -1181.165765202671, 'evaluations': 185, 'seconds': 0.13046089999261312, 'method': 'differential_evolution_v2', 'accepted_search': True, 'solver_message': 'Maximum number of iterations has been exceeded.'}]",42,"[{'update_slot': 54, 'hour': 9, 'info': 'both', 'lp_status': 'optimal', 'lp_message': '', 'fallback': False}]",1379.2807744947686,3763.8531463257946,0.24124979999032803,0.38450279999233317
"[{'theta': array([-2285.98174619]), 'n_active': 1, 'beta1_train': -4160.851017452572, 'beta0_train': -4264.571641604188, 'beta1_val': -4267.2, 'beta0_val': -4267.2, 'selected_score': -4264.571641604188, 'evaluations': 15, 'seconds': 0.022729500007699244, 'method': 'differential_evolution_v2', 'accepted_search': True, 'solver_message': 'Optimization terminated successfully.'}, {'theta': array([-9.27427262e+03,  6.19470499e-01]), 'n_active': 2, 'beta1_train': 743.4296891881955, 'beta0_train': -2713.9601168628024, 'beta1_val': 771.0148259231992, 'beta0_val': -2426.9240361091224, 'selected_score': -2713.9601168628024, 'evaluations': 45, 'seconds': 0.03410239999357145, 'method': 'differential_evolution_v2', 'accepted_search': True, 'solver_message': 'Optimization terminated successfully.'}, {'theta': array([-4.93215159e+02, -7.33668311e-01, -6.57719732e+03, -4.52536442e-01]), 'n_active': 4, 'beta1_train': 288.77357038749983, 'beta0_train': -265.1846391627999, 'beta1_val': 781.2931005879758, 'beta0_val': -413.9905077439998, 'selected_score': -299.8738512568594, 'evaluations': 185, 'seconds': 0.12621050000598188, 'method': 'differential_evolution_v2', 'accepted_search': True, 'solver_message': 'Maximum number of iterations has been exceeded.'}]",42,"[{'update_slot': 54, 'hour': 9, 'info': 'both', 'lp_status': 'optimal', 'lp_message': '', 'fallback': False}]",3763.8531463257946,2136.070605851061,0.18304240000725258,0.32436969999980647
"[{'theta': array([-4606.06055469]), 'n_active': 1, 'beta1_train': -1512.295881719671, 'beta0_train': -1607.4384820826203, 'beta1_val': -1466.1685831090385, 'beta0_val': -1603.2573662633747, 'selected_score': -1607.4384820826203, 'evaluations': 20, 'seconds': 0.026751499986858107, 'method': 'differential_evolution_v2', 'accepted_search': True, 'solver_message': 'Optimization terminated successfully.'}, {'theta': array([-5.37725203e+03, -1.01555746e+00]), 'n_active': 2, 'beta1_train': 2434.0806072358837, 'beta0_train': -1223.3319703870604, 'beta1_val': 3543.548885643834, 'beta0_val': -1049.5877772302158, 'selected_score': -1223.3319703870604, 'evaluations': 45, 'seconds': 0.034631799993803725, 'method': 'differential_evolution_v2', 'accepted_search': True, 'solver_message': 'Optimization terminated successfully.'}, {'theta': array([-6.51133365e+03, -5.05602770e-01, -5.71562000e+03, -4.19450984e-01]), 'n_active': 4, 'beta1_train': 458.26426944540736, 'beta0_train': -56.82259977272337, 'beta1_val': -194.07102451684477, 'beta0_val': -194.07102451684477, 'selected_score': -56.82259977272337, 'evaluations': 185, 'seconds': 0.12552870000945404, 'method': 'differential_evolution_v2', 'accepted_search': True, 'solver_message': 'Maximum number of iterations has been exceeded.'}]",42,"[{'update_slot': 54, 'hour': 9, 'info': 'both', 'lp_status': 'optimal', 'lp_message': '', 'fallback': False}]",2136.070605851061,1909.70362100942,0.18691199999011587,0.3315734999923734
"[{'theta': array([-968.10059661]), 'n_active': 1, 'beta1_train': -345.9502474402174, 'beta0_train': -372.4903967247031, 'beta1_val': -332.22716476752436, 'beta0_val': -332.22716476752436, 'selected_score': -372.4903967247031, 'evaluations': 25, 'seconds': 0.030418900001677684, 'method': 'differential_evolution_v2', 'accepted_search': True, 'solver_message': 'Optimization terminated successfully.'}, {'theta': array([-3.88120529e+03, -1.16517057e+00]), 'n_active': 2, 'beta1_train': 742.7315258296189, 'beta0_train': -840.0, 'beta1_val': 597.1726127676307, 'beta0_val': -840.0, 'selected_score': -840.0, 'evaluations': 35, 'seconds': 0.028039800003170967, 'method': 'differential_evolution_v2', 'accepted_search': True, 'solver_message': 'Optimization terminated successfully.'}, {'theta': array([-2.42221380e+02,  1.15923886e+00, -5.76663931e+03, -4.69297128e-01]), 'n_active': 4, 'beta1_train': 344.75073896706283, 'beta0_train': 12.500089305119578, 'beta1_val': 137.9683210343951, 'beta0_val': -136.84242679633104, 'selected_score': -2.002981853342707, 'evaluations': 185, 'seconds': 0.13032969999767374, 'method': 'differential_evolution_v2', 'accepted_search': True, 'solver_message': 'Maximum number of iterations has been exceeded.'}]",42,"[{'update_slot': 54, 'hour': 9, 'info': 'both', 'lp_status': 'optimal', 'lp_message': '', 'fallback': False}]",1909.70362100942,1938.7352589371612,0.1887884000025224,0.33176040000398643
"[{'theta': array([-8155.79942887]), 'n_active': 1, 'beta1_train': -1909.8558206546395, 'beta0_train': -1935.9769620274126, 'beta1_val': -1541.0583979661956, 'beta0_val': -1595.5570941910964, 'selected_score': -1935.9769620274126, 'evaluations': 50, 'seconds': 0.05321100000583101, 'method': 'differential_evolution_v2', 'accepted_search': True, 'solver_message': 'Maximum number of iterations has been exceeded.'}, {'theta': array([-4.29288950e+03, -1.64862662e+00]), 'n_active': 2, 'beta1_train': -2977.509935414928, 'beta0_train': -4286.400000000001, 'beta1_val': -2888.3352305754515, 'beta0_val': -4286.400000000001, 'selected_score': -4286.400000000001, 'evaluations': 55, 'seconds': 0.03902729999390431, 'method': 'differential_evolution_v2', 'accepted_search': True, 'solver_message': 'Optimization terminated successfully.'}, {'theta': array([-1.75692255e+02,  1.70404657e+00, -2.41725972e+03, -1.79218316e+00]), 'n_active': 4, 'beta1_train': -3664.8392516776617, 'beta0_train': -4024.020839819277, 'beta1_val': -4211.002857101891, 'beta0_val': -4231.008195322982, 'selected_score': -4031.958104944902, 'evaluations': 185, 'seconds': 0.12682299999869429, 'method': 'differential_evolution_v2', 'accepted_search': True, 'solver_message': 'Maximum number of iterations has been exceeded.'}]",42,"[{'update_slot': 54, 'hour': 9, 'info': 'both', 'lp_status': 'optimal', 'lp_message': '', 'fallback': False}]",1938.7352589371612,10655.030875558667,0.2190612999984296,0.36621379999269266
"[{'theta': array([-5949.54607926]), 'n_active': 1, 'beta1_train': -4175.083775246648, 'beta0_train': -4355.430111361343, 'beta1_val': -4223.150212816671, 'beta0_val': -4362.0, 'selected_score': -4355.430111361343, 'evaluations': 20, 'seconds': 0.026819800012162887, 'method': 'differential_evolution_v2', 'accepted_search': True, 'solver_message': 'Optimization terminated successfully.'}, {'theta': array([-3.37120719e+03,  3.59509446e-01]), 'n_active': 2, 'beta1_train': 324.0870440101014, 'beta0_train': -2881.722236109488, 'beta1_val': -116.12959011843668, 'beta0_val': -3406.1970122535677, 'selected_score': -2881.722236109488, 'evaluations': 95, 'seconds': 0.058296499992138706, 'method': 'differential_evolution_v2', 'accepted_search': True, 'solver_message': 'Maximum number of iterations has been exceeded.'}, {'theta': array([-9.56000838e+03, -1.85928142e+00, -5.13170144e+03, -1.38701442e-01]), 'n_active': 4, 'beta1_train': -866.8395034684626, 'beta0_train': -1345.384286745586, 'beta1_val': -1183.6313404545765, 'beta0_val': -1462.093608043534, 'selected_score': -1345.384286745586, 'evaluations': 145, 'seconds': 0.1098411999992095, 'method': 'differential_evolution_v2', 'accepted_search': True, 'solver_message': 'Optimization terminated successfully.'}]",42,"[{'update_slot': 54, 'hour': 9, 'info': 'both', 'lp_status': 'optimal', 'lp_message': '', 'fallback': False}]",10655.030875558667,2875.2881146551513,0.19495750000351109,0.33377110000583343
"[{'theta': array([-8064.87162048]), 'n_active': 1, 'beta1_train': -2754.416749642005, 'beta0_train': -2822.3452899729746, 'beta1_val': -2820.719184597869, 'beta0_val': -2835.3458090370364, 'selected_score': -2822.3452899729746, 'evaluations': 25, 'seconds': 0.030981800009612925, 'method': 'differential_evolution_v2', 'accepted_search': True, 'solver_message': 'Optimization terminated successfully.'}, {'theta': array([-3.04443839e+03,  1.14152972e+00]), 'n_active': 2, 'beta1_train': 1162.9521612146596, 'beta0_train': -2567.9564992115197, 'beta1_val': 924.8860050273888, 'beta0_val': -2765.092182233153, 'selected_score': -2567.9564992115197, 'evaluations': 55, 'seconds': 0.03839549999975134, 'method': 'differential_evolution_v2', 'accepted_search': True, 'solver_message': 'Optimization terminated successfully.'}, {'theta': array([-3.05703258e+02,  6.15875842e-02, -6.21244714e+03,  1.27852066e+00]), 'n_active': 4, 'beta1_train': -341.24753663904744, 'beta0_train': -694.6622741065255, 'beta1_val': 782.8198491571551, 'beta0_val': -58.02332902265243, 'selected_score': -707.2932191847982, 'evaluations': 185, 'seconds': 0.12968100000580307, 'method': 'differential_evolution_v2', 'accepted_search': True, 'solver_message': 'Maximum number of iterations has been exceeded.'}]",42,"[{'update_slot': 54, 'hour': 9, 'info': 'both', 'lp_status': 'optimal', 'lp_message': '', 'fallback': False}]",2875.2881146551513,2791.440832306191,0.19905830001516733,0.3433853000024101
"[{'theta': array([-3543.54547031]), 'n_active': 1, 'beta1_train': -4005.5108839913664, 'beta0_train': -4228.410003609978, 'beta1_val': -4050.912391947646, 'beta0_val': -4194.483526691884, 'selected_score': -4228.410003609978, 'evaluations': 20, 'seconds': 0.027393300013500266, 'method': 'differential_evolution_v2', 'accepted_search': True, 'solver_message': 'Optimization terminated successfully.'}, {'theta': array([-8.86701160e+03, -3.80848656e-01]), 'n_active': 2, 'beta1_train': 519.9396781875915, 'beta0_train': -2809.3493804090003, 'beta1_val': 2609.6961587266874, 'beta0_val': -1708.1352044681469, 'selected_score': -2809.3493804090003, 'evaluations': 45, 'seconds': 0.03209910000441596, 'method': 'differential_evolution_v2', 'accepted_search': True, 'solver_message': 'Optimization terminated successfully.'}, {'theta': array([-3.50266824e+03, -6.85838422e-01, -4.61120630e+02,  7.57482620e-01]), 'n_active': 4, 'beta1_train': -819.1742368559148, 'beta0_train': -1194.681394482315, 'beta1_val': -905.1649819187367, 'beta0_val': -923.0066299550843, 'selected_score': -1194.681394482315, 'evaluations': 165, 'seconds': 0.11571539999567904, 'method': 'differential_evolution_v2', 'accepted_search': True, 'solver_message': 'Optimization terminated successfully.'}]",42,"[{'update_slot': 54, 'hour': 9, 'info': 'both', 'lp_status': 'optimal', 'lp_message': '', 'fallback': False}]",2791.440832306191,2411.9786601429873,0.17520780001359526,0.31905819999519736
"[{'theta': array([-6311.55916571]), 'n_active': 1, 'beta1_train': -3578.8561999412805, 'beta0_train': -3610.284467977517, 'beta1_val': -3497.7518624163336, 'beta0_val': -3612.0, 'selected_score': -3610.284467977517, 'evaluations': 50, 'seconds': 0.05415359999460634, 'method': 'differential_evolution_v2', 'accepted_search': True, 'solver_message': 'Maximum number of iterations has been exceeded.'}, {'theta': array([-5.72621691e+03, -7.83074032e-01]), 'n_active': 2, 'beta1_train': 1433.9827267678932, 'beta0_train': -1743.8398267395014, 'beta1_val': 1187.5424468861574, 'beta0_val': -2438.642303718748, 'selected_score': -1743.8398267395014, 'evaluations': 95, 'seconds': 0.05895700000110082, 'method': 'differential_evolution_v2', 'accepted_search': True, 'solver_message': 'Maximum number of iterations has been exceeded.'}, {'theta': array([-2.05761415e+03,  1.51026566e+00, -3.19802760e+03, -1.43327077e+00]), 'n_active': 4, 'beta1_train': -332.87511136171105, 'beta0_train': -652.0532181519493, 'beta1_val': -353.4405387505981, 'beta0_val': -353.4405387505981, 'selected_score': -652.0532181519493, 'evaluations': 185, 'seconds': 0.13013930000306573, 'method': 'differential_evolution_v2', 'accepted_search': True, 'solver_message': 'Maximum number of iterations has been exceeded.'}]",42,"[{'update_slot': 54, 'hour': 9, 'info': 'both', 'lp_status': 'optimal', 'lp_message': '', 'fallback': False}]",2411.9786601429873,1829.5376808255278,0.2432498999987729,0.3879517000023043
"[{'theta': array([-4608.45224246]), 'n_active': 1, 'beta1_train': -1273.0386814511187, 'beta0_train': -1326.5835570987065, 'beta1_val': -1301.2309364859045, 'beta0_val': -1325.0845412436988, 'selected_score': -1326.5835570987065, 'evaluations': 15, 'seconds': 0.021834300001501106, 'method': 'differential_evolution_v2', 'accepted_search': True, 'solver_message': 'Optimization terminated successfully.'}, {'theta': array([-3.07321427e+03,  1.98725654e+00]), 'n_active': 2, 'beta1_train': 3068.2505640032896, 'beta0_train': -390.69905068730793, 'beta1_val': 2538.962421844655, 'beta0_val': -810.2456067072835, 'selected_score': -390.69905068730793, 'evaluations': 65, 'seconds': 0.04405579999729525, 'method': 'differential_evolution_v2', 'accepted_search': True, 'solver_message': 'Optimization terminated successfully.'}, {'theta': array([-7.15187055e+03,  7.73480909e-02, -5.84310115e+03,  1.05799244e+00]), 'n_active': 4, 'beta1_train': -127.60603515968315, 'beta0_train': -192.80325812472395, 'beta1_val': -221.0717561164993, 'beta0_val': -221.0717561164993, 'selected_score': -192.80325812472395, 'evaluations': 145, 'seconds': 0.10721230000490323, 'method': 'differential_evolution_v2', 'accepted_search': True, 'solver_message': 'Optimization terminated successfully.'}]",42,"[{'update_slot': 54, 'hour': 9, 'info': 'both', 'lp_status': 'optimal', 'lp_message': '', 'fallback': False}]",1829.5376808255278,1800.424747915311,0.17310240000369959,0.3201396000076784
"[{'theta': array([-9135.41370553]), 'n_active': 1, 'beta1_train': -178.2369131191183, 'beta0_train': -195.7507459876065, 'beta1_val': -179.66255780341757, 'beta0_val': -179.66255780341757, 'selected_score': -195.7507459876065, 'evaluations': 15, 'seconds': 0.023042899993015453, 'method': 'differential_evolution_v2', 'accepted_search': True, 'solver_message': 'Optimization terminated successfully.'}, {'theta': array([-6.88123286e+03,  6.48739496e-01]), 'n_active': 2, 'beta1_train': 978.1844104663811, 'beta0_train': -451.0825130091186, 'beta1_val': 976.6264214464989, 'beta0_val': -451.20000000000005, 'selected_score': -451.0825130091186, 'evaluations': 55, 'seconds': 0.03877980000106618, 'method': 'differential_evolution_v2', 'accepted_search': True, 'solver_message': 'Optimization terminated successfully.'}, {'theta': array([-7.09893098e+03,  9.49465749e-01, -2.36842927e+02,  1.39578361e+00]), 'n_active': 4, 'beta1_train': 227.23542837723153, 'beta0_train': -66.80723908330492, 'beta1_val': -71.26006387393974, 'beta0_val': -71.26006387393974, 'selected_score': -67.24452341389672, 'evaluations': 185, 'seconds': 0.12670900000375696, 'method': 'differential_evolution_v2', 'accepted_search': True, 'solver_message': 'Maximum number of iterations has been exceeded.'}]",42,"[{'update_slot': 54, 'hour': 9, 'info': 'both', 'lp_status': 'optimal', 'lp_message': '', 'fallback': False}]",1800.424747915311,2252.2702398126985,0.1885316999978386,0.3324111999972956
"[{'theta': array([-2084.24800395]), 'n_active': 1, 'beta1_train': -2060.2456894732486, 'beta0_train': -2075.001317105941, 'beta1_val': -1879.6500023945007, 'beta0_val': -1879.6500023945007, 'selected_score': -2075.001317105941, 'evaluations': 20, 'seconds': 0.02733240000088699, 'method': 'differential_evolution_v2', 'accepted_search': True, 'solver_message': 'Optimization terminated successfully.'}, {'theta': array([-1.82741605e+03,  1.59134545e-01]), 'n_active': 2, 'beta1_train': -3064.93660894329, 'beta0_train': -4525.918122282497, 'beta1_val': -2556.834386329505, 'beta0_val': -4528.8, 'selected_score': -4525.918122282497, 'evaluations': 45, 'seconds': 0.032376899995142594, 'method': 'differential_evolution_v2', 'accepted_search': True, 'solver_message': 'Optimization terminated successfully.'}, {'theta': array([-5.51013661e+03,  1.46664715e+00, -6.16116668e+03, -1.19693995e+00]), 'n_active': 4, 'beta1_train': -4144.007850295228, 'beta0_train': -4411.443294738781, 'beta1_val': -4468.8156751596935, 'beta0_val': -4528.8, 'selected_score': -4411.443294738781, 'evaluations': 145, 'seconds': 0.10827130000689067, 'method': 'differential_evolution_v2', 'accepted_search': True, 'solver_message': 'Optimization terminated successfully.'}]",42,"[{'update_slot': 54, 'hour': 9, 'info': 'both', 'lp_status': 'optimal', 'lp_message': '', 'fallback': False}]",2252.2702398126985,10795.77878626774,0.16798060000292026,0.31342779999249615
"[{'theta': array([-5775.16923419]), 'n_active': 1, 'beta1_train': -3616.3583730589853, 'beta0_train': -3763.9249644352644, 'beta1_val': -3547.882382436841, 'beta0_val': -3765.6000000000004, 'selected_score': -3763.9249644352644, 'evaluations': 50, 'seconds': 0.054785799991805106, 'method': 'differential_evolution_v2', 'accepted_search': True, 'solver_message': 'Maximum number of iterations has been exceeded.'}, {'theta': array([-4.06564984e+03,  4.72034721e-01]), 'n_active': 2, 'beta1_train': 682.7169891774168, 'beta0_train': -2921.4409331931247, 'beta1_val': 2787.7076670202173, 'beta0_val': -2560.2407029111787, 'selected_score': -2921.4409331931247, 'evaluations': 35, 'seconds': 0.029557599991676398, 'method': 'differential_evolution_v2', 'accepted_search': True, 'solver_message': 'Optimization terminated successfully.'}, {'theta': array([-4.53214678e+03, -3.59256352e-01, -4.58208652e+03, -1.56206792e+00]), 'n_active': 4, 'beta1_train': -257.00292894311224, 'beta0_train': -575.7890493868794, 'beta1_val': 664.6637570800087, 'beta0_val': -452.2519966132858, 'selected_score': -575.7890493868794, 'evaluations': 185, 'seconds': 0.126644199990551, 'method': 'differential_evolution_v2', 'accepted_search': True, 'solver_message': 'Maximum number of iterations has been exceeded.'}]",42,"[{'update_slot': 54, 'hour': 9, 'info': 'both', 'lp_status': 'optimal', 'lp_message': '', 'fallback': False}]",10795.77878626774,2243.7073405130977,0.2109875999740325,0.3565712999989046
"[{'theta': array([-4378.51119043]), 'n_active': 1, 'beta1_train': -4462.275718563072, 'beta0_train': -4487.446112147998, 'beta1_val': -4489.2, 'beta0_val': -4489.2, 'selected_score': -4487.446112147998, 'evaluations': 15, 'seconds': 0.023164599988376722, 'method': 'differential_evolution_v2', 'accepted_search': True, 'solver_message': 'Optimization terminated successfully.'}, {'theta': array([-7.99451284e+03,  5.92349682e-03]), 'n_active': 2, 'beta1_train': 622.2001655439568, 'beta0_train': -3115.538524084655, 'beta1_val': 204.78592530075275, 'beta0_val': -3600.3370139179315, 'selected_score': -3115.538524084655, 'evaluations': 35, 'seconds': 0.027899100008653477, 'method': 'differential_evolution_v2', 'accepted_search': True, 'solver_message': 'Optimization terminated successfully.'}, {'theta': array([-6.42916756e+03, -1.02405640e+00, -1.13080863e+03, -1.81365289e-01]), 'n_active': 4, 'beta1_train': -585.631936118106, 'beta0_train': -951.525063742855, 'beta1_val': -392.4920650877069, 'beta0_val': -629.5897311131457, 'selected_score': -951.525063742855, 'evaluations': 145, 'seconds': 0.10867220000363886, 'method': 'differential_evolution_v2', 'accepted_search': True, 'solver_message': 'Optimization terminated successfully.'}]",42,"[{'update_slot': 54, 'hour': 9, 'info': 'both', 'lp_status': 'optimal', 'lp_message': '', 'fallback': False}]",2243.7073405130977,1852.602659413101,0.15973590000066906,0.30169589999422897
"[{'theta': array([-3344.52913779]), 'n_active': 1, 'beta1_train': -3825.131087832338, 'beta0_train': -3870.6664274404297, 'beta1_val': -3826.0063516928376, 'beta0_val': -3873.5999999999995, 'selected_score': -3870.6664274404297, 'evaluations': 20, 'seconds': 0.030034700001124293, 'method': 'differential_evolution_v2', 'accepted_search': True, 'solver_message': 'Optimization terminated successfully.'}, {'theta': array([-5.40526468e+03,  1.15584684e+00]), 'n_active': 2, 'beta1_train': 1320.3486326232544, 'beta0_train': -2367.7989495590527, 'beta1_val': 1251.394574710172, 'beta0_val': -2170.4850291703237, 'selected_score': -2367.7989495590527, 'evaluations': 45, 'seconds': 0.03354840000974946, 'method': 'differential_evolution_v2', 'accepted_search': True, 'solver_message': 'Optimization terminated successfully.'}, {'theta': array([-3.12265985e+03, -7.63198626e-01, -5.98834043e+03,  1.40398820e+00]), 'n_active': 4, 'beta1_train': -166.94536956057956, 'beta0_train': -599.383606754098, 'beta1_val': 54.97715267314754, 'beta0_val': -676.5905857787942, 'selected_score': -599.383606754098, 'evaluations': 185, 'seconds': 0.1315313000086462, 'method': 'differential_evolution_v2', 'accepted_search': True, 'solver_message': 'Optimization terminated successfully.'}]",42,"[{'update_slot': 54, 'hour': 9, 'info': 'both', 'lp_status': 'optimal', 'lp_message': '', 'fallback': False}]",1852.602659413101,2105.011715233452,0.19511440001951996,0.3348622999910731
"[{'theta': array([-8090.93285836]), 'n_active': 1, 'beta1_train': -4275.641499140731, 'beta0_train': -4296.720655897923, 'beta1_val': -4298.400000000001, 'beta0_val': -4298.400000000001, 'selected_score': -4296.720655897923, 'evaluations': 25, 'seconds': 0.03130230000533629, 'method': 'differential_evolution_v2', 'accepted_search': True, 'solver_message': 'Optimization terminated successfully.'}, {'theta': array([-9.55553502e+03,  1.95189819e+00]), 'n_active': 2, 'beta1_train': 1082.6494884908361, 'beta0_train': -2617.6589253081397, 'beta1_val': 1397.0887036085178, 'beta0_val': -2372.1917553474877, 'selected_score': -2617.6589253081397, 'evaluations': 35, 'seconds': 0.027169499997398816, 'method': 'differential_evolution_v2', 'accepted_search': True, 'solver_message': 'Optimization terminated successfully.'}, {'theta': array([-8.15959822e+03,  8.20101913e-01, -4.29298589e+03,  1.03813673e+00]), 'n_active': 4, 'beta1_train': -542.229078984001, 'beta0_train': -923.6495727875732, 'beta1_val': -411.71205730696147, 'beta0_val': -748.7778858868096, 'selected_score': -923.6495727875732, 'evaluations': 125, 'seconds': 0.09521840000525117, 'method': 'differential_evolution_v2', 'accepted_search': True, 'solver_message': 'Optimization terminated successfully.'}]",42,"[{'update_slot': 54, 'hour': 9, 'info': 'both', 'lp_status': 'optimal', 'lp_message': '', 'fallback': False}]",2105.011715233452,2427.079867794578,0.15369020000798628,0.2985576999926707
"[{'theta': array([-6658.68820369]), 'n_active': 1, 'beta1_train': -2387.9233401942806, 'beta0_train': -2423.871468985296, 'beta1_val': -2425.2000000000003, 'beta0_val': -2425.2000000000003, 'selected_score': -2423.871468985296, 'evaluations': 20, 'seconds': 0.028890000001410954, 'method': 'differential_evolution_v2', 'accepted_search': True, 'solver_message': 'Optimization terminated successfully.'}, {'theta': array([-4.16976494e+03, -1.14599568e+00]), 'n_active': 2, 'beta1_train': 2292.120482897599, 'beta0_train': -1652.1735326404464, 'beta1_val': 2834.5138553574243, 'beta0_val': -1491.0794494893464, 'selected_score': -1652.1735326404464, 'evaluations': 85, 'seconds': 0.05399600000237115, 'method': 'differential_evolution_v2', 'accepted_search': True, 'solver_message': 'Optimization terminated successfully.'}, {'theta': array([-1.27916601e+03,  1.96337321e+00, -5.64378312e+03, -1.70212206e-01]), 'n_active': 4, 'beta1_train': -183.38699177274202, 'beta0_train': -391.86212861832723, 'beta1_val': -410.9437800275291, 'beta0_val': -489.7387386140265, 'selected_score': -391.86212861832723, 'evaluations': 185, 'seconds': 0.1263862999912817, 'method': 'differential_evolution_v2', 'accepted_search': True, 'solver_message': 'Maximum number of iterations has been exceeded.'}]",42,"[{'update_slot': 54, 'hour': 9, 'info': 'both', 'lp_status': 'optimal', 'lp_message': '', 'fallback': False}]",2427.079867794578,2190.8312539303893,0.2092722999950638,0.35601689999748487
"[{'theta': array([-6923.25874762]), 'n_active': 1, 'beta1_train': -567.947321327229, 'beta0_train': -576.0321524657437, 'beta1_val': -392.37905267631663, 'beta0_val': -525.1854914707942, 'selected_score': -576.0321524657437, 'evaluations': 15, 'seconds': 0.022598700001253746, 'method': 'differential_evolution_v2', 'accepted_search': True, 'solver_message': 'Optimization terminated successfully.'}, {'theta': array([-2.94121287e+03,  7.05925930e-02]), 'n_active': 2, 'beta1_train': 518.2736535529267, 'beta0_train': -1132.2679857015453, 'beta1_val': 653.7018197678615, 'beta0_val': -1149.6, 'selected_score': -1132.2679857015453, 'evaluations': 95, 'seconds': 0.05972999999357853, 'method': 'differential_evolution_v2', 'accepted_search': True, 'solver_message': 'Maximum number of iterations has been exceeded.'}, {'theta': array([-2.40136593e+03,  1.65097572e-01, -4.25852100e+03, -1.54084831e-01]), 'n_active': 4, 'beta1_train': -53.317981979824665, 'beta0_train': -320.4950084296628, 'beta1_val': -179.19933379013275, 'beta0_val': -271.5238126657515, 'selected_score': -320.4950084296628, 'evaluations': 185, 'seconds': 0.12814840000646655, 'method': 'differential_evolution_v2', 'accepted_search': True, 'solver_message': 'Maximum number of iterations has been exceeded.'}]",42,"[{'update_slot': 54, 'hour': 9, 'info': 'both', 'lp_status': 'optimal', 'lp_message': '', 'fallback': False}]",2190.8312539303893,2670.3568783456117,0.21047710000129882,0.356187500001397
"[{'theta': array([-765.46803549]), 'n_active': 1, 'beta1_train': -1403.6167262834736, 'beta0_train': -1958.474064167482, 'beta1_val': -1464.8822336618955, 'beta0_val': -1973.432336497081, 'selected_score': -1958.474064167482, 'evaluations': 20, 'seconds': 0.02669650000461843, 'method': 'differential_evolution_v2', 'accepted_search': True, 'solver_message': 'Optimization terminated successfully.'}, {'theta': array([-5.61723005e+03, -1.10613383e+00]), 'n_active': 2, 'beta1_train': -2715.3033330326984, 'beta0_train': -4312.0728113651685, 'beta1_val': -2706.750991587034, 'beta0_val': -4320.0, 'selected_score': -4312.0728113651685, 'evaluations': 95, 'seconds': 0.058847899999818765, 'method': 'differential_evolution_v2', 'accepted_search': True, 'solver_message': 'Maximum number of iterations has been exceeded.'}, {'theta': array([-8.57988179e+03,  1.44958815e+00, -4.04550044e+02, -1.46913278e-01]), 'n_active': 4, 'beta1_train': -3557.164668444997, 'beta0_train': -3746.48097098227, 'beta1_val': -3840.181755345468, 'beta0_val': -3840.181755345468, 'selected_score': -3747.215102191534, 'evaluations': 185, 'seconds': 0.12921020000067074, 'method': 'differential_evolution_v2', 'accepted_search': True, 'solver_message': 'Maximum number of iterations has been exceeded.'}]",42,"[{'update_slot': 54, 'hour': 9, 'info': 'both', 'lp_status': 'optimal', 'lp_message': '', 'fallback': False}]",2670.3568783456117,9098.149360004969,0.21475460000510793,0.3616480000055162
"[{'theta': array([-5081.82807511]), 'n_active': 1, 'beta1_train': -4351.9108348146465, 'beta0_train': -4565.9876454975065, 'beta1_val': -4277.677673148571, 'beta0_val': -4557.770374466478, 'selected_score': -4565.9876454975065, 'evaluations': 20, 'seconds': 0.02771999999822583, 'method': 'differential_evolution_v2', 'accepted_search': True, 'solver_message': 'Optimization terminated successfully.'}, {'theta': array([-1633.62703216,     1.81478771]), 'n_active': 2, 'beta1_train': 743.018665067837, 'beta0_train': -2954.3728574589068, 'beta1_val': 1194.7894117401224, 'beta0_val': -2751.891976871885, 'selected_score': -2954.3728574589068, 'evaluations': 55, 'seconds': 0.03824939999321941, 'method': 'differential_evolution_v2', 'accepted_search': True, 'solver_message': 'Optimization terminated successfully.'}, {'theta': array([-2.53855454e+03, -1.16570111e-01, -3.77912168e+03, -1.22609033e+00]), 'n_active': 4, 'beta1_train': -1085.3371123886775, 'beta0_train': -1341.9889938161411, 'beta1_val': -636.4101975196493, 'beta0_val': -998.757907311979, 'selected_score': -1341.9889938161411, 'evaluations': 185, 'seconds': 0.1323807000007946, 'method': 'differential_evolution_v2', 'accepted_search': True, 'solver_message': 'Maximum number of iterations has been exceeded.'}]",42,"[{'update_slot': 54, 'hour': 9, 'info': 'both', 'lp_status': 'optimal', 'lp_message': '', 'fallback': False}]",9098.149360004969,3120.217873839403,0.19835009999223985,0.3417073999880813
"[{'theta': array([-9089.60472948]), 'n_active': 1, 'beta1_train': -3830.964387971274, 'beta0_train': -3918.0448934266874, 'beta1_val': -3925.2000000000003, 'beta0_val': -3925.2000000000003, 'selected_score': -3918.0448934266874, 'evaluations': 15, 'seconds': 0.022713199999998324, 'method': 'differential_evolution_v2', 'accepted_search': True, 'solver_message': 'Optimization terminated successfully.'}, {'theta': array([-7.03590938e+03, -1.35887507e+00]), 'n_active': 2, 'beta1_train': 1346.0276579433064, 'beta0_train': -1911.7154799125015, 'beta1_val': 833.7554556366645, 'beta0_val': -2605.780496093995, 'selected_score': -1911.7154799125015, 'evaluations': 25, 'seconds': 0.027228600010857917, 'method': 'differential_evolution_v2', 'accepted_search': True, 'solver_message': 'Optimization terminated successfully.'}, {'theta': array([-7.01277676e+02, -3.41149785e-01, -8.21773320e+03, -5.42618208e-01]), 'n_active': 4, 'beta1_train': -586.9262728371971, 'beta0_train': -921.6692351657108, 'beta1_val': -171.95959005009558, 'beta0_val': -831.0862245980134, 'selected_score': -921.6692351657108, 'evaluations': 145, 'seconds': 0.10753749999275897, 'method': 'differential_evolution_v2', 'accepted_search': True, 'solver_message': 'Optimization terminated successfully.'}]",42,"[{'update_slot': 54, 'hour': 9, 'info': 'both', 'lp_status': 'optimal', 'lp_message': '', 'fallback': False}]",3120.217873839403,2029.9872860803864,0.1574793000036152,0.31521699999575503
"[{'theta': array([-7983.5278712]), 'n_active': 1, 'beta1_train': -4418.326448059864, 'beta0_train': -4440.2528983866305, 'beta1_val': -4314.190182599999, 'beta0_val': -4430.300890069959, 'selected_score': -4440.2528983866305, 'evaluations': 20, 'seconds': 0.0290718000032939, 'method': 'differential_evolution_v2', 'accepted_search': True, 'solver_message': 'Optimization terminated successfully.'}, {'theta': array([-1.67320556e+03, -4.59768157e-01]), 'n_active': 2, 'beta1_train': 1378.2663638879485, 'beta0_train': -1820.9165789707324, 'beta1_val': 4450.276434116707, 'beta0_val': 2435.948688825314, 'selected_score': -1820.9165789707324, 'evaluations': 55, 'seconds': 0.04190530000778381, 'method': 'differential_evolution_v2', 'accepted_search': True, 'solver_message': 'Optimization terminated successfully.'}, {'theta': array([-2.50772481e+03,  1.25242844e+00, -1.53629487e+03, -1.15506582e+00]), 'n_active': 4, 'beta1_train': -1046.0406466165316, 'beta0_train': -1047.9300256860188, 'beta1_val': -208.7463175253207, 'beta0_val': -208.7463175253207, 'selected_score': -1047.9300256860188, 'evaluations': 165, 'seconds': 0.12000919999263715, 'method': 'differential_evolution_v2', 'accepted_search': True, 'solver_message': 'Optimization terminated successfully.'}]",42,"[{'update_slot': 54, 'hour': 9, 'info': 'both', 'lp_status': 'optimal', 'lp_message': '', 'fallback': False}]",2029.9872860803864,2549.8555383839353,0.19098630000371486,0.34167619999789167
"[{'theta': array([-8661.14247645]), 'n_active': 1, 'beta1_train': -4320.948760014608, 'beta0_train': -4342.199367017966, 'beta1_val': -4344.0, 'beta0_val': -4344.0, 'selected_score': -4342.199367017966, 'evaluations': 20, 'seconds': 0.029258399998070672, 'method': 'differential_evolution_v2', 'accepted_search': True, 'solver_message': 'Optimization terminated successfully.'}, {'theta': array([-8.88959336e+03, -5.24867857e-01]), 'n_active': 2, 'beta1_train': 156.92705895682911, 'beta0_train': -3371.989669808474, 'beta1_val': 115.27523293295008, 'beta0_val': -2934.8200538057595, 'selected_score': -3371.989669808474, 'evaluations': 25, 'seconds': 0.02457549999235198, 'method': 'differential_evolution_v2', 'accepted_search': True, 'solver_message': 'Optimization terminated successfully.'}, {'theta': array([-1.77442662e+03, -1.15605286e-01, -5.02372573e+03, -1.49718169e+00]), 'n_active': 4, 'beta1_train': -538.6624252133655, 'beta0_train': -941.6735700138746, 'beta1_val': -956.2655490612382, 'beta0_val': -956.2655490612382, 'selected_score': -941.6735700138746, 'evaluations': 125, 'seconds': 0.09776039999269415, 'method': 'differential_evolution_v2', 'accepted_search': True, 'solver_message': 'Optimization terminated successfully.'}]",42,"[{'update_slot': 54, 'hour': 9, 'info': 'both', 'lp_status': 'optimal', 'lp_message': '', 'fallback': False}]",2549.8555383839353,4375.184473024665,0.1515942999831168,0.29323609999846667
"[{'theta': array([-3291.25253126]), 'n_active': 1, 'beta1_train': -2122.674883220167, 'beta0_train': -2142.7488017784804, 'beta1_val': -2143.2000000000003, 'beta0_val': -2143.2000000000003, 'selected_score': -2142.7488017784804, 'evaluations': 20, 'seconds': 0.028903700003866106, 'method': 'differential_evolution_v2', 'accepted_search': True, 'solver_message': 'Optimization terminated successfully.'}, {'theta': array([-3.21209965e+03,  1.63762735e-01]), 'n_active': 2, 'beta1_train': 2334.450850200081, 'beta0_train': -1344.7589811338162, 'beta1_val': 2071.81856976057, 'beta0_val': -1755.0963803355594, 'selected_score': -1344.7589811338162, 'evaluations': 45, 'seconds': 0.03501410000899341, 'method': 'differential_evolution_v2', 'accepted_search': True, 'solver_message': 'Optimization terminated successfully.'}, {'theta': array([-7.91979690e+03, -2.46710213e-01, -7.74024908e+03, -6.96017544e-01]), 'n_active': 4, 'beta1_train': 73.76081146962744, 'beta0_train': -297.0591799356683, 'beta1_val': -774.0911629820632, 'beta0_val': -774.0911629820632, 'selected_score': -297.0591799356683, 'evaluations': 185, 'seconds': 0.125253199992585, 'method': 'differential_evolution_v2', 'accepted_search': True, 'solver_message': 'Maximum number of iterations has been exceeded.'}]",42,"[{'update_slot': 54, 'hour': 9, 'info': 'both', 'lp_status': 'optimal', 'lp_message': '', 'fallback': False}]",4375.184473024665,4457.4137889149915,0.1891710000054445,0.3282226000010269
"[{'theta': array([-4559.59634194]), 'n_active': 1, 'beta1_train': -1244.1094765043242, 'beta0_train': -1251.0659204701442, 'beta1_val': -1172.4133228146518, 'beta0_val': -1172.4133228146518, 'selected_score': -1251.0659204701442, 'evaluations': 20, 'seconds': 0.027461099991342053, 'method': 'differential_evolution_v2', 'accepted_search': True, 'solver_message': 'Optimization terminated successfully.'}, {'theta': array([-8.80334180e+03, -4.94701893e-01]), 'n_active': 2, 'beta1_train': -755.0917379290687, 'beta0_train': -2496.0, 'beta1_val': -806.3129531826075, 'beta0_val': -2496.0, 'selected_score': -2496.0, 'evaluations': 45, 'seconds': 0.033702000000630505, 'method': 'differential_evolution_v2', 'accepted_search': True, 'solver_message': 'Optimization terminated successfully.'}, {'theta': array([-2.41775928e+03,  8.01397424e-01, -5.03691731e+02,  1.88795078e-01]), 'n_active': 4, 'beta1_train': -421.19078814628597, 'beta0_train': -585.7801854522543, 'beta1_val': -1121.7165328296287, 'beta0_val': -1121.7165328296287, 'selected_score': -586.0210692816636, 'evaluations': 185, 'seconds': 0.12864650000119582, 'method': 'differential_evolution_v2', 'accepted_search': True, 'solver_message': 'Maximum number of iterations has been exceeded.'}]",42,"[{'update_slot': 54, 'hour': 9, 'info': 'both', 'lp_status': 'optimal', 'lp_message': '', 'fallback': False}]",4457.4137889149915,4313.498006481484,0.18980959999316838,0.3300920999899972
"[{'theta': array([-2010.22162311]), 'n_active': 1, 'beta1_train': -2708.962720729054, 'beta0_train': -2715.0124219515483, 'beta1_val': -2525.881478866337, 'beta0_val': -2525.881478866337, 'selected_score': -2715.0124219515483, 'evaluations': 25, 'seconds': 0.031328299999586307, 'method': 'differential_evolution_v2', 'accepted_search': True, 'solver_message': 'Optimization terminated successfully.'}, {'theta': array([-3.93023235e+03,  1.55176972e+00]), 'n_active': 2, 'beta1_train': -2883.108188189098, 'beta0_train': -4636.799999999999, 'beta1_val': -2903.639420685752, 'beta0_val': -4636.8, 'selected_score': -4636.799999999999, 'evaluations': 95, 'seconds': 0.0579825000022538, 'method': 'differential_evolution_v2', 'accepted_search': True, 'solver_message': 'Maximum number of iterations has been exceeded.'}, {'theta': array([-2.83254000e+02, -5.89987767e-01, -7.46112274e+03, -2.42515948e-01]), 'n_active': 4, 'beta1_train': -3652.0541367001915, 'beta0_train': -4013.534504200724, 'beta1_val': -4636.8, 'beta0_val': -4636.8, 'selected_score': -4013.534504200724, 'evaluations': 125, 'seconds': 0.09443379999720491, 'method': 'differential_evolution_v2', 'accepted_search': True, 'solver_message': 'Optimization terminated successfully.'}]",42,"[{'update_slot': 54, 'hour': 9, 'info': 'both', 'lp_status': 'optimal', 'lp_message': '', 'fallback': False}]",4313.498006481484,10800.0,0.18374459999904502,0.3282498999906238
"[{'theta': array([-1414.49877304]), 'n_active': 1, 'beta1_train': -4287.501394055466, 'beta0_train': -4446.105364216888, 'beta1_val': -4334.9895775, 'beta0_val': -4441.742244444445, 'selected_score': -4446.105364216888, 'evaluations': 35, 'seconds': 0.04083139999420382, 'method': 'differential_evolution_v2', 'accepted_search': True, 'solver_message': 'Optimization terminated successfully.'}, {'theta': array([-3.50681785e+03, -1.31044503e-01]), 'n_active': 2, 'beta1_train': 686.7882625581817, 'beta0_train': -2531.072075117694, 'beta1_val': 1620.9225468613313, 'beta0_val': -2309.0775781341254, 'selected_score': -2531.072075117694, 'evaluations': 95, 'seconds': 0.05891360000532586, 'method': 'differential_evolution_v2', 'accepted_search': True, 'solver_message': 'Maximum number of iterations has been exceeded.'}, {'theta': array([-3.19023736e+03, -1.78253407e+00, -4.17793069e+02, -1.31992198e+00]), 'n_active': 4, 'beta1_train': -551.3677143359182, 'beta0_train': -982.2308276384027, 'beta1_val': -1463.8510825509038, 'beta0_val': -1695.734820229023, 'selected_score': -982.330544201191, 'evaluations': 185, 'seconds': 0.13005980000889394, 'method': 'differential_evolution_v2', 'accepted_search': True, 'solver_message': 'Maximum number of iterations has been exceeded.'}]",42,"[{'update_slot': 54, 'hour': 9, 'info': 'both', 'lp_status': 'optimal', 'lp_message': '', 'fallback': False}]",10800.0,4027.043212851815,0.22980480000842363,0.37119209999218583
"[{'theta': array([-7807.60244592]), 'n_active': 1, 'beta1_train': -4279.831011506756, 'beta0_train': -4305.864861788317, 'beta1_val': -4306.8, 'beta0_val': -4306.8, 'selected_score': -4305.864861788317, 'evaluations': 15, 'seconds': 0.022816900003817864, 'method': 'differential_evolution_v2', 'accepted_search': True, 'solver_message': 'Optimization terminated successfully.'}, {'theta': array([-5.95465524e+03, -6.80949380e-01]), 'n_active': 2, 'beta1_train': 900.2125514676068, 'beta0_train': -2758.8292942317307, 'beta1_val': 1285.7348356464804, 'beta0_val': -2956.280934816629, 'selected_score': -2758.8292942317307, 'evaluations': 45, 'seconds': 0.03405129999737255, 'method': 'differential_evolution_v2', 'accepted_search': True, 'solver_message': 'Optimization terminated successfully.'}, {'theta': array([ -779.98043131,     1.60420563, -1087.71131798,    -1.658434  ]), 'n_active': 4, 'beta1_train': -661.8656925081735, 'beta0_train': -832.6972973190599, 'beta1_val': -1496.451596437148, 'beta0_val': -1496.451596437148, 'selected_score': -832.6972973190599, 'evaluations': 145, 'seconds': 0.10459499999706168, 'method': 'differential_evolution_v2', 'accepted_search': True, 'solver_message': 'Optimization terminated successfully.'}]",42,"[{'update_slot': 54, 'hour': 9, 'info': 'both', 'lp_status': 'optimal', 'lp_message': '', 'fallback': False}]",4027.043212851815,3997.85831628007,0.1614631999982521,0.302916800006642
"[{'theta': array([-3439.89444958]), 'n_active': 1, 'beta1_train': -2713.688252653892, 'beta0_train': -2793.335655322791, 'beta1_val': -2752.9036749999996, 'beta0_val': -2794.7999999999997, 'selected_score': -2793.335655322791, 'evaluations': 20, 'seconds': 0.026875199997448362, 'method': 'differential_evolution_v2', 'accepted_search': True, 'solver_message': 'Optimization terminated successfully.'}, {'theta': array([-1.52936877e+03, -1.33601890e+00]), 'n_active': 2, 'beta1_train': 2058.179832729595, 'beta0_train': 282.79094212020294, 'beta1_val': 2213.46895256082, 'beta0_val': 566.1147198947099, 'selected_score': 282.79094212020294, 'evaluations': 55, 'seconds': 0.039175899990368634, 'method': 'differential_evolution_v2', 'accepted_search': True, 'solver_message': 'Optimization terminated successfully.'}, {'theta': array([-8.25733516e+03, -1.01197613e+00, -2.79611882e+02,  1.40177748e+00]), 'n_active': 4, 'beta1_train': 150.008904909145, 'beta0_train': -263.96118554752854, 'beta1_val': -706.6865303511207, 'beta0_val': -976.7322993750407, 'selected_score': -265.63859176645695, 'evaluations': 185, 'seconds': 0.12755469999683555, 'method': 'differential_evolution_v2', 'accepted_search': True, 'solver_message': 'Maximum number of iterations has been exceeded.'}]",42,"[{'update_slot': 54, 'hour': 9, 'info': 'both', 'lp_status': 'optimal', 'lp_message': '', 'fallback': False}]",3997.85831628007,4046.807557131416,0.19360579998465255,0.34048020000045653
"[{'theta': array([-8763.96713911]), 'n_active': 1, 'beta1_train': -3858.552324821054, 'beta0_train': -3879.957359438121, 'beta1_val': -3880.8, 'beta0_val': -3880.8, 'selected_score': -3879.957359438121, 'evaluations': 20, 'seconds': 0.02631489999475889, 'method': 'differential_evolution_v2', 'accepted_search': True, 'solver_message': 'Optimization terminated successfully.'}, {'theta': array([-6.49845645e+03,  1.94342420e+00]), 'n_active': 2, 'beta1_train': 1126.9310604598597, 'beta0_train': -2039.7265754550108, 'beta1_val': 1578.9482857871185, 'beta0_val': -2528.878910807261, 'selected_score': -2039.7265754550108, 'evaluations': 95, 'seconds': 0.05757270001049619, 'method': 'differential_evolution_v2', 'accepted_search': True, 'solver_message': 'Maximum number of iterations has been exceeded.'}, {'theta': array([-2.21551143e+02, -1.61371033e+00, -7.26087755e+03, -2.41562674e-01]), 'n_active': 4, 'beta1_train': -247.1152521700992, 'beta0_train': -711.1007222381206, 'beta1_val': -1600.133021184371, 'beta0_val': -1600.133021184371, 'selected_score': -726.8562722965169, 'evaluations': 185, 'seconds': 0.12520490000315476, 'method': 'differential_evolution_v2', 'accepted_search': True, 'solver_message': 'Maximum number of iterations has been exceeded.'}]",42,"[{'update_slot': 54, 'hour': 9, 'info': 'both', 'lp_status': 'optimal', 'lp_message': '', 'fallback': False}]",4046.807557131416,2166.1689541401815,0.20909250000840984,0.35295850000693463
"[{'theta': array([-7650.19312604]), 'n_active': 1, 'beta1_train': -960.2718468570696, 'beta0_train': -1091.1619689584843, 'beta1_val': -1001.7677602864811, 'beta0_val': -1092.334780897284, 'selected_score': -1091.1619689584843, 'evaluations': 20, 'seconds': 0.029172800001106225, 'method': 'differential_evolution_v2', 'accepted_search': True, 'solver_message': 'Optimization terminated successfully.'}, {'theta': array([-6.00025736e+03,  1.61413284e+00]), 'n_active': 2, 'beta1_train': 3174.2922284029614, 'beta0_train': 126.26382560307715, 'beta1_val': 4331.245692728012, 'beta0_val': 2427.0276119879777, 'selected_score': 126.26382560307715, 'evaluations': 95, 'seconds': 0.06197949999477714, 'method': 'differential_evolution_v2', 'accepted_search': True, 'solver_message': 'Maximum number of iterations has been exceeded.'}, {'theta': array([0., 0., 0., 0.]), 'n_active': 4, 'beta1_train': 372.91675721505027, 'beta0_train': -58.749081255402174, 'beta1_val': 822.8346639728568, 'beta0_val': 902.738792444677, 'selected_score': 372.91675721505027, 'evaluations': 165, 'seconds': 0.12285280000651255, 'method': 'differential_evolution_v2', 'accepted_search': False, 'solver_message': 'Optimization terminated successfully.'}]",42,"[{'update_slot': 54, 'hour': 9, 'info': 'both', 'lp_status': 'optimal', 'lp_message': '', 'fallback': False}]",2166.1689541401815,1465.3878446296294,0.21400510000239592,0.3671641999972053
"[{'theta': array([-9145.49462434]), 'n_active': 1, 'beta1_train': -854.5174724569081, 'beta0_train': -874.2963497013094, 'beta1_val': -821.1920933121274, 'beta0_val': -821.1920933121274, 'selected_score': -874.2963497013094, 'evaluations': 15, 'seconds': 0.02333579999685753, 'method': 'differential_evolution_v2', 'accepted_search': True, 'solver_message': 'Optimization terminated successfully.'}, {'theta': array([-3.28277698e+03, -3.65637720e-01]), 'n_active': 2, 'beta1_train': 14.164513689211134, 'beta0_train': -1584.0, 'beta1_val': 309.3148644482103, 'beta0_val': -1584.0, 'selected_score': -1584.0, 'evaluations': 45, 'seconds': 0.03489100000297185, 'method': 'differential_evolution_v2', 'accepted_search': True, 'solver_message': 'Optimization terminated successfully.'}, {'theta': array([-2.77067293e+03,  9.16559964e-02, -8.64590395e+03, -8.31657160e-01]), 'n_active': 4, 'beta1_train': -48.52372262975216, 'beta0_train': -301.04776462525655, 'beta1_val': 1031.9986854646793, 'beta0_val': 978.4318936983493, 'selected_score': -301.04776462525655, 'evaluations': 125, 'seconds': 0.09290689999761526, 'method': 'differential_evolution_v2', 'accepted_search': True, 'solver_message': 'Optimization terminated successfully.'}]",42,"[{'update_slot': 54, 'hour': 9, 'info': 'both', 'lp_status': 'optimal', 'lp_message': '', 'fallback': False}]",1465.3878446296294,1209.1454502157512,0.15113369999744464,0.2975333999929717
"[{'theta': array([-8686.39359969]), 'n_active': 1, 'beta1_train': -2349.703743553812, 'beta0_train': -2362.392043610232, 'beta1_val': -2180.096813801192, 'beta0_val': -2180.096813801192, 'selected_score': -2362.392043610232, 'evaluations': 20, 'seconds': 0.027065300004323944, 'method': 'differential_evolution_v2', 'accepted_search': True, 'solver_message': 'Optimization terminated successfully.'}, {'theta': array([-7.37553704e+03,  1.95503572e+00]), 'n_active': 2, 'beta1_train': -1957.6697686716082, 'beta0_train': -3893.020658332972, 'beta1_val': -1534.1794689800436, 'beta0_val': -3896.3999999999996, 'selected_score': -3893.020658332972, 'evaluations': 45, 'seconds': 0.035130199990817346, 'method': 'differential_evolution_v2', 'accepted_search': True, 'solver_message': 'Optimization terminated successfully.'}, {'theta': array([-3.94524003e+03, -1.35011569e+00, -7.32490346e+03, -6.70951315e-02]), 'n_active': 4, 'beta1_train': -2446.99169979414, 'beta0_train': -2704.088980452068, 'beta1_val': -1704.8406278498405, 'beta0_val': -1976.8905367005536, 'selected_score': -2704.088980452068, 'evaluations': 185, 'seconds': 0.1278152000013506, 'method': 'differential_evolution_v2', 'accepted_search': True, 'solver_message': 'Maximum number of iterations has been exceeded.'}]",42,"[{'update_slot': 54, 'hour': 9, 'info': 'both', 'lp_status': 'optimal', 'lp_message': '', 'fallback': False}]",1209.1454502157512,6713.856415185185,0.1900106999964919,0.33834590000333264
"[{'theta': array([-2600.8428444]), 'n_active': 1, 'beta1_train': -3752.3332232937328, 'beta0_train': -3902.7223968865646, 'beta1_val': -3943.0874024000004, 'beta0_val': -3952.8000000000006, 'selected_score': -3902.7223968865646, 'evaluations': 30, 'seconds': 0.03717529999266844, 'method': 'differential_evolution_v2', 'accepted_search': True, 'solver_message': 'Optimization terminated successfully.'}, {'theta': array([-4.12530179e+03,  5.26059722e-01]), 'n_active': 2, 'beta1_train': 668.3399412429396, 'beta0_train': -3001.7842898294466, 'beta1_val': 252.86785743792507, 'beta0_val': -3048.6409866063223, 'selected_score': -3001.7842898294466, 'evaluations': 45, 'seconds': 0.03570959999342449, 'method': 'differential_evolution_v2', 'accepted_search': True, 'solver_message': 'Optimization terminated successfully.'}, {'theta': array([-4.92490276e+03, -1.87153603e+00, -5.39588119e+03, -1.89597725e+00]), 'n_active': 4, 'beta1_train': -495.5739247284749, 'beta0_train': -924.4720990931182, 'beta1_val': -122.28425793031681, 'beta0_val': -329.12088959487465, 'selected_score': -924.4720990931182, 'evaluations': 85, 'seconds': 0.07188000000314787, 'method': 'differential_evolution_v2', 'accepted_search': True, 'solver_message': 'Optimization terminated successfully.'}]",42,"[{'update_slot': 54, 'hour': 9, 'info': 'both', 'lp_status': 'optimal', 'lp_message': '', 'fallback': False}]",6713.856415185185,1324.3809647968412,0.1447648999892408,0.28795489999174606
"[{'theta': array([-4244.13071606]), 'n_active': 1, 'beta1_train': -4068.7615212613046, 'beta0_train': -4091.2322889671786, 'beta1_val': -4092.0, 'beta0_val': -4092.0, 'selected_score': -4091.2322889671786, 'evaluations': 20, 'seconds': 0.02731109999876935, 'method': 'differential_evolution_v2', 'accepted_search': True, 'solver_message': 'Optimization terminated successfully.'}, {'theta': array([-9600.,     0.]), 'n_active': 2, 'beta1_train': 1456.5516575712368, 'beta0_train': -868.4773560748091, 'beta1_val': 1729.5917372487202, 'beta0_val': 532.5307803958349, 'selected_score': -868.4773560748091, 'evaluations': 95, 'seconds': 0.05996300000697374, 'method': 'differential_evolution_v2', 'accepted_search': False, 'solver_message': 'Maximum number of iterations has been exceeded.'}, {'theta': array([-6.11008881e+03,  7.52883853e-01, -7.52396727e+03, -1.37983190e+00]), 'n_active': 4, 'beta1_train': -866.980150100695, 'beta0_train': -1241.233038241317, 'beta1_val': 954.8755222509886, 'beta0_val': -199.56728285936697, 'selected_score': -1241.233038241317, 'evaluations': 105, 'seconds': 0.08293970000522677, 'method': 'differential_evolution_v2', 'accepted_search': True, 'solver_message': 'Optimization terminated successfully.'}]",42,"[{'update_slot': 54, 'hour': 9, 'info': 'both', 'lp_status': 'optimal', 'lp_message': '', 'fallback': False}]",1324.3809647968412,2418.043512066454,0.17021380001096986,0.31333649999578483
"[{'theta': array([-7147.6650287]), 'n_active': 1, 'beta1_train': -3527.2927416381904, 'beta0_train': -4348.137739336476, 'beta1_val': -3737.551450368307, 'beta0_val': -4367.017859197651, 'selected_score': -4348.137739336476, 'evaluations': 20, 'seconds': 0.028508099989267066, 'method': 'differential_evolution_v2', 'accepted_search': True, 'solver_message': 'Optimization terminated successfully.'}, {'theta': array([-7.99781304e+02, -7.37936886e-01]), 'n_active': 2, 'beta1_train': 1554.8626779073638, 'beta0_train': -311.36041607999937, 'beta1_val': 1535.9810484323125, 'beta0_val': 347.3806765144286, 'selected_score': -340.13600647272216, 'evaluations': 95, 'seconds': 0.06276490000891499, 'method': 'differential_evolution_v2', 'accepted_search': True, 'solver_message': 'Maximum number of iterations has been exceeded.'}, {'theta': array([-2.80106117e+03, -3.44147281e-01, -6.63498116e+03,  3.23589148e-02]), 'n_active': 4, 'beta1_train': -1670.8905396914752, 'beta0_train': -1735.391268612764, 'beta1_val': -1378.724586324453, 'beta0_val': -1378.724586324453, 'selected_score': -1735.391268612764, 'evaluations': 185, 'seconds': 0.12537029999657534, 'method': 'differential_evolution_v2', 'accepted_search': True, 'solver_message': 'Maximum number of iterations has been exceeded.'}]",42,"[{'update_slot': 54, 'hour': 9, 'info': 'both', 'lp_status': 'optimal', 'lp_message': '', 'fallback': False}]",2418.043512066454,2970.723653241665,0.2166432999947574,0.3590219000034267
"[{'theta': array([-5600.96098438]), 'n_active': 1, 'beta1_train': -3805.1716474808295, 'beta0_train': -3929.1139883230912, 'beta1_val': -3787.81204881572, 'beta0_val': -3901.4197911639712, 'selected_score': -3929.1139883230912, 'evaluations': 15, 'seconds': 0.02294660000188742, 'method': 'differential_evolution_v2', 'accepted_search': True, 'solver_message': 'Optimization terminated successfully.'}, {'theta': array([-1.03322853e+03, -9.27797234e-03]), 'n_active': 2, 'beta1_train': -2794.56515821829, 'beta0_train': -2836.6151750491686, 'beta1_val': -1936.0652533388886, 'beta0_val': -2305.5733408821325, 'selected_score': -2836.6151750491686, 'evaluations': 95, 'seconds': 0.06018269999185577, 'method': 'differential_evolution_v2', 'accepted_search': True, 'solver_message': 'Maximum number of iterations has been exceeded.'}, {'theta': array([-5.26527119e+03,  3.51552913e-01, -6.60481419e+02, -3.25762489e-02]), 'n_active': 4, 'beta1_train': -825.1443844475384, 'beta0_train': -1218.451578058879, 'beta1_val': -587.5808468540912, 'beta0_val': -766.1322496356495, 'selected_score': -1218.451578058879, 'evaluations': 185, 'seconds': 0.12577220000093803, 'method': 'differential_evolution_v2', 'accepted_search': True, 'solver_message': 'Maximum number of iterations has been exceeded.'}]",42,"[{'update_slot': 54, 'hour': 9, 'info': 'both', 'lp_status': 'optimal', 'lp_message': '', 'fallback': False}]",2970.723653241665,2397.530747364598,0.20890149999468122,0.35209800000302494
"[{'theta': array([-4498.07553076]), 'n_active': 1, 'beta1_train': -310.7858248835263, 'beta0_train': -458.90469156757996, 'beta1_val': -337.01307073604437, 'beta0_val': -452.9490740027111, 'selected_score': -458.90469156757996, 'evaluations': 50, 'seconds': 0.05428169999504462, 'method': 'differential_evolution_v2', 'accepted_search': True, 'solver_message': 'Maximum number of iterations has been exceeded.'}, {'theta': array([-5.52006683e+03,  1.29696037e-01]), 'n_active': 2, 'beta1_train': 3632.1432224812347, 'beta0_train': 1175.6518185565915, 'beta1_val': 3687.9923082906666, 'beta0_val': 1599.5002891155411, 'selected_score': 1175.6518185565915, 'evaluations': 45, 'seconds': 0.03421800000069197, 'method': 'differential_evolution_v2', 'accepted_search': True, 'solver_message': 'Optimization terminated successfully.'}, {'theta': array([-8.57219735e+03, -5.05357357e-01, -3.22077774e+02, -1.88230364e+00]), 'n_active': 4, 'beta1_train': 300.42682681628423, 'beta0_train': -77.92266172003661, 'beta1_val': 60.36906526228526, 'beta0_val': -73.78062778857648, 'selected_score': -77.92266172003661, 'evaluations': 185, 'seconds': 0.1276309999957448, 'method': 'differential_evolution_v2', 'accepted_search': True, 'solver_message': 'Maximum number of iterations has been exceeded.'}]",42,"[{'update_slot': 54, 'hour': 9, 'info': 'both', 'lp_status': 'optimal', 'lp_message': '', 'fallback': False}]",2397.530747364598,1684.2577164885163,0.21613069999148138,0.3565589999925578
"[{'theta': array([-5913.08839559]), 'n_active': 1, 'beta1_train': -959.6326803080836, 'beta0_train': -981.0972354898289, 'beta1_val': -917.1127689706923, 'beta0_val': -917.1127689706923, 'selected_score': -981.0972354898289, 'evaluations': 15, 'seconds': 0.02384409999649506, 'method': 'differential_evolution_v2', 'accepted_search': True, 'solver_message': 'Optimization terminated successfully.'}, {'theta': array([-3.93753882e+03, -4.96140048e-01]), 'n_active': 2, 'beta1_train': -93.69944804775649, 'beta0_train': -1860.0, 'beta1_val': -159.98803216877786, 'beta0_val': -1860.0, 'selected_score': -1860.0, 'evaluations': 55, 'seconds': 0.039228599998750724, 'method': 'differential_evolution_v2', 'accepted_search': True, 'solver_message': 'Optimization terminated successfully.'}, {'theta': array([-1.41299560e+03, -9.95867233e-01, -6.75393972e+03,  3.25782710e-01]), 'n_active': 4, 'beta1_train': -231.9101804301182, 'beta0_train': -434.8581756404097, 'beta1_val': 145.61341981950977, 'beta0_val': -325.34652994724195, 'selected_score': -434.8581756404097, 'evaluations': 185, 'seconds': 0.133536000008462, 'method': 'differential_evolution_v2', 'accepted_search': True, 'solver_message': 'Maximum number of iterations has been exceeded.'}]",42,"[{'update_slot': 54, 'hour': 9, 'info': 'both', 'lp_status': 'optimal', 'lp_message': '', 'fallback': False}]",1684.2577164885163,2053.3724573283516,0.19660870000370778,0.3458761000074446
"[{'theta': array([-3265.6336168]), 'n_active': 1, 'beta1_train': -1762.9115016349538, 'beta0_train': -1871.9511868087359, 'beta1_val': -1887.0329195755032, 'beta0_val': -1887.0329195755032, 'selected_score': -1871.9511868087359, 'evaluations': 50, 'seconds': 0.053616500008502044, 'method': 'differential_evolution_v2', 'accepted_search': True, 'solver_message': 'Maximum number of iterations has been exceeded.'}, {'theta': array([-1236.79769797,     1.62086484]), 'n_active': 2, 'beta1_train': -1859.485128961084, 'beta0_train': -3656.223051609707, 'beta1_val': -1631.9094968692066, 'beta0_val': -3645.0217200959155, 'selected_score': -3656.223051609707, 'evaluations': 95, 'seconds': 0.05794110000715591, 'method': 'differential_evolution_v2', 'accepted_search': True, 'solver_message': 'Maximum number of iterations has been exceeded.'}, {'theta': array([-6.75575328e+03,  7.35033351e-01, -7.59406762e+03, -1.83833592e+00]), 'n_active': 4, 'beta1_train': -2086.9937265511167, 'beta0_train': -2288.2764783349385, 'beta1_val': -2065.7195841475323, 'beta0_val': -2065.7195841475323, 'selected_score': -2288.2764783349385, 'evaluations': 185, 'seconds': 0.1293028000072809, 'method': 'differential_evolution_v2', 'accepted_search': True, 'solver_message': 'Maximum number of iterations has been exceeded.'}]",42,"[{'update_slot': 54, 'hour': 9, 'info': 'both', 'lp_status': 'optimal', 'lp_message': '', 'fallback': False}]",2053.3724573283516,6458.346115974933,0.24086040002293885,0.38393270000233315
"[{'theta': array([-5607.06241335]), 'n_active': 1, 'beta1_train': -4112.305657810566, 'beta0_train': -4269.02750396292, 'beta1_val': -3934.5083007255967, 'beta0_val': -4206.30866116531, 'selected_score': -4269.02750396292, 'evaluations': 20, 'seconds': 0.02915190000203438, 'method': 'differential_evolution_v2', 'accepted_search': True, 'solver_message': 'Optimization terminated successfully.'}, {'theta': array([-4.32146531e+03,  1.39950575e-01]), 'n_active': 2, 'beta1_train': 737.6674178404232, 'beta0_train': -2853.7590718803576, 'beta1_val': 201.2621435170281, 'beta0_val': -3285.161357025844, 'selected_score': -2853.7590718803576, 'evaluations': 45, 'seconds': 0.03516539999691304, 'method': 'differential_evolution_v2', 'accepted_search': True, 'solver_message': 'Optimization terminated successfully.'}, {'theta': array([-2.17649391e+03,  2.21531138e-01, -7.35775970e+03,  8.17984890e-01]), 'n_active': 4, 'beta1_train': -779.6547388608818, 'beta0_train': -1206.8237288689209, 'beta1_val': -1028.9817571165217, 'beta0_val': -1113.1840059851656, 'selected_score': -1206.8237288689209, 'evaluations': 185, 'seconds': 0.1252325999957975, 'method': 'differential_evolution_v2', 'accepted_search': True, 'solver_message': 'Maximum number of iterations has been exceeded.'}]",42,"[{'update_slot': 54, 'hour': 9, 'info': 'both', 'lp_status': 'optimal', 'lp_message': '', 'fallback': False}]",6458.346115974933,2600.638271057601,0.18954989999474492,0.33884670000406913
"[{'theta': array([-9481.66966596]), 'n_active': 1, 'beta1_train': -3612.3293965675443, 'beta0_train': -3756.2268642718386, 'beta1_val': -3573.954930632577, 'beta0_val': -3706.1151086391615, 'selected_score': -3756.2268642718386, 'evaluations': 20, 'seconds': 0.0279576999892015, 'method': 'differential_evolution_v2', 'accepted_search': True, 'solver_message': 'Optimization terminated successfully.'}, {'theta': array([-6.65478144e+03,  1.00234203e+00]), 'n_active': 2, 'beta1_train': 1573.273566164257, 'beta0_train': -1944.4359459031796, 'beta1_val': 1772.6046814976662, 'beta0_val': -1926.9781358257796, 'selected_score': -1944.4359459031796, 'evaluations': 45, 'seconds': 0.034570899995742366, 'method': 'differential_evolution_v2', 'accepted_search': True, 'solver_message': 'Optimization terminated successfully.'}, {'theta': array([-2.17667310e+03,  8.23694735e-02, -7.53479414e+03, -9.61315583e-01]), 'n_active': 4, 'beta1_train': -379.36077628636116, 'beta0_train': -772.6936401838018, 'beta1_val': -304.7946049106642, 'beta0_val': -657.4652531932921, 'selected_score': -772.6936401838018, 'evaluations': 185, 'seconds': 0.13168240000959486, 'method': 'differential_evolution_v2', 'accepted_search': True, 'solver_message': 'Maximum number of iterations has been exceeded.'}]",42,"[{'update_slot': 54, 'hour': 9, 'info': 'both', 'lp_status': 'optimal', 'lp_message': '', 'fallback': False}]",2600.638271057601,1610.5998406342374,0.19421099999453872,0.3376434999954654
"[{'theta': array([-8397.80888157]), 'n_active': 1, 'beta1_train': -3913.1458665031523, 'beta0_train': -3934.200051279736, 'beta1_val': -3934.8, 'beta0_val': -3934.8, 'selected_score': -3934.200051279736, 'evaluations': 20, 'seconds': 0.02899420000903774, 'method': 'differential_evolution_v2', 'accepted_search': True, 'solver_message': 'Optimization terminated successfully.'}, {'theta': array([-2.14193079e+03,  8.76201467e-01]), 'n_active': 2, 'beta1_train': 1792.509146249802, 'beta0_train': -2245.956942963335, 'beta1_val': 1519.4774317258311, 'beta0_val': -2329.8340154168745, 'selected_score': -2245.956942963335, 'evaluations': 95, 'seconds': 0.05994490000011865, 'method': 'differential_evolution_v2', 'accepted_search': True, 'solver_message': 'Maximum number of iterations has been exceeded.'}, {'theta': array([-5.01469989e+03, -1.75122245e+00, -4.44582358e+03, -9.07898483e-01]), 'n_active': 4, 'beta1_train': -338.4419110693802, 'beta0_train': -759.1651328506003, 'beta1_val': -347.16910099102523, 'beta0_val': -571.7999937894818, 'selected_score': -759.1651328506003, 'evaluations': 185, 'seconds': 0.1294899000058649, 'method': 'differential_evolution_v2', 'accepted_search': True, 'solver_message': 'Maximum number of iterations has been exceeded.'}]",42,"[{'update_slot': 54, 'hour': 9, 'info': 'both', 'lp_status': 'optimal', 'lp_message': '', 'fallback': False}]",1610.5998406342374,1902.740709306295,0.2184290000150213,0.35845749999862164
"[{'theta': array([-9148.07430431]), 'n_active': 1, 'beta1_train': -3844.2743031309183, 'beta0_train': -3868.229530302118, 'beta1_val': -3775.8804233333335, 'beta0_val': -3858.373079835391, 'selected_score': -3868.229530302118, 'evaluations': 30, 'seconds': 0.03605490000336431, 'method': 'differential_evolution_v2', 'accepted_search': True, 'solver_message': 'Optimization terminated successfully.'}, {'theta': array([-7.60104479e+03, -4.77814624e-02]), 'n_active': 2, 'beta1_train': 1720.005498927897, 'beta0_train': -1582.3341567686734, 'beta1_val': 1029.590778610515, 'beta0_val': -2227.0681244966886, 'selected_score': -1582.3341567686734, 'evaluations': 55, 'seconds': 0.03924650000408292, 'method': 'differential_evolution_v2', 'accepted_search': True, 'solver_message': 'Optimization terminated successfully.'}, {'theta': array([-1.74000602e+03,  1.05616132e+00, -1.76890070e+02, -2.02979061e-02]), 'n_active': 4, 'beta1_train': -662.3876352278182, 'beta0_train': -769.2751824690704, 'beta1_val': -740.5541445669287, 'beta0_val': -740.5541445669287, 'selected_score': -770.1671307134206, 'evaluations': 185, 'seconds': 0.12972979999904055, 'method': 'differential_evolution_v2', 'accepted_search': True, 'solver_message': 'Maximum number of iterations has been exceeded.'}]",42,"[{'update_slot': 54, 'hour': 9, 'info': 'both', 'lp_status': 'optimal', 'lp_message': '', 'fallback': False}]",1902.740709306295,1651.2548242592572,0.20503120000648778,0.349077999999281
"[{'theta': array([-9501.00546232]), 'n_active': 1, 'beta1_train': -1969.6669109080383, 'beta0_train': -1992.8360904546823, 'beta1_val': -1993.2, 'beta0_val': -1993.2, 'selected_score': -1992.8360904546823, 'evaluations': 50, 'seconds': 0.052859000003081746, 'method': 'differential_evolution_v2', 'accepted_search': True, 'solver_message': 'Maximum number of iterations has been exceeded.'}, {'theta': array([-4.16846079e+03,  5.86688148e-01]), 'n_active': 2, 'beta1_train': 2663.0815424552948, 'beta0_train': 478.8683925241875, 'beta1_val': 2600.258406139169, 'beta0_val': 739.8474278065466, 'selected_score': 478.8683925241875, 'evaluations': 95, 'seconds': 0.05863490000774618, 'method': 'differential_evolution_v2', 'accepted_search': True, 'solver_message': 'Maximum number of iterations has been exceeded.'}, {'theta': array([-2.39857725e+03, -4.86226025e-01, -3.77622133e+02,  8.89691711e-01]), 'n_active': 4, 'beta1_train': 125.71873923538186, 'beta0_train': -280.87885290223323, 'beta1_val': -75.98148651889892, 'beta0_val': -289.42039880148957, 'selected_score': -283.2594723872171, 'evaluations': 185, 'seconds': 0.12864209999679588, 'method': 'differential_evolution_v2', 'accepted_search': True, 'solver_message': 'Maximum number of iterations has been exceeded.'}]",42,"[{'update_slot': 54, 'hour': 9, 'info': 'both', 'lp_status': 'optimal', 'lp_message': '', 'fallback': False}]",1651.2548242592572,1882.711641569482,0.2401360000076238,0.38182210001104977
"[{'theta': array([-7029.68153194]), 'n_active': 1, 'beta1_train': -1243.8130608429392, 'beta0_train': -1256.456147422816, 'beta1_val': -1298.6957627240554, 'beta0_val': -1298.6957627240554, 'selected_score': -1256.456147422816, 'evaluations': 20, 'seconds': 0.027370800002245232, 'method': 'differential_evolution_v2', 'accepted_search': True, 'solver_message': 'Optimization terminated successfully.'}, {'theta': array([-4.29184797e+03,  3.10214081e-02]), 'n_active': 2, 'beta1_train': -161.95780042108734, 'beta0_train': -2112.530095933176, 'beta1_val': 117.72402769760629, 'beta0_val': -2114.4, 'selected_score': -2112.530095933176, 'evaluations': 55, 'seconds': 0.03997089999029413, 'method': 'differential_evolution_v2', 'accepted_search': True, 'solver_message': 'Optimization terminated successfully.'}, {'theta': array([-6.48561310e+03, -1.68730307e-01, -9.04153697e+03, -3.10175027e-01]), 'n_active': 4, 'beta1_train': -237.41087856169653, 'beta0_train': -390.8056970092629, 'beta1_val': -326.03765405592605, 'beta0_val': -385.17715443769254, 'selected_score': -390.8056970092629, 'evaluations': 105, 'seconds': 0.08574650000082329, 'method': 'differential_evolution_v2', 'accepted_search': True, 'solver_message': 'Optimization terminated successfully.'}]",42,"[{'update_slot': 54, 'hour': 9, 'info': 'both', 'lp_status': 'optimal', 'lp_message': '', 'fallback': False}]",1882.711641569482,1700.0185603279108,0.15308819999336265,0.2961961999972118
"[{'theta': array([-4216.23851414]), 'n_active': 1, 'beta1_train': -2312.4219092644344, 'beta0_train': -2330.0490710778076, 'beta1_val': -2294.6863107462636, 'beta0_val': -2294.6863107462636, 'selected_score': -2330.0490710778076, 'evaluations': 20, 'seconds': 0.027023600006941706, 'method': 'differential_evolution_v2', 'accepted_search': True, 'solver_message': 'Optimization terminated successfully.'}, {'theta': array([-5.39115732e+03, -9.94420094e-01]), 'n_active': 2, 'beta1_train': -2265.388002052, 'beta0_train': -4055.8161181522373, 'beta1_val': -2671.0725629628, 'beta0_val': -4075.2000000000003, 'selected_score': -4055.8161181522373, 'evaluations': 55, 'seconds': 0.03698279999662191, 'method': 'differential_evolution_v2', 'accepted_search': True, 'solver_message': 'Optimization terminated successfully.'}, {'theta': array([-2.36764103e+03,  3.27039073e-01, -9.16184472e+03, -7.43933099e-01]), 'n_active': 4, 'beta1_train': -2778.1134793317333, 'beta0_train': -3039.717273132518, 'beta1_val': -2722.4390667311445, 'beta0_val': -2874.1280939001103, 'selected_score': -3039.717273132518, 'evaluations': 125, 'seconds': 0.09367099999508355, 'method': 'differential_evolution_v2', 'accepted_search': True, 'solver_message': 'Optimization terminated successfully.'}]",42,"[{'update_slot': 54, 'hour': 9, 'info': 'both', 'lp_status': 'optimal', 'lp_message': '', 'fallback': False}]",1700.0185603279108,7399.15921058396,0.15767739999864716,0.30173869999998715
"[{'theta': array([-2061.98514339]), 'n_active': 1, 'beta1_train': -3727.4285000783134, 'beta0_train': -3911.527425993607, 'beta1_val': -3734.444803059258, 'beta0_val': -3904.558839583538, 'selected_score': -3911.527425993607, 'evaluations': 50, 'seconds': 0.054727399998228066, 'method': 'differential_evolution_v2', 'accepted_search': True, 'solver_message': 'Maximum number of iterations has been exceeded.'}, {'theta': array([-6.48989265e+03, -1.78779240e+00]), 'n_active': 2, 'beta1_train': 1522.226213194435, 'beta0_train': -788.8635305499918, 'beta1_val': 925.0192788225859, 'beta0_val': -1509.0511782626995, 'selected_score': -788.8635305499918, 'evaluations': 55, 'seconds': 0.03990370000246912, 'method': 'differential_evolution_v2', 'accepted_search': True, 'solver_message': 'Optimization terminated successfully.'}, {'theta': array([-5.61744764e+03, -6.20390338e-01, -2.26766416e+02,  1.96803668e+00]), 'n_active': 4, 'beta1_train': -847.9977067172291, 'beta0_train': -1034.672047021295, 'beta1_val': -822.8992759487294, 'beta0_val': -822.8992759487294, 'selected_score': -1035.532095335821, 'evaluations': 185, 'seconds': 0.13218390000110958, 'method': 'differential_evolution_v2', 'accepted_search': True, 'solver_message': 'Maximum number of iterations has been exceeded.'}]",42,"[{'update_slot': 54, 'hour': 9, 'info': 'both', 'lp_status': 'optimal', 'lp_message': '', 'fallback': False}]",7399.15921058396,2887.3057712237764,0.22681500000180677,0.37213669999619015
"[{'theta': array([-6388.90364881]), 'n_active': 1, 'beta1_train': -4147.848925823808, 'beta0_train': -4283.281930492649, 'beta1_val': -4287.830675435864, 'beta0_val': -4317.03560366642, 'selected_score': -4283.281930492649, 'evaluations': 25, 'seconds': 0.03227149999293033, 'method': 'differential_evolution_v2', 'accepted_search': True, 'solver_message': 'Optimization terminated successfully.'}, {'theta': array([-8.90555094e+03, -4.42033217e-01]), 'n_active': 2, 'beta1_train': -2783.116482270771, 'beta0_train': -2971.612235261057, 'beta1_val': -2680.299920948645, 'beta0_val': -2680.299920948645, 'selected_score': -2971.612235261057, 'evaluations': 95, 'seconds': 0.06031990000337828, 'method': 'differential_evolution_v2', 'accepted_search': True, 'solver_message': 'Maximum number of iterations has been exceeded.'}, {'theta': array([-3.08429337e+02, -5.45492591e-03, -4.70184986e+03, -1.51635763e+00]), 'n_active': 4, 'beta1_train': -956.0486012987242, 'beta0_train': -1366.9028995405026, 'beta1_val': -1366.5917747188514, 'beta0_val': -1493.282959340942, 'selected_score': -1390.0094046778706, 'evaluations': 185, 'seconds': 0.1293359999981476, 'method': 'differential_evolution_v2', 'accepted_search': True, 'solver_message': 'Maximum number of iterations has been exceeded.'}]",42,"[{'update_slot': 54, 'hour': 9, 'info': 'both', 'lp_status': 'optimal', 'lp_message': '', 'fallback': False}]",2887.3057712237764,3555.7685320370338,0.2219273999944562,0.3646461000025738
"[{'theta': array([-2630.4712648]), 'n_active': 1, 'beta1_train': -4019.687064201806, 'beta0_train': -4049.968938423247, 'beta1_val': -4051.2000000000003, 'beta0_val': -4051.2000000000003, 'selected_score': -4049.968938423247, 'evaluations': 20, 'seconds': 0.027696300006937236, 'method': 'differential_evolution_v2', 'accepted_search': True, 'solver_message': 'Optimization terminated successfully.'}, {'theta': array([-6.83697857e+03, -8.73934633e-01]), 'n_active': 2, 'beta1_train': 700.292269273377, 'beta0_train': -3088.0522948086796, 'beta1_val': 458.4598625672061, 'beta0_val': -3418.1320841941197, 'selected_score': -3088.0522948086796, 'evaluations': 45, 'seconds': 0.032736699999077246, 'method': 'differential_evolution_v2', 'accepted_search': True, 'solver_message': 'Optimization terminated successfully.'}, {'theta': array([-3.56086985e+02, -1.70214736e+00, -3.36986177e+03, -6.95738847e-01]), 'n_active': 4, 'beta1_train': -93.1602802271472, 'beta0_train': -709.0169497893966, 'beta1_val': -771.6472468306163, 'beta0_val': -771.6472468306163, 'selected_score': -728.8310297891105, 'evaluations': 185, 'seconds': 0.13037529999564867, 'method': 'differential_evolution_v2', 'accepted_search': True, 'solver_message': 'Maximum number of iterations has been exceeded.'}]",42,"[{'update_slot': 54, 'hour': 9, 'info': 'both', 'lp_status': 'optimal', 'lp_message': '', 'fallback': False}]",3555.7685320370338,1981.0021099999992,0.19080830000166316,0.33593159999873023
"[{'theta': array([-2459.74511957]), 'n_active': 1, 'beta1_train': -4339.8309174863725, 'beta0_train': -4363.79394284854, 'beta1_val': -4364.296987713752, 'beta0_val': -4364.400000000001, 'selected_score': -4363.79394284854, 'evaluations': 20, 'seconds': 0.02655350000713952, 'method': 'differential_evolution_v2', 'accepted_search': True, 'solver_message': 'Optimization terminated successfully.'}, {'theta': array([-6.69688192e+03,  1.11911181e+00]), 'n_active': 2, 'beta1_train': 1734.1199448764314, 'beta0_train': -585.9405670961044, 'beta1_val': 1415.5422253390634, 'beta0_val': -958.2332496996023, 'selected_score': -585.9405670961044, 'evaluations': 45, 'seconds': 0.03466989999287762, 'method': 'differential_evolution_v2', 'accepted_search': True, 'solver_message': 'Optimization terminated successfully.'}, {'theta': array([-4.79255828e+03,  4.12316043e-01, -3.86037634e+03, -1.14529983e+00]), 'n_active': 4, 'beta1_train': -1143.5051913573354, 'beta0_train': -1418.2437708823234, 'beta1_val': -1320.9892477970639, 'beta0_val': -1364.8535538841445, 'selected_score': -1418.2437708823234, 'evaluations': 145, 'seconds': 0.1061766000057105, 'method': 'differential_evolution_v2', 'accepted_search': True, 'solver_message': 'Optimization terminated successfully.'}]",42,"[{'update_slot': 54, 'hour': 9, 'info': 'both', 'lp_status': 'optimal', 'lp_message': '', 'fallback': False}]",1981.0021099999992,3270.2453598683487,0.16740000000572763,0.31225019998964854
"[{'theta': array([-9093.23603518]), 'n_active': 1, 'beta1_train': -1606.4624311341302, 'beta0_train': -1625.6378506473955, 'beta1_val': -1626.0, 'beta0_val': -1626.0, 'selected_score': -1625.6378506473955, 'evaluations': 20, 'seconds': 0.02762090000032913, 'method': 'differential_evolution_v2', 'accepted_search': True, 'solver_message': 'Optimization terminated successfully.'}, {'theta': array([-1.60554069e+03,  3.11854475e-03]), 'n_active': 2, 'beta1_train': 1559.0306572182808, 'beta0_train': -1210.6239921938825, 'beta1_val': 1314.5708218229445, 'beta0_val': -1224.9117210262932, 'selected_score': -1210.6239921938825, 'evaluations': 95, 'seconds': 0.058119499997701496, 'method': 'differential_evolution_v2', 'accepted_search': True, 'solver_message': 'Maximum number of iterations has been exceeded.'}, {'theta': array([-1.87200527e+02,  9.26299834e-01, -4.36583734e+03, -1.00372893e+00]), 'n_active': 4, 'beta1_train': 70.48409135214845, 'beta0_train': -218.7762337713269, 'beta1_val': -278.0589486420785, 'beta0_val': -278.0589486420785, 'selected_score': -226.1512690054989, 'evaluations': 185, 'seconds': 0.12877019999723416, 'method': 'differential_evolution_v2', 'accepted_search': True, 'solver_message': 'Maximum number of iterations has been exceeded.'}]",42,"[{'update_slot': 54, 'hour': 9, 'info': 'both', 'lp_status': 'optimal', 'lp_message': '', 'fallback': False}]",3270.2453598683487,1705.986553703707,0.21451059999526478,0.3600138000037987
"[{'theta': array([-8654.42992473]), 'n_active': 1, 'beta1_train': -1310.0394129136696, 'beta0_train': -1318.020899173377, 'beta1_val': -1358.3186549496552, 'beta0_val': -1358.3186549496552, 'selected_score': -1318.020899173377, 'evaluations': 20, 'seconds': 0.026745499999378808, 'method': 'differential_evolution_v2', 'accepted_search': True, 'solver_message': 'Optimization terminated successfully.'}, {'theta': array([-3.15458383e+03,  1.33072620e+00]), 'n_active': 2, 'beta1_train': -258.0835835722035, 'beta0_train': -1977.9453495010032, 'beta1_val': -313.17744978007545, 'beta0_val': -1788.4657982072022, 'selected_score': -1977.9453495010032, 'evaluations': 65, 'seconds': 0.04485430000931956, 'method': 'differential_evolution_v2', 'accepted_search': True, 'solver_message': 'Optimization terminated successfully.'}, {'theta': array([-8.79904710e+03, -1.73429597e+00, -1.48227460e+03, -1.58078004e-01]), 'n_active': 4, 'beta1_train': -262.0389729671213, 'beta0_train': -498.80369576423664, 'beta1_val': -379.75441971721096, 'beta0_val': -414.22276950115037, 'selected_score': -498.80369576423664, 'evaluations': 185, 'seconds': 0.1270377000037115, 'method': 'differential_evolution_v2', 'accepted_search': True, 'solver_message': 'Maximum number of iterations has been exceeded.'}]",42,"[{'update_slot': 54, 'hour': 9, 'info': 'both', 'lp_status': 'optimal', 'lp_message': '', 'fallback': False}]",1705.986553703707,2402.1220915333356,0.19863750001240987,0.3433190000068862
"[{'theta': array([-8392.1736096]), 'n_active': 1, 'beta1_train': -2398.508566394863, 'beta0_train': -2496.234165920087, 'beta1_val': -2454.2876102061246, 'beta0_val': -2475.0467082309187, 'selected_score': -2496.234165920087, 'evaluations': 20, 'seconds': 0.026550800001132302, 'method': 'differential_evolution_v2', 'accepted_search': True, 'solver_message': 'Optimization terminated successfully.'}, {'theta': array([-6.52788027e+02, -5.12206719e-01]), 'n_active': 2, 'beta1_train': -2466.2946115952514, 'beta0_train': -3949.9053076921464, 'beta1_val': -2164.2323881545985, 'beta0_val': -3861.62279243922, 'selected_score': -3951.124691513289, 'evaluations': 95, 'seconds': 0.05900750000728294, 'method': 'differential_evolution_v2', 'accepted_search': True, 'solver_message': 'Maximum number of iterations has been exceeded.'}, {'theta': array([-6.01731040e+03, -3.94017328e-04, -8.48544300e+03,  7.75718230e-01]), 'n_active': 4, 'beta1_train': -3806.6760543206246, 'beta0_train': -4084.38743863211, 'beta1_val': -3887.2287184499746, 'beta0_val': -4073.8480474523244, 'selected_score': -4084.38743863211, 'evaluations': 125, 'seconds': 0.09496790000412147, 'method': 'differential_evolution_v2', 'accepted_search': True, 'solver_message': 'Optimization terminated successfully.'}]",42,"[{'update_slot': 54, 'hour': 9, 'info': 'both', 'lp_status': 'optimal', 'lp_message': '', 'fallback': False}]",2402.1220915333356,10275.519710000002,0.18052620001253672,0.3278907999920193
"[{'theta': array([-3655.10555671]), 'n_active': 1, 'beta1_train': -4061.9912195832217, 'beta0_train': -4167.80382105747, 'beta1_val': -3803.6863464166654, 'beta0_val': -4168.799999999999, 'selected_score': -4167.80382105747, 'evaluations': 20, 'seconds': 0.02855950000230223, 'method': 'differential_evolution_v2', 'accepted_search': True, 'solver_message': 'Optimization terminated successfully.'}, {'theta': array([-8.77128407e+03,  2.07438045e-02]), 'n_active': 2, 'beta1_train': 1545.926664421388, 'beta0_train': -1899.5321717543247, 'beta1_val': 1625.355546550616, 'beta0_val': -2383.887591116565, 'selected_score': -1899.5321717543247, 'evaluations': 95, 'seconds': 0.06014169999980368, 'method': 'differential_evolution_v2', 'accepted_search': True, 'solver_message': 'Maximum number of iterations has been exceeded.'}, {'theta': array([-9.46444910e+03,  7.67523892e-01, -8.77426926e+02, -8.19230195e-01]), 'n_active': 4, 'beta1_train': -524.7929595704841, 'beta0_train': -799.0413571535502, 'beta1_val': -780.8120918560487, 'beta0_val': -797.7527495662589, 'selected_score': -799.0413571535502, 'evaluations': 185, 'seconds': 0.12645029999839608, 'method': 'differential_evolution_v2', 'accepted_search': True, 'solver_message': 'Maximum number of iterations has been exceeded.'}]",42,"[{'update_slot': 54, 'hour': 9, 'info': 'both', 'lp_status': 'optimal', 'lp_message': '', 'fallback': False}]",10275.519710000002,1553.3347540740745,0.21515150000050198,0.3593223000061698
"[{'theta': array([-1659.64472825]), 'n_active': 1, 'beta1_train': -4535.796274767034, 'beta0_train': -4573.532041686239, 'beta1_val': -4576.8, 'beta0_val': -4576.8, 'selected_score': -4573.532041686239, 'evaluations': 20, 'seconds': 0.025906900002155453, 'method': 'differential_evolution_v2', 'accepted_search': True, 'solver_message': 'Optimization terminated successfully.'}, {'theta': array([-344.84330419,    0.98003167]), 'n_active': 2, 'beta1_train': -2488.465849371061, 'beta0_train': -2950.5506710753775, 'beta1_val': -2787.0686226918046, 'beta0_val': -3089.1547530412777, 'selected_score': -2950.5607656033, 'evaluations': 95, 'seconds': 0.059389200003352016, 'method': 'differential_evolution_v2', 'accepted_search': True, 'solver_message': 'Maximum number of iterations has been exceeded.'}, {'theta': array([0., 0., 0., 0.]), 'n_active': 4, 'beta1_train': -979.0076006065444, 'beta0_train': -1455.2755445248674, 'beta1_val': -408.0149981672396, 'beta0_val': -390.6697699347719, 'selected_score': -979.0076006065444, 'evaluations': 185, 'seconds': 0.12895700000808574, 'method': 'differential_evolution_v2', 'accepted_search': False, 'solver_message': 'Maximum number of iterations has been exceeded.'}]",42,"[{'update_slot': 54, 'hour': 9, 'info': 'both', 'lp_status': 'optimal', 'lp_message': '', 'fallback': False}]",1553.3347540740745,3453.5468327777785,0.2142531000135932,0.35628100000030827
"[{'theta': array([-4428.78839018]), 'n_active': 1, 'beta1_train': -4294.00391159991, 'beta0_train': -4338.003729709093, 'beta1_val': -4230.199410900001, 'beta0_val': -4340.400000000001, 'selected_score': -4338.003729709093, 'evaluations': 20, 'seconds': 0.027747999993152916, 'method': 'differential_evolution_v2', 'accepted_search': True, 'solver_message': 'Optimization terminated successfully.'}, {'theta': array([-1.82365133e+03,  8.20205883e-01]), 'n_active': 2, 'beta1_train': -1954.6567331929964, 'beta0_train': -2738.8756972171686, 'beta1_val': -2492.843683319365, 'beta0_val': -2548.767439429514, 'selected_score': -2738.8756972171686, 'evaluations': 65, 'seconds': 0.04520110000157729, 'method': 'differential_evolution_v2', 'accepted_search': True, 'solver_message': 'Optimization terminated successfully.'}, {'theta': array([-3.13403955e+02, -3.61392435e-01, -3.86486097e+03,  1.85347222e+00]), 'n_active': 4, 'beta1_train': -387.7099120440306, 'beta0_train': -775.2766448524832, 'beta1_val': -775.5802441660366, 'beta0_val': -786.4069409316933, 'selected_score': -787.4636639875962, 'evaluations': 185, 'seconds': 0.12951579999935348, 'method': 'differential_evolution_v2', 'accepted_search': True, 'solver_message': 'Maximum number of iterations has been exceeded.'}]",42,"[{'update_slot': 54, 'hour': 9, 'info': 'both', 'lp_status': 'optimal', 'lp_message': '', 'fallback': False}]",3453.5468327777785,1474.3033655555562,0.20246489999408368,0.3489237000030698
"[{'theta': array([-1868.06919339]), 'n_active': 1, 'beta1_train': -3836.643977237077, 'beta0_train': -3859.340889205058, 'beta1_val': -3800.8228725999998, 'beta0_val': -3860.3999999999996, 'selected_score': -3859.340889205058, 'evaluations': 50, 'seconds': 0.05678250000346452, 'method': 'differential_evolution_v2', 'accepted_search': True, 'solver_message': 'Maximum number of iterations has been exceeded.'}, {'theta': array([-9600.,     0.]), 'n_active': 2, 'beta1_train': 1810.9206361927584, 'beta0_train': 19.862563541105065, 'beta1_val': 1423.1024536570262, 'beta0_val': -2240.943774383882, 'selected_score': 19.862563541105065, 'evaluations': 95, 'seconds': 0.05972449999535456, 'method': 'differential_evolution_v2', 'accepted_search': False, 'solver_message': 'Maximum number of iterations has been exceeded.'}, {'theta': array([-3.12633979e+03,  8.34401943e-01, -2.00017124e+02,  1.88922339e-01]), 'n_active': 4, 'beta1_train': -751.5408741609275, 'beta0_train': -994.7155433228316, 'beta1_val': -442.73522603278747, 'beta0_val': -770.9870705194306, 'selected_score': -994.8462671784142, 'evaluations': 185, 'seconds': 0.12712479999754578, 'method': 'differential_evolution_v2', 'accepted_search': True, 'solver_message': 'Maximum number of iterations has been exceeded.'}]",42,"[{'update_slot': 54, 'hour': 9, 'info': 'both', 'lp_status': 'optimal', 'lp_message': '', 'fallback': False}]",1474.3033655555562,2670.547463407927,0.24363179999636486,0.3889407999959076
"[{'theta': array([-8648.33888819]), 'n_active': 1, 'beta1_train': -2047.803504308036, 'beta0_train': -2384.1504169352847, 'beta1_val': -2127.2590673925047, 'beta0_val': -2367.8889314370376, 'selected_score': -2384.1504169352847, 'evaluations': 20, 'seconds': 0.02796400000806898, 'method': 'differential_evolution_v2', 'accepted_search': True, 'solver_message': 'Optimization terminated successfully.'}, {'theta': array([-9.01472401e+03,  1.31213847e+00]), 'n_active': 2, 'beta1_train': 2637.411843239759, 'beta0_train': -375.6468585611803, 'beta1_val': 3025.9442901338944, 'beta0_val': 283.76322763440294, 'selected_score': -375.6468585611803, 'evaluations': 95, 'seconds': 0.062848399989889, 'method': 'differential_evolution_v2', 'accepted_search': True, 'solver_message': 'Maximum number of iterations has been exceeded.'}, {'theta': array([-2.33161365e+02, -1.29746545e+00, -7.98614917e+03,  1.74146914e+00]), 'n_active': 4, 'beta1_train': -350.0676995352289, 'beta0_train': -464.47301136579955, 'beta1_val': -465.13977493925876, 'beta0_val': -465.13977493925876, 'selected_score': -468.528539531933, 'evaluations': 185, 'seconds': 0.12745889999496285, 'method': 'differential_evolution_v2', 'accepted_search': True, 'solver_message': 'Maximum number of iterations has been exceeded.'}]",42,"[{'update_slot': 54, 'hour': 9, 'info': 'both', 'lp_status': 'optimal', 'lp_message': '', 'fallback': False}]",2670.547463407927,1681.7402814814807,0.21827129999292083,0.362663199994131
"[{'theta': array([-220.02582311]), 'n_active': 1, 'beta1_train': -1808.7421691864697, 'beta0_train': -1815.9915634043132, 'beta1_val': -1755.0906455706108, 'beta0_val': -1755.0906455706108, 'selected_score': -1815.9915634043132, 'evaluations': 15, 'seconds': 0.023300799992284738, 'method': 'differential_evolution_v2', 'accepted_search': True, 'solver_message': 'Optimization terminated successfully.'}, {'theta': array([-5.49670432e+03,  1.19953987e+00]), 'n_active': 2, 'beta1_train': 25.291297225231713, 'beta0_train': -1704.1271172875838, 'beta1_val': 244.4905326727262, 'beta0_val': -1627.1396488390346, 'selected_score': -1704.1271172875838, 'evaluations': 95, 'seconds': 0.05975559999933466, 'method': 'differential_evolution_v2', 'accepted_search': True, 'solver_message': 'Maximum number of iterations has been exceeded.'}, {'theta': array([-4.55873059e+02, -9.33941628e-01, -4.27860126e+03, -1.10548906e-01]), 'n_active': 4, 'beta1_train': -386.8027705753902, 'beta0_train': -513.2335627534729, 'beta1_val': -408.86418903851916, 'beta0_val': -408.86418903851916, 'selected_score': -513.6343945583495, 'evaluations': 185, 'seconds': 0.1343360000028042, 'method': 'differential_evolution_v2', 'accepted_search': True, 'solver_message': 'Maximum number of iterations has been exceeded.'}]",42,"[{'update_slot': 54, 'hour': 9, 'info': 'both', 'lp_status': 'optimal', 'lp_message': '', 'fallback': False}]",1681.7402814814807,1885.418491043403,0.2173923999944236,0.43701310000324156
"[{'theta': array([-3719.50481934]), 'n_active': 1, 'beta1_train': -3224.248027453199, 'beta0_train': -3228.9820347516606, 'beta1_val': -3170.6908130176553, 'beta0_val': -3181.906249021606, 'selected_score': -3228.9820347516606, 'evaluations': 30, 'seconds': 0.03783590000239201, 'method': 'differential_evolution_v2', 'accepted_search': True, 'solver_message': 'Optimization terminated successfully.'}, {'theta': array([-3.28949758e+03,  1.63789188e+00]), 'n_active': 2, 'beta1_train': -2659.2537602173925, 'beta0_train': -4354.344931514688, 'beta1_val': -2718.4486775978507, 'beta0_val': -4587.599999999999, 'selected_score': -4354.344931514688, 'evaluations': 65, 'seconds': 0.044548999998369254, 'method': 'differential_evolution_v2', 'accepted_search': True, 'solver_message': 'Optimization terminated successfully.'}, {'theta': array([-8.21874650e+03, -1.40179987e+00, -9.12804136e+03,  1.16377901e+00]), 'n_active': 4, 'beta1_train': -4238.252041680756, 'beta0_train': -4525.354120130704, 'beta1_val': -4232.093373117211, 'beta0_val': -4570.306802125682, 'selected_score': -4525.354120130704, 'evaluations': 185, 'seconds': 0.12816790000943, 'method': 'differential_evolution_v2', 'accepted_search': True, 'solver_message': 'Maximum number of iterations has been exceeded.'}]",42,"[{'update_slot': 54, 'hour': 9, 'info': 'both', 'lp_status': 'optimal', 'lp_message': '', 'fallback': False}]",1885.418491043403,10648.04201814815,0.21055280001019128,0.3584668999974383
"[{'theta': array([-8158.51878441]), 'n_active': 1, 'beta1_train': -4009.6019277550536, 'beta0_train': -4197.823552269297, 'beta1_val': -4175.118312625001, 'beta0_val': -4202.400000000001, 'selected_score': -4197.823552269297, 'evaluations': 25, 'seconds': 0.03178879999904893, 'method': 'differential_evolution_v2', 'accepted_search': True, 'solver_message': 'Optimization terminated successfully.'}, {'theta': array([-5.17647054e+03,  9.50609217e-01]), 'n_active': 2, 'beta1_train': -2464.172594622912, 'beta0_train': -2674.4925380318314, 'beta1_val': -2672.7813230811826, 'beta0_val': -2672.7813230811917, 'selected_score': -2674.4925380318314, 'evaluations': 65, 'seconds': 0.043688700010534376, 'method': 'differential_evolution_v2', 'accepted_search': True, 'solver_message': 'Optimization terminated successfully.'}, {'theta': array([ -359.42329701,    -1.57705054, -1407.4098678 ,     1.80697122]), 'n_active': 4, 'beta1_train': -357.4669374326922, 'beta0_train': -779.3405963496662, 'beta1_val': -712.1217839652106, 'beta0_val': -712.1217839652106, 'selected_score': -792.9493941954329, 'evaluations': 185, 'seconds': 0.12955650000367314, 'method': 'differential_evolution_v2', 'accepted_search': True, 'solver_message': 'Maximum number of iterations has been exceeded.'}]",42,"[{'update_slot': 54, 'hour': 9, 'info': 'both', 'lp_status': 'optimal', 'lp_message': '', 'fallback': False}]",10648.04201814815,1949.775134520337,0.20503400001325645,0.34792480000760406
"[{'theta': array([-4493.75094826]), 'n_active': 1, 'beta1_train': -4077.5956086676565, 'beta0_train': -4103.146095192212, 'beta1_val': -4105.2, 'beta0_val': -4105.2, 'selected_score': -4103.146095192212, 'evaluations': 20, 'seconds': 0.027670399998896755, 'method': 'differential_evolution_v2', 'accepted_search': True, 'solver_message': 'Optimization terminated successfully.'}, {'theta': array([-3.93858253e+03,  8.84496120e-01]), 'n_active': 2, 'beta1_train': 2046.106763964691, 'beta0_train': -36.76992709875689, 'beta1_val': 1342.1411250676033, 'beta0_val': -2298.9770166624958, 'selected_score': -36.76992709875689, 'evaluations': 95, 'seconds': 0.05860659999598283, 'method': 'differential_evolution_v2', 'accepted_search': True, 'solver_message': 'Maximum number of iterations has been exceeded.'}, {'theta': array([-1.59683944e+02,  1.70251911e+00, -8.52392956e+03,  1.38933171e+00]), 'n_active': 4, 'beta1_train': -578.4829245888855, 'beta0_train': -804.4189320999718, 'beta1_val': -703.8315912843029, 'beta0_val': -711.523505878271, 'selected_score': -805.7771379568056, 'evaluations': 185, 'seconds': 0.13073769999027718, 'method': 'differential_evolution_v2', 'accepted_search': True, 'solver_message': 'Maximum number of iterations has been exceeded.'}]",42,"[{'update_slot': 54, 'hour': 9, 'info': 'both', 'lp_status': 'optimal', 'lp_message': '', 'fallback': False}]",1949.775134520337,1595.6886748148152,0.21701469998515677,0.36401910000131465
"[{'theta': array([-2135.76846505]), 'n_active': 1, 'beta1_train': -4489.467282055772, 'beta0_train': -4508.7065165763315, 'beta1_val': -4510.8, 'beta0_val': -4510.8, 'selected_score': -4508.7065165763315, 'evaluations': 20, 'seconds': 0.02717260000645183, 'method': 'differential_evolution_v2', 'accepted_search': True, 'solver_message': 'Optimization terminated successfully.'}, {'theta': array([-6.17082954e+03,  2.78809527e-01]), 'n_active': 2, 'beta1_train': -2824.7464037882114, 'beta0_train': -2963.776679317261, 'beta1_val': -3257.8920216695296, 'beta0_val': -3257.8920216695296, 'selected_score': -2963.776679317261, 'evaluations': 95, 'seconds': 0.05848689998674672, 'method': 'differential_evolution_v2', 'accepted_search': True, 'solver_message': 'Maximum number of iterations has been exceeded.'}, {'theta': array([-3.20579181e+03, -1.38608599e+00, -2.10939129e+02,  1.72679709e+00]), 'n_active': 4, 'beta1_train': -664.3256906080165, 'beta0_train': -896.0671805916281, 'beta1_val': -268.8276174825326, 'beta0_val': -558.3966016032659, 'selected_score': -896.6661760619887, 'evaluations': 185, 'seconds': 0.13208150000718888, 'method': 'differential_evolution_v2', 'accepted_search': True, 'solver_message': 'Maximum number of iterations has been exceeded.'}]",42,"[{'update_slot': 54, 'hour': 9, 'info': 'both', 'lp_status': 'optimal', 'lp_message': '', 'fallback': False}]",1595.6886748148152,1889.7172764814813,0.21774100000038743,0.3592499000078533
"[{'theta': array([-8799.60444326]), 'n_active': 1, 'beta1_train': -4642.777594313866, 'beta0_train': -4661.035787021981, 'beta1_val': -4663.2, 'beta0_val': -4663.2, 'selected_score': -4661.035787021981, 'evaluations': 25, 'seconds': 0.03400600000168197, 'method': 'differential_evolution_v2', 'accepted_search': True, 'solver_message': 'Optimization terminated successfully.'}, {'theta': array([-1.51270618e+03, -3.48705987e-01]), 'n_active': 2, 'beta1_train': -2438.6664280163086, 'beta0_train': -2501.6396199447045, 'beta1_val': -2574.797352823759, 'beta0_val': -2574.797352823759, 'selected_score': -2501.6396199447045, 'evaluations': 35, 'seconds': 0.028837599995313212, 'method': 'differential_evolution_v2', 'accepted_search': True, 'solver_message': 'Optimization terminated successfully.'}, {'theta': array([-383.06447321,    1.9953431 , -175.14765876,   -1.59258935]), 'n_active': 4, 'beta1_train': -411.48324234564654, 'beta0_train': -856.1869922180093, 'beta1_val': -763.0492845111291, 'beta0_val': -829.1068628286886, 'selected_score': -861.4345403796843, 'evaluations': 185, 'seconds': 0.13314010000613052, 'method': 'differential_evolution_v2', 'accepted_search': True, 'solver_message': 'Maximum number of iterations has been exceeded.'}]",42,"[{'update_slot': 54, 'hour': 9, 'info': 'both', 'lp_status': 'optimal', 'lp_message': '', 'fallback': False}]",1889.7172764814813,1834.2019804444392,0.1959837000031257,0.33726519999618176
"[{'theta': array([-5006.99305321]), 'n_active': 1, 'beta1_train': -2531.5811462600127, 'beta0_train': -2586.1601260149555, 'beta1_val': -2589.6, 'beta0_val': -2589.6, 'selected_score': -2586.1601260149555, 'evaluations': 20, 'seconds': 0.027270800012047403, 'method': 'differential_evolution_v2', 'accepted_search': True, 'solver_message': 'Optimization terminated successfully.'}, {'theta': array([-6.38657634e+03, -4.22889022e-01]), 'n_active': 2, 'beta1_train': -1191.6001041820641, 'beta0_train': -1858.4210867292547, 'beta1_val': -1579.779670606395, 'beta0_val': -2149.2429284920813, 'selected_score': -1858.4210867292547, 'evaluations': 95, 'seconds': 0.059195900001213886, 'method': 'differential_evolution_v2', 'accepted_search': True, 'solver_message': 'Maximum number of iterations has been exceeded.'}, {'theta': array([-4.52014333e+02, -7.91908735e-01, -1.48000786e+03,  1.90339808e+00]), 'n_active': 4, 'beta1_train': 11.733812185873527, 'beta0_train': -430.49464595678313, 'beta1_val': 64.66266252685091, 'beta0_val': -456.8508258038273, 'selected_score': -437.8236863526764, 'evaluations': 185, 'seconds': 0.1297025000094436, 'method': 'differential_evolution_v2', 'accepted_search': True, 'solver_message': 'Maximum number of iterations has been exceeded.'}]",42,"[{'update_slot': 54, 'hour': 9, 'info': 'both', 'lp_status': 'optimal', 'lp_message': '', 'fallback': False}]",1834.2019804444392,1817.4876829629632,0.2161692000227049,0.35823689999233466
"[{'theta': array([-7511.12550208]), 'n_active': 1, 'beta1_train': -2038.1460421277081, 'beta0_train': -2045.2246687472311, 'beta1_val': -2018.6808893786274, 'beta0_val': -2018.6808893786274, 'selected_score': -2045.2246687472311, 'evaluations': 15, 'seconds': 0.023426300002029166, 'method': 'differential_evolution_v2', 'accepted_search': True, 'solver_message': 'Optimization terminated successfully.'}, {'theta': array([-5.95533011e+03, -1.56759417e+00]), 'n_active': 2, 'beta1_train': -705.0640159716057, 'beta0_train': -2592.45346104544, 'beta1_val': -1131.7455261105765, 'beta0_val': -2722.347953492675, 'selected_score': -2592.45346104544, 'evaluations': 55, 'seconds': 0.03928480000467971, 'method': 'differential_evolution_v2', 'accepted_search': True, 'solver_message': 'Optimization terminated successfully.'}, {'theta': array([-2.27694621e+02, -8.84732971e-01, -5.37481521e+03, -1.77714854e+00]), 'n_active': 4, 'beta1_train': -479.4909918965505, 'beta0_train': -672.4744308898764, 'beta1_val': -537.3685633565108, 'beta0_val': -677.0549132874297, 'selected_score': -673.6780853961632, 'evaluations': 185, 'seconds': 0.13177059999725316, 'method': 'differential_evolution_v2', 'accepted_search': True, 'solver_message': 'Maximum number of iterations has been exceeded.'}]",42,"[{'update_slot': 54, 'hour': 9, 'info': 'both', 'lp_status': 'optimal', 'lp_message': '', 'fallback': False}]",1817.4876829629632,2490.4863065296245,0.19448170000396203,0.33818049999536015
"[{'theta': array([-1929.77585382]), 'n_active': 1, 'beta1_train': -2627.3879635173, 'beta0_train': -3289.002396169517, 'beta1_val': -2751.706959482825, 'beta0_val': -3317.027302834059, 'selected_score': -3289.002396169517, 'evaluations': 50, 'seconds': 0.05348249999224208, 'method': 'differential_evolution_v2', 'accepted_search': True, 'solver_message': 'Maximum number of iterations has been exceeded.'}, {'theta': array([-5.5451545e+03,  1.0524369e-01]), 'n_active': 2, 'beta1_train': -1716.8734451630805, 'beta0_train': -3455.568786749712, 'beta1_val': -1939.4611359677901, 'beta0_val': -3112.70958413852, 'selected_score': -3455.568786749712, 'evaluations': 35, 'seconds': 0.03288629998860415, 'method': 'differential_evolution_v2', 'accepted_search': True, 'solver_message': 'Optimization terminated successfully.'}, {'theta': array([-7.11743166e+03,  3.75734777e-01, -8.78051888e+03, -1.80055694e+00]), 'n_active': 4, 'beta1_train': -3119.273359959388, 'beta0_train': -3390.542136585298, 'beta1_val': -3322.3554845918525, 'beta0_val': -3322.3554845918525, 'selected_score': -3390.542136585298, 'evaluations': 185, 'seconds': 0.13087480000103824, 'method': 'differential_evolution_v2', 'accepted_search': True, 'solver_message': 'Maximum number of iterations has been exceeded.'}]",42,"[{'update_slot': 54, 'hour': 9, 'info': 'both', 'lp_status': 'optimal', 'lp_message': '', 'fallback': False}]",2490.4863065296245,8338.299096296296,0.21724359998188447,0.3634377999987919
"[{'theta': array([-1158.19474059]), 'n_active': 1, 'beta1_train': -2681.6262203250158, 'beta0_train': -3555.6253268301493, 'beta1_val': -2671.2101728381667, 'beta0_val': -3469.1960678946502, 'selected_score': -3555.6253268301493, 'evaluations': 15, 'seconds': 0.022473200006061234, 'method': 'differential_evolution_v2', 'accepted_search': True, 'solver_message': 'Optimization terminated successfully.'}, {'theta': array([-2.36338292e+03, -1.23849863e+00]), 'n_active': 2, 'beta1_train': -2023.9655823338203, 'beta0_train': -2276.0331537274956, 'beta1_val': -2187.8413101337487, 'beta0_val': -2187.8413101337487, 'selected_score': -2276.0331537274956, 'evaluations': 95, 'seconds': 0.06132190000789706, 'method': 'differential_evolution_v2', 'accepted_search': True, 'solver_message': 'Maximum number of iterations has been exceeded.'}, {'theta': array([-3.33035384e+02, -2.82045224e-02, -2.08267295e+03,  1.21623835e+00]), 'n_active': 4, 'beta1_train': -721.3360781407248, 'beta0_train': -835.0649599653834, 'beta1_val': -829.6537684283123, 'beta0_val': -829.6537684283123, 'selected_score': -841.1467713012114, 'evaluations': 185, 'seconds': 0.1285007999977097, 'method': 'differential_evolution_v2', 'accepted_search': True, 'solver_message': 'Maximum number of iterations has been exceeded.'}]",42,"[{'update_slot': 54, 'hour': 9, 'info': 'both', 'lp_status': 'optimal', 'lp_message': '', 'fallback': False}]",8338.299096296296,2493.451567478762,0.21229590001166798,0.361941700000898
"[{'theta': array([-8452.6563798]), 'n_active': 1, 'beta1_train': -3274.453920651654, 'beta0_train': -4082.63955060066, 'beta1_val': -3681.8901886577496, 'beta0_val': -4109.040577143003, 'selected_score': -4082.63955060066, 'evaluations': 25, 'seconds': 0.032644999999320135, 'method': 'differential_evolution_v2', 'accepted_search': True, 'solver_message': 'Optimization terminated successfully.'}, {'theta': array([-1.76170092e+03, -1.61418276e+00]), 'n_active': 2, 'beta1_train': 1952.8974708710903, 'beta0_train': -1715.6592475394432, 'beta1_val': 1457.1100271171686, 'beta0_val': -2480.890608691119, 'selected_score': -1715.6592475394432, 'evaluations': 35, 'seconds': 0.029619799999636598, 'method': 'differential_evolution_v2', 'accepted_search': True, 'solver_message': 'Optimization terminated successfully.'}, {'theta': array([-4.95860469e+03, -1.47350612e+00, -2.32372439e+02,  9.77318754e-01]), 'n_active': 4, 'beta1_train': -661.215526787959, 'beta0_train': -770.5261293034033, 'beta1_val': -729.0941091229422, 'beta0_val': -729.0941091229422, 'selected_score': -770.8114816079659, 'evaluations': 185, 'seconds': 0.13131729999440722, 'method': 'differential_evolution_v2', 'accepted_search': True, 'solver_message': 'Maximum number of iterations has been exceeded.'}]",42,"[{'update_slot': 54, 'hour': 9, 'info': 'both', 'lp_status': 'optimal', 'lp_message': '', 'fallback': False}]",2493.451567478762,2381.3900290740776,0.19358209999336395,0.3418154999963008
"[{'theta': array([-5461.20946218]), 'n_active': 1, 'beta1_train': -4159.197441012413, 'beta0_train': -4184.542200617284, 'beta1_val': -4186.8, 'beta0_val': -4186.8, 'selected_score': -4184.542200617284, 'evaluations': 20, 'seconds': 0.0278388000006089, 'method': 'differential_evolution_v2', 'accepted_search': True, 'solver_message': 'Optimization terminated successfully.'}, {'theta': array([-2.54648097e+03, -1.08723312e-01]), 'n_active': 2, 'beta1_train': 1850.7671129687874, 'beta0_train': -2141.139370830129, 'beta1_val': 574.8480754832135, 'beta0_val': -2787.592744883666, 'selected_score': -2141.139370830129, 'evaluations': 55, 'seconds': 0.03858089999994263, 'method': 'differential_evolution_v2', 'accepted_search': True, 'solver_message': 'Optimization terminated successfully.'}, {'theta': array([-1.06506011e+03,  4.97378165e-02, -3.16854998e+03, -1.40669514e+00]), 'n_active': 4, 'beta1_train': -819.0016978608663, 'beta0_train': -966.9506556435277, 'beta1_val': -1128.6468271360732, 'beta0_val': -1128.6468271360732, 'selected_score': -966.9506556435277, 'evaluations': 185, 'seconds': 0.1260997000063071, 'method': 'differential_evolution_v2', 'accepted_search': True, 'solver_message': 'Maximum number of iterations has been exceeded.'}]",42,"[{'update_slot': 54, 'hour': 9, 'info': 'both', 'lp_status': 'optimal', 'lp_message': '', 'fallback': False}]",2381.3900290740776,2681.736224091624,0.19251940000685863,0.3352908000088064
"[{'theta': array([-7144.83995183]), 'n_active': 1, 'beta1_train': -3939.4464580374656, 'beta0_train': -4078.707792371165, 'beta1_val': -4030.14522624, 'beta0_val': -4096.584765084444, 'selected_score': -4078.707792371165, 'evaluations': 20, 'seconds': 0.026431200007209554, 'method': 'differential_evolution_v2', 'accepted_search': True, 'solver_message': 'Optimization terminated successfully.'}, {'theta': array([-4.57693374e+03, -1.33060445e+00]), 'n_active': 2, 'beta1_train': -2329.7355005883414, 'beta0_train': -2610.981038190817, 'beta1_val': -2604.113230132548, 'beta0_val': -2604.113230132548, 'selected_score': -2610.981038190817, 'evaluations': 35, 'seconds': 0.028475900006014854, 'method': 'differential_evolution_v2', 'accepted_search': True, 'solver_message': 'Optimization terminated successfully.'}, {'theta': array([-3.62522209e+02, -4.96658045e-01, -3.77817993e+03,  1.87151438e+00]), 'n_active': 4, 'beta1_train': -489.2455732086253, 'beta0_train': -925.5218779495333, 'beta1_val': -416.3414365566904, 'beta0_val': -1090.4334134044454, 'selected_score': -931.273139313474, 'evaluations': 185, 'seconds': 0.12987509999948088, 'method': 'differential_evolution_v2', 'accepted_search': True, 'solver_message': 'Maximum number of iterations has been exceeded.'}]",42,"[{'update_slot': 54, 'hour': 9, 'info': 'both', 'lp_status': 'optimal', 'lp_message': '', 'fallback': False}]",2681.736224091624,2460.34757425926,0.1847822000127053,0.33059290000528563
"[{'theta': array([-3246.40842189]), 'n_active': 1, 'beta1_train': -2725.6520856189227, 'beta0_train': -2851.2063563633747, 'beta1_val': -2518.8527303622022, 'beta0_val': -2781.688424836173, 'selected_score': -2851.2063563633747, 'evaluations': 20, 'seconds': 0.027574499996262603, 'method': 'differential_evolution_v2', 'accepted_search': True, 'solver_message': 'Optimization terminated successfully.'}, {'theta': array([-5.81526109e+03,  6.81652228e-02]), 'n_active': 2, 'beta1_train': -1672.0113111247792, 'beta0_train': -1888.928555175664, 'beta1_val': -2257.5572166444413, 'beta0_val': -2257.5572166444413, 'selected_score': -1888.928555175664, 'evaluations': 95, 'seconds': 0.05955360000371002, 'method': 'differential_evolution_v2', 'accepted_search': True, 'solver_message': 'Maximum number of iterations has been exceeded.'}, {'theta': array([-2.57344155e+02, -6.36235735e-02, -2.06326761e+03, -3.86070369e-02]), 'n_active': 4, 'beta1_train': 21.794938828815823, 'beta0_train': -418.00727412001413, 'beta1_val': -410.49615082337067, 'beta0_val': -467.92166792310655, 'selected_score': -425.7733415439695, 'evaluations': 185, 'seconds': 0.13238989999808837, 'method': 'differential_evolution_v2', 'accepted_search': True, 'solver_message': 'Maximum number of iterations has been exceeded.'}]",42,"[{'update_slot': 54, 'hour': 9, 'info': 'both', 'lp_status': 'optimal', 'lp_message': '', 'fallback': False}]",2460.34757425926,1866.303987592594,0.219517999998061,0.3635192000074312
"[{'theta': array([-3884.59744864]), 'n_active': 1, 'beta1_train': -2236.707698533663, 'beta0_train': -2247.338223416528, 'beta1_val': -2255.973808648561, 'beta0_val': -2255.973808648561, 'selected_score': -2247.338223416528, 'evaluations': 30, 'seconds': 0.03570229999604635, 'method': 'differential_evolution_v2', 'accepted_search': True, 'solver_message': 'Optimization terminated successfully.'}, {'theta': array([-6.92814995e+03,  7.34792878e-01]), 'n_active': 2, 'beta1_train': -331.09550566951077, 'beta0_train': -2083.855737082579, 'beta1_val': -716.8511939047835, 'beta0_val': -2118.354130550309, 'selected_score': -2083.855737082579, 'evaluations': 95, 'seconds': 0.05818949999229517, 'method': 'differential_evolution_v2', 'accepted_search': True, 'solver_message': 'Maximum number of iterations has been exceeded.'}, {'theta': array([-7.72058851e+03, -4.98009446e-02, -5.94082108e+03,  6.11733675e-01]), 'n_active': 4, 'beta1_train': -184.59354103045143, 'beta0_train': -501.40282635949035, 'beta1_val': -239.13705201475017, 'beta0_val': -494.9550822990963, 'selected_score': -501.40282635949035, 'evaluations': 105, 'seconds': 0.08213399999658577, 'method': 'differential_evolution_v2', 'accepted_search': True, 'solver_message': 'Optimization terminated successfully.'}]",42,"[{'update_slot': 54, 'hour': 9, 'info': 'both', 'lp_status': 'optimal', 'lp_message': '', 'fallback': False}]",1866.303987592594,1960.607579741839,0.1760257999849273,0.3191571000061231
"[{'theta': array([-4975.64534801]), 'n_active': 1, 'beta1_train': -3984.4001852366982, 'beta0_train': -3993.540792449046, 'beta1_val': -3883.794789721209, 'beta0_val': -3883.794789721209, 'selected_score': -3993.540792449046, 'evaluations': 50, 'seconds': 0.053002799992100336, 'method': 'differential_evolution_v2', 'accepted_search': True, 'solver_message': 'Maximum number of iterations has been exceeded.'}, {'theta': array([-8.63440904e+03, -1.25861397e+00]), 'n_active': 2, 'beta1_train': -1812.5289117928571, 'beta0_train': -3388.8696188623294, 'beta1_val': -2429.9313514783144, 'beta0_val': -3903.840882241546, 'selected_score': -3388.8696188623294, 'evaluations': 95, 'seconds': 0.058525600004941225, 'method': 'differential_evolution_v2', 'accepted_search': True, 'solver_message': 'Maximum number of iterations has been exceeded.'}, {'theta': array([-6.36796749e+03,  4.91106865e-01, -2.83059075e+03,  7.36351915e-01]), 'n_active': 4, 'beta1_train': -2265.004923080457, 'beta0_train': -2539.0900430584516, 'beta1_val': -2580.2516330135013, 'beta0_val': -2615.0790345827313, 'selected_score': -2539.0900430584516, 'evaluations': 165, 'seconds': 0.11738920000789221, 'method': 'differential_evolution_v2', 'accepted_search': True, 'solver_message': 'Optimization terminated successfully.'}]",42,"[{'update_slot': 54, 'hour': 9, 'info': 'both', 'lp_status': 'optimal', 'lp_message': '', 'fallback': False}]",1960.607579741839,6355.392481481482,0.22891760000493377,0.37251099999411963
"[{'theta': array([-8138.93778966]), 'n_active': 1, 'beta1_train': -4329.090881648382, 'beta0_train': -4346.012287433504, 'beta1_val': -4320.8051375000005, 'beta0_val': -4343.585626543209, 'selected_score': -4346.012287433504, 'evaluations': 35, 'seconds': 0.03901509998831898, 'method': 'differential_evolution_v2', 'accepted_search': True, 'solver_message': 'Optimization terminated successfully.'}, {'theta': array([-4.54869905e+03, -1.07700542e+00]), 'n_active': 2, 'beta1_train': -2165.8617882167678, 'beta0_train': -2643.197506915961, 'beta1_val': -2815.3632164914707, 'beta0_val': -2868.092008129946, 'selected_score': -2643.197506915961, 'evaluations': 95, 'seconds': 0.05996529999538325, 'method': 'differential_evolution_v2', 'accepted_search': True, 'solver_message': 'Maximum number of iterations has been exceeded.'}, {'theta': array([-1.32457233e+03,  1.71210251e+00, -4.34041441e+03, -9.08356961e-01]), 'n_active': 4, 'beta1_train': -688.535413371943, 'beta0_train': -749.9587978930356, 'beta1_val': -765.2604109959439, 'beta0_val': -765.2604109959439, 'selected_score': -749.9587978930356, 'evaluations': 145, 'seconds': 0.10552779999852646, 'method': 'differential_evolution_v2', 'accepted_search': True, 'solver_message': 'Optimization terminated successfully.'}]",42,"[{'update_slot': 54, 'hour': 9, 'info': 'both', 'lp_status': 'optimal', 'lp_message': '', 'fallback': False}]",6355.392481481482,1967.5022113591615,0.2045081999822287,0.356359400000656
"[{'theta': array([-2778.62003599]), 'n_active': 1, 'beta1_train': -3876.8167403771163, 'beta0_train': -3906.810287819934, 'beta1_val': -3836.3224435583334, 'beta0_val': -3908.3999999999996, 'selected_score': -3906.810287819934, 'evaluations': 20, 'seconds': 0.02732819999800995, 'method': 'differential_evolution_v2', 'accepted_search': True, 'solver_message': 'Optimization terminated successfully.'}, {'theta': array([-4.69650927e+03,  6.18265115e-01]), 'n_active': 2, 'beta1_train': -2358.811771092656, 'beta0_train': -2590.983072008551, 'beta1_val': -2864.8331780728568, 'beta0_val': -2864.8331780728568, 'selected_score': -2590.983072008551, 'evaluations': 55, 'seconds': 0.03896980000718031, 'method': 'differential_evolution_v2', 'accepted_search': True, 'solver_message': 'Optimization terminated successfully.'}, {'theta': array([-3.14026284e+02, -1.72606256e+00, -5.73073258e+03, -6.86112521e-01]), 'n_active': 4, 'beta1_train': -75.01726769957779, 'beta0_train': -580.1240622784109, 'beta1_val': -396.35395901405144, 'beta0_val': -665.6294248027361, 'selected_score': -580.3777605925162, 'evaluations': 185, 'seconds': 0.12758359999861568, 'method': 'differential_evolution_v2', 'accepted_search': True, 'solver_message': 'Maximum number of iterations has been exceeded.'}]",42,"[{'update_slot': 54, 'hour': 9, 'info': 'both', 'lp_status': 'optimal', 'lp_message': '', 'fallback': False}]",1967.5022113591615,1361.987159629628,0.19388160000380594,0.33853979999548756
"[{'theta': array([-1769.28584098]), 'n_active': 1, 'beta1_train': -4491.898985907479, 'beta0_train': -4512.340911798656, 'beta1_val': -4438.946869166666, 'beta0_val': -4501.066518724279, 'selected_score': -4512.340911798656, 'evaluations': 15, 'seconds': 0.022129500008304603, 'method': 'differential_evolution_v2', 'accepted_search': True, 'solver_message': 'Optimization terminated successfully.'}, {'theta': array([-4.05736308e+03,  1.60692030e+00]), 'n_active': 2, 'beta1_train': -2648.798800412222, 'beta0_train': -2884.1749321724565, 'beta1_val': -2726.319670510844, 'beta0_val': -2923.0981213591012, 'selected_score': -2884.1749321724565, 'evaluations': 45, 'seconds': 0.03372960000706371, 'method': 'differential_evolution_v2', 'accepted_search': True, 'solver_message': 'Optimization terminated successfully.'}, {'theta': array([-4.14679983e+03,  3.53264297e-01, -9.46375392e+03,  1.67020091e+00]), 'n_active': 4, 'beta1_train': -426.20728384413184, 'beta0_train': -674.2358631870798, 'beta1_val': -455.64041464537456, 'beta0_val': -457.2457756844894, 'selected_score': -674.2358631870798, 'evaluations': 185, 'seconds': 0.128108599994448, 'method': 'differential_evolution_v2', 'accepted_search': True, 'solver_message': 'Maximum number of iterations has been exceeded.'}]",42,"[{'update_slot': 54, 'hour': 9, 'info': 'both', 'lp_status': 'optimal', 'lp_message': '', 'fallback': False}]",1361.987159629628,1691.3709056277917,0.18396770000981633,0.323855900001945
"[{'theta': array([-3175.60199621]), 'n_active': 1, 'beta1_train': -4375.238368904831, 'beta0_train': -4388.476605179163, 'beta1_val': -4389.6, 'beta0_val': -4389.6, 'selected_score': -4388.476605179163, 'evaluations': 20, 'seconds': 0.026384900003904477, 'method': 'differential_evolution_v2', 'accepted_search': True, 'solver_message': 'Optimization terminated successfully.'}, {'theta': array([-1.11100787e+03,  7.99473252e-03]), 'n_active': 2, 'beta1_train': -1658.2204350570873, 'beta0_train': -2057.2727285169212, 'beta1_val': -2449.434616937868, 'beta0_val': -2745.3726767028033, 'selected_score': -2057.2727285169212, 'evaluations': 45, 'seconds': 0.03380770000512712, 'method': 'differential_evolution_v2', 'accepted_search': True, 'solver_message': 'Optimization terminated successfully.'}, {'theta': array([-4.34736536e+03,  7.38121766e-03, -7.66806070e+03,  1.53518457e+00]), 'n_active': 4, 'beta1_train': -460.38515286240516, 'beta0_train': -722.7599067410114, 'beta1_val': -708.7132451768484, 'beta0_val': -708.7132451768484, 'selected_score': -722.7599067410114, 'evaluations': 185, 'seconds': 0.12981939999735914, 'method': 'differential_evolution_v2', 'accepted_search': True, 'solver_message': 'Maximum number of iterations has been exceeded.'}]",42,"[{'update_slot': 54, 'hour': 9, 'info': 'both', 'lp_status': 'optimal', 'lp_message': '', 'fallback': False}]",1691.3709056277917,2174.299088086324,0.19001200000639074,0.32977280000341125
"[{'theta': array([-1107.44203769]), 'n_active': 1, 'beta1_train': -2997.278435486096, 'beta0_train': -3027.4329790023085, 'beta1_val': -3028.8, 'beta0_val': -3028.8, 'selected_score': -3027.4329790023085, 'evaluations': 20, 'seconds': 0.02771249999932479, 'method': 'differential_evolution_v2', 'accepted_search': True, 'solver_message': 'Optimization terminated successfully.'}, {'theta': array([-5.20820426e+03, -7.72685508e-01]), 'n_active': 2, 'beta1_train': -1496.95344976473, 'beta0_train': -1814.798460794554, 'beta1_val': -1764.2679640260824, 'beta0_val': -1986.9452993121088, 'selected_score': -1814.798460794554, 'evaluations': 55, 'seconds': 0.042567199998302385, 'method': 'differential_evolution_v2', 'accepted_search': True, 'solver_message': 'Optimization terminated successfully.'}, {'theta': array([-2.31695016e+02, -5.24898374e-01, -1.67058778e+03,  1.83288429e+00]), 'n_active': 4, 'beta1_train': -6.278872834127553, 'beta0_train': -463.9645352557127, 'beta1_val': -280.73213762004883, 'beta0_val': -596.2192581881794, 'selected_score': -464.17879294540967, 'evaluations': 185, 'seconds': 0.13300750000053085, 'method': 'differential_evolution_v2', 'accepted_search': True, 'solver_message': 'Maximum number of iterations has been exceeded.'}]",42,"[{'update_slot': 54, 'hour': 9, 'info': 'both', 'lp_status': 'optimal', 'lp_message': '', 'fallback': False}]",2174.299088086324,2013.8101820389086,0.20328719999815803,0.34556119999615476
"[{'theta': array([-8577.09346101]), 'n_active': 1, 'beta1_train': -2314.9588552711525, 'beta0_train': -2323.085493991623, 'beta1_val': -2348.3565218839817, 'beta0_val': -2348.3565218839817, 'selected_score': -2323.085493991623, 'evaluations': 20, 'seconds': 0.027291800011880696, 'method': 'differential_evolution_v2', 'accepted_search': True, 'solver_message': 'Optimization terminated successfully.'}, {'theta': array([-5.59030013e+03, -7.72057455e-01]), 'n_active': 2, 'beta1_train': -213.71263765944153, 'beta0_train': -2001.7046078623432, 'beta1_val': -700.3393855886852, 'beta0_val': -2291.067418963025, 'selected_score': -2001.7046078623432, 'evaluations': 45, 'seconds': 0.033619599998928607, 'method': 'differential_evolution_v2', 'accepted_search': True, 'solver_message': 'Optimization terminated successfully.'}, {'theta': array([-6.26447384e+03,  9.75895459e-03, -8.31462375e+03,  1.93540599e+00]), 'n_active': 4, 'beta1_train': -220.36389174681204, 'beta0_train': -442.6803813389511, 'beta1_val': -521.8930911125267, 'beta0_val': -547.1709314230303, 'selected_score': -442.6803813389511, 'evaluations': 185, 'seconds': 0.12812819999817293, 'method': 'differential_evolution_v2', 'accepted_search': True, 'solver_message': 'Maximum number of iterations has been exceeded.'}]",42,"[{'update_slot': 54, 'hour': 9, 'info': 'both', 'lp_status': 'optimal', 'lp_message': '', 'fallback': False}]",2013.8101820389086,1815.0467878145091,0.18903960000898223,0.3381650999945123
"[{'theta': array([-3389.14921807]), 'n_active': 1, 'beta1_train': -3969.2869455318646, 'beta0_train': -3985.0765088075877, 'beta1_val': -3972.2221141975306, 'beta0_val': -3972.2221141975306, 'selected_score': -3985.0765088075877, 'evaluations': 50, 'seconds': 0.05590639999718405, 'method': 'differential_evolution_v2', 'accepted_search': True, 'solver_message': 'Maximum number of iterations has been exceeded.'}, {'theta': array([-1.23238948e+03,  8.02115077e-01]), 'n_active': 2, 'beta1_train': -1218.2265465369285, 'beta0_train': -3056.7625401656414, 'beta1_val': -1460.9412107524095, 'beta0_val': -3270.853001859623, 'selected_score': -3056.7625401656414, 'evaluations': 45, 'seconds': 0.03383699999540113, 'method': 'differential_evolution_v2', 'accepted_search': True, 'solver_message': 'Optimization terminated successfully.'}, {'theta': array([-6.40127926e+02,  1.88921648e+00, -7.37602490e+03, -5.77206751e-01]), 'n_active': 4, 'beta1_train': -3263.122830483894, 'beta0_train': -3508.4383237288466, 'beta1_val': -2854.494795527517, 'beta0_val': -3150.369594646536, 'selected_score': -3508.4383237288466, 'evaluations': 145, 'seconds': 0.10689260000071954, 'method': 'differential_evolution_v2', 'accepted_search': True, 'solver_message': 'Optimization terminated successfully.'}]",42,"[{'update_slot': 54, 'hour': 9, 'info': 'both', 'lp_status': 'optimal', 'lp_message': '', 'fallback': False}]",1815.0467878145091,9202.073360606428,0.19663599999330472,0.3431219000049168
"[{'theta': array([-6703.26390551]), 'n_active': 1, 'beta1_train': -2844.316450846918, 'beta0_train': -4290.398642277138, 'beta1_val': -2903.7247135968346, 'beta0_val': -4326.0, 'selected_score': -4290.398642277138, 'evaluations': 25, 'seconds': 0.0317574000073364, 'method': 'differential_evolution_v2', 'accepted_search': True, 'solver_message': 'Optimization terminated successfully.'}, {'theta': array([-3.25937160e+03,  1.10226315e+00]), 'n_active': 2, 'beta1_train': -1978.617735686688, 'beta0_train': -2664.0488740228134, 'beta1_val': -2688.8005938113033, 'beta0_val': -2709.6237969115405, 'selected_score': -2664.0488740228134, 'evaluations': 45, 'seconds': 0.034686400002101436, 'method': 'differential_evolution_v2', 'accepted_search': True, 'solver_message': 'Optimization terminated successfully.'}, {'theta': array([-5.51916394e+03,  1.04424977e-01, -1.27802935e+02,  1.26519962e+00]), 'n_active': 4, 'beta1_train': -1266.2976980197272, 'beta0_train': -1341.194446706433, 'beta1_val': -1360.5611731746922, 'beta0_val': -1360.5611731746922, 'selected_score': -1341.300253843949, 'evaluations': 185, 'seconds': 0.12968139999429695, 'method': 'differential_evolution_v2', 'accepted_search': True, 'solver_message': 'Maximum number of iterations has been exceeded.'}]",42,"[{'update_slot': 54, 'hour': 9, 'info': 'both', 'lp_status': 'optimal', 'lp_message': '', 'fallback': False}]",9202.073360606428,3373.647679444445,0.1961252000037348,0.34034919999248814
"[{'theta': array([-296.67803464]), 'n_active': 1, 'beta1_train': -4120.457515214297, 'beta0_train': -4141.306485536485, 'beta1_val': -4106.345173984917, 'beta0_val': -4142.4, 'selected_score': -4141.306485536485, 'evaluations': 20, 'seconds': 0.027225300000282004, 'method': 'differential_evolution_v2', 'accepted_search': True, 'solver_message': 'Optimization terminated successfully.'}, {'theta': array([-6.07643050e+03,  9.72722698e-02]), 'n_active': 2, 'beta1_train': -2459.9323817068507, 'beta0_train': -2495.958367191985, 'beta1_val': -2530.3115605453722, 'beta0_val': -2530.3115605453763, 'selected_score': -2495.958367191985, 'evaluations': 95, 'seconds': 0.0589408999949228, 'method': 'differential_evolution_v2', 'accepted_search': True, 'solver_message': 'Maximum number of iterations has been exceeded.'}, {'theta': array([-6.87058612e+03, -5.68195968e-01, -7.40204622e+03, -1.92667066e+00]), 'n_active': 4, 'beta1_train': -293.910916736886, 'beta0_train': -595.3531090705695, 'beta1_val': -652.3410351777302, 'beta0_val': -652.3410351777302, 'selected_score': -595.3531090705695, 'evaluations': 185, 'seconds': 0.12791350000770763, 'method': 'differential_evolution_v2', 'accepted_search': True, 'solver_message': 'Maximum number of iterations has been exceeded.'}]",42,"[{'update_slot': 54, 'hour': 9, 'info': 'both', 'lp_status': 'optimal', 'lp_message': '', 'fallback': False}]",3373.647679444445,1777.33475567165,0.21407970000291243,0.359486499990453
"[{'theta': array([-3619.98572432]), 'n_active': 1, 'beta1_train': -3567.294126252467, 'beta0_train': -3578.834893285155, 'beta1_val': -831.1651162565995, 'beta0_val': -3077.6850265549906, 'selected_score': -3578.834893285155, 'evaluations': 15, 'seconds': 0.02379089999885764, 'method': 'differential_evolution_v2', 'accepted_search': True, 'solver_message': 'Optimization terminated successfully.'}, {'theta': array([0., 0.]), 'n_active': 2, 'beta1_train': -2334.066375680156, 'beta0_train': -2372.6381668147283, 'beta1_val': 14441.871737842981, 'beta0_val': 16050.187597191461, 'selected_score': -2334.066375680156, 'evaluations': 95, 'seconds': 0.059914400000707246, 'method': 'differential_evolution_v2', 'accepted_search': False, 'solver_message': 'Maximum number of iterations has been exceeded.'}, {'theta': array([-9.11699876e+03,  1.03917776e+00, -8.23112757e+03, -1.38262159e+00]), 'n_active': 4, 'beta1_train': -236.38840178690035, 'beta0_train': -526.1266786469204, 'beta1_val': -283.03519135029916, 'beta0_val': -593.0082567544868, 'selected_score': -526.1266786469204, 'evaluations': 125, 'seconds': 0.09500619999016635, 'method': 'differential_evolution_v2', 'accepted_search': True, 'solver_message': 'Optimization terminated successfully.'}]",42,"[{'update_slot': 54, 'hour': 9, 'info': 'both', 'lp_status': 'optimal', 'lp_message': '', 'fallback': False}]",1777.33475567165,1426.517565185185,0.17871149998973124,0.31949490000260994
"[{'theta': array([-6848.78236588]), 'n_active': 1, 'beta1_train': -4175.294131287976, 'beta0_train': -4204.292601036034, 'beta1_val': -2801.1731790420154, 'beta0_val': -3860.8565132903705, 'selected_score': -4204.292601036034, 'evaluations': 20, 'seconds': 0.02871450000384357, 'method': 'differential_evolution_v2', 'accepted_search': True, 'solver_message': 'Optimization terminated successfully.'}, {'theta': array([-272.26757191,    0.55947037]), 'n_active': 2, 'beta1_train': -2297.69500591181, 'beta0_train': -2306.6935656457717, 'beta1_val': 9809.534017972244, 'beta0_val': 9814.558720589856, 'selected_score': -2335.2481087047054, 'evaluations': 95, 'seconds': 0.06157320000056643, 'method': 'differential_evolution_v2', 'accepted_search': True, 'solver_message': 'Maximum number of iterations has been exceeded.'}, {'theta': array([-7.31442261e+03, -1.71182997e+00, -1.20722697e+03, -1.52173392e+00]), 'n_active': 4, 'beta1_train': -701.8027399746661, 'beta0_train': -743.2175404771606, 'beta1_val': -337.19922936720775, 'beta0_val': -578.6755749374857, 'selected_score': -743.2175404771606, 'evaluations': 145, 'seconds': 0.11160319999908097, 'method': 'differential_evolution_v2', 'accepted_search': True, 'solver_message': 'Optimization terminated successfully.'}]",42,"[{'update_slot': 54, 'hour': 9, 'info': 'both', 'lp_status': 'optimal', 'lp_message': '', 'fallback': False}]",1426.517565185185,1573.70996738839,0.20189090000349097,0.35529849999875296
"[{'theta': array([-3219.6677539]), 'n_active': 1, 'beta1_train': -2819.411578900383, 'beta0_train': -2880.8877940066286, 'beta1_val': -1862.6966958643025, 'beta0_val': -2714.0408608732514, 'selected_score': -2880.8877940066286, 'evaluations': 25, 'seconds': 0.032182499999180436, 'method': 'differential_evolution_v2', 'accepted_search': True, 'solver_message': 'Optimization terminated successfully.'}, {'theta': array([-47.76371326,   0.23816751]), 'n_active': 2, 'beta1_train': -1378.4871474446404, 'beta0_train': -1346.6105677279515, 'beta1_val': 1937.4550730719047, 'beta0_val': 2208.0169337418556, 'selected_score': -1379.4870067237, 'evaluations': 95, 'seconds': 0.06010579998837784, 'method': 'differential_evolution_v2', 'accepted_search': True, 'solver_message': 'Maximum number of iterations has been exceeded.'}, {'theta': array([-9.33101416e+03,  3.11139931e-01, -4.56735275e+03,  6.94076329e-01]), 'n_active': 4, 'beta1_train': -191.9012766009911, 'beta0_train': -431.2200618004516, 'beta1_val': -208.2851901439592, 'beta0_val': -412.88301548029784, 'selected_score': -431.2200618004516, 'evaluations': 85, 'seconds': 0.0717302999983076, 'method': 'differential_evolution_v2', 'accepted_search': True, 'solver_message': 'Optimization terminated successfully.'}]",42,"[{'update_slot': 54, 'hour': 9, 'info': 'both', 'lp_status': 'optimal', 'lp_message': '', 'fallback': False}]",1573.70996738839,1351.6931277436333,0.16401859998586588,0.30683159999898635
"[{'theta': array([-5285.73367725]), 'n_active': 1, 'beta1_train': -3077.439815951819, 'beta0_train': -3109.2218541289253, 'beta1_val': -2334.1624179722276, 'beta0_val': -2975.8843079170374, 'selected_score': -3109.2218541289253, 'evaluations': 20, 'seconds': 0.02712430000246968, 'method': 'differential_evolution_v2', 'accepted_search': True, 'solver_message': 'Optimization terminated successfully.'}, {'theta': array([-6.78464027e+03, -9.24695716e-02]), 'n_active': 2, 'beta1_train': -500.2295866419676, 'beta0_train': -2477.7598835315443, 'beta1_val': 6242.6432365818, 'beta0_val': -356.560890840826, 'selected_score': -2477.7598835315443, 'evaluations': 45, 'seconds': 0.0352744999981951, 'method': 'differential_evolution_v2', 'accepted_search': True, 'solver_message': 'Optimization terminated successfully.'}, {'theta': array([-4.93311567e+03,  6.46414273e-02, -1.16220107e+03, -9.01238931e-01]), 'n_active': 4, 'beta1_train': -434.879244504765, 'beta0_train': -571.9017771302393, 'beta1_val': -71.50688828004968, 'beta0_val': -297.82458430945354, 'selected_score': -571.9017771302393, 'evaluations': 185, 'seconds': 0.13426270001218654, 'method': 'differential_evolution_v2', 'accepted_search': True, 'solver_message': 'Maximum number of iterations has been exceeded.'}]",42,"[{'update_slot': 54, 'hour': 9, 'info': 'both', 'lp_status': 'optimal', 'lp_message': '', 'fallback': False}]",1351.6931277436333,1586.4820592214153,0.19666150001285132,0.3401832999952603
"[{'theta': array([-5886.15614685]), 'n_active': 1, 'beta1_train': -4334.263068317774, 'beta0_train': -4372.479101596408, 'beta1_val': -4322.62541385, 'beta0_val': -4381.2, 'selected_score': -4372.479101596408, 'evaluations': 25, 'seconds': 0.03280380000069272, 'method': 'differential_evolution_v2', 'accepted_search': True, 'solver_message': 'Optimization terminated successfully.'}, {'theta': array([-8.02339976e+03,  9.66684992e-01]), 'n_active': 2, 'beta1_train': -978.2143949419007, 'beta0_train': -2674.1728945942345, 'beta1_val': 1770.8804129011892, 'beta0_val': -2118.5344494938836, 'selected_score': -2674.1728945942345, 'evaluations': 45, 'seconds': 0.03415429999586195, 'method': 'differential_evolution_v2', 'accepted_search': True, 'solver_message': 'Optimization terminated successfully.'}, {'theta': array([-9.54954549e+02, -1.16730129e-01, -8.22504788e+03,  1.71451309e-01]), 'n_active': 4, 'beta1_train': -4073.0211966043626, 'beta0_train': -4075.967887719557, 'beta1_val': -4006.5610228803653, 'beta0_val': -4006.5610228803653, 'selected_score': -4075.967887719557, 'evaluations': 165, 'seconds': 0.11676060000900179, 'method': 'differential_evolution_v2', 'accepted_search': True, 'solver_message': 'Optimization terminated successfully.'}]",42,"[{'update_slot': 54, 'hour': 9, 'info': 'both', 'lp_status': 'optimal', 'lp_message': '', 'fallback': False}]",1586.4820592214153,9722.31432733542,0.18371870000555646,0.3287051000079373
"[{'theta': array([-2939.91747716]), 'n_active': 1, 'beta1_train': -4255.6350492480815, 'beta0_train': -4326.102564973512, 'beta1_val': -3702.7313383261644, 'beta0_val': -4307.039593822839, 'selected_score': -4326.102564973512, 'evaluations': 20, 'seconds': 0.028159399997093715, 'method': 'differential_evolution_v2', 'accepted_search': True, 'solver_message': 'Optimization terminated successfully.'}, {'theta': array([-5.44516303e+03,  1.87632913e+00]), 'n_active': 2, 'beta1_train': -2564.7983018815453, 'beta0_train': -2858.264990510599, 'beta1_val': -2380.5474023167885, 'beta0_val': -2380.5474023167885, 'selected_score': -2858.264990510599, 'evaluations': 95, 'seconds': 0.06185169999662321, 'method': 'differential_evolution_v2', 'accepted_search': True, 'solver_message': 'Maximum number of iterations has been exceeded.'}, {'theta': array([-2.18039055e+03, -2.58066054e-01, -9.59089049e+03, -1.82500246e-01]), 'n_active': 4, 'beta1_train': -769.95354374078, 'beta0_train': -778.7861756116713, 'beta1_val': -532.9116835238524, 'beta0_val': -686.2307411359862, 'selected_score': -778.7861756116713, 'evaluations': 185, 'seconds': 0.12738520000129938, 'method': 'differential_evolution_v2', 'accepted_search': True, 'solver_message': 'Maximum number of iterations has been exceeded.'}]",42,"[{'update_slot': 54, 'hour': 9, 'info': 'both', 'lp_status': 'optimal', 'lp_message': '', 'fallback': False}]",9722.31432733542,1612.646549611109,0.2173962999950163,0.35649170000397135
"[{'theta': array([-9020.04127456]), 'n_active': 1, 'beta1_train': -4504.525412004554, 'beta0_train': -4533.013278587263, 'beta1_val': -4409.359628024335, 'beta0_val': -4520.439, 'selected_score': -4533.013278587263, 'evaluations': 20, 'seconds': 0.028642699995543808, 'method': 'differential_evolution_v2', 'accepted_search': True, 'solver_message': 'Optimization terminated successfully.'}, {'theta': array([-4.79151144e+03, -6.68564176e-02]), 'n_active': 2, 'beta1_train': -3013.148064762044, 'beta0_train': -3566.7533533198157, 'beta1_val': 1403.1784238677733, 'beta0_val': -2559.9807443349464, 'selected_score': -3566.7533533198157, 'evaluations': 55, 'seconds': 0.04399609999381937, 'method': 'differential_evolution_v2', 'accepted_search': True, 'solver_message': 'Optimization terminated successfully.'}, {'theta': array([-1.92541163e+03, -6.95914840e-02, -6.94677037e+03, -4.27187387e-01]), 'n_active': 4, 'beta1_train': -513.1125670750544, 'beta0_train': -1017.8491306153319, 'beta1_val': -283.7662880965555, 'beta0_val': -942.3665845001194, 'selected_score': -1017.8491306153319, 'evaluations': 185, 'seconds': 0.1273972000053618, 'method': 'differential_evolution_v2', 'accepted_search': True, 'solver_message': 'Maximum number of iterations has been exceeded.'}]",42,"[{'update_slot': 54, 'hour': 9, 'info': 'both', 'lp_status': 'optimal', 'lp_message': '', 'fallback': False}]",1612.646549611109,2646.71268871049,0.200035999994725,0.3582038000022294
"[{'theta': array([-5416.27359902]), 'n_active': 1, 'beta1_train': -4391.989259137742, 'beta0_train': -4449.116285175404, 'beta1_val': -4455.6, 'beta0_val': -4455.6, 'selected_score': -4449.116285175404, 'evaluations': 20, 'seconds': 0.027739900004235096, 'method': 'differential_evolution_v2', 'accepted_search': True, 'solver_message': 'Optimization terminated successfully.'}, {'theta': array([-3.16471516e+03, -4.67016202e-01]), 'n_active': 2, 'beta1_train': -2341.471868141248, 'beta0_train': -2565.550335191541, 'beta1_val': -3542.864969329203, 'beta0_val': -3542.864969329203, 'selected_score': -2565.550335191541, 'evaluations': 95, 'seconds': 0.06022030000167433, 'method': 'differential_evolution_v2', 'accepted_search': True, 'solver_message': 'Maximum number of iterations has been exceeded.'}, {'theta': array([-5.64956536e+03,  7.23694842e-01, -4.41833618e+03,  1.83168930e+00]), 'n_active': 4, 'beta1_train': -335.66261369778687, 'beta0_train': -707.6465226662239, 'beta1_val': -716.6293231807392, 'beta0_val': -825.8886380102039, 'selected_score': -707.6465226662239, 'evaluations': 145, 'seconds': 0.10960290000366513, 'method': 'differential_evolution_v2', 'accepted_search': True, 'solver_message': 'Optimization terminated successfully.'}]",42,"[{'update_slot': 54, 'hour': 9, 'info': 'both', 'lp_status': 'optimal', 'lp_message': '', 'fallback': False}]",2646.71268871049,1894.961034498155,0.19756310000957455,0.34062960000301246
"[{'theta': array([-8794.59332995]), 'n_active': 1, 'beta1_train': -4563.800867066257, 'beta0_train': -4616.356260743579, 'beta1_val': -4623.599999999999, 'beta0_val': -4623.599999999999, 'selected_score': -4616.356260743579, 'evaluations': 25, 'seconds': 0.03282680000120308, 'method': 'differential_evolution_v2', 'accepted_search': True, 'solver_message': 'Optimization terminated successfully.'}, {'theta': array([-1.57047479e+03, -1.04410807e+00]), 'n_active': 2, 'beta1_train': -2190.2619469367696, 'beta0_train': -2593.9094852047165, 'beta1_val': -3290.2224576412896, 'beta0_val': -3290.2224576412896, 'selected_score': -2593.9094852047165, 'evaluations': 35, 'seconds': 0.029771000001346692, 'method': 'differential_evolution_v2', 'accepted_search': True, 'solver_message': 'Optimization terminated successfully.'}, {'theta': array([-4.62813033e+03, -5.97846931e-01, -3.42810598e+03,  1.16720320e+00]), 'n_active': 4, 'beta1_train': -405.7562892916318, 'beta0_train': -722.4570834000598, 'beta1_val': -546.6463998204458, 'beta0_val': -812.7078760183399, 'selected_score': -722.4570834000598, 'evaluations': 185, 'seconds': 0.13048789999447763, 'method': 'differential_evolution_v2', 'accepted_search': True, 'solver_message': 'Maximum number of iterations has been exceeded.'}]",42,"[{'update_slot': 54, 'hour': 9, 'info': 'both', 'lp_status': 'optimal', 'lp_message': '', 'fallback': False}]",1894.961034498155,1811.0574286079782,0.1930856999970274,0.33612629999697674
"[{'theta': array([-2307.32484379]), 'n_active': 1, 'beta1_train': -2742.874314045954, 'beta0_train': -2817.434804918097, 'beta1_val': -2824.7999999999997, 'beta0_val': -2824.7999999999997, 'selected_score': -2817.434804918097, 'evaluations': 15, 'seconds': 0.023612699995283037, 'method': 'differential_evolution_v2', 'accepted_search': True, 'solver_message': 'Optimization terminated successfully.'}, {'theta': array([-98.97025753,  -0.94833981]), 'n_active': 2, 'beta1_train': -859.9202245789809, 'beta0_train': -842.7907753782571, 'beta1_val': -1763.432706941399, 'beta0_val': -1763.432706941399, 'selected_score': -898.737541797059, 'evaluations': 95, 'seconds': 0.06022119999397546, 'method': 'differential_evolution_v2', 'accepted_search': True, 'solver_message': 'Maximum number of iterations has been exceeded.'}, {'theta': array([-7.31332290e+03,  1.00133947e+00, -8.38770891e+03, -1.25545827e+00]), 'n_active': 4, 'beta1_train': -91.42214483090711, 'beta0_train': -419.3260006021829, 'beta1_val': -205.67015058473555, 'beta0_val': -470.1246954750204, 'selected_score': -419.3260006021829, 'evaluations': 185, 'seconds': 0.12857699999585748, 'method': 'differential_evolution_v2', 'accepted_search': True, 'solver_message': 'Maximum number of iterations has been exceeded.'}]",42,"[{'update_slot': 54, 'hour': 9, 'info': 'both', 'lp_status': 'optimal', 'lp_message': '', 'fallback': False}]",1811.0574286079782,1955.3221748148146,0.21241089998511598,0.34987550000369083
"[{'theta': array([-2776.09110585]), 'n_active': 1, 'beta1_train': -3522.7505508176814, 'beta0_train': -3593.5864496622526, 'beta1_val': -3605.9999999999995, 'beta0_val': -3605.9999999999995, 'selected_score': -3593.5864496622526, 'evaluations': 20, 'seconds': 0.029342299996642396, 'method': 'differential_evolution_v2', 'accepted_search': True, 'solver_message': 'Optimization terminated successfully.'}, {'theta': array([-3.85167859e+03, -2.25131564e-01]), 'n_active': 2, 'beta1_train': -1573.6922602629336, 'beta0_train': -1936.9903103823563, 'beta1_val': -2985.281706818582, 'beta0_val': -2985.281706818582, 'selected_score': -1936.9903103823563, 'evaluations': 35, 'seconds': 0.02970630000345409, 'method': 'differential_evolution_v2', 'accepted_search': True, 'solver_message': 'Optimization terminated successfully.'}, {'theta': array([-5.32002753e+03, -5.50506220e-01, -2.33236458e+03,  1.85141398e+00]), 'n_active': 4, 'beta1_train': -1206.206183217657, 'beta0_train': -1374.316522093111, 'beta1_val': -1412.2580239392605, 'beta0_val': -1500.2186826493823, 'selected_score': -1374.316522093111, 'evaluations': 125, 'seconds': 0.09284950001165271, 'method': 'differential_evolution_v2', 'accepted_search': True, 'solver_message': 'Optimization terminated successfully.'}]",42,"[{'update_slot': 54, 'hour': 9, 'info': 'both', 'lp_status': 'optimal', 'lp_message': '', 'fallback': False}]",1955.3221748148146,4235.1982287037035,0.1518981000117492,0.30294759999378584
"[{'theta': array([-4370.83418973]), 'n_active': 1, 'beta1_train': -4588.089274019226, 'beta0_train': -4691.241777039152, 'beta1_val': -4711.2, 'beta0_val': -4711.2, 'selected_score': -4691.241777039152, 'evaluations': 20, 'seconds': 0.02732569999352563, 'method': 'differential_evolution_v2', 'accepted_search': True, 'solver_message': 'Optimization terminated successfully.'}, {'theta': array([-1.26510455e+03,  6.53189326e-02]), 'n_active': 2, 'beta1_train': -2803.2361967974066, 'beta0_train': -3434.1567853863553, 'beta1_val': -4219.952382569757, 'beta0_val': -4219.952382569757, 'selected_score': -3434.4208547579574, 'evaluations': 95, 'seconds': 0.06085520000488032, 'method': 'differential_evolution_v2', 'accepted_search': True, 'solver_message': 'Maximum number of iterations has been exceeded.'}, {'theta': array([-1.15874675e+03,  1.92782966e+00, -2.15995738e+02, -1.00364233e+00]), 'n_active': 4, 'beta1_train': -4335.892275061618, 'beta0_train': -4605.276846926898, 'beta1_val': -4642.6232504559675, 'beta0_val': -4642.6232504559675, 'selected_score': -4605.65754767056, 'evaluations': 185, 'seconds': 0.13062679998984095, 'method': 'differential_evolution_v2', 'accepted_search': True, 'solver_message': 'Maximum number of iterations has been exceeded.'}]",42,"[{'update_slot': 54, 'hour': 9, 'info': 'both', 'lp_status': 'optimal', 'lp_message': '', 'fallback': False}]",4235.1982287037035,10781.642732017976,0.2188076999882469,0.3663598999992246
"[{'theta': array([-7808.31225164]), 'n_active': 1, 'beta1_train': -3928.9501531935507, 'beta0_train': -4107.629227631065, 'beta1_val': -4133.999999999999, 'beta0_val': -4133.999999999999, 'selected_score': -4107.629227631065, 'evaluations': 15, 'seconds': 0.02531329999328591, 'method': 'differential_evolution_v2', 'accepted_search': True, 'solver_message': 'Optimization terminated successfully.'}, {'theta': array([-359.14996481,    1.62249339]), 'n_active': 2, 'beta1_train': -1146.0258003777979, 'beta0_train': -1424.6886753814997, 'beta1_val': -2529.667128937189, 'beta0_val': -2529.667128937189, 'selected_score': -1522.2211726382134, 'evaluations': 95, 'seconds': 0.0645282000041334, 'method': 'differential_evolution_v2', 'accepted_search': True, 'solver_message': 'Maximum number of iterations has been exceeded.'}, {'theta': array([-6.52239677e+03, -1.78136228e+00, -5.38482914e+03,  1.06803219e+00]), 'n_active': 4, 'beta1_train': -697.7251716595838, 'beta0_train': -728.2513017352326, 'beta1_val': -841.8998121778809, 'beta0_val': -841.8998121778809, 'selected_score': -728.2513017352326, 'evaluations': 185, 'seconds': 0.1363810999901034, 'method': 'differential_evolution_v2', 'accepted_search': True, 'solver_message': 'Maximum number of iterations has been exceeded.'}]",42,"[{'update_slot': 54, 'hour': 9, 'info': 'both', 'lp_status': 'optimal', 'lp_message': '', 'fallback': False}]",10781.642732017976,2006.822573703706,0.2262225999875227,0.3752723999932641
"[{'theta': array([-6504.16781858]), 'n_active': 1, 'beta1_train': -3922.230641364665, 'beta0_train': -4073.6989676960497, 'beta1_val': -4101.6, 'beta0_val': -4101.6, 'selected_score': -4073.6989676960497, 'evaluations': 20, 'seconds': 0.0295343000034336, 'method': 'differential_evolution_v2', 'accepted_search': True, 'solver_message': 'Optimization terminated successfully.'}, {'theta': array([-76.9587744 ,   0.88410882]), 'n_active': 2, 'beta1_train': -1027.8758374721447, 'beta0_train': -891.3846566439445, 'beta1_val': -2276.984980618338, 'beta0_val': -2276.984980618338, 'selected_score': -1070.5913424554356, 'evaluations': 95, 'seconds': 0.06274359999224544, 'method': 'differential_evolution_v2', 'accepted_search': True, 'solver_message': 'Maximum number of iterations has been exceeded.'}, {'theta': array([-2.51251462e+03,  1.72073443e-01, -3.30029038e+03, -1.93269263e+00]), 'n_active': 4, 'beta1_train': -931.997306027599, 'beta0_train': -960.772389290961, 'beta1_val': -997.1244061377945, 'beta0_val': -997.1244061377945, 'selected_score': -960.772389290961, 'evaluations': 185, 'seconds': 0.13505319999239873, 'method': 'differential_evolution_v2', 'accepted_search': True, 'solver_message': 'Maximum number of iterations has been exceeded.'}]",42,"[{'update_slot': 54, 'hour': 9, 'info': 'both', 'lp_status': 'optimal', 'lp_message': '', 'fallback': False}]",2006.822573703706,2570.7004108515293,0.22733109998807777,0.37848320000921376
"[{'theta': array([-3683.43200315]), 'n_active': 1, 'beta1_train': -4330.027804823563, 'beta0_train': -4513.612554996802, 'beta1_val': -4598.3874375000005, 'beta0_val': -4600.8, 'selected_score': -4513.612554996802, 'evaluations': 25, 'seconds': 0.034691900000325404, 'method': 'differential_evolution_v2', 'accepted_search': True, 'solver_message': 'Optimization terminated successfully.'}, {'theta': array([-49.57695209,   1.71493633]), 'n_active': 2, 'beta1_train': -1448.7384974693805, 'beta0_train': -1394.033496867932, 'beta1_val': -2914.153111435772, 'beta0_val': -2914.153111435772, 'selected_score': -1496.7321567808897, 'evaluations': 95, 'seconds': 0.0637672000011662, 'method': 'differential_evolution_v2', 'accepted_search': True, 'solver_message': 'Maximum number of iterations has been exceeded.'}, {'theta': array([-1.99092785e+03, -1.45030536e+00, -4.36117614e+03, -5.48729722e-01]), 'n_active': 4, 'beta1_train': -1314.2548198966101, 'beta0_train': -1654.296851509536, 'beta1_val': -1562.9512899066347, 'beta0_val': -1721.9331475285687, 'selected_score': -1654.296851509536, 'evaluations': 185, 'seconds': 0.13292180000280496, 'method': 'differential_evolution_v2', 'accepted_search': True, 'solver_message': 'Maximum number of iterations has been exceeded.'}]",42,"[{'update_slot': 54, 'hour': 9, 'info': 'both', 'lp_status': 'optimal', 'lp_message': '', 'fallback': False}]",2570.7004108515293,4038.4929188968467,0.23138090000429656,0.37482910000835545
"[{'theta': array([-786.47174973]), 'n_active': 1, 'beta1_train': -4148.118846878783, 'beta0_train': -4371.21108778489, 'beta1_val': -4414.8, 'beta0_val': -4414.8, 'selected_score': -4371.21108778489, 'evaluations': 15, 'seconds': 0.023942100000567734, 'method': 'differential_evolution_v2', 'accepted_search': True, 'solver_message': 'Optimization terminated successfully.'}, {'theta': array([-101.68392871,   -1.95864941]), 'n_active': 2, 'beta1_train': -1207.0880712719045, 'beta0_train': -1144.5997553507023, 'beta1_val': -2891.702332776103, 'beta0_val': -2891.702332776103, 'selected_score': -1328.4237137162647, 'evaluations': 95, 'seconds': 0.06469820000347681, 'method': 'differential_evolution_v2', 'accepted_search': True, 'solver_message': 'Maximum number of iterations has been exceeded.'}, {'theta': array([-1.02577668e+03, -1.37272890e+00, -4.44243728e+03, -7.04296771e-01]), 'n_active': 4, 'beta1_train': -523.5558037072295, 'beta0_train': -961.1621830030936, 'beta1_val': -918.6015838102762, 'beta0_val': -1009.2591912034786, 'selected_score': -961.1621830030936, 'evaluations': 185, 'seconds': 0.13278739999805111, 'method': 'differential_evolution_v2', 'accepted_search': True, 'solver_message': 'Maximum number of iterations has been exceeded.'}]",42,"[{'update_slot': 54, 'hour': 9, 'info': 'both', 'lp_status': 'optimal', 'lp_message': '', 'fallback': False}]",4038.4929188968467,2573.9364220370408,0.22142770000209566,0.3661174000008032
"[{'theta': array([-9003.47137905]), 'n_active': 1, 'beta1_train': -2885.4067684118377, 'beta0_train': -3142.18566014638, 'beta1_val': -3217.2, 'beta0_val': -3217.2, 'selected_score': -3142.18566014638, 'evaluations': 20, 'seconds': 0.026737999985925853, 'method': 'differential_evolution_v2', 'accepted_search': True, 'solver_message': 'Optimization terminated successfully.'}, {'theta': array([-669.86722096,    1.21837009]), 'n_active': 2, 'beta1_train': -363.95101581300503, 'beta0_train': -888.8728107450075, 'beta1_val': -2093.5476701796006, 'beta0_val': -2093.5476701796106, 'selected_score': -948.4326929316733, 'evaluations': 95, 'seconds': 0.06293939999886788, 'method': 'differential_evolution_v2', 'accepted_search': True, 'solver_message': 'Maximum number of iterations has been exceeded.'}, {'theta': array([-2.81785383e+03,  1.82758203e+00, -5.77341136e+03, -8.42064763e-01]), 'n_active': 4, 'beta1_train': -546.8110081866063, 'beta0_train': -568.7031695115303, 'beta1_val': -613.7502686684164, 'beta0_val': -613.7502686684164, 'selected_score': -568.7031695115303, 'evaluations': 185, 'seconds': 0.1361375999986194, 'method': 'differential_evolution_v2', 'accepted_search': True, 'solver_message': 'Maximum number of iterations has been exceeded.'}]",42,"[{'update_slot': 54, 'hour': 9, 'info': 'both', 'lp_status': 'optimal', 'lp_message': '', 'fallback': False}]",2573.9364220370408,1949.7979518518541,0.22581499998341314,0.37169459999131504
"[{'theta': array([-8653.672822]), 'n_active': 1, 'beta1_train': -3491.409542099944, 'beta0_train': -3713.8643841718767, 'beta1_val': -3759.6000000000004, 'beta0_val': -3759.6000000000004, 'selected_score': -3713.8643841718767, 'evaluations': 20, 'seconds': 0.02885950000199955, 'method': 'differential_evolution_v2', 'accepted_search': True, 'solver_message': 'Optimization terminated successfully.'}, {'theta': array([-3.22316960e+03,  6.69247561e-01]), 'n_active': 2, 'beta1_train': 410.183458173855, 'beta0_train': -2258.1390733808785, 'beta1_val': -1207.1972306969067, 'beta0_val': -2966.400471271395, 'selected_score': -2258.1390733808785, 'evaluations': 95, 'seconds': 0.06287189999420661, 'method': 'differential_evolution_v2', 'accepted_search': True, 'solver_message': 'Maximum number of iterations has been exceeded.'}, {'theta': array([-4.02967389e+03,  1.03849408e+00, -6.43970957e+03,  7.52123394e-01]), 'n_active': 4, 'beta1_train': -1008.2594844037907, 'beta0_train': -1373.423294589791, 'beta1_val': -1332.3698912047225, 'beta0_val': -1445.0872317705694, 'selected_score': -1373.423294589791, 'evaluations': 185, 'seconds': 0.1252881999971578, 'method': 'differential_evolution_v2', 'accepted_search': True, 'solver_message': 'Maximum number of iterations has been exceeded.'}]",42,"[{'update_slot': 54, 'hour': 9, 'info': 'both', 'lp_status': 'optimal', 'lp_message': '', 'fallback': False}]",1949.7979518518541,3956.890745145189,0.21701959999336395,0.36719580000499263
"[{'theta': array([-2759.39309362]), 'n_active': 1, 'beta1_train': -4203.5394509151565, 'beta0_train': -4458.208434994593, 'beta1_val': -4522.8, 'beta0_val': -4522.8, 'selected_score': -4458.208434994593, 'evaluations': 15, 'seconds': 0.02324619999853894, 'method': 'differential_evolution_v2', 'accepted_search': True, 'solver_message': 'Optimization terminated successfully.'}, {'theta': array([-7.82078011e+02, -7.21713668e-01]), 'n_active': 2, 'beta1_train': 605.3190496921927, 'beta0_train': -1309.7725313015087, 'beta1_val': -1119.838600196853, 'beta0_val': -3159.9799809355363, 'selected_score': -1383.5479094906757, 'evaluations': 95, 'seconds': 0.06839060000493191, 'method': 'differential_evolution_v2', 'accepted_search': True, 'solver_message': 'Maximum number of iterations has been exceeded.'}, {'theta': array([-6.10170711e+03, -7.19193915e-02, -8.77216959e+03,  5.74632766e-01]), 'n_active': 4, 'beta1_train': -3465.182952860012, 'beta0_train': -3872.93791100057, 'beta1_val': -3813.209537376112, 'beta0_val': -3858.0766894975764, 'selected_score': -3872.93791100057, 'evaluations': 125, 'seconds': 0.09453279999434017, 'method': 'differential_evolution_v2', 'accepted_search': True, 'solver_message': 'Optimization terminated successfully.'}]",42,"[{'update_slot': 54, 'hour': 9, 'info': 'both', 'lp_status': 'optimal', 'lp_message': '', 'fallback': False}]",3956.890745145189,9285.430865925926,0.18616959999781102,0.3288652000046568
"[{'theta': array([-4722.81991266]), 'n_active': 1, 'beta1_train': -3703.4470464349215, 'beta0_train': -4137.369125701108, 'beta1_val': -4210.799999999999, 'beta0_val': -4210.799999999999, 'selected_score': -4137.369125701108, 'evaluations': 20, 'seconds': 0.027645900001516566, 'method': 'differential_evolution_v2', 'accepted_search': True, 'solver_message': 'Optimization terminated successfully.'}, {'theta': array([-132.5567667 ,   -1.20765212]), 'n_active': 2, 'beta1_train': -643.1741053067833, 'beta0_train': -584.2443135600812, 'beta1_val': -2537.743010765425, 'beta0_val': -2537.743010765425, 'selected_score': -780.7733844938725, 'evaluations': 95, 'seconds': 0.05996460000460502, 'method': 'differential_evolution_v2', 'accepted_search': True, 'solver_message': 'Maximum number of iterations has been exceeded.'}, {'theta': array([-2.84611668e+03, -5.34533804e-01,  0.00000000e+00, -7.08242358e-01]), 'n_active': 4, 'beta1_train': -732.1360443068513, 'beta0_train': -735.3779498117185, 'beta1_val': -728.4413353573665, 'beta0_val': -728.4413353573665, 'selected_score': -735.685544947107, 'evaluations': 185, 'seconds': 0.13281830000050832, 'method': 'differential_evolution_v2', 'accepted_search': True, 'solver_message': 'Maximum number of iterations has been exceeded.'}]",42,"[{'update_slot': 54, 'hour': 9, 'info': 'both', 'lp_status': 'optimal', 'lp_message': '', 'fallback': False}]",9285.430865925926,2093.5398443042477,0.2204288000066299,0.3648320999927819
"[{'theta': array([-2656.12985818]), 'n_active': 1, 'beta1_train': -4075.8801055199506, 'beta0_train': -4384.577819850158, 'beta1_val': -4458.0, 'beta0_val': -4458.0, 'selected_score': -4384.577819850158, 'evaluations': 20, 'seconds': 0.027300599991576746, 'method': 'differential_evolution_v2', 'accepted_search': True, 'solver_message': 'Optimization terminated successfully.'}, {'theta': array([-257.15336892,   -1.06948499]), 'n_active': 2, 'beta1_train': -735.1925370385824, 'beta0_train': -780.5089477363956, 'beta1_val': -2388.228454905331, 'beta0_val': -2388.228454905331, 'selected_score': -1036.5542028330983, 'evaluations': 95, 'seconds': 0.05846309999469668, 'method': 'differential_evolution_v2', 'accepted_search': True, 'solver_message': 'Maximum number of iterations has been exceeded.'}, {'theta': array([-9.29648604e+02,  1.36597061e+00, -7.28100686e+03, -8.77083086e-01]), 'n_active': 4, 'beta1_train': -755.7416975361905, 'beta0_train': -763.2420917636844, 'beta1_val': -859.4826008081279, 'beta0_val': -859.4826008081279, 'selected_score': -763.2420917636844, 'evaluations': 185, 'seconds': 0.1333423999894876, 'method': 'differential_evolution_v2', 'accepted_search': True, 'solver_message': 'Optimization terminated successfully.'}]",42,"[{'update_slot': 54, 'hour': 9, 'info': 'both', 'lp_status': 'optimal', 'lp_message': '', 'fallback': False}]",2093.5398443042477,1689.3525638888907,0.21910609997576103,0.36422389998915605
"[{'theta': array([-5317.40849126]), 'n_active': 1, 'beta1_train': -3834.7831169680812, 'beta0_train': -4138.962291548181, 'beta1_val': -4208.4, 'beta0_val': -4208.4, 'selected_score': -4138.962291548181, 'evaluations': 30, 'seconds': 0.039554200004204176, 'method': 'differential_evolution_v2', 'accepted_search': True, 'solver_message': 'Optimization terminated successfully.'}, {'theta': array([-81.44763601,   0.58848088]), 'n_active': 2, 'beta1_train': -534.9291085338019, 'beta0_train': -397.0639315593165, 'beta1_val': -2570.5888628413522, 'beta0_val': -2570.5888628413522, 'selected_score': -695.2860337409232, 'evaluations': 95, 'seconds': 0.059455999988131225, 'method': 'differential_evolution_v2', 'accepted_search': True, 'solver_message': 'Maximum number of iterations has been exceeded.'}, {'theta': array([-5.17739309e+03, -6.46397930e-01, -4.45547279e+03,  4.60483886e-01]), 'n_active': 4, 'beta1_train': -307.54018503304167, 'beta0_train': -663.4820253615302, 'beta1_val': -505.6719596794362, 'beta0_val': -634.8379559914999, 'selected_score': -663.4820253615302, 'evaluations': 185, 'seconds': 0.1435866999963764, 'method': 'differential_evolution_v2', 'accepted_search': True, 'solver_message': 'Maximum number of iterations has been exceeded.'}]",42,"[{'update_slot': 54, 'hour': 9, 'info': 'both', 'lp_status': 'optimal', 'lp_message': '', 'fallback': False}]",1689.3525638888907,1938.6869911127449,0.2425968999887118,0.3819039999943925
"[{'theta': array([-5297.47370072]), 'n_active': 1, 'beta1_train': -4132.642927288355, 'beta0_train': -4450.435146156205, 'beta1_val': -4527.6, 'beta0_val': -4527.6, 'selected_score': -4450.435146156205, 'evaluations': 20, 'seconds': 0.02860309999960009, 'method': 'differential_evolution_v2', 'accepted_search': True, 'solver_message': 'Optimization terminated successfully.'}, {'theta': array([-9.45711730e+01,  6.44796457e-02]), 'n_active': 2, 'beta1_train': -387.6237140711979, 'beta0_train': -165.21915422625352, 'beta1_val': -2699.1067984503247, 'beta0_val': -2699.1067984503247, 'selected_score': -570.44608287453, 'evaluations': 95, 'seconds': 0.056377400003839284, 'method': 'differential_evolution_v2', 'accepted_search': True, 'solver_message': 'Maximum number of iterations has been exceeded.'}, {'theta': array([-3.83715357e+03, -8.20790880e-02, -6.19362751e+03, -4.45966989e-01]), 'n_active': 4, 'beta1_train': -315.9781480318731, 'beta0_train': -708.9883691900474, 'beta1_val': -788.5479312401122, 'beta0_val': -788.5479312401122, 'selected_score': -708.9883691900474, 'evaluations': 185, 'seconds': 0.1270628000056604, 'method': 'differential_evolution_v2', 'accepted_search': True, 'solver_message': 'Maximum number of iterations has been exceeded.'}]",42,"[{'update_slot': 54, 'hour': 9, 'info': 'both', 'lp_status': 'optimal', 'lp_message': '', 'fallback': False}]",1938.6869911127449,1717.1830280250233,0.21204330000909977,0.3515049999987241
"[{'theta': array([-9366.61108228]), 'n_active': 1, 'beta1_train': -2705.486142651443, 'beta0_train': -3086.2622523738282, 'beta1_val': -3145.2, 'beta0_val': -3145.2, 'selected_score': -3086.2622523738282, 'evaluations': 20, 'seconds': 0.027598200002103113, 'method': 'differential_evolution_v2', 'accepted_search': True, 'solver_message': 'Optimization terminated successfully.'}, {'theta': array([-527.03481849,    1.36080056]), 'n_active': 2, 'beta1_train': 601.062866556173, 'beta0_train': 250.3325282764381, 'beta1_val': -2108.9230744742554, 'beta0_val': -2131.533466944626, 'selected_score': -73.5821393165201, 'evaluations': 95, 'seconds': 0.0608217999979388, 'method': 'differential_evolution_v2', 'accepted_search': True, 'solver_message': 'Maximum number of iterations has been exceeded.'}, {'theta': array([-5.87606049e+03,  1.74408994e+00, -7.89555854e+03,  3.42524130e-01]), 'n_active': 4, 'beta1_train': -516.6708385094457, 'beta0_train': -538.1132536747757, 'beta1_val': -535.4356351717287, 'beta0_val': -535.4356351717287, 'selected_score': -538.1132536747757, 'evaluations': 165, 'seconds': 0.12051580000843387, 'method': 'differential_evolution_v2', 'accepted_search': True, 'solver_message': 'Optimization terminated successfully.'}]",42,"[{'update_slot': 54, 'hour': 9, 'info': 'both', 'lp_status': 'optimal', 'lp_message': '', 'fallback': False}]",1717.1830280250233,1908.9891861111123,0.20893580000847578,0.3535005000012461
"[{'theta': array([-5258.74170428]), 'n_active': 1, 'beta1_train': -2714.809803145707, 'beta0_train': -3099.9202917175826, 'beta1_val': -3095.707098625, 'beta0_val': -3158.4, 'selected_score': -3099.9202917175826, 'evaluations': 20, 'seconds': 0.033578300004592165, 'method': 'differential_evolution_v2', 'accepted_search': True, 'solver_message': 'Optimization terminated successfully.'}, {'theta': array([-705.24205852,    1.10020153]), 'n_active': 2, 'beta1_train': 1469.9213837423906, 'beta0_train': -423.7560838678345, 'beta1_val': 942.0920425008376, 'beta0_val': -1926.977474767479, 'selected_score': -526.4544508893005, 'evaluations': 95, 'seconds': 0.06393410000600852, 'method': 'differential_evolution_v2', 'accepted_search': True, 'solver_message': 'Maximum number of iterations has been exceeded.'}, {'theta': array([-4.27580649e+03,  4.75114724e-01, -5.04862727e+03,  2.41542697e-02]), 'n_active': 4, 'beta1_train': -527.7434050526432, 'beta0_train': -705.4675170861187, 'beta1_val': -610.3125136202289, 'beta0_val': -682.6077337408155, 'selected_score': -705.4675170861187, 'evaluations': 185, 'seconds': 0.137504500002251, 'method': 'differential_evolution_v2', 'accepted_search': True, 'solver_message': 'Maximum number of iterations has been exceeded.'}]",42,"[{'update_slot': 54, 'hour': 9, 'info': 'both', 'lp_status': 'optimal', 'lp_message': '', 'fallback': False}]",1908.9891861111123,2959.4316937256754,0.2350169000128517,0.38611870000022464
"[{'theta': array([-6317.65876529]), 'n_active': 1, 'beta1_train': -4019.521946181544, 'beta0_train': -4556.1170176377445, 'beta1_val': -4684.798238016667, 'beta0_val': -4686.0, 'selected_score': -4556.1170176377445, 'evaluations': 20, 'seconds': 0.02813350000360515, 'method': 'differential_evolution_v2', 'accepted_search': True, 'solver_message': 'Optimization terminated successfully.'}, {'theta': array([-909.62103246,    0.9719829 ]), 'n_active': 2, 'beta1_train': 535.5562186245105, 'beta0_train': -1518.9138549596194, 'beta1_val': -1208.1971479610038, 'beta0_val': -2995.338878274173, 'selected_score': -1591.078761890006, 'evaluations': 95, 'seconds': 0.06773759999487083, 'method': 'differential_evolution_v2', 'accepted_search': True, 'solver_message': 'Maximum number of iterations has been exceeded.'}, {'theta': array([-1.94732090e+03, -1.72626931e+00, -4.76246512e+02, -1.52761070e+00]), 'n_active': 4, 'beta1_train': -4194.284450525093, 'beta0_train': -4621.224007872817, 'beta1_val': -3469.9072301693113, 'beta0_val': -4686.0, 'selected_score': -4621.224007872817, 'evaluations': 185, 'seconds': 0.12950589999672957, 'method': 'differential_evolution_v2', 'accepted_search': True, 'solver_message': 'Maximum number of iterations has been exceeded.'}]",42,"[{'update_slot': 54, 'hour': 9, 'info': 'both', 'lp_status': 'optimal', 'lp_message': '', 'fallback': False}]",2959.4316937256754,10800.0,0.22537699999520555,0.3762937999999849
"[{'theta': array([-3748.10992176]), 'n_active': 1, 'beta1_train': -3815.1878676584656, 'beta0_train': -4356.950637156902, 'beta1_val': -4345.740827975001, 'beta0_val': -4450.8, 'selected_score': -4356.950637156902, 'evaluations': 20, 'seconds': 0.028452399987145327, 'method': 'differential_evolution_v2', 'accepted_search': True, 'solver_message': 'Optimization terminated successfully.'}, {'theta': array([-72.30863329,  -0.35026636]), 'n_active': 2, 'beta1_train': -230.22733860648233, 'beta0_train': 91.50013849138472, 'beta1_val': -2422.42027966614, 'beta0_val': -2481.2957496108284, 'selected_score': -326.3737859829959, 'evaluations': 95, 'seconds': 0.06606929999543354, 'method': 'differential_evolution_v2', 'accepted_search': True, 'solver_message': 'Maximum number of iterations has been exceeded.'}, {'theta': array([-1.74743718e+03, -1.97405010e+00, -2.39437443e+02,  5.31056080e-01]), 'n_active': 4, 'beta1_train': -365.6886465541377, 'beta0_train': -674.4250739151006, 'beta1_val': -728.5892915006829, 'beta0_val': -838.965223930825, 'selected_score': -674.4250739151006, 'evaluations': 185, 'seconds': 0.14498660000390373, 'method': 'differential_evolution_v2', 'accepted_search': True, 'solver_message': 'Maximum number of iterations has been exceeded.'}]",42,"[{'update_slot': 54, 'hour': 9, 'info': 'both', 'lp_status': 'optimal', 'lp_message': '', 'fallback': False}]",10800.0,1955.6512288872457,0.2395082999864826,0.3824197999929311
"[{'theta': array([-3686.19165247]), 'n_active': 1, 'beta1_train': -4128.3955536748845, 'beta0_train': -4522.5222917635, 'beta1_val': -4617.599999999999, 'beta0_val': -4617.599999999999, 'selected_score': -4522.5222917635, 'evaluations': 20, 'seconds': 0.029615799998282455, 'method': 'differential_evolution_v2', 'accepted_search': True, 'solver_message': 'Optimization terminated successfully.'}, {'theta': array([-574.91065277,    0.77222676]), 'n_active': 2, 'beta1_train': -226.37098297786568, 'beta0_train': -599.0751878537941, 'beta1_val': -2945.9195457076307, 'beta0_val': -2962.80751317205, 'selected_score': -900.3380136939375, 'evaluations': 95, 'seconds': 0.06394439999712631, 'method': 'differential_evolution_v2', 'accepted_search': True, 'solver_message': 'Maximum number of iterations has been exceeded.'}, {'theta': array([-1.16363398e+03, -1.51854933e+00, -2.27794521e+02, -1.64488650e-01]), 'n_active': 4, 'beta1_train': -630.0117067872548, 'beta0_train': -993.1851607495229, 'beta1_val': -1238.9823253855368, 'beta0_val': -1238.9823253855368, 'selected_score': -996.837810733795, 'evaluations': 185, 'seconds': 0.13619189999008086, 'method': 'differential_evolution_v2', 'accepted_search': True, 'solver_message': 'Maximum number of iterations has been exceeded.'}]",42,"[{'update_slot': 54, 'hour': 9, 'info': 'both', 'lp_status': 'optimal', 'lp_message': '', 'fallback': False}]",1955.6512288872457,2640.301060965635,0.22975209998548962,0.3805593999859411
"[{'theta': array([-3671.73256087]), 'n_active': 1, 'beta1_train': -3747.9422669435467, 'beta0_train': -4213.962230190577, 'beta1_val': -4309.2, 'beta0_val': -4309.2, 'selected_score': -4213.962230190577, 'evaluations': 20, 'seconds': 0.030677400005515665, 'method': 'differential_evolution_v2', 'accepted_search': True, 'solver_message': 'Optimization terminated successfully.'}, {'theta': array([-302.1265932 ,   -0.37692161]), 'n_active': 2, 'beta1_train': 119.46298561400022, 'beta0_train': 129.8390989868417, 'beta1_val': -2652.977723425944, 'beta0_val': -2652.977723425944, 'selected_score': -304.3116482146734, 'evaluations': 95, 'seconds': 0.06086009999853559, 'method': 'differential_evolution_v2', 'accepted_search': True, 'solver_message': 'Maximum number of iterations has been exceeded.'}, {'theta': array([-7.68736588e+03,  1.02794712e+00, -2.43136299e+03,  2.47470469e-01]), 'n_active': 4, 'beta1_train': -276.4675355778455, 'beta0_train': -653.3297682111506, 'beta1_val': -515.7857255469667, 'beta0_val': -704.349906927701, 'selected_score': -653.3297682111506, 'evaluations': 185, 'seconds': 0.13466670000343584, 'method': 'differential_evolution_v2', 'accepted_search': True, 'solver_message': 'Maximum number of iterations has been exceeded.'}]",42,"[{'update_slot': 54, 'hour': 9, 'info': 'both', 'lp_status': 'optimal', 'lp_message': '', 'fallback': False}]",2640.301060965635,1869.6454533985832,0.2262042000074871,0.38098839999292977
"[{'theta': array([-6804.66274387]), 'n_active': 1, 'beta1_train': -3841.605465436795, 'beta0_train': -4230.096789554073, 'beta1_val': -4321.2, 'beta0_val': -4321.2, 'selected_score': -4230.096789554073, 'evaluations': 25, 'seconds': 0.034215399995446205, 'method': 'differential_evolution_v2', 'accepted_search': True, 'solver_message': 'Optimization terminated successfully.'}, {'theta': array([-366.80156638,   -1.06041351]), 'n_active': 2, 'beta1_train': -318.65125430189886, 'beta0_train': -437.4580770782976, 'beta1_val': -2310.0795215790604, 'beta0_val': -2339.2795287979548, 'selected_score': -796.735427720077, 'evaluations': 95, 'seconds': 0.06870360000175424, 'method': 'differential_evolution_v2', 'accepted_search': True, 'solver_message': 'Maximum number of iterations has been exceeded.'}, {'theta': array([-2.05607216e+02,  1.77536553e+00, -5.86197036e+03,  5.53762458e-01]), 'n_active': 4, 'beta1_train': -779.471820630305, 'beta0_train': -952.271322028033, 'beta1_val': -1067.4654857061114, 'beta0_val': -1067.4654857061114, 'selected_score': -961.3716213857361, 'evaluations': 185, 'seconds': 0.14535520000208635, 'method': 'differential_evolution_v2', 'accepted_search': True, 'solver_message': 'Maximum number of iterations has been exceeded.'}]",42,"[{'update_slot': 54, 'hour': 9, 'info': 'both', 'lp_status': 'optimal', 'lp_message': '', 'fallback': False}]",1869.6454533985832,2394.427027239914,0.2482741999992868,0.39553670000168495
