date,residual_count,initial_soc_kwh,plan_proxy_objective,planned_cost,delta_00_06_kwh,delta_06_12_kwh,delta_12_18_kwh,delta_18_24_kwh,lambda_06_12,lambda_12_18,lambda_18_24,zero_scenario_score,selected_scenario_score,zero_scenario_full_objective,selected_scenario_full_objective,scenario_improvement,search_evaluations,calibration_seconds,calibration_method,accepted_search,solver_message,actual_emergency_cost,final_soc_kwh,day_seconds
2025-01-02,0,6000.0,58774.9750001992,59270.04166786588,0.0,0.0,0.0,0.0,0.0,0.0,0.0,-495.06666666664006,-495.06666666664006,58774.975001199244,58774.975001199244,0.0,1,0.022569700013264082,zero_parameter_warmup,False,complete 21-day residual window not yet available,7541.981892470418,1365.1683916666666,0.10719799999787938
2025-01-03,0,1365.1683916666666,61543.1454155925,62038.21208325918,0.0,0.0,0.0,0.0,0.0,0.0,0.0,-495.0666666666518,-495.0666666666518,61543.14541659253,61543.14541659253,0.0,1,0.01869290000468027,zero_parameter_warmup,False,complete 21-day residual window not yet available,0.0,8221.137613148147,0.10092860000440851
2025-01-04,0,8221.137613148147,22517.699398790654,23012.766066457327,0.0,0.0,0.0,0.0,0.0,0.0,0.0,-495.066666666654,-495.066666666654,22517.699399790672,22517.699399790672,0.0,1,0.017890799994347617,zero_parameter_warmup,False,complete 21-day residual window not yet available,3385.253757200233,1200.0,0.09787560001132078
2025-01-05,0,1200.0,25822.227110591735,26317.293778258405,0.0,0.0,0.0,0.0,0.0,0.0,0.0,-495.06666666663284,-495.06666666663284,25822.227111591772,25822.227111591772,0.0,1,0.01923549998900853,zero_parameter_warmup,False,complete 21-day residual window not yet available,204335.0270327641,1200.0,0.10265580000123009
2025-01-06,0,1200.0,60970.72762667427,61465.79429434093,0.0,0.0,0.0,0.0,0.0,0.0,0.0,-495.0666666666506,-495.0666666666506,60970.72762767428,60970.72762767428,0.0,1,0.023517800000263378,zero_parameter_warmup,False,complete 21-day residual window not yet available,4537.205933359762,1315.5818699999998,0.09787670000514481
2025-01-07,0,1315.5818699999998,60313.701239072456,60808.767906739115,0.0,0.0,0.0,0.0,0.0,0.0,0.0,-495.06666666664523,-495.06666666664523,60313.70124007247,60313.70124007247,0.0,1,0.019641299993963912,zero_parameter_warmup,False,complete 21-day residual window not yet available,11208.928914430478,1440.0953444444444,0.10297819999686908
2025-01-08,0,1440.0953444444444,60784.38200512146,61279.4486727881,0.0,0.0,0.0,0.0,0.0,0.0,0.0,-495.06666666664717,-495.06666666664717,60784.38200612146,60784.38200612146,0.0,1,0.019695399998454377,zero_parameter_warmup,False,complete 21-day residual window not yet available,2067.224450309956,1576.1936270370377,0.11325670000223909
2025-01-09,1,1576.1936270370377,62000.93046679808,62495.997134464706,0.0,0.0,0.0,0.0,0.0,0.0,0.0,-732.1784177616879,-732.1784177616879,61763.81871670302,61763.81871670302,0.0,1,0.022941000002902,zero_parameter_warmup,False,complete 21-day residual window not yet available,567.5267900962058,1722.2375750000008,0.12735450000036508
2025-01-10,2,1722.2375750000008,26438.06702049023,26933.133688156897,0.0,0.0,0.0,0.0,0.0,0.0,0.0,-459.2131137793531,-459.2131137793531,26473.920574377546,26473.920574377546,0.0,1,0.024261600003228523,zero_parameter_warmup,False,complete 21-day residual window not yet available,1359.8417161435684,1590.5185841851846,0.10432179999770597
2025-01-11,3,1590.5185841851846,27022.935224846166,27518.001892512828,0.0,0.0,0.0,0.0,0.0,0.0,0.0,-432.34504138538455,-432.34504138538455,27085.65685112744,27085.65685112744,0.0,1,0.022031199987395667,zero_parameter_warmup,False,complete 21-day residual window not yet available,489.6927127978422,1736.872635010581,0.12031399999978021
2025-01-12,4,1736.872635010581,62557.52890277626,63052.595570442936,0.0,0.0,0.0,0.0,0.0,0.0,0.0,-336.20417343798647,-336.20417343798647,62716.39139700495,62716.39139700495,0.0,1,0.026394400003482588,zero_parameter_warmup,False,complete 21-day residual window not yet available,477.60546741404755,1773.3279790740742,0.1396419000084279
2025-01-13,5,1773.3279790740742,61982.62630757894,62477.6929752456,0.0,0.0,0.0,0.0,0.0,0.0,0.0,-262.124948002728,-262.124948002728,62215.56802724287,62215.56802724287,0.0,1,0.03133840000373311,zero_parameter_warmup,False,complete 21-day residual window not yet available,747.6162592538008,1323.2202213333355,0.130778900012956
2025-01-14,6,1323.2202213333355,61854.08083597561,62349.147503642285,0.0,0.0,0.0,0.0,0.0,0.0,0.0,-333.36887560356837,-333.36887560356837,62015.778628038715,62015.778628038715,0.0,1,0.02594979999412317,zero_parameter_warmup,False,complete 21-day residual window not yet available,1089.307921247727,1315.3695909259268,0.12858750000305008
2025-01-15,7,1315.3695909259268,61344.07634855439,61839.1430162211,0.0,0.0,0.0,0.0,0.0,0.0,0.0,-316.08717458455834,-316.08717458455834,61523.055841636546,61523.055841636546,0.0,1,0.027427000008174218,zero_parameter_warmup,False,complete 21-day residual window not yet available,3375.3796643769524,1496.7703191111113,0.13071329999365844
2025-01-16,8,1496.7703191111113,61759.451235759814,62254.517903426495,0.0,0.0,0.0,0.0,0.0,0.0,0.0,-136.1993118468017,-136.1993118468017,62118.31859157969,62118.31859157969,0.0,1,0.02780289998918306,zero_parameter_warmup,False,complete 21-day residual window not yet available,2755.5475219709165,1691.684040592592,0.13318570000410546
2025-01-17,9,1691.684040592592,26463.658351247224,26958.725018913894,0.0,0.0,0.0,0.0,0.0,0.0,0.0,-308.9326453802059,-308.9326453802059,26649.792373533688,26649.792373533688,0.0,1,0.02049010001064744,zero_parameter_warmup,False,complete 21-day residual window not yet available,195.1622403259562,1764.844769809525,0.1314081000018632
2025-01-18,10,1764.844769809525,26209.93874501711,26705.00541268377,0.0,0.0,0.0,0.0,0.0,0.0,0.0,-326.8348147655124,-326.8348147655124,26378.17059791826,26378.17059791826,0.0,1,0.025427500004298054,zero_parameter_warmup,False,complete 21-day residual window not yet available,848.50379663952,1964.2740985820117,0.1337302999891108
2025-01-19,11,1964.2740985820117,60467.58042959281,60962.64709725948,0.0,0.0,0.0,0.0,0.0,0.0,0.0,-87.0933876737606,-87.0933876737606,60875.55370958572,60875.55370958572,0.0,1,0.023150799999712035,zero_parameter_warmup,False,complete 21-day residual window not yet available,1859.5709964548616,1803.810613333331,0.12098669999977574
2025-01-20,12,1803.810613333331,60940.955076184335,61436.02174385103,0.0,0.0,0.0,0.0,0.0,0.0,0.0,-127.01490829876195,-127.01490829876195,61309.00683555227,61309.00683555227,0.0,1,0.021851299999980256,zero_parameter_warmup,False,complete 21-day residual window not yet available,2575.448835494056,2262.9130648888927,0.1211570000014035
2025-01-21,13,2262.9130648888927,60828.98991515011,61324.05658281678,0.0,0.0,0.0,0.0,0.0,0.0,0.0,-85.24854680762981,-85.24854680762981,61238.808036009155,61238.808036009155,0.0,1,0.02411910000955686,zero_parameter_warmup,False,complete 21-day residual window not yet available,285.19751979166693,2374.6088520740736,0.11529929999960586
2025-01-22,14,2374.6088520740736,60277.69821914583,60772.76488681248,0.0,0.0,0.0,0.0,0.0,0.0,0.0,7.870143137853835,7.870143137853835,60780.63502995033,60780.63502995033,0.0,1,0.023467499995604157,zero_parameter_warmup,False,complete 21-day residual window not yet available,832.9628592884281,1765.4376082592605,0.1069600999908289
2025-01-23,15,1765.4376082592605,60379.90195826852,60874.96862593519,0.0,0.0,0.0,0.0,0.0,0.0,0.0,-88.28448289158145,-88.28448289158145,60786.6841430436,60786.6841430436,0.0,1,0.021154400004888885,zero_parameter_warmup,False,complete 21-day residual window not yet available,3211.900384730075,2005.5583812222244,0.10253069999453146
2025-01-24,16,2005.5583812222244,25179.224554677818,25674.291222344487,0.0,0.0,0.0,0.0,0.0,0.0,0.0,-255.7697662263536,-255.7697662263536,25418.521456118135,25418.521456118135,0.0,1,0.021360099999583326,zero_parameter_warmup,False,complete 21-day residual window not yet available,596.1752995261829,2162.8117885185184,0.10507970000617206
2025-01-25,17,2162.8117885185184,25129.79604081565,25624.862708482324,0.0,0.0,0.0,0.0,0.0,0.0,0.0,-255.99894731405,-255.99894731405,25368.863761168275,25368.863761168275,0.0,1,0.02065520000178367,zero_parameter_warmup,False,complete 21-day residual window not yet available,167.38369820403295,2088.5298238518535,0.09882030000153463
2025-01-26,18,2088.5298238518535,59200.71174730726,59695.77841497393,0.0,0.0,0.0,0.0,0.0,0.0,0.0,37.659366939680304,37.659366939680304,59733.43778191361,59733.43778191361,0.0,1,0.018809900007909164,zero_parameter_warmup,False,complete 21-day residual window not yet available,681.4256453705655,2008.7756538253986,0.09899949999817181
2025-01-27,19,2008.7756538253986,59346.49515398038,59841.56182164705,0.0,0.0,0.0,0.0,0.0,0.0,0.0,4.521389529072705,4.521389529072705,59846.08321117612,59846.08321117612,0.0,1,0.025405799999134615,zero_parameter_warmup,False,complete 21-day residual window not yet available,402.3771343252356,1692.0555604285719,0.12512349999451544
2025-01-28,20,1692.0555604285719,58357.691138310205,58852.75780597686,0.0,0.0,0.0,0.0,0.0,0.0,0.0,-101.75319867280328,-101.75319867280328,58751.00460730405,58751.00460730405,0.0,1,0.021640899998601526,zero_parameter_warmup,False,complete 21-day residual window not yet available,1728.36081918996,1653.0551659999999,0.11610600000130944
2025-01-29,21,1653.0551659999999,59621.770468255716,60116.83713592238,0.0,0.0,0.0,0.0,0.0,0.0,0.0,-206.02666297256425,-206.02666297256425,59910.810472949815,59910.810472949815,0.0,1,0.02754899999126792,zero_parameter_warmup,False,complete 21-day residual window not yet available,15.33073666666635,2381.5342536507924,0.11825309999403544
2025-01-30,22,2381.5342536507924,58109.72121239923,58604.78788006591,0.0,0.0,0.0,0.0,0.0,0.0,0.0,-164.6980897692454,-164.6980897692454,58440.08979029666,58440.08979029666,0.0,1,0.0193369999906281,zero_parameter_warmup,False,complete 21-day residual window not yet available,961.3182763454812,1977.4739091851857,0.10196599998744205
2025-01-31,23,1977.4739091851857,23224.80062284769,23719.867290514354,0.0,0.0,0.0,0.0,0.0,0.0,0.0,-435.12268066179365,-435.12268066179365,23284.74460985256,23284.74460985256,0.0,1,0.019349599999259226,zero_parameter_warmup,False,complete 21-day residual window not yet available,513.1474015619028,2270.421548968256,0.09850209999422077
2025-02-01,24,2270.421548968256,23313.728316210152,23808.79498387682,0.0,0.0,0.0,0.0,0.0,0.0,0.0,-433.4392291653758,-433.4392291653758,23375.355754711447,23375.355754711447,0.0,1,0.020123499998589978,zero_parameter_warmup,False,complete 21-day residual window not yet available,266.33092591333343,2649.5041870582036,0.09539800000493415
2025-02-02,25,2649.5041870582036,57296.13561854019,57791.202286206884,0.0,0.0,0.0,0.0,0.0,0.0,0.0,-210.55331128333376,-210.55331128333376,57580.64897492355,57580.64897492355,0.0,1,0.02128310000989586,zero_parameter_warmup,False,complete 21-day residual window not yet available,109.80121049999947,2464.7791178730195,0.09851320000598207
2025-02-03,26,2464.7791178730195,56250.6392498943,56745.70591756099,0.0,0.0,0.0,0.0,0.0,0.0,0.0,-184.16968819969546,-184.16968819969546,56561.53622936129,56561.53622936129,0.0,1,0.020762799991643988,zero_parameter_warmup,False,complete 21-day residual window not yet available,188.18499582261623,2413.1805530423258,0.09886340000957716
2025-02-04,27,2413.1805530423258,56701.081304024934,57196.14797169163,0.0,0.0,0.0,0.0,0.0,0.0,0.0,-175.85898458220683,-175.85898458220683,57020.28898710942,57020.28898710942,0.0,1,0.019750099992961623,zero_parameter_warmup,False,complete 21-day residual window not yet available,190.31911546928598,2367.0569316455044,0.09482750001188833
2025-02-05,28,2367.0569316455044,55833.83747879229,56328.90414645895,-6067.439412916925,-1103.6073062878515,-3980.0310942825713,-5456.917889023565,-1.3488133543978817,-1.457330296367855,-0.6069298815028854,-179.8232347242615,-703.8021792237363,56149.080911734694,55625.10196723522,523.9789444994748,316,0.3923759000026621,differential_evolution_bounded_direct_search,True,Maximum number of iterations has been exceeded.,102.2481244723814,2167.783739724867,0.47807250000187196
2025-02-06,28,2167.783739724867,56927.11149991271,57422.17816757938,-5684.657179870539,-851.2433612627938,-2031.1058153170961,-1630.3133871710138,-0.9538903267212846,-1.7671637485320917,1.0643352075106671,-191.45352012862728,-701.7448271241798,57230.724647450756,56720.4333404552,510.29130699555253,316,0.4350743999966653,differential_evolution_bounded_direct_search,True,Maximum number of iterations has been exceeded.,43.324666608096244,2255.3197855185203,0.5267502999922726
2025-02-07,28,2255.3197855185203,22389.2687679247,22884.335435591365,-9583.42507117722,-1678.8281567242962,-7699.056250901655,-2164.178467669453,0.0940765827421739,0.2798521877238014,0.3008724700629548,-427.5170476951984,-854.7076138404866,22456.818387896168,22029.627821750877,427.1905661452882,316,0.41260979999788105,differential_evolution_bounded_direct_search,True,Maximum number of iterations has been exceeded.,0.0,2024.4082927301545,0.4962145000026794
2025-02-08,28,2024.4082927301545,20245.54477110047,20740.611438767133,-7859.146967451996,-5091.2164331236445,-3262.348457619559,-1942.0427039754352,-1.7437617107070809,1.606407812458155,-0.25962617690424916,-522.988523057406,-859.6181402366846,20217.622915709726,19880.993298530448,336.6296171792785,316,0.3635768999956781,differential_evolution_bounded_direct_search,True,Maximum number of iterations has been exceeded.,0.0,1996.216513888889,0.4372618000052171
2025-02-09,28,1996.216513888889,53081.35554374673,53576.42221141338,-1151.6947634871165,-3284.917190784286,-4313.486472954844,-5145.229612545385,1.57746707685684,1.2829539791369595,0.6422202751392039,-9.736972300891937,-736.938517636422,53566.68523911249,52839.48369377696,727.2015453355301,316,0.37824279999767896,differential_evolution_bounded_direct_search,True,Maximum number of iterations has been exceeded.,0.0,1665.2586170211666,0.45592379999288823
2025-02-10,28,1665.2586170211666,54090.97433259107,54586.04100025773,-7162.419325096984,-3383.1811534208755,-1580.9640134581882,-2550.7218284625455,-1.4008005588309345,-0.44410958841512027,-1.1462552185157997,-104.00378136932511,-743.0324342524976,54482.0372188884,53843.00856600523,639.0286528831725,316,0.4144955999945523,differential_evolution_bounded_direct_search,True,Maximum number of iterations has been exceeded.,0.0,1639.9839649523785,0.5018952999962494
2025-02-11,28,1639.9839649523785,52715.86728452812,53210.9339521948,-5079.523580963764,-8439.780570327839,-3810.49745140927,-353.8657548326505,0.7158884635299216,-0.32726243171418123,-1.3986893518923849,193.627480415516,-714.0462003491185,53404.56143261032,52496.88775184568,907.6736807646346,316,0.4261825000139652,differential_evolution_bounded_direct_search,True,Maximum number of iterations has been exceeded.,52.80747731726841,1591.8441924814808,0.5144561999914004
2025-02-12,28,1591.8441924814808,52394.252748099534,52889.31941576622,-3558.032894514357,-3209.8744387608253,-612.3502616678807,-5994.149291894805,1.9177551747903472,1.9984517062614655,1.6102532481719112,186.5720926534077,-709.1913199335592,53075.89150841963,52180.12809583266,895.7634125869669,316,0.4098097000096459,differential_evolution_bounded_direct_search,True,Maximum number of iterations has been exceeded.,0.0,1611.474497629631,0.48935879999771714
2025-02-13,28,1611.474497629631,52010.765780207585,52505.83244787427,-2989.4936536320142,-6421.865019739975,-533.1181808352951,-8594.711297293943,1.6284061403430505,-1.1716172743267006,-1.586322782527965,191.78485121100397,-699.5416899019785,52697.61729908528,51806.290757972296,891.3265411129826,316,0.4172106000041822,differential_evolution_bounded_direct_search,True,Maximum number of iterations has been exceeded.,0.0,1711.587778343915,0.5078413000010187
2025-02-14,28,1711.587778343915,18999.46518732162,19494.53185498829,-4336.170172244178,-3044.959162645633,-4413.466467726645,-4639.975312147761,-0.10739518952614424,0.5375463184101554,0.6948751063795471,-560.1866774747817,-841.4463799228869,18934.345177513507,18653.085475065403,281.25970244810514,316,0.38839130000269506,differential_evolution_bounded_direct_search,True,Maximum number of iterations has been exceeded.,0.0,1825.6609134709017,0.46264090000477154
2025-02-15,28,1825.6609134709017,18680.473418997608,19175.54008666427,-9473.908871485957,-3013.677620250859,-4654.15144948963,-2282.982131734836,0.5088916894619722,0.093772399281292,1.9410189161573137,-539.3139472773814,-831.798135521822,18636.22613938689,18343.74195114245,292.4841882444406,316,0.35025709999899846,differential_evolution_bounded_direct_search,True,Optimization terminated successfully.,0.0,1508.8931822592574,0.4201426000072388
2025-02-16,28,1508.8931822592574,50180.851290537365,50675.91795820402,-7728.781269793266,-3163.8144895044816,-4268.211149330902,-342.7066569886776,-0.4969409147407311,1.960053198820452,0.922806542267899,137.78665493152636,-689.2230592157388,50813.70461313555,49986.69489898829,827.0097141472652,316,0.3508432999951765,differential_evolution_bounded_direct_search,True,Maximum number of iterations has been exceeded.,14.023457223095402,1566.1497744709027,0.43041749999974854
2025-02-17,28,1566.1497744709027,49563.53145204665,50058.59811971329,-1669.4925680543527,-6955.974509118506,-3015.82754031598,-2156.2426360281283,1.3372334150670016,-0.0012883741729563525,-0.8809252460006394,64.65130026405623,-726.0168745137624,50123.24941997735,49332.58124519953,790.6681747778186,316,0.4154650999989826,differential_evolution_bounded_direct_search,True,Maximum number of iterations has been exceeded.,0.0,1601.1789668624358,0.48871750000398606
2025-02-18,28,1601.1789668624358,49367.58697344384,49862.65364111052,-8209.492783073923,-2823.3918512611704,-4765.855298016621,-6811.649802569142,0.6753247675025542,-0.21815108023751306,0.5556138567934812,9.611419636055526,-725.6593051667004,49872.26506074658,49136.99433594382,735.2707248027559,316,0.38600809998752084,differential_evolution_bounded_direct_search,True,Optimization terminated successfully.,0.0,1885.7263210052906,0.459701200001291
2025-02-19,28,1885.7263210052906,48870.79201701374,49365.85868468041,-6181.9162473187325,-7272.39804496832,-6568.409963441911,-6937.067972980467,0.6342404934015886,0.24317467504920076,-1.218922294143339,3.209839801798767,-713.7316707739694,49369.06852448221,48652.12701390644,716.9415105757682,316,0.33677650000026915,differential_evolution_bounded_direct_search,True,Maximum number of iterations has been exceeded.,168.13134008333319,1279.9342008677265,0.4094193999917479
2025-02-20,28,1279.9342008677265,48657.02742756525,49152.09409523193,-7391.049593977093,-980.7794782775044,-554.8314054728561,-6065.275795284326,-0.6638022882869059,-0.6086891919657031,-0.5869642551843262,-74.90987536131846,-706.8866474853684,49077.18421987061,48445.20744774656,631.97677212405,316,0.36528220000036526,differential_evolution_bounded_direct_search,True,Maximum number of iterations has been exceeded.,147.474185097856,1730.6371831851825,0.445189100006246
2025-02-21,28,1730.6371831851825,18272.358468393177,18767.425136059846,-2038.1519683126153,-6234.584363321309,-7301.515873258727,-1007.8907284756333,0.6403158239248499,1.3049690166935917,-0.4348406911359184,-541.9218294111857,-807.5534788073076,18225.50330664866,17959.871657252537,265.6316493961218,316,0.3703834000043571,differential_evolution_bounded_direct_search,True,Maximum number of iterations has been exceeded.,0.0,1793.3284190264553,0.4449623000109568
2025-02-22,28,1793.3284190264553,18174.31269122009,18669.379358886752,-4579.3408151530975,-9248.740016475069,-6659.377826967943,-891.4403268853426,1.2570586897749205,0.9162105113894059,0.7047687022833253,-535.5925917144515,-804.7365103120684,18133.7867671723,17864.642848574684,269.1439185976169,281,0.29663349999464117,differential_evolution_bounded_direct_search,True,Optimization terminated successfully.,0.0,1928.8073528571463,0.3633116999990307
2025-02-23,28,1928.8073528571463,47849.96578532467,48345.03245299132,-2830.9087202696915,-2615.8742074677903,-3548.451808033251,-6045.596344729124,-1.18882243698452,-1.1219337283649198,0.1390558691815409,-167.24764332331304,-702.5398906527741,48177.78480966801,47642.49256233854,535.2922473294611,316,0.38949060000595637,differential_evolution_bounded_direct_search,True,Maximum number of iterations has been exceeded.,5.273854058571864,1599.1187610846553,0.4655607000022428
2025-02-24,28,1599.1187610846553,47326.65865374488,47821.72532141155,-3593.8399251084866,-2860.925900947287,-6792.019242332231,-2325.858258059373,1.5026224910850798,1.4685245857430784,0.33795663280762156,-261.6448630269112,-714.4795829736505,47560.08045838464,47107.245738437894,452.8347199467393,316,0.42357080000510905,differential_evolution_bounded_direct_search,True,Maximum number of iterations has been exceeded.,201.66822362142776,1817.5681685767192,0.5040470999956597
2025-02-25,28,1817.5681685767192,47252.466427913816,47747.53309558051,-4952.102620032399,-7334.314071614214,-8145.813976266578,-7651.28603118254,-0.7457830662173537,0.9755700297900365,-1.0535596478276281,-177.84108893176725,-709.2086772674649,47569.692006648744,47038.324418313045,531.3675883356976,316,0.3585400999872945,differential_evolution_bounded_direct_search,True,Maximum number of iterations has been exceeded.,95.39698417857176,1478.842446005292,0.42837120000331197
2025-02-26,28,1478.842446005292,47063.501922797805,47558.56859046446,-1814.4865218733294,-565.7459213227994,-9466.107614181024,-4508.8008356699775,1.8718500137803065,0.016077806751115364,0.8399585756507593,-226.2676409726834,-701.088243005178,47332.30094949178,46857.480347459285,474.8206020324946,316,0.3662289000058081,differential_evolution_bounded_direct_search,True,Maximum number of iterations has been exceeded.,0.0,2085.912502878307,0.43694079999113455
2025-02-27,28,2085.912502878307,45901.46049068657,46396.527158353245,-5069.251796568316,-7586.250461401047,-4201.741060976491,-7828.602965213208,0.7720670592094123,-0.627874426103394,1.7970614422592188,-235.46871897221382,-705.7788627230213,46161.05843938103,45690.74829563023,470.3101437508075,316,0.3961976999999024,differential_evolution_bounded_direct_search,True,Maximum number of iterations has been exceeded.,0.0,1785.5068417248685,0.4775288999953773
2025-02-28,28,1785.5068417248685,17505.38913439948,18000.45580206615,-3609.8424711444904,-6136.818606430857,-612.215548038299,-2152.3160849211254,0.1364448749870042,0.131262547068006,-0.9657296912662872,-560.6832636637683,-797.3599276701244,17439.77253840238,17203.095874396025,236.67666400635608,316,0.33855980000225827,differential_evolution_bounded_direct_search,True,Maximum number of iterations has been exceeded.,0.0,1747.6923946402146,0.41623299999628216
2025-03-01,28,1747.6923946402146,17566.925440961026,18061.99210862769,-4540.41494647767,-8026.807496125259,-1260.7835082176077,-5244.685892680171,1.4138285272185036,-0.8203071406407578,-1.26602398722775,-585.4170735063769,-797.952352552897,17476.575035121314,17264.039756074795,212.53527904652003,281,0.31279280000308063,differential_evolution_bounded_direct_search,True,Optimization terminated successfully.,0.0,1791.6661012328032,0.38191390001156833
2025-03-02,28,1791.6661012328032,45523.553279625354,46018.61994729202,-4711.765996828032,-7763.996640661451,-7549.11030114541,-9070.700405768217,0.5367995893523694,0.44895372345432527,-0.6242051607940082,-147.32051027161924,-604.8997865308187,45871.2994370204,45413.7201607612,457.57927625919945,316,0.3215446999965934,differential_evolution_bounded_direct_search,True,Maximum number of iterations has been exceeded.,17059.17291479279,1479.2296679629637,0.3905955000082031
2025-03-03,28,1479.2296679629637,46012.383284039875,46507.44995170655,-2531.9138346972995,-1119.4459891053598,-299.87650406030787,-8094.971527231778,-0.7455173378044848,0.07156497437602827,1.9927011878968122,259.6937247022637,-249.77706072244433,46767.143676408814,46257.672890984104,509.470785424708,316,0.3513900999969337,differential_evolution_bounded_direct_search,True,Maximum number of iterations has been exceeded.,7832.268716076619,1453.8270846296293,0.426681799988728
2025-03-04,28,1453.8270846296293,47160.371377750744,47655.438045417424,-5798.49230125021,-8474.9474758415,-322.91911752376166,-3684.111657609191,1.0340692976677546,-0.03719707310237075,-0.46683505292280203,554.1128424637697,-66.8215563196627,48209.550887881196,47588.61648909776,620.9343987834324,316,0.33317209999950137,differential_evolution_bounded_direct_search,True,Maximum number of iterations has been exceeded.,0.0,1654.6731567301572,0.40853030000289436
2025-03-05,28,1654.6731567301572,47601.22867031087,48096.29533797754,-7914.959642080367,-6891.959918660031,-356.17623795132613,-5392.781085096789,0.11490018632212573,-0.663690261099366,-0.9490587839300955,579.5146268416094,-40.71906305119122,48675.80996481915,48055.57627492635,620.2336898928006,316,0.3841587999922922,differential_evolution_bounded_direct_search,True,Maximum number of iterations has been exceeded.,0.0,1630.785209978837,0.4586245999962557
2025-03-06,28,1630.785209978837,47546.87399072963,48041.94065839629,-3927.4535619103476,-1808.1234076287124,-324.7393698525528,-2996.5312282941595,-0.7018975265806584,0.12424208178314533,-0.35168055722367564,656.3141346700676,-20.584589375149317,48698.25479306636,48021.356069021145,676.8987240452169,316,0.3198077999986708,differential_evolution_bounded_direct_search,True,Maximum number of iterations has been exceeded.,0.0,1635.7249772169332,0.38920789999247063
2025-03-07,28,1635.7249772169332,17366.53615276337,17861.60282043004,-2078.765275324033,-4692.903137873247,-1308.5734913453052,-5643.840149027392,-1.5754624154033574,-0.26831422910459946,-0.9706835493305843,-525.7801203394666,-764.4152336100725,17335.82270009057,17097.187586819964,238.63511327060587,316,0.3362314999976661,differential_evolution_bounded_direct_search,True,Maximum number of iterations has been exceeded.,0.0,1985.9505937566128,0.41142910000053234
2025-03-08,28,1985.9505937566128,16477.92307912624,16972.98974679291,-4724.49536627839,-443.22811864229584,-2258.178625202831,-9368.690970779386,-1.810766270223971,-1.1377518537298832,0.42359349970963756,-531.8655853640244,-766.073580133478,16441.12416142889,16206.916166659434,234.20799476945365,316,0.3189099000010174,differential_evolution_bounded_direct_search,True,Maximum number of iterations has been exceeded.,0.0,1984.366377195767,0.38544819998787716
2025-03-09,28,1984.366377195767,45197.997877327936,45693.06454499462,-6542.492831676786,-1683.831311835392,-444.74546667367815,-4852.392264772804,1.3926909183940488,-0.5044118760104943,0.38883549787931004,610.6532446131504,-62.53180606722515,46303.71778960777,45630.532738927395,673.1850506803755,316,0.3646152000001166,differential_evolution_bounded_direct_search,True,Maximum number of iterations has been exceeded.,0.0,1776.0082830264564,0.43627639999613166
2025-03-10,28,1776.0082830264564,44398.92853498913,44893.99520265579,-8238.016761837276,-5881.7843195070045,-315.4463311580457,-3574.489144388744,-0.6960400950872745,0.7437468030165628,-1.2227164598351554,612.1534909833434,0.29275066899588104,45506.14869363913,44894.28795332478,611.8607403143476,316,0.3700131999939913,differential_evolution_bounded_direct_search,True,Maximum number of iterations has been exceeded.,113.5533856500001,1767.635894259259,0.44381449998763856
2025-03-11,28,1767.635894259259,43987.549571783944,44482.61623945063,-4303.625290316479,-4880.34925725443,-344.5234348414818,-2526.9229244928742,-0.06816062027846348,1.9128502271454417,-1.1015655054028768,444.0647683796655,-51.21591068206566,44926.681007830295,44431.40032876856,495.2806790617312,316,0.34308409999357536,differential_evolution_bounded_direct_search,True,Maximum number of iterations has been exceeded.,0.0,1994.9676280582019,0.4278432999999495
2025-03-12,28,1994.9676280582019,43552.24106245134,44047.307730118024,-7907.832932395731,-6645.109929568232,-359.6162482834636,-4658.811454264931,0.7852983816577432,1.8272463299037778,-0.5918665987636065,400.1982580528193,-87.55568671584595,44447.505988170844,43959.75204340218,487.7539447686653,316,0.34417039999971166,differential_evolution_bounded_direct_search,True,Maximum number of iterations has been exceeded.,0.0,1657.1443102169305,0.4107913999905577
2025-03-13,28,1657.1443102169305,43044.60619116817,43539.67285883483,-3148.5886282508036,-5851.74781855222,-345.0881837931195,-2381.146399891185,0.8425124179895311,0.16488473229462475,0.5099015743806898,455.228513751215,-120.72679306784698,43994.90137258604,43418.94606576698,575.955306819062,316,0.32055859999672975,differential_evolution_bounded_direct_search,True,Maximum number of iterations has been exceeded.,4488.889650301646,1578.798081296297,0.3867789000069024
2025-03-14,28,1578.798081296297,15919.95357312948,16415.020240796148,-5765.02559324127,-969.5443836230324,-1692.9364815663569,-1286.0518558485428,-1.6664834813000788,-0.6386326724057698,-0.06930069525719595,-549.4390849481373,-780.8976365814722,15865.58115584801,15634.122604214675,231.45855163333488,316,0.2879415999923367,differential_evolution_bounded_direct_search,True,Maximum number of iterations has been exceeded.,0.0,1997.0799159418007,0.348910300002899
2025-03-15,28,1997.0799159418007,15882.857222225195,16377.923889891861,-1376.037684495168,-1523.5109940070593,-7627.520405748952,-2078.200054966378,0.6222457381002777,1.5749692152389456,-0.6371259825348345,-561.1666770658746,-790.7743411710655,15816.757212825987,15587.149548720796,229.6076641051909,316,0.28998679999494925,differential_evolution_bounded_direct_search,True,Maximum number of iterations has been exceeded.,0.0,1417.8401942751325,0.3467457000078866
2025-03-16,28,1417.8401942751325,43074.76872844705,43569.83539611372,-5135.706570003994,-4189.11240009892,-647.6339054771997,-384.8692370506615,0.8806645396435169,1.2870723652453586,1.7156866961481314,547.0106659631631,-7.361016481574333,44116.84606207688,43562.47437963214,554.3716824447374,316,0.2818120000010822,differential_evolution_bounded_direct_search,True,Maximum number of iterations has been exceeded.,0.0,1882.9777824973528,0.3389778999990085
2025-03-17,28,1882.9777824973528,42792.64425645517,43287.71092412181,-5376.674663420253,-6984.226150799839,-539.6571271554614,-4261.1389329771155,0.8961117717083034,0.6350773700562797,0.7550262971451804,647.541968277649,-66.5300405375932,43935.25289239946,43221.18088358422,714.0720088152422,316,0.2771003999951063,differential_evolution_bounded_direct_search,True,Maximum number of iterations has been exceeded.,0.0,2121.0311906190486,0.3459279999951832
2025-03-18,28,2121.0311906190486,41462.104559050866,41957.17122671753,-4459.021138960431,-8385.260960474074,-568.003960344134,-3459.3955796496293,0.20197829141430956,0.04956780523809767,-0.5940887455614612,642.9931783995296,-77.62478731397007,42600.16440511706,41879.54643940356,720.6179657134996,316,0.28011289999994915,differential_evolution_bounded_direct_search,True,Maximum number of iterations has been exceeded.,183.69228526704785,1733.5651686825402,0.33840919999056496
2025-03-19,28,1733.5651686825402,41847.068792974984,42342.13546064166,-2724.8481418808747,-1703.665264876874,-616.4499833940156,-6339.568888549538,1.6778872372165523,-0.4055975536977283,1.1510241116006092,626.5746576121822,-95.81636482434975,42968.71011825384,42246.31909581731,722.391022436532,316,0.3344861000077799,differential_evolution_bounded_direct_search,True,Maximum number of iterations has been exceeded.,0.0,2170.229303010583,0.3960252999968361
2025-03-20,28,2170.229303010583,41725.543063633624,42220.60973130029,-7015.462378637515,-8304.551607089184,-391.21204278128585,-5497.782836398616,0.18888362832070538,-1.0055477176152525,1.9447721951835564,570.8715196650338,-162.3781238192352,42791.48125096533,42058.23160748105,733.249643484269,316,0.2963737000100082,differential_evolution_bounded_direct_search,True,Maximum number of iterations has been exceeded.,0.0,2043.2784196931236,0.35694369999691844
2025-03-21,28,2043.2784196931236,15279.913051471354,15774.979719138024,-3402.3699823007623,-526.8682675611764,-7857.595606963094,-1012.5833650480147,-1.0436070086435307,1.2822347116413435,-1.6284089020486183,-577.7748950299576,-810.0815614520321,15197.204824108067,14964.898157685991,232.3066664220745,316,0.3375896999932593,differential_evolution_bounded_direct_search,True,Maximum number of iterations has been exceeded.,0.0,1632.3631294867723,0.41228720000071917
2025-03-22,28,1632.3631294867723,15963.266336503124,16458.333004169792,-4669.548582214262,-6671.543945522289,-8247.699092115463,-2867.6932020282575,0.14173540776704963,0.04808475191669137,-0.1869305446823455,-526.2792307101926,-793.4329837178124,15932.0537734596,15664.90002045198,267.1537530076198,316,0.3816992000065511,differential_evolution_bounded_direct_search,True,Maximum number of iterations has been exceeded.,0.0,2409.924189582008,0.4597803000069689
2025-03-23,28,2409.924189582008,39896.83709295117,40391.903760617846,-9583.524859990912,-6177.610687106869,-399.9218996126732,-4318.665720104483,0.9795566421384709,1.4080624603890626,-0.9845537604621375,538.5124106066534,-134.4091474391722,40930.4161712245,40257.49461317867,672.9215580458256,316,0.35808219999307767,differential_evolution_bounded_direct_search,True,Maximum number of iterations has been exceeded.,143.2252027428611,1667.6581826666672,0.4333827999944333
2025-03-24,28,1667.6581826666672,39846.63944333403,40341.70611100071,-2370.1749959659332,-3068.0152763805017,-237.35367979851674,-2097.790663165104,0.6329590243419339,-1.0387651051175149,0.1893229576519797,445.05937838458027,-120.01284570658734,40786.765489385296,40221.693265294125,565.0722240911676,316,0.34741429999121465,differential_evolution_bounded_direct_search,True,Maximum number of iterations has been exceeded.,252.253693144745,1775.570856444444,0.4156234999973094
2025-03-25,28,1775.570856444444,39526.31638107353,40021.38304874019,-4696.602092886197,-4390.6179517928085,-470.9288292550653,-1846.0186098531985,0.4207758979151466,0.36894779656759846,1.8646314528796655,418.3540586018116,-200.8088096695948,40439.737107342,39820.57423907059,619.1628682714064,316,0.2844067000114592,differential_evolution_bounded_direct_search,True,Maximum number of iterations has been exceeded.,0.0,1480.9593883703692,0.3460893000010401
2025-03-26,28,1480.9593883703692,39707.18929033252,40202.25595799918,-4370.772348806773,-2385.6042339381797,-410.4963843470355,-4910.539745214956,0.5698775424219318,-0.5473428539877006,-0.1282670087653348,334.5243351745445,-307.2578761746433,40536.780293173724,39894.99808182454,641.7822113491877,316,0.3429904000076931,differential_evolution_bounded_direct_search,True,Maximum number of iterations has been exceeded.,0.0,1598.5057047460343,0.40693650000321213
2025-03-27,28,1598.5057047460343,39609.09853214882,40104.16519981547,-4295.6149679666805,-1588.7841852200863,-385.7451425815196,-4106.420427655089,1.7366044908562497,-1.1588981182999025,1.1108944867862967,325.8751439901485,-310.15352119474954,40430.04034380562,39794.01167862072,636.028665184898,316,0.4221057999966433,differential_evolution_bounded_direct_search,True,Maximum number of iterations has been exceeded.,0.0,1706.1011459841268,0.49773329999879934
2025-03-28,28,1706.1011459841268,15100.892676294781,15595.959343961447,-5775.089008904942,189.889877640519,-4378.239925288614,-264.9308891239059,-1.974497292198869,0.6089790461760396,1.272880438576263,-541.7281845199043,-799.1674095018216,15054.231159441542,14796.791934459627,257.4392249819173,316,0.3430073000054108,differential_evolution_bounded_direct_search,True,Maximum number of iterations has been exceeded.,0.0,2185.4998702592584,0.41171690000919625
2025-03-29,28,2185.4998702592584,14573.198179565208,15068.26484723188,-4127.502148011141,-4612.339891728059,-1727.7551501708986,-9236.185536828934,-1.6032150401990575,-0.5462497017771546,1.4886726064397076,-551.1772855788657,-804.6406729766389,14517.087561653014,14263.624174255241,253.4633873977732,281,0.30019439999887254,differential_evolution_bounded_direct_search,True,Optimization terminated successfully.,0.0,1845.3632756455095,0.36951600000611506
2025-03-30,28,1845.3632756455095,38329.160330195446,38824.22699786211,-2464.9424093154166,-5014.080959578907,-366.4784338784866,-6701.537424516407,-1.3727805153613446,-0.6463116771770534,0.5488437116084737,369.6599898067124,-227.29743643175917,39193.886987668826,38596.929561430356,596.9574262384716,316,0.32181550000677817,differential_evolution_bounded_direct_search,True,Maximum number of iterations has been exceeded.,0.0,2005.32369531746,0.3887235000001965
2025-03-31,28,2005.32369531746,37435.760655498394,37930.82732316508,-1256.3024427224996,-7876.871469092552,-472.3991255751546,-1777.5129377111512,1.8741330996312344,1.452470495517761,0.9071858627828235,206.89378453101378,-399.4886280315159,38137.721107696096,37531.33869513356,606.3824125625297,316,0.31130210000264924,differential_evolution_bounded_direct_search,True,Maximum number of iterations has been exceeded.,262.103482958593,1747.6694716666668,0.3855891999992309
2025-04-01,28,1747.6694716666668,37842.19347956176,38337.26014722844,-549.5353900995156,-4974.596306504249,-4856.48430121925,-231.7123028991631,-0.9958598629504807,-0.5299330991361069,-0.9438978553957262,122.85116300481674,-551.4511635536207,38460.11131023325,37785.80898367482,674.3023265584375,316,0.3754603999987012,differential_evolution_bounded_direct_search,True,Maximum number of iterations has been exceeded.,3175.7283321146097,1742.4865261111104,0.4477000000042608
2025-04-02,28,1742.4865261111104,37638.92532350712,38133.99199117379,-1826.9984264443835,-8111.4031114013405,-417.5449713058885,-3922.310790763785,1.895249028340181,0.6237980597031116,-0.18432451238270042,92.54525055682248,-617.1435215353986,38226.53724173061,37516.84846963839,709.688772092221,316,0.40204159999848343,differential_evolution_bounded_direct_search,True,Maximum number of iterations has been exceeded.,6633.374794854631,1639.7915664444442,0.4797380000090925
2025-04-03,28,1639.7915664444442,38420.78647240705,38915.85314007372,-8466.758838166268,-6978.6064660116135,-7424.128103812655,-250.50467833859145,1.3241952269795063,0.09282256062862437,1.6500938659981221,320.07997065964844,-501.9880403876609,39235.93311073337,38413.86509968606,822.0680110473093,316,0.4056292999885045,differential_evolution_bounded_direct_search,True,Maximum number of iterations has been exceeded.,0.0,1869.5793617724871,0.49105530000815634
2025-04-04,28,1869.5793617724871,14313.187810609437,14808.2544782761,-6496.4535244439185,-3548.082854449093,-5829.856945798797,-2441.069675707059,-1.774518030306011,0.05011671723611544,0.4258278241647968,-591.4142739957533,-797.4481370251532,14216.840204280346,14010.806341250947,206.03386302939987,316,0.5346200000058161,differential_evolution_bounded_direct_search,True,Maximum number of iterations has been exceeded.,0.0,2012.1765227513251,0.6099626999930479
2025-04-05,28,2012.1765227513251,14425.102956189889,14920.16962385656,-6111.068477489666,-4916.437786811416,-335.7722787500485,-5245.675102097734,0.1608565731584144,0.33451134729965437,0.977388007157777,-591.066637407129,-799.1925439192389,14329.10298644943,14120.977079937322,208.12590651210996,316,0.3144744000019273,differential_evolution_bounded_direct_search,True,Maximum number of iterations has been exceeded.,0.0,1795.3750320529114,0.38377760000003036
2025-04-06,28,1795.3750320529114,38094.801396642826,38589.8680643095,-1926.9444989145547,-6319.347889763279,-693.2895474937507,-4027.3637243652684,-1.7859192456662727,-1.1402275809010742,-1.6775593712356844,315.1182901222122,-440.72772481688014,38904.98635443171,38149.14033949262,755.8460149390924,316,0.3223798999970313,differential_evolution_bounded_direct_search,True,Maximum number of iterations has been exceeded.,0.0,1656.730327825398,0.39742480000131764
2025-04-07,28,1656.730327825398,37702.85986220754,38197.92652987421,-1750.6628259434997,-3392.2138765283676,-4808.774184620954,-2873.6480237002093,-0.8060918767637459,0.091415367006356,0.17634870489388188,212.4000109489672,-569.470325948771,38410.326540823175,37628.45620392544,781.8703368977382,316,0.36998380000295583,differential_evolution_bounded_direct_search,True,Maximum number of iterations has been exceeded.,0.0,1717.2264265767185,0.44576750000123866
2025-04-08,28,1717.2264265767185,37840.532133470995,38335.59880113766,-1662.9111555324143,-6175.818963546611,-3478.208584748095,-316.99952226042996,-1.1006910520046023,0.23038422841492112,0.5426985599658374,254.5847925421567,-572.2019193622384,38590.183593679816,37763.39688177542,826.7867119043951,316,0.3628108999982942,differential_evolution_bounded_direct_search,True,Maximum number of iterations has been exceeded.,0.0,1465.4960406507973,0.4356220000045141
2025-04-09,28,1465.4960406507973,37609.25901406451,38104.32568173118,-6174.604721666294,-6692.2936990138805,-8038.568190949942,-317.3593555691816,-0.5102611736954215,-1.2528178474605292,-1.8765644051699164,208.21492849130215,-538.5217731147369,38312.54061022248,37565.80390861644,746.7367016060391,316,0.38528479999513365,differential_evolution_bounded_direct_search,True,Maximum number of iterations has been exceeded.,2755.941940417362,1380.5431854814817,0.45817470000474714
2025-04-10,28,1380.5431854814817,37713.13728748155,38208.203955148216,-1159.0821615599384,-9411.494913610088,-1570.341660486416,-1366.3514743955702,1.333308071768509,-1.1231552736220052,1.701518598299815,255.36907048278619,-603.6762430316569,38463.573025631005,37604.527712116556,859.045313514443,316,0.3401218999933917,differential_evolution_bounded_direct_search,True,Maximum number of iterations has been exceeded.,0.0,1743.0097977566145,0.41219030000502244
2025-04-11,28,1743.0097977566145,13919.395609423658,14414.46227709032,-270.8049761778319,-1073.6770275446265,-5636.750717208598,-4748.315317995285,-1.857820527870783,1.8896404780852896,-0.5031727212725514,-571.3289134871955,-792.5207380329559,13843.133363603125,13621.941539057365,221.19182454576048,316,0.3488791999989189,differential_evolution_bounded_direct_search,True,Maximum number of iterations has been exceeded.,0.0,1774.3419624074056,0.42067220000899397
2025-04-12,28,1774.3419624074056,14211.586253519941,14706.652921186607,-5787.003821146113,-466.47017013577,-5567.4823884358675,-6719.51220346414,1.0007485635709763,0.9260768308161724,-1.0738393495998362,-587.1086298796545,-796.8037041192587,14119.544291306953,13909.849217067349,209.6950742396042,316,0.3493817999988096,differential_evolution_bounded_direct_search,True,Maximum number of iterations has been exceeded.,0.0,2147.6384001851816,0.41901640000287443
2025-04-13,28,2147.6384001851816,36219.442169564485,36714.508837231166,-4520.864836205532,-8815.709560502493,-626.1923521810033,-4752.523155882307,-0.2755418635041196,1.5249810380041477,-0.7219999781704063,255.22226990451054,-482.7811328433662,36969.731107135674,36231.7277043878,738.0034027478767,316,0.3478235000075074,differential_evolution_bounded_direct_search,True,Maximum number of iterations has been exceeded.,0.0,1735.821970809524,0.4188540000031935
2025-04-14,28,1735.821970809524,36097.75840918444,36592.82507685112,-5796.959891593496,-577.8711600907166,-853.5418360660672,-474.7428184038608,-1.6284505114826422,0.758976625344598,0.05518635269333538,251.24870388815512,-530.3323188719759,36844.07378073927,36062.49275797915,781.581022760131,316,0.37714779999805614,differential_evolution_bounded_direct_search,True,Maximum number of iterations has been exceeded.,0.0,1723.5266118253974,0.45996439999726135
2025-04-15,28,1723.5266118253974,36675.74041604703,37170.807083713706,-6188.007846210772,-2859.05012772049,-824.7795491497513,-1016.3825984832193,-0.9575179997509022,1.9268697317932384,1.7451634194563383,214.30840031245043,-545.010558588676,37385.11548402616,36625.79652512503,759.3189589011264,316,0.3497406999958912,differential_evolution_bounded_direct_search,True,Maximum number of iterations has been exceeded.,0.0,2010.691772275133,0.42925849999301136
2025-04-16,28,2010.691772275133,36185.591223101525,36680.65789076818,-6384.076846218246,-943.5200049758432,-512.6086868532727,-6218.017847588747,0.02557987848851262,-0.27648693276411995,-0.04138710167464321,212.82415366538314,-556.5182494598133,36893.482044433564,36124.13964130837,769.3424031251965,316,0.33806679998815525,differential_evolution_bounded_direct_search,True,Maximum number of iterations has been exceeded.,0.0,1853.5994997089947,0.40910859999712557
2025-04-17,28,1853.5994997089947,36143.99007123205,36639.05673889871,-640.5565954083145,-1067.0691235754698,-8850.428827357791,-7872.4516489938915,0.997164819241843,-0.6282705437568707,1.5918361765213382,179.79735534589744,-647.4101987252351,36818.854094244605,35991.646540173475,827.2075540711326,316,0.35455580000416376,differential_evolution_bounded_direct_search,True,Maximum number of iterations has been exceeded.,0.0,1956.122975899473,0.4258731000008993
2025-04-18,28,1956.122975899473,13678.208478771126,14173.27514643779,-742.916776155932,-5658.519715452193,-1721.1077759260477,-2276.0091035978435,1.3980588732349637,-0.059944646291449466,0.07193225476101572,-632.7046764333744,-810.8518093729043,13540.570470004417,13362.423337064887,178.1471329395299,316,0.38664739999512676,differential_evolution_bounded_direct_search,True,Maximum number of iterations has been exceeded.,0.0,2359.4217056137595,0.4715968999953475
2025-04-19,28,2359.4217056137595,13130.955265299059,13626.021932965723,-5683.565398100244,-6029.389587043951,-4675.72633270998,-4811.168315215679,1.132299654582099,1.1838659393256932,-1.3944804615509405,-631.0723862571738,-821.3221974123362,12994.949546708549,12804.699735553386,190.24981115516243,316,0.3991039999964414,differential_evolution_bounded_direct_search,True,Maximum number of iterations has been exceeded.,0.0,2111.1840686190444,0.4806712999998126
2025-04-20,28,2111.1840686190444,35521.462148419465,36016.528816086124,-5977.319749885474,-1104.2331666322739,-2033.1935730298892,-6876.595903457922,1.6887415509884915,-0.6736979001468515,-0.44536977158779534,188.77399743367536,-692.201883001179,36205.3028135198,35324.32693308494,880.9758804348544,316,0.34865719999652356,differential_evolution_bounded_direct_search,True,Maximum number of iterations has been exceeded.,0.0,2082.429142058201,0.4242618999996921
2025-04-21,28,2082.429142058201,35619.36519879389,36114.43186646056,-5492.029232951614,-923.394166407223,-7579.524246155925,-5426.7465678854915,-0.3513776643356552,0.4690527249408887,0.580293234031644,199.97426538277804,-662.8087375357064,36314.40613184334,35451.62312892485,862.7830029184845,316,0.42803910000657197,differential_evolution_bounded_direct_search,True,Maximum number of iterations has been exceeded.,0.0,1734.4421151005288,0.5092726000002585
2025-04-22,28,1734.4421151005288,35124.88222394118,35619.94889160786,-902.9361804083784,-839.155413557459,-1878.989009276884,-6261.480457064465,0.5863675314597421,-0.15288307678782376,-0.3798854649825514,128.44011694573024,-676.5325350989004,35748.38900855359,34943.41635650896,804.9726520446306,316,0.35138480000023264,differential_evolution_bounded_direct_search,True,Maximum number of iterations has been exceeded.,0.0,1818.754959047621,0.43131840000569355
2025-04-23,28,1818.754959047621,35405.08915329572,35900.15582096239,-4578.149296792915,-7310.755086394812,-705.8915994675207,-1621.671893629463,0.08090110937167205,-0.23776678471470047,-1.1102752140668488,188.81294650782243,-655.7434496548124,36088.968767470215,35244.412371307575,844.5563961626348,316,0.3593156999995699,differential_evolution_bounded_direct_search,True,Maximum number of iterations has been exceeded.,0.0,2099.183010026455,0.4364906999981031
2025-04-24,28,2099.183010026455,34833.50594087025,35328.57260853694,-6787.571986592695,-904.2152283906571,-4178.697891339847,-1471.1537722441644,-0.9029320031804544,1.573724469312383,1.4355189652747842,114.99302188565905,-696.0913802721653,35443.5656304226,34632.481228264776,811.0844021578243,316,0.39244070000131615,differential_evolution_bounded_direct_search,True,Maximum number of iterations has been exceeded.,0.0,1869.5810166719584,0.4612909999996191
2025-04-25,28,1869.5810166719584,12629.593270031597,13124.659937698258,-144.25727203761733,-4089.181818509981,-9331.550769625164,-4728.4699209407445,0.6671238220766025,-0.42101702072218083,-0.8908543791670991,-637.0019669404579,-810.8151880217067,12487.6579707578,12313.844749676551,173.8132210812488,316,0.3872692000004463,differential_evolution_bounded_direct_search,True,Maximum number of iterations has been exceeded.,0.0,1676.9778919206346,0.46534690000407863
2025-04-26,28,1676.9778919206346,12712.553346161652,13207.62001382832,-6871.530659815585,-8183.514775571734,-3447.1202014175633,-7903.0996091794705,0.028428032159307115,0.8517862992392127,-1.7251703227849329,-641.6212366912379,-810.6224340632591,12565.998777137082,12396.99757976506,169.00119737202124,316,0.37726809999730904,differential_evolution_bounded_direct_search,True,Maximum number of iterations has been exceeded.,0.0,1578.8611106560845,0.45170549998874776
2025-04-27,28,1578.8611106560845,33110.4639212047,33605.53058887136,-9185.218044706575,-679.158723727312,-1202.2249326738674,-3689.451610811855,0.5178946900699368,0.5925715715061735,-1.2595519572848257,52.29039261335463,-693.1555520833192,33657.820981484714,32912.37503678804,745.4459446966738,316,0.4894826999952784,differential_evolution_bounded_direct_search,True,Maximum number of iterations has been exceeded.,4208.311420683224,1528.6396499999994,0.5753022999997484
2025-04-28,28,1528.6396499999994,33917.34609947518,34412.412767141854,-2308.2960988045243,-8936.344385072376,-8451.312886943682,-314.39056333832343,0.8339535010166061,-0.037039285744135286,0.1387787997618357,77.90821395477634,-594.4415669470915,34490.32098109663,33817.97120019476,672.3497809018678,316,0.4518872000044212,differential_evolution_bounded_direct_search,True,Maximum number of iterations has been exceeded.,22526.9307678637,1710.9186957407408,0.5450478999991901
2025-04-29,28,1710.9186957407408,34209.75028517806,34704.81695284473,-8544.709890881488,-4757.171797774554,-569.999316137304,-603.5997154181338,-0.934135865701806,1.9115934490337807,0.6058984100412403,807.2973218588656,60.88288069531609,35512.1142747036,34765.69983354005,746.4144411635496,316,0.4350752000027569,differential_evolution_bounded_direct_search,True,Maximum number of iterations has been exceeded.,2036.2123894071228,1908.2348410370378,0.5388390000007348
2025-04-30,28,1908.2348410370378,33855.32787259086,34350.394540257534,-2975.3544468760592,-1405.1301454208904,-472.9433602550497,-4552.459936943382,-0.354193958029434,-1.8536637048441675,-1.5767492250966662,851.0160650012527,158.53766728394723,35201.41060525879,34508.93220754148,692.4783977173055,316,0.4489818000001833,differential_evolution_bounded_direct_search,True,Maximum number of iterations has been exceeded.,0.0,1544.249938502645,0.5579585000086809
2025-05-01,28,1544.249938502645,33625.46719785984,34120.53386552651,-9172.152449608851,-3599.205772086487,-330.9719734920542,-1988.9738508250346,1.2106610259804143,-1.2141945598613646,-0.6226023255652278,725.6747511560719,188.58254318680363,34846.20861668258,34309.116408713315,537.0922079692683,316,0.48331889999099076,differential_evolution_bounded_direct_search,True,Maximum number of iterations has been exceeded.,11524.178927561257,1205.8215,0.580618099993444
2025-05-02,28,1205.8215,13151.204858618728,13646.27152628539,-3430.902435936115,-5817.793818217182,-471.04747336933383,-526.7378697858799,-0.04996916142236385,1.2770947225410927,0.23159453220621184,-254.17718110177435,-442.2697416694473,13392.094345183616,13204.001784615943,188.09256056767293,316,0.4710153999913018,differential_evolution_bounded_direct_search,True,Maximum number of iterations has been exceeded.,10075.762243213892,1200.0,0.5650050999975065
2025-05-03,28,1200.0,13425.814154905876,13920.880822572542,-7029.175062871876,-6643.323843263652,-620.439731399032,-601.9416901135365,1.016878658364202,0.6732905222187631,-1.499030221905143,-48.30699717530979,-168.0191980819177,13872.573825397232,13752.861624490624,119.7122009066079,316,0.4427953999984311,differential_evolution_bounded_direct_search,True,Maximum number of iterations has been exceeded.,6583.684323900632,1207.499552666667,0.5358611999981804
2025-05-04,28,1207.499552666667,35352.373821951755,35847.44048961841,-3482.590897728992,-2345.12008265252,-2026.9959983287574,-315.3678271102617,1.2822937829472663,-1.638963304854788,0.4654440383772118,1968.526661061042,1574.566201643283,37815.967150679455,37422.0066912617,393.960459417759,316,0.38628410000819713,differential_evolution_bounded_direct_search,True,Maximum number of iterations has been exceeded.,7858.981452285811,1248.4308,0.4794240000046557
2025-05-05,28,1248.4308,35568.694789259585,36063.761456926244,-7000.063624269883,-1174.4309375965088,-697.2868878728971,-1101.700765786012,-0.42859476497455273,-0.3310564214404885,1.4995418745747826,2043.629946003528,1683.7872506169158,38107.391402929774,37747.54870754316,359.84269538661215,316,0.5014073999918764,differential_evolution_bounded_direct_search,True,Maximum number of iterations has been exceeded.,8552.112620480793,1221.1683,0.5930241999885766
2025-05-06,28,1221.1683,35430.03787834351,35925.104546010174,-2004.7564402555984,-4168.737195960784,-1254.621972558633,-394.4312599841588,1.3455430494834149,0.6392773271591832,-1.046802080742475,2127.7176018802134,1663.856886534414,38052.82214789039,37588.96143254459,463.86071534579946,316,0.37715849999221973,differential_evolution_bounded_direct_search,True,Maximum number of iterations has been exceeded.,7410.776785776914,1200.0,0.46292029999312945
2025-05-07,28,1200.0,36022.56777803511,36517.63444570176,-3948.8495030605404,-7268.240407232842,-2091.6826604339753,-559.8456618868838,-0.11700787486488129,-0.494439255867563,0.8193423271347826,2116.1085494485924,1618.8071867635458,38633.74299515036,38136.44163246531,497.30136268504657,316,0.4097607000003336,differential_evolution_bounded_direct_search,True,Maximum number of iterations has been exceeded.,9472.540583335023,1321.9064070000002,0.5575867000006838
2025-05-08,28,1321.9064070000002,39340.2840562673,39835.35072393395,-5711.342453223479,-7217.773609973186,-399.6341098775765,-3269.9086240662755,0.6442290226605967,1.2834504184017885,1.2560999382285658,2154.654612818623,1677.6144285851453,41990.005336752576,41512.9651525191,477.0401842334775,316,0.39766070000769105,differential_evolution_bounded_direct_search,True,Maximum number of iterations has been exceeded.,556.4308677666662,2544.2513088518517,0.48542799999995623
2025-05-09,28,2544.2513088518517,15994.62012070944,16489.686788376108,-74.68797573774388,-5317.04810961482,-4868.047777674238,-151.80328473856548,-1.3316671575082926,1.6926169525346215,0.22886029240305694,264.28479517844005,241.32266214546956,16753.971583554547,16731.00945052158,22.962133032970485,316,0.4409302999993088,differential_evolution_bounded_direct_search,True,Maximum number of iterations has been exceeded.,0.0,3067.6779766772493,0.5245615000021644
2025-05-10,28,3067.6779766772493,15804.26510678853,16299.331774455204,-2561.7225251906625,-6575.945452576056,-5580.8388550983655,-133.4769757120913,-1.1117578409118143,0.24051649599893343,-0.6931122520576942,294.29419140035805,265.5168443793092,16593.62596585556,16564.848618834512,28.777347021048854,316,0.43998110000393353,differential_evolution_bounded_direct_search,True,Maximum number of iterations has been exceeded.,0.0,2737.751062650792,0.5350775999977486
2025-05-11,28,2737.751062650792,39071.92348649334,39566.99015416,-571.7496957993291,-7190.609390090215,-375.7885444981653,-6524.370833828503,0.9454965912975379,1.3324678224753361,-1.2298369694103972,1981.2263818859335,1466.338723174446,41548.21653604593,41033.32887733445,514.8876587114876,316,0.4033162999985507,differential_evolution_bounded_direct_search,True,Maximum number of iterations has been exceeded.,209.3093027299982,2532.279942338625,0.49644570000236854
2025-05-12,28,2532.279942338625,39393.369165534554,39888.43583320123,-4201.819001517825,-5346.327279606758,-482.00432199879054,-945.5483786994222,0.5170723896600098,0.14196553636243836,-0.9084979939445503,1938.41353983959,1410.7283647789989,41826.849373040815,41299.16419798022,527.6851750605911,316,0.40528579999227077,differential_evolution_bounded_direct_search,True,Maximum number of iterations has been exceeded.,0.0,2715.2370596296314,0.4848840999911772
2025-05-13,28,2715.2370596296314,39297.54364224116,39792.61030990784,-5891.770576746082,-7192.71856653503,-320.41468667069387,-3425.0640525867634,0.9370634737091317,1.7034735626347643,-0.22098569806379076,1925.2975247844327,1397.5768929674578,41717.90783469227,41190.1872028753,527.7206318169749,316,0.44689190000644885,differential_evolution_bounded_direct_search,True,Maximum number of iterations has been exceeded.,0.0,2859.9647787037034,0.529232899993076
2025-05-14,28,2859.9647787037034,39512.364902563655,40007.43157023032,-5266.1406192891645,-1397.698242197195,-796.5164293543829,-8308.394194537872,-1.0887218192423462,0.9798307383038334,-0.26781805663276703,1903.1537112990056,1380.6600256655402,41910.585281529326,41388.091595895865,522.4936856334655,316,0.40016809999360703,differential_evolution_bounded_direct_search,True,Maximum number of iterations has been exceeded.,0.0,2805.6300065079367,0.48991340000065975
2025-05-15,28,2805.6300065079367,38864.79619262442,39359.86286029109,-498.1458385869967,-4011.7346825119293,-910.5161155767952,-627.8843970056677,-0.822070250741977,-0.8286320818217741,-1.4129817171242929,1965.3540119748552,1434.2992867902685,41325.21687226595,40794.162147081355,531.0547251845867,316,0.38161569999647327,differential_evolution_bounded_direct_search,True,Maximum number of iterations has been exceeded.,0.0,3163.7378779523806,0.46622930000012275
2025-05-16,28,3163.7378779523806,15107.144190864314,15602.210858530982,-7723.90382733543,-3287.0343872564995,-4152.647782966778,-80.51071982342712,-1.4485479910106598,0.8820516714343425,1.0393930744903401,246.97950783536524,167.4173723622741,15849.190366366347,15769.628230893255,79.56213547309113,316,0.3653243000007933,differential_evolution_bounded_direct_search,True,Maximum number of iterations has been exceeded.,0.0,2276.9997970582026,0.4404608000040753
2025-05-17,28,2276.9997970582026,15662.800908822499,16157.867576489163,-2505.7733146292617,-8038.495533224639,-3661.829263763555,-110.40779637600302,1.428907077947934,1.449777084443117,1.1032433601606706,242.56442550873166,157.83728583967408,16400.432001997895,16315.704862328837,84.72713966905758,316,0.35280980000970885,differential_evolution_bounded_direct_search,True,Maximum number of iterations has been exceeded.,0.0,2598.4976957407416,0.4350527000060538
2025-05-18,28,2598.4976957407416,38378.663964643136,38873.730632309824,-5219.17219182964,-3543.6026770580797,-1582.0045271031627,-1006.2634034565615,0.37634002557498114,1.9552170679384147,-0.20898840971102262,2011.4479547572248,1385.1384629516947,40885.17858706705,40258.86909526152,626.3094918055301,316,0.399254199990537,differential_evolution_bounded_direct_search,True,Maximum number of iterations has been exceeded.,0.0,2809.206738851851,0.4746318999968935
2025-05-19,28,2809.206738851851,37719.260656701976,38214.327324368656,-2058.267122378599,-1371.1065582328754,-695.175869425283,-5249.2762807106765,0.9475310783552011,0.032667995985043774,-0.692446993344509,1995.1323371524275,1358.748423902383,40209.45966152108,39573.07574827104,636.3839132500445,316,0.3715436999918893,differential_evolution_bounded_direct_search,True,Maximum number of iterations has been exceeded.,71.10995537666594,2272.7025352328055,0.45165639999322593
2025-05-20,28,2272.7025352328055,37670.54116582754,38165.60783349419,-9185.351681329434,-1098.0938799386145,-698.6181567638525,-703.241198355068,1.0203019014298396,-0.9007694588042978,1.2001306273245285,1937.1709532662499,1274.446409687954,40102.77878676044,39440.054243182145,662.7245435782959,316,0.33832300000358373,differential_evolution_bounded_direct_search,True,Maximum number of iterations has been exceeded.,0.0,2315.740445402112,0.4040480999974534
2025-05-21,28,2315.740445402112,37937.210516277424,38432.27718394409,-4716.795841284578,-1331.7276356087411,-966.9699129071965,-701.9164651823203,-0.5194285848767668,-0.16624337583172633,-1.4331178277881702,1875.069412419652,1171.6622035526375,40307.34659636374,39603.93938749673,703.4072088670146,316,0.32255050000094343,differential_evolution_bounded_direct_search,True,Maximum number of iterations has been exceeded.,0.0,2420.9858738677235,0.3906414999946719
2025-05-22,28,2420.9858738677235,37180.07316499182,37675.13983265849,-2995.978696313964,-9164.92352476418,-2097.856253523524,-894.9116273353262,1.2244549943840264,1.5415481595718679,1.1163276736684145,1810.8848151847665,1109.2237310703672,39486.02464784325,38784.36356372885,701.6610841143993,316,0.3338503999984823,differential_evolution_bounded_direct_search,True,Maximum number of iterations has been exceeded.,0.0,2724.4711211534427,0.4050967000075616
2025-05-23,28,2724.4711211534427,15099.810109740181,15594.876777406847,-3233.50561540663,-2470.204006977481,-135.45822664742815,-6934.1488472847,-0.10850475942896276,1.6070423983135123,-0.9371378576093428,71.32061868470849,-28.44615043150123,15666.197396091557,15566.430626975347,99.76676911620973,316,0.33346460000029765,differential_evolution_bounded_direct_search,True,Maximum number of iterations has been exceeded.,0.0,3248.342406973547,0.4002496000030078
2025-05-24,28,3248.342406973547,15410.598317709286,15905.664985375952,-3882.4301979695806,-5689.0161179695215,-227.04519411799922,-197.92864972973732,-1.2679247045469575,-0.8815324008939147,0.04876546343463506,67.96742671466218,-53.17101918408732,15973.632412090614,15852.493966191865,121.1384458987495,316,0.3451521999959368,differential_evolution_bounded_direct_search,True,Maximum number of iterations has been exceeded.,0.0,3279.0676082804257,0.4144842000096105
2025-05-25,28,3279.0676082804257,37087.709797304844,37582.776464971495,-8321.04001533553,-1354.537788344023,-333.2651762031535,-1583.9202196845222,-0.009996023369577944,1.3135477339660815,-1.060939043048597,1622.2795310657943,920.1007618476688,39205.05599603729,38502.87722681917,702.1787692181256,316,0.3240802999935113,differential_evolution_bounded_direct_search,True,Maximum number of iterations has been exceeded.,84.05219626666586,2669.9400632380944,0.39372749999165535
2025-05-26,28,2669.9400632380944,36850.24803425561,37345.31470192228,-4177.446431364969,-8090.906603407769,-459.86648304790344,-1391.6829952580813,-0.9401393212555225,-0.24208063256341816,-0.300700936166026,1669.456878788779,995.3901199561059,39014.77158071106,38340.70482187839,674.0667588326731,316,0.3392373999959091,differential_evolution_bounded_direct_search,True,Maximum number of iterations has been exceeded.,0.0,2939.43136077249,0.4149121000082232
2025-05-27,28,2939.43136077249,37495.3877671163,37990.45443478296,-1378.0099219469187,-3157.987735611897,-1825.4022209246582,-50.28047442354264,1.7472991906019466,-1.341439081361465,-0.12030324461364161,1480.7882345079938,791.0635363497021,39471.24266929095,38781.51797113266,689.7246981582917,316,0.35780730000988115,differential_evolution_bounded_direct_search,True,Maximum number of iterations has been exceeded.,0.0,2708.815318862436,0.43416859999706503
2025-05-28,28,2708.815318862436,37008.76006997528,37503.826737641946,-73.60777675911656,-5047.7624336635,-565.8106002138766,-103.49492213813534,-0.9551145143441893,1.7058138481186984,0.5155898352704904,1472.4831711332838,807.1508072191895,38976.30990877523,38310.97754486113,665.3323639140943,316,0.3588619999936782,differential_evolution_bounded_direct_search,True,Maximum number of iterations has been exceeded.,0.0,2979.435749894182,0.4240302999969572
2025-05-29,28,2979.435749894182,36596.49931711426,37091.56598478093,-5309.291713903548,-3217.6871235290605,-269.18841952533194,-1153.0445726495138,-0.375280929770732,1.3909801554323735,0.3609661164330751,1401.1341637998105,771.1069337390705,38492.70014858074,37862.67291852,630.02723006074,316,0.32704459999513347,differential_evolution_bounded_direct_search,True,Maximum number of iterations has been exceeded.,86.64662302785761,2463.1160856402144,0.4026500999898417
2025-05-30,28,2463.1160856402144,14939.1034418985,15434.170109565168,-7674.351063991613,-6702.881987318903,-49.111126122116744,-2461.5577479091558,1.7326910747758886,0.08917799304018903,-1.7978766424935206,-17.257539297664785,-127.3758662244231,15416.912570267503,15306.794243340744,110.11832692675833,316,0.32360760000301525,differential_evolution_bounded_direct_search,True,Maximum number of iterations has been exceeded.,1117.8217871520847,2982.21078978836,0.39154039999993984
2025-05-31,28,2982.21078978836,14769.42058519841,15264.487252865081,-5378.996284326638,-3214.087109437902,-3458.650525702084,-122.08442701542666,-1.236292598703672,0.6014277967649657,-0.5359451400800885,-56.80027022456478,-209.44164173522418,15207.686982640516,15055.045611129857,152.6413715106594,316,0.36338910000631586,differential_evolution_bounded_direct_search,True,Maximum number of iterations has been exceeded.,0.0,2902.0128467460277,0.454690099999425
2025-06-01,28,2902.0128467460277,37297.467858445176,37792.53452611185,-7887.056407511209,-2453.323699882526,-6152.678071662734,-171.64852188421912,-0.8322649340756136,-0.520058374644687,0.933436204294571,1005.9533872264832,45.70526847185567,38798.48791333833,37838.23979458371,960.2481187546275,316,0.3885565999953542,differential_evolution_bounded_direct_search,True,Maximum number of iterations has been exceeded.,60984.796325474585,1200.0,0.4939826999907382
2025-06-02,28,1200.0,38995.90079535846,39490.96746302515,-2185.129220043358,-1215.272377223917,-435.4556448142329,-3273.052235654312,-0.6080711216262902,1.402117491597684,-1.6398523085196621,2449.6252835142,1714.0101041492715,41940.59274653935,41204.97756717442,735.6151793649285,316,0.4335464000032516,differential_evolution_bounded_direct_search,True,Maximum number of iterations has been exceeded.,36990.57247338356,1200.0,0.5278421000111848
2025-06-03,28,1200.0,40191.97155703736,40687.03822470403,0.0,-7959.079131558609,-468.1217040618883,-2470.900442923259,1.697559648862709,0.4500264040234381,1.2605495889791491,3326.3756673741423,2613.654109521336,44013.41389207818,43300.69233422537,712.7215578528062,316,0.39024480000080075,differential_evolution_bounded_direct_search,True,Maximum number of iterations has been exceeded.,26273.101722593165,1200.0,0.47964710000087507
2025-06-04,28,1200.0,41365.878142743066,41860.944810409725,-221.31305948891617,-3004.326133693416,-587.8839174713366,-8625.582989789094,0.9243740810746184,-1.1770648983261482,-1.5835528110448296,3554.3398114547126,3064.4666672262106,45415.28462186444,44925.411477635935,489.87314422850204,316,0.33257809998758603,differential_evolution_bounded_direct_search,True,Maximum number of iterations has been exceeded.,19759.970648820796,1200.0,0.4017265000002226
2025-06-05,28,1200.0,43149.08444925001,43644.15111691669,-299.51047719562035,-2862.8341668296694,-361.6017934716854,-5785.4563144542835,-1.745948130784412,-0.37667437185861763,0.44883334740469794,3834.8134845444197,3293.6210838985685,47478.96460146111,46937.77220081526,541.1924006458512,316,0.3254166999977315,differential_evolution_bounded_direct_search,True,Maximum number of iterations has been exceeded.,17130.973382956643,1200.0,0.39168630000494886
2025-06-06,28,1200.0,16482.673040769616,16977.739708436286,0.0,0.0,0.0,0.0,0.0,0.0,0.0,1524.3666226560129,1524.3666226560129,18502.1063310923,18502.1063310923,0.0,316,0.341902600004687,differential_evolution_bounded_direct_search,True,Maximum number of iterations has been exceeded.,20242.614804367124,1202.0805,0.4118492999987211
2025-06-07,28,1202.0805,17538.010805398615,18033.077473065277,0.0,0.0,0.0,0.0,0.0,0.0,0.0,1878.4698323533994,1878.4698323533994,19911.547305418677,19911.547305418677,0.0,316,0.3294391999952495,differential_evolution_bounded_direct_search,True,Maximum number of iterations has been exceeded.,10699.301372552087,1296.628701,0.39756160000979435
2025-06-08,28,1296.628701,55248.471992795196,55743.53866046186,-1429.1232839038787,-5057.91129012445,0.0,0.0,0.0,-0.8805702383778915,0.0,3536.482227393371,3140.688321622937,59280.02088785523,58884.2269820848,395.79390577043387,316,0.32775900000706315,differential_evolution_bounded_direct_search,True,Maximum number of iterations has been exceeded.,0.0,3253.688200507937,0.3987364999920828
2025-06-09,28,3253.688200507937,53446.996649520705,53942.06331718736,-2723.11909259058,-2050.722460432471,-263.34578778011667,0.0,-0.3514998625387409,0.7491709593811775,0.03917036014307396,3554.891635624725,3171.3545983863655,57496.95495281209,57113.41791557373,383.5370372383595,316,0.3289313999994192,differential_evolution_bounded_direct_search,True,Maximum number of iterations has been exceeded.,0.0,3271.708685878307,0.4024517000070773
2025-06-10,28,3271.708685878307,53700.96129417005,54196.02796183671,-9259.174477529265,-5368.733843923855,-125.51215639153064,-5976.1127537122575,-1.0868906018183053,-0.5924685680623845,-1.3699905198378235,3550.618324054357,3197.669784291374,57746.64628589107,57393.697746128084,352.9485397629828,316,0.3336752999894088,differential_evolution_bounded_direct_search,True,Maximum number of iterations has been exceeded.,0.0,3035.6360418571458,0.40657049999572337
2025-06-11,28,3035.6360418571458,54245.80478183202,54740.87144949868,-5761.003561452107,-5729.37319761996,-335.34970268096345,-307.1561227296019,0.7772294335095578,1.5148391362244986,0.8125029608189225,3514.623828751085,3138.799183437852,58255.495278249764,57879.67063293653,375.82464531323285,316,0.34601670000120066,differential_evolution_bounded_direct_search,True,Maximum number of iterations has been exceeded.,1240.9214163045142,3337.6727003915366,0.4190734000003431
2025-06-12,28,3337.6727003915366,55280.624875725065,55775.69154339173,-2068.925649358552,-8801.774344104359,-80.39111205917848,-253.28988074257273,-1.8344774458470652,-0.6689338307822608,1.280205606004814,3440.745867597182,2979.9034377548332,59216.43741098891,58755.59498114656,460.8424298423488,316,0.33982300000207033,differential_evolution_bounded_direct_search,True,Maximum number of iterations has been exceeded.,0.0,3692.2028394920644,0.41474800001014955
2025-06-13,28,3692.2028394920644,23649.0427954,24144.109463066678,0.0,0.0,0.0,0.0,0.0,0.0,0.0,2565.741479249743,2565.741479249743,26709.85094231642,26709.85094231642,0.0,316,0.3438140999933239,differential_evolution_bounded_direct_search,True,Maximum number of iterations has been exceeded.,0.0,3842.350785269841,0.42693770000187214
2025-06-14,28,3842.350785269841,23654.31657617041,24149.38324383708,0.0,0.0,0.0,0.0,0.0,0.0,0.0,2508.273398522323,2508.273398522323,26657.656642359405,26657.656642359405,0.0,316,0.3391479999991134,differential_evolution_bounded_direct_search,True,Maximum number of iterations has been exceeded.,0.0,3558.170217592592,0.40678370000387076
2025-06-15,28,3558.170217592592,54846.15764772029,55341.224315386935,-1799.9715143738404,-1464.8453753137373,-197.81805147787173,-875.2037133609623,1.8920383703504333,1.1674981112775797,0.8581688889878865,3335.444509083992,2943.9901616115344,58676.66882447093,58285.214476998466,391.4543474724578,316,0.3356671999936225,differential_evolution_bounded_direct_search,True,Maximum number of iterations has been exceeded.,0.0,3665.521813153441,0.4031723999942187
2025-06-16,28,3665.521813153441,55329.29743109836,55824.36409876501,376.58389984416726,-8543.92762220039,-148.88865125339697,-6848.226948192779,0.8970993118345865,1.4224434340092493,-0.4866710991105383,3419.954162147855,3042.881857682235,59244.31826091286,58867.245956447245,377.07230446562016,316,0.3336314000043785,differential_evolution_bounded_direct_search,True,Maximum number of iterations has been exceeded.,106.83520921452333,3537.675842724869,0.3995954999991227
2025-06-17,28,3537.675842724869,54969.84085417489,55464.90752184158,-8630.926382157259,-1422.365065803985,-260.98936873084034,-149.83693048185955,0.17092970451610112,0.9767645351163101,-0.5753797007317012,3420.02013303831,3004.4976856628114,58884.927654879895,58469.405207504395,415.5224473754988,316,0.32337049998750445,differential_evolution_bounded_direct_search,True,Maximum number of iterations has been exceeded.,1632.2951287937954,3154.526105539684,0.3945352000009734
2025-06-18,28,3154.526105539684,56175.02999917014,56670.09666683681,-7922.66026109842,-6273.869230225322,-217.07847534826854,-4717.822625242234,0.01726294543971152,0.989299941678115,0.6761925584084838,3443.0054878889828,3021.934467154162,60113.1021547258,59692.031133990975,421.07102073482065,316,0.340101500012679,differential_evolution_bounded_direct_search,True,Maximum number of iterations has been exceeded.,0.0,3439.9723261534414,0.41498429999046493
2025-06-19,28,3439.9723261534414,55345.66588484601,55840.73255251266,-3486.2612246679673,-8070.577324004286,10.370536509265804,-66.27504020655088,0.03549398505987611,-1.6210591483502836,-1.41696946831975,3514.956107350187,3111.547159056453,59355.68865986285,58952.279711569114,403.40894829373383,316,0.3374578999937512,differential_evolution_bounded_direct_search,True,Maximum number of iterations has been exceeded.,117.63320955309388,3173.2697135873036,0.4130713999911677
2025-06-20,28,3173.2697135873036,23131.30522373518,23626.37189140186,0.0,0.0,0.0,0.0,0.0,0.0,0.0,2599.0050708366575,2599.0050708366575,26225.37696223852,26225.37696223852,0.0,316,0.3340158000064548,differential_evolution_bounded_direct_search,True,Maximum number of iterations has been exceeded.,0.0,3774.801764984127,0.4031225000071572
2025-06-21,28,3774.801764984127,22617.78085944737,23112.84752711405,0.0,0.0,0.0,0.0,0.0,0.0,0.0,2616.6580559699164,2616.6580559699164,25729.505583083966,25729.505583083966,0.0,316,0.33634629999869503,differential_evolution_bounded_direct_search,True,Maximum number of iterations has been exceeded.,0.0,4299.259736650794,0.407447300007334
2025-06-22,28,4299.259736650794,52887.0226750566,53382.08934272328,-5852.813445643533,-3860.498309205385,-171.3048326620715,-7002.596791538542,-1.2816434129466252,1.7507421986286125,0.8377745956798934,3572.384417825412,3127.9829032136004,56954.473760548695,56510.072245936884,444.40151461181176,316,0.33042830000340473,differential_evolution_bounded_direct_search,True,Maximum number of iterations has been exceeded.,0.0,3223.7028564497355,0.3996651000052225
2025-06-23,28,3223.7028564497355,53242.16497208404,53737.231639750724,-7104.073807705055,-5643.510303894646,-156.1557116908297,-4813.786433085454,1.741721735459973,0.8358386793425621,0.8728291996526214,3574.2954334761735,3136.6140153912606,57311.5270732269,56873.84565514199,437.6814180849128,316,0.33970599999884143,differential_evolution_bounded_direct_search,True,Maximum number of iterations has been exceeded.,0.0,3104.4491702857154,0.41221729999233503
2025-06-24,28,3104.4491702857154,52501.419983915985,52996.48665158266,-2655.8242423407046,-9071.229483908759,-320.1199277414752,-6475.804329592485,-1.6775104646766588,1.9873246656543317,-0.27890631578523273,3839.355059021672,3379.5604145188117,56835.84171060433,56376.04706610147,459.79464450286014,316,0.3372396999911871,differential_evolution_bounded_direct_search,True,Maximum number of iterations has been exceeded.,6904.590142335653,3531.318605005292,0.417163400008576
2025-06-25,28,3531.318605005292,52418.70087704546,52913.767544712115,-1600.7042246253145,-7954.8305454803485,-85.02455824991735,-212.92721621872096,0.07902196567063369,-1.440356846294142,-0.9576905959320385,3671.6982799117927,3228.5581636484644,56585.465824623905,56142.32570836058,443.1401162633283,316,0.3448748999944655,differential_evolution_bounded_direct_search,True,Maximum number of iterations has been exceeded.,0.0,3287.4477257248677,0.42415139998774976
2025-06-26,28,3287.4477257248677,53158.033507723325,53653.100175389955,-4017.9748545715443,-8248.739437299068,-238.30731436311333,-544.2770362993556,0.9648277714133804,1.1174169357887145,-0.7116836898370535,3739.6907820327947,3282.0800383154065,57392.79095742275,56935.18021370536,457.61074371738823,316,0.33801089999906253,differential_evolution_bounded_direct_search,True,Maximum number of iterations has been exceeded.,0.0,3057.0284415396854,0.40653749999182764
2025-06-27,28,3057.0284415396854,21087.977668308296,21583.044335974962,0.0,0.0,0.0,0.0,0.0,0.0,0.0,2732.2289242222723,2732.2289242222723,24315.273260197235,24315.273260197235,0.0,316,0.3309908000082942,differential_evolution_bounded_direct_search,True,Maximum number of iterations has been exceeded.,0.0,3722.6876768254,0.39924990000145044
2025-06-28,28,3722.6876768254,20664.258637990508,21159.325305657178,0.0,0.0,0.0,0.0,0.0,0.0,0.0,2691.609023402664,2691.609023402664,23850.93432905984,23850.93432905984,0.0,316,0.3236766999907559,differential_evolution_bounded_direct_search,True,Maximum number of iterations has been exceeded.,28.202394541428387,3519.0942601587335,0.391767199995229
2025-06-29,28,3519.0942601587335,52152.21004374227,52647.27671140894,-1381.5495524218268,-1689.2730541161025,-67.21679289722218,-1678.663917146531,0.43566411630214885,0.05541588747861281,-0.5791603717066618,3968.074089462618,3563.780484753014,56615.35080087156,56211.05719616195,404.29360470960364,316,0.3359387000091374,differential_evolution_bounded_direct_search,True,Maximum number of iterations has been exceeded.,0.0,3579.8301393333345,0.4088377000007313
2025-06-30,28,3579.8301393333345,51603.59361297124,52098.6602806379,-3257.9741317008884,-1736.9982466455663,-208.96142050922322,-336.5939711553594,-0.09257860318712607,0.7072936060864103,0.059879583033737305,4188.541314466695,3737.760124522444,56287.2015951046,55836.420405160345,450.7811899442513,316,0.43179969998891465,differential_evolution_bounded_direct_search,True,Maximum number of iterations has been exceeded.,0.0,2836.8701969365084,0.5396626000001561
2025-07-01,28,2836.8701969365084,51573.47888212966,52068.54554979634,146.57987046349206,-922.9525604093691,-184.76678617624458,-183.3161186990967,0.9467864226393994,1.9034903535989578,0.5308056661046607,4107.07792491445,3659.2340997902807,56175.62347471079,55727.77964958662,447.84382512416914,316,0.5179347999946913,differential_evolution_bounded_direct_search,True,Maximum number of iterations has been exceeded.,13889.929567530227,1200.0,0.6420088000013493
2025-07-02,28,1200.0,50179.6298994516,50674.69656711823,-4601.161885755844,-6794.753092647574,-610.7465974848939,-72.60097415186877,0.863897193884851,0.5278151721225903,-0.8705531962462489,4372.919037052397,3687.6697927230825,55047.61560417063,54362.36635984132,685.249244329314,316,0.45953999999619555,differential_evolution_bounded_direct_search,True,Maximum number of iterations has been exceeded.,12699.856106832016,1200.0,0.5667859999957727
2025-07-03,28,1200.0,49125.011714656146,49620.0783823228,-6575.227944070219,-6279.269225923292,-1017.5964281262953,-9368.91281044277,-0.17718305285342284,0.9881136740275953,1.215236500220021,4460.188966159665,3574.646434872156,54080.26734848246,53194.724817194954,885.5425312875091,316,0.4399935999972513,differential_evolution_bounded_direct_search,True,Maximum number of iterations has been exceeded.,25946.319340485,1200.0,0.5370334000035655
2025-07-04,28,1200.0,20069.59661838385,20564.66328605052,-298.08036832278265,-8499.958341049485,8984.397545001222,-370.8704145963097,-0.7012135922043665,-0.3792716887697327,-0.41543343635276897,2063.7144492520133,2026.1798037057622,22628.377735302533,22590.843089756283,37.53464554625111,316,0.4297387999977218,differential_evolution_bounded_direct_search,True,Maximum number of iterations has been exceeded.,21772.674337742566,1200.0,0.5125108000065666
2025-07-05,28,1200.0,20182.844813765572,20677.911481432246,-252.3912665681209,-6319.726566227659,-256.20072677227944,-4195.261275751625,-0.49944284018549956,0.30944422335047106,-0.5917348732241554,2006.7468034382703,1951.1461152243085,22684.658284870515,22629.057596656556,55.6006882139618,316,0.3822070000023814,differential_evolution_bounded_direct_search,True,Maximum number of iterations has been exceeded.,22931.360758582327,1205.5709999999997,0.4550005000055535
2025-07-06,28,1205.5709999999997,46582.77654718058,47077.84321484725,-1414.9179341337658,-6418.862404306864,-1488.4377180190577,-4802.514786545961,-1.051801072698404,-0.7938743645142132,-0.2694440886518994,3842.078492173085,2705.9670688498322,50919.92170702034,49783.81028369708,1136.111423323253,316,0.4436771999899065,differential_evolution_bounded_direct_search,True,Maximum number of iterations has been exceeded.,40978.13236348673,1200.0,0.5304890999977943
2025-07-07,28,1200.0,46953.78481349052,47448.85148115721,-1502.4436693393668,-6403.26598810674,-1424.9960189583223,-5044.073383715504,-0.024146027364382983,-0.9692379579911605,1.071782541178607,3780.421129188278,2742.0340025959717,51229.272610345484,50190.88548375318,1038.3871265923062,316,0.3606152000138536,differential_evolution_bounded_direct_search,True,Maximum number of iterations has been exceeded.,12786.583484997773,1299.2661,0.43443170000682585
2025-07-08,28,1299.2661,57805.942279743904,58301.00894741055,-5938.229203442695,-1607.299118897677,-1079.4355055214464,-554.769458160336,1.787826187847085,0.45650737941568265,-0.04368478976830503,3242.1317382232637,2196.956554260272,61543.140685633814,60497.96550167082,1045.175183962992,316,0.3691494000086095,differential_evolution_bounded_direct_search,True,Maximum number of iterations has been exceeded.,0.0,3677.806426804233,0.4392434999899706
2025-07-09,28,3677.806426804233,56156.88514366607,56651.951811332714,-8835.220255336086,-3950.5205612448185,-1282.205693096742,-612.9830778219784,-0.2836272148453425,0.9446283844560766,1.7797771660536323,3144.2078015615834,2215.539582870065,59796.1596128943,58867.49139420278,928.6682186915186,316,0.35428019998653326,differential_evolution_bounded_direct_search,True,Maximum number of iterations has been exceeded.,0.0,3934.3389601111103,0.42418020000332035
2025-07-10,28,3934.3389601111103,56530.03464892791,57025.10131659457,-8862.354817894613,-3058.787575628717,-1327.6116545868745,-311.10103820749623,-0.2899303279528618,1.2082262459842639,-0.5555136217654852,3010.213173018686,2199.521705917104,60035.31448961326,59224.623022511674,810.691467101582,316,0.34559250000165775,differential_evolution_bounded_direct_search,True,Maximum number of iterations has been exceeded.,0.0,3662.645504105822,0.4162164000008488
2025-07-11,28,3662.645504105822,28650.5172134196,29145.583881086262,-382.9518233055541,-6911.801462569131,2781.1490923833594,-140.0317469887941,1.668855355974308,0.7941861234552063,1.2645078047135838,1543.0915085406034,1500.712325521342,30688.675389626867,30646.296206607603,42.37918301926129,316,0.352352100002463,differential_evolution_bounded_direct_search,True,Maximum number of iterations has been exceeded.,0.0,3940.194744343919,0.4289930000086315
2025-07-12,28,3940.194744343919,28383.257373991066,28878.32404165774,-361.55878049908415,-6681.711085218028,3454.9977553867984,-86.68126517664376,0.10300742163845378,-0.22972561370838873,0.11845284232142195,1521.0087893919986,1411.9937872421838,30399.332831049738,30290.317828899922,109.01500214981479,316,0.3880154000071343,differential_evolution_bounded_direct_search,True,Maximum number of iterations has been exceeded.,205.2267440207147,3602.4847033650817,0.4626101000030758
2025-07-13,28,3602.4847033650817,56720.66512742788,57215.73179509453,-1824.1352127085854,-1564.9913718735504,-910.6672132940528,-844.9220263465769,-1.4470699221540175,-1.4924394165680623,0.8081042204628379,2902.5009522850182,2110.3857890763325,60118.232747379545,59326.11758417086,792.1151632086858,316,0.36499040000489913,differential_evolution_bounded_direct_search,True,Maximum number of iterations has been exceeded.,37.2127813659526,3838.8701177830712,0.43535469999187626
2025-07-14,28,3838.8701177830712,55479.597211752494,55974.66387941916,-5827.804322587126,-3025.9485673628296,-1543.1236944529421,-40.6432269763755,1.4022856417460372,1.620808227960723,-0.24909154492676677,2914.6763534975776,2197.4592742515747,58889.34023291674,58172.123153670735,717.2170792460029,316,0.3517961999896215,differential_evolution_bounded_direct_search,True,Maximum number of iterations has been exceeded.,185.36277503333207,3826.1982755608487,0.4231296999932965
2025-07-15,28,3826.1982755608487,55519.37893138973,56014.44559905639,-4154.864021383452,-1720.7876834835747,-986.7052274858622,-1179.9817908439984,1.4522170247730077,-0.9464674176453434,-1.8428437381993539,2860.644023746695,2235.0215951716464,58875.08962280308,58249.46719422803,625.6224285750486,316,0.3537451999873156,differential_evolution_bounded_direct_search,True,Maximum number of iterations has been exceeded.,0.0,4298.485771962965,0.42936729999200907
2025-07-16,28,4298.485771962965,54518.45976378662,55013.526431453254,-7468.914292807347,-5643.191955986679,-128.27990910575906,-1455.6720480402837,-0.48684457231570577,1.0859186314223184,-1.6446404490528144,2761.3885460313168,1969.6408031138656,57774.91497748457,56983.16723456712,791.7477429174512,316,0.3666830000001937,differential_evolution_bounded_direct_search,True,Maximum number of iterations has been exceeded.,0.0,3877.3832277037086,0.44275239999115
2025-07-17,28,3877.3832277037086,54689.197122929596,55184.26379059628,-1074.2095362895946,-5170.935893146638,-172.49751972263496,-4903.961554159037,-1.3415960020774158,-0.24023092183882588,1.016881644467877,2687.0025772282283,1961.175432080779,57871.26636782451,57145.43922267706,725.8271451474493,316,0.34981069999048486,differential_evolution_bounded_direct_search,True,Maximum number of iterations has been exceeded.,0.0,3811.7089767513266,0.4184805000113556
2025-07-18,28,3811.7089767513266,28067.227809829878,28562.294477496536,-362.0995395480815,-6737.033210834026,2227.081099752268,-3511.876682630383,0.7502301644496892,-1.5144601922291971,0.17104214023512876,1342.4556613438067,1266.8124854728128,29904.750138840343,29829.10696296935,75.6431758709939,316,0.3717639000096824,differential_evolution_bounded_direct_search,True,Maximum number of iterations has been exceeded.,308.0835868907144,3958.8417006402146,0.44044629999552853
2025-07-19,28,3958.8417006402146,28146.594077723516,28641.66074539019,-335.3186596502926,-3514.633129271303,5606.7483202699805,-1655.1198060471318,1.8583006274327474,-0.8919241929080832,0.6643959047913373,1314.9334286926216,1249.6864809074937,29956.59417408281,29891.347226297683,65.24694778512799,316,0.30114989999856334,differential_evolution_bounded_direct_search,True,Maximum number of iterations has been exceeded.,0.0,3818.8462741058215,0.3611998999986099
2025-07-20,28,3818.8462741058215,54502.43309491629,54997.499762582935,-900.7511638348966,-5239.990700520514,-135.43225226615405,-1017.1789170515211,-0.5107770002831611,1.3095125377891055,1.83136491474679,2536.3683890255916,1744.7895431015215,57533.86815160853,56742.289305684455,791.57884592407,316,0.29236089999903925,differential_evolution_bounded_direct_search,True,Maximum number of iterations has been exceeded.,0.0,3986.295895005291,0.34895839999080636
2025-07-21,28,3986.295895005291,55563.40042878191,56058.46709644858,-2614.581089629602,-8612.686743699494,-204.52018125493012,-1746.2309375231591,-0.9108109331564609,0.17420786811047329,1.0340225215843084,2571.96126096002,1755.7552983071234,58630.4283574086,57814.2223947557,816.2059626528965,316,0.280320899997605,differential_evolution_bounded_direct_search,True,Maximum number of iterations has been exceeded.,0.0,4222.138662994711,0.3376263999962248
2025-07-22,28,4222.138662994711,54764.35077628287,55259.417443949525,-1146.1042738770402,-7117.029492328658,-218.41371580554778,-8444.488260977601,-1.4517816238785386,1.4521449699255262,0.24763601808431046,2536.274936673112,1748.6909255350479,57795.69238062264,57008.10836948457,787.5840111380639,316,0.26003609999315813,differential_evolution_bounded_direct_search,True,Maximum number of iterations has been exceeded.,827.8832642266912,3490.047197201062,0.3140597000019625
2025-07-23,28,3490.047197201062,55437.73915528508,55932.805822951734,-4377.328974774608,-8215.596262549825,-178.43671039002018,-5598.180561682193,1.2679376667875522,1.0126371827938825,1.272121878374986,2248.725304398065,1512.4063329771325,58181.5311273498,57445.212155928864,736.3189714209325,316,0.2560594999958994,differential_evolution_bounded_direct_search,True,Maximum number of iterations has been exceeded.,0.0,3775.1841612486805,0.30858709999301936
2025-07-24,28,3775.1841612486805,55167.554816841366,55662.621484508025,-5353.400910472519,-7245.607268137335,-805.3286142842151,-289.64652479208297,-1.2186774145989423,0.8129351297833849,1.5242598963204879,2297.0361287501464,1604.2560647116036,57959.65761325817,57266.87754921963,692.7800640385428,316,0.25412720000895206,differential_evolution_bounded_direct_search,True,Maximum number of iterations has been exceeded.,0.0,4295.9519321746075,0.30947700000251643
2025-07-25,28,4295.9519321746075,27441.020801848917,27936.087469515587,-329.40569399217236,-2314.5653864861233,7074.841842249678,-7681.204369898086,0.3565927827927844,-0.9140505536056793,-0.6892700375776464,1349.3222623265065,1285.7262021141448,29285.409731842094,29221.81367162973,63.596060212361635,316,0.2687785000016447,differential_evolution_bounded_direct_search,True,Maximum number of iterations has been exceeded.,0.0,4001.8317562222223,0.3201969000074314
2025-07-26,28,4001.8317562222223,28269.35845783381,28764.425125500482,0.0,0.0,0.0,0.0,0.0,0.0,0.0,1351.199789993528,1351.199789993528,30115.62491549401,30115.62491549401,0.0,316,0.2828130000125384,differential_evolution_bounded_direct_search,True,Maximum number of iterations has been exceeded.,0.0,4056.2996490793694,0.34006289999524597
2025-07-27,28,4056.2996490793694,54586.31718338769,55081.38385105436,-7359.696929246351,-7188.634098127226,-701.7881219917203,-234.07605688384513,-0.3581390366184696,0.8591161974803487,1.9692251827602814,2331.7248916367053,1519.5859949870335,57413.10874269106,56600.96984604139,812.1388966496718,316,0.26700559999153484,differential_evolution_bounded_direct_search,True,Maximum number of iterations has been exceeded.,0.0,4087.034334227515,0.32485219999216497
2025-07-28,28,4087.034334227515,54477.565130125324,54972.63179779198,-6451.459263992501,-7396.370299537709,-507.8503334573959,-7894.20749905263,1.8436841859133266,-0.2969213192010973,0.6917118995618154,2405.526973588152,1551.6779130398497,57378.158771380135,56524.30971083183,853.8490605483023,316,0.3554684999980964,differential_evolution_bounded_direct_search,True,Maximum number of iterations has been exceeded.,11.067393833333847,3659.2507809735457,0.41896369999449234
2025-07-29,28,3659.2507809735457,55892.92143135097,56387.988099017646,-9525.614351333987,-1855.2082546335776,-208.49586105779778,-2271.7791174050826,1.7100411257559234,-0.2253694287092589,-0.922012933256056,2374.597475151338,1544.1842875892482,58762.58557416898,57932.17238660689,830.4131875620899,316,0.37451799999689683,differential_evolution_bounded_direct_search,True,Maximum number of iterations has been exceeded.,0.0,4044.8882061428603,0.4502968000015244
2025-07-30,28,4044.8882061428603,55535.34654283024,56030.41321049692,-5869.824469996961,-2694.464955474086,-371.69169747904897,-4914.968303192976,-0.6973023906533551,1.8430917144746188,-0.044130946880138744,3028.975271240715,2139.917553845312,59059.38848173763,58170.33076434223,889.057717395403,316,0.3713874999957625,differential_evolution_bounded_direct_search,True,Maximum number of iterations has been exceeded.,0.0,3790.3544098836,0.4439612999995006
2025-07-31,28,3790.3544098836,54330.16601359657,54825.232681263224,-4081.4482500776803,-1811.5998570436154,-426.38825423106323,-215.68833767234423,-1.2770800869501633,1.535987195175836,1.9845429899938134,3520.0555797840902,2675.2887833295126,58345.28826104732,57500.52146459273,844.7667964545776,316,0.33561500000359956,differential_evolution_bounded_direct_search,True,Maximum number of iterations has been exceeded.,0.0,2715.237764925925,0.41565799999807496
2025-08-01,28,2715.237764925925,25899.674571936845,26394.741239603518,-259.9189733547465,-618.3953244548715,1551.7871507827274,-1030.7090164009057,0.16345972514605434,-0.44659441909054065,-1.3668793243022128,2329.5150511057627,2255.839774921493,28724.25629070928,28650.58101452501,73.67527618426993,316,0.3613233000069158,differential_evolution_bounded_direct_search,True,Maximum number of iterations has been exceeded.,65.25906825381024,2848.4306604550293,0.4334538999974029
2025-08-02,28,2848.4306604550293,25458.258639551506,25953.32530721817,-371.21452643200143,-7933.324389459682,-349.00271114036093,-7452.191040426517,-0.4466326128782918,1.287199476158813,0.9406175822917722,2015.3485648632764,1826.5917427861575,27968.673872081446,27779.917050004326,188.75682207711884,316,0.33417040000495035,differential_evolution_bounded_direct_search,True,Maximum number of iterations has been exceeded.,0.0,2801.6884941798944,0.41042709999601357
2025-08-03,28,2801.6884941798944,51689.91637242798,52184.98304009462,-221.26090476810418,-5813.476797651585,-559.4485800074988,-635.4425862591811,-0.45380879891737247,1.6317484424120976,-0.44737901566083527,2547.1828058465367,1607.6178189347445,54732.16584594116,53792.600859029364,939.5649869117922,316,0.3350358000025153,differential_evolution_bounded_direct_search,True,Maximum number of iterations has been exceeded.,924.2330246223808,1647.3304729365086,0.4055526000011014
2025-08-04,28,1647.3304729365086,50777.95603128491,51273.022698951565,-1892.8190533927925,-8654.90883648616,-1614.3256299645593,-3846.2455304269843,-1.9253403507391411,-0.9062963956676335,0.6294674404067964,1440.1062728247628,168.91439806711975,52713.12897177633,51441.93709701869,1271.191874757643,316,0.3337013999989722,differential_evolution_bounded_direct_search,True,Maximum number of iterations has been exceeded.,33.02187948000115,2187.791178656087,0.40082470000197645
2025-08-05,28,2187.791178656087,49269.16297124361,49764.229638910285,-7398.843143389032,-5376.022920653495,-5688.833843735853,-358.764923066439,-0.7176062052909025,1.9676180801036032,-0.7811516579199729,674.5287005598846,-536.2199114331672,50438.75833947017,49228.00972747712,1210.7486119930518,316,0.33245209998858627,differential_evolution_bounded_direct_search,True,Maximum number of iterations has been exceeded.,131.10176198833327,1955.0368104232793,0.40098269999725744
2025-08-06,28,1955.0368104232793,48509.78237722874,49004.8490448954,-858.9331245549271,-5394.086096074642,-977.2843716689032,-1997.8329932780305,-1.0198163525890784,-0.34795660956290186,-0.22919657373032876,669.3255609712769,-514.7910305435448,49674.17460586668,48490.05801435186,1184.1165915148217,316,0.3305994999973336,differential_evolution_bounded_direct_search,True,Maximum number of iterations has been exceeded.,1022.1651711755377,1362.227848412243,0.3979145999910543
2025-08-07,28,1362.227848412243,48207.416351492895,48702.48301915958,-281.90480677532577,-2074.853726742882,-4829.378279717916,-486.79871723647705,-0.26822035195471705,0.03279476499089773,0.377088049380923,696.5520736310444,-558.5906364848961,49399.035092790626,48143.89238267469,1255.1427101159406,316,0.33455709999543615,differential_evolution_bounded_direct_search,True,Maximum number of iterations has been exceeded.,69.5674299666667,1957.148696031746,0.40764750000380445
2025-08-08,28,1957.148696031746,24157.271775155645,24652.33844282232,-4600.159193692228,-5785.487188791676,-636.2250702582688,-6306.443506302652,0.28373583249207535,-1.2995874649352777,-0.12776523586215793,-353.7392548991653,-893.1089114141092,24298.599187923155,23759.22953140821,539.3696565149439,316,0.32997760000580456,differential_evolution_bounded_direct_search,True,Maximum number of iterations has been exceeded.,0.0,2274.683733793653,0.3960250999953132
2025-08-09,28,2274.683733793653,23483.26334483275,23978.330012499424,-1688.9025408929185,-6625.338371472127,-896.0761139109185,-4740.129363653393,-0.5935026313989717,0.927010122440576,-0.18940484693997517,-335.078690335985,-872.2094368401564,23643.25132216344,23106.120575659268,537.1307465041714,316,0.3401226999994833,differential_evolution_bounded_direct_search,True,Maximum number of iterations has been exceeded.,0.0,1935.2309520000017,0.40927129999909084
2025-08-10,28,1935.2309520000017,47028.94711308585,47524.013780752524,-8696.462584652405,-9214.24317406041,-6554.414747897469,-429.5018406055661,-1.585014778197885,-1.038794149140855,0.8841922690279214,556.6322706136787,-413.171885989431,48080.6460513662,47110.84189476309,969.8041566031097,316,0.35436340000887867,differential_evolution_bounded_direct_search,True,Maximum number of iterations has been exceeded.,32.84208528666671,2422.3672289999995,0.4229691000073217
2025-08-11,28,2422.3672289999995,47018.70861041895,47513.775278085624,-350.9154724200421,-2971.7537600133332,-1187.7599042219529,-8447.314063523329,-1.701209998050376,0.4606703419931204,-0.2703764088961462,612.2919614480168,-487.8354542514871,48126.067239533644,47025.93982383414,1100.127415699504,316,0.3430396000039764,differential_evolution_bounded_direct_search,True,Maximum number of iterations has been exceeded.,895.7378028333301,1902.7629138095251,0.4138193999970099
2025-08-12,28,1902.7629138095251,46168.99839630457,46664.06506397123,-9129.206011680952,-8053.361177857519,-4305.916037722954,-397.6969676832109,0.5085724171851811,-1.0639573984553512,1.6127845549903612,533.920368807216,-503.05921546172755,47197.98543277845,46161.00584850951,1036.9795842689437,316,0.366258200010634,differential_evolution_bounded_direct_search,True,Maximum number of iterations has been exceeded.,4535.552528348424,1964.7434520000008,0.44146959998761304
2025-08-13,28,1964.7434520000008,46748.14746945703,47243.2141371237,-555.3134987557364,-1868.374733778881,-3497.131569829297,-741.1318677113848,1.8241092886401993,0.5841498097118945,-0.23630866019082108,575.041342624112,-493.77497150974307,47818.255479747815,46749.439165613956,1068.816314133855,316,0.4268793000082951,differential_evolution_bounded_direct_search,True,Maximum number of iterations has been exceeded.,712.4906776099979,2334.264587439153,0.5145156999933533
2025-08-14,28,2334.264587439153,46395.307489456056,46890.37415712273,-8812.584075157281,-7094.937875809745,-8686.194124038484,-669.1586618860476,1.3440051644831605,-1.3171338960167627,0.41390499824018034,590.2247192530631,-464.77457922315597,47480.59887637579,46425.59957789957,1054.999298476219,316,0.3976048000040464,differential_evolution_bounded_direct_search,True,Maximum number of iterations has been exceeded.,1044.1572367845213,2119.012846973545,0.4736020999989705
2025-08-15,28,2119.012846973545,23572.540927928418,24067.607595595084,-8701.14414782127,-4504.217196225965,-2162.2922246267103,-4885.9747582874725,-0.9388286170963624,0.20127940848240344,-0.8353385351921812,-481.5340239624778,-917.3296117317029,23586.073571632605,23150.27798386338,435.7955877692251,316,0.4256916000013007,differential_evolution_bounded_direct_search,True,Maximum number of iterations has been exceeded.,0.0,1981.6306077513245,0.5105919999914477
2025-08-16,28,1981.6306077513245,23736.788898708208,24231.85556637487,-5575.096645527722,-4490.281385214784,-2851.3766826722604,-1293.2661926842202,0.20298429442372878,-1.195070048254801,-0.7219341149148488,-500.90325392340145,-925.5462677853027,23730.952312451467,23306.309298589567,424.64301386190124,316,0.3941696999972919,differential_evolution_bounded_direct_search,True,Maximum number of iterations has been exceeded.,0.0,2125.318340941801,0.47657450000406243
2025-08-17,28,2125.318340941801,46568.31202025751,47063.37868792416,-5742.581870470419,-6699.527262395278,-9491.835994910585,-5928.297147540289,1.1654223679906153,-1.82532044027884,1.0931135179548588,492.50159992114726,-372.5439398516491,47555.880287845306,46690.83474807251,865.0455397727964,316,0.45856820000335574,differential_evolution_bounded_direct_search,True,Maximum number of iterations has been exceeded.,748.0508398992855,2228.607239566139,0.5347053000004962
2025-08-18,28,2228.607239566139,46396.756970185714,46891.823637852394,-3564.076860503878,-2007.619277726144,-1007.2971111986142,-4377.861829617355,-0.47340466095420175,1.9304172173457554,0.9649858456551712,430.6712635194089,-426.9385050146242,47322.4949013718,46464.88513283777,857.609768534033,316,0.4218419999961043,differential_evolution_bounded_direct_search,True,Maximum number of iterations has been exceeded.,445.8955462192866,2328.931370148149,0.5030940999859013
2025-08-19,28,2328.931370148149,46713.25816251715,47208.32483018383,-6127.777409055188,-2607.490122169145,-9468.827990494745,-650.8274131156305,-0.6654197498379884,1.446866990048163,-0.42270652090222893,498.8226194988376,-386.24398761684586,47707.14744968267,46822.08084256699,885.0666071156834,316,0.49425699999846984,differential_evolution_bounded_direct_search,True,Maximum number of iterations has been exceeded.,574.7776561349959,2092.5003571058223,0.5681466999958502
2025-08-20,28,2092.5003571058223,46441.44614603026,46936.51281369694,-1562.4620924284422,-3347.3383476518393,-845.4967459798187,-2690.791949014102,1.5281137117133516,1.9340641212280194,-1.500346505841331,561.6449547311706,-417.6384432115983,47498.157768428115,46518.87437048535,979.2833979427689,316,0.345796399997198,differential_evolution_bounded_direct_search,True,Maximum number of iterations has been exceeded.,11976.967984881272,1587.190046333333,0.41391570000268985
2025-08-21,28,1587.190046333333,47254.73350821624,47749.800175882905,-6557.191648119589,-7831.727815035795,-1439.4461773547769,-6074.974694671279,1.2768308707010592,-0.24172571559225275,-0.47373234548336884,872.2937162919225,-132.6534265475349,48622.09389217483,47617.14674933537,1004.9471428394573,316,0.3348346999991918,differential_evolution_bounded_direct_search,True,Maximum number of iterations has been exceeded.,0.0,2097.507656470901,0.4111185999936424
2025-08-22,28,2097.507656470901,23717.993278170114,24213.05994583678,-8685.584484900293,-915.7674448461847,-2961.1364521944815,-5322.576265660364,-0.8548307340549222,-0.8562057437015604,-0.2663580581180329,-441.91210589842785,-913.9200997986238,23771.147839938352,23299.139846038157,472.00799390019597,316,0.3314053999929456,differential_evolution_bounded_direct_search,True,Maximum number of iterations has been exceeded.,192.73084083466563,1656.3609090000004,0.396160799995414
2025-08-23,28,1656.3609090000004,24277.793008550987,24772.859676217657,-277.1290727858073,-863.3564861291085,-3308.549893236259,-3059.0374438194067,0.18742531609024038,-0.30511253465706334,-0.3987959368360805,-435.94427581224494,-927.6371299294286,24336.91540040541,23845.222546288227,491.6928541171837,316,0.3333452000078978,differential_evolution_bounded_direct_search,True,Maximum number of iterations has been exceeded.,0.0,2197.772524486772,0.40301609999733046
2025-08-24,28,2197.772524486772,47543.742277890335,48038.808945557,-3317.607146100729,-3925.3659132500056,-1113.9031619147506,-3329.375500060618,-1.2254765549756312,-0.9011210152531604,1.253602397981402,988.6285243943478,-178.07293283086634,49027.43746995135,47860.736012726135,1166.7014572252142,316,0.3610884000081569,differential_evolution_bounded_direct_search,True,Maximum number of iterations has been exceeded.,137.01894177333128,2294.395869444443,0.4368355999904452
2025-08-25,28,2294.395869444443,47841.03523911269,48336.10190677934,-1783.1293036212655,-4918.401738108247,-880.5141812414341,-3822.3757016600316,0.15149656006809664,-0.26771873006899205,-0.058035909286457965,874.1376796455262,-227.70063030014214,49210.23958642487,48108.4012764792,1101.8383099456682,316,0.3957285999931628,differential_evolution_bounded_direct_search,True,Maximum number of iterations has been exceeded.,210.43114604309784,1725.9793572962967,0.4737191000021994
2025-08-26,28,1725.9793572962967,48390.81056729258,48885.87723495925,-7563.013775195381,-413.1105301802805,-8097.615495906513,-5287.329547473188,1.0049125035064272,0.6967242935674611,-1.731052286565872,832.8997524862007,-249.25749343190884,49718.776987445446,48636.61974152734,1082.1572459181095,316,0.3258392999996431,differential_evolution_bounded_direct_search,True,Maximum number of iterations has been exceeded.,95.43627119833376,2460.2875955290956,0.3953427000087686
2025-08-27,28,2460.2875955290956,48104.48239468264,48599.54906234928,-1071.774695874839,-3249.351164901995,-799.8411013998101,-2272.726374413903,-0.597313015647666,0.027176647782090058,-1.7758327861850876,924.7810897625644,-170.66183715136168,49524.33015211185,48428.88722519792,1095.4429269139262,316,0.3418717000022298,differential_evolution_bounded_direct_search,True,Maximum number of iterations has been exceeded.,0.0,2267.9147426878308,0.41528719999769237
2025-08-28,28,2267.9147426878308,48139.17979027672,48634.24645794337,-5035.218474869412,-1352.7721108073788,-717.6856035741736,-2980.4025257052485,-1.7054464391788335,0.8815487854214483,1.5587434285860549,870.8572478336937,-213.6247444519038,49505.103705777066,48420.62171349147,1084.4819922855975,316,0.33538280001084786,differential_evolution_bounded_direct_search,True,Maximum number of iterations has been exceeded.,2628.5534320916668,2290.617972699697,0.4005009999964386
2025-08-29,28,2290.617972699697,25046.446212847433,25541.5128805141,-6526.75826278257,-1344.355579891059,-773.503638692074,-2062.784104861241,-1.6337992170759978,-0.8304867417356907,0.10468032502715996,-388.66147296197516,-908.9260626055358,25152.851407552123,24632.586817908563,520.2645896435606,316,0.3503363000054378,differential_evolution_bounded_direct_search,True,Maximum number of iterations has been exceeded.,0.0,2527.4390271375637,0.41704570000001695
2025-08-30,28,2527.4390271375637,24651.011981723506,25146.078649390183,-4844.720022063013,-2796.4576327558398,-4255.432243415454,-5818.759569594333,1.555640568683124,0.6125044334403551,0.2905455830031838,-420.3557439643574,-918.2260744607446,24725.722905425824,24227.85257492944,497.8703304963872,316,0.34264069999335334,differential_evolution_bounded_direct_search,True,Optimization terminated successfully.,0.0,2029.6447894867724,0.41488850000314415
2025-08-31,28,2029.6447894867724,49102.75151526188,49597.81818292853,-9432.428982843672,-6692.348419391252,-7571.4811209374,-404.39966700049973,0.2926827295654095,-1.4092664564277138,-0.6478299435542052,947.780972812743,-299.60095294196725,50545.59915574127,49298.21722998656,1247.3819257547102,316,0.32280619999801274,differential_evolution_bounded_direct_search,True,Maximum number of iterations has been exceeded.,398.54763157475844,2418.2385235661386,0.3948253999988083
2025-09-01,28,2418.2385235661386,48879.26018617851,49374.32685384518,-2133.4604265617972,-6670.65893391282,-7819.503932014432,-7786.081483772694,1.7874068543509982,-1.8498364930452424,0.22439017747994017,905.9699523323286,-314.1774919412779,50280.29680617751,49060.1493619039,1220.1474442736064,316,0.33812130001024343,differential_evolution_bounded_direct_search,True,Maximum number of iterations has been exceeded.,0.0,5952.825991201058,0.4077304000093136
2025-09-02,28,5952.825991201058,46730.522265298474,47225.588932965155,-2863.3256628392,-2464.628788570231,-1275.8191629002872,-5969.515527278162,-0.6241863480482908,-0.44038010692491847,1.9230458007154008,825.1203819236058,-355.8461111533162,48050.70931488876,46869.74282181184,1180.966493076922,316,0.3496088000101736,differential_evolution_bounded_direct_search,True,Maximum number of iterations has been exceeded.,0.0,5683.9281832222205,0.4260653999954229
2025-09-03,28,5683.9281832222205,46504.66890191167,46999.735569578355,-236.81971499666616,-8070.704103250242,-1301.6470565875347,-8943.200703065175,1.232959606821391,0.5736798216282772,-0.7731937540241576,810.3706792445099,-390.36382119831563,47810.10624882286,46609.37174838004,1200.7345004428255,316,0.34272599998803344,differential_evolution_bounded_direct_search,True,Maximum number of iterations has been exceeded.,0.0,5640.311393984127,0.41610630000650417
2025-09-04,28,5640.311393984127,46905.77166988241,47400.83833754908,-3156.1174886926315,-4362.852324353897,-1414.5177311402606,-1718.0904499221122,-0.2181175948397267,-0.19408425234512938,-0.10392699061407651,835.9086948458332,-279.4472731024451,48236.74703239492,47121.39106444664,1115.3559679482782,316,0.3329179000138538,differential_evolution_bounded_direct_search,True,Maximum number of iterations has been exceeded.,0.0,5585.382059211637,0.4012187000043923
2025-09-05,28,5585.382059211637,22712.404727765716,23207.47139543239,-3711.2870793651614,-234.27606555120127,-3332.7076196594467,-9422.315885908347,0.6923761256793162,-1.2364447429470782,1.162427595336076,-514.7959961099012,-1049.2386151003032,22692.67539932249,22158.232780332084,534.4426189904019,316,0.3655628000124125,differential_evolution_bounded_direct_search,True,Maximum number of iterations has been exceeded.,0.0,5731.372904703703,0.4376499999925727
2025-09-06,28,5731.372904703703,23101.553570939264,23596.620238605938,-3043.5338304982247,-4677.065331413618,-2958.582036640211,-908.9076032510125,-0.7515764147866983,-1.8724906267072035,-0.08021720244749742,-532.5287227548249,-1051.184721378233,23064.091515851112,22545.435517227706,518.6559986234081,316,0.34698410000419244,differential_evolution_bounded_direct_search,True,Maximum number of iterations has been exceeded.,0.0,6333.366600518517,0.4170502999913879
2025-09-07,28,6333.366600518517,45467.976171176815,45963.042838843496,-9089.496548253153,-5929.710417411994,-1279.2399573007542,-2109.0670381627815,-0.6788319188167145,0.8858308077987354,-0.6386090967083988,882.6763584713998,-331.8845017008811,46845.719197314895,45631.15833714262,1214.5608601722809,316,0.35765710000123363,differential_evolution_bounded_direct_search,True,Maximum number of iterations has been exceeded.,0.0,5551.254174116403,0.4267231999983778
2025-09-08,28,5551.254174116403,36740.15458106408,37235.22124873074,-243.74783629861554,-1078.4027106159479,-668.670111525644,-2667.9734462766946,0.884110717374675,1.7343030372508115,-0.5073747774294788,525.2839556171981,-411.8944380503941,37760.50520434794,36823.326810680344,937.1783936675922,316,0.37236189999384806,differential_evolution_bounded_direct_search,True,Maximum number of iterations has been exceeded.,4880.025900806642,1357.1314606666672,0.4451007000025129
2025-09-09,28,1357.1314606666672,39813.393230344635,40308.45989801131,-6417.47214555969,-7781.869462707978,-639.0565019717112,-9121.7940473342,1.3565824159237772,-1.152867176051666,1.3132752581332623,786.4936153142286,-328.42317617318866,41094.953513325534,39980.03672183812,1114.9167914874172,316,0.3561790999956429,differential_evolution_bounded_direct_search,True,Maximum number of iterations has been exceeded.,61.48156000833311,1739.817944243391,0.4283965999929933
2025-09-10,28,1739.817944243391,39511.255838972065,40006.322506638724,-6089.032112948533,-9068.950792999818,-647.7098102702087,-346.9663158014857,0.19873121979845276,0.1741029897867552,-0.9121193934816916,682.2777495936444,-360.15725411267664,40688.60025623237,39646.16525252605,1042.4350037063211,316,0.37505779998900834,differential_evolution_bounded_direct_search,True,Maximum number of iterations has been exceeded.,11284.117346225208,1636.5329676666668,0.4490250999951968
2025-09-11,28,1636.5329676666668,39920.34665499094,40415.41332265761,-9553.51581383402,-6290.866186410003,-878.8995228240914,-540.7968492207658,-0.41574739864550514,-0.06494081841770782,-1.7227139108433422,1007.3569289777772,-40.285754764091116,41422.77025163539,40375.12756789352,1047.6426837418683,316,0.35039659999893047,differential_evolution_bounded_direct_search,True,Maximum number of iterations has been exceeded.,0.0,1907.4799579259318,0.42327990000194404
2025-09-12,28,1907.4799579259318,17420.76402821307,17915.83069587974,-430.99380064315585,-8648.029908651506,-3034.0999480174996,-1339.5560604478721,0.09540509676565634,-0.280594268310969,1.8464997161264471,-670.3330017334878,-1212.5982802582396,17245.497694146252,16703.2324156215,542.2652785247518,316,0.3771812999912072,differential_evolution_bounded_direct_search,True,Maximum number of iterations has been exceeded.,0.0,2024.0843994285713,0.4535663000133354
2025-09-13,28,2024.0843994285713,17626.911196478988,18121.977864145658,-1463.5699830228266,-4097.522798949725,-5225.513340649825,-6637.493181120376,-0.7237984608115673,-0.9233868855362197,-1.4840861564719527,-700.5990165014908,-1216.9483675387235,17421.378847644166,16905.029496606934,516.3493510372326,316,0.3906935999984853,differential_evolution_bounded_direct_search,True,Optimization terminated successfully.,0.0,1972.200943248677,0.4719199000101071
2025-09-14,28,1972.200943248677,39984.610307998366,40479.67697566503,-347.57769198215055,-4306.734976436868,-1107.829822706405,-4882.8791164997365,-0.9010734552574684,-1.18317772764324,-0.19246639850288183,920.3902545473624,-160.96938997451772,41400.06723021239,40318.707585690514,1081.35964452188,316,0.3557069000089541,differential_evolution_bounded_direct_search,True,Maximum number of iterations has been exceeded.,0.0,1280.9647908994718,0.4345411999966018
2025-09-15,28,1280.9647908994718,41326.426348938585,41821.49301660526,-2827.9281783059932,-4633.525841208606,-819.0542181111358,-6195.090877194512,0.8252793337345858,-0.6035027119624641,-0.8233865908220921,801.8759475393482,-234.05131501603287,42623.3689641446,41587.441701589225,1035.927262555381,316,0.3359426999959396,differential_evolution_bounded_direct_search,True,Maximum number of iterations has been exceeded.,308.5527758885723,1785.3663241851855,0.41015740000875667
2025-09-16,28,1785.3663241851855,40803.19598509894,41298.2626527656,-6511.391426378659,-5965.996269644926,-745.14287189578,-293.9323728368272,-1.1731872073038376,-0.8780890775982388,-1.3534809762970677,829.2257511558001,-145.6089168073309,42127.4884039214,41152.65373595827,974.8346679631311,316,0.34727230000135023,differential_evolution_bounded_direct_search,True,Maximum number of iterations has been exceeded.,55.70304006666711,1305.1630333597923,0.41840500000398606
2025-09-17,28,1305.1630333597923,41502.51763521697,41997.58430288363,-5082.857055883205,-1280.8180231700335,-1228.0144057331047,-3748.7307722062387,-0.379832076032558,-0.9189741556230633,-0.3809444254394847,784.0365264655455,-105.67899171260626,42781.62082934918,41891.905311171024,889.7155181781518,316,0.4016125999914948,differential_evolution_bounded_direct_search,True,Maximum number of iterations has been exceeded.,0.0,1606.5144170264591,0.6144617999962065
2025-09-18,28,1606.5144170264591,40887.19083165374,41382.25749932039,-6370.364123890203,-5150.755902319977,-658.0328025227051,-8476.594231527515,-1.1444933062795544,0.22848755273759425,-1.295542966381914,484.7593201537666,-308.35226078233944,41867.01681947416,41073.90523853805,793.1115809361061,316,0.5555077000026358,differential_evolution_bounded_direct_search,True,Maximum number of iterations has been exceeded.,180.37196313512706,1389.9331464814811,0.6628545999992639
2025-09-19,28,1389.9331464814811,18363.008474821178,18858.075142487847,-3136.5633476803064,-2465.0527048691,-5298.459744521688,-2946.1499461255385,-0.6674145048166706,0.5225226724191332,-0.2714977993897638,-813.5737553357502,-1218.35622901028,18044.501387152097,17639.71891347757,404.7824736745298,316,0.3724216999980854,differential_evolution_bounded_direct_search,True,Maximum number of iterations has been exceeded.,0.0,2175.725582285716,0.46550019999267533
2025-09-20,28,2175.725582285716,17875.131108124242,18370.197775790904,-5717.215444202168,-6848.45119363503,-6827.890356312339,-5607.061307816577,-0.999180983050667,-0.289201549558471,-1.3963496590934132,-817.099228424902,-1245.1518939955308,17553.098547366004,17125.045881795373,428.05266557062885,316,0.36339529999531806,differential_evolution_bounded_direct_search,True,Maximum number of iterations has been exceeded.,0.0,2013.097591873019,0.4349346999952104
2025-09-21,28,2013.097591873019,42556.78829316489,43051.85496083158,-1900.8077156525922,-5763.460993916325,-534.7237007454016,-1357.9337220532543,0.6358784373908395,0.41299808091443735,0.46722922869677674,680.522363590858,-146.8037213727286,43732.377324422436,42905.05123945885,827.3260849635867,316,0.36867500000516884,differential_evolution_bounded_direct_search,True,Maximum number of iterations has been exceeded.,0.0,1886.6572588148135,0.44545080000534654
2025-09-22,28,1886.6572588148135,42112.60871292418,42607.67538059085,-2569.089176656008,-3588.4235940580083,-621.6000763172509,-457.61869115001946,-1.2906535466963063,-0.6477576694137661,-1.55500508899114,667.7174652893755,-179.1300924288525,43275.392845880226,42428.545288162,846.847557718228,316,0.35646700000506826,differential_evolution_bounded_direct_search,True,Maximum number of iterations has been exceeded.,80.10522770476187,1476.414797576716,0.4325189999944996
2025-09-23,28,1476.414797576716,43293.994970173066,43789.06163783973,-1772.496411115484,-4802.844786195078,-576.9155781157046,-8916.309251226447,0.23843193774783744,0.8356115699079605,1.929922256028458,780.3478068186251,-63.422454222216665,44569.409444658355,43725.63918361752,843.7702610408418,316,0.3679515999974683,differential_evolution_bounded_direct_search,True,Maximum number of iterations has been exceeded.,69.14849838333348,1848.5898810952353,0.4430221999937203
2025-09-24,28,1848.5898810952353,42869.22947560733,43364.29614327401,-5056.428328146037,-3728.5712765665403,-1169.1487439709945,-4565.843237980132,1.6071563904600419,-0.735145740801062,-0.315902472123772,731.3557266382186,-154.34886426793472,44095.65186991223,43209.947279006075,885.7045909061533,316,0.3623555999947712,differential_evolution_bounded_direct_search,True,Maximum number of iterations has been exceeded.,0.0,2069.104103328043,0.4432320000050822
2025-09-25,28,2069.104103328043,43053.9487846757,43549.01545234235,-635.1861558212349,-5729.1831718623835,-404.7443255399404,-1503.941790496636,1.929143215136004,0.3706755896061562,1.2329906019276362,852.9584335597559,-36.11855678010543,44401.9738859021,43512.89689556224,889.0769903398614,316,0.34910690000106115,differential_evolution_bounded_direct_search,True,Maximum number of iterations has been exceeded.,0.0,1706.5778920846576,0.42318579999846406
2025-09-26,28,1706.5778920846576,18663.564521262524,19158.631188929186,-3709.0150171522737,-4384.880243914262,-7728.340111032538,-6093.168528132006,-1.7041887357770824,-0.8013794639791572,0.12075415929418032,-869.0070648121531,-1273.0424920299124,18289.624124117032,17885.588696899275,404.0354272177593,316,0.3275983999919845,differential_evolution_bounded_direct_search,True,Maximum number of iterations has been exceeded.,0.0,2008.511426111113,0.4000383999955375
2025-09-27,28,2008.511426111113,18562.55217058383,19057.618838250495,-7391.356021981661,-5029.19197947507,-8920.099834403562,-5806.053444303422,0.5825627222046683,1.9114438575126744,1.3120395027369804,-821.8382230994067,-1253.8472474790083,18235.78061515109,17803.77159077149,432.00902437960156,316,0.32979050000722054,differential_evolution_bounded_direct_search,True,Maximum number of iterations has been exceeded.,0.0,1370.6470505661391,0.4068403999990551
2025-09-28,28,1370.6470505661391,43969.64002567972,44464.706693346394,-5865.0876405144945,-3328.1672045915334,-1090.7856679809497,-1335.3272399264106,0.10082175132464233,-0.634008395465236,0.7202275321465437,742.7303021879092,-105.89917356954076,45207.436995534306,44358.807519776856,848.6294757574499,316,0.33376149999094196,differential_evolution_bounded_direct_search,True,Maximum number of iterations has been exceeded.,39.44987083333338,1733.427058275133,0.40046730000176467
2025-09-29,28,1733.427058275133,44536.09758816003,45031.16425582669,-1874.4681123685211,-4283.868314503757,-1193.3374963914864,-5679.850213594523,-0.6232141233175241,-1.2173690934538106,1.4449060100168025,735.8230579220217,-136.25899357537358,45766.987313748716,44894.90526225132,872.0820514973952,316,0.3282541000080528,differential_evolution_bounded_direct_search,True,Maximum number of iterations has been exceeded.,128.46981963738176,1813.958358666667,0.3987176999944495
2025-09-30,28,1813.958358666667,45162.39341429166,45657.46008195833,-1582.7862769281232,-3274.26862380613,-1140.900706401085,-9580.58212602562,-0.9427008658474221,-1.1575489350930126,1.1395986247744716,787.4230120118774,-98.96729140311261,46444.88309397021,45558.49279055522,886.3903034149901,316,0.32871430000523105,differential_evolution_bounded_direct_search,True,Maximum number of iterations has been exceeded.,254.33800217666737,2032.828440820105,0.39912709999771323
2025-10-01,28,2032.828440820105,44977.790578730484,45472.85724639716,-4334.254254581122,-6504.625781626609,-976.3696074323274,-7700.331193406423,0.1635678565685148,-1.967961617410091,1.0645076415491954,687.0768339153379,-223.27532845392594,46159.934080312494,45249.58191794323,910.3521623692639,316,0.33279770000081044,differential_evolution_bounded_direct_search,True,Maximum number of iterations has been exceeded.,0.0,3678.1499527195783,0.4062484000023687
2025-10-02,28,3678.1499527195783,43390.64759967435,43885.71426734101,-5092.98109027178,-2047.949133940879,-1333.2981518012527,-4854.37858636429,-0.3542691474254449,-0.11433272459690391,-1.77888534176647,740.069247629261,-181.09721780847948,44625.78351497027,43704.617049532535,921.1664654377405,316,0.3395907999947667,differential_evolution_bounded_direct_search,True,Maximum number of iterations has been exceeded.,0.0,4019.2370665873013,0.4052116999955615
2025-10-03,28,4019.2370665873013,17441.045224795274,17936.111892461948,-1053.3661327857221,-4418.727423901307,-7642.104370465079,-7082.989878742299,1.8854801522490456,1.3270373152144694,1.7117390800380181,-769.96786506662,-1146.1305797410093,17166.144027395327,16789.981312720938,376.16271467438935,316,0.34184649999951944,differential_evolution_bounded_direct_search,True,Maximum number of iterations has been exceeded.,0.0,4272.695549481483,0.41381209999963176
2025-10-04,28,4272.695549481483,18329.48146459669,18824.548132263364,-6435.398402186066,-7012.8366363254245,-4441.355772280506,-5611.03577447845,1.3207412371652065,0.9321441124050658,1.8149603902243627,-718.6441068635332,-1108.1156849278238,18105.904025399832,17716.43244733554,389.4715780642906,316,0.32871060000616126,differential_evolution_bounded_direct_search,True,Maximum number of iterations has been exceeded.,0.0,4258.797569269843,0.40123899999889545
2025-10-05,28,4258.797569269843,41739.90022185375,42234.96688952042,-4165.078621541098,-1287.599362142074,-1215.7697726260874,-1230.6774159480447,-0.8883452309457496,0.18411412788984016,0.5889146052461283,695.1489449398488,-151.4830090946112,42930.11583446027,42083.48388042581,846.63195403446,316,0.34691779999411665,differential_evolution_bounded_direct_search,True,Maximum number of iterations has been exceeded.,0.0,3779.9103583968263,0.4193939000106184
2025-10-06,28,3779.9103583968263,42100.76983594099,42595.83650360764,-5789.423394715114,-1439.825664839705,-1340.8870654803702,-7340.538444024085,1.7834261530969822,-1.429207537596538,-0.12686324596931575,679.3603226197539,-125.38182678334768,43275.196826227395,42470.454676824294,804.7421494031016,316,0.3521261999994749,differential_evolution_bounded_direct_search,True,Maximum number of iterations has been exceeded.,0.0,3500.815590931218,0.43372529999760445
2025-10-07,28,3500.815590931218,41713.666591699344,42208.73325936603,-656.8158488353994,-6894.217463084831,-1246.0548397599148,-3935.7518570131647,-0.6893685303617674,-0.08941356367959008,-1.9042188196404233,600.099495722288,-276.07953722829427,42808.83275508832,41932.65372213774,876.1790329505823,316,0.35051580000435933,differential_evolution_bounded_direct_search,True,Maximum number of iterations has been exceeded.,0.0,3793.035411338623,0.42280240000400227
2025-10-08,28,3793.035411338623,37572.53002271727,38067.59669038393,-2713.6560230955693,-2889.2459558888054,-466.9982196766547,-8528.253332857905,-0.5971012124791628,-1.223329202744173,0.3856185111558994,382.5668013942055,-470.6831070043578,38450.163491778134,37596.91358337957,853.2499083985633,316,0.3432998999924166,differential_evolution_bounded_direct_search,True,Maximum number of iterations has been exceeded.,0.0,1819.0933497460342,0.41576779999013525
2025-10-09,28,1819.0933497460342,39008.4751262054,39503.541793872064,-6534.075841623149,-1905.5951507622506,-420.50837772280045,-5505.720951264384,0.5950195647258156,-0.36069132686634786,1.1271646033901366,158.89524837223368,-725.2780340329203,39662.437042244295,38778.263759839145,884.173282405154,316,0.34324149999883957,differential_evolution_bounded_direct_search,True,Maximum number of iterations has been exceeded.,26.153474954268596,1604.6803864814813,0.4119356000010157
2025-10-10,28,1604.6803864814813,15917.986427818274,16413.053095484946,-2485.5068442585252,-2855.8061538660863,-4358.801516348723,-1457.3881761704058,1.1474751981097384,-1.6563896202326758,1.966108383356464,-685.7572425692184,-1062.6234620459888,15727.295852915728,15350.429633438956,376.8662194767704,316,0.3519687999942107,differential_evolution_bounded_direct_search,True,Maximum number of iterations has been exceeded.,0.0,1538.936322820108,0.4301821999979438
2025-10-11,28,1538.936322820108,16610.694690579374,17105.761358246033,-5307.806127915137,-7461.786213851648,-7884.288021920283,-4785.098850366264,-0.3062248162429886,0.11474008503758304,-0.5772388501160992,-647.6569225043793,-1047.9378695078399,16458.104435741654,16057.823488738193,400.2809470034606,316,0.33321349999459926,differential_evolution_bounded_direct_search,True,Maximum number of iterations has been exceeded.,0.0,1920.675603275132,0.39960360000259243
2025-10-12,28,1920.675603275132,39917.81711341871,40412.88378108539,-2810.534051899576,-4214.492699869259,-531.5002282939314,-4047.716252152336,-0.4623666474732149,-1.3746111992392525,0.16221645273281515,114.92527420785486,-675.8963524731118,40527.80905529324,39736.98742861227,790.8216266809667,316,0.4427697000064654,differential_evolution_bounded_direct_search,True,Maximum number of iterations has been exceeded.,67.92089584500046,1530.0516068730146,0.5199529999954393
2025-10-13,28,1530.0516068730146,40584.96501066708,41080.03167833375,-5840.9650960357385,-6841.235173558524,-768.7160385067642,-5206.17992358185,1.554608449970302,-0.5624804910564392,1.4264233172093372,104.10393617091832,-631.9399157278606,41184.13561450467,40448.09176260589,736.0438518987789,316,0.3536268000025302,differential_evolution_bounded_direct_search,True,Maximum number of iterations has been exceeded.,0.0,1851.0672709788373,0.43547620000026654
2025-10-14,28,1851.0672709788373,39924.82126571423,40419.887933380895,-9073.332596757877,-5871.841977591914,-487.43573469341754,-6883.374340313979,1.3819492518421268,-0.4757637558543346,1.0824164515316563,122.52907367002376,-628.6697886217208,40542.41700705092,39791.21814475917,751.1988622917446,316,0.3624259000062011,differential_evolution_bounded_direct_search,True,Maximum number of iterations has been exceeded.,0.0,1444.9064943915453,0.43765930000517983
2025-10-15,28,1444.9064943915453,40489.15476324126,40984.22143090793,-4052.4356646202104,-6864.13460336641,-423.28401712894174,-3401.4773659423568,0.9844010649033121,0.13938378143812402,1.6452042126093591,87.28574195233526,-655.3920371908847,41071.50717286026,40328.829393717046,742.6777791432199,316,0.36287450000236277,differential_evolution_bounded_direct_search,True,Maximum number of iterations has been exceeded.,431.1440642595056,1736.804728391536,0.43493400000443216
2025-10-16,28,1736.804728391536,41068.67745743825,41563.74412510492,-6826.499339338478,-5732.680812039687,-468.5853931213455,-5838.837991859299,1.8954925870378965,-1.3930737251061938,-0.15034710449704614,196.2114383418046,-618.0991962629687,41759.95556344672,40945.644928841946,814.3106346047733,316,0.3661450000072364,differential_evolution_bounded_direct_search,True,Maximum number of iterations has been exceeded.,3904.233078512986,1600.107486222222,0.44126710000273306
2025-10-17,28,1600.107486222222,17044.90299419767,17539.969661864336,-4552.4504240554115,-1103.197580696432,-2230.4030461813736,-5297.372107096841,-0.5152339440758897,-1.7721486359452854,-0.5573165012613037,-703.5932529288275,-1017.9239857720758,16836.37640893551,16522.04567609226,314.33073284324826,316,0.3864886999945156,differential_evolution_bounded_direct_search,True,Maximum number of iterations has been exceeded.,0.0,1742.4391428253962,0.4605745000008028
2025-10-18,28,1742.4391428253962,16988.205950256393,17483.27261792306,-2615.0346957204283,-7643.692242328817,-2090.702891327894,-3752.000663369577,0.5403507238827285,-0.3811312990609361,0.9859399975073959,-656.7773446478465,-999.4422835331097,16826.495273275214,16483.83033438995,342.66493888526327,316,0.3815735000098357,differential_evolution_bounded_direct_search,True,Maximum number of iterations has been exceeded.,0.0,2067.1457341481464,0.4570693999994546
2025-10-19,28,2067.1457341481464,42412.99543244448,42908.06210011112,-5672.722436207767,-1693.3389958041544,-685.04252137201,-237.03813490016648,-0.8387384910963753,1.8651162461812554,1.106606173666974,157.15268136590848,-543.8031954091667,43065.21478147703,42364.25890470196,700.9558767750752,316,0.34022460000414867,differential_evolution_bounded_direct_search,True,Maximum number of iterations has been exceeded.,2501.455286922599,1646.3642714074078,0.41331190000346396
2025-10-20,28,1646.3642714074078,43286.39276163547,43781.45942930214,-7022.188445188348,-5636.46883763079,-298.6048396862735,-9527.87197824859,1.7139970071472175,-0.9950547414381798,-1.2175119254451356,134.16770624841564,-541.3896117299064,43915.62713555055,43240.06981757223,675.5573179783221,316,0.38540449998981785,differential_evolution_bounded_direct_search,True,Maximum number of iterations has been exceeded.,1851.668028533318,1558.0777257619052,0.47126409999327734
2025-10-21,28,1558.0777257619052,44155.86868416836,44650.935351834996,-2448.074927417057,-2374.3870558800872,-757.858504601689,-432.77236628776876,-1.4432352115045908,-1.7387700162649107,0.7105843051927452,194.86047305449088,-431.665181329615,44845.79582488949,44219.270170505384,626.5256543841059,316,0.3803031999996165,differential_evolution_bounded_direct_search,True,Maximum number of iterations has been exceeded.,0.0,1862.3267574973543,0.45442739999271
2025-10-22,28,1862.3267574973543,44052.99327575734,44548.059943424014,-6161.944256603608,-3840.560682481204,-312.23832673122126,-7474.650112211279,0.8537223850751272,-1.990406593198871,-0.6392815261072733,209.94085538206824,-414.8532429288044,44758.00079880608,44133.20670049521,624.7940983108726,316,0.3905783999944106,differential_evolution_bounded_direct_search,True,Maximum number of iterations has been exceeded.,3601.075297446644,1576.2461175978851,0.47430919999897014
2025-10-23,28,1576.2461175978851,45035.85189725514,45530.91856492181,-163.0773087459083,-4606.203806134307,-318.34734737517783,-1318.545150402577,-0.21811056965628706,0.999606034355569,1.0582503649769786,303.04038790413364,-302.9957308507518,45833.958952825946,45227.92283407106,606.0361187548854,316,0.3691306000109762,differential_evolution_bounded_direct_search,True,Maximum number of iterations has been exceeded.,0.0,1746.38356204762,0.4477078000054462
2025-10-24,28,1746.38356204762,17180.35522440557,17675.42189207224,-5723.910063827504,-6981.905840402398,-427.96700323136395,-1636.1619286905086,0.7535850521273191,-0.6664346602602436,-0.37904422547513206,-604.5614051357644,-959.7398962837873,17070.860486936475,16715.681995788455,355.1784911480229,316,0.3683123999944655,differential_evolution_bounded_direct_search,True,Maximum number of iterations has been exceeded.,0.0,1625.639078772487,0.44423579999420326
2025-10-25,28,1625.639078772487,17339.549461680304,17834.616129346974,-5105.013129192755,-1252.4938830256044,-5428.644760974706,-8383.792829770682,-0.29294440717917825,-1.2297741740893327,0.856142267843421,-603.3226746708305,-955.0721069402398,17231.293454676143,16879.544022406735,351.74943226940934,316,0.3708469999983208,differential_evolution_bounded_direct_search,True,Maximum number of iterations has been exceeded.,252.4020123737329,1532.8666154444443,0.44099860001006164
2025-10-26,28,1532.8666154444443,45776.215484149565,46271.28215181626,-3327.70011464012,-6184.715140256273,-608.2968380423789,-6191.587778405088,-0.956408783123849,-1.9289035281633626,0.4950768618267043,293.33462446832016,-345.65606087192026,46564.61677628458,45925.62609094434,638.9906853402404,316,0.37046449999616016,differential_evolution_bounded_direct_search,True,Maximum number of iterations has been exceeded.,0.0,2061.3722774074045,0.4510669000010239
2025-10-27,28,2061.3722774074045,45384.342438192885,45879.409105859566,-2348.3668455786315,-2044.7769545185724,-465.0307843231793,-5129.329717641134,1.3053593673528598,-0.5862829162762297,-0.2724702480182313,324.04477977782693,-311.3637326526982,46203.45388563739,45568.04537320687,635.4085124305252,316,0.39743060000182595,differential_evolution_bounded_direct_search,True,Maximum number of iterations has been exceeded.,89.82957419999975,1747.294888947092,0.49063320001005195
2025-10-28,28,1747.294888947092,45246.99001143565,45742.05667910234,-7281.9616853913285,-4136.538846624262,-371.6273248429761,-6183.642657213256,0.8618254532076084,-1.604536406766044,1.466176438089001,352.2869824361501,-301.95074694237707,46094.343661538485,45440.10593215996,654.2377293785271,316,0.39687460000277497,differential_evolution_bounded_direct_search,True,Maximum number of iterations has been exceeded.,0.0,1787.3889165026467,0.4803991000080714
2025-10-29,28,1787.3889165026467,45214.089410415494,45709.15607808217,-2016.0764508954624,-1396.2638659110312,-596.73904250646,-2964.0969910146127,1.3354030123450742,0.32287394151329885,0.8450742367740816,506.2887427731256,-207.02995988042744,46215.44482085529,45502.12611820174,713.318702653553,316,0.41383499999938067,differential_evolution_bounded_direct_search,True,Maximum number of iterations has been exceeded.,2844.0796651522433,1546.8438884133473,0.4962311999988742
2025-10-30,28,1546.8438884133473,45546.82035296598,46041.887020632676,-6099.932275735346,-1540.6532625845066,-632.6111664023781,-3191.808049980328,1.1564961654106707,-0.36762921098742307,-1.003440065425898,541.7300112172009,-194.12316257759957,46583.61703184988,45847.76385805508,735.8531737948005,316,0.4049451000028057,differential_evolution_bounded_direct_search,True,Maximum number of iterations has been exceeded.,1.5529263299997524,1581.2342776137596,0.4901624000049196
2025-10-31,28,1581.2342776137596,18272.681591044173,18767.748258710846,-4719.92493728986,-7001.871622429808,-470.49738465798293,-9431.163314049953,0.8066711477184363,0.807656534715619,1.3336534348321578,-523.3150370004134,-845.0963082124599,18244.43322171043,17922.651950498388,321.7812712120465,316,0.40569220000179484,differential_evolution_bounded_direct_search,True,Maximum number of iterations has been exceeded.,0.0,2031.673360730158,0.4853110999974888
2025-11-01,28,2031.673360730158,18006.86686314828,18501.933530814942,-5838.5514793228285,-3044.796994437977,-549.3167252111859,-7794.838110331311,1.2638935077139353,1.4818829573832364,1.188669290874707,-480.3661280053451,-813.6880872637759,18021.567402809596,17688.245443551164,333.32195925843075,316,0.41649519999918994,differential_evolution_bounded_direct_search,True,Maximum number of iterations has been exceeded.,0.0,2201.0405334761936,0.49972629999683704
2025-11-02,28,2201.0405334761936,46697.878856614174,47192.94552428082,-4206.2121941079195,-6209.909466535163,-798.3661668286554,-9480.001481029009,1.8446077222393167,0.13960115690400787,-0.7543488447259361,469.4674687639949,-306.47466775560036,47662.41299304481,46886.470856525215,775.9421365195952,316,0.40747940000437666,differential_evolution_bounded_direct_search,True,Maximum number of iterations has been exceeded.,693.8720853942793,1563.3926355925921,0.492535700002918
2025-11-03,28,1563.3926355925921,47833.26407926254,48328.33074692919,-400.92461345378575,-8229.501043352466,-812.5699258603688,-282.14569981701914,0.8405496256610245,0.9685504675993828,1.2127859752365797,495.40312235050624,-297.59200588713145,48823.7338692797,48030.738741042056,792.9951282376377,316,0.4141972000070382,differential_evolution_bounded_direct_search,True,Maximum number of iterations has been exceeded.,0.0,1949.5580684021181,0.5070579000021098
2025-11-04,28,1949.5580684021181,47990.19092485094,48485.25759251762,-6380.590913480926,-9529.749102764752,-888.5671783006203,-8311.41948221659,-1.0714200557033644,0.5153162755051621,0.43416324409580254,515.217942506437,-341.4458080717127,49000.47553502406,48143.811784445905,856.6637505781497,316,0.3983970999979647,differential_evolution_bounded_direct_search,True,Maximum number of iterations has been exceeded.,99.98838022500009,1477.0514496613787,0.4908701999956975
2025-11-05,28,1477.0514496613787,48740.429646791556,49235.496314458236,-9052.839867553546,-4338.390970364619,-921.636898651396,-2179.805808221479,1.8897328317875486,0.374613679123458,0.4074830491706982,529.6913061944169,-349.49496633406534,49765.18762065265,48886.00134812417,879.1862725284823,316,0.35887309999088757,differential_evolution_bounded_direct_search,True,Maximum number of iterations has been exceeded.,14.13563915833264,2021.9680024867725,0.4412421000015456
2025-11-06,28,2021.9680024867725,47862.045239837375,48357.11190750404,-7745.500225163213,-7477.365804646989,-942.0715211666447,-2171.0183442065327,-0.018887730463357677,0.8151821604490879,-1.188799793970234,503.9878831545907,-316.60348845494207,48861.099790658634,48040.508419049096,820.5913716095328,316,0.3627397999953246,differential_evolution_bounded_direct_search,True,Maximum number of iterations has been exceeded.,1603.1063590353997,1672.2803169259248,0.4339146999991499
2025-11-07,28,1672.2803169259248,18570.57718035799,19065.643848024654,-205.96170772830646,-6526.190870709232,-517.6514752423593,-507.10790858652854,0.524251961035799,-1.7063276393531526,0.9353951586803544,-449.82170042520886,-755.51694616512,18615.822147599447,18310.126901859534,305.6952457399111,316,0.37344489998940844,differential_evolution_bounded_direct_search,True,Maximum number of iterations has been exceeded.,0.0,1839.1450251534425,0.45222439999633934
2025-11-08,28,1839.1450251534425,18339.371397757583,18834.438065424245,-3586.0425128762367,-7534.651798140878,-614.915027779178,-3466.742770799781,0.31375715988325226,-1.5480046874995446,-1.4177587833611045,-428.120365970411,-749.6123094809029,18406.317699453833,18084.82575594334,321.4919435104919,316,0.37692219999735244,differential_evolution_bounded_direct_search,True,Maximum number of iterations has been exceeded.,0.0,1903.3539544761923,0.45427839999319986
2025-11-09,28,1903.3539544761923,49330.48234177477,49825.54900944143,-6791.6840865274025,-2751.264902083024,-891.0487272443798,-6334.260696838586,-1.2018311784829283,0.5663041017279817,0.053149439198761694,585.9696346253432,-353.5237598868947,50411.51864406677,49472.025249554536,939.493394512238,316,0.36935959999391343,differential_evolution_bounded_direct_search,True,Maximum number of iterations has been exceeded.,0.0,1791.433852031746,0.44242429999576416
2025-11-10,28,1791.433852031746,49476.38310956261,49971.44977722927,-2460.925221082578,-1486.0865739084709,-1088.4605098851025,-9443.730448929438,-0.1692261560155348,0.30854937663346327,-0.32806503442793433,579.6992921310432,-390.02850388785146,50551.14906936031,49581.42127334142,969.7277960188947,316,0.3533263999997871,differential_evolution_bounded_direct_search,True,Maximum number of iterations has been exceeded.,0.0,1594.6171935978896,0.4280068000080064
2025-11-11,28,1594.6171935978896,49991.65566477693,50486.72233244358,-8423.948072895979,-5672.28514266582,-1017.7472637743055,-241.33325034346063,0.13628283675322006,-1.8487634283509622,0.7987079840624256,480.5422734126033,-430.0283079319052,50967.26460585619,50056.69402451168,910.5705813445086,316,0.35686170001281425,differential_evolution_bounded_direct_search,True,Maximum number of iterations has been exceeded.,0.0,1855.77199814815,0.4364328999945428
2025-11-12,28,1855.77199814815,50275.912902234704,50770.979569901385,-4562.081955496262,-1687.6781507413036,-1211.9965281184154,-222.8429331002573,-0.5912132211942864,0.729684705730925,-1.6152987622876518,559.5415319689164,-378.2076737261372,51330.5211018703,50392.77189617525,937.7492056950537,316,0.4119139000104042,differential_evolution_bounded_direct_search,True,Maximum number of iterations has been exceeded.,0.0,1686.770012005291,0.4862385999877006
2025-11-13,28,1686.770012005291,50463.10712699652,50958.173794663206,-4734.61008685947,-8305.403693095532,-510.87911305451144,-1522.7046625920852,-1.313323040571624,-1.5653219605533326,-0.2620799604001274,525.821005954201,-387.04272595693993,51483.99480061741,50571.131068706265,912.863731911141,316,0.4202287000080105,differential_evolution_bounded_direct_search,True,Maximum number of iterations has been exceeded.,0.0,1817.6478563597902,0.5130608000035863
2025-11-14,28,1817.6478563597902,19195.71964704522,19690.786314711884,-6295.346083735076,-7340.553426710632,-477.8752837110229,-9557.971981953504,-0.9819180226458495,1.299080409133981,1.7209811199498075,-482.59657589538455,-776.1065516034674,19208.189738816498,18914.679763108416,293.5099757080829,316,0.5058028000057675,differential_evolution_bounded_direct_search,True,Maximum number of iterations has been exceeded.,0.0,2093.6933379470893,0.5958699000038905
2025-11-15,28,2093.6933379470893,18829.117955978534,19324.184623645193,-9416.238756912719,-5244.286205158677,-382.7848473741387,-8596.733936922936,0.05769463380430384,-1.380915967167353,-0.018133455340227478,-475.3312484997345,-770.4220739113571,18848.85337514546,18553.762549733838,295.0908254116226,316,0.3616284000017913,differential_evolution_bounded_direct_search,True,Maximum number of iterations has been exceeded.,0.0,1831.0743455396814,0.4371380000084173
2025-11-16,28,1831.0743455396814,51523.043537599355,52018.110205266006,-76.4419161918184,-5313.023388237414,-568.5935893454509,-1957.7872065225833,0.11749945783398275,-1.6948667751541222,1.6665165005326212,398.05430267099536,-602.6298274268651,52416.164507937,51415.48037783914,1000.6841300978604,316,0.35496969999803696,differential_evolution_bounded_direct_search,True,Maximum number of iterations has been exceeded.,0.0,1718.6946710158738,0.43170590000227094
2025-11-17,28,1718.6946710158738,52314.73727374034,52809.80394140697,-6182.627942677717,-2906.9139924911137,-8624.91962930748,-2900.0795503063946,-0.09539146872659687,0.0907962557092965,1.8036864665787475,353.0787731933421,-691.5605977806066,53162.88271460032,52118.24334362637,1044.6393709739486,316,0.3814628999971319,differential_evolution_bounded_direct_search,True,Maximum number of iterations has been exceeded.,0.0,1966.7125736190496,0.45755730000382755
2025-11-18,28,1966.7125736190496,51643.408052609084,52138.474720275764,-336.94754442094245,-9525.833606781885,-1978.8542305720405,-6730.406919022372,-0.5791229350063869,-1.0013255150057736,1.3174613538190467,370.44164698335,-622.1623462837816,52508.91636725912,51516.31237399198,992.6039932671316,316,0.35830379999242723,differential_evolution_bounded_direct_search,True,Maximum number of iterations has been exceeded.,0.0,1862.843704227515,0.4348979999922449
2025-11-19,28,1862.843704227515,51609.6221725635,52104.688840230185,-1960.6325760644222,-8469.600367872414,-953.8200135787854,-479.7279020259506,1.4372582225492359,1.2966762956905025,1.4783135622085206,426.7124589442538,-536.0983501638535,52531.40129917444,51568.59049006633,962.8108091081074,316,0.35772429998905864,differential_evolution_bounded_direct_search,True,Maximum number of iterations has been exceeded.,0.0,1578.9090118835984,0.43906790000619367
2025-11-20,28,1578.9090118835984,52365.069294634646,52860.13596230133,-3192.9870662409435,-3099.908552514536,-684.3019773757028,-3801.1074540089394,1.3388646256355887,1.5043104652383295,-1.458602000628506,298.4908342847052,-571.799124835335,53158.62679658603,52288.33683746599,870.2899591200402,316,0.3839679999946384,differential_evolution_bounded_direct_search,True,Maximum number of iterations has been exceeded.,0.0,1802.5450077777757,0.46828800000366755
2025-11-21,28,1802.5450077777757,19457.94161303682,19953.0082807035,-7430.639283083483,-5421.130173933549,-2688.39812175072,-2029.4657751971556,1.2146255961811026,0.24667915486823722,-0.7481971044763078,-469.4298709165361,-777.5771456385858,19483.578409786962,19175.431135064915,308.14727472204964,316,0.3772926999954507,differential_evolution_bounded_direct_search,True,Maximum number of iterations has been exceeded.,0.0,2012.455314317461,0.45536490000085905
2025-11-22,28,2012.455314317461,19696.66437877488,20191.73104644155,-8034.909994298479,-2350.050973353997,-5115.710455063258,-8201.62743424013,-0.5264532499889829,-1.473733279868866,-1.1029485317875736,-450.7860733439258,-776.762805564903,19740.944973097623,19414.968240876646,325.9767322209772,316,0.39918320000288077,differential_evolution_bounded_direct_search,True,Maximum number of iterations has been exceeded.,0.0,1916.9043717777781,0.47621590000926517
2025-11-23,28,1916.9043717777781,53077.38659211175,53572.45325977841,-5305.393872632728,-7037.974024251408,-788.9365462602213,-7753.240596915626,-0.307551483082098,1.5591902037948984,-1.7470119736743135,348.24752368213706,-532.8443440881076,53920.70078346055,53039.6089156903,881.0918677702447,316,0.3586007999983849,differential_evolution_bounded_direct_search,True,Maximum number of iterations has been exceeded.,0.0,1855.8721280370398,0.4420517000107793
2025-11-24,28,1855.8721280370398,52386.79945307796,52881.86612074461,-1997.929237409982,-3557.284419631493,-7741.629550921396,-185.21753526256504,1.8044430967889729,1.3763100843096518,-1.4115160447066368,324.41127052363527,-525.698007899294,53206.277391268246,52356.16811284532,850.1092784229293,316,0.36153809999814257,differential_evolution_bounded_direct_search,True,Maximum number of iterations has been exceeded.,85.71106349999933,1353.4970219947095,0.4416760999883991
2025-11-25,28,1353.4970219947095,53173.77272270077,53668.83939036746,-7112.396202652724,-5633.96480872963,-632.6469138693305,-2178.6528803324736,-0.576097317286361,-1.3520113862241911,-1.8900836147592948,309.3364878925389,-553.5850472380159,53978.17587826,53115.25434312944,862.9215351305548,316,0.3577291999972658,differential_evolution_bounded_direct_search,True,Maximum number of iterations has been exceeded.,0.0,1705.7966952222243,0.4347105999913765
2025-11-26,28,1705.7966952222243,53432.53300539913,53927.59967306578,-1073.8956575307704,-5980.196299268577,-6683.39426490497,-468.77810606047206,1.4073410023496167,-1.1450890583949973,1.7926645243511832,291.5530088330064,-551.8599654773072,54219.152681898784,53375.73970758847,843.4129743103136,316,0.38524190000316594,differential_evolution_bounded_direct_search,True,Maximum number of iterations has been exceeded.,209.30622008333327,2177.4699024444467,0.47033250000094995
2025-11-27,28,2177.4699024444467,53165.94090925734,53661.00757692399,-137.75460358045493,-4419.498170560733,-1911.9997928102046,-1775.569388108781,-0.9211349451824276,0.026874157691046285,-0.4599466519993136,234.24929921716316,-575.6805067200897,53895.25687614115,53085.3270702039,809.9298059372529,316,0.40136259999417234,differential_evolution_bounded_direct_search,True,Maximum number of iterations has been exceeded.,0.0,1992.2892122222245,0.49166929999773856
2025-11-28,28,1992.2892122222245,20027.698571318684,20522.765238985347,-688.7221819001212,-5290.828166732947,-2336.5682240778497,-7901.359179429286,1.5878658837637225,1.1949739396237278,0.1952526482612078,-459.39253809111915,-811.4946434105432,20063.372700894226,19711.270595574802,352.102105319424,316,0.39928570001211483,differential_evolution_bounded_direct_search,True,Maximum number of iterations has been exceeded.,0.0,1884.1844944179963,0.47432799999660347
2025-11-29,28,1884.1844944179963,20560.57105099788,21055.637718664555,-1135.1459816174006,-8175.998379608539,-1498.1221033633026,-3101.1793416258038,-0.6268698033737818,-0.13114482914401515,-0.726985838698845,-480.7432580840934,-811.5274216145273,20574.89446058046,20244.11029705003,330.7841635304339,316,0.38460469999699853,differential_evolution_bounded_direct_search,True,Maximum number of iterations has been exceeded.,0.0,1959.336535740744,0.45820979999552947
2025-11-30,28,1959.336535740744,54032.63092813062,54527.6975957973,-1177.7528733917613,-5741.107899251172,-3781.397108546438,-339.19964709746927,1.2775464385834034,-1.5067389375306184,1.2416843723725042,196.52869287143434,-560.4946798852112,54724.22628866873,53967.20291591209,757.0233727566456,316,0.344289700005902,differential_evolution_bounded_direct_search,True,Maximum number of iterations has been exceeded.,27.58286025000031,1683.9616733333337,0.41651419999834616
2025-12-01,28,1683.9616733333337,54836.06257841182,55331.12924607849,-1189.371765305023,-4389.917331292882,-1121.2109978080293,-4681.930082816889,-0.46577652277784387,-1.5417318448323853,0.8350074528174933,89.61794569145698,-572.0281131479593,55420.747191769944,54759.10113293053,661.6460588394162,316,0.3315671000018483,differential_evolution_bounded_direct_search,True,Maximum number of iterations has been exceeded.,19014.088842564946,1490.1988754444444,0.4077928000042448
2025-12-02,28,1490.1988754444444,55269.4494605635,55764.516128230156,-66.47004483042558,-6838.838544193748,-1767.0378602262417,-2660.472985147504,-0.09781245795710336,1.1850554937703768,1.5903728779578978,568.86859330495,-31.165577897259872,56333.384721535105,55733.3505503329,600.0341712022098,316,0.33397039999545086,differential_evolution_bounded_direct_search,True,Maximum number of iterations has been exceeded.,22987.08791111224,1412.4150265555559,0.4028236000012839
2025-12-03,28,1412.4150265555559,56313.69662261213,56808.763290278795,-69.01804513236769,-220.56465733726114,-3522.859230797288,-7621.361939043029,1.1050085235277307,-1.8630401097105351,1.3302747468172984,1145.0926825373492,618.9357214578005,57953.85597281614,57427.69901173659,526.1569610795488,316,0.3326049999886891,differential_evolution_bounded_direct_search,True,Maximum number of iterations has been exceeded.,8549.200490407095,1242.482324185185,0.4009163000009721
2025-12-04,28,1242.482324185185,56694.99131614541,57190.05798381208,7161.171942532358,-3049.1503966584683,-603.7090006656222,-1480.862725105517,-0.8953975819959843,0.5278685481835517,-0.8502494987188984,1300.188254301969,763.4075661700434,58490.24623811405,57953.465549982124,536.7806881319256,316,0.3363351000007242,differential_evolution_bounded_direct_search,True,Maximum number of iterations has been exceeded.,10634.130977227516,1344.9033173862442,0.4071879999974044
2025-12-05,28,1344.9033173862442,23258.829256799363,23753.895924466033,-269.0879866435971,-359.9462038904413,-2751.5371649986178,-1129.0002308094809,0.1949358160723933,0.9142754104769706,-0.7745999742884109,1063.857472681189,697.3874477297943,24817.753397147222,24451.283372195827,366.47002495139463,316,0.3238192999997409,differential_evolution_bounded_direct_search,True,Maximum number of iterations has been exceeded.,5900.76406622877,1548.7909732380976,0.39544999999634456
2025-12-06,28,1548.7909732380976,23395.302293061828,23890.368960728494,5938.269931251242,-918.9462377260913,-452.7794912347765,-1225.8589156039566,-0.8330295632456761,-0.4080808912502647,1.0366545338258826,1139.2934437319793,714.5268938330393,25029.662404460472,24604.895854561535,424.76654989894007,316,0.33535350000602193,differential_evolution_bounded_direct_search,True,Maximum number of iterations has been exceeded.,9588.18698303243,1472.143785185185,0.40530369999760296
2025-12-07,28,1472.143785185185,58882.86113709373,59377.92780476043,5288.401876726703,-377.13877471776766,-1797.3641445934522,-3813.792958594587,1.776839753082334,-0.7120842535532663,0.17339674835611607,1499.1485292753678,937.4584618560709,60877.076334035795,60315.3862666165,561.6900674192968,316,0.32385729999805335,differential_evolution_bounded_direct_search,True,Maximum number of iterations has been exceeded.,2005.5411891082272,1532.0750654444455,0.39216110001143534
2025-12-08,28,1532.0750654444455,64136.92420490117,64631.99087256785,6463.523918889794,-224.87329617737367,-9361.17088309249,-6123.33033448056,-0.09207532043817301,1.003643433911387,-0.055775259532534704,1316.61781179065,713.1707058812773,65948.60868435849,65345.16157844912,603.4471059093727,316,0.3407360000128392,differential_evolution_bounded_direct_search,True,Maximum number of iterations has been exceeded.,0.0,2023.203811592593,0.41042400000151247
2025-12-09,28,2023.203811592593,64272.392867058035,64767.45953472472,0.0,-339.8915635665013,-1944.1887437177475,-2011.1108622034706,0.0,-0.5432646843817672,1.6050604323129956,1380.0557990492107,773.0195342225478,66147.51533377393,65540.47906894727,607.0362648266629,316,0.3262432000046829,differential_evolution_bounded_direct_search,True,Maximum number of iterations has been exceeded.,0.0,2003.7559293333372,0.3946159000042826
2025-12-10,28,2003.7559293333372,63406.427523476974,63901.49419114365,3680.393162263931,-272.93553362959494,-2351.318371397683,-6649.026263638306,0.0,-1.5137679560195374,-0.9413771224650385,1381.052321900859,762.9489416546548,65282.54651304451,64664.443132798304,618.1033802462041,316,0.3372845999983838,differential_evolution_bounded_direct_search,True,Maximum number of iterations has been exceeded.,0.0,1844.4334831322765,0.404703399995924
2025-12-11,28,1844.4334831322765,64466.45005020446,64961.51671787114,1494.2018988191749,-381.69567901744017,-1971.081176364908,-3111.4727057007835,1.674375147379382,-0.35322143199065525,0.23467976564085236,1356.3114241805827,750.4052666378903,66317.82814205173,65711.92198450903,605.9061575426923,316,0.3323387999989791,differential_evolution_bounded_direct_search,True,Maximum number of iterations has been exceeded.,0.0,2099.32013155556,0.401536399993347
2025-12-12,28,2099.32013155556,27884.997392239988,28380.064059906646,3376.522817091547,-282.8797021641904,-9496.74342581582,-9373.929637654976,1.9709970744612217,-0.09626599772593236,0.5166020965559301,1100.2305280696817,638.2536118953668,29480.29458797633,29018.317671802015,461.97691617431485,316,0.3227251999924192,differential_evolution_bounded_direct_search,True,Maximum number of iterations has been exceeded.,0.0,2080.0601727777785,0.39021409999986645
2025-12-13,28,2080.0601727777785,28391.85871315563,28886.925380822293,8809.523553475014,-6770.8219402785935,-769.9494071883648,-7698.782961094117,-0.9459348028331522,0.016400249094997044,0.2764473194531689,1098.826001526315,603.5711284655172,29985.751382348608,29490.496509287812,495.25487306079776,316,0.3499344000010751,differential_evolution_bounded_direct_search,True,Maximum number of iterations has been exceeded.,0.0,2205.7264367936486,0.4260931999888271
2025-12-14,28,2205.7264367936486,64313.713034255125,64808.779701921776,9087.823698504853,-310.41169552889517,-2514.330440808549,-6682.861210103304,1.0047501409015456,0.7276067619071958,-0.07914110033442645,1397.4631640183773,787.8383433447104,66206.24286594015,65596.61804526648,609.6248206736668,316,0.3405174000072293,differential_evolution_bounded_direct_search,True,Maximum number of iterations has been exceeded.,0.0,1939.0047185185192,0.41138520000095014
2025-12-15,28,1939.0047185185192,63978.95167801181,64474.01834567846,2923.0766187912345,-307.1386122991246,-9145.258850748376,-1401.5602011390777,1.0673471595695943,0.5363872177142959,0.3211980714275855,1451.3929991813313,836.7197123406623,65925.4113448598,65310.738058019124,614.673286840669,316,0.33302989999356214,differential_evolution_bounded_direct_search,True,Maximum number of iterations has been exceeded.,0.0,1900.0798827037063,0.4011073000001488
2025-12-16,28,1900.0798827037063,64667.82039417283,65162.887061839494,1011.5807925435917,-4899.8338886884085,-597.653161648449,-8477.92916989359,-1.3318761729223219,0.4250924279818449,-0.6961524945459292,1459.720371780502,845.4302986414375,66622.60743362,66008.31736048093,614.2900731390646,316,0.33353709999937564,differential_evolution_bounded_direct_search,True,Maximum number of iterations has been exceeded.,0.0,1894.70433622222,0.41368909999437165
2025-12-17,28,1894.70433622222,64211.43461789962,64706.50128556629,3191.328199235218,-151.7465989532603,-775.15129687877,-396.89943238340106,0.5453893741035305,-0.06416780519793086,0.8083236102883697,1521.37614996879,890.6309223404479,66227.87743553509,65597.13220790675,630.7452276283421,316,0.33096500000101514,differential_evolution_bounded_direct_search,True,Maximum number of iterations has been exceeded.,29.1809928666668,1993.2793253280436,0.39602459999150597
2025-12-18,28,1993.2793253280436,63902.30936314474,64397.37603081143,31.96475529359617,-1477.0726932047162,-452.82470738066,-1000.192704144786,-1.0557982026557786,-0.6158297700458459,-1.2092866970899374,1584.9195194037152,929.458697997511,65982.29555021515,65326.83472880894,655.4608214062042,316,0.33966399999917485,differential_evolution_bounded_direct_search,True,Maximum number of iterations has been exceeded.,0.0,1907.702716000001,0.406360200009658
2025-12-19,28,1907.702716000001,28474.32148513358,28969.38815280025,7.378073998220458,-5356.360450451578,-2246.2445723443516,-5941.807408364818,0.03182921155144358,0.7919889773914064,0.30780523521751224,1260.8709566392135,750.5836241231503,30230.259109439463,29719.9717769234,510.2873325160632,316,0.3387243000033777,differential_evolution_bounded_direct_search,True,Maximum number of iterations has been exceeded.,0.0,1828.3260314656095,0.4075763000000734
2025-12-20,28,1828.3260314656095,28578.034590974738,29073.101258641414,190.49125308666817,-3849.2469240129735,-709.6007485634232,-5480.899583462782,-0.9818563257369615,1.1169920879534416,-1.3608993687262982,1291.77167518134,730.056622880769,30364.872933822753,29803.157881522184,561.715052300571,316,0.33620809999410994,differential_evolution_bounded_direct_search,True,Maximum number of iterations has been exceeded.,0.0,1975.6093415873022,0.41061310000077356
2025-12-21,28,1975.6093415873022,64561.473517728526,65056.54018539518,0.0,-8957.403913805796,-717.4451201109804,-1299.9965362387804,0.6411368341350379,1.4624079688440732,1.0593459747195086,1562.8720572481902,905.1599011719619,66619.41224264336,65961.70008656714,657.7121560762283,316,0.36200649999955203,differential_evolution_bounded_direct_search,True,Maximum number of iterations has been exceeded.,0.0,2069.8450109999994,0.4451951000082772
2025-12-22,28,2069.8450109999994,64089.67532674638,64584.741994413016,3624.5457986365345,-160.04687892010097,-5292.629268231248,-3092.366460497682,0.7087064499850055,-1.350979340752198,-1.5261599392384295,1597.0723481342352,955.7643016305217,66181.81434254725,65540.50629604353,641.3080465037135,316,0.3880755999998655,differential_evolution_bounded_direct_search,True,Maximum number of iterations has been exceeded.,47.771475230000306,1705.0063158888915,0.4688241999974707
2025-12-23,28,1705.0063158888915,64541.578896323954,65036.645563990605,3107.5773197662656,-5883.9266956739575,-683.4813763385707,-1194.924570450081,-1.1915781417662115,1.958614698636166,0.2365104456206093,1601.7113319029559,953.6852202932243,66638.35689589356,65990.33078428383,648.0261116097315,316,0.3086732999945525,differential_evolution_bounded_direct_search,True,Maximum number of iterations has been exceeded.,0.0,2016.750130074075,0.3735939000034705
2025-12-24,28,2016.750130074075,63975.63644154179,64470.70310920849,589.2825857904043,-1836.0689119288293,-503.05650749149214,-7587.947053002347,-1.0282212652847038,-0.7091455580257744,-0.6921627115576401,1626.6772154276703,989.9274503977543,66097.38032463616,65460.630559606245,636.7497650299159,316,0.31693929999892134,differential_evolution_bounded_direct_search,True,Maximum number of iterations has been exceeded.,0.0,1808.405671089947,0.375354799994966
2025-12-25,28,1808.405671089947,64066.309769775835,64561.37643744251,4864.487716029145,-7690.173659759098,-682.0476831228679,-3575.560921261174,0.19941945126215455,0.5409571622388221,-0.6868302103178769,1663.5869684909917,1013.2897809565094,66224.9634059335,65574.66621839901,650.2971875344823,316,0.30584250000538304,differential_evolution_bounded_direct_search,True,Maximum number of iterations has been exceeded.,97.79949248,1902.41568962963,0.3680097000033129
2025-12-26,28,1902.41568962963,28265.789974102983,28760.856641769642,2051.678883383708,-2285.894775450892,-852.9564826210762,-3650.0799552115614,0.7871977750803021,1.5790009903669633,-1.5786686524913152,1320.9936461416296,817.9985388787761,30081.85028791127,29578.855180648417,502.9951072628535,316,0.30787239999335725,differential_evolution_bounded_direct_search,True,Maximum number of iterations has been exceeded.,0.0,2521.0815452962975,0.3717406000068877
2025-12-27,28,2521.0815452962975,27911.8718505444,28406.93851821107,588.9488263645944,-8281.967887000195,-738.3479285454595,-2253.965837097153,0.736756515003552,0.23987450727863857,0.6721205925385649,1332.0473402858754,837.684935883485,29738.985858496948,29244.623454094555,494.36240440239044,316,0.3050269999948796,differential_evolution_bounded_direct_search,True,Maximum number of iterations has been exceeded.,53.290650882674,2304.277620539683,0.3773559999972349
2025-12-28,28,2304.277620539683,63980.61356755039,64475.68023521706,2869.340926351329,-5717.313031947247,-462.8179770564884,-3250.296606634762,-0.8491881596655944,-1.5508788921428367,0.7997203932019916,1620.3022659064604,1113.6109965744017,66095.98250112352,65589.29123179146,506.6912693320587,316,0.2962630999973044,differential_evolution_bounded_direct_search,True,Maximum number of iterations has been exceeded.,1.3746795000000416,2186.3070682962953,0.35869360000651795
2025-12-29,28,2186.3070682962953,63961.05343806865,64456.12010573532,9185.51733323342,-7976.678212880443,-621.8558551480054,-4241.67461572677,-0.5002441678991898,1.3900635133499835,0.4234417453039021,1750.6536480070679,1226.7939701196283,66206.77375374238,65682.91407585495,523.8596778874396,316,0.3037244000006467,differential_evolution_bounded_direct_search,True,Maximum number of iterations has been exceeded.,0.0,1926.9537384074067,0.3665951999864774
2025-12-30,28,1926.9537384074067,62765.44034637499,63260.507014041665,8885.850516103965,-169.41256500005613,-695.6232520896272,-2280.6912511298533,1.3225076558331401,0.7468409104403886,0.12006839582971374,1914.5962577585801,1472.4804309254966,65175.103271800246,64732.98744496716,442.1158268330835,316,0.3423955000034766,differential_evolution_bounded_direct_search,True,Maximum number of iterations has been exceeded.,67.5410550333331,1998.2960420370364,0.41831079999974463
2025-12-31,28,1998.2960420370364,62178.53074806866,62673.597415735334,470.091608146889,-2081.1568145544447,-547.9058947702797,-4690.088864515882,0.20222454974149873,1.0408362086580243,-1.851457748308756,1600.518198285977,1228.3627867082766,64274.11561402131,63901.96020244361,372.1554115777003,316,0.4694313000072725,differential_evolution_bounded_direct_search,True,Maximum number of iterations has been exceeded.,107.8078550266667,1710.3106251481502,0.5587853000033647
