date,residual_count,initial_soc_kwh,plan_proxy_objective,planned_cost,delta_00_06_kwh,delta_06_12_kwh,delta_12_18_kwh,delta_18_24_kwh,lambda_06_12,lambda_12_18,lambda_18_24,zero_scenario_score,selected_scenario_score,zero_scenario_full_objective,selected_scenario_full_objective,scenario_improvement,search_evaluations,calibration_seconds,calibration_method,accepted_search,solver_message,actual_emergency_cost,final_soc_kwh,day_seconds
2025-01-02,0,6000.0,58774.9750001992,59270.04166786588,0.0,0.0,0.0,0.0,0.0,0.0,0.0,-495.06666666664006,-495.06666666664006,58774.975001199244,58774.975001199244,0.0,1,0.009509399998933077,zero_parameter_warmup,False,complete 21-day residual window not yet available,7541.981892470418,1365.1683916666666,0.23819610000646207
2025-01-03,0,1365.1683916666666,61543.1454155925,62038.21208325918,0.0,0.0,0.0,0.0,0.0,0.0,0.0,-495.0666666666518,-495.0666666666518,61543.14541659253,61543.14541659253,0.0,1,0.010450100002344698,zero_parameter_warmup,False,complete 21-day residual window not yet available,0.0,8221.137613148147,0.09847250000166241
2025-01-04,0,8221.137613148147,22517.699398790654,23012.766066457327,0.0,0.0,0.0,0.0,0.0,0.0,0.0,-495.066666666654,-495.066666666654,22517.699399790672,22517.699399790672,0.0,1,0.015122800003155135,zero_parameter_warmup,False,complete 21-day residual window not yet available,3385.253757200233,1200.0,0.07487539999419823
2025-01-05,0,1200.0,25822.227110591735,26317.293778258405,0.0,0.0,0.0,0.0,0.0,0.0,0.0,-495.06666666663284,-495.06666666663284,25822.227111591772,25822.227111591772,0.0,1,0.01627980000921525,zero_parameter_warmup,False,complete 21-day residual window not yet available,204335.0270327641,1200.0,0.08891459999722429
2025-01-06,0,1200.0,60970.72762667427,61465.79429434093,0.0,0.0,0.0,0.0,0.0,0.0,0.0,-495.0666666666506,-495.0666666666506,60970.72762767428,60970.72762767428,0.0,1,0.013441499992040917,zero_parameter_warmup,False,complete 21-day residual window not yet available,4537.205933359762,1315.5818699999998,0.08232149999821559
2025-01-07,0,1315.5818699999998,60313.701239072456,60808.767906739115,0.0,0.0,0.0,0.0,0.0,0.0,0.0,-495.06666666664523,-495.06666666664523,60313.70124007247,60313.70124007247,0.0,1,0.018081400005030446,zero_parameter_warmup,False,complete 21-day residual window not yet available,11208.928914430478,1440.0953444444444,0.11521969999012072
2025-01-08,0,1440.0953444444444,60784.38200512146,61279.4486727881,0.0,0.0,0.0,0.0,0.0,0.0,0.0,-495.06666666664717,-495.06666666664717,60784.38200612146,60784.38200612146,0.0,1,0.03338169999187812,zero_parameter_warmup,False,complete 21-day residual window not yet available,2067.224450309956,1576.1936270370377,0.14518819999648258
2025-01-09,1,1576.1936270370377,62000.93046679808,62495.997134464706,0.0,0.0,0.0,0.0,0.0,0.0,0.0,-732.1784177616879,-732.1784177616879,61763.81871670302,61763.81871670302,0.0,1,0.06439939999836497,zero_parameter_warmup,False,complete 21-day residual window not yet available,567.5267900962058,1722.2375750000008,0.36850360000971705
2025-01-10,2,1722.2375750000008,26438.06702049023,26933.133688156897,0.0,0.0,0.0,0.0,0.0,0.0,0.0,-459.2131137793531,-459.2131137793531,26473.920574377546,26473.920574377546,0.0,1,0.00932450000254903,zero_parameter_warmup,False,complete 21-day residual window not yet available,1359.8417161435684,1590.5185841851846,0.062235499994130805
2025-01-11,3,1590.5185841851846,27022.935224846166,27518.001892512828,0.0,0.0,0.0,0.0,0.0,0.0,0.0,-432.34504138538455,-432.34504138538455,27085.65685112744,27085.65685112744,0.0,1,0.03376829999615438,zero_parameter_warmup,False,complete 21-day residual window not yet available,489.6927127978422,1736.872635010581,0.1588637000095332
2025-01-12,4,1736.872635010581,62557.52890277626,63052.595570442936,0.0,0.0,0.0,0.0,0.0,0.0,0.0,-336.20417343798647,-336.20417343798647,62716.39139700495,62716.39139700495,0.0,1,0.022830499990959652,zero_parameter_warmup,False,complete 21-day residual window not yet available,477.60546741404755,1773.3279790740742,0.2019733999914024
2025-01-13,5,1773.3279790740742,61982.62630757894,62477.6929752456,0.0,0.0,0.0,0.0,0.0,0.0,0.0,-262.124948002728,-262.124948002728,62215.56802724287,62215.56802724287,0.0,1,0.03319049999117851,zero_parameter_warmup,False,complete 21-day residual window not yet available,747.6162592538008,1323.2202213333355,0.15033889999904204
2025-01-14,6,1323.2202213333355,61854.08083597561,62349.147503642285,0.0,0.0,0.0,0.0,0.0,0.0,0.0,-333.36887560356837,-333.36887560356837,62015.778628038715,62015.778628038715,0.0,1,0.07525069999974221,zero_parameter_warmup,False,complete 21-day residual window not yet available,1089.307921247727,1315.3695909259268,0.28487330001371447
2025-01-15,7,1315.3695909259268,61344.07634855439,61839.1430162211,0.0,0.0,0.0,0.0,0.0,0.0,0.0,-316.08717458455834,-316.08717458455834,61523.055841636546,61523.055841636546,0.0,1,0.014783199992962182,zero_parameter_warmup,False,complete 21-day residual window not yet available,3375.3796643769524,1496.7703191111113,0.16162130000884645
2025-01-16,8,1496.7703191111113,61759.451235759814,62254.517903426495,0.0,0.0,0.0,0.0,0.0,0.0,0.0,-136.1993118468017,-136.1993118468017,62118.31859157969,62118.31859157969,0.0,1,0.009090500010643154,zero_parameter_warmup,False,complete 21-day residual window not yet available,2755.5475219709165,1691.684040592592,0.13918280000507366
2025-01-17,9,1691.684040592592,26463.658351247224,26958.725018913894,0.0,0.0,0.0,0.0,0.0,0.0,0.0,-308.9326453802059,-308.9326453802059,26649.792373533688,26649.792373533688,0.0,1,0.009027300009620376,zero_parameter_warmup,False,complete 21-day residual window not yet available,195.1622403259562,1764.844769809525,0.10433119999652263
2025-01-18,10,1764.844769809525,26209.93874501711,26705.00541268377,0.0,0.0,0.0,0.0,0.0,0.0,0.0,-326.8348147655124,-326.8348147655124,26378.17059791826,26378.17059791826,0.0,1,0.09162449999712408,zero_parameter_warmup,False,complete 21-day residual window not yet available,848.50379663952,1964.2740985820117,0.20957339998858515
2025-01-19,11,1964.2740985820117,60467.58042959281,60962.64709725948,0.0,0.0,0.0,0.0,0.0,0.0,0.0,-87.0933876737606,-87.0933876737606,60875.55370958572,60875.55370958572,0.0,1,0.008956199992098846,zero_parameter_warmup,False,complete 21-day residual window not yet available,1859.5709964548616,1803.810613333331,0.1784683000005316
2025-01-20,12,1803.810613333331,60940.955076184335,61436.02174385103,0.0,0.0,0.0,0.0,0.0,0.0,0.0,-127.01490829876195,-127.01490829876195,61309.00683555227,61309.00683555227,0.0,1,0.00902160000987351,zero_parameter_warmup,False,complete 21-day residual window not yet available,2575.448835494056,2262.9130648888927,0.15248160000192001
2025-01-21,13,2262.9130648888927,60828.98991515011,61324.05658281678,0.0,0.0,0.0,0.0,0.0,0.0,0.0,-85.24854680762981,-85.24854680762981,61238.808036009155,61238.808036009155,0.0,1,0.08751979999942705,zero_parameter_warmup,False,complete 21-day residual window not yet available,285.19751979166693,2374.6088520740736,0.24289730000600684
2025-01-22,14,2374.6088520740736,60277.69821914583,60772.76488681248,-1359.8983244066617,-7680.207152359437,-9486.520132225945,-6898.7569829361655,-1.2119937049350862,0.2623753118786363,-0.4881766905988194,7.870143137853835,-593.2796301426122,60780.63502995033,60179.48525666987,601.149773280466,316,0.7573193000134779,differential_evolution_bounded_direct_search,True,Maximum number of iterations has been exceeded.,0.0,1690.6272087883624,1.0698378999950364
2025-01-23,14,1690.6272087883624,60440.4975451855,60935.56421285217,-4785.545880433425,-2838.298476166752,-8811.026679291033,-1750.3071989263276,0.45323648597323896,0.9055877418789162,-1.7718273928715305,-99.82164846937846,-608.637579859125,60835.742564382796,60326.92663299305,508.81593138974654,316,0.6578164000093238,differential_evolution_bounded_direct_search,True,Optimization terminated successfully.,83.59045376363095,1664.3641185555562,0.837684199999785
2025-01-24,14,1664.3641185555562,25374.21209641065,25869.278764077302,-7259.30458219378,-2702.5719838522773,-2601.136512623446,-4285.733160819299,0.15231004906735546,1.9317293207860282,1.3402476218345636,-262.94075598954703,-826.2277219464668,25606.338008087754,25043.051042130835,563.2869659569197,316,0.402682800006005,differential_evolution_bounded_direct_search,True,Maximum number of iterations has been exceeded.,0.0,2198.5142830952354,0.6533763999905204
2025-01-25,14,2198.5142830952354,25063.102514585953,25558.169182252634,-8268.650270618768,-863.3182249696081,-2904.7897134810787,-1237.9060681571027,0.08146457384466288,0.08712414041720651,-0.8379216258466857,-245.94263184835145,-826.5566218476694,25312.22655040428,24731.612560404963,580.6139899993179,316,0.6225841999985278,differential_evolution_bounded_direct_search,True,Maximum number of iterations has been exceeded.,0.0,2129.2067364444483,0.8831149000034202
2025-01-26,14,2129.2067364444483,59058.82173616358,59553.888403830264,-5103.3100181583,-2995.4378179847063,-679.6672791311806,-3479.4690624862756,-0.9855980646563429,-0.29381133078312893,0.33141223826911403,250.25203000151365,-545.9721201977367,59804.14043383178,59007.91628363253,796.2241501992503,316,0.5799330000008922,differential_evolution_bounded_direct_search,True,Maximum number of iterations has been exceeded.,0.0,1981.658627740742,0.7796796000038739
2025-01-27,14,1981.658627740742,59266.35600928491,59761.422676951595,-9244.01707503044,-422.9230754041197,-4603.924657389889,-340.6595763482137,1.4655217413413335,-1.5633137903317964,-0.25105649798535445,214.9241889009226,-561.1205664384022,59976.346865852516,59200.30211051319,776.0447553393248,316,0.4522963999916101,differential_evolution_bounded_direct_search,True,Maximum number of iterations has been exceeded.,0.0,1715.6076769100532,0.5862397000018973
2025-01-28,14,1715.6076769100532,58317.87808573742,58812.944753404096,-5686.910512076801,-6491.05906692238,-1886.556061384367,-5277.5652658660465,0.31102757102901,0.17745025325991737,1.4784086276320623,51.87920094985426,-662.7116995569917,58864.82395435395,58150.23305384711,714.590900506846,316,0.6333082999917679,differential_evolution_bounded_direct_search,True,Maximum number of iterations has been exceeded.,83.21215991079912,1628.3009643333337,0.6789244000101462
2025-01-29,14,1628.3009643333337,59666.75203273969,60161.81870040638,-6007.702086582502,-1090.4145762091925,-2713.0755259143343,-700.1557107825171,0.6566701285464704,-1.0436462362711931,-0.45828006703108315,-136.85294929007372,-655.0370295045403,60024.96575111631,59506.78167090184,518.1840802144666,316,0.4525508000078844,differential_evolution_bounded_direct_search,True,Maximum number of iterations has been exceeded.,0.0,2396.543406873019,0.6991832000057912
2025-01-30,14,2396.543406873019,57908.04421435803,58403.110882024695,-6272.649830397566,-5390.859348413976,-4662.402599431915,-6354.5811152960705,-0.8067327661153776,-1.3859440107518426,1.619416511895254,6.150429735017537,-664.7567793857979,58409.261311759714,57738.3541026389,670.9072091208154,316,0.9182834999955958,differential_evolution_bounded_direct_search,True,Maximum number of iterations has been exceeded.,0.0,1835.4413509682556,1.181526300002588
2025-01-31,14,1835.4413509682556,23152.66049375204,23647.7271614187,-6892.391969373886,-7751.939500522266,-6586.2151986000745,-2979.056058726874,-1.8099911580680597,-0.0025110268079167053,-0.2411132958207327,-358.5054584285085,-840.4873709376445,23289.22170299019,22807.239790481057,481.981912509136,316,0.648607200011611,differential_evolution_bounded_direct_search,True,Maximum number of iterations has been exceeded.,0.0,2192.322799888892,1.006602199995541
2025-02-01,14,2192.322799888892,23301.203347108636,23796.2700147753,-2313.857300804653,-1610.4073458747923,-2696.5275004068585,-836.2600030218299,-0.1453003715524206,0.055304395424241815,0.7338893340363652,-411.93092687996926,-846.4713752770119,23384.33908789533,22949.798639498287,434.54044839704267,316,0.790041399988695,differential_evolution_bounded_direct_search,True,Maximum number of iterations has been exceeded.,0.0,2607.9490494550255,0.9320970999979181
2025-02-02,14,2607.9490494550255,57170.27206320011,57665.33873086675,-4992.2707473290475,-4265.7318519485025,-2853.5954779811095,-1523.9582866398584,1.2916403451857281,0.601272110911693,1.8324008069976738,-184.36922344766248,-735.2411938380529,57480.96950741909,56930.0975370287,550.8719703903905,316,0.43510680001054425,differential_evolution_bounded_direct_search,True,Maximum number of iterations has been exceeded.,0.0,2386.4186698359827,0.48584090000076685
2025-02-03,14,2386.4186698359827,56014.32590814262,56509.392575809296,-9584.33656013695,-2782.441571541409,-905.616966424995,-1254.9632002196688,-0.2481792066763675,0.9724324468229817,0.8048015033221319,-135.67317166271383,-723.1894802421604,56373.719404146585,55786.203095567136,587.5163085794466,316,0.7243723999999929,differential_evolution_bounded_direct_search,True,Maximum number of iterations has been exceeded.,0.0,2300.02905578836,0.8911714000132633
2025-02-04,14,2300.02905578836,56414.720980071535,56909.78764773822,-1325.801981674978,-8250.446772476573,-3502.7944759081947,-6666.690293610893,-0.5096647856023275,-1.0765173557584282,1.1497410000699397,-136.01027476276616,-715.000602914456,56773.777372975455,56194.787044823766,578.9903281516898,316,0.3949640999926487,differential_evolution_bounded_direct_search,True,Maximum number of iterations has been exceeded.,0.0,2228.719280957674,0.7338273999921512
2025-02-05,14,2228.719280957674,55579.525127639856,56074.59179530649,-6067.439412916925,-1103.6073062878515,-3980.0310942825713,-5456.917889023565,-1.3488133543978817,-1.457330296367855,-0.6069298815028854,-174.69339936876707,-718.6514196015279,55899.89839593773,55355.940375704966,543.9580202327609,316,0.9180769000086002,differential_evolution_bounded_direct_search,True,Maximum number of iterations has been exceeded.,93.39692580571459,2033.4223078994714,1.2344217000063509
2025-02-06,14,2033.4223078994714,56610.96722332072,57106.0338909874,-5684.657179870539,-851.2433612627938,-2031.1058153170961,-1630.3133871710138,-0.9538903267212846,-1.7671637485320917,1.0643352075106671,-183.09358144237945,-731.4260163572243,56922.94030954502,56374.60787463017,548.3324349148448,316,0.7308032000000821,differential_evolution_bounded_direct_search,True,Maximum number of iterations has been exceeded.,100.34904280595273,2086.835445756617,0.8829545999906259
2025-02-07,14,2086.835445756617,21991.000334249045,22486.06700191572,-2571.900169097242,-1755.2692597118053,-9085.511170709367,-5285.749390086427,0.12473702272243736,0.3590162364177374,-1.8923853944026292,-436.97783824373965,-843.1274344628024,22049.08916367198,21642.939567452915,406.14959621906274,316,0.75784289999865,differential_evolution_bounded_direct_search,True,Maximum number of iterations has been exceeded.,0.0,1828.637915476188,0.9436397999961628
2025-02-08,14,1828.637915476188,19888.07484506727,20383.141512733935,-6429.324127970756,-4494.827863765473,-3546.573443714917,-3266.3485194626537,1.2610057624701776,1.652132468785577,-0.27868405414852004,-444.5369341531185,-836.1975459251669,19938.604578580816,19546.94396680877,391.66061177204836,316,0.22856460000912193,differential_evolution_bounded_direct_search,True,Maximum number of iterations has been exceeded.,0.0,1786.0364549259255,0.4375997000024654
2025-02-09,14,1786.0364549259255,52796.630807989066,53291.697475655725,-9439.5218199454,-759.146387777107,-3609.1843802679455,-4175.636122505305,-0.216204845432586,0.9007919093521779,0.04181927276276509,-188.7971938488479,-754.8355981955593,53102.90028180688,52536.861877460164,566.0384043467114,316,0.5887191000074381,differential_evolution_bounded_direct_search,True,Maximum number of iterations has been exceeded.,0.0,1509.4513628888924,0.6373948999971617
2025-02-10,14,1509.4513628888924,53729.08062572429,54224.14729339095,-5611.3321971676405,-4684.218036759731,-249.6279388250116,-4211.760037554919,-0.024746906137805613,-1.9515624217858316,-0.5212886570463267,-257.637074464735,-736.866023472178,53966.51021892622,53487.28126991878,479.22894900744296,316,0.6488167000061367,differential_evolution_bounded_direct_search,True,Maximum number of iterations has been exceeded.,0.0,1433.6582258783076,0.8279139999940526
2025-02-11,14,1433.6582258783076,52315.18061257563,52810.24728024228,-266.1554074720911,-9098.367281107325,-7114.22709976646,-3203.1995693124545,0.4790887403065227,-0.07283469024638212,0.41073635517608853,4.351173926446767,-704.0436714986535,52814.59845416872,52106.20360874363,708.3948454251002,316,0.7307307000010042,differential_evolution_bounded_direct_search,True,Maximum number of iterations has been exceeded.,387.640922921196,1448.0131018148147,1.0378440000058617
2025-02-12,14,1448.0131018148147,51741.73347712317,52236.80014478983,-3565.8929390926423,-1686.434528321697,-4655.168114950967,-114.36732841167583,-0.2437088141005881,1.8059099744004765,-0.19654667749770582,83.02595927825212,-672.652086751427,52319.82610406808,51564.1480580384,755.6780460296791,316,0.7213350999954855,differential_evolution_bounded_direct_search,True,Maximum number of iterations has been exceeded.,6.6249559199991745,1450.3611521481496,0.980668299991521
2025-02-13,14,1450.3611521481496,51590.8362045451,52085.90287221175,-504.30240284138216,-5037.027668057611,-779.8997757064171,-9191.273246483113,1.3092126880832144,1.6956264760245974,-1.6544083348627032,-7.420013871211869,-726.035367234217,52078.48285834054,51359.867504977534,718.6153533630052,316,0.6520753999939188,differential_evolution_bounded_direct_search,True,Maximum number of iterations has been exceeded.,0.0,1581.0344292962964,0.9116290999954799
2025-02-14,14,1581.0344292962964,18705.346740091136,19200.413407757806,-2849.2200005336667,-2193.0450609729664,-4413.466467726645,-1126.3632598188951,0.08489712627635893,0.6833241980477158,-1.9371303033502878,-589.9912939637858,-804.5215326096659,18610.42211379402,18395.89187514814,214.5302386458801,316,0.3334275999950478,differential_evolution_bounded_direct_search,True,Maximum number of iterations has been exceeded.,0.0,1620.294809396826,0.46084329999575857
2025-02-15,14,1620.294809396826,18421.701429217257,18916.768096883927,-2663.395206148645,-3013.677620250859,-3084.8704508792925,-3596.8495794644573,1.0313509401507304,0.093772399281292,1.7139103002095282,-560.9680832968749,-794.2969866966941,18355.800013587053,18122.47111018723,233.3289033998193,316,0.45347590000892524,differential_evolution_bounded_direct_search,True,Maximum number of iterations has been exceeded.,0.0,1329.9838797883622,0.5971346000005724
2025-02-16,14,1329.9838797883622,49756.062368998384,50251.12903666506,-8205.314099544305,-1471.9049936535214,-2366.053020212793,-9415.729802743825,0.3999774583643503,-1.0538489264581758,-1.0933405214278382,40.876927622563294,-666.1401588916198,50292.00596428762,49584.98887777344,707.017086514183,316,0.35028980000060983,differential_evolution_bounded_direct_search,True,Maximum number of iterations has been exceeded.,40.880872358095786,1462.0231631375684,0.501879999996163
2025-02-17,14,1462.0231631375684,49438.61574177184,49933.68240943851,-5813.732220619701,-2144.465931328014,-3956.166126044491,-1070.6604680805392,0.09666696375181827,-0.0012883741729563525,-0.701460495469294,-25.57908312364851,-689.5816508928692,49908.10332631486,49244.10075854564,664.0025677692207,316,0.30500360000587534,differential_evolution_bounded_direct_search,True,Maximum number of iterations has been exceeded.,0.0,1578.950504301588,0.4546476000105031
2025-02-18,14,1578.950504301588,49200.490415189975,49695.55708285665,-427.45306767801736,-3953.5987805321447,-5852.464335037111,-3096.7341332078922,0.8682747197075731,-1.7375838707413505,1.870855642610496,-9.134152829427933,-684.5816014651242,49686.42293002722,49010.97548139153,675.4474486356962,316,0.4879969000030542,differential_evolution_bounded_direct_search,True,Maximum number of iterations has been exceeded.,0.0,1891.320043042326,0.6401306000043405
2025-02-19,14,1891.320043042326,48646.023199608135,49141.089867274815,-4803.669853935102,-2884.3743283709637,-3188.8864612858542,-8288.14498803932,-0.26492120674253616,-1.6773301679726946,-0.3035929171137681,-41.64732565686726,-668.4805951536244,49099.44254161795,48472.60927212119,626.8332694967572,316,0.49314099999901373,differential_evolution_bounded_direct_search,True,Maximum number of iterations has been exceeded.,177.6512860833331,1285.4380579047615,0.6520693000056781
2025-02-20,14,1285.4380579047615,48476.80613224266,48971.872799909324,-7391.049593977093,-980.7794782775044,-554.8314054728561,-6065.275795284326,-0.6638022882869059,-0.6086891919657031,-0.5869642551843262,-40.01071015656061,-656.4321122741409,48931.862089752765,48315.440687635186,616.4214021175802,316,0.47274250000191387,differential_evolution_bounded_direct_search,True,Maximum number of iterations has been exceeded.,181.16387498333145,1731.8620545449724,0.6526348000043072
2025-02-21,14,1731.8620545449724,18326.459703706376,18821.52637137304,-8048.976728688922,-7517.205141829855,-8977.462659078567,-9014.233120032277,1.7345567522886762,1.9875940980514364,-0.37243619337177236,-494.0677638132123,-739.8396999285026,18327.458607559827,18081.686671444535,245.77193611529026,316,0.5111712999932934,differential_evolution_bounded_direct_search,True,Maximum number of iterations has been exceeded.,0.0,1842.228702507939,0.6697412000066834
2025-02-22,14,1842.228702507939,18231.96915494934,18727.035822616002,-4406.317006915919,-3297.1425591879497,-5108.796367238584,-1850.3678818320282,1.9422644524473807,-0.8026438537335996,1.9268412142938098,-498.527881709127,-740.2500136040018,18228.507940906875,17986.785809012,241.7221318948748,316,0.5297891999944113,differential_evolution_bounded_direct_search,True,Maximum number of iterations has been exceeded.,0.0,1990.7396251746047,0.7147679999907268
2025-02-23,14,1990.7396251746047,47898.434815515044,48393.50148318172,-5074.689581551343,-1842.3832521442969,-3913.8253907707517,-117.89097110241649,-0.3262748064787331,-0.49684486889149904,0.4075218780705825,-207.03610599084274,-652.1683920053141,48186.46537719088,47741.333091176406,445.13228601447133,316,0.4548796000017319,differential_evolution_bounded_direct_search,True,Maximum number of iterations has been exceeded.,0.0,1655.5383903015893,0.6584247999999207
2025-02-24,14,1655.5383903015893,47329.38213246887,47824.44880013552,-3593.8399251084866,-2860.925900947287,-6792.019242332231,-2325.858258059373,1.5026224910850798,1.4685245857430784,0.33795663280762156,-247.60395198297834,-666.878413636848,47576.84484815254,47157.57038649867,419.27446165386965,316,0.5082629000098677,differential_evolution_bounded_direct_search,True,Maximum number of iterations has been exceeded.,185.85451258285661,1879.6868470846575,0.8562499999970896
2025-02-25,14,1879.6868470846575,47329.00556626871,47824.07223393538,-4952.102620032399,-7334.314071614214,-8145.813976266578,-7651.28603118254,-0.7457830662173537,0.9755700297900365,-1.0535596478276281,-234.19928920123593,-672.4799394209859,47589.87294473415,47151.5922945144,438.28065021975,316,0.33626739999454003,differential_evolution_bounded_direct_search,True,Maximum number of iterations has been exceeded.,96.6318100476191,1556.1495969947116,0.5122953000100097
2025-02-26,14,1556.1495969947116,47273.24523167729,47768.31189934397,-1814.4865218733294,-565.7459213227994,-9466.107614181024,-4508.8008356699775,1.8718500137803065,0.016077806751115364,0.8399585756507593,-242.23981315100963,-663.1751655029304,47526.07208619296,47105.13673384104,420.9353523519208,316,0.23098429999663495,differential_evolution_bounded_direct_search,True,Maximum number of iterations has been exceeded.,0.0,2153.7387730370383,0.3134206999966409
2025-02-27,14,2153.7387730370383,46128.28226722568,46623.34893489233,-3588.967644937819,-6251.489339317346,-2264.8747140706337,-6440.066498376256,0.9236680390294154,-0.32688654240882187,-0.26662707855005463,-305.57380486023254,-687.0978710437461,46317.775130032096,45936.251063848584,381.5240661835135,316,0.24455920000036713,differential_evolution_bounded_direct_search,True,Maximum number of iterations has been exceeded.,0.0,1840.3374313386246,0.32709669999894686
2025-02-28,14,1840.3374313386246,17641.7202061964,18136.78687386307,-6706.433339990718,-6086.43806551027,-1787.713725155396,-5180.876549082741,1.2654226937374236,0.6048318097231369,-0.5404376857380759,-547.0736133104082,-754.7004433164632,17589.713260552664,17382.08643054661,207.626830006055,316,0.24928809999255463,differential_evolution_bounded_direct_search,True,Maximum number of iterations has been exceeded.,0.0,1783.8531564074096,0.3259827000001678
2025-03-01,14,1783.8531564074096,17706.563081867327,18201.629749533997,-2215.4932971106964,-4856.327883752028,-5259.77628024013,-8457.358885261006,0.43363143127271453,-0.9978452097763622,0.45420708109878927,-547.6199367164595,-758.4990204161977,17654.009812817538,17443.1307291178,210.8790836997382,316,0.2707208000065293,differential_evolution_bounded_direct_search,True,Maximum number of iterations has been exceeded.,0.0,1841.8525849841262,0.47861819999525324
2025-03-02,14,1841.8525849841262,45750.32303109283,46245.389698759514,-7524.924647829502,-969.3891959113465,-1207.1463576131096,-5203.212625272015,-0.5832484191271083,1.2056926139437705,-1.3258813422514697,-84.53178258015737,-552.943119982142,46160.85791617936,45692.44657877737,468.4113374019846,316,0.33054660000198055,differential_evolution_bounded_direct_search,True,Maximum number of iterations has been exceeded.,13307.569856548758,1514.0937790370367,0.4811067999980878
2025-03-03,14,1514.0937790370367,46178.08415363258,46673.15082129927,-2346.173515206035,-5573.637357178308,-358.43723912439,-3088.8946477091495,0.5552478365806799,-1.518163057092901,1.8223474510171975,683.3406782809386,123.7329593897479,47356.49149958021,46796.883780689015,559.6077188911908,316,0.9160737000056542,differential_evolution_bounded_direct_search,True,Maximum number of iterations has been exceeded.,7365.6555795997065,1475.7310586296287,1.2505552999937208
2025-03-04,14,1475.7310586296287,47578.321530164154,48073.38819783082,-5798.49230125021,-8474.9474758415,-322.91911752376166,-3684.111657609191,1.0340692976677546,-0.03719707310237075,-0.46683505292280203,887.9556807131543,223.62469689485397,48961.34387854397,48297.012894725674,664.3309838183003,316,1.0096518999926047,differential_evolution_bounded_direct_search,True,Maximum number of iterations has been exceeded.,0.0,1669.947300698414,1.2321938999957638
2025-03-05,14,1669.947300698414,48063.482948238736,48558.549615905395,-5050.036481509739,-380.3849562279289,-305.100469053065,-9227.121849499417,0.46162157828482364,1.8301136032043446,-0.34095657604605645,807.7561530162429,212.97894830469036,49366.30576892164,48771.528564210086,594.7772047115526,316,0.3261562999978196,differential_evolution_bounded_direct_search,True,Maximum number of iterations has been exceeded.,0.0,1642.115079386244,0.6307439999945927
2025-03-06,14,1642.115079386244,47982.273557157685,48477.340224824366,-2383.2711818746,-4877.82170058832,-302.2546477830822,-6501.624388560716,-0.21609235069575483,-0.06529377297809846,-1.2723093783262525,862.9221405368105,237.85927922615775,49340.26236536117,48715.19950405052,625.0628613106528,316,0.8258686999906786,differential_evolution_bounded_direct_search,True,Maximum number of iterations has been exceeded.,0.0,1642.2110123703717,1.0053186000004644
2025-03-07,14,1642.2110123703717,17330.74431499378,17825.81098266045,-2078.765275324033,-4692.903137873247,-1308.5734913453052,-5643.840149027392,-1.5754624154033574,-0.26831422910459946,-0.9706835493305843,-555.0267048078068,-782.6149917489942,17270.784277852643,17043.195990911456,227.58828694118733,316,0.6604491000034614,differential_evolution_bounded_direct_search,True,Maximum number of iterations has been exceeded.,0.0,2010.7625336349172,0.9090790000045672
2025-03-08,14,2010.7625336349172,16385.365936300863,16880.43260396753,-4724.49536627839,-443.22811864229584,-2258.178625202831,-9368.690970779386,-1.810766270223971,-1.1377518537298832,0.42359349970963756,-536.8197001884695,-771.4285310335775,16343.61290377906,16109.00407293395,234.60883084510806,316,1.0045932000066387,differential_evolution_bounded_direct_search,True,Maximum number of iterations has been exceeded.,0.0,1969.6365642962996,1.2815105999907246
2025-03-09,14,1969.6365642962996,45262.01546710738,45757.08213477407,-2103.4013385929634,-3851.2137099231895,-473.35694341722495,-9550.554845381466,-1.6304243322143408,-0.722141608110479,1.1788080686341535,1181.4084773831496,473.4258745648049,46938.49061215722,46230.508009338875,707.9826028183447,316,0.7152979999955278,differential_evolution_bounded_direct_search,True,Maximum number of iterations has been exceeded.,0.0,1738.7742763650795,0.9078214999899501
2025-03-10,14,1738.7742763650795,44458.59045565374,44953.657123320416,-8972.246332750146,-3659.3772004292077,-328.67072006351174,-2715.035964120954,-1.4986675789014625,0.7243251669567208,1.9400176409089411,1296.4893867868927,595.1402976431738,46250.14651010731,45548.79742096359,701.349089143719,316,0.6532879000005778,differential_evolution_bounded_direct_search,True,Maximum number of iterations has been exceeded.,113.5533856500001,1711.5559006507951,1.0045823999971617
2025-03-11,14,1711.5559006507951,44165.77013219176,44660.83679985843,-7350.061070947712,-4498.318412130074,-335.80062902206646,-7887.198646477927,-0.5762850410991582,-0.28260283521087404,0.5020247306346901,953.6122417410005,367.9162360027608,45614.44904159943,45028.75303586119,585.6960057382397,316,1.5539747000002535,differential_evolution_bounded_direct_search,True,Maximum number of iterations has been exceeded.,0.0,1975.3971039100527,1.716468900005566
2025-03-12,14,1975.3971039100527,43741.14432972116,44236.21099738784,-7135.048488495614,-4378.7272608974345,-313.6321552097584,-1518.6193227966462,0.9140712803032662,1.469331987279407,-0.30840218116665796,870.3264299061713,288.2156952324779,45106.53742729401,44524.42669262032,582.1107346736933,316,1.223136100001284,differential_evolution_bounded_direct_search,True,Maximum number of iterations has been exceeded.,0.0,1617.3240007936513,1.6205465999955777
2025-03-13,14,1617.3240007936513,43238.08604250971,43733.15271017638,-33.477977314275265,-6111.891598992898,-378.1639624343736,-4697.1764586203735,-0.8842160503122651,-1.395209697283967,-1.7892399246311856,874.4734679403851,330.1669944894107,44607.62617811676,44063.31970466579,544.3064734509744,316,1.6227917000069283,differential_evolution_bounded_direct_search,True,Maximum number of iterations has been exceeded.,3413.399751736285,1578.7120948888885,2.066170299993246
2025-03-14,14,1578.7120948888885,15880.215843252343,16375.282510919018,-5765.02559324127,-5389.367374123346,-7990.119988944421,-534.4700277933889,-1.8792743254433537,1.087411627781575,1.4516395609349146,-548.2438681044846,-791.2867921478571,15827.038642814534,15583.99571877116,243.04292404337252,316,0.7338500999903772,differential_evolution_bounded_direct_search,True,Maximum number of iterations has been exceeded.,0.0,2010.018938814815,1.1061846000084188
2025-03-15,14,2010.018938814815,15819.416070572814,16314.482738239481,-1376.037684495168,-1523.5109940070593,-7627.520405748952,-2078.200054966378,0.6222457381002777,1.5749692152389456,-0.6371259825348345,-532.6520260390764,-790.0191513998083,15781.830712200404,15524.463586839673,257.36712536073185,316,1.1091756999958307,differential_evolution_bounded_direct_search,True,Maximum number of iterations has been exceeded.,0.0,1414.6579364285685,1.422450599988224
2025-03-16,14,1414.6579364285685,43523.808340221316,44018.875007888,-3355.46955776072,-5560.326947527955,-484.90228703734994,-5124.04474931146,-1.7672094282847535,-0.05635711290480594,0.4032431296920316,750.0472574659004,176.23539466719416,44768.9222653539,44195.11040255519,573.8118627987062,316,0.36244160000933334,differential_evolution_bounded_direct_search,True,Maximum number of iterations has been exceeded.,0.0,1875.3489270687837,0.45163169999432284
2025-03-17,14,1875.3489270687837,43003.34047029986,43498.407137966526,-7666.313415901778,-2879.904606795824,-1132.3001412836998,-3902.5260803898977,-1.0215599575814986,-1.772841239419245,0.8304034417361832,510.50800306553657,-206.77886817901143,44008.91514103206,43291.628269787514,717.286871244548,316,0.5390054000017699,differential_evolution_bounded_direct_search,True,Maximum number of iterations has been exceeded.,0.0,2114.5298759418015,0.6663783999974839
2025-03-18,14,2114.5298759418015,41156.74901646794,41651.815684134635,-792.1438970298151,-3871.795511673664,-777.3361390189084,-6603.482371527947,-0.7492816957362727,0.8099704709361077,-1.685026367171774,513.6999060879307,-316.5581661837085,42165.51559022257,41335.25751795093,830.2580722716392,316,0.4720845999981975,differential_evolution_bounded_direct_search,True,Maximum number of iterations has been exceeded.,1622.9060678505875,1721.0074099417982,0.8770856000046479
2025-03-19,14,1721.0074099417982,41467.25450549721,41962.321173163866,-869.9161221813952,-6814.156156056489,-669.2475193263665,-6538.382467145688,0.8418071255637853,1.9379781278224364,0.7770207031130267,588.9743980100235,-143.409014011436,42551.29557117389,41818.91215915243,732.3834120214594,316,0.5146901000116486,differential_evolution_bounded_direct_search,True,Maximum number of iterations has been exceeded.,0.0,2161.063219031745,0.6629859999957262
2025-03-20,14,2161.063219031745,41335.12163227585,41830.188299942514,-8898.845209921981,-7860.737562617304,-940.3279840548635,-6052.8847765276905,-0.24296202750749885,-0.4244455371908389,-0.582104506117342,520.0523645339136,-208.354976612885,42350.24066447643,41621.83332332963,728.4073411467987,316,0.4967138000065461,differential_evolution_bounded_direct_search,True,Maximum number of iterations has been exceeded.,0.0,2021.366092952379,0.5491103999956977
2025-03-21,14,2021.366092952379,15340.297826733253,15835.36449439992,-3402.3699823007623,-526.8682675611764,-7857.595606963094,-1012.5833650480147,-1.0436070086435307,1.2822347116413435,-1.6284089020486183,-565.3038616863756,-800.9254752280982,15270.060632713545,15034.439019171823,235.62161354172258,316,0.6240532999945572,differential_evolution_bounded_direct_search,True,Maximum number of iterations has been exceeded.,0.0,1589.1020468994686,0.7972764000005554
2025-03-22,14,1589.1020468994686,16049.880027614416,16544.946695281084,-6663.2848081794045,-8382.375266403811,-4710.539008177511,-168.6759085778089,0.6390174949191909,-0.07890071438799273,1.0832505284822807,-510.4084851460047,-786.9129235129092,16034.538210135079,15758.033771768174,276.5044383669045,316,0.24741769999673124,differential_evolution_bounded_direct_search,True,Maximum number of iterations has been exceeded.,0.0,2385.102396439153,0.33276450000994373
2025-03-23,14,2385.102396439153,39965.14560463503,40460.212272301695,-5697.18760522406,-1886.891016109324,-589.293428625301,-8237.756659765266,0.374983337163735,-0.12014417681536571,-0.4359265446854772,94.53102642361405,-623.2333119015913,40554.743298725305,39836.978960400105,717.7643383252054,316,0.584457899996778,differential_evolution_bounded_direct_search,True,Maximum number of iterations has been exceeded.,42.99980673126152,1639.036004518518,0.8076761999982409
2025-03-24,14,1639.036004518518,40018.58595736713,40513.65262503379,-1319.1156116048458,-5555.785789818061,-656.4114914462625,-8160.781069061685,1.1564781661285641,-0.6512783751221549,-0.08780471283240221,3.5349083838633737,-703.6404071683563,40517.18753341766,39810.012217865435,707.1753155522197,316,0.44049989999621175,differential_evolution_bounded_direct_search,True,Maximum number of iterations has been exceeded.,0.0,1768.5305362169292,0.8049890000111191
2025-03-25,14,1768.5305362169292,39390.58165190592,39885.648319572596,-2966.7236928176458,-1716.7211329678828,-931.5330445787961,-1338.2510520214385,-0.07801613875054914,0.08878225069929613,0.7506160562748909,188.87649295926283,-500.2795008671906,40074.52481253186,39385.36881870541,689.1559938264535,316,0.4069327000033809,differential_evolution_bounded_direct_search,True,Maximum number of iterations has been exceeded.,7.338700074041825,1457.8774419259253,0.6441048999986378
2025-03-26,14,1457.8774419259253,39631.207315178246,40126.27398284491,-7194.694118212892,-7494.666459128241,-648.7247786591307,-185.61848770222014,1.516700007529213,-0.6624213046462026,1.173541573027241,91.47594860051376,-667.2257658553146,40217.749931445425,39459.0482169896,758.7017144558284,316,0.7670911000022897,differential_evolution_bounded_direct_search,True,Maximum number of iterations has been exceeded.,0.0,1593.6418102804255,1.0326067999994848
2025-03-27,14,1593.6418102804255,39529.085693518624,40024.152361185275,-9127.800073593553,-4588.36361735607,-561.0611659423241,-2366.7382570550567,-1.1985098633009716,-1.073973578050548,-1.524925005791885,59.11419317201603,-684.0992915699395,40083.266554357295,39340.05306961534,743.2134847419555,316,0.4938566000055289,differential_evolution_bounded_direct_search,True,Maximum number of iterations has been exceeded.,0.0,1673.3040365396826,0.6033117999904789
2025-03-28,14,1673.3040365396826,15102.537119819188,15597.60378748586,-6285.153783722223,-2397.831231942781,-3802.690651125171,-264.9308891239059,-1.9460048225806716,-1.0353638571771815,1.475152665769342,-613.9446840714625,-794.784476762652,14983.659103414397,14802.819310723207,180.8397926911896,316,1.3968682999984594,differential_evolution_bounded_direct_search,True,Maximum number of iterations has been exceeded.,0.0,2136.164496396828,1.7154845999903046
2025-03-29,14,2136.164496396828,14557.818433687475,15052.885101354139,-4127.502148011141,-4612.339891728059,-1727.7551501708986,-9236.185536828934,-1.6032150401990575,-0.5462497017771546,1.4886726064397076,-583.1232149983065,-788.1706726423248,14469.761886355833,14264.714428711814,205.04745764401832,281,0.9588513000053354,differential_evolution_bounded_direct_search,True,Optimization terminated successfully.,0.0,1744.5998566984183,1.2120654999889666
2025-03-30,14,1744.5998566984183,38000.85149967387,38495.91816734054,-3830.9927098687363,-5842.203123799561,-2437.6369845151894,-9054.440223427915,0.2155109287107635,-0.7370659687153744,-0.41847546147417547,-206.830061634621,-722.2211103782469,38289.088105705916,37773.69705696229,515.3910487436259,316,1.3385031999932835,differential_evolution_bounded_direct_search,True,Maximum number of iterations has been exceeded.,0.0,1952.5450578359807,1.8551092999987304
2025-03-31,14,1952.5450578359807,37094.36253892175,37589.42920658842,-7575.374404746517,-1808.4672692354584,-850.9856096882405,-811.0757966346092,-1.6948819611626011,1.1044971067872762,-1.9381811365313746,-160.4444153773636,-714.8260432008417,37428.984791211056,36874.60316338758,554.3816278234781,316,1.050959000000148,differential_evolution_bounded_direct_search,True,Maximum number of iterations has been exceeded.,749.9800122349719,1708.6079033333338,1.7444236000010278
2025-04-01,14,1708.6079033333338,37833.203291525155,38328.26995919182,-3607.7519822438885,-3776.2456701347355,-1586.174915990759,-197.1364980756402,-0.6251344428379713,-0.7281076044114112,1.763947226217467,-62.82591308218431,-684.2808809970978,38265.44404610964,37643.989078194725,621.4549679149135,316,1.476137200006633,differential_evolution_bounded_direct_search,True,Maximum number of iterations has been exceeded.,3838.308169635088,1738.9970097429834,2.04229120000673
2025-04-02,14,1738.9970097429834,37753.77737666014,38248.84404432679,-9214.262364730903,-1648.5973406613066,-8176.546982747441,-8538.1170864009,-0.9417621503758653,0.1945185748193139,0.3420897736123316,15.602785955477502,-683.0819236084184,38264.446830282264,37565.76212071837,698.6847095638959,316,2.10029050000594,differential_evolution_bounded_direct_search,True,Maximum number of iterations has been exceeded.,5507.312460084729,1576.0598500370365,2.7694607000012184
2025-04-03,14,1576.0598500370365,38701.637831882734,39196.704499549385,-2504.307506058568,-5483.871825308279,-7696.9127118677125,-8704.196251440024,1.5681202221873844,0.11016296160731098,-0.2875845661332783,518.0311863365889,-282.5313933234994,39714.73568588597,38914.173106225884,800.5625796600883,316,1.0815689000010025,differential_evolution_bounded_direct_search,True,Maximum number of iterations has been exceeded.,0.0,1839.2383673650806,1.4389548000035575
2025-04-04,14,1839.2383673650806,14354.217467948843,14849.284135615515,-6496.4535244439185,-3548.082854449093,-5829.856945798797,-2441.069675707059,-1.774518030306011,0.05011671723611544,0.4258278241647968,-625.0195264465175,-776.5640020357278,14224.264609168997,14072.720133579787,151.54447558921026,316,2.0078352999989875,differential_evolution_bounded_direct_search,True,Maximum number of iterations has been exceeded.,0.0,1971.3683651481472,2.6050430000032065
2025-04-05,14,1971.3683651481472,14449.934027418847,14945.000695085517,-6111.068477489666,-4916.437786811416,-335.7722787500485,-5245.675102097734,0.1608565731584144,0.33451134729965437,0.977388007157777,-631.7545950414042,-788.157893220401,14313.246100044113,14156.842801865116,156.4032981789968,316,1.919351499993354,differential_evolution_bounded_direct_search,True,Maximum number of iterations has been exceeded.,0.0,1744.4416733862397,2.5384824000066146
2025-04-06,14,1744.4416733862397,38337.03712238423,38832.10379005091,-3289.4730902682345,-6667.627354354452,-1960.4476486854164,-7606.003735239461,-1.7859192456662727,-1.0501961277879734,-1.0934796784688783,567.1747681755575,-252.19633437364027,39399.27855822647,38579.90745567727,819.3711025491978,316,1.5699947999964934,differential_evolution_bounded_direct_search,True,Maximum number of iterations has been exceeded.,0.0,1668.9903256455032,2.15394109999761
2025-04-07,14,1668.9903256455032,37749.23605209292,38244.302719759595,-7263.886028044763,-1317.0824634436512,-4791.464330712851,-644.7928845433701,-1.6546666168482869,0.9735170752840037,-0.8337968524844754,461.52084707011494,-441.0827438669183,38705.82356682971,37803.21997589268,902.6035909370332,316,0.7891304000077071,differential_evolution_bounded_direct_search,True,Maximum number of iterations has been exceeded.,0.0,1695.9400324920637,0.9548963999986881
2025-04-08,14,1695.9400324920637,38066.010674896475,38561.07734256315,-1404.918027994065,-7305.675639197247,-5174.618381033344,-4670.822630306073,1.769802404592122,-1.2685675852080336,0.09291300661206714,477.95102725076003,-454.59457160372193,39039.02836981391,38106.482770959425,932.545598854482,316,1.471278800003347,differential_evolution_bounded_direct_search,True,Maximum number of iterations has been exceeded.,0.0,1448.1604777142877,1.7644105999934254
2025-04-09,14,1448.1604777142877,37603.611261729,38098.677929395664,-1020.7578003809981,-1554.6369427844556,-5933.364946831904,-4733.564705761207,-1.0920200304560685,-1.8489540974893242,1.9964535594053885,523.483307323755,-400.33882881919925,38622.16123671942,37698.339100576464,923.8221361429542,316,0.560629900006461,differential_evolution_bounded_direct_search,True,Maximum number of iterations has been exceeded.,3422.959953162325,1384.9378141111108,0.8898532000021078
2025-04-10,14,1384.9378141111108,37950.38107150608,38445.447739172756,-1159.0821615599384,-9411.494913610088,-1615.490869940848,-8382.074497831283,-1.3317972337558701,1.675994189637375,1.9031946611138317,465.01010973640916,-593.3875462556344,38910.457848909165,37852.060192917124,1058.3976559920436,316,1.2153220000036526,differential_evolution_bounded_direct_search,True,Maximum number of iterations has been exceeded.,0.0,1796.3058283492064,1.5280328000080772
2025-04-11,14,1796.3058283492064,13939.263503165072,14434.33017083174,-270.8049761778319,-1073.6770275446265,-5636.750717208598,-4748.315317995285,-1.857820527870783,1.8896404780852896,-0.5031727212725514,-552.8834239094242,-789.1505824830549,13881.446746922315,13645.179588348685,236.2671585736307,316,0.6269579999934649,differential_evolution_bounded_direct_search,True,Maximum number of iterations has been exceeded.,0.0,1761.3575946772467,0.9696396000072127
2025-04-12,14,1761.3575946772467,14268.731261032975,14763.797928699645,-2790.18529419639,-4596.199949020894,-9306.537408161019,-7317.54812868344,0.28282195689222345,0.23882892322558957,0.8704231631935566,-566.1712177319935,-789.1817826795458,14197.626710967652,13974.6161460201,223.01056494755233,316,0.9809746999962954,differential_evolution_bounded_direct_search,True,Maximum number of iterations has been exceeded.,0.0,2147.0395738042307,1.1830366999929538
2025-04-13,14,2147.0395738042307,36814.07882541688,37309.14549308353,-2942.7538033889527,-2794.5459228925547,-2190.386651685853,-2492.02386742671,-0.16961903740070206,1.3122556482759915,1.7858473034866726,531.7838968643874,-697.5024126298057,37840.929389947916,36611.64308045372,1229.2863094941931,316,0.7946225000050617,differential_evolution_bounded_direct_search,True,Maximum number of iterations has been exceeded.,0.0,1779.6682513333335,1.0739258999965386
2025-04-14,14,1779.6682513333335,36721.43819440525,37216.504862071924,-5919.272267737738,-5782.377989108318,-2979.8771190009143,-1497.7526509754891,0.8282650643166347,1.1748868804486219,-1.8034583156254218,435.60389693087296,-722.9800097691526,37652.1087590028,36493.52485230277,1158.5839067000256,316,0.7465050999890082,differential_evolution_bounded_direct_search,True,Maximum number of iterations has been exceeded.,0.0,1712.4908198518542,1.1397935999993933
2025-04-15,14,1712.4908198518542,37076.50838002378,37571.575047690436,-2545.986761098244,-5246.873984434902,-8727.230092096715,-1053.5022857565941,-0.40516865736338836,-1.5628604790839402,0.6689558497645831,525.353788573184,-649.3608957324329,38096.92883626362,36922.214151958004,1174.714684305617,316,0.6322081000107573,differential_evolution_bounded_direct_search,True,Maximum number of iterations has been exceeded.,0.0,2008.2698755925944,0.9212949000066146
2025-04-16,14,2008.2698755925944,36265.95682688259,36761.023494549256,-7092.415529957545,-1125.394578409094,-6364.147813780372,-1884.6665287556607,0.3808534670162338,-1.0059101475854952,-0.41402490919502766,551.6657016947045,-504.75781363991797,37312.68919624396,36256.26568090934,1056.4235153346224,316,0.816107100006775,differential_evolution_bounded_direct_search,True,Maximum number of iterations has been exceeded.,0.0,1869.6131374074062,1.0149917000089772
2025-04-17,14,1869.6131374074062,35968.801228138946,36463.86789580561,-6489.279411233477,-4485.710478978632,-775.5295067562674,-7450.400642768122,-1.1911616174449273,-0.18227162290427557,-1.4157040668661454,170.3301962873947,-626.301864695348,36634.19809209301,35837.56603111026,796.6320609827426,316,0.793288400003803,differential_evolution_bounded_direct_search,True,Maximum number of iterations has been exceeded.,0.0,1944.676807232802,1.1134466999938013
2025-04-18,14,1944.676807232802,13648.779338015347,14143.846005682011,-742.916776155932,-5658.519715452193,-1721.1077759260477,-2276.0091035978435,1.3980588732349637,-0.059944646291449466,0.07193225476101572,-591.9167374737539,-809.105557084373,13551.929268208258,13334.740448597639,217.18881961061913,316,0.5677067999931751,differential_evolution_bounded_direct_search,True,Maximum number of iterations has been exceeded.,0.0,2361.1834081269853,0.7331162000045879
2025-04-19,14,2361.1834081269853,13073.22471921833,13568.291386884997,-2060.952553516004,-3244.5272303181428,-2062.6462840898216,-9481.095632001634,-1.6934157788566693,0.31537247451503836,0.8796065439318812,-589.5297592255478,-820.2209943517595,12978.761627659449,12748.070392533238,230.69123512621172,316,0.5212193000043044,differential_evolution_bounded_direct_search,True,Maximum number of iterations has been exceeded.,0.0,2119.267185899469,0.6891124999965541
2025-04-20,14,2119.267185899469,35384.46144251532,35879.528110182,-5678.560573805562,-2860.6564662693736,-794.2328550218879,-1819.8850933461301,1.3655656489729973,1.8109532376380781,1.7012050425555487,88.77884697270075,-706.8796492668165,35968.3069571547,35172.64846091518,795.6584962395173,316,0.6331864000094356,differential_evolution_bounded_direct_search,True,Maximum number of iterations has been exceeded.,0.0,2060.647420957674,0.683448199997656
2025-04-21,14,2060.647420957674,35571.45229531689,36066.51896298355,-6196.087468483661,-3938.24932399769,-711.5695776700051,-2732.8226638531246,-0.8164332479275873,-1.07551684178019,-1.539896582640233,96.49850196792497,-727.2140964145186,36163.017464951474,35339.30486656903,823.7125983824436,316,0.960202099988237,differential_evolution_bounded_direct_search,True,Maximum number of iterations has been exceeded.,0.0,1702.5366285555544,1.398327299990342
2025-04-22,14,1702.5366285555544,35050.55557897069,35545.62224663736,-2517.9178304389784,-1018.2478566046456,-4565.759647311921,-7702.194382944835,0.7378068784602774,1.640830741905066,0.06557864090963061,12.564232062220713,-718.6330601728254,35558.18647869958,34826.98918646453,731.1972922350461,316,0.5634444000024814,differential_evolution_bounded_direct_search,True,Maximum number of iterations has been exceeded.,0.0,1751.8810458836012,0.8101388000068255
2025-04-23,14,1751.8810458836012,35365.323258005,35860.3899256717,-4578.149296792915,-7310.755086394812,-705.8915994675207,-1621.671893629463,0.08090110937167205,-0.23776678471470047,-1.1102752140668488,128.7393108773169,-703.9944583570638,35989.129236549015,35156.395467314636,832.7337692343807,316,0.6382067000085954,differential_evolution_bounded_direct_search,True,Maximum number of iterations has been exceeded.,0.0,2057.8272405714283,0.8813528000027873
2025-04-24,14,2057.8272405714283,34546.936275997534,35042.00294366419,-3002.6386190024846,-4496.566344382642,-6991.456530987644,-6617.07445071598,0.21037306196234695,0.5443962191813227,0.603738857375002,-5.918326839828865,-754.8642189032146,35036.084616824366,34287.138724760975,748.9458920633857,316,0.4512034999934258,differential_evolution_bounded_direct_search,True,Maximum number of iterations has been exceeded.,0.0,1834.5482764867754,0.7060163000132889
2025-04-25,14,1834.5482764867754,12568.558804434564,13063.625472101234,-144.25727203761733,-4089.181818509981,-9331.550769625164,-4728.4699209407445,0.6671238220766025,-0.42101702072218083,-0.8908543791670991,-638.0026497658147,-817.1866522653262,12425.62282233542,12246.438819835908,179.1840024995115,316,0.7279723999963608,differential_evolution_bounded_direct_search,True,Maximum number of iterations has been exceeded.,0.0,1638.2218209100547,0.9147804999956861
2025-04-26,14,1638.2218209100547,12612.357757161895,13107.424424828561,-6765.326247693154,-7953.93803393165,-3447.1202014175633,-6548.481034518968,-0.9286711147017541,1.6496516493295434,-1.6395097351872687,-634.9834411411323,-804.1039413440894,12472.44098368743,12303.320483484473,169.12050020295715,316,0.8655443000025116,differential_evolution_bounded_direct_search,True,Maximum number of iterations has been exceeded.,0.0,1476.7731199629661,1.1930202999938047
2025-04-27,14,1476.7731199629661,32813.22458574684,33308.291253413496,-6207.620762040226,-5910.215012595288,-243.26774228161554,-243.22948493268086,-1.122951887092094,0.44365850921833294,0.6141392092930711,-186.5891411202054,-704.1286072595711,33121.70211229329,32604.162646153924,517.5394661393657,316,0.7224446000036551,differential_evolution_bounded_direct_search,True,Maximum number of iterations has been exceeded.,3023.8386032669764,1503.1392786515758,0.8983115000010002
2025-04-28,14,1503.1392786515758,33506.70035701482,34001.767024681496,-5215.803962234981,-1742.8713246458615,-340.03383723254643,-2855.420875353295,0.18478570849779485,1.220341470965165,0.14377370270348555,-148.5411029329603,-519.213654103885,33853.22592174853,33482.55337057761,370.6725511709247,316,0.711765000000014,differential_evolution_bounded_direct_search,True,Maximum number of iterations has been exceeded.,25255.216841271096,1691.1084732592597,0.782295900004101
2025-04-29,14,1691.1084732592597,33927.849701661864,34422.91636932854,-8190.668564238129,-1850.0072078726873,-402.7452126483439,-389.9098330415534,-1.283479409282766,-1.5083026769808188,0.30197295972989835,1495.891255361585,1051.9530628367463,35918.807624690126,35474.86943216528,443.93819252483877,316,0.7400373000127729,differential_evolution_bounded_direct_search,True,Maximum number of iterations has been exceeded.,1579.907908579351,1893.6688596666672,0.9714512000064133
2025-04-30,14,1893.6688596666672,33728.90245464348,34223.96912231014,-9442.903331050597,-6420.082036878688,-291.3507487106664,-1415.8922067094202,1.1759425489157542,-0.8749162877895609,-1.499321417058277,1511.0479659866492,1057.3111911781768,35735.01708829679,35281.280313488314,453.7367748084723,316,1.0141337000095518,differential_evolution_bounded_direct_search,True,Maximum number of iterations has been exceeded.,266.52465937856556,1516.819606592593,1.18768600000476
2025-05-01,14,1516.819606592593,33594.456481730995,34089.52314939767,-7086.9520415032675,-5224.538562079007,-307.34363363501063,-682.0436917841874,0.7732564758535871,-0.18705950080358358,1.2987355551478603,1533.251240524139,1050.3469646879184,35622.774389921804,35139.870114085585,482.90427583622045,316,0.5198643999901833,differential_evolution_bounded_direct_search,True,Maximum number of iterations has been exceeded.,11361.824419648969,1221.8139,0.6874021999974502
2025-05-02,14,1221.8139,13192.22584157506,13687.29250924173,-2417.739356137074,-5954.483665370879,-8644.534083500186,-537.3031434554725,0.630796595140664,0.6059238845744703,0.4089814641930203,94.40930224065025,-107.44043663332884,13781.70181148238,13579.8520726084,201.8497388739791,316,0.8369629999942845,differential_evolution_bounded_direct_search,True,Maximum number of iterations has been exceeded.,10149.360198566106,1200.0,0.8822923999978229
2025-05-03,14,1200.0,13646.80202466273,14141.86869232939,-5713.05419096599,-2873.667165549686,-284.1901389161699,-2299.7128375631396,-1.844249988696757,0.6530307247291942,1.3237986788953906,408.35733213559246,290.8159453809697,14550.226024464982,14432.68463771036,117.54138675462275,316,0.8843212999927346,differential_evolution_bounded_direct_search,True,Maximum number of iterations has been exceeded.,5826.332427051173,1275.2388711111114,1.2320881000050576
2025-05-04,14,1275.2388711111114,36021.99028629402,36517.05695396068,-7814.8946621470295,-335.7370356116526,-2716.147069252329,-1598.3782418337582,1.231555611200271,1.6864190131385302,1.6673888469593354,3235.1174089437873,2892.4483749294536,39752.174362904465,39409.50532889013,342.66903401433365,316,0.8461080999986734,differential_evolution_bounded_direct_search,True,Maximum number of iterations has been exceeded.,6451.088193422812,1272.9342,1.0356496999884257
2025-05-05,14,1272.9342,36449.59998178605,36944.666649452716,-7737.637427631115,-648.9603684095385,-1406.146394606947,-684.5839138121207,-0.756496454978183,-1.0867811311081998,1.1549416037175293,3104.9707350084095,2656.2400445259605,40049.63738446112,39600.90669397868,448.73069048244906,316,0.5397639000002528,differential_evolution_bounded_direct_search,True,Maximum number of iterations has been exceeded.,6966.0125295147,1235.8893,0.8082234000030439
2025-05-06,14,1235.8893,36682.43608905527,37177.50275672194,-288.50485836219343,-5393.704844052495,-1777.0060864018674,-948.3914818531055,0.7666351483466642,0.6764574928172786,-0.8258924120075446,2606.3547363735183,1947.650288244806,39783.85749309546,39125.15304496674,658.7044481287123,316,0.745806699997047,differential_evolution_bounded_direct_search,True,Maximum number of iterations has been exceeded.,3062.002042487768,1255.0509049259256,0.9210578000056557
2025-05-07,14,1255.0509049259256,37518.588022371914,38013.65469003859,-3363.721901140372,-1021.9203325911199,-396.2256136795254,-4771.456152758221,1.1125444434091882,1.9368894470406142,1.755015166578938,1950.7795028033815,1142.4626520617387,39964.43419284197,39156.117342100326,808.3168507416428,316,0.7614772999950219,differential_evolution_bounded_direct_search,True,Maximum number of iterations has been exceeded.,3502.4314017282127,1393.4760239999998,0.8212793999991845
2025-05-08,14,1393.4760239999998,41103.13582976119,41598.20249742786,-3250.269892319231,-5709.235728507621,-1891.2468640136933,-5931.357799379088,-0.4029381338350495,-1.4880998157382694,1.8377896408130194,1650.2371656058933,722.3126325462135,43248.43966303376,42320.515129974076,927.9245330596798,316,0.9185423000017181,differential_evolution_bounded_direct_search,True,Maximum number of iterations has been exceeded.,556.4308677666662,3264.8760345925907,1.2400665000022855
2025-05-09,14,3264.8760345925907,16862.866942000728,17357.933609667394,-7807.0151736539065,-3795.556804639551,-3553.907622508197,-3277.512955569877,0.48514982890264413,0.3590807321583034,-1.6727386354942335,-578.3493761111532,-905.6224916957091,16779.58423355624,16452.311117971683,327.27311558455585,316,0.7193604000058258,differential_evolution_bounded_direct_search,True,Maximum number of iterations has been exceeded.,0.0,3961.5597552010577,0.9143451999989338
2025-05-10,14,3961.5597552010577,16655.1021881947,17150.168855861368,-2886.164660326716,-7552.416697977756,-1361.6350307667794,-210.28961293157238,1.3367682096095983,-0.8970974479181382,-1.4850316569697533,-589.9108921593106,-915.4609936452338,16560.257963702057,16234.707862216133,325.55010148592316,316,0.6582201999990502,differential_evolution_bounded_direct_search,True,Maximum number of iterations has been exceeded.,0.0,3632.7053509947073,0.7003297999908682
2025-05-11,14,3632.7053509947073,40711.15171548395,41206.218383150604,-4335.338427979145,-1533.455083017207,-1529.309892738386,-8124.806392782888,-1.6595352811098671,-1.5289805532505274,0.34219767141880153,954.0588467568422,251.01269920241742,42160.27722990745,41457.23108235302,703.0461475544248,316,0.5380303999991156,differential_evolution_bounded_direct_search,True,Maximum number of iterations has been exceeded.,185.28330416666628,3219.351543613756,0.7776383000018541
2025-05-12,14,3219.351543613756,41062.928627201225,41557.99529486787,-9366.308293632717,-2243.3666830635366,-1700.5724214406855,-2104.6124837934094,-0.794124121761592,-0.14178984932758976,1.194578177953935,1069.6641785582112,260.1054970191065,42627.65947342608,41818.10079188697,809.5586815391048,316,1.0316355999966618,differential_evolution_bounded_direct_search,True,Maximum number of iterations has been exceeded.,0.0,3403.1835196455036,1.3231864999979734
2025-05-13,14,3403.1835196455036,40581.344799860875,41076.41146752755,-2681.1423896908886,-2587.9736967584595,-830.1942047106177,-3502.8398341573024,0.394503886842664,-1.0931012718171473,0.33141336556897993,1180.0465990401706,429.6407987041869,42256.45806656772,41506.05226623174,750.4058003359837,316,0.7624519999953918,differential_evolution_bounded_direct_search,True,Maximum number of iterations has been exceeded.,0.0,3568.4361755714285,1.0384124999982305
2025-05-14,14,3568.4361755714285,40673.043337393065,41168.11000505972,-4598.594485790467,-1288.7720194119026,-229.56279580017593,-8121.052147232419,1.0416644644400987,-1.0168162739270077,-1.119864034539848,1202.8102218943575,499.8571775428956,42370.920226954084,41667.96718260262,702.9530443514618,316,0.646682000005967,differential_evolution_bounded_direct_search,True,Maximum number of iterations has been exceeded.,0.0,3504.3793000423275,0.7188612000027206
2025-05-15,14,3504.3793000423275,40050.52162498083,40545.58829264747,-461.4417245012163,-1935.5559556430485,-275.54011222952613,-5668.654770072591,0.23135325859980105,-0.5502292815173677,-0.645929563779085,1262.5305950728537,550.7145554382652,41808.118887720324,41096.30284808574,711.8160396345885,316,0.5340757999947527,differential_evolution_bounded_direct_search,True,Maximum number of iterations has been exceeded.,0.0,3859.00843689418,0.8121813999896403
2025-05-16,14,3859.00843689418,15695.917500223111,16190.984167889781,-5193.8356708603005,-3986.4981491345584,-2388.632789868594,-167.11749914021752,-1.7045735639642143,0.419466290755091,-0.9457663422953047,-423.17806282863205,-663.6449596239888,15767.806105061149,15527.339208265792,240.46689679535677,316,0.48564189999888185,differential_evolution_bounded_direct_search,True,Maximum number of iterations has been exceeded.,0.0,2913.6131782539737,0.6826173000008566
2025-05-17,14,2913.6131782539737,15952.49592788175,16447.562595548414,-3518.845089942867,-4659.183892254339,-7431.823878155423,-86.90598815748203,-0.8989718527361745,-0.6345497109384555,0.8008591367315545,-275.512489205097,-416.4054744554248,16172.050106343317,16031.157121092989,140.8929852503278,316,0.6953102999978,differential_evolution_bounded_direct_search,True,Maximum number of iterations has been exceeded.,0.0,3071.383904465605,0.8495298000052571
2025-05-18,14,3071.383904465605,38358.840400360685,38853.90706802736,-2013.3711095759306,-6668.580210742435,-502.45376712930465,-26.865360764170276,1.3352725215510768,-1.8382038360370656,1.064675994959885,1030.283533261124,28.947103650149707,39884.19060128848,38882.85417167751,1001.3364296109742,316,0.8783285999961663,differential_evolution_bounded_direct_search,True,Maximum number of iterations has been exceeded.,0.0,3029.32141062963,1.1664539000048535
2025-05-19,14,3029.32141062963,37534.42289005831,38029.489557725,-9284.769614131957,-5423.957847743163,-3723.929609060056,-121.4960114753751,-0.6492837458436806,-0.4223339565485338,1.2214251153932687,988.9907507454451,251.22679841313382,39018.48030847045,38280.71635613813,737.7639523323113,316,0.773095700002159,differential_evolution_bounded_direct_search,True,Maximum number of iterations has been exceeded.,0.0,2249.9502475291015,1.0130187000031583
2025-05-20,14,2249.9502475291015,36922.70722703139,37417.773894698075,-4747.5584562096155,-7585.015578016913,-4248.50082230469,-59.234186276662726,1.4822510873973207,-1.3836799746998845,-1.0404349764046956,1150.0378692919908,277.2052208164118,38567.81176399007,37694.979115514485,872.8326484755789,316,0.6595070000039414,differential_evolution_bounded_direct_search,True,Maximum number of iterations has been exceeded.,0.0,2118.6442122063504,0.7396539999899687
2025-05-21,14,2118.6442122063504,36929.761406588135,37424.828074254794,-2012.8834696902775,-8441.384436294682,-6174.92543377947,-246.817404922038,1.3477706712412028,0.7067558164298147,0.08901024957958681,1108.1442121229823,-2.1153742965322357,38532.97228637778,37422.71269995826,1110.2595864195146,316,0.6535997999890242,differential_evolution_bounded_direct_search,True,Maximum number of iterations has been exceeded.,0.0,2012.979120470902,0.8348216000013053
2025-05-22,14,2012.979120470902,35883.19814406584,36378.2648117325,-3342.303759975006,-1142.548916550746,-9370.806921590243,-1357.6131391057017,0.3328518913060554,0.990796687354841,-0.5343935718671824,735.1780509567517,-758.5526436837972,37113.442862689255,35619.7121680487,1493.7306946405488,316,0.8197614999953657,differential_evolution_bounded_direct_search,True,Maximum number of iterations has been exceeded.,0.0,2082.8260312804255,1.2250339000020176
2025-05-23,14,2082.8260312804255,14320.668129610754,14815.734797277422,-5963.125047358476,-6215.733000171282,-5416.64250860015,-6529.153654675646,-0.4464950653699331,1.7139739648501506,-0.8892369030949054,-602.4017695396706,-938.2780740797895,14213.333027737752,13877.456723197633,335.8763045401189,316,0.5150546000077156,differential_evolution_bounded_direct_search,True,Maximum number of iterations has been exceeded.,0.0,2499.7147477883614,0.7699400999990758
2025-05-24,14,2499.7147477883614,14700.293269367688,15195.359937034353,-4976.2899233186345,-9076.116305657346,-6678.461170759317,-3754.8401325263685,0.6816117903970467,1.3757749090869238,0.09467057946420798,-562.5790197257226,-945.0703650644265,14632.78091730863,14250.289571969926,382.4913453387039,316,0.5464145000005374,differential_evolution_bounded_direct_search,True,Maximum number of iterations has been exceeded.,0.0,2622.4457918888875,0.8409925000014482
2025-05-25,14,2622.4457918888875,35398.204769019874,35893.27143668654,-498.0487754178071,-5889.8440647111875,-4972.931140297361,-693.4993344824925,0.5198473671925896,1.851498455243842,1.8190798121817306,458.01785903045266,-822.4931348825774,36351.28929571699,35070.77830180396,1280.51099391303,316,0.6603237999952398,differential_evolution_bounded_direct_search,True,Maximum number of iterations has been exceeded.,84.05219626666586,2068.524875751325,0.7302234000089811
2025-05-26,14,2068.524875751325,35113.99308139503,35609.05974906169,-3848.703785846523,-5350.777554687449,-6986.649777041308,-4209.194671343314,-0.7767017907230576,0.5411307133272714,-0.6697813264776489,202.29538896876076,-783.3983552320468,35811.355138030456,34825.66139382964,985.6937442008076,316,0.7550821999902837,differential_evolution_bounded_direct_search,True,Maximum number of iterations has been exceeded.,3826.1528073167183,1729.2168842222218,1.0076302999950713
2025-05-27,14,1729.2168842222218,36316.6297315657,36811.69639923236,-8092.194398072473,-577.6261953262924,-935.9893072782853,-5783.983186040732,-1.6985934506302574,0.09555439207474326,-1.3058577915014573,730.604612275821,-497.0166637122625,37542.30101150818,36314.6797355201,1227.6212759880834,316,0.7024213999975473,differential_evolution_bounded_direct_search,True,Maximum number of iterations has been exceeded.,0.0,2080.4817844126983,0.8856726999947568
2025-05-28,14,2080.4817844126983,35640.586634430234,36135.65330209691,-1763.942244913552,-444.10323576599035,-1637.0229647857468,-7245.396559360549,-0.7792734317824361,-1.1328014961919526,1.8868190604905628,688.9553475619938,-519.143573006397,36824.6086496589,35616.50972909051,1208.098920568391,316,0.7425969000032637,differential_evolution_bounded_direct_search,True,Maximum number of iterations has been exceeded.,0.0,2313.951986804233,1.0172347000043374
2025-05-29,14,2313.951986804233,35486.11545947698,35981.18212714365,-1610.091589025551,-1509.0606127020344,-5069.941044009162,-3857.0080339393494,-1.5919922033423968,-1.4260487921212721,0.12708302698956064,449.1053664711286,-788.6417298492134,36430.28749361478,35192.54039729443,1237.747096320342,316,0.6640137000067625,differential_evolution_bounded_direct_search,True,Maximum number of iterations has been exceeded.,120.47257548333367,1792.2945470476188,0.7328789000021061
2025-05-30,14,1792.2945470476188,14404.146590199762,14899.213257866428,-2364.322886997556,-8213.442768309023,-1478.640930386186,-7604.609886452227,-1.6804499192981694,1.8174958344062762,0.3460015450108429,-606.2877648816876,-934.6280315624748,14292.92549298474,13964.585226303952,328.3402666807872,316,0.7849194000009447,differential_evolution_bounded_direct_search,True,Optimization terminated successfully.,0.0,1997.4808670582024,1.0285530999972252
2025-05-31,14,1997.4808670582024,14500.789325926826,14995.855993593494,-5033.566544521397,-437.5624577976982,-9557.152051466466,-447.1995534396132,-1.1307320841850996,1.0678097584044912,-0.4910622141508558,-566.8410271973343,-925.703875685583,14429.01496639616,14070.15211790791,358.8628484882487,316,0.9235282000008738,differential_evolution_bounded_direct_search,True,Maximum number of iterations has been exceeded.,0.0,2369.6430200105797,0.9683949999889592
2025-06-01,14,2369.6430200105797,37006.88269039704,37501.94935806371,-638.6364815298186,-3803.221112374559,-8872.94215190828,-7421.71101921834,-0.28115180646512083,-1.083882626221408,0.5906914256817068,463.48008030764805,-717.7417289970089,37965.429438371364,36784.2076290667,1181.221809304657,316,0.856685999999172,differential_evolution_bounded_direct_search,True,Maximum number of iterations has been exceeded.,69414.3948462393,1200.0,1.0648777000023983
2025-06-02,14,1200.0,39024.36561147107,39519.43227913771,-432.61584388674237,-1419.6699726128056,-1549.5903910119978,-154.2554660823626,-1.0860782994873195,-1.0702954320560227,-1.0440623370030455,3710.270558212536,2950.720936857161,43229.70283735025,42470.15321599488,759.5496213553747,316,0.9965209999936633,differential_evolution_bounded_direct_search,True,Maximum number of iterations has been exceeded.,35956.0169132692,1200.0,1.3231492999912007
2025-06-03,14,1200.0,41006.973654436406,41502.04032210306,104.71895395470341,-3941.233700259457,-184.90233797879938,-6142.847644751476,1.1540532454335617,-0.7886677216326268,-0.9602030953974552,4998.841522277556,4422.649502180972,46500.881844380616,45924.68982428403,576.1920200965833,316,0.862819899994065,differential_evolution_bounded_direct_search,True,Maximum number of iterations has been exceeded.,19803.062458506083,1200.0,1.297137700006715
2025-06-04,14,1200.0,43150.61884619936,43645.685513866,0.0,-1941.2594369641824,-236.6999690386262,-1236.0849072339693,0.0,0.0,-0.26971691147340415,4407.222812077629,4081.4344346790504,48052.90832594363,47727.119948545056,325.78837739857863,316,1.2071209999994608,differential_evolution_bounded_direct_search,True,Maximum number of iterations has been exceeded.,11685.005944354973,1208.55,1.5622874999971827
2025-06-05,14,1208.55,46083.155710141415,46578.22237780808,-8859.033355947326,-5949.709720272604,0.0,0.0,1.6209645550651448,-1.3165293578153137,-1.447541982755616,3462.19362064861,2931.8982051828602,50040.415998456694,49510.12058299094,530.2954154657496,316,1.6265490999940084,differential_evolution_bounded_direct_search,True,Maximum number of iterations has been exceeded.,5593.655730204293,1200.0,1.9149219999962952
2025-06-06,14,1200.0,18511.9767523259,19007.043419992573,-7971.230059079171,-5936.319806631294,0.0,0.0,0.0,0.6325937462518016,-0.36426248066843314,475.0841833749532,434.6397043194292,19482.127603367528,19441.683124312003,40.44447905552403,316,2.211670000004233,differential_evolution_bounded_direct_search,True,Maximum number of iterations has been exceeded.,10211.123552397536,1247.0105429999999,2.509405200005858
2025-06-07,14,1247.0105429999999,19990.43569922583,20485.502366892484,-5070.436008713321,-2765.9966850121505,7970.248757828163,-256.37409056532545,1.7185036179505153,1.5996555306385982,0.6811146552994276,327.7499581858127,211.23011608665226,20813.252325078298,20696.732482979136,116.51984209916046,316,1.3967052000080002,differential_evolution_bounded_direct_search,True,Maximum number of iterations has been exceeded.,2609.9652036680445,1482.2010141481478,2.12922499999695
2025-06-08,14,1482.2010141481478,59459.469262486324,59954.535930152975,-1756.8593647346922,-5065.173373287496,-114.92655519071278,-2477.368914486456,0.7742377037559889,-1.6618474097001823,0.742560939847325,1461.371291113541,817.9950349061454,61415.90722126652,60772.53096505912,643.3762562073956,316,1.1274418000102742,differential_evolution_bounded_direct_search,True,Maximum number of iterations has been exceeded.,0.0,4279.238013560846,1.5253106999880401
2025-06-09,14,4279.238013560846,57261.940700468345,57757.00736813502,-1677.0435256078326,-6195.065127219014,-102.90954679589888,-8790.547182442177,-0.5884197966252829,-1.7653403034701007,1.3439855944478132,1433.751211211022,831.4411079254803,59190.75857934604,58588.4484760605,602.3101032855418,316,1.7497858999995515,differential_evolution_bounded_direct_search,True,Maximum number of iterations has been exceeded.,0.0,4276.525565068782,2.3157173999934457
2025-06-10,14,4276.525565068782,57316.66779698505,57811.73446465171,-4056.8822912005276,-1936.4531629338433,-282.1967574221326,-4219.7527737366545,-0.612881590090367,-0.9540835114802522,0.255369160315988,1644.1267821336603,949.6968935021376,59455.86124678537,58761.431358153844,694.4298886315227,316,1.4959214999980759,differential_evolution_bounded_direct_search,True,Maximum number of iterations has been exceeded.,0.0,4041.767060021165,2.497053200000664
2025-06-11,14,4041.767060021165,57834.404607286895,58329.47127495356,-8688.730469517279,-6781.0802736256655,-218.6316446571908,-421.8525618134571,-1.044053854585944,-1.8380213721381515,-0.4275641894354152,1643.5953484120241,933.217760199853,59973.06662336559,59262.68903515342,710.3775882121711,316,1.9707341000030283,differential_evolution_bounded_direct_search,True,Maximum number of iterations has been exceeded.,0.0,4332.608058148149,2.917284800001653
2025-06-12,14,4332.608058148149,58852.092406450494,59347.15907411717,-2556.9434120261903,-4816.206285854723,-151.5001445765968,-4453.36808814236,-0.027112328160081578,-1.741768121712592,1.400212790971362,1526.7274217426354,895.7239287193014,60873.886495859806,60242.88300283647,631.003493023334,316,2.244997700006934,differential_evolution_bounded_direct_search,True,Maximum number of iterations has been exceeded.,0.0,4687.138197248676,3.2739675999910105
2025-06-13,14,4687.138197248676,26353.955481178877,26849.022148845535,-3989.826799990406,-4318.395208673768,-21.89249559216364,-221.08468562802096,1.4391693080192112,-0.496927391721784,-0.602548667086579,521.1459018886882,298.2910442403385,27370.168050734224,27147.313193085873,222.85485764834965,316,1.0526064000005135,differential_evolution_bounded_direct_search,True,Maximum number of iterations has been exceeded.,0.0,4582.516079444444,1.6032855000084965
2025-06-14,14,4582.516079444444,26480.02204536305,26975.088713029712,-8030.653560634625,-6375.7606894282535,-76.56385871514537,-4611.702615668077,1.393712851432313,-0.9676769365413644,-0.11608051097293082,603.7638849321664,307.08033221994367,27578.85259796188,27282.169045249655,296.68355271222276,316,0.7771830999990925,differential_evolution_bounded_direct_search,True,Maximum number of iterations has been exceeded.,0.0,4265.028118941801,1.2041305000020657
2025-06-15,14,4265.028118941801,58408.94135612133,58904.00802378802,-6850.256356603233,-4317.902795768704,-166.99273733276493,-2573.3764169386072,1.0449918118186439,-1.5845270768565403,0.06923090057587356,1579.3103443941286,875.5447853553851,60483.31836818215,59779.5528091434,703.7655590387435,316,0.715209700007108,differential_evolution_bounded_direct_search,True,Maximum number of iterations has been exceeded.,0.0,4685.1712300582,0.919725700005074
2025-06-16,14,4685.1712300582,57603.65399979773,58098.7206674644,-3734.958507160865,-1707.0452149146415,-360.80760168685515,-683.0031779477196,-1.568166303087481,-1.4482827518819463,0.18904722006887198,1626.9089892869056,988.6386323574361,59725.629656751305,59087.35929982183,638.2703569294695,316,1.8375583000015467,differential_evolution_bounded_direct_search,True,Maximum number of iterations has been exceeded.,0.0,4333.545842687831,2.2899342000018805
2025-06-17,14,4333.545842687831,55806.18322588305,56301.24989354974,-8630.926382157259,-1422.365065803985,-270.77249747654616,-149.83693048185955,0.9751749314414542,0.37651939389943356,-0.5753797007317012,2186.745831781506,1645.7766343720727,58487.995725331246,57947.026527921815,540.969197409433,316,0.8181808000081219,differential_evolution_bounded_direct_search,True,Maximum number of iterations has been exceeded.,1699.3032083008868,3645.3964657513234,1.1556892000080552
2025-06-18,14,3645.3964657513234,56152.22040776693,56647.28707543362,-3734.502146574074,-5324.5348672021455,-135.2014520343797,-157.71976975153805,0.6202634744695201,-1.1943711686155074,1.5353056443506299,3032.912330330528,2452.7357161748973,59680.19940576415,59100.02279160851,580.1766141556309,316,0.6428733999928227,differential_evolution_bounded_direct_search,True,Maximum number of iterations has been exceeded.,0.0,3606.0200452751355,0.8399040000076639
2025-06-19,14,3606.0200452751355,53872.19024679514,54367.25691446179,-356.72405759072063,-5606.504991103697,-602.4979537442207,-407.52805047552874,-1.4974589687076825,0.39245869527714294,-0.19681483924415044,4426.891354147729,3917.990778122855,58794.14826860952,58285.24769258464,508.90057602487377,316,0.9956974000087939,differential_evolution_bounded_direct_search,True,Maximum number of iterations has been exceeded.,279.5028349473811,2835.9527203862435,1.252230199999758
2025-06-20,14,2835.9527203862435,20978.965230428115,21474.03189809478,554.202063347342,-1701.9844040084922,-1636.763568118046,-450.1281311391654,-1.770113112796401,0.8967488873868819,-1.0692017546554253,3951.4171477510317,3703.361341988936,25425.449045845813,25177.39324008372,248.0558057620956,316,0.721300400007749,differential_evolution_bounded_direct_search,True,Maximum number of iterations has been exceeded.,172.29972370833374,2814.408590201056,0.9623368000029586
2025-06-21,14,2814.408590201056,20380.41263350106,20875.479301167725,593.7668643383603,-1690.0715968282866,-107.17171966152037,-85.72971117718708,0.31187640154897345,-1.1960268910153862,0.6789250291811371,1483.4508502510873,1281.2792558541348,22358.930151418812,22156.758557021858,202.17159439695251,316,0.6641385999973863,differential_evolution_bounded_direct_search,True,Maximum number of iterations has been exceeded.,368.5502156083999,3037.712589269845,0.9648733000067296
2025-06-22,14,3037.712589269845,48030.5460597152,48525.61272738186,-1152.7829961780196,-1979.530370313255,-673.1459599098808,-2997.418672221337,-0.08323111326600108,0.582918367467693,-0.005087362715570309,1646.3513714949277,580.8891915083638,50171.964098876786,49106.50191889022,1065.462179986564,316,0.9849992999952519,differential_evolution_bounded_direct_search,True,Maximum number of iterations has been exceeded.,428.4726232099991,2008.9769229365074,1.1743165999941994
2025-06-23,14,2008.9769229365074,48544.52200495124,49039.588672617916,-4020.1408269155386,-2104.573864147185,-725.5330299827211,-9322.150043995909,-0.2602173690149947,0.3526526196173849,1.6826503864292617,1532.187517002225,439.1479110344114,50571.77618962014,49478.736583652324,1093.0396059678135,316,0.601670699994429,differential_evolution_bounded_direct_search,True,Maximum number of iterations has been exceeded.,95.25551091428505,1824.8021167724885,0.8684654000098817
2025-06-24,14,1824.8021167724885,47918.97217176466,48414.038839431334,-2675.8846844266736,-2339.415958008497,-693.0366564641399,-4838.058319236471,-0.6320890058803377,0.9104332728726634,-1.5263940947416241,1506.921195526704,288.2785348741305,49920.960034958036,48702.317374305465,1218.6426606525733,316,1.0236801999999443,differential_evolution_bounded_direct_search,True,Maximum number of iterations has been exceeded.,17474.050123711175,1885.2961390390728,1.1960709999984829
2025-06-25,14,1885.2961390390728,48217.37217582254,48712.4388434892,-2871.0397944800293,-2402.5788730002,-833.3655852064194,-7615.642183884271,0.6025490171070951,0.527033380208334,-0.46265595297396134,2206.048758709668,997.4036333853422,50918.48760219887,49709.842476874546,1208.6451253243258,316,0.7603119999985211,differential_evolution_bounded_direct_search,True,Maximum number of iterations has been exceeded.,80.4152326611918,1915.573190867724,1.1207208999985596
2025-06-26,14,1915.573190867724,48490.683017428324,48985.749685095,-3002.337714113517,-4819.74378941995,-733.2428651761433,-6239.724016667806,-0.18743105918752168,-0.20240605660098576,-1.283051611081361,1993.485351733262,809.0266220931951,50979.23503682826,49794.77630718819,1184.4587296400668,316,0.4412179999926593,differential_evolution_bounded_direct_search,True,Maximum number of iterations has been exceeded.,478.34361756761723,1755.3442784920649,0.704535400000168
2025-06-27,14,1755.3442784920649,18778.938736857304,19274.00540452397,-2639.6800659713012,-5588.773734781959,-1759.30748369993,-703.7965453635564,-0.5855321153390305,-1.3264625493461115,1.2694004087040267,-445.20560785649195,-878.6555194192754,18828.799796667477,18395.349885104693,433.4499115627834,316,1.088328800004092,differential_evolution_bounded_direct_search,True,Maximum number of iterations has been exceeded.,0.0,2191.036116444444,1.6145672999991802
2025-06-28,14,2191.036116444444,18473.059142059225,18968.125809725883,-8906.400320450772,-1624.5612307297438,-8042.8134230733285,-1010.4896087101796,-1.003208612606421,-1.1893012477062501,0.053792213320463134,-464.02563308954353,-877.2954350919357,18504.10017663634,18090.830374633948,413.26980200239217,316,1.4239725000079488,differential_evolution_bounded_direct_search,True,Maximum number of iterations has been exceeded.,0.0,1948.8512049629612,1.602433199994266
2025-06-29,14,1948.8512049629612,47585.996746343866,48081.063414010525,-8420.478083106287,-8924.859259684472,-741.8353855457794,-4881.0031661490275,-1.0720559259009268,1.0040335651253467,-1.4985457794216566,1833.289945021204,780.7401285458725,49914.35335903173,48861.803542556394,1052.5498164753315,316,0.9305741999996826,differential_evolution_bounded_direct_search,True,Maximum number of iterations has been exceeded.,126.77159498023866,2096.0551251058196,1.1034881999948993
2025-06-30,14,2096.0551251058196,48235.794934264915,48730.86160193157,-7331.783348935638,-9363.252406999103,-778.8467974490061,-3771.200166033908,-0.7724836576295742,1.2391295610203663,0.19657262632713435,1864.8099289269906,754.3174380543024,50595.671530858555,49485.17903998587,1110.492490872688,316,0.5586681999993743,differential_evolution_bounded_direct_search,True,Maximum number of iterations has been exceeded.,175.02522746833256,1784.913905269843,0.6903925000078743
2025-07-01,14,1784.913905269843,48883.05054124167,49378.117208908334,-7839.7860460216725,-564.295573844155,-800.66374438961,-615.6176357996366,-1.739900374934888,1.121899193268514,0.41894055170045874,2005.392560080982,750.3946965100771,51383.509768989315,50128.51190541841,1254.9978635709049,316,0.6668924999976298,differential_evolution_bounded_direct_search,True,Maximum number of iterations has been exceeded.,25687.122656318697,1200.0,0.88460479999776
2025-07-02,14,1200.0,47595.946620168535,48091.01328783519,-925.7261983476219,-9298.390179878405,-885.7731328917847,-1131.426273021391,-0.2223710992365837,0.35906904927082683,0.4141347932638184,3128.0772771343068,1751.6390820026932,51219.09056496949,49842.65236983788,1376.4381951316136,316,0.586620000001858,differential_evolution_bounded_direct_search,True,Maximum number of iterations has been exceeded.,22303.013165736942,1200.0,0.7416115999949398
2025-07-03,14,1200.0,47508.168747286756,48003.235414953444,-8274.250263241724,-2796.102262226722,-1094.2483877859484,-8926.777230835085,0.8465016291646497,-1.1129388189982095,-0.8788647201857771,3954.9939423896785,2393.8890866011247,51958.22935734312,50397.12450155457,1561.1048557885538,316,0.9020901000039885,differential_evolution_bounded_direct_search,True,Maximum number of iterations has been exceeded.,35077.80432631596,1210.7796539999997,1.0556417000043439
2025-07-04,14,1210.7796539999997,20721.55633108513,21216.622998751798,-272.6537057957024,-5327.936035793364,8936.582394032754,-4581.490533910664,-0.47217891364737063,-1.5941960397420882,-1.569893411792841,1795.2178248386324,1751.7100036049494,23011.84082359043,22968.333002356747,43.50782123368299,316,0.42869810000411235,differential_evolution_bounded_direct_search,True,Maximum number of iterations has been exceeded.,18528.51433269812,1200.0,0.7298358000116423
2025-07-05,14,1200.0,22166.253803324475,22661.32047099114,-338.8530940311881,-8356.857124040685,0.0,-3937.238530491781,-0.6170662499167852,0.9700307010298355,1.9090316309836521,990.3670525436747,887.1150580747508,23651.687523534816,23548.435529065893,103.25199446892395,316,1.0340321999974549,differential_evolution_bounded_direct_search,True,Maximum number of iterations has been exceeded.,12534.93190693873,1227.8018999999997,1.2491722999984631
2025-07-06,14,1227.8018999999997,49698.03926756964,50193.10593523631,-4601.417148989838,-6937.168051181756,-5773.786844238643,-35.52706206253298,-1.1722418535765127,1.0731864080305455,-1.0491135582069555,1935.3795874867276,696.9817009447327,52128.48552272304,50890.087636181044,1238.397886541995,316,0.6087276000034763,differential_evolution_bounded_direct_search,True,Maximum number of iterations has been exceeded.,27672.41687543832,1200.0,0.8461392000026535
2025-07-07,14,1200.0,49961.51841316603,50456.58508083269,-3208.985588998918,-4923.328889364968,-1648.6459028592676,-5281.650980114334,1.8807489760366574,0.40904660435221185,0.3231050400204212,2101.2199570437556,1108.8330806820973,52557.805037876446,51565.41816151478,992.3868763616583,316,0.440383599998313,differential_evolution_bounded_direct_search,True,Maximum number of iterations has been exceeded.,2086.47167180381,1476.7770921111112,0.6332131999952253
2025-07-08,14,1476.7770921111112,60335.35336794757,60830.42003561427,-9398.692867320406,-1478.5692596473882,-1262.5291122746685,-449.926491441969,1.6174056482581243,0.37600419311209166,-1.28635903103102,2035.481366348213,1076.5407439951434,62865.90140196248,61906.96077960941,958.9406223530696,316,0.4610102000006009,differential_evolution_bounded_direct_search,True,Maximum number of iterations has been exceeded.,0.0,4687.401246703702,0.5280698999995366
2025-07-09,14,4687.401246703702,57891.08228945077,58386.14895711746,-8851.577576203928,-5208.348127910856,-60.855368675131416,-3355.7477783003887,-0.23961430896744784,-1.7236650112492595,1.0282586375212621,1111.79146751695,392.1713527187093,59497.94042463441,58778.32030983617,719.6201147982407,316,1.0705205999984173,differential_evolution_bounded_direct_search,True,Maximum number of iterations has been exceeded.,0.0,4937.583039269841,1.1899850000045262
2025-07-10,14,4937.583039269841,58362.084680816755,58857.151348483414,-3583.389214557981,-4330.051083271954,-282.61730483397116,-8128.890411194597,-1.0347201819432268,0.6529047091537326,-0.1409193749530684,1162.1776662524842,482.6351867073284,60019.3290147359,59339.786535190746,679.5424795451559,316,0.6024000000033993,differential_evolution_bounded_direct_search,True,Maximum number of iterations has been exceeded.,0.0,4668.666590671957,0.6544194000016432
2025-07-11,14,4668.666590671957,30555.239895933053,31050.306563599726,-1857.8169917388195,-7609.944433428292,-95.36138612347003,-4207.634931497494,0.14005243770143316,-0.31950382293591906,-1.492025560424691,293.2781278142227,-310.7020630239912,31343.584691413947,30739.604500575737,603.980190838214,316,0.36135140000260435,differential_evolution_bounded_direct_search,True,Maximum number of iterations has been exceeded.,0.0,4929.3941123915365,0.45082559999718796
2025-07-12,14,4929.3941123915365,30329.002903500463,30824.06957116713,-6572.270903422422,-6350.013903661668,-209.80299508117463,-1476.7317422747205,-0.8350504285405411,0.5501636349165175,1.2452597335572504,231.62173874620285,-363.28571555223476,31055.69130991333,30460.783855614893,594.9074542984376,316,0.4873647000058554,differential_evolution_bounded_direct_search,True,Maximum number of iterations has been exceeded.,0.0,4617.82951797355,0.7355457000085153
2025-07-13,14,4617.82951797355,58676.28231125411,59171.34897892075,-690.0474028174507,-7381.082801611999,-323.87247226748457,-2057.6213059328447,1.1385512755506957,0.23142395045819253,0.9568057804669343,1294.6623648496482,523.1288027774042,60466.0113437704,59694.47778169816,771.533562072244,316,0.5344790999952238,differential_evolution_bounded_direct_search,True,Maximum number of iterations has been exceeded.,0.0,4828.355494507938,0.6800615999964066
2025-07-14,14,4828.355494507938,57344.87186054941,57839.938528216095,-1848.2912400775672,-7160.796751724913,-310.18410355123865,-3433.4864997179134,-1.2136175819108932,1.1500972058174628,0.17375436597621485,1311.079476531176,472.25159117896334,59151.01800474727,58312.19011939506,838.8278853522127,316,0.4149760000000242,differential_evolution_bounded_direct_search,True,Maximum number of iterations has been exceeded.,0.0,4816.434415248678,0.48029479999968316
2025-07-15,14,4816.434415248678,57288.35961095211,57783.42627861879,-2066.3930497630363,-4463.534977950092,-350.55699822542795,-5057.972912451919,1.3270884900282498,0.25945192351091784,-1.3433593878761094,1244.6922654333357,596.7913744296192,59028.11854405212,58380.21765304841,647.9008910037165,316,0.5881221000017831,differential_evolution_bounded_direct_search,True,Maximum number of iterations has been exceeded.,0.0,5280.020111650794,0.8852117999922484
2025-07-16,14,5280.020111650794,56164.67552760391,56659.74219527059,-777.2429459015264,-1151.3097094585887,-157.42305904971766,-7323.140339409053,0.5961119577039238,0.5700631129192999,1.2850310398985187,1404.838102300872,624.0697543934272,58064.58029757146,57283.81194966402,780.7683479074448,316,0.545363900004304,differential_evolution_bounded_direct_search,True,Maximum number of iterations has been exceeded.,0.0,4703.216757820105,0.7455818000016734
2025-07-17,14,4703.216757820105,56084.65076929856,56579.71743696522,-2337.054759653846,-3507.089129429919,-121.07653620518235,-4330.70562233955,1.4697685289950218,-0.8879627650713615,-0.9727381085722713,1465.3945139748498,751.9445930520432,58045.11195094007,57331.662030017265,713.4499209228067,316,0.9733867000031751,differential_evolution_bounded_direct_search,True,Maximum number of iterations has been exceeded.,0.0,4452.17877037037,1.2044402999890735
2025-07-18,14,4452.17877037037,28614.082376960614,29109.149044627284,-22.703818149987143,-229.96703325106367,5590.202273917409,-4777.179425651351,-1.8818522785088683,1.4780755708464035,-0.2962727040859614,1080.764998618857,1041.2854458144684,30189.91404324614,30150.434490441752,39.479552804388504,316,0.36801059999561403,differential_evolution_bounded_direct_search,True,Maximum number of iterations has been exceeded.,122.5003609552382,4259.0215981375695,0.7676996999944095
2025-07-19,14,4259.0215981375695,27295.246384605216,27790.313052271875,0.0,0.0,0.0,0.0,0.0,0.0,0.0,2288.0528950425264,2288.0528950425264,30078.3659473144,30078.3659473144,0.0,316,0.5084340000030352,differential_evolution_bounded_direct_search,True,Maximum number of iterations has been exceeded.,0.0,3277.7179758518523,0.6566820999869378
2025-07-20,14,3277.7179758518523,52374.03854773012,52869.105215396805,-1598.1508909401089,-6114.9637227287585,-425.9158646753839,-5673.572807220943,-1.4355204434337823,1.746019542679174,-0.6520856784933384,3925.1095724338834,3288.1315091573697,56794.214787830686,56157.236724554175,636.9780632765137,316,0.5987685000000056,differential_evolution_bounded_direct_search,True,Maximum number of iterations has been exceeded.,0.0,2616.581454031746,0.672075099995709
2025-07-21,14,2616.581454031746,52633.24281127985,53128.30947894651,-1972.1503428814308,-5549.306473332967,-2454.676502402956,-925.3710991699095,1.432063873384112,1.0897542533187163,-0.3315816940629337,2318.154160877981,881.0329001792767,55446.46363982449,54009.34237912579,1437.1212606987046,316,0.3480530999950133,differential_evolution_bounded_direct_search,True,Maximum number of iterations has been exceeded.,118.93707677833265,2515.5321401693104,0.5219478000071831
2025-07-22,14,2515.5321401693104,51505.007830532064,52000.07449819874,-6157.905601140781,-1451.9679640654495,-5190.088733568827,-3729.4598895204454,-1.3197937379842912,1.6705681364339133,1.6024855711741242,609.7733797992697,-591.9249098790102,52609.84787799801,51408.14958831973,1201.69828967828,316,0.9030850999988616,differential_evolution_bounded_direct_search,True,Maximum number of iterations has been exceeded.,791.2977219026196,1666.6144467301588,1.1235434999980498
2025-07-23,14,1666.6144467301588,52391.28295206496,52886.34961973162,-5205.768952832606,-7847.880807911782,-5232.190779442671,-6412.394157393609,0.7165801726620997,0.5476196922422352,0.06136914239839619,825.1356596417891,-590.6887354179771,53711.48527937341,52295.66088431364,1415.8243950597662,316,0.4886287999979686,differential_evolution_bounded_direct_search,True,Maximum number of iterations has been exceeded.,552.816300863331,1936.758358671956,0.8960101999982726
2025-07-24,14,1936.758358671956,52192.280269443916,52687.346937110604,-8580.272015710261,-8813.080848696132,-2046.7849612695843,-2878.0463211886067,-1.2646887350501017,0.07552936497802687,1.5847779859270306,814.4703476859358,-578.9825579663578,53501.81728479654,52108.364379144245,1393.4529056522938,316,0.811290800003917,differential_evolution_bounded_direct_search,True,Maximum number of iterations has been exceeded.,88.52210100000005,2184.0974449947134,1.2800468000059482
2025-07-25,14,2184.0974449947134,24645.46632092613,25140.5329885928,-8466.601996125495,-8997.742867603294,-5539.650757838549,-3682.869869762767,-0.07168053902917482,0.04724007249936246,-1.6053517367370649,-267.9945049302122,-845.6381145802534,24872.53848366259,24294.89487401255,577.6436096500412,316,0.6453258000110509,differential_evolution_bounded_direct_search,True,Maximum number of iterations has been exceeded.,0.0,2020.8779846772488,1.0866841999959433
2025-07-26,14,2020.8779846772488,25387.180487545724,25882.24715521238,-4952.053593273761,-7643.1157421122,-2670.3963146991578,-5957.422138426053,-1.5842997066516626,0.20311113409287085,1.276904342219817,-173.7571028644775,-820.8180249258613,25708.4900523479,25061.429130286517,647.0609220613838,316,0.5733503000083147,differential_evolution_bounded_direct_search,True,Maximum number of iterations has been exceeded.,0.0,2151.6339636666717,0.7365184999944177
2025-07-27,14,2151.6339636666717,51298.55688358481,51793.6235512515,-744.8617910220879,-4391.392716976509,-967.5146667172918,-2848.18012508115,-1.0341800060438318,-1.0928050448048285,-1.6297081572034116,907.8648344686028,-485.4286514605404,52701.4883857201,51308.19489979096,1393.2934859291431,316,0.371948899992276,differential_evolution_bounded_direct_search,True,Maximum number of iterations has been exceeded.,17.476240397620117,2051.69412026984,0.4724580999900354
2025-07-28,14,2051.69412026984,51566.62175963795,52061.6884273046,-4218.059444839831,-6915.035003658429,-3212.343014061042,-591.1543253832008,-1.378529178904562,-0.6420460353608193,-0.3667382011933462,843.2756205519993,-602.2863139006186,52904.9640478566,51459.40211340398,1445.5619344526178,316,0.7951262999995379,differential_evolution_bounded_direct_search,True,Maximum number of iterations has been exceeded.,2362.3706094944464,1412.0328802222223,0.9470566999953007
2025-07-29,14,1412.0328802222223,53446.47931902128,53941.54598668797,-1789.4082439996716,-561.7686765348527,-9498.612422932101,-7980.2148529374745,1.780453713235449,-1.0360515715348262,-1.248755465287013,667.0823867010316,-620.9177830554974,54608.628373389,53320.62820363247,1288.000169756529,316,0.910089800003334,differential_evolution_bounded_direct_search,True,Maximum number of iterations has been exceeded.,377.35981301666664,2088.5117879206355,1.4696334999898681
2025-07-30,14,2088.5117879206355,53621.46762046006,54116.53428812676,-4467.697822123916,-9339.821807546294,-3923.1280761220582,-825.119337122197,0.3406734279936736,0.8732779000290347,0.7291525459753934,662.5653735904223,-613.2274763115043,54779.09966171718,53503.30681181525,1275.7928499019267,316,1.1431542000063928,differential_evolution_bounded_direct_search,True,Maximum number of iterations has been exceeded.,46.576194133333594,2348.0477483492054,1.5481323999993037
2025-07-31,14,2348.0477483492054,52814.42059833729,53309.48726600397,-9459.615613989861,-7650.745471191333,-835.0147528450527,-3823.3473193848426,-1.1805933175348795,-0.5498867051322931,0.3298480671192201,654.8602372910212,-618.3791594162603,53964.347503294994,52691.10810658771,1273.2393967072817,316,0.7001881000032881,differential_evolution_bounded_direct_search,True,Maximum number of iterations has been exceeded.,468.85917914667175,1761.657149777778,0.7691339000011794
2025-08-01,14,1761.657149777778,24861.444201589322,25356.51086925598,-4590.766135444606,-8626.223509774622,-8551.433099360265,-2772.9606311557704,0.2077075409881899,-1.883122367686863,0.13806192694894914,-341.53801544427085,-866.5323707825701,25014.97285381171,24489.97849847341,524.9943553382992,316,1.406580099996063,differential_evolution_bounded_direct_search,True,Maximum number of iterations has been exceeded.,0.0,2197.0592964285715,1.7770917000016198
2025-08-02,14,2197.0592964285715,24689.670818420298,25184.73748608696,-5032.361901360539,-177.7432894886889,-9003.460781968197,-8555.704366269407,-0.6622368586081981,1.6622593582130123,0.3865998347239348,-188.4516421398003,-806.6814921237046,24996.28584394716,24378.055993963255,618.2298499839044,316,0.6899754000041867,differential_evolution_bounded_direct_search,True,Maximum number of iterations has been exceeded.,0.0,2260.3604040899486,1.017257100000279
2025-08-03,14,2260.3604040899486,50864.86765080015,51359.93431846684,-6657.054028407722,-2616.9102763150518,-711.4595572986659,-2773.561172842541,-0.2207056788954167,1.193371473465037,1.0515037251642374,826.7418500165898,-402.2919606444708,52186.67616848343,50957.64235782237,1229.0338106610607,316,1.1658421000029193,differential_evolution_bounded_direct_search,True,Maximum number of iterations has been exceeded.,1675.6304899548984,1506.2610000000004,1.3904561000090325
2025-08-04,14,1506.2610000000004,50242.54048059464,50737.607148261304,-4461.2705712508505,-6624.059063391971,-539.4437905121919,-4185.615288722463,-0.9073426389472967,-1.6455058938041822,0.645215641032236,815.4714081519141,-397.0089502858423,51553.07855641322,50340.598197975465,1212.4803584377564,316,1.721629399995436,differential_evolution_bounded_direct_search,True,Maximum number of iterations has been exceeded.,25.758940319999695,2025.5503846560816,2.1236001000070246
2025-08-05,14,2025.5503846560816,48797.11669489828,49292.183362564945,-8650.436576869632,-8070.15488999695,-732.4860795078905,-7930.218037121831,-0.07290674084776017,-0.14400809052567531,-1.4780758900240254,1086.441732121277,-284.8168893871547,50378.62509468622,49007.36647317779,1371.2586215084316,316,1.248116899994784,differential_evolution_bounded_direct_search,True,Maximum number of iterations has been exceeded.,122.55107755499957,1934.457344730158,1.5671818999981042
2025-08-06,14,1934.457344730158,47952.052150412965,48447.11881807963,-3800.8748450246167,-7979.926495865614,-617.9919580696886,-587.3397943694407,-1.4101691376738517,1.2256833354791734,0.20269650432416197,929.6526823655859,-262.3002027441838,49376.77150044522,48184.81861533545,1191.9528851097698,316,1.7272222000028705,differential_evolution_bounded_direct_search,True,Maximum number of iterations has been exceeded.,2013.3942081881567,1563.6347834432077,2.1887017999979435
2025-08-07,14,1563.6347834432077,47458.69512973783,47953.76179740451,-8704.851516865563,-4065.580217574343,-760.1773272465724,-6776.524382275966,-1.439859872341862,0.28508726587175337,0.36571233727503305,1079.8028611537577,-152.26376548016398,49033.56465855827,47801.49803192435,1232.0666266339217,316,2.171767699997872,differential_evolution_bounded_direct_search,True,Maximum number of iterations has been exceeded.,142.09324053166705,1935.6792382328033,2.354738800000632
2025-08-08,14,1935.6792382328033,23983.096807642196,24478.16347530886,-3589.485772505809,-7138.95868432582,-2118.2263871340083,-2286.9582913366635,1.4116580282048332,-0.672398105442195,-0.6971245237578465,-272.82301512008706,-890.77728130908,24205.34046018877,23587.386193999777,617.954266188993,316,1.0112981000129366,differential_evolution_bounded_direct_search,True,Maximum number of iterations has been exceeded.,0.0,2283.270421857143,1.1164775000070222
2025-08-09,14,2283.270421857143,23304.561891017318,23799.628558683988,-2825.270925316052,-9016.843143609703,-8739.202144527539,-3817.182305422859,0.6027400224803765,0.3824438009230544,0.5108864605904193,-230.23736895343922,-885.9491365931218,23569.391189730548,22913.679422090867,655.7117676396826,316,0.9755270000023302,differential_evolution_bounded_direct_search,True,Maximum number of iterations has been exceeded.,0.0,2008.5822787671993,1.6516755999909947
2025-08-10,14,2008.5822787671993,46458.63643251985,46953.70310018651,-4065.3775192452485,-2497.9107008133706,-945.1884665252262,-971.4647451682719,0.9118027720331496,-1.4006410280723445,-1.0445159336878558,1108.1631790986607,-10.436702118163364,48061.86627928517,46943.26639806835,1118.599881216824,316,1.1879137000069022,differential_evolution_bounded_direct_search,True,Maximum number of iterations has been exceeded.,77.65474142000076,2464.796305455027,1.3924804999987828
2025-08-11,14,2464.796305455027,46288.52792817087,46783.59459583751,-974.1429442300259,-8728.026097894917,-1002.3335243374227,-4307.192548320866,1.4406552226945752,-1.1508355211898178,-1.7674673606919509,955.2422984496696,-3.663758035692573,47738.836894287175,46779.93083780182,958.9060564853622,316,1.4398757999879308,differential_evolution_bounded_direct_search,True,Maximum number of iterations has been exceeded.,1162.2051381683314,2017.4803865608485,2.1586882999981754
2025-08-12,14,2017.4803865608485,44969.2475915627,45464.31425922937,-4165.534609853286,-2807.4696241545676,-922.253205367176,-2027.1654720297554,-0.6669551769140214,-1.911785223074424,-1.9279626489601778,506.45589834758994,-471.1836837881709,45970.77015757696,44993.1305754412,977.6395821357609,316,1.5982327000092482,differential_evolution_bounded_direct_search,True,Maximum number of iterations has been exceeded.,6971.074604252811,2038.0413270000006,2.419416699995054
2025-08-13,14,2038.0413270000006,45695.41058980193,46190.4772574686,-5406.7989120891725,-6065.047671591068,-932.2647062399533,-8938.873578195653,-0.5111436394366828,0.48375187276179865,-0.2304476692613926,604.3721377966143,-161.3259976714408,46794.84939526521,46029.15125979716,765.6981354680552,316,0.5018293000030098,differential_evolution_bounded_direct_search,True,Maximum number of iterations has been exceeded.,758.8241251307112,2396.4301572698437,0.5746480999951018
2025-08-14,14,2396.4301572698437,45404.99809236331,45900.06476002996,-9305.44005400587,-2531.6323817047064,-781.8059289625044,-7123.339566725091,-1.040823346464812,1.289504897092828,1.4555259570030317,706.9154419146679,-197.1736913405134,46606.98020194463,45702.89106868945,904.0891332551813,316,0.6470895000093151,differential_evolution_bounded_direct_search,True,Maximum number of iterations has been exceeded.,944.2324356826173,1981.126697555556,0.8035039000096731
2025-08-15,14,1981.126697555556,23506.912760930896,24001.979428597562,-5729.796722835405,-4110.645619726641,-4064.5882429062926,-4696.150550786654,-1.7862782419744372,-1.8558840363566205,-0.6518786472987672,-471.68973124317347,-876.9587824529291,23530.28969735439,23125.020646144632,405.2690512097556,316,0.26486719999229535,differential_evolution_bounded_direct_search,True,Maximum number of iterations has been exceeded.,0.0,2062.884721761908,0.3504378000070574
2025-08-16,14,2062.884721761908,23637.621647741908,24132.688315408574,-5575.096645527722,-4490.281385214784,-2851.3766826722604,-1293.2661926842202,0.20298429442372878,-1.195070048254801,-0.7219341149148488,-518.0563520991817,-911.7327664406158,23614.63196330939,23220.95554896796,393.6764143414341,316,0.351420799997868,differential_evolution_bounded_direct_search,True,Maximum number of iterations has been exceeded.,0.0,2234.720718746033,0.40592580000520684
2025-08-17,14,2234.720718746033,46101.30508055253,46596.37174821921,-8068.756351099143,-7967.577374659839,-554.6144467238694,-5091.744492479104,1.8636091867330933,1.459331814299841,0.15985614536845327,681.8527290391543,-249.52645388088004,47278.224477258365,46346.84529433833,931.3791829200343,316,0.45039230000111274,differential_evolution_bounded_direct_search,True,Maximum number of iterations has been exceeded.,391.37210822547496,2311.0708491428586,0.5475425000040559
2025-08-18,14,2311.0708491428586,46046.996173576495,46542.06284124318,-6728.627681329695,-4469.11924425607,-8041.592610546752,-554.886412679134,-0.09673735352244184,0.12011552669898995,0.07610244798446386,460.2276890868931,-376.49132223459907,47002.29053033008,46165.57151900858,836.7190113214922,316,0.8101496000017505,differential_evolution_bounded_direct_search,True,Maximum number of iterations has been exceeded.,478.64749930523783,2438.155154407407,0.9555562000023201
2025-08-19,14,2438.155154407407,46553.884759883345,47048.951427550004,-5640.123424922466,-2629.1598579741653,-4330.053667123722,-489.6416708389378,-1.6502095399848395,0.7329382729948049,1.0081536878161317,466.3501068591636,-400.3205866028285,47515.30153440917,46648.630840947175,866.6706934619921,316,0.4461297999951057,differential_evolution_bounded_direct_search,True,Maximum number of iterations has been exceeded.,352.29556482833146,2142.1026400370356,0.6713196999917272
2025-08-20,14,2142.1026400370356,46413.935653158966,46909.0023208256,-4489.543568848897,-7283.880965827557,-5484.259247863548,-659.1658692720418,0.825727989764867,0.7725488823644713,0.8661150060732954,481.4949924328968,-420.99268536697144,47390.4973132585,46488.00963545863,902.4876777998683,316,0.5420330000051763,differential_evolution_bounded_direct_search,True,Maximum number of iterations has been exceeded.,13658.195535625267,1631.2167231851852,0.591041400009999
2025-08-21,14,1631.2167231851852,47337.52852187791,47832.595189544605,-4642.958325736207,-1026.5779220284287,-249.65146992558047,-5368.331938907843,0.48132635678924185,0.2792194313633716,1.4769878125172542,947.0127232025305,48.1942896069417,48779.60791274714,47880.78947915155,898.8184335955889,316,0.1373540999920806,differential_evolution_bounded_direct_search,True,Maximum number of iterations has been exceeded.,31.244050888095448,2171.562531682537,0.1755906999896979
2025-08-22,14,2171.562531682537,23794.38944298438,24289.456110651045,-5826.7280239003,-2839.347042779777,-2844.0945589001576,-3949.942003454668,-0.9885578074060093,0.191611370978908,-1.5922767046921793,-443.3431123544131,-910.8634195602142,23846.11299829663,23378.59269109083,467.5203072058011,316,0.10629749999498017,differential_evolution_bounded_direct_search,True,Maximum number of iterations has been exceeded.,0.0,1669.745897063488,0.14484900000388734
2025-08-23,14,1669.745897063488,24375.91907725176,24870.98574491842,-1609.627061681562,-6289.283835743936,-863.3564861291085,-2712.72552300008,0.3449705447640423,-0.9844023136242539,-0.689281227757554,-403.3083022775513,-889.6911424544926,24467.67744264087,23981.294602463928,486.3828401769413,316,0.1566534000012325,differential_evolution_bounded_direct_search,True,Optimization terminated successfully.,0.0,2124.608961740742,0.20922170000267215
2025-08-24,14,2124.608961740742,48068.86786536265,48563.93453302932,-1922.8614882849606,-1133.989583501219,-4902.152964912944,-7319.719353663434,1.793242076415928,-1.093367560464995,-1.9325505437943677,1036.9728662525906,-258.4862570501688,49600.90739928191,48305.44827597915,1295.4591233027595,316,0.9393459000129951,differential_evolution_bounded_direct_search,True,Maximum number of iterations has been exceeded.,110.40182719999945,2247.825681121691,1.2208227999944938
2025-08-25,14,2247.825681121691,48439.13381680216,48934.200484468834,-1923.7584650841668,-3784.7730697101765,-1468.4787806883064,-3144.06248740758,0.7876063551105328,1.566750456776889,-0.4104391515537533,941.9610507016647,-366.511913841952,49876.1615351705,48567.68857062688,1308.4729645436166,316,1.0345093000069028,differential_evolution_bounded_direct_search,True,Maximum number of iterations has been exceeded.,106.07916540333306,1968.8850305152569,1.1978363999951398
2025-08-26,14,1968.8850305152569,49093.792204618854,49588.8588722855,-3702.0820945037804,-4947.201806391797,-7543.778864665447,-3462.14058211865,-1.7599119419034146,-1.1046487505307085,-0.47733006786204024,945.1712410774355,-446.8478167137749,50534.03011336293,49142.011055571726,1392.0190577912103,316,1.4095812999876216,differential_evolution_bounded_direct_search,True,Optimization terminated successfully.,33.39892137166626,2565.721931661375,1.817919900000561
2025-08-27,14,2565.721931661375,48745.56089651285,49240.62756417953,-9468.07626684277,-7739.465676203634,-1480.7961097319787,-4245.670169929752,-0.09098933827279176,1.1386243017874578,-1.945955277749639,1042.5649099409136,-350.70614465565995,50283.19247412044,48889.92141952387,1393.2710545965735,316,2.3599831000028644,differential_evolution_bounded_direct_search,True,Maximum number of iterations has been exceeded.,0.0,2260.3142306454993,2.935292300011497
2025-08-28,14,2260.3142306454993,48674.719446529605,49169.78611419628,-855.5372212427035,-2942.862365691367,-1478.7381009598907,-8423.123324267746,0.8757310848302278,1.1050180121279078,1.2952311552046534,1018.7369423150654,-291.85031327247685,50188.523056511345,48877.9358009238,1310.5872555875424,316,1.4370226000028197,differential_evolution_bounded_direct_search,True,Maximum number of iterations has been exceeded.,369.85203566999905,2270.6131613650796,1.791433100006543
2025-08-29,14,2270.6131613650796,25169.88449876024,25664.95116642691,-6174.857091745577,-1880.7251808132398,-3000.876228413755,-9365.400102495601,-0.8353196149437891,-1.6985519046939541,1.058508215194696,-287.66027021575644,-880.4854292862561,25377.29089621115,24784.465737140654,592.8251590704997,316,1.1691596999880858,differential_evolution_bounded_direct_search,True,Maximum number of iterations has been exceeded.,0.0,2474.554606296296,1.635795499998494
2025-08-30,14,2474.554606296296,24777.087489302216,25272.154156968867,-4628.475727082479,-1865.3598715600306,-2309.244689140598,-8290.469679755826,-1.0572695157132461,0.05219129320306548,1.0348045409943496,-329.18190750511894,-893.771366533144,24942.972249463746,24378.382790435724,564.5894590280251,316,0.5801651000074344,differential_evolution_bounded_direct_search,True,Maximum number of iterations has been exceeded.,0.0,1955.7895647460357,0.7449171000043862
2025-08-31,14,1955.7895647460357,49568.08032970738,50063.146997374046,-6748.730741135559,-6632.036696105006,-2934.803014968338,-566.0298802425202,-0.7521629113136243,-0.4025052931928099,-0.6429102984380894,1075.367877654497,-203.9139255338071,51138.514875028544,49859.23307184024,1279.2818031883041,316,0.5601620000088587,differential_evolution_bounded_direct_search,True,Maximum number of iterations has been exceeded.,432.2555557535694,2339.260292941801,0.8427440999948885
2025-09-01,14,2339.260292941801,49269.15560608398,49764.22227375067,-1596.7048095241505,-1544.3906196002927,-2041.499755983771,-3453.402685696071,0.8192817233700409,0.4818636362257753,-1.4669889416531325,1163.273132321604,-146.82340470791715,50927.495406072274,49617.39886904275,1310.0965370295212,316,1.435098800007836,differential_evolution_bounded_direct_search,True,Maximum number of iterations has been exceeded.,0.0,5872.46393890476,1.5247553999943193
2025-09-02,14,5872.46393890476,46937.3977470637,47432.46441473035,-1156.4457951101915,-8774.300920503607,-1571.605854523878,-210.62853011825027,1.1132827916757564,-0.01818418303913827,0.42417444303104546,1056.9773701944446,-345.13346269214435,48489.44178492479,47087.3309520382,1402.110832886589,316,0.6421235000016168,differential_evolution_bounded_direct_search,True,Maximum number of iterations has been exceeded.,0.0,5554.287415724865,0.8125817999971332
2025-09-03,14,5554.287415724865,46601.00453151748,47096.071199184145,-236.81971499666616,-6035.157987363776,-1301.6470565875347,-5445.731252864093,1.3984924787212392,-0.22105496062002628,0.676965112881204,1133.8464928055594,-315.73116452604506,48229.91769198971,46780.340034658104,1449.5776573316043,316,0.6106721000105608,differential_evolution_bounded_direct_search,True,Maximum number of iterations has been exceeded.,0.0,5441.63774080423,0.8450150999997277
2025-09-04,14,5441.63774080423,46567.819578459865,47062.88624612654,-2627.0200714252505,-2034.9226098386555,-4931.462768805196,-7270.471849389127,-1.3855781015156945,1.5395428473391695,0.4007119988993466,835.3812550077203,-536.703141443263,47898.26750113426,46526.183104683274,1372.0843964509831,316,0.8395434999983991,differential_evolution_bounded_direct_search,True,Maximum number of iterations has been exceeded.,0.0,5313.748743037037,1.0730429000104778
2025-09-05,14,5313.748743037037,22404.13309104426,22899.19975871093,-3776.3310196359407,-6266.408554747115,-3228.224164940721,-4171.537393502872,1.607999566265197,-1.8748717044917562,-0.2936882973177495,-595.9572808013992,-1127.2969559819835,22303.24247790953,21771.902802728946,531.3396751805843,316,0.8751402999914717,differential_evolution_bounded_direct_search,True,Maximum number of iterations has been exceeded.,0.0,5615.160275703703,0.9381661999941571
2025-09-06,14,5615.160275703703,22509.55396018651,23004.620627853175,-4823.397645246276,-7367.059990039448,-497.95843664899485,-4004.4521805791524,0.3390420624525814,-0.16544209995717374,1.6776107367109736,-610.9268347215148,-1204.3810707069292,22393.69379313166,21800.239557146248,593.4542359854145,316,0.568038900004467,differential_evolution_bounded_direct_search,True,Maximum number of iterations has been exceeded.,0.0,6216.397691402116,0.6891427999944426
2025-09-07,14,6216.397691402116,44155.55565652295,44650.62232418961,-4039.265053378545,-1422.2951488685844,-464.0536976547676,-8107.14443399728,0.24594593603681858,1.5988725387695282,1.574545736818643,1014.2087484347065,-125.7192862453757,45664.831072624314,44524.903037944234,1139.9280346800822,316,1.3260702999978093,differential_evolution_bounded_direct_search,True,Maximum number of iterations has been exceeded.,0.0,5194.752428428572,1.6405924999999115
2025-09-08,14,5194.752428428572,35514.67330315886,36009.73997082552,-1810.9877190826446,-1788.9697432255994,-421.09117985817977,-346.1744855422779,0.21581532413584492,1.5008821965465815,-0.4999520516620246,727.1114499027182,-181.2270874570582,36736.851420728235,35828.51288336846,908.3385373597764,316,0.8224294999963604,differential_evolution_bounded_direct_search,True,Maximum number of iterations has been exceeded.,9974.63434240791,1257.9827848518516,0.9239154999959283
2025-09-09,14,1257.9827848518516,38225.76367547012,38720.8303431368,-2769.672336698549,-7986.037017150457,-411.9232952271961,-5504.47176890338,-1.1592343678299202,1.572551794406686,1.343838752371088,1058.3946740123904,217.38023713511848,39779.22501714919,38938.210580271916,841.0144368772719,316,0.2623390999942785,differential_evolution_bounded_direct_search,True,Maximum number of iterations has been exceeded.,2806.0785339624117,1368.0671706666667,0.4220342999906279
2025-09-10,14,1368.0671706666667,38286.50106525749,38781.567732924144,-5728.077786721559,-7906.151353858413,-299.5924030419992,-7876.816013868653,0.9281266194445617,0.2657997611962708,0.14812884685551575,1075.8166445818154,225.95945665447698,39857.38437750596,39007.52718957862,849.8571879273384,316,1.4984368000004906,differential_evolution_bounded_direct_search,True,Maximum number of iterations has been exceeded.,20840.974444316595,1466.5594200370367,1.818180600006599
2025-09-11,14,1466.5594200370367,38738.44901872125,39233.515686387924,-8185.225605595188,-4552.867384292308,-103.94339997138005,-6047.209595009265,0.3338165330191196,-0.07970794015954108,0.4499463306253846,1728.9782408904482,914.8129241152407,40962.493927278374,40148.328610503166,814.1653167752075,316,0.43181860000186134,differential_evolution_bounded_direct_search,True,Maximum number of iterations has been exceeded.,928.445134496071,1607.1181944285745,0.5533547999948496
2025-09-12,14,1607.1181944285745,16791.848335766994,17286.91500343366,-1957.180556444588,-5052.455867452986,-228.1996218141959,-3078.3725351395638,-1.8592587329451618,1.7658595176820562,1.6374295967191594,-904.4404993003529,-1237.5250112903486,16382.474504133306,16049.389992143311,333.0845119899957,316,0.31474480000906624,differential_evolution_bounded_direct_search,True,Maximum number of iterations has been exceeded.,1261.4548351340145,1528.4702828835993,0.5335037000040757
2025-09-13,14,1528.4702828835993,17140.837733373493,17635.904401040156,-2992.3634868706995,-8113.156876559614,-251.15344585730986,-2976.2572605943424,0.8892437151131731,-1.0836568607619805,0.7577563141075379,-914.3075427312658,-1217.332298219793,16721.59685830889,16418.572102820362,303.02475548852726,316,0.7016236999916146,differential_evolution_bounded_direct_search,True,Maximum number of iterations has been exceeded.,1110.6953677761767,1644.775590397864,0.7607563000055961
2025-09-14,14,1644.775590397864,38900.48767054213,39395.55433820879,-2414.722273691839,-3512.533941849319,-551.0235904551561,-4655.483157850325,1.915169202978337,0.59644300959109,1.5833912177937517,1371.5787017643936,626.9892916690713,40767.13303997319,40022.543629877866,744.5894100953223,316,0.24561709999397863,differential_evolution_bounded_direct_search,True,Maximum number of iterations has been exceeded.,3841.1677119795913,1271.521035,0.40184200000658166
2025-09-15,14,1271.521035,40210.94352700721,40706.01019467388,-4791.235991263707,-6487.7029926567075,-320.89459792486605,-755.892757784268,0.41591001396417937,0.7047913874259759,1.1066686039124836,1182.4798513615735,351.31282917500613,41888.490046035455,41057.32302384888,831.1670221865675,316,0.4623276999918744,differential_evolution_bounded_direct_search,True,Maximum number of iterations has been exceeded.,1068.3647970390489,1638.761048888889,0.6297564999986207
2025-09-16,14,1638.761048888889,39995.98757789273,40491.054245559404,-2532.4331611912285,-1357.878862150379,-333.81819554249114,-2975.546270194851,-0.3140650313618394,0.38011342924761315,-1.6940678950766195,1160.955551896074,352.9864177176091,41652.00979745548,40844.04066327701,807.9691341784649,316,0.36573849999695085,differential_evolution_bounded_direct_search,True,Maximum number of iterations has been exceeded.,546.9523309883258,1200.0,0.5213071000034688
2025-09-17,14,1200.0,41000.34251551259,41495.40918317927,-4761.556311774397,-3053.2825364081186,-370.4942868814776,-5628.420422938325,-1.9956689568590584,1.8107977599170404,-1.4274924602062837,958.0185332405503,180.67586624078902,42453.42771641982,41676.08504942006,777.3426669997613,316,0.36574690000270493,differential_evolution_bounded_direct_search,True,Maximum number of iterations has been exceeded.,0.0,1501.331132904762,0.4701039999927161
2025-09-18,14,1501.331132904762,41041.65992778062,41536.726595447304,-5137.279858093127,-8963.327588251299,-337.36904592543766,-4161.882638645168,0.45572572660773103,-1.8763641538001423,-0.29988651549674517,650.9842989622402,-77.70345390379569,42187.710894409545,41459.02314154351,728.6877528660359,316,0.563384799999767,differential_evolution_bounded_direct_search,True,Maximum number of iterations has been exceeded.,79.74869854474433,1422.3557817037038,0.6379841999878408
2025-09-19,14,1422.3557817037038,18530.971318266485,19026.03798593315,-5395.201580919093,-1782.8151473430974,-6228.362422985497,-1347.3484886063918,-1.8675035886638538,0.7144531479010219,0.8257319048592104,-838.9986635954048,-1214.901271914295,18187.039322337747,17811.136714018856,375.9026083188902,316,0.5429318000096828,differential_evolution_bounded_direct_search,True,Maximum number of iterations has been exceeded.,0.0,2335.4071939470905,0.789075499997125
2025-09-20,14,2335.4071939470905,18154.779811115415,18649.846478782085,-1574.3507474810965,-6489.582817487198,-9399.515680693332,-8273.593058481412,0.35092477479404316,0.9155819203812512,0.28330729067316884,-772.667664602294,-1119.4050076796777,17877.17881417979,17530.441471102407,346.7373430773837,316,0.5418274000112433,differential_evolution_bounded_direct_search,True,Maximum number of iterations has been exceeded.,0.0,2227.8403920634923,0.6999702000030084
2025-09-21,14,2227.8403920634923,43306.81222632716,43801.878893993824,-3914.4697068953656,-6438.94176079796,-1481.773548159373,-963.2481753078629,0.6216868670671589,0.7052814323155694,0.2720811846916087,1091.0523104552788,151.1151552871808,44892.9312044491,43952.994049281006,939.9371551680979,316,0.34297879999212455,differential_evolution_bounded_direct_search,True,Maximum number of iterations has been exceeded.,0.0,2093.7153850158734,0.5451235000073211
2025-09-22,14,2093.7153850158734,43073.44968132845,43568.51634899512,-8025.068518042781,-4357.286236206355,-9260.60445907602,-467.0996552137616,1.495753881540531,-0.3956672071524845,-0.5591884053996832,971.8843707081916,116.83637414332273,44540.40071970331,43685.35272313844,855.0479965648689,316,0.38893510001071263,differential_evolution_bounded_direct_search,True,Maximum number of iterations has been exceeded.,73.47275999999903,1796.214096735449,0.582430900001782
2025-09-23,14,1796.214096735449,44137.50783130036,44632.57449896702,-2662.374815199068,-4537.56924380705,-1408.660385831998,-7561.368741719514,0.12740900093483365,-1.654498397119906,0.9497925439625043,772.4688653807372,-88.39981956089905,45405.04336434776,44544.17467940612,860.8686849416362,316,0.4207289000041783,differential_evolution_bounded_direct_search,True,Maximum number of iterations has been exceeded.,69.14849838333348,2271.456019417989,0.5090819000033662
2025-09-24,14,2271.456019417989,43528.379831910854,44023.44649957751,-5766.976729863103,-3340.9160068184583,-1508.1483578881516,-7435.554900314026,1.1547064181220295,0.6874333397409149,-1.9734284772761366,833.9722151792218,-218.19249877589525,44857.418714756735,43805.254000801615,1052.1647139551171,316,0.373960500000976,differential_evolution_bounded_direct_search,True,Maximum number of iterations has been exceeded.,0.0,2311.395659396824,0.49222610000288114
2025-09-25,14,2311.395659396824,43506.44131136088,44001.50797902754,-9189.998452653208,-5077.543362398457,-7000.0272085374145,-5464.394030953552,1.250977284944184,-0.3850726697517808,0.7106112808426968,417.961584795457,-428.2417496292431,44419.469563823,43573.2662293983,846.2033344247001,316,0.3433478000079049,differential_evolution_bounded_direct_search,True,Maximum number of iterations has been exceeded.,0.0,1977.5714465925905,0.39080269999976736
2025-09-26,14,1977.5714465925905,19021.900285488828,19516.966953155497,-6019.982838608335,-189.85636805050632,-818.7577381900347,-723.9827517415349,1.5688930837999373,-0.9823219253357522,-0.7917226446824608,-563.4448374905502,-923.6132212287775,18953.522115664946,18593.35373192672,360.16838373822736,316,0.3821241999976337,differential_evolution_bounded_direct_search,True,Maximum number of iterations has been exceeded.,0.0,2274.203979174605,0.5929552000015974
2025-09-27,14,2274.203979174605,18888.876149288986,19383.942816955656,-8933.977489081566,102.3090779697533,-8284.458300424485,-7813.944768384346,-0.11544197838503356,-0.40234443246682305,-0.20192536894057844,-531.4601511638591,-921.4316274486606,18852.4826657918,18462.511189506997,389.9714762848015,316,0.7609645000047749,differential_evolution_bounded_direct_search,True,Maximum number of iterations has been exceeded.,0.0,1698.1424974867734,0.8629078000085428
2025-09-28,14,1698.1424974867734,44547.88910445156,45042.95577211822,-6799.786464729885,-8818.435629769481,-767.9812089351003,-6219.510699773617,-1.3316389168509921,1.7129487314836038,0.8818581418099298,545.7090789762688,-415.2024162085846,45588.66485109449,44627.753355909634,960.9114951848534,316,0.5366387999965809,differential_evolution_bounded_direct_search,True,Maximum number of iterations has been exceeded.,39.44987083333338,1973.2641313386225,0.7856472999992548
2025-09-29,14,1973.2641313386225,44951.277514178786,45446.34418184546,-665.6162234946023,-4640.544342565711,-8743.471911485494,-4371.963280368334,1.8145313103506377,1.1806928512547468,-0.446218072319422,480.7665852619401,-417.31352070827086,45927.1107671074,45029.030661137185,898.080105970211,316,0.601877200009767,differential_evolution_bounded_direct_search,True,Maximum number of iterations has been exceeded.,104.08519722738203,2083.7822486931204,0.6633542999916244
2025-09-30,14,2083.7822486931204,45437.68626420429,45932.75293187097,-5609.44288244102,-6886.12423209081,-656.4350195852206,-3644.8822787041395,-1.1459387365503235,-1.6238733263889353,1.0313119299019915,563.5131557289627,-388.55601149701033,46496.266087599935,45544.19692037396,952.069167225973,316,0.7664851000008639,differential_evolution_bounded_direct_search,True,Maximum number of iterations has been exceeded.,160.2045525850014,2219.6249064550248,0.9933783000014955
2025-10-01,14,2219.6249064550248,45152.08303434496,45647.14970201162,-9511.421417477251,-2806.931613663844,-6753.088362671596,-388.53069199633376,0.2972844438638913,0.7242312769223731,-1.9535942509962791,451.53509549870245,-535.7642678186274,46098.68479751032,45111.385434193,987.2993633173298,316,0.5558926000085194,differential_evolution_bounded_direct_search,True,Maximum number of iterations has been exceeded.,0.0,3818.9519580105825,0.7370958000101382
2025-10-02,14,3818.9519580105825,43348.994731933555,43844.06139960023,-4105.348789724794,-2095.8251767694874,-455.2870607511224,-3521.074657106506,1.34495020820856,0.09399218540036003,0.23020382800216455,489.3790871361877,-473.0778210276706,44333.440486736414,43370.98357857256,962.4569081638583,316,0.7310237999918172,differential_evolution_bounded_direct_search,True,Maximum number of iterations has been exceeded.,0.0,4103.675477656087,0.9872602000104962
2025-10-03,14,4103.675477656087,17387.518175971574,17882.584843638237,-4809.859451354228,-8194.578261239278,-5315.308103433286,-670.2418119567924,1.96924423902985,-0.44220704636348507,0.9584059135206378,-667.5264380400091,-1034.7544547966686,17215.05840559823,16847.83038884157,367.2280167566595,246,1.5851377000071807,differential_evolution_bounded_direct_search,True,Optimization terminated successfully.,0.0,4266.988139481484,1.693613399998867
2025-10-04,14,4266.988139481484,18138.572548845772,18633.639216512434,-8275.333093241728,-8205.974896470418,-7734.562915182606,-9330.481941056225,1.4650474761207732,0.5240221843805775,0.8256202541820441,-627.5570029513731,-1046.7736268215842,18006.08221356106,17586.86558969085,419.21662387021115,316,0.9765564000117593,differential_evolution_bounded_direct_search,True,Maximum number of iterations has been exceeded.,0.0,4178.136353068783,1.1185147000069264
2025-10-05,14,4178.136353068783,40949.08508754603,41444.151755212704,-8755.414655347855,-969.7378646118939,-699.0615441019678,-151.07402586004142,-0.9842736497770266,-0.11964538655804846,0.8818571416926151,324.01857467640133,-473.3671847641464,41768.17032988911,40970.78457044856,797.3857594405476,316,0.4864835000043968,differential_evolution_bounded_direct_search,True,Maximum number of iterations has been exceeded.,0.0,3623.2009918095255,0.5372600999980932
2025-10-06,14,3623.2009918095255,41116.69340797834,41611.76007564501,-3246.9768982105907,-5682.891026433895,-335.19547242334227,-3582.472792278643,1.898180257150731,-0.6110506115322321,0.9219397149286599,358.5942717895336,-423.0010242993873,41970.35434743454,41188.75905134562,781.5952960889209,316,0.7125094999937573,differential_evolution_bounded_direct_search,True,Maximum number of iterations has been exceeded.,0.0,3273.3925875661407,0.9319804000115255
2025-10-07,14,3273.3925875661407,40653.39473345242,41148.46140111907,-893.3667457595959,-1885.5190480062347,-273.4200741097158,-4534.54757126396,0.32640440537825643,0.450045465054401,-0.8811777226724735,515.9211928532674,-235.60604480400247,41664.38259397234,40912.85535631507,751.5272376572698,316,0.4294794999877922,differential_evolution_bounded_direct_search,True,Maximum number of iterations has been exceeded.,0.0,3477.187837259261,0.7609888000006322
2025-10-08,14,3477.187837259261,36475.5649621977,36970.63162986435,-6792.2212070446585,-6502.414494716104,-202.73652463385332,-2884.729096586677,0.030202136200155216,-0.7843846085753761,1.2846436305125435,131.15524142313532,-482.5230112435931,37101.786871287484,36488.108618620754,613.6782526667284,316,0.9327254999952856,differential_evolution_bounded_direct_search,True,Maximum number of iterations has been exceeded.,881.2994029471554,1519.088318999999,1.0514552999957232
2025-10-09,14,1519.088318999999,38125.64653228079,38620.713199947466,-8223.999999177735,-4944.795067637358,-230.08322775167363,-3743.8273201819256,0.8612064328239679,-0.6423483686127971,-1.9118219200044224,138.7987527894347,-477.68311554888777,38759.5119527369,38143.030084398575,616.4818683383224,316,0.5706442000082461,differential_evolution_bounded_direct_search,True,Maximum number of iterations has been exceeded.,2216.324704356666,1462.8342407037035,0.9031249000108801
2025-10-10,14,1462.8342407037035,15318.897713600743,15813.964381267411,-3830.580516429117,-4223.201215009369,-6611.465874355154,-7422.309835766411,0.36925782515643313,-1.5269321827034084,-0.7895123178026573,-628.965961699703,-855.1231887818197,15184.998419567708,14958.841192485592,226.15722708211672,316,0.6735683000006247,differential_evolution_bounded_direct_search,True,Maximum number of iterations has been exceeded.,2216.1238704085144,1327.1470269629629,0.929086100004497
2025-10-11,14,1327.1470269629629,16198.3805016461,16693.44716931277,-5342.591201425477,-3885.8785667038305,-8239.321326752555,-2247.4428865095106,-1.9125066339122072,0.11474008503758304,-0.5772388501160992,-657.7580368296336,-864.440741848309,16035.689132483138,15829.006427464461,206.6827050186754,316,0.20590590000210796,differential_evolution_bounded_direct_search,True,Maximum number of iterations has been exceeded.,1020.7854654194178,1612.609639814815,0.34839819998887833
2025-10-12,14,1612.609639814815,38969.28711351742,39464.35378118408,-7184.549605045028,-5551.600070621928,-534.8199503361918,-1580.6741683642986,0.7679657217624172,-0.9981488155810396,-0.7565741743340251,-251.159313724801,-766.2553193414553,39213.19446745928,38698.09846184262,515.0960056166543,316,0.5410032999934629,differential_evolution_bounded_direct_search,True,Maximum number of iterations has been exceeded.,394.4444427836078,1224.8097,0.6360768000013195
2025-10-13,14,1224.8097,39646.37015964174,40141.43682730841,-7790.073967757168,-4473.479245277552,-8135.5263698613,-901.1147491880109,0.8457265532735798,-0.05844656380105295,-0.605817337646088,-135.65691607113794,-728.6370050118734,40005.779911237274,39412.79982229654,592.9800889407354,316,0.4715079000015976,differential_evolution_bounded_direct_search,True,Maximum number of iterations has been exceeded.,0.0,1585.2992754973523,0.6759875999996439
2025-10-14,14,1585.2992754973523,39000.51077505581,39495.577442722475,-8869.41452870136,-2573.8485754432136,-1854.9734780714139,-230.2610180820345,-0.43980444883198966,1.407397304696465,1.3512877008555257,-184.59685511802854,-764.2057201175378,39310.98058760445,38731.371722604934,579.6088649995093,316,0.7472598999884212,differential_evolution_bounded_direct_search,True,Maximum number of iterations has been exceeded.,4395.035655554562,1226.1081,0.9594121000118321
2025-10-15,14,1226.1081,39624.931631974236,40119.99829964092,-5577.164106168629,-5929.712088639564,-202.07402777420356,-2188.1464595422517,0.5165336041937842,-0.0892197319694592,1.144535497876384,-221.3104299999719,-679.2512442745428,39898.687869640955,39440.74705536638,457.9408142745709,316,0.6147923000098672,differential_evolution_bounded_direct_search,True,Maximum number of iterations has been exceeded.,3984.636536571017,1361.7699205555562,0.8474071000091499
2025-10-16,14,1361.7699205555562,40641.812793710684,41136.87946137737,-3441.9949992641564,-6136.315537923857,-543.0837191682706,-5025.192791191495,0.44664732821437925,-0.35821548629794475,-0.8476858102655358,-26.838375712863257,-639.6369731548717,41110.04108566451,40497.2424882225,612.7985974420085,316,0.6851844000048004,differential_evolution_bounded_direct_search,True,Maximum number of iterations has been exceeded.,5712.477978721663,1463.4469283333337,0.8547462999995332
2025-10-17,14,1463.4469283333337,16856.977915114327,17352.044582780993,-4552.4504240554115,-1212.5162586562074,-2230.4030461813736,-7092.884678761265,0.5265515268791092,-1.3236402615947578,1.1470034081656006,-707.0561155660033,-987.9673691362575,16644.98846721499,16364.077213644736,280.9112535702542,316,0.26568509999196976,differential_evolution_bounded_direct_search,True,Maximum number of iterations has been exceeded.,0.0,1572.4473638201057,0.5152958000107901
2025-10-18,14,1572.4473638201057,16920.21519682061,17415.28186448727,-1754.3780836780095,-9012.417633499452,-2637.354121584443,-6595.9466730567465,1.2408532503000371,-1.6366464619914094,0.22662043718085112,-686.6959939625007,-955.647606300812,16728.58587052477,16459.63425818646,268.9516123383113,316,0.7242872000060743,differential_evolution_bounded_direct_search,True,Maximum number of iterations has been exceeded.,0.0,1991.3267123333314,0.7966685999999754
2025-10-19,14,1991.3267123333314,42506.80057162678,43001.86723929345,-354.5157886657492,-6432.018343298244,-383.6825832736647,-2750.440843791329,1.8835002385731743,-1.388135548735002,0.7931185828470069,92.18349015925683,-503.3757235095423,43094.05072945271,42498.49151578391,595.5592136687991,316,0.37785380000423174,differential_evolution_bounded_direct_search,True,Maximum number of iterations has been exceeded.,1603.093542056545,1614.7441804444443,0.45825860000331886
2025-10-20,14,1614.7441804444443,43586.403219103624,44081.4698867703,-1569.8262007085468,-6678.927675834097,-320.03143536662543,-9396.314898397019,1.7873833135799315,-0.4746991384891346,-1.093369982538569,66.32780040878355,-540.3391946716165,44147.79768717908,43541.13069209868,606.6669950804,316,0.3868052999896463,differential_evolution_bounded_direct_search,True,Maximum number of iterations has been exceeded.,1724.414914519997,1567.5935866349228,0.6523622999957297
2025-10-21,14,1567.5935866349228,44565.11070224479,45060.17736991148,-3794.470330108947,-1990.4216478108337,-732.1589199973552,-1431.8715224066648,-1.4061398120053132,0.8613732739370281,-1.5841795842498758,250.40832392046315,-373.59533258194097,45310.58569383194,44686.582037329536,624.003656502404,316,0.47812250000424683,differential_evolution_bounded_direct_search,True,Maximum number of iterations has been exceeded.,0.0,1904.4164870846535,0.5872563000011723
2025-10-22,14,1904.4164870846535,44591.3238618755,45086.39052954217,-1729.2600941158348,-3056.8179797583534,-479.13973738096905,-4476.353810724371,1.6563056336406072,-1.9749590802073098,1.5975499074832307,255.38587241632837,-371.23276252435204,45341.7764019585,44715.15776701782,626.6186349406804,316,0.19150029998854734,differential_evolution_bounded_direct_search,True,Maximum number of iterations has been exceeded.,3315.888357017313,1678.714251904762,0.2529016999906162
2025-10-23,14,1678.714251904762,45628.33156603282,46123.39823369948,-2735.7513153179702,-6245.920457801085,-683.0496608292868,-1602.0370939049535,0.036661040914898635,0.7883545579251905,-1.0390905704806301,341.55207467591856,-285.369113115716,46464.9503083754,45838.029120583764,626.9211877916346,316,0.6060159000044223,differential_evolution_bounded_direct_search,True,Maximum number of iterations has been exceeded.,0.0,1838.1561225132302,0.675461599996197
2025-10-24,14,1838.1561225132302,17299.712520349127,17794.779188015786,-7942.662892872446,-2450.801661405971,-4847.786347371394,-8368.933326907216,-1.7007973494362272,0.9617307143291356,-0.07818457167857185,-407.27640900290817,-764.1694662046564,17387.502779012877,17030.609721811128,356.8930572017482,316,0.765550299998722,differential_evolution_bounded_direct_search,True,Maximum number of iterations has been exceeded.,0.0,1808.8268792804224,0.9884478000021772
2025-10-25,14,1808.8268792804224,17331.106703863847,17826.173371530516,-7216.3733821437545,-1956.9052731650204,-788.652020239489,-3961.377565393026,-0.008540725369137192,1.0811504548627036,0.8125216398953805,-367.7248447008463,-760.1535581341792,17458.44852682967,17066.01981339634,392.4287134333329,316,0.4919374000019161,differential_evolution_bounded_direct_search,True,Maximum number of iterations has been exceeded.,0.0,1558.594801603177,0.7490916999959154
2025-10-26,14,1558.594801603177,46393.341286558345,46888.407954225,-8677.89616498414,-5871.801009025339,-412.4943198665761,-3708.149577924921,0.3928406318938782,-0.4446544785412132,0.2945198438981458,480.2859524610077,-121.91410542037374,47368.69390668601,46766.493848804625,602.2000578813814,316,1.0759489000047324,differential_evolution_bounded_direct_search,True,Maximum number of iterations has been exceeded.,0.0,2162.9010005714267,1.3079115000000456
2025-10-27,14,2162.9010005714267,45954.564199938584,46449.63086760524,-3756.694258044434,-702.6263752801569,-617.6007749491195,-3079.019621254202,0.01349367906335619,-1.1245743909482726,0.3699874565894503,618.2691267374519,-130.0134438825138,47067.8999943427,46319.61742372273,748.2825706199657,316,0.7434609000047203,differential_evolution_bounded_direct_search,True,Maximum number of iterations has been exceeded.,89.82957419999975,1957.3791429206299,0.9501063000061549
2025-10-28,14,1957.3791429206299,45897.247249593864,46392.313917260544,-3666.941085304678,-129.78699752807933,-473.4946000411103,-454.93908457710717,-0.7337746750492429,-1.2725504913891381,-1.7386985816851817,521.4591742758103,-218.92107265561904,46913.77309153636,46173.392844604925,740.3802469314293,316,0.21824909999850206,differential_evolution_bounded_direct_search,True,Maximum number of iterations has been exceeded.,0.0,1890.543361365083,0.3702952000021469
2025-10-29,14,1890.543361365083,45906.84886006172,46401.91552772841,-6307.988965434364,-4437.560805222345,-665.3169788998625,-8008.376726247598,0.7713069423298711,0.29121471321529846,1.310144933435375,488.47319955863384,-56.33558650243072,46890.38872728704,46345.57994122598,544.8087860610646,316,1.0374900000024354,differential_evolution_bounded_direct_search,True,Maximum number of iterations has been exceeded.,343.9214202000011,1669.7223564126996,1.4177666000032332
2025-10-30,14,1669.7223564126996,45992.02624371818,46487.09291138487,-1918.8165785267192,-1150.5353750781865,-328.1222931731872,-5314.374119210456,-1.4652654117122088,-1.1571717408026676,-1.3937435729599397,537.6792266321651,-56.5871959337537,47024.77213801703,46430.505715451116,594.2664225659188,316,0.9836663000023691,differential_evolution_bounded_direct_search,True,Maximum number of iterations has been exceeded.,16.568520749999568,1656.8064640899472,1.2508723999926588
2025-10-31,14,1656.8064640899472,18283.3317137724,18778.398381439067,-9065.891484718273,-7219.026618931001,-5175.209548549919,-2049.41397005352,0.7250459090222723,-0.8282114713907403,-0.4747323803439514,-422.4656449594824,-748.6498214223247,18355.932736479583,18029.748560016742,326.18417646284234,316,1.3009072999993805,differential_evolution_bounded_direct_search,True,Maximum number of iterations has been exceeded.,0.0,2088.8055698835988,1.863856299998588
2025-11-01,14,2088.8055698835988,18025.64997735702,18520.716645023684,-7215.887366209183,-9039.2600483116,-4816.082963676709,-3115.28333289037,0.880791840138544,0.6751979178823242,-0.1929487311285496,-415.11368510456265,-748.8548289293138,18105.60295991912,17771.86181609437,333.7411438247512,316,1.3905271999974502,differential_evolution_bounded_direct_search,True,Maximum number of iterations has been exceeded.,0.0,2234.869742238101,1.819112800003495
2025-11-02,14,2234.869742238101,46763.7934822584,47258.86014992508,-1166.0296516991953,-4490.3252379488995,-501.8037740576215,-7367.878667935966,-1.2667809718245207,-1.4227215447498718,-0.676625641410918,382.31049253849926,-423.1362264851467,47641.17064246358,46835.72392343993,805.446719023646,316,1.1522311000007903,differential_evolution_bounded_direct_search,True,Maximum number of iterations has been exceeded.,716.5121386361833,1559.7530037777767,1.5555351999937557
2025-11-03,14,1559.7530037777767,47754.193685492224,48249.26035315886,-8907.555649980779,-333.32743677380137,-9278.630794589435,-6477.593739913332,1.6308572779901875,0.07605951388087995,1.7586603277013353,353.0416159520201,-549.9076762740473,48602.30196911088,47699.35267688482,902.9492922260674,316,1.1975330999994185,differential_evolution_bounded_direct_search,True,Maximum number of iterations has been exceeded.,0.0,1942.6731222592596,1.3832512000080897
2025-11-04,14,1942.6731222592596,47795.16586699867,48290.23253466534,-4872.022855264996,-470.2996112643657,-8779.136517637573,-3384.2155938111646,0.22639255654051693,0.6719329016450861,1.1707842813254326,356.106296350945,-562.2529790305838,48646.338831016285,47727.97955563475,918.3592753815287,316,0.6741776000126265,differential_evolution_bounded_direct_search,True,Maximum number of iterations has been exceeded.,113.17819244980905,1440.576140592592,0.9174253000091994
2025-11-05,14,1440.576140592592,48308.799065677114,48803.865733343766,-2517.822421087846,-2114.9147205945014,-782.4448120403431,-1278.9784724960707,0.926024325745975,0.6941587877866215,-0.6882657349235359,496.26250521087576,-425.0306235199092,49300.128238554644,48378.835109823856,921.2931287307849,316,0.8764897000073688,differential_evolution_bounded_direct_search,True,Maximum number of iterations has been exceeded.,14.13563915833264,1976.4843841957652,0.9594542999984697
2025-11-06,14,1976.4843841957652,47226.84818011284,47721.91484777951,-4649.0449849136585,-4490.205037910556,-781.2941502868689,-657.4715475746561,0.1953005331548212,1.3096851239805747,1.6881105162380683,358.83305943749485,-432.64395823900855,48080.747907217,47289.2708895405,791.4770176765035,316,0.7817890000005718,differential_evolution_bounded_direct_search,True,Maximum number of iterations has been exceeded.,2990.422846733126,1598.136296555554,1.081806999995024
2025-11-07,14,1598.136296555554,18524.70738263332,19019.774050299995,-4345.976856049323,-7646.289574149228,-4830.34874132929,-4820.662370220219,-0.09380470587447354,0.5065268752913559,-1.8479453993639074,-529.8413493866733,-782.1509876795377,18489.932700913323,18237.623062620456,252.3096382928644,316,0.532560999999987,differential_evolution_bounded_direct_search,True,Maximum number of iterations has been exceeded.,0.0,1798.5778678201061,0.775819299989962
2025-11-08,14,1798.5778678201061,18250.91746748188,18745.984135148545,-5662.228865271025,-7697.134555928497,-3302.4407284081635,-228.33353183359222,-0.42909218007376304,0.24753071429793305,1.1492901948968175,-493.417799118767,-780.5118735089436,18252.566336029777,17965.472261639603,287.0940743901766,316,1.203930700008641,differential_evolution_bounded_direct_search,True,Maximum number of iterations has been exceeded.,0.0,1857.351063624339,1.5273179999931017
2025-11-09,14,1857.351063624339,48861.43665764077,49356.50332530745,-8311.529551649775,-1937.752648148322,-635.3880668601249,-1856.0827570574759,1.767059913537616,0.7498047293908994,-1.9051820975245404,429.0193328283609,-362.4828181500828,49785.522658135815,48994.020507157366,791.5021509784438,316,0.695659799996065,differential_evolution_bounded_direct_search,True,Maximum number of iterations has been exceeded.,0.0,1575.4602639947066,0.934841399997822
2025-11-10,14,1575.4602639947066,49170.95964666138,49666.02631432803,-97.8263933751176,-3247.5446609913743,-9490.6616306533,-554.5171803827398,1.2010399413795665,-0.3876366972251204,-0.4006105224547276,602.5854611503164,-467.7941575183334,50268.61177547835,49198.232156809696,1070.3796186686498,316,0.7157981999916956,differential_evolution_bounded_direct_search,True,Maximum number of iterations has been exceeded.,922.8304882525488,1525.9079566296296,0.9132490000047255
2025-11-11,14,1525.9079566296296,49677.510108555885,50172.576776222544,-5507.4871689132815,-2358.755760871898,-3116.1010090697955,-1628.4964401474926,1.1451282922093236,0.7087479128685814,-1.4758697216316494,460.15803961547044,-524.7688027171647,50632.73481583801,49647.807973505376,984.9268423326351,316,0.8667043000023114,differential_evolution_bounded_direct_search,True,Maximum number of iterations has been exceeded.,0.0,1797.5965376878335,1.0712636999960523
2025-11-12,14,1797.5965376878335,50096.516184004504,50591.58285167119,-4839.799466405103,-818.7241748554218,-5990.329819527411,-8630.502532128548,1.3636069724380437,1.2353625161141712,-1.4325422903989096,462.35696547709506,-561.5191531976673,51053.93981714829,50030.063698473525,1023.8761186747623,316,0.6140235000057146,differential_evolution_bounded_direct_search,True,Optimization terminated successfully.,0.0,1661.5622688095277,0.800560100004077
2025-11-13,14,1661.5622688095277,50117.15515825877,50612.22182592544,-5045.445346401927,-2385.7376345630814,-6719.436489865066,-4440.413703481948,-0.45697101963647624,-1.4952289148872902,-0.6249255336450918,440.10255366312924,-496.0322201705059,51052.324379588565,50116.18960575493,936.1347738336351,316,0.9644238999899244,differential_evolution_bounded_direct_search,True,Maximum number of iterations has been exceeded.,184.47377574793407,1798.4291012962958,1.2043603000056464
2025-11-14,14,1798.4291012962958,19157.06841983703,19652.135087503695,-6857.829609058517,-9020.156194262787,-7047.274118231753,-9198.96707710982,-0.44137185693275893,-0.1810337771711008,1.356387629804257,-494.6812046784258,-766.3754901445681,19157.45388282527,18885.759597359127,271.6942854661423,281,0.5247168000059901,differential_evolution_bounded_direct_search,True,Optimization terminated successfully.,0.0,2065.703880523809,0.9384202000073856
2025-11-15,14,2065.703880523809,18791.048300358958,19286.114968025624,-4446.694446113388,-1786.815373320934,-739.7109467725073,-5007.290940821988,-1.3535933542710938,-0.32252232221710697,1.4471747226950855,-486.6503277697358,-762.9620797404988,18799.464640255886,18523.152888285123,276.311751970763,316,0.7856496000022162,differential_evolution_bounded_direct_search,True,Maximum number of iterations has been exceeded.,0.0,1833.0524514867711,0.949965699997847
2025-11-16,14,1833.0524514867711,51263.997900163675,51759.06456783034,-4420.736883067994,-1342.8340898066126,-947.3559057758554,-5283.295067835772,1.5421867484205403,-0.5961266461553065,0.7455346910074176,418.35555671151224,-594.1414032855099,52177.42012454185,51164.92316454483,1012.4969599970221,316,0.8245480000041425,differential_evolution_bounded_direct_search,True,Maximum number of iterations has been exceeded.,12.00304163333323,1774.6886709682542,1.0051836999919033
2025-11-17,14,1774.6886709682542,52071.843294362145,52566.90996202879,-3712.452979100994,-4848.913052400865,-2972.80827361381,-2667.429801571366,0.40948589594064977,-0.7265154634820665,0.4983499139075702,398.7965924907526,-621.9049099206986,52965.706554519544,51945.00505210809,1020.7015024114512,316,0.9314763000002131,differential_evolution_bounded_direct_search,True,Maximum number of iterations has been exceeded.,0.0,1989.7146494232834,1.1504391000053147
2025-11-18,14,1989.7146494232834,51411.09625650419,51906.16292417086,-3274.1951848625918,-8591.684554417663,-6809.301631258182,-5996.3043821186175,-0.637570372149431,-0.6487901192197358,-1.3680866358200456,413.1753811244397,-597.400388989235,52319.3383052953,51308.762535181624,1010.5757701136747,316,0.5790183000062825,differential_evolution_bounded_direct_search,True,Maximum number of iterations has been exceeded.,0.0,1907.592486809524,0.8229852999938885
2025-11-19,14,1907.592486809524,51519.81366014869,52014.88032781532,-7590.1869000225115,-9215.55912818147,-2787.6609562027484,-2176.2089634498975,-1.5788083974638965,-0.6175997427726845,-0.5500866569035385,388.0814363735993,-595.0651349823786,52402.96176418892,51419.81519283294,983.1465713559778,316,0.7407010000024457,differential_evolution_bounded_direct_search,True,Maximum number of iterations has been exceeded.,0.0,1589.3675399153424,1.277919899992412
2025-11-20,14,1589.3675399153424,52469.18253870732,52964.24920637398,-6249.736169580587,-5148.472310333074,-6237.669312661929,-6037.599923454856,-1.2333558844674286,-1.409038513689052,-1.338501199677054,328.69243136332847,-626.9579527341857,53292.941637737305,52337.29125363979,955.6503840975142,316,0.6776276000018697,differential_evolution_bounded_direct_search,True,Maximum number of iterations has been exceeded.,0.0,1844.9853264444407,1.1575031999964267
2025-11-21,14,1844.9853264444407,19353.188190076464,19848.25485774313,-71.3789126507816,-5216.603811230597,-5915.212138449753,-3032.3481451372486,1.9847070591232967,1.2297558003049005,0.5509445216901359,-490.52815293358447,-798.8797095902736,19357.726704809545,19049.375148152856,308.3515566566891,316,0.9090574000001652,differential_evolution_bounded_direct_search,True,Maximum number of iterations has been exceeded.,0.0,2040.5224595608465,1.371321699989494
2025-11-22,14,2040.5224595608465,19534.64886499421,20029.71553266087,-2305.7692156476687,-6775.8454817375095,-5183.604386317875,-8201.62743424013,-0.5264532499889829,-0.7059499402336527,-1.1029485317875736,-507.93183554361974,-806.947440828244,19521.78369711725,19222.768091832626,299.01560528462426,316,1.0979490000027,differential_evolution_bounded_direct_search,True,Maximum number of iterations has been exceeded.,0.0,1916.8639478306873,1.4105329000012716
2025-11-23,14,1916.8639478306873,52935.636850503135,53430.70351816981,-5697.315930743881,-6035.5375741801045,-7400.015082902348,-1894.1607359259428,-0.5983026176001287,-1.0716073374229573,1.3501546495580432,-71.44302776824036,-726.1948516870896,53359.26049040157,52704.50866648272,654.7518239188493,316,1.5235072999930708,differential_evolution_bounded_direct_search,True,Maximum number of iterations has been exceeded.,0.0,1874.9897870740772,1.8420839000027627
2025-11-24,14,1874.9897870740772,52210.68858298345,52705.755250650116,-1546.363807004267,-1256.8831131036272,-6133.27358427221,-621.4230664640322,1.235992989208882,-0.7379507463170252,1.6933354305452903,-131.83922802826825,-731.7159389886305,52573.916022621845,51974.03931166149,599.8767109603622,316,0.7208078999974532,differential_evolution_bounded_direct_search,True,Maximum number of iterations has been exceeded.,85.71106349999933,1367.7118361587309,0.9435965000011493
2025-11-25,14,1367.7118361587309,52763.99325904513,53259.05992671178,-883.4474626093275,-9185.848947532066,-395.52560713484615,-7021.8785421506645,-0.11590080246688705,-1.1467570759492638,-0.6131833374703559,-152.67065077185407,-725.7667887561003,53106.389275939924,52533.293137955676,573.0961379842462,316,0.3900580000045011,differential_evolution_bounded_direct_search,True,Maximum number of iterations has been exceeded.,0.0,1740.602282629628,0.5348433000035584
2025-11-26,14,1740.602282629628,52928.66911465171,53423.73578231836,-1008.6033702197934,-842.1935815318012,-9013.621361412073,-5731.03756155251,1.5331010464520425,1.6769627874591944,1.49019897906504,-94.40787338034008,-710.6136444723269,53329.32790893802,52713.12213784604,616.2057710919868,316,0.3987022999936016,differential_evolution_bounded_direct_search,True,Maximum number of iterations has been exceeded.,209.30622008333327,2178.2326682222215,0.5859283999889158
2025-11-27,14,2178.2326682222215,52809.791411574246,53304.858079240905,-3163.9047955703186,-3396.750262989654,-254.24165994057512,-3067.9125722211616,0.07175160091114119,-1.1015590890900522,-1.1842780291961845,-45.750106083550676,-645.3838328313719,53259.107973157355,52659.47424640953,599.6337267478212,316,0.32539790000009816,differential_evolution_bounded_direct_search,True,Maximum number of iterations has been exceeded.,0.0,1968.1998403703712,0.3896674999996321
2025-11-28,14,1968.1998403703712,19703.60937472462,20198.676042391286,-9333.739061409886,-2866.52362982168,-711.3594259744737,-6268.05960091147,-1.6578096962710211,-0.6305290796213745,-0.7262667668775631,-528.8002437966896,-796.9021017198955,19669.875798594596,19401.77394067139,268.1018579232059,316,0.42601729999296367,differential_evolution_bounded_direct_search,True,Maximum number of iterations has been exceeded.,0.0,1830.2486600740733,0.4935724999959348
2025-11-29,14,1830.2486600740733,20244.996173334526,20740.062841001196,-399.94249454840764,-6223.363491963403,-7708.576349859035,-1626.1726048578619,-0.44446266757847264,-0.9168091110865042,-0.9800820738988523,-520.7422360795982,-784.8591888534346,20219.3206049216,19955.20365214776,264.1169527738364,316,0.48369789999560453,differential_evolution_bounded_direct_search,True,Maximum number of iterations has been exceeded.,0.0,1663.6749115396865,0.5480473000061465
2025-11-30,14,1663.6749115396865,53714.05367087125,54209.120338537934,-4600.491386398315,-8493.898481328271,-785.6233846483083,-1690.338293117118,-1.0528540569851108,-0.1080574613347034,1.5335755403420506,262.0788628056356,-425.32005870466594,54471.19920134357,53783.80027983327,687.3989215103015,316,0.5884200000000419,differential_evolution_bounded_direct_search,True,Maximum number of iterations has been exceeded.,8.49178256785748,1599.3829692962968,0.7494214000034845
2025-12-01,14,1599.3829692962968,54546.618436977646,55041.68510464432,-4263.581019949417,-386.60151267043614,-844.6752832437195,-3916.652251472464,-0.32325194574420024,-0.28529778475962164,1.7230559012553317,43.127716517462076,-504.7679616729617,55084.81282116178,54536.91714297136,547.8956781904237,316,0.4125778000015998,differential_evolution_bounded_direct_search,True,Maximum number of iterations has been exceeded.,20539.575985341424,1464.2607629259262,0.46414219999860507
2025-12-02,14,1464.2607629259262,55354.95666134148,55850.02332900815,-52.73933454470132,-6740.244102199821,-5379.104217112274,-8045.822336585037,1.3305026444118373,-1.6772114325097818,1.2280729486375237,911.9084618045651,401.1802099612604,56761.93179081272,56251.203538969414,510.72825184330475,316,0.4555503999872599,differential_evolution_bounded_direct_search,True,Maximum number of iterations has been exceeded.,22295.34971926538,1404.1843,0.5085681999917142
2025-12-03,14,1404.1843,56684.35927423916,57179.425941905836,2577.6616066350784,-169.84725924027975,-4820.758472769884,-3512.5632172959704,0.08110804077113398,0.7446967664271669,-0.4451545592100543,1839.8955199575378,1468.1770228039939,59019.32146186337,58647.60296470983,371.7184971535439,316,0.502972200003569,differential_evolution_bounded_direct_search,True,Maximum number of iterations has been exceeded.,6549.056892592192,1256.2343944074073,0.6487151000037557
2025-12-04,14,1256.2343944074073,57358.26902878815,57853.33569645486,76.64907578404225,-3544.7479340112272,-553.4758964439718,-8559.112295123103,-1.7325536688747203,0.9400160236279955,0.21905884556151722,1780.7935823896607,1257.990589415204,59634.12927884452,59111.32628587006,522.8029929744566,316,0.5562473000027239,differential_evolution_bounded_direct_search,True,Maximum number of iterations has been exceeded.,7831.513439230909,1338.99380862963,0.7129953999974532
2025-12-05,14,1338.99380862963,24197.811324062477,24692.877991729143,4080.41189641243,-8462.695110542061,-922.9871770813513,-732.507524541795,-0.48263550096948116,0.5060821029947835,1.0246000409701943,937.3389002622054,257.941205401368,25630.21689199135,24950.81919713051,679.3976948608374,316,0.3554902000032598,differential_evolution_bounded_direct_search,True,Maximum number of iterations has been exceeded.,822.5253199245234,1506.5655870687854,0.4925014999898849
2025-12-06,14,1506.5655870687854,24563.270926898407,25058.337594565084,-8903.989693178428,-3686.950656285957,-989.5484132184738,-2916.527326596637,1.661670623883841,1.5670967768350863,1.0398646988847395,497.01103688153535,-57.410361313347686,25555.34863144662,25000.927233251736,554.4213981948831,316,0.26042609999421984,differential_evolution_bounded_direct_search,True,Maximum number of iterations has been exceeded.,707.240762986454,1488.0326660740743,0.38063420000253245
2025-12-07,14,1488.0326660740743,60477.04047229978,60972.107139966436,-21.429054108293144,-4597.694404124348,-405.13148624137364,-4576.648190115622,1.771698609142125,-1.6493782725678892,-1.4481629696656935,710.7990477395766,182.54231488761243,61682.906187706016,61154.64945485405,528.2567328519642,316,0.6075203000073088,differential_evolution_bounded_direct_search,True,Maximum number of iterations has been exceeded.,374.15144997410374,1567.7141033068767,0.8443473999941489
2025-12-08,14,1567.7141033068767,65691.99575832248,66187.0624259891,-177.64322475747747,-2935.3053712525634,-7643.922882389997,-7828.250192157608,0.9129455525384582,0.17160780621045735,-0.34783859027867314,599.1140686238932,46.850061053930524,66786.176494613,66233.91248704304,552.2640075699627,316,0.48014339999645017,differential_evolution_bounded_direct_search,True,Maximum number of iterations has been exceeded.,0.0,2062.817839925928,0.5453995000134455
2025-12-09,14,2062.817839925928,65882.01619909043,66377.08286675707,-214.8480674050667,-2892.3377969164994,-2805.170154075748,-8945.244288664107,-0.3583328082536015,-1.0381949566076916,1.2832286418121446,602.9973158973911,49.00754409473325,66980.08018265446,66426.09041085182,553.9897718026579,316,0.22275200000149198,differential_evolution_bounded_direct_search,True,Maximum number of iterations has been exceeded.,0.0,2011.227101814817,0.2969112999999197
2025-12-10,14,2011.227101814817,65021.76233449989,65516.82900216655,-8423.833572329624,-174.6328839285223,-7584.508621194042,-5290.485883079684,-0.12211463212050955,-0.49653551342607516,0.4806383512547727,607.3542810454771,27.325642148996515,66124.18328321203,65544.15464431555,580.0286388964806,316,0.4038431000080891,differential_evolution_bounded_direct_search,True,Maximum number of iterations has been exceeded.,0.0,1846.224413269841,0.49045890000707004
2025-12-11,14,1846.224413269841,66087.22243028702,66582.28909795368,-121.25269366831297,-5084.5978771978325,-4432.561501233733,-970.6838811046041,1.1319047833985105,-1.16526499913206,-0.9182966332649287,626.4011450855959,33.42981014519915,67208.69024303927,66615.71890809888,592.9713349403968,316,0.5305812000005972,differential_evolution_bounded_direct_search,True,Maximum number of iterations has been exceeded.,0.0,2112.1106547777795,0.58061920000182
2025-12-12,14,2112.1106547777795,29305.357782452844,29800.42445011949,-146.23463911993255,-4349.90578225077,-7671.128909956212,-774.5115908827497,-0.7539204576770446,-0.8224607635600276,-0.6307825809462158,320.29739328776037,-214.76616216582548,30120.721843407253,29585.658287953665,535.0635554535859,316,0.5062604999984615,differential_evolution_bounded_direct_search,True,Maximum number of iterations has been exceeded.,0.0,2074.793045185186,0.6583175999985542
2025-12-13,14,2074.793045185186,29833.864206013062,30328.93087367973,-170.73603455865722,-5561.288707449677,-497.268815785549,-2218.158723430972,1.5549332778598943,0.8998902465362852,1.223417646905558,299.39572964552445,-247.77496611085954,30628.32660332525,30081.155907568867,547.170695756384,316,0.1905412000051001,differential_evolution_bounded_direct_search,True,Maximum number of iterations has been exceeded.,0.0,2246.1491692910035,0.26035729999421164
2025-12-14,14,2246.1491692910035,65879.24335682778,66374.31002449444,-6515.565466060495,-410.51548467542955,-9241.137778636124,-7895.605338075407,0.8802879942209487,-0.30778502217862735,-1.3766995258120591,682.4130278694305,-10.32551564219111,67056.72305236387,66363.98450885224,692.7385435116216,316,0.811659500002861,differential_evolution_bounded_direct_search,True,Maximum number of iterations has been exceeded.,0.0,1984.9061286666645,0.9812130000063917
2025-12-15,14,1984.9061286666645,65524.026848110254,66019.09351577694,-2739.8410824962652,-6635.886777714051,-545.8525686451019,-3994.937987319536,0.02441524850036414,1.8114223384531103,1.2703602619423608,723.497415976283,20.02736563885308,66742.59093175322,66039.1208814158,703.4700503374299,316,0.5965243999962695,differential_evolution_bounded_direct_search,True,Maximum number of iterations has been exceeded.,0.0,1948.767360592595,0.7674646999948891
2025-12-16,14,1948.767360592595,65674.15441368759,66169.22108135428,-9194.551258000358,-119.33759209357646,-3123.5195395014734,-2269.8535476465904,-0.9019960689855402,-1.3872959167874512,-0.5205672419596592,979.4773274776019,375.2334693413335,67148.69840883189,66544.4545506956,604.2438581362684,316,0.16828120000718627,differential_evolution_bounded_direct_search,True,Maximum number of iterations has been exceeded.,0.0,1933.342928370372,0.278405399993062
2025-12-17,14,1933.342928370372,64422.650477511255,64917.717145177914,9400.485348454857,-3756.7052376546158,-525.8566384253716,-4254.101022311465,0.44224200017318793,-0.08282305705837478,1.2762086599770606,1162.2854801383735,450.791287391895,66080.0026253163,65368.50843256981,711.4941927464785,316,0.20901089999824762,differential_evolution_bounded_direct_search,True,Maximum number of iterations has been exceeded.,24.771239826666775,2005.08967242328,0.2682700000004843
2025-12-18,14,2005.08967242328,63451.97141816038,63947.03808582705,4018.931878838536,-4240.711982157638,-6154.979184093512,-311.576380657381,0.7155303186217088,0.5369796229636319,-0.36415864135843834,1569.7364281429566,934.4911129629667,65516.774513970006,64881.52919879002,635.2453151799899,316,0.5774602999881608,differential_evolution_bounded_direct_search,True,Maximum number of iterations has been exceeded.,127.5195664466672,1888.9632059259275,0.7433549999987008
2025-12-19,14,1888.9632059259275,27422.45738160459,27917.524049271247,9209.0752939843,-2297.2221622462494,-587.8928657900541,-1397.5278459107403,0.5089016559031019,1.089553259624286,0.25332015226307325,1396.8330440878726,978.5977244074812,29314.357093359118,28896.12177367873,418.2353196803914,316,1.063144400002784,differential_evolution_bounded_direct_search,True,Maximum number of iterations has been exceeded.,9.95651183333344,1779.6048622804199,1.2486161999986507
2025-12-20,14,1779.6048622804199,27069.111440181205,27564.178107847874,6185.492661157892,-241.90137544212325,-188.30069227993036,-1189.8760525301448,0.8306636645509853,0.8355440109535048,-0.4120114184139174,1125.906877742778,792.425120442411,28690.084985590653,28356.603228290285,333.4817573003671,316,0.5696644999989076,differential_evolution_bounded_direct_search,True,Maximum number of iterations has been exceeded.,24.186165439999893,1896.7155250899448,0.7089952999958768
2025-12-21,14,1896.7155250899448,62342.77750140576,62837.844169072465,-237.20865220790373,-513.8803993511949,-2877.1553738613725,-6141.86748625167,0.93274866343187,1.0448491016408097,-0.036926796290937425,230.8019779100281,-31.61018734082491,63068.64614698249,62806.23398173164,262.41216525085304,316,0.5854310000140686,differential_evolution_bounded_direct_search,True,Maximum number of iterations has been exceeded.,0.0,2013.8157604708986,0.7581546000001254
2025-12-22,14,2013.8157604708986,61434.447500728274,61929.51416839495,-1274.939095349037,-3533.68175269925,-5564.669359916799,-1448.982428415831,0.41833573879862573,1.2759876452739891,0.902007304144889,-338.1196077829527,-744.5391617687603,61591.394560611996,61184.975006626184,406.4195539858076,316,0.7125639000005322,differential_evolution_bounded_direct_search,True,Maximum number of iterations has been exceeded.,137.03662472499946,1582.6493629788388,0.7875898999918718
2025-12-23,14,1582.6493629788388,61868.6672186801,62363.73388634679,-2140.892998042407,-6526.70570836679,-7954.455049271482,-8201.97032872348,-0.006243329811888465,-1.4273853620564139,0.2105828163190817,-282.95530482274484,-722.8209106664237,62080.77858152404,61640.91297568037,439.8656058436789,316,0.16986549999273848,differential_evolution_bounded_direct_search,True,Maximum number of iterations has been exceeded.,0.0,1956.8976950740737,0.23276469999109395
2025-12-24,14,1956.8976950740737,61217.249223095714,61712.3158907624,-7097.927887339167,-3297.804780818435,-5100.7395156523735,-311.619284546942,1.661107911248929,-0.7190375276750371,0.5416388159779983,-257.450389734403,-724.0317469258716,61454.865501028,60988.28414383653,466.5813571914686,316,0.23447589999705087,differential_evolution_bounded_direct_search,True,Maximum number of iterations has been exceeded.,0.0,1737.6511701640256,0.30817910000041593
2025-12-25,14,1737.6511701640256,61263.36758241576,61758.43425008244,-6125.357784036334,-8018.480172696269,-7223.344492894491,-1800.7579999399481,-1.8506995361424425,-0.4959552172404864,0.19552890647563315,-196.30437602645947,-729.2196221343614,61562.12987405598,61029.21462794808,532.915246107902,316,0.5531279999995604,differential_evolution_bounded_direct_search,True,Maximum number of iterations has been exceeded.,0.0,1822.7359257037065,0.7186722000042209
2025-12-26,14,1822.7359257037065,26003.02291791783,26498.08958558448,-7474.101611235078,-8918.052148403938,-5652.386855834966,-1320.5117934306409,-0.25757733137630767,-1.4343306003922518,-0.18105858236135397,-413.6530096572833,-819.3047399974881,26084.436575927197,25678.78484558699,405.65173034020484,316,0.4642891000112286,differential_evolution_bounded_direct_search,True,Maximum number of iterations has been exceeded.,0.0,2419.0527223174595,0.5545755999919493
2025-12-27,14,2419.0527223174595,25607.134236375474,26102.20090404214,-7894.448469341512,-5925.346066798041,-4341.755763972308,-2695.147880030232,1.0284252717172948,-0.19815682972299364,0.9366279040783172,-475.28161804968744,-826.8553240182542,25626.91928599245,25275.345580023884,351.5737059685668,316,0.5415204000019003,differential_evolution_bounded_direct_search,True,Maximum number of iterations has been exceeded.,0.0,2179.4043089206343,0.7408896999986609
2025-12-28,14,2179.4043089206343,61339.384970483785,61834.45163815046,-9345.42966788249,-161.60322270542125,-6381.765687976332,-701.7769577989213,1.355953027952296,-1.357967846163204,1.6940890278243148,-334.71604327622975,-713.9556990636403,61499.735594874226,61120.49593908682,379.2396557874105,316,0.47566850000293925,differential_evolution_bounded_direct_search,True,Maximum number of iterations has been exceeded.,108.85311829452377,2094.4176030370368,0.6958558999904199
2025-12-29,14,2094.4176030370368,61356.349066460374,61851.41573412705,-9446.151260191013,-6358.386324960497,-8084.80994219732,-9501.36322087313,0.4846187713069332,0.5881990220401652,-1.9104053847947156,-272.3790288615037,-719.1566270353622,61579.03670526554,61132.25910709168,446.77759817385856,316,0.3344325999933062,differential_evolution_bounded_direct_search,True,Maximum number of iterations has been exceeded.,0.0,1816.5221213333311,0.4050545000063721
2025-12-30,14,1816.5221213333311,60575.74508782965,61070.811755496325,-9583.106525764852,-4185.628744155766,-4510.579380443296,-1910.7912404427168,-0.5427678881857423,0.07590264107612432,-0.9131067391161714,-123.30828446718172,-684.2702421355601,60947.503471029144,60386.54151336077,560.9619576683784,316,0.4395566999883158,differential_evolution_bounded_direct_search,True,Maximum number of iterations has been exceeded.,148.46774659119038,1889.1530402857159,0.6049774999992223
2025-12-31,14,1889.1530402857159,60349.56274713807,60844.629414804745,-3417.1923753385745,-143.5981479029202,-6772.883530573079,-818.6792655674406,1.6228298107242738,0.011306055721465036,-1.0046406319517132,-89.08557995355316,-640.9053274388262,60755.54383485119,60203.72408736592,551.8197474852731,316,0.5209524000092642,differential_evolution_bounded_direct_search,True,Maximum number of iterations has been exceeded.,1299.5565004995974,1583.0998757407415,0.6861091000027955
