date,strategy,initial_soc_kwh,final_soc_kwh,residual_count,q0_cost_face,settlement_cost,retained_cost,down_cost,up_cost,emergency_cost,total_cost,down_kwh,up_kwh,calibration_count,calibration_seconds,day_seconds,cal_0_update_slot,cal_0_method,cal_0_accepted_search,cal_0_evaluations,cal_0_selected_score,cal_0_nit,cal_0_success,cal_0_termination,cal_1_update_slot,cal_1_method,cal_1_accepted_search,cal_1_evaluations,cal_1_selected_score,cal_1_nit,cal_1_success,cal_1_termination,cal_2_update_slot,cal_2_method,cal_2_accepted_search,cal_2_evaluations,cal_2_selected_score,cal_2_nit,cal_2_success,cal_2_termination
2025-02-01,M612,2148.5983254415123,2508.7144958198596,21,25122.92052040696,24049.067400401393,22975.21428039582,1073.8531200055704,0.0,0.0,24049.067400401393,3743.23215450317,0.0,3,0.9654951999982586,1.1436520999995992,0,differential_evolution_staged_direct_search,True,17,-4211.022529289439,2,True,population_collapse_convergence,36,differential_evolution_staged_direct_search,True,92,-3373.549548019606,8,False,maxiter_budget,72,differential_evolution_staged_direct_search,True,82,-766.3509496042482,3,True,population_collapse_convergence
2025-02-02,M612,2508.7144958198596,2432.655758115517,21,58996.49395725751,57148.08518095488,55246.67765956143,1874.9081488480394,26.499372545409756,0.0,57148.08518095488,5502.941543653651,15.207237981928643,3,1.1514962999790441,1.3341880999942077,0,differential_evolution_staged_direct_search,True,17,-4454.21153591025,2,True,population_collapse_convergence,36,differential_evolution_staged_direct_search,True,32,-2614.708605300896,2,True,population_collapse_convergence,72,differential_evolution_staged_direct_search,True,142,-737.3967239432602,6,True,population_collapse_convergence
2025-02-03,M612,2432.655758115517,2357.765905944032,21,60226.03996277323,57871.63522643694,55517.23049010064,2354.404736336297,0.0,0.0,57871.63522643694,6569.236430864647,0.0,3,1.4354082999925595,1.6307835999905365,0,differential_evolution_staged_direct_search,True,17,-4454.21153591025,2,True,population_collapse_convergence,36,differential_evolution_staged_direct_search,True,42,-2901.8243854323587,3,True,population_collapse_convergence,72,differential_evolution_staged_direct_search,True,182,-713.732448571899,8,False,maxiter_budget
2025-02-04,M612,2357.765905944032,2281.741722592595,21,62728.12791478154,60220.277900324,57712.42788586646,2507.850014457541,0.0,0.0,60220.277900324,6901.2973684219,0.0,3,1.5137357000057818,1.6789387000026181,0,differential_evolution_staged_direct_search,True,12,-4454.086776265291,1,True,population_collapse_convergence,36,differential_evolution_staged_direct_search,True,92,-2420.9704024738367,8,False,maxiter_budget,72,differential_evolution_staged_direct_search,True,182,-698.1375056364333,8,False,maxiter_budget
2025-02-05,M612,2281.741722592595,2066.2306957588985,21,58192.622895669156,57230.89915730916,55750.855860231546,1220.8835177188002,259.15977935880977,0.0,57230.89915730916,3283.6921562988964,201.78048914921257,3,1.4467632000159938,1.6122625999996671,0,differential_evolution_staged_direct_search,True,17,-4453.80261841074,2,True,population_collapse_convergence,36,differential_evolution_staged_direct_search,True,62,-2374.6615983568154,5,True,population_collapse_convergence,72,differential_evolution_staged_direct_search,True,182,-700.2342982427687,8,False,maxiter_budget
2025-02-06,M612,2066.2306957588985,2102.877087407407,21,62584.61666116369,59310.39381972789,56036.17097829208,3274.2228414358024,0.0,29.57191160458339,59339.96573133247,9333.626279285247,0.0,3,1.5269167000078596,1.709222299992689,0,differential_evolution_staged_direct_search,True,17,-4453.80261841074,2,True,population_collapse_convergence,36,differential_evolution_staged_direct_search,True,92,-2818.8675262639686,8,False,maxiter_budget,72,differential_evolution_staged_direct_search,True,182,-708.112584166973,8,False,maxiter_budget
2025-02-07,M612,2102.877087407407,1751.7743589321651,21,24763.220491903005,23463.266061061564,22163.31163022013,1299.9544308414347,0.0,0.0,23463.266061061564,4825.83564111013,0.0,3,1.4883245000091847,1.7103897999913897,0,differential_evolution_staged_direct_search,True,12,-4453.80261841074,1,True,population_collapse_convergence,36,differential_evolution_staged_direct_search,True,32,-2648.3093869694235,2,True,population_collapse_convergence,72,differential_evolution_staged_direct_search,True,182,-751.1829990907581,8,False,maxiter_budget
2025-02-08,M612,1751.7743589321651,1649.1427701851856,21,19428.03206799267,19593.314520343174,19428.03206799267,0.0,165.282452350504,523.7902914929982,20117.104811836172,0.0,152.28525032041398,3,1.425323199990089,1.6509933000052115,0,differential_evolution_staged_direct_search,True,12,-3506.975843871751,1,True,population_collapse_convergence,36,differential_evolution_staged_direct_search,True,32,-3410.60683607982,2,True,population_collapse_convergence,72,differential_evolution_staged_direct_search,True,162,-793.2050663243206,7,True,population_collapse_convergence
2025-02-09,M612,1649.1427701851856,1427.5166907254174,21,56857.035336288434,55698.11347022548,54539.19160416252,1158.9218660629576,0.0,0.0,55698.11347022548,3252.978003646531,0.0,3,1.5418977000081213,1.7254222000046866,0,differential_evolution_staged_direct_search,True,17,-4453.483613600071,2,True,population_collapse_convergence,36,differential_evolution_staged_direct_search,True,32,-3052.19554848336,2,True,population_collapse_convergence,72,differential_evolution_staged_direct_search,True,182,-649.4031507631089,8,False,maxiter_budget
2025-02-10,M612,1427.5166907254174,1441.5087694025926,21,54251.464776007524,52266.84727093327,50282.229765859025,1984.6175050742522,0.0,0.0,52266.84727093327,5404.159521038251,0.0,3,1.760092499986058,1.9767763999989256,0,differential_evolution_staged_direct_search,True,17,-4453.253474467541,2,True,population_collapse_convergence,36,differential_evolution_staged_direct_search,True,92,-2576.718849942403,8,False,maxiter_budget,72,differential_evolution_staged_direct_search,True,182,-668.5999626301449,8,False,maxiter_budget
2025-02-11,M612,1441.5087694025926,1520.2362664814812,21,54142.5033879848,52100.99703955616,50059.49069112753,2041.5063484286325,0.0,693.8943712214817,52794.89141077764,5269.218919171849,0.0,3,1.5393841999903088,1.7395491999923252,0,differential_evolution_staged_direct_search,True,17,-4453.417446728599,2,True,population_collapse_convergence,36,differential_evolution_staged_direct_search,True,42,-2928.154543052272,3,True,population_collapse_convergence,72,differential_evolution_staged_direct_search,True,182,-711.9990901386072,8,False,maxiter_budget
2025-02-12,M612,1520.2362664814812,1445.1392811515611,21,54446.26507903356,52390.75676989853,50335.2484607635,2055.5083091350334,0.0,43.074395757536664,52433.83116565607,5527.487932219565,0.0,3,1.5996275000215974,1.7802565000019968,0,differential_evolution_staged_direct_search,True,12,-4452.143111505684,1,True,population_collapse_convergence,36,differential_evolution_staged_direct_search,True,92,-2934.208540824819,8,False,maxiter_budget,72,differential_evolution_staged_direct_search,True,182,-642.3484065512815,8,False,maxiter_budget
2025-02-13,M612,1445.1392811515611,1659.9019477777783,21,50502.31887876829,49348.896213048945,48102.39688682171,1199.9609959732925,46.538330253946675,204.35109454130685,49553.24730759025,3387.985832554881,39.29668219969028,3,1.4256157000054372,1.6118424000014784,0,differential_evolution_staged_direct_search,True,17,-4451.356494996654,2,True,population_collapse_convergence,36,differential_evolution_staged_direct_search,True,42,-2727.432388254317,3,True,population_collapse_convergence,72,differential_evolution_staged_direct_search,True,182,-689.3123058701083,8,False,maxiter_budget
2025-02-14,M612,1659.9019477777783,1710.8654593832246,21,19413.684048331575,19692.778217216655,19306.509305263527,53.58737153402379,332.6815404190995,0.0,19692.778217216655,260.5755970533615,282.3619737247113,3,1.4983955000061542,1.6798211999994237,0,differential_evolution_staged_direct_search,True,47,-3446.5011941465386,8,False,maxiter_budget,36,differential_evolution_staged_direct_search,True,32,-3247.1319497257064,2,True,population_collapse_convergence,72,differential_evolution_staged_direct_search,True,182,-788.3886523382957,8,False,maxiter_budget
2025-02-15,M612,1710.8654593832246,1252.4573435185184,21,19964.3242656637,19581.093747092502,19197.863228521303,383.23051857119816,0.0,4.972879202868312,19586.06662629537,1164.120033859821,0.0,3,1.4186022000212688,1.6156942999950843,0,differential_evolution_staged_direct_search,True,12,-3325.5991195759425,1,True,population_collapse_convergence,36,differential_evolution_staged_direct_search,True,32,-3519.736968704382,2,True,population_collapse_convergence,72,differential_evolution_staged_direct_search,True,182,-724.2032578340564,8,False,maxiter_budget
2025-02-16,M612,1252.4573435185184,1419.4954316666672,21,54690.094225309644,52244.96247520792,49799.83072510619,2445.1317501017293,0.0,466.13896275706895,52711.101437964986,6565.640238013365,0.0,3,1.6559498999849893,1.8507709999976214,0,differential_evolution_staged_direct_search,True,17,-4452.05663222496,2,True,population_collapse_convergence,36,differential_evolution_staged_direct_search,True,92,-2711.5612352561425,8,False,maxiter_budget,72,differential_evolution_staged_direct_search,True,182,-626.1467301285127,8,False,maxiter_budget
2025-02-17,M612,1419.4954316666672,1503.9346153703705,21,53864.35403135228,50486.590723543675,47108.82741573507,3377.7633078086105,0.0,756.2862169518203,51242.876940495495,10096.186196929379,0.0,3,1.7203633000171976,1.907997999995132,0,differential_evolution_staged_direct_search,True,17,-4453.702722987062,2,True,population_collapse_convergence,36,differential_evolution_staged_direct_search,True,92,-2816.3704920443865,8,False,maxiter_budget,72,differential_evolution_staged_direct_search,True,182,-670.6449177761165,8,False,maxiter_budget
2025-02-18,M612,1503.9346153703705,1786.6478104095347,21,48134.331450478,48272.69115349563,47766.639173706164,183.84613838592128,322.2058414035487,7.567044988885594,48280.25819848452,494.8855784317502,429.28464071302596,3,1.3904374999983702,1.555496700006188,0,differential_evolution_staged_direct_search,True,17,-4453.606984420772,2,True,population_collapse_convergence,36,differential_evolution_staged_direct_search,True,52,-2477.24374067532,4,True,population_collapse_convergence,72,differential_evolution_staged_direct_search,True,182,-609.4201589952895,8,False,maxiter_budget
2025-02-19,M612,1786.6478104095347,1233.2996238888918,21,48262.00655365612,48690.56866298034,48115.97180034338,73.01737665637374,501.5794859805919,241.2810754166669,48931.849738397,210.65108422468234,639.828658885403,3,1.6945127999933902,1.867824799992377,0,differential_evolution_staged_direct_search,True,27,-4455.155284029003,4,True,population_collapse_convergence,36,differential_evolution_staged_direct_search,True,92,-2954.33526630216,8,False,maxiter_budget,72,differential_evolution_staged_direct_search,True,182,-467.06163721290994,8,False,maxiter_budget
2025-02-20,M612,1233.2996238888918,1556.4599179966463,21,49945.473582246006,48785.6137159912,47485.60352244035,1229.935029902826,70.07516364802711,353.93152005260185,49139.54523604381,3769.1770004653567,56.4179386760739,3,1.4573764000087976,1.6391214999894146,0,differential_evolution_staged_direct_search,True,22,-4454.7555365699045,3,True,population_collapse_convergence,36,differential_evolution_staged_direct_search,True,32,-2879.854329489131,2,True,population_collapse_convergence,72,differential_evolution_staged_direct_search,True,182,-561.046930614357,8,False,maxiter_budget
2025-02-21,M612,1556.4599179966463,1619.894345489485,21,18406.4935065665,18365.3902599395,18324.287013312496,41.103246627001774,0.0,0.0,18365.3902599395,76.52810766524254,0.0,3,1.3921909999917261,1.5522426999959862,0,differential_evolution_staged_direct_search,True,17,-3122.3730804594747,2,True,population_collapse_convergence,36,differential_evolution_staged_direct_search,True,42,-3170.6806497359858,3,True,population_collapse_convergence,72,differential_evolution_staged_direct_search,True,182,-714.8757512972755,8,False,maxiter_budget
2025-02-22,M612,1619.894345489485,1859.077018939761,21,18836.3850757875,18744.785040437873,18585.686834047236,125.34912087013387,33.74908552050599,0.0,18744.785040437873,370.3855755644565,29.169809984376712,3,0.987558299995726,1.1734207999979844,0,differential_evolution_staged_direct_search,True,17,-2888.767141585803,2,True,population_collapse_convergence,36,differential_evolution_staged_direct_search,True,52,-3313.012492811579,4,True,population_collapse_convergence,72,differential_evolution_staged_direct_search,True,122,-774.1032914890512,5,True,population_collapse_convergence
2025-02-23,M612,1859.077018939761,1493.1892830679676,21,49070.74419389351,48561.56963689875,46837.64394855141,1116.550122671048,607.3755656762869,42.631947473287404,48604.20158437204,3147.652403481096,585.101811331456,3,1.0592403000046033,1.21595189999789,0,differential_evolution_staged_direct_search,True,27,-4455.250710239076,4,True,population_collapse_convergence,36,differential_evolution_staged_direct_search,True,92,-2760.8501962443606,8,False,maxiter_budget,72,differential_evolution_staged_direct_search,True,102,-648.630027309511,4,True,population_collapse_convergence
2025-02-24,M612,1493.1892830679676,1728.85128685034,21,47611.34017590263,47054.12765069948,46154.89667445064,728.2217507259957,171.009225522846,214.48406303409166,47268.61171373357,1930.1899936260866,244.5434370411068,3,1.4559042000037152,1.627312599986908,0,differential_evolution_staged_direct_search,True,12,-4455.250710239076,1,True,population_collapse_convergence,36,differential_evolution_staged_direct_search,True,92,-2626.989729816169,8,False,maxiter_budget,72,differential_evolution_staged_direct_search,True,182,-676.4808117315193,8,False,maxiter_budget
2025-02-25,M612,1728.85128685034,1424.029410352074,21,49261.906347347096,46907.92128674562,44553.93622614417,2353.985060601463,0.0,191.58624913333304,47099.507535878955,6985.756212033619,0.0,3,1.3109585999918636,1.4706998000037856,0,differential_evolution_staged_direct_search,True,17,-4455.250710239076,2,True,population_collapse_convergence,36,differential_evolution_staged_direct_search,True,42,-3039.0360376726157,3,True,population_collapse_convergence,72,differential_evolution_staged_direct_search,True,182,-675.0614010040639,8,False,maxiter_budget
2025-02-26,M612,1424.029410352074,2132.6263872222216,21,45050.99317954705,47016.86380904039,45050.99317954703,0.0,1965.87062949335,0.0,47016.86380904039,0.0,2264.2114103069653,3,1.656037799999467,1.8281810999906156,0,differential_evolution_staged_direct_search,True,17,-4455.250710239076,2,True,population_collapse_convergence,36,differential_evolution_staged_direct_search,True,92,-2704.7541310672405,8,False,maxiter_budget,72,differential_evolution_staged_direct_search,True,182,-575.5706266019448,8,False,maxiter_budget
2025-02-27,M612,2132.6263872222216,1839.3886988888892,21,45564.35949988295,45644.17309754102,45030.98919925504,266.68515031395833,346.4987479720305,68.97582373494666,45713.14892127596,958.5370241131279,343.48973972944697,3,1.3157998999813572,1.5452129999903264,0,differential_evolution_staged_direct_search,True,17,-4455.250710239076,2,True,population_collapse_convergence,36,differential_evolution_staged_direct_search,True,32,-2777.019021610423,2,True,population_collapse_convergence,72,differential_evolution_staged_direct_search,True,182,-667.0413316889989,8,False,maxiter_budget
2025-02-28,M612,1839.3886988888892,1698.5409346729666,21,18105.210628401284,17995.502895361467,17885.795162321643,109.7077330398211,0.0,0.0,17995.502895361467,221.99422763597266,0.0,3,1.479279300008784,1.6483915999997407,0,differential_evolution_staged_direct_search,True,17,-2713.66438671618,2,True,population_collapse_convergence,36,differential_evolution_staged_direct_search,True,92,-3660.8275584006265,8,False,maxiter_budget,72,differential_evolution_staged_direct_search,True,182,-716.4665302644867,8,False,maxiter_budget
2025-03-01,M612,1698.5409346729666,1741.2030005988954,21,20703.01107388095,20354.996921669845,20006.982769458733,348.0141522111071,0.0,0.0,20354.996921669845,1145.2086548062414,0.0,3,1.3268026999867288,1.4947975000104634,0,differential_evolution_staged_direct_search,True,17,-4103.428826920349,2,True,population_collapse_convergence,36,differential_evolution_staged_direct_search,True,32,-4454.7355838136555,2,True,population_collapse_convergence,72,differential_evolution_staged_direct_search,True,182,-717.7490931409895,8,False,maxiter_budget
2025-03-02,M612,1741.2030005988954,1673.9633829366542,21,51881.022968030564,51874.338329581544,49205.789661736446,1337.6166531470603,1330.9320146980463,0.0,51874.338329581544,4481.132830286142,1131.515325756001,3,1.4091986999846995,1.5763602999941213,0,differential_evolution_staged_direct_search,True,17,-4455.250710239076,2,True,population_collapse_convergence,36,differential_evolution_staged_direct_search,True,32,-2481.9258034469303,2,True,population_collapse_convergence,72,differential_evolution_staged_direct_search,True,182,-670.4844583750587,8,False,maxiter_budget
2025-03-03,M612,1673.9633829366542,1606.0151511111117,21,53418.30181980287,51875.60386497082,48818.294827261816,2300.003496270523,757.3055414384755,0.0,51875.60386497082,7312.046206738986,599.5965686790948,3,1.423671699973056,1.5993777999974554,0,differential_evolution_staged_direct_search,True,17,-4455.250710239076,2,True,population_collapse_convergence,36,differential_evolution_staged_direct_search,True,42,-2838.5934575568544,3,True,population_collapse_convergence,72,differential_evolution_staged_direct_search,True,182,-672.9550321772846,8,False,maxiter_budget
2025-03-04,M612,1606.0151511111117,1623.4313266651964,21,47594.32363875832,48036.18177443237,46290.42584407194,651.9488973431833,1093.8070330172404,0.0,48036.18177443237,2323.180883755981,1070.6201309213309,3,1.043141199988895,1.2218946999928448,0,differential_evolution_staged_direct_search,True,22,-4455.250710239076,3,True,population_collapse_convergence,36,differential_evolution_staged_direct_search,True,32,-2602.8175958070574,2,True,population_collapse_convergence,72,differential_evolution_staged_direct_search,True,122,-685.8258110866228,5,True,population_collapse_convergence
2025-03-05,M612,1623.4313266651964,1599.043630020073,21,49869.128730140874,47429.61465538143,44990.10058062198,2439.5140747594523,0.0,0.0,47429.61465538143,7869.342547491033,0.0,3,1.4980272999964654,1.6610041999956593,0,differential_evolution_staged_direct_search,True,17,-4455.250710239076,2,True,population_collapse_convergence,36,differential_evolution_staged_direct_search,True,92,-2883.5059881238576,8,False,maxiter_budget,72,differential_evolution_staged_direct_search,True,182,-698.3064899624204,8,True,maxiter_budget
2025-03-06,M612,1599.043630020073,1583.348445040378,21,46596.856567357565,46135.62881037112,44757.40030530657,919.7281310255003,458.50037403905395,0.0,46135.62881037112,3208.218747458799,364.56781802740755,3,1.1324743999866769,1.3134079000010388,0,differential_evolution_staged_direct_search,True,17,-4455.250710239076,2,True,population_collapse_convergence,36,differential_evolution_staged_direct_search,True,42,-2787.9876718642586,3,True,population_collapse_convergence,72,differential_evolution_staged_direct_search,True,142,-694.3345933985439,6,True,population_collapse_convergence
2025-03-07,M612,1583.348445040378,1881.642743376698,21,18916.63532661185,18407.29622500018,17897.957123388507,509.3391016116719,0.0,0.0,18407.29622500018,1311.6463797789652,0.0,3,1.389328100005514,1.5643120000022464,0,differential_evolution_staged_direct_search,True,22,-2711.539797812829,3,True,population_collapse_convergence,36,differential_evolution_staged_direct_search,True,42,-4270.241798709541,3,True,population_collapse_convergence,72,differential_evolution_staged_direct_search,True,182,-727.6372721967754,8,False,maxiter_budget
2025-03-08,M612,1881.642743376698,1914.8556624367857,21,16893.220724264393,16847.94910454395,16802.677484823507,45.271619720442516,0.0,0.0,16847.94910454395,85.57640616222685,0.0,3,1.3590863999997964,1.5309391999908257,0,differential_evolution_staged_direct_search,True,17,-2343.461941819563,2,True,population_collapse_convergence,36,differential_evolution_staged_direct_search,True,42,-4222.025887851741,3,True,population_collapse_convergence,72,differential_evolution_staged_direct_search,True,182,-735.7130990922511,8,False,maxiter_budget
2025-03-09,M612,1914.8556624367857,1723.9389942790212,21,46926.37258728502,44668.37566122638,42410.378735167746,2257.9969260586386,0.0,0.0,44668.37566122638,7214.446668867635,0.0,3,1.4850276999932248,1.652080500003649,0,differential_evolution_staged_direct_search,True,12,-4452.270015424516,1,True,population_collapse_convergence,36,differential_evolution_staged_direct_search,True,92,-2726.086417650954,8,False,maxiter_budget,72,differential_evolution_staged_direct_search,True,182,-698.281119838609,8,False,maxiter_budget
2025-03-10,M612,1723.9389942790212,1700.8580214205235,21,44818.48395798146,45011.241202114514,44606.48730208493,105.99832794825724,298.7555720813157,436.84478888181957,45448.08599099633,310.26774720844065,240.29581189134956,3,1.2187620000186143,1.3831280000013066,0,differential_evolution_staged_direct_search,True,17,-4452.770830532607,2,True,population_collapse_convergence,36,differential_evolution_staged_direct_search,True,32,-2478.862908667302,2,True,population_collapse_convergence,72,differential_evolution_staged_direct_search,True,182,-721.0207745729015,8,False,maxiter_budget
2025-03-11,M612,1700.8580214205235,2020.3858010181877,21,40050.28542560087,44273.69625644188,39870.91490409951,89.68526075068543,4313.096091591684,0.0,44273.69625644188,208.78490838096542,5600.3712205175125,3,1.4194997000158764,1.5787947000062559,0,differential_evolution_staged_direct_search,True,22,-4453.102349790401,3,True,population_collapse_convergence,36,differential_evolution_staged_direct_search,True,92,-3009.3303023548274,8,False,maxiter_budget,72,differential_evolution_staged_direct_search,True,182,-725.720023041739,8,False,maxiter_budget
2025-03-12,M612,2020.3858010181877,1612.8471259244757,21,45866.44741975475,43685.89542875891,41505.34343776307,2180.5519909958407,0.0,0.0,43685.89542875891,6674.897363492771,0.0,3,1.412164200010011,1.5746747000084724,0,differential_evolution_staged_direct_search,True,12,-4454.347261478331,1,True,population_collapse_convergence,36,differential_evolution_staged_direct_search,True,92,-2845.3721852583953,8,False,maxiter_budget,72,differential_evolution_staged_direct_search,True,182,-702.8334630741268,8,False,maxiter_budget
2025-03-13,M612,1612.8471259244757,1590.8830672222225,21,45477.336423923516,45770.687138823414,44546.419381835454,465.45852104403224,758.8092359439239,566.7226826666478,46337.40982149006,1296.0023030876189,753.9151596678994,3,0.9051253000070574,1.0727991000021575,0,differential_evolution_staged_direct_search,True,17,-4454.24466221502,2,True,population_collapse_convergence,36,differential_evolution_staged_direct_search,True,42,-3141.108357963927,3,True,population_collapse_convergence,72,differential_evolution_staged_direct_search,True,122,-737.2426884088508,5,True,population_collapse_convergence
2025-03-14,M612,1590.8830672222225,1987.9653730173386,21,16209.95040233895,16446.744146677545,16209.950402338949,0.0,236.79374433859527,0.0,16446.744146677545,0.0,192.22138943499735,3,1.4172479000117164,1.57912639999995,0,differential_evolution_staged_direct_search,True,22,-2236.1881250916485,3,True,population_collapse_convergence,36,differential_evolution_staged_direct_search,True,92,-4455.600000000001,8,False,maxiter_budget,72,differential_evolution_staged_direct_search,True,182,-770.4679557405894,8,False,maxiter_budget
2025-03-15,M612,1987.9653730173386,1409.302948888891,21,16041.777550985333,16355.861410990268,16041.77755098533,0.0,314.0838600049347,0.0,16355.861410990268,0.0,250.11012545243486,3,1.0558726000017487,1.2143493000039598,0,differential_evolution_staged_direct_search,True,22,-2267.3006679843706,3,True,population_collapse_convergence,36,differential_evolution_staged_direct_search,True,42,-3471.356934397446,3,True,population_collapse_convergence,72,differential_evolution_staged_direct_search,True,142,-778.3063405932605,6,True,population_collapse_convergence
2025-03-16,M612,1409.302948888891,1844.672396004439,21,44415.07251100221,44209.04640587204,42793.41213406512,810.8301884685511,604.8040833383666,0.0,44209.04640587204,2155.6146514410316,837.4964251240166,3,1.336387699993793,1.4953892000048654,0,differential_evolution_staged_direct_search,True,12,-4451.383076191209,1,True,population_collapse_convergence,36,differential_evolution_staged_direct_search,True,42,-3028.4193615084446,3,True,population_collapse_convergence,72,differential_evolution_staged_direct_search,True,182,-699.4495322900611,8,False,maxiter_budget
2025-03-17,M612,1844.672396004439,2120.957192037037,21,40710.32551883347,40503.50725453933,38329.725708095095,1190.2999053691874,983.4816410750509,0.0,40503.50725453933,4838.340720951516,1006.4591862295404,3,1.1216892000084044,1.293209299998125,0,differential_evolution_staged_direct_search,True,17,-4452.386601216121,2,True,population_collapse_convergence,36,differential_evolution_staged_direct_search,True,92,-2950.2448456658726,8,False,maxiter_budget,72,differential_evolution_staged_direct_search,True,122,-716.0698038676362,5,True,population_collapse_convergence
2025-03-18,M612,2120.957192037037,1661.3798658064222,21,46649.11880247726,43924.86091531822,41200.60302815918,2724.2578871590367,0.0,0.0,43924.86091531822,8465.714106805694,0.0,3,1.5506241999974009,1.733412400004454,0,differential_evolution_staged_direct_search,True,17,-4452.30510225222,2,True,population_collapse_convergence,36,differential_evolution_staged_direct_search,True,62,-3009.024317266835,5,True,population_collapse_convergence,72,differential_evolution_staged_direct_search,True,182,-673.6792561816304,8,False,maxiter_budget
2025-03-19,M612,1661.3798658064222,2166.6354972222225,21,38845.80859026083,41933.702744237395,38845.80859026083,0.0,3087.894153976568,0.0,41933.702744237395,0.0,3856.407127508538,3,1.2974968000053195,1.464678999996977,0,differential_evolution_staged_direct_search,True,22,-4451.2943546310225,3,True,population_collapse_convergence,36,differential_evolution_staged_direct_search,True,52,-3038.6899093122306,4,True,population_collapse_convergence,72,differential_evolution_staged_direct_search,True,182,-732.7558268656127,8,False,maxiter_budget
2025-03-20,M612,2166.6354972222225,1972.472514813311,21,44189.90802395186,42607.46602271126,41025.02402147067,1582.442001240593,0.0,1616.226114885069,44223.69213759633,4537.064284927632,0.0,3,1.2922970999788959,1.4591623000014806,0,differential_evolution_staged_direct_search,True,17,-4453.876586154784,2,True,population_collapse_convergence,36,differential_evolution_staged_direct_search,True,52,-2579.745621208647,4,True,population_collapse_convergence,72,differential_evolution_staged_direct_search,True,182,-676.5615045728102,8,False,maxiter_budget
2025-03-21,M612,1972.472514813311,1510.1213183001557,21,15620.599395790938,15492.56597851532,15364.532561239703,128.03341727561832,0.0,0.0,15492.56597851532,270.4278996585126,0.0,3,1.4136812999931863,1.5751247000007425,0,differential_evolution_staged_direct_search,True,17,-1954.7205373382208,2,True,population_collapse_convergence,36,differential_evolution_staged_direct_search,True,92,-4455.600000000001,8,False,maxiter_budget,72,differential_evolution_staged_direct_search,True,182,-737.1503778188211,8,False,maxiter_budget
2025-03-22,M612,1510.1213183001557,2318.974667265579,21,17061.871917637076,16906.06821290671,16750.264508176348,155.80370473036353,0.0,0.0,16906.06821290671,323.1056100368185,0.0,3,1.1516167000081623,1.3060918000119273,0,differential_evolution_staged_direct_search,True,17,-2125.133217531123,2,True,population_collapse_convergence,36,differential_evolution_staged_direct_search,True,92,-4445.490759564022,8,False,maxiter_budget,72,differential_evolution_staged_direct_search,True,142,-735.4945407683463,6,True,population_collapse_convergence
2025-03-23,M612,2318.974667265579,1672.3243005555553,21,44723.87376260662,42266.12682641435,39808.37989022207,2457.746936192273,0.0,562.055316171968,42828.182142586316,7541.250494222222,0.0,3,1.51090939999267,1.6794674999982817,0,differential_evolution_staged_direct_search,True,17,-4453.931223691948,2,True,population_collapse_convergence,36,differential_evolution_staged_direct_search,True,92,-2784.056553741894,8,False,maxiter_budget,72,differential_evolution_staged_direct_search,True,182,-675.1682544448876,8,False,maxiter_budget
2025-03-24,M612,1672.3243005555553,1766.5139881481475,21,42119.23976674759,41249.94779260663,39419.31588340529,1349.9619416711473,480.6699675301944,0.0,41249.94779260663,4624.050571928504,415.55090582271043,3,0.961694500016165,1.1265646999963792,0,differential_evolution_staged_direct_search,True,17,-4453.931223691947,2,True,population_collapse_convergence,36,differential_evolution_staged_direct_search,True,62,-3060.415312844779,5,True,population_collapse_convergence,72,differential_evolution_staged_direct_search,True,122,-723.7310243724116,5,True,population_collapse_convergence
2025-03-25,M612,1766.5139881481475,1464.9716192592584,21,46683.53224191129,43395.5943323179,40107.65642272452,3287.9379095933855,0.0,419.13076495444227,43814.72509727234,9940.006388055184,0.0,3,1.407457900015288,1.5592165999987628,0,differential_evolution_staged_direct_search,True,17,-4453.931223691948,2,True,population_collapse_convergence,36,differential_evolution_staged_direct_search,True,92,-2570.6428318923663,8,False,maxiter_budget,72,differential_evolution_staged_direct_search,True,182,-634.5775025926367,8,False,maxiter_budget
2025-03-26,M612,1464.9716192592584,1515.2487622879473,21,39891.04259061682,39524.655534919126,37206.60141057403,1342.2205900213949,975.8335343236997,0.0,39524.655534919126,4683.085914521293,1312.4232169836334,3,1.15540420000616,1.304361999995308,0,differential_evolution_staged_direct_search,True,17,-4453.931223691948,2,True,population_collapse_convergence,36,differential_evolution_staged_direct_search,True,52,-2910.492845736142,4,True,population_collapse_convergence,72,differential_evolution_staged_direct_search,True,182,-650.7551297075372,8,False,maxiter_budget
2025-03-27,M612,1515.2487622879473,1604.2794374730786,21,42791.91610347641,41061.89248338276,39331.8688632891,1730.0236200936527,0.0,0.0,41061.89248338276,5096.674388847147,0.0,3,1.1654282999807037,1.3056526000000304,0,differential_evolution_staged_direct_search,True,27,-4453.931223691948,4,True,population_collapse_convergence,36,differential_evolution_staged_direct_search,True,42,-3312.4646302715237,3,True,population_collapse_convergence,72,differential_evolution_staged_direct_search,True,182,-628.0599687744949,8,False,maxiter_budget
2025-03-28,M612,1604.2794374730786,2004.3019822524893,21,16209.050055822634,16142.73194526607,16076.413834709501,66.31811055656695,0.0,0.0,16142.73194526607,127.41157934199958,0.0,3,1.0164494000055129,1.1468358999991324,0,differential_evolution_staged_direct_search,True,17,-2268.569418380169,2,True,population_collapse_convergence,36,differential_evolution_staged_direct_search,True,92,-4455.600000000001,8,False,maxiter_budget,72,differential_evolution_staged_direct_search,True,142,-741.9501580003237,6,True,population_collapse_convergence
2025-03-29,M612,2004.3019822524893,1731.3332472457391,21,14888.517444631612,15281.726254075995,14888.517444631612,0.0,393.2088094443808,0.0,15281.726254075995,0.0,307.92015071296856,3,1.3093853999889689,1.4538004999922123,0,differential_evolution_staged_direct_search,True,47,-1933.4455446842892,8,False,maxiter_budget,36,differential_evolution_staged_direct_search,True,92,-4455.600000000001,8,False,maxiter_budget,72,differential_evolution_staged_direct_search,True,182,-755.6343623205034,8,False,maxiter_budget
2025-03-30,M612,1731.3332472457391,1892.5200202309811,21,41923.8035184637,39335.14357623342,36746.48363400315,2588.659942230278,0.0,0.0,39335.14357623342,9115.461389363802,0.0,3,1.085129400002188,1.2188119999918854,0,differential_evolution_staged_direct_search,True,12,-4453.931223691948,1,True,population_collapse_convergence,36,differential_evolution_staged_direct_search,True,42,-2968.481321427189,3,True,population_collapse_convergence,72,differential_evolution_staged_direct_search,True,182,-659.7724021828482,8,False,maxiter_budget
2025-03-31,M612,1892.5200202309811,1920.0991498148137,21,36586.94070578311,39079.60713555742,35963.92701477261,311.506845505245,2804.1732752795556,0.0,39079.60713555742,1390.6763597902295,3828.2692620424955,3,1.1412101999885635,1.2826178999966942,0,differential_evolution_staged_direct_search,True,12,-4168.414381436878,1,True,population_collapse_convergence,36,differential_evolution_staged_direct_search,True,42,-3315.7598956929005,3,True,population_collapse_convergence,72,differential_evolution_staged_direct_search,True,182,-725.671114319371,8,False,maxiter_budget
2025-04-01,M612,1920.0991498148137,1917.8480883333295,21,44606.62420565942,42215.11950191422,39750.222520743446,2428.2008424579817,36.69613871278483,0.0,42215.11950191422,8205.081351535122,33.061531505707876,3,0.9244837000005646,1.0651131000049645,0,differential_evolution_staged_direct_search,True,17,-4453.931223691947,2,True,population_collapse_convergence,36,differential_evolution_staged_direct_search,True,92,-2919.9480210093448,8,False,maxiter_budget,72,differential_evolution_staged_direct_search,True,122,-717.3215857575053,5,True,population_collapse_convergence
2025-04-02,M612,1917.8480883333295,1736.718710845672,21,41785.76859229074,41088.610495941226,40391.4523995917,697.1580963495194,0.0,0.0,41088.610495941226,2955.025628002138,0.0,3,1.0931590999971377,1.243893200007733,0,differential_evolution_staged_direct_search,True,27,-4453.931223691948,4,True,population_collapse_convergence,36,differential_evolution_staged_direct_search,True,32,-3200.0888892923726,2,True,population_collapse_convergence,72,differential_evolution_staged_direct_search,True,182,-710.1978597582786,8,True,maxiter_budget
2025-04-03,M612,1736.718710845672,1768.766286065843,21,43462.20136673524,40959.90425783966,38457.607148944095,2502.2971088955715,0.0,0.0,40959.90425783966,7807.154337642982,0.0,3,0.9068604999920353,1.0514958999992814,0,differential_evolution_staged_direct_search,True,17,-4453.931223691948,2,True,population_collapse_convergence,36,differential_evolution_staged_direct_search,True,52,-2997.4787094927965,4,True,population_collapse_convergence,72,differential_evolution_staged_direct_search,True,142,-658.6345075897442,6,True,population_collapse_convergence
2025-04-04,M612,1768.766286065843,1840.674579979071,21,14637.165021567904,14595.012409567411,14552.859797566918,42.152612000492404,0.0,0.0,14595.012409567411,78.48186929899907,0.0,3,1.3013038999924902,1.440971099989838,0,differential_evolution_staged_direct_search,True,47,-1789.3989217909673,8,False,maxiter_budget,36,differential_evolution_staged_direct_search,True,92,-4455.600000000001,8,False,maxiter_budget,72,differential_evolution_staged_direct_search,True,182,-759.1858166252907,8,False,maxiter_budget
2025-04-05,M612,1840.674579979071,1608.7920237672142,21,14486.802732719356,14462.679703505662,14438.55667429197,24.123029213693904,0.0,0.0,14462.679703505662,45.25228146493956,0.0,3,1.2162178999715252,1.3568893000046955,0,differential_evolution_staged_direct_search,True,17,-1634.3339421933135,2,True,population_collapse_convergence,36,differential_evolution_staged_direct_search,True,92,-4455.600000000001,8,False,maxiter_budget,72,differential_evolution_staged_direct_search,True,182,-786.2590994625604,8,False,maxiter_budget
2025-04-06,M612,1608.7920237672142,1642.105130740742,21,39897.601189856854,39001.13779221552,36666.90671418446,1615.347237836199,718.8838401948674,0.0,39001.13779221552,6401.254453122201,544.1794888108147,3,1.053446799996891,1.1985654000018258,0,differential_evolution_staged_direct_search,True,17,-4454.581544036548,2,True,population_collapse_convergence,36,differential_evolution_staged_direct_search,True,32,-2823.939198213854,2,True,population_collapse_convergence,72,differential_evolution_staged_direct_search,True,182,-575.2753284345126,8,False,maxiter_budget
2025-04-07,M612,1642.105130740742,1642.4001711792785,21,34954.96796300677,36579.64077524953,34388.45152638834,283.2582183092172,1907.9310305519725,0.0,36579.64077524953,1262.7897149880657,2086.7150194458213,3,1.1689499000058277,1.3069946999894455,0,differential_evolution_staged_direct_search,True,17,-4187.860779051991,2,True,population_collapse_convergence,36,differential_evolution_staged_direct_search,True,72,-3465.3056716114916,6,True,population_collapse_convergence,72,differential_evolution_staged_direct_search,True,182,-567.9212086368536,8,False,maxiter_budget
2025-04-08,M612,1642.4001711792785,1532.5541768436644,21,41365.30767311779,39304.78616468078,37244.26465624376,2060.5215084370166,0.0,0.0,39304.78616468078,7039.677484830136,0.0,3,1.101319399982458,1.2461412999982713,0,differential_evolution_staged_direct_search,True,17,-4455.009674110035,2,True,population_collapse_convergence,36,differential_evolution_staged_direct_search,True,42,-2716.6148723692468,3,True,population_collapse_convergence,72,differential_evolution_staged_direct_search,True,182,-659.4971134624129,8,False,maxiter_budget
2025-04-09,M612,1532.5541768436644,1637.6980156062855,21,40383.46712461549,40629.94424077211,38838.72539071917,772.370866948158,1018.8479831047774,0.0,40629.94424077211,2183.015778377147,1396.001296328411,3,1.1162716999970144,1.257100500006345,0,differential_evolution_staged_direct_search,True,17,-4455.009674110035,2,True,population_collapse_convergence,36,differential_evolution_staged_direct_search,True,52,-2877.764707736649,4,True,population_collapse_convergence,72,differential_evolution_staged_direct_search,True,182,-632.5864194451615,8,False,maxiter_budget
2025-04-10,M612,1637.6980156062855,1857.7130002509582,21,39333.960662836485,39130.497889885446,36699.10521854774,1317.4277221443742,1113.964949193334,0.0,39130.497889885446,4074.6088039829156,1539.9603662745021,3,1.0660846000100719,1.20740709999518,0,differential_evolution_staged_direct_search,True,17,-4455.100965669411,2,True,population_collapse_convergence,36,differential_evolution_staged_direct_search,True,42,-2952.700405213437,3,True,population_collapse_convergence,72,differential_evolution_staged_direct_search,True,182,-661.0294394399474,8,False,maxiter_budget
2025-04-11,M612,1857.7130002509582,1428.9266902859877,21,13689.24870633401,13639.871874511375,13590.495040688736,49.37683282263631,1.0000015731037593e-06,0.0,13639.871874511375,92.49857260216805,8.362615597121252e-07,3,1.2047503999929177,1.3470302000059746,0,differential_evolution_staged_direct_search,True,12,-1464.182048828691,1,True,population_collapse_convergence,36,differential_evolution_staged_direct_search,True,92,-4455.600000000001,8,False,maxiter_budget,72,differential_evolution_staged_direct_search,True,182,-753.4919176228492,8,False,maxiter_budget
2025-04-12,M612,1428.9266902859877,2028.0147939858573,21,15193.703811038478,14900.175900641616,14606.647990244754,293.52791039686275,0.0,0.0,14900.175900641616,660.4645327067044,0.0,3,0.9201957999903243,1.0540650000039022,0,differential_evolution_staged_direct_search,True,17,-1491.4470614608251,2,True,population_collapse_convergence,36,differential_evolution_staged_direct_search,True,92,-4455.600000000001,8,False,maxiter_budget,72,differential_evolution_staged_direct_search,True,122,-758.3525994770173,5,True,population_collapse_convergence
2025-04-13,M612,2028.0147939858573,1911.2621587735696,21,36516.54546539366,36290.2744319349,36064.003398476125,226.27103345876773,0.0,0.0,36290.2744319349,991.2285058428533,0.0,3,1.0560093999956734,1.195486600001459,0,differential_evolution_staged_direct_search,True,17,-4454.499942803254,2,True,population_collapse_convergence,36,differential_evolution_staged_direct_search,True,32,-2762.4855293358705,2,True,population_collapse_convergence,72,differential_evolution_staged_direct_search,True,182,-668.158230659443,8,False,maxiter_budget
2025-04-14,M612,1911.2621587735696,1744.6452275925926,21,39022.72857947671,36466.838547675274,33910.948515873824,2555.8900318014403,0.0,463.75056371184866,36930.589111387126,8311.297285479563,0.0,3,1.1451622000022326,1.2850068999978248,0,differential_evolution_staged_direct_search,True,17,-4454.516590547718,2,True,population_collapse_convergence,36,differential_evolution_staged_direct_search,True,62,-2789.9741969866964,5,True,population_collapse_convergence,72,differential_evolution_staged_direct_search,True,182,-724.3976223797276,8,False,maxiter_budget
2025-04-15,M612,1744.6452275925926,2001.2884353836791,21,34238.66066112138,34958.98964556861,33788.95789905811,224.85138103163314,945.1803654788645,0.0,34958.98964556861,1058.5333577038982,892.9300445262113,3,1.0945195999811403,1.2390786999894772,0,differential_evolution_staged_direct_search,True,17,-4128.763449055412,2,True,population_collapse_convergence,36,differential_evolution_staged_direct_search,True,42,-3321.2151772924226,3,True,population_collapse_convergence,72,differential_evolution_staged_direct_search,True,182,-544.589747284141,8,False,maxiter_budget
2025-04-16,M612,2001.2884353836791,1837.6396965924469,21,37619.772593003254,37688.72733929848,36477.762629571625,571.0049817158135,639.959728011039,0.0,37688.72733929848,2514.1811951845907,490.9163248498481,3,1.067687200004002,1.2073548000043957,0,differential_evolution_staged_direct_search,True,12,-4454.01357982187,1,True,population_collapse_convergence,36,differential_evolution_staged_direct_search,True,42,-3312.9938392761314,3,True,population_collapse_convergence,72,differential_evolution_staged_direct_search,True,182,-532.5298184813182,8,False,maxiter_budget
2025-04-17,M612,1837.6396965924469,1857.5457233990608,21,35247.861487836875,36758.6791652956,34477.757454513565,385.05201666165317,1895.8696941203793,0.0,36758.6791652956,1130.881623001841,2654.3254389357553,3,1.2608406000072137,1.4123412999906577,0,differential_evolution_staged_direct_search,True,47,-3882.7512152262684,8,False,maxiter_budget,36,differential_evolution_staged_direct_search,True,52,-3065.8562861926403,4,True,population_collapse_convergence,72,differential_evolution_staged_direct_search,True,182,-701.2924731992077,8,False,maxiter_budget
2025-04-18,M612,1857.5457233990608,2160.9521282379505,21,13990.058480891801,13916.809469973494,13843.560459055185,73.24901091830863,0.0,0.0,13916.809469973494,142.57664031038058,0.0,3,1.0109608999919146,1.146326300004148,0,differential_evolution_staged_direct_search,True,17,-1479.7807480339286,2,True,population_collapse_convergence,36,differential_evolution_staged_direct_search,True,92,-4455.600000000001,8,False,maxiter_budget,72,differential_evolution_staged_direct_search,True,142,-744.7293727508367,6,True,population_collapse_convergence
2025-04-19,M612,2160.9521282379505,1920.5426451313551,21,13124.590584866584,13698.519544870927,13124.590584866586,0.0,573.9289600043421,0.0,13698.519544870927,0.0,433.741638685402,3,1.2099614999897312,1.3501030000043102,0,differential_evolution_staged_direct_search,True,12,-1458.5172010783358,1,True,population_collapse_convergence,36,differential_evolution_staged_direct_search,True,92,-4455.600000000001,8,False,maxiter_budget,72,differential_evolution_staged_direct_search,True,182,-731.6446708971936,8,False,maxiter_budget
2025-04-20,M612,1920.5426451313551,2033.7065642592615,21,35628.07451878097,35651.81901183077,35176.25688912983,225.90881482557432,249.65330787537093,0.0,35651.81901183077,971.7816806424594,216.56896744172195,3,1.2302956000057748,1.3747693000041181,0,differential_evolution_staged_direct_search,True,17,-4418.794160457424,2,True,population_collapse_convergence,36,differential_evolution_staged_direct_search,True,92,-3040.7196054600086,8,False,maxiter_budget,72,differential_evolution_staged_direct_search,True,182,-632.2534904214094,8,False,maxiter_budget
2025-04-21,M612,2033.7065642592615,1604.3734641329788,21,38117.67681790222,36104.67305302585,34091.6692881495,2013.003764876363,0.0,0.0,36104.67305302585,7061.979402746183,0.0,3,1.173089500021888,1.3162613000022247,0,differential_evolution_staged_direct_search,True,17,-4454.845139387323,2,True,population_collapse_convergence,36,differential_evolution_staged_direct_search,True,42,-4150.343900619023,3,True,population_collapse_convergence,72,differential_evolution_staged_direct_search,True,182,-709.2987999873953,8,False,maxiter_budget
2025-04-22,M612,1604.3734641329788,1770.004924094435,21,33636.30459561839,34967.622773542156,33581.727524011265,27.288535803562084,1358.6067137273276,0.0,34967.622773542156,82.53569359312195,1558.5559498568246,3,1.0892964000086067,1.2453190999949584,0,differential_evolution_staged_direct_search,True,12,-4122.722859974763,1,True,population_collapse_convergence,36,differential_evolution_staged_direct_search,True,32,-3074.1536194485825,2,True,population_collapse_convergence,72,differential_evolution_staged_direct_search,True,182,-605.3121252753767,8,False,maxiter_budget
2025-04-23,M612,1770.004924094435,2087.4534185185175,21,32867.151539658116,34737.605425002155,32867.15153965811,0.0,1870.4538853440458,0.0,34737.605425002155,0.0,2546.018622890493,3,1.0586245999875246,1.1945398999960162,0,differential_evolution_staged_direct_search,True,17,-3730.8306937052644,2,True,population_collapse_convergence,36,differential_evolution_staged_direct_search,True,32,-2891.5718083250604,2,True,population_collapse_convergence,72,differential_evolution_staged_direct_search,True,182,-571.3129627505283,8,False,maxiter_budget
2025-04-24,M612,2087.4534185185175,1821.0852241883547,21,33913.972534359724,34283.14850550283,33347.25267537776,283.359929490983,652.5359006340905,0.0,34283.14850550283,1264.9364305608337,517.2516835029871,3,0.92959119999432,1.0654081999964546,0,differential_evolution_staged_direct_search,True,37,-4140.797203580552,6,True,population_collapse_convergence,36,differential_evolution_staged_direct_search,True,42,-3590.955726241517,3,True,population_collapse_convergence,72,differential_evolution_staged_direct_search,True,142,-652.8498590152884,6,True,population_collapse_convergence
2025-04-25,M612,1821.0852241883547,1499.9894232277231,21,13466.029950252096,13109.955565249464,12753.881180246832,356.0743850026315,0.0,0.0,13109.955565249464,751.5579132475641,0.0,3,1.2627289000083692,1.3959864000062225,0,differential_evolution_staged_direct_search,True,12,-1178.3967064944359,1,True,population_collapse_convergence,36,differential_evolution_staged_direct_search,True,92,-4455.600000000001,8,False,maxiter_budget,72,differential_evolution_staged_direct_search,True,182,-764.885521577698,8,False,maxiter_budget
2025-04-26,M612,1499.9894232277231,1643.0797859488464,21,13494.918518809714,13438.202765401727,13381.487011993739,56.715753407988316,0.0,0.0,13438.202765401727,113.51273116271238,0.0,3,1.2160558000032324,1.3590057999972487,0,differential_evolution_staged_direct_search,True,12,-1230.1998048557869,1,True,population_collapse_convergence,36,differential_evolution_staged_direct_search,True,92,-4455.600000000001,8,False,maxiter_budget,72,differential_evolution_staged_direct_search,True,182,-777.5232839685126,8,False,maxiter_budget
2025-04-27,M612,1643.0797859488464,1529.322509444445,21,33472.92778293344,33721.63332574778,32819.21967980728,326.85405156308065,575.559594377418,659.132811166452,34380.76613691424,1187.0487744698967,562.0255650041696,3,1.2076939000107814,1.344670300008147,0,differential_evolution_staged_direct_search,True,17,-4073.3916086061486,2,True,population_collapse_convergence,36,differential_evolution_staged_direct_search,True,92,-2589.338167964162,8,False,maxiter_budget,72,differential_evolution_staged_direct_search,True,182,-669.649097686309,8,False,maxiter_budget
2025-04-28,M612,1529.322509444445,1993.8015487080804,21,40764.48878058634,39792.95448806782,38100.134404554556,1332.177188015895,360.64289549736907,0.0,39792.95448806782,4756.614598305596,493.1322787072179,3,1.2142088000109652,1.3570059000048786,0,differential_evolution_staged_direct_search,True,17,-4453.398264124929,2,True,population_collapse_convergence,36,differential_evolution_staged_direct_search,True,92,-2979.2782735751157,8,False,maxiter_budget,72,differential_evolution_staged_direct_search,True,182,-670.7241905531498,8,False,maxiter_budget
2025-04-29,M612,1993.8015487080804,2007.734388888893,21,34565.74647049942,34902.35976974188,33848.7109845519,358.51774297375925,695.1310422162229,0.0,34902.35976974188,1523.8438899413613,555.9739159256259,3,1.1700093999970704,1.3116536000015913,0,differential_evolution_staged_direct_search,True,17,-4145.571892541949,2,True,population_collapse_convergence,36,differential_evolution_staged_direct_search,True,42,-3793.085658921203,3,True,population_collapse_convergence,72,differential_evolution_staged_direct_search,True,182,-609.3384162001191,8,False,maxiter_budget
2025-04-30,M612,2007.734388888893,1501.278084074074,21,33255.323369757185,32767.891967516043,32280.460565274894,487.43140224114757,0.0,404.6437400583694,33172.53570757441,1151.1019294205787,0.0,3,0.9793508000002475,1.1188750000001164,0,differential_evolution_staged_direct_search,True,22,-3621.2251471687314,3,True,population_collapse_convergence,36,differential_evolution_staged_direct_search,True,32,-3535.46509549954,2,True,population_collapse_convergence,72,differential_evolution_staged_direct_search,True,162,-704.0577141665965,7,True,population_collapse_convergence
2025-05-01,M612,1501.278084074074,1210.8405,21,35018.927860082695,34728.858237127206,34438.78861417172,290.0696229554873,0.0,10500.713674644398,45229.57191177161,1000.9684156078367,0.0,3,1.338736699995934,1.48894160000782,0,differential_evolution_staged_direct_search,True,17,-4148.610713461981,2,True,population_collapse_convergence,36,differential_evolution_staged_direct_search,True,92,-3022.8032979497234,8,False,maxiter_budget,72,differential_evolution_staged_direct_search,True,182,-701.9392339148321,8,False,maxiter_budget
2025-05-02,M612,1210.8405,1200.0,21,15061.987783720342,14850.2883238547,14638.588863989062,211.69945986563934,0.0,6850.573315153975,21700.861639008675,421.4401539348572,0.0,3,1.1485188999940874,1.298777699994389,0,differential_evolution_staged_direct_search,True,12,-1506.6760698241746,1,True,population_collapse_convergence,36,differential_evolution_staged_direct_search,True,32,-4406.549703495182,2,True,population_collapse_convergence,72,differential_evolution_staged_direct_search,True,182,-311.56233167871676,8,False,maxiter_budget
2025-05-03,M612,1200.0,1216.2882212962963,21,14204.4969862562,14068.966949193882,13933.436912131567,135.53003706231402,0.0,7984.8926126169545,22053.859561810837,258.7738781067573,0.0,3,1.4036268999916501,1.5781430000060936,0,differential_evolution_staged_direct_search,True,17,-1428.4157440797094,2,True,population_collapse_convergence,36,differential_evolution_staged_direct_search,True,92,-4455.600000000001,8,False,maxiter_budget,72,differential_evolution_staged_direct_search,True,182,7.829940540428132,8,False,maxiter_budget
2025-05-04,M612,1216.2882212962963,1257.9569999999999,21,37104.122747352565,35458.54481726834,33812.966887184106,1645.5779300842294,0.0,9765.79638758786,45224.3412048562,5798.5050706515085,0.0,3,1.080948000002536,1.217779900005553,0,differential_evolution_staged_direct_search,True,22,-4438.187247181339,3,True,population_collapse_convergence,36,differential_evolution_staged_direct_search,True,32,-4432.23290251614,2,True,population_collapse_convergence,72,differential_evolution_staged_direct_search,True,182,172.2279682937185,8,False,maxiter_budget
2025-05-05,M612,1257.9569999999999,1230.6944999999998,21,38656.90801430227,37135.25554519099,35613.60307607971,1521.652469111284,0.0,7564.734918922333,44699.99046411332,4596.0145173293395,0.0,3,1.142059000019799,1.279062800007523,0,differential_evolution_staged_direct_search,True,27,-4452.9719625384105,4,True,population_collapse_convergence,36,differential_evolution_staged_direct_search,True,52,-3491.5208405294115,4,True,population_collapse_convergence,72,differential_evolution_staged_direct_search,True,182,400.7007444984457,8,False,maxiter_budget
2025-05-06,M612,1230.6944999999998,1200.0,21,33595.839792418,35057.0592561526,33341.820589869014,127.00960127449554,1588.229065009095,8172.403847367253,43229.463103519854,375.62622919879016,2090.196831641215,3,1.0833531000098446,1.2169090999959735,0,differential_evolution_staged_direct_search,True,17,-3656.224780802175,2,True,population_collapse_convergence,36,differential_evolution_staged_direct_search,True,52,-2737.5242181696676,4,True,population_collapse_convergence,72,differential_evolution_staged_direct_search,True,182,876.4880648341658,8,False,maxiter_budget
2025-05-07,M612,1200.0,1353.0848999999998,21,36315.737733845504,36769.863003234044,35794.22149002774,260.7581219088833,714.8833912974177,6364.85244215063,43134.715445384674,547.9054710495,1022.2842718395791,3,1.2097207000042545,1.347846999997273,0,differential_evolution_staged_direct_search,True,32,-4148.622209699611,5,True,population_collapse_convergence,36,differential_evolution_staged_direct_search,True,92,-2985.0225283592717,8,False,maxiter_budget,72,differential_evolution_staged_direct_search,True,182,502.6019643792107,8,False,maxiter_budget
2025-05-08,M612,1353.0848999999998,2729.42561591663,21,42019.14240781568,40551.10252414344,39083.06264047121,1468.039883672235,0.0,556.4308677666662,41107.5333919101,5949.906433257511,0.0,3,1.0899313999980222,1.2257054000074277,0,differential_evolution_staged_direct_search,True,17,-4454.308225980993,2,True,population_collapse_convergence,36,differential_evolution_staged_direct_search,True,62,-3059.904826603629,5,True,population_collapse_convergence,72,differential_evolution_staged_direct_search,True,182,764.767630786997,8,False,maxiter_budget
2025-05-09,M612,2729.42561591663,3322.0550511859337,21,16458.518820499332,16415.73622658719,16372.953630675047,42.78259491214153,9.999989067921433e-07,267.3859096913661,16683.122136278555,90.33681112585555,8.362593299817221e-07,3,1.1523358999984339,1.2841761000017868,0,differential_evolution_staged_direct_search,True,12,-1429.8225762585566,1,True,population_collapse_convergence,36,differential_evolution_staged_direct_search,True,92,-4455.600000000001,8,False,maxiter_budget,72,differential_evolution_staged_direct_search,True,182,709.2081807539214,8,False,maxiter_budget
2025-05-10,M612,3322.0550511859337,3080.4026029187085,21,16202.135380791984,16357.388291052806,16202.135380791984,0.0,155.25291026082368,263.54470849571567,16620.93299954852,0.0,121.72172964109154,3,1.0794656999933068,1.2223958999966271,0,differential_evolution_staged_direct_search,True,17,-1431.418381131546,2,True,population_collapse_convergence,36,differential_evolution_staged_direct_search,True,42,-4454.762100075286,3,True,population_collapse_convergence,72,differential_evolution_staged_direct_search,True,182,638.896477411673,8,False,maxiter_budget
2025-05-11,M612,3080.4026029187085,2789.1167520370386,21,40156.97852458224,39083.94511901884,37653.20738295048,1251.8855708158833,178.85216525247438,185.28330416666628,39269.22842318551,5163.1556928206855,147.56818847056104,3,1.2504395000141812,1.3936321000073804,0,differential_evolution_staged_direct_search,True,22,-4454.376137209389,3,True,population_collapse_convergence,36,differential_evolution_staged_direct_search,True,92,-3433.590706021894,8,False,maxiter_budget,72,differential_evolution_staged_direct_search,True,182,971.2524854815167,8,False,maxiter_budget
2025-05-12,M612,2789.1167520370386,2942.487026296298,21,35941.59129161801,36817.12771335122,35685.49795598938,128.0466678143149,1003.5830895475191,20.906714520230782,36838.03442787145,622.6436557953557,912.0865216759747,3,1.2086980999883963,1.3432971000001999,0,differential_evolution_staged_direct_search,True,22,-3972.996686923282,3,True,population_collapse_convergence,36,differential_evolution_staged_direct_search,True,92,-3567.460784018713,8,False,maxiter_budget,72,differential_evolution_staged_direct_search,True,182,920.696328742796,8,False,maxiter_budget
2025-05-13,M612,2942.487026296298,3111.853442962962,21,41222.298995703306,39679.86319788501,37358.85206013189,1931.7234677857045,389.28766996741115,0.0,39679.86319788501,7668.968435429137,367.05382964669013,3,1.0407096999988426,1.1759542999934638,0,differential_evolution_staged_direct_search,True,17,-4453.65645477964,2,True,population_collapse_convergence,36,differential_evolution_staged_direct_search,True,32,-3540.3032738865886,2,True,population_collapse_convergence,72,differential_evolution_staged_direct_search,True,182,776.4169379391248,8,False,maxiter_budget
2025-05-14,M612,3111.853442962962,2867.9762578434966,21,40684.5847258082,39984.08696381313,37284.359016196424,1700.1128548058891,999.6150928108161,0.0,39984.08696381313,5724.792582947615,1429.4510093728995,3,1.1942627999960678,1.3339292000018759,0,differential_evolution_staged_direct_search,True,17,-4325.764834033982,2,True,population_collapse_convergence,36,differential_evolution_staged_direct_search,True,92,-3097.012551638834,8,False,maxiter_budget,72,differential_evolution_staged_direct_search,True,182,277.4860522216596,8,False,maxiter_budget
2025-05-15,M612,2867.9762578434966,3237.7406870091654,21,39995.46354366245,39558.49744980416,37759.234277337615,1118.1146331624213,681.148539304125,0.0,39558.49744980416,3135.6220079234417,974.043385248284,3,0.5709100000094622,0.7027456999931019,0,differential_evolution_staged_direct_search,True,22,-4167.371538376894,3,True,population_collapse_convergence,36,differential_evolution_staged_direct_search,True,42,-3586.5123408501504,3,True,population_collapse_convergence,72,differential_evolution_staged_direct_search,True,82,286.02028616144344,3,True,population_collapse_convergence
2025-05-16,M612,3237.7406870091654,2351.9725179507764,21,16263.201777789855,15832.871215080391,15402.540652370928,430.3305627094644,0.0,0.0,15832.871215080391,835.214668739445,0.0,3,1.2112927999987733,1.3451428999978816,0,differential_evolution_staged_direct_search,True,22,-1068.5042309655232,3,True,population_collapse_convergence,36,differential_evolution_staged_direct_search,True,92,-4455.600000000001,8,False,maxiter_budget,72,differential_evolution_staged_direct_search,True,182,200.11121229086461,8,False,maxiter_budget
2025-05-17,M612,2351.9725179507764,2671.663469388626,21,16636.29277862335,16374.446583428526,16112.600388233706,261.8461951948206,0.0,0.0,16374.446583428526,508.2497869351408,0.0,3,1.1524575000075856,1.2970127000007778,0,differential_evolution_staged_direct_search,True,17,-1116.7668108962303,2,True,population_collapse_convergence,36,differential_evolution_staged_direct_search,True,42,-4455.284401808372,3,True,population_collapse_convergence,72,differential_evolution_staged_direct_search,True,182,332.52862996603585,8,False,maxiter_budget
2025-05-18,M612,2671.663469388626,2904.577848188977,21,41708.988161184985,39934.63830377881,38160.28844637263,1774.3498574061778,0.0,0.0,39934.63830377881,6861.598112842232,0.0,3,1.4147733999998309,1.5587547000031918,0,differential_evolution_staged_direct_search,True,17,-4452.499917126594,2,True,population_collapse_convergence,36,differential_evolution_staged_direct_search,True,92,-3343.0279320194927,8,False,maxiter_budget,72,differential_evolution_staged_direct_search,True,182,416.75671085294414,8,False,maxiter_budget
2025-05-19,M612,2904.577848188977,2517.9960746296306,21,37418.15415835411,37139.296009627215,36341.86270904066,538.1457246567243,259.28757592983027,0.0,37139.296009627215,2449.5834920894486,234.09894675701798,3,1.1794647999922745,1.3107148000126472,0,differential_evolution_staged_direct_search,True,17,-4453.646117243387,2,True,population_collapse_convergence,36,differential_evolution_staged_direct_search,True,92,-3787.517745968167,8,False,maxiter_budget,72,differential_evolution_staged_direct_search,True,182,275.72022422618403,8,False,maxiter_budget
2025-05-20,M612,2517.9960746296306,2582.8664400000007,21,37417.34622408531,38423.95415280179,36886.581343687,265.382440199157,1271.9903689156272,0.0,38423.95415280179,1188.708620632031,1531.6725392946862,3,1.0987398000143003,1.2380096999986563,0,differential_evolution_staged_direct_search,True,22,-4145.358735482157,3,True,population_collapse_convergence,36,differential_evolution_staged_direct_search,True,32,-3475.5887549779545,2,True,population_collapse_convergence,72,differential_evolution_staged_direct_search,True,182,29.831428005817685,8,False,maxiter_budget
2025-05-21,M612,2582.8664400000007,2660.510076666668,21,35822.74992995072,37782.50972488155,35639.93320835097,91.40836079987352,2051.1681557307056,0.0,37782.50972488155,444.4850999264455,2434.0984339980478,3,1.023511100007454,1.1685601999924984,0,differential_evolution_staged_direct_search,True,17,-3351.812436114485,2,True,population_collapse_convergence,36,differential_evolution_staged_direct_search,True,22,-2744.629225938799,1,True,population_collapse_convergence,72,differential_evolution_staged_direct_search,True,182,312.1853824089417,8,False,maxiter_budget
2025-05-22,M612,2660.510076666668,2810.2977425241834,21,37021.21058077496,36690.90340030196,36360.59621982896,330.30718047299564,0.0,0.0,36690.90340030196,879.8395404054013,0.0,3,1.0289498999918578,1.1685130999976536,0,differential_evolution_staged_direct_search,True,17,-4149.12246311244,2,True,population_collapse_convergence,36,differential_evolution_staged_direct_search,True,32,-3574.882895319691,2,True,population_collapse_convergence,72,differential_evolution_staged_direct_search,True,182,48.15278283541705,8,False,maxiter_budget
2025-05-23,M612,2810.2977425241834,3410.273942724858,21,15528.805737192935,16091.562443546884,15528.805737192937,0.0,562.7567063539467,0.0,16091.562443546884,0.0,436.54782671542057,3,1.2179224999854341,1.357106900002691,0,differential_evolution_staged_direct_search,True,17,-1128.4840717666707,2,True,population_collapse_convergence,36,differential_evolution_staged_direct_search,True,92,-4455.600000000001,8,False,maxiter_budget,72,differential_evolution_staged_direct_search,True,182,320.83587006015057,8,False,maxiter_budget
2025-05-24,M612,3410.273942724858,3151.384612976091,21,16156.148319566115,15861.206991843797,15566.26566412148,294.9413277223183,0.0,0.0,15861.206991843797,537.271636032898,0.0,3,1.1895143000001553,1.327719299995806,0,differential_evolution_staged_direct_search,True,17,-1043.9795325235018,2,True,population_collapse_convergence,36,differential_evolution_staged_direct_search,True,92,-4455.600000000001,8,False,maxiter_budget,72,differential_evolution_staged_direct_search,True,182,-29.991338698435182,8,False,maxiter_budget
2025-05-25,M612,3151.384612976091,2605.962408888889,21,37145.31501347665,36481.23866717866,35761.364567981844,691.9752227474025,27.89887644940803,84.05219626666586,36565.29086344533,3118.9081330630797,24.97688945560398,3,1.1925027999968734,1.3309865999908652,0,differential_evolution_staged_direct_search,True,17,-4451.6440449387,2,True,population_collapse_convergence,36,differential_evolution_staged_direct_search,True,92,-3727.593208571122,8,False,maxiter_budget,72,differential_evolution_staged_direct_search,True,182,295.06949787117526,8,False,maxiter_budget
2025-05-26,M612,2605.962408888889,2656.4240163449217,21,36531.2541320076,38730.222836730434,36411.74660589758,59.75376305501288,2258.7224677778454,0.0,38730.222836730434,88.95218079828288,3343.3652464012544,3,1.1683927999838488,1.307945299995481,0,differential_evolution_staged_direct_search,True,17,-4190.514320174894,2,True,population_collapse_convergence,36,differential_evolution_staged_direct_search,True,92,-2389.93385140244,8,False,maxiter_budget,72,differential_evolution_staged_direct_search,True,182,-75.88608901990095,8,False,maxiter_budget
2025-05-27,M612,2656.4240163449217,2146.939675319807,21,35088.60044507381,35464.71392110877,34714.88899941667,186.85572282857484,562.9691988635329,0.0,35464.71392110877,332.630097067964,805.0467594216116,3,1.0644504999945639,1.2018068000033963,0,differential_evolution_staged_direct_search,True,12,-3493.667799641001,1,True,population_collapse_convergence,36,differential_evolution_staged_direct_search,True,42,-3410.018841197333,3,True,population_collapse_convergence,72,differential_evolution_staged_direct_search,True,182,129.51458035309264,8,False,maxiter_budget
2025-05-28,M612,2146.939675319807,2452.5265579629645,21,38632.45181560666,37579.62536957426,36336.46272121992,1147.9945471933704,95.16810116097157,0.0,37579.62536957426,5072.085779728473,70.94137524501822,3,1.1441875000018626,1.2774960999959148,0,differential_evolution_staged_direct_search,True,22,-4453.646117243387,3,True,population_collapse_convergence,36,differential_evolution_staged_direct_search,True,72,-2510.7642978116996,6,True,population_collapse_convergence,72,differential_evolution_staged_direct_search,True,182,-273.89366198610475,8,False,maxiter_budget
2025-05-29,M612,2452.5265579629645,1680.8202299999998,21,37344.352497870466,37704.86500787148,35787.99831547378,778.1770911983441,1138.689601199356,169.69994559888153,37874.56495347036,3007.8678914078796,1566.250497893116,3,1.0008392999880016,1.1356986999890069,0,differential_evolution_staged_direct_search,True,17,-4453.646117243387,2,True,population_collapse_convergence,36,differential_evolution_staged_direct_search,True,22,-3011.4810009186685,1,True,population_collapse_convergence,72,differential_evolution_staged_direct_search,True,182,-711.5767368838502,8,False,maxiter_budget
2025-05-30,M612,1680.8202299999998,2315.593784306591,21,15568.907415718819,15443.318922759698,15317.730429800575,125.5884929591222,0.0,0.0,15443.318922759698,210.79180364835128,0.0,3,0.9562026999919908,1.088905500000692,0,differential_evolution_staged_direct_search,True,12,-1140.3175530969597,1,True,population_collapse_convergence,36,differential_evolution_staged_direct_search,True,92,-4455.600000000001,8,False,maxiter_budget,72,differential_evolution_staged_direct_search,True,142,-852.1721310975861,6,True,population_collapse_convergence
2025-05-31,M612,2315.593784306591,2255.5819797779836,21,16651.511561726373,15918.731329344948,15185.951096963521,732.7802323814267,0.0,0.0,15918.731329344948,1598.5438741481767,0.0,3,1.2195721000025515,1.3503825000079814,0,differential_evolution_staged_direct_search,True,12,-1458.2026066509814,1,True,population_collapse_convergence,36,differential_evolution_staged_direct_search,True,92,-4455.600000000001,8,False,maxiter_budget,72,differential_evolution_staged_direct_search,True,182,-865.7868268674835,8,False,maxiter_budget
2025-06-01,M612,2255.5819797779836,1200.0,21,47612.112296822546,44924.10885959778,42021.05011389002,2795.53109146626,107.52765424148919,27770.753880577166,72694.86274017494,7985.551072560025,95.85187081225978,3,0.7003744000103325,0.8662054000014905,0,differential_evolution_staged_direct_search,True,17,-4454.154678915149,2,True,population_collapse_convergence,36,differential_evolution_staged_direct_search,True,42,-2409.2436581944457,3,True,population_collapse_convergence,72,differential_evolution_staged_direct_search,True,102,-666.1290686409195,4,True,population_collapse_convergence
2025-06-02,M612,1200.0,1200.0,21,48955.9386229792,45568.01172535951,42180.08482773981,3387.9268976196972,0.0,18259.346047476283,63827.35777283579,10488.901780069686,0.0,3,1.289286200000788,1.4378448000061326,0,differential_evolution_staged_direct_search,True,37,-4436.774004990438,6,True,population_collapse_convergence,36,differential_evolution_staged_direct_search,True,92,-3335.493867851266,8,False,maxiter_budget,72,differential_evolution_staged_direct_search,True,182,250.90052666624945,8,False,maxiter_budget
2025-06-03,M612,1200.0,1200.0,21,45009.39644648436,43644.88995752863,42280.383465274164,1364.5064906050945,1.649360533479083e-06,18355.58967385231,62000.479631380935,4940.81492180461,1.376187345414337e-06,3,1.203908199997386,1.3467840000084834,0,differential_evolution_staged_direct_search,True,17,-4420.011393910751,2,True,population_collapse_convergence,36,differential_evolution_staged_direct_search,True,92,-2710.744565089598,8,False,maxiter_budget,72,differential_evolution_staged_direct_search,True,182,1143.797290028895,8,False,maxiter_budget
2025-06-04,M612,1200.0,1200.0,21,52135.31854319952,47999.25659671232,43863.194650225116,4136.061946487207,0.0,12845.173507196887,60844.43010390921,11964.510989866705,0.0,3,1.1654855000087991,1.3254966999957105,0,differential_evolution_staged_direct_search,True,17,-4412.2325564661005,2,True,population_collapse_convergence,36,differential_evolution_staged_direct_search,True,32,-2941.1789479269173,2,True,population_collapse_convergence,72,differential_evolution_staged_direct_search,True,182,1320.3925668683846,8,False,maxiter_budget
2025-06-05,M612,1200.0,1200.0,21,45227.60415212932,45481.62101138025,44046.50159216692,590.5512799812038,844.5681392321239,13282.992497673626,58764.613509053874,2309.404656722363,709.1149861892343,3,1.2770375999971293,1.4238763000030303,0,differential_evolution_staged_direct_search,True,17,-4403.746892136603,2,True,population_collapse_convergence,36,differential_evolution_staged_direct_search,True,92,-2964.877197868717,8,False,maxiter_budget,72,differential_evolution_staged_direct_search,True,182,1943.8668365438875,8,False,maxiter_budget
2025-06-06,M612,1200.0,1217.4015067769167,21,19598.279330764977,19320.331570020528,18785.40497355874,406.43717860311926,128.48941785866975,11039.316312351963,30359.64788237249,819.8006781067121,108.14785527876367,3,1.0619747999880929,1.198264200007543,0,differential_evolution_staged_direct_search,True,22,-1594.5806801830684,3,True,population_collapse_convergence,36,differential_evolution_staged_direct_search,True,32,-4194.385369025304,2,True,population_collapse_convergence,72,differential_evolution_staged_direct_search,True,182,794.8229790471709,8,False,maxiter_budget
2025-06-07,M612,1217.4015067769167,1342.1828953291003,21,21888.802858158288,21657.70149639536,21426.600134632434,231.1013617629274,0.0,8131.04829631677,29788.74979271213,887.2427312336738,0.0,3,1.2237714999937452,1.3683182000095258,0,differential_evolution_staged_direct_search,True,17,-3637.597355292447,2,True,population_collapse_convergence,36,differential_evolution_staged_direct_search,True,92,-4455.600000000001,8,False,maxiter_budget,72,differential_evolution_staged_direct_search,True,182,1140.5875803106626,8,False,maxiter_budget
2025-06-08,M612,1342.1828953291003,3741.648220185184,21,50987.49272918919,50538.03590130816,47747.470680013605,1620.0110245877922,1170.554196706763,387.5371005083338,50925.5730018165,6443.316048265253,1146.161204089295,3,1.1696739999897545,1.3282101999939186,0,differential_evolution_staged_direct_search,True,22,-4440.221052420941,3,True,population_collapse_convergence,36,differential_evolution_staged_direct_search,True,32,-3503.598596135644,2,True,population_collapse_convergence,72,differential_evolution_staged_direct_search,True,182,1235.137060868351,8,False,maxiter_budget
2025-06-09,M612,3741.648220185184,3456.9995253195143,21,56534.51379317946,54229.15702446505,51923.80025575064,2305.356768714408,0.0,0.0,54229.15702446505,6776.848517630149,0.0,3,1.1926319000049261,1.3804565999889746,0,differential_evolution_staged_direct_search,True,22,-4441.080598023063,3,True,population_collapse_convergence,36,differential_evolution_staged_direct_search,True,92,-3370.6150551766,8,False,maxiter_budget,72,differential_evolution_staged_direct_search,True,182,639.4525388430309,8,False,maxiter_budget
2025-06-10,M612,3456.9995253195143,3284.151002114424,21,52327.32968685307,52064.6470071692,51801.96432748535,262.6826796838578,0.0,3.864349694005057,52068.51135686321,711.4282427968908,0.0,3,1.2005688000062946,1.3367124000069452,0,differential_evolution_staged_direct_search,True,22,-4441.916501900326,3,True,population_collapse_convergence,36,differential_evolution_staged_direct_search,True,92,-3288.685773117226,8,False,maxiter_budget,72,differential_evolution_staged_direct_search,True,182,1416.1783548278574,8,False,maxiter_budget
2025-06-11,M612,3284.151002114424,3500.2818487037025,21,56799.5231457515,57071.3345342974,55006.73296617223,896.3950897896348,1168.2064783355338,0.0,57071.3345342974,2074.9545837046826,939.2892649088917,3,1.0630600000004051,1.1942733000032604,0,differential_evolution_staged_direct_search,True,12,-4442.64739765046,1,True,population_collapse_convergence,36,differential_evolution_staged_direct_search,True,52,-2168.720744046582,4,True,population_collapse_convergence,72,differential_evolution_staged_direct_search,True,182,461.8785307716242,8,False,maxiter_budget
2025-06-12,M612,3500.2818487037025,3850.8528522079005,21,54810.91083907508,54021.434981524755,53231.95912397443,789.4758575503249,0.0,0.0,54021.434981524755,2327.740954087244,0.0,3,1.0914715999970213,1.2342549999884795,0,differential_evolution_staged_direct_search,True,27,-4442.513191218166,4,True,population_collapse_convergence,36,differential_evolution_staged_direct_search,True,42,-3290.0473264869956,3,True,population_collapse_convergence,72,differential_evolution_staged_direct_search,True,182,736.2584637078327,8,False,maxiter_budget
2025-06-13,M612,3850.8528522079005,4002.433997796183,21,24102.623260859385,23910.602884446125,23718.58250803287,192.02037641325902,0.0,0.0,23910.602884446125,320.4089669219842,0.0,3,1.2710991000203649,1.4192605999996886,0,differential_evolution_staged_direct_search,True,22,-1850.3241153524064,3,True,population_collapse_convergence,36,differential_evolution_staged_direct_search,True,92,-3995.860748470749,8,False,maxiter_budget,72,differential_evolution_staged_direct_search,True,182,843.7941010853269,8,False,maxiter_budget
2025-06-14,M612,4002.433997796183,3805.4856820737964,21,24393.43080929601,24050.356323268476,23707.281837240946,343.07448602753357,0.0,0.0,24050.356323268476,630.52683345725,0.0,3,1.2231494000152452,1.3591591000003973,0,differential_evolution_staged_direct_search,True,17,-2055.9606667708044,2,True,population_collapse_convergence,36,differential_evolution_staged_direct_search,True,92,-4455.600000000001,8,False,maxiter_budget,72,differential_evolution_staged_direct_search,True,182,404.21885277590945,8,False,maxiter_budget
2025-06-15,M612,3805.4856820737964,3818.428746180525,21,50651.545552411524,52976.06658958143,50125.86770848586,262.83892196283506,2587.359959132742,0.0,52976.06658958143,433.73326559277166,3447.375406115888,3,1.0554744999972172,1.2045378999901004,0,differential_evolution_staged_direct_search,True,17,-4442.040610231388,2,True,population_collapse_convergence,36,differential_evolution_staged_direct_search,True,32,-2989.8417021422974,2,True,population_collapse_convergence,72,differential_evolution_staged_direct_search,True,182,618.5050018687451,8,False,maxiter_budget
2025-06-16,M612,3818.428746180525,3679.2147836515373,21,53068.35170448159,53236.75052390731,51725.85047659997,671.2506139408076,839.6494333665281,470.78489449601216,53707.53541840332,1552.3780655918122,1063.1247305976522,3,1.1037434000027133,1.246536799997557,0,differential_evolution_staged_direct_search,True,17,-4442.040610231388,2,True,population_collapse_convergence,36,differential_evolution_staged_direct_search,True,42,-2597.465767560839,3,True,population_collapse_convergence,72,differential_evolution_staged_direct_search,True,182,827.9396766825068,8,False,maxiter_budget
2025-06-17,M612,3679.2147836515373,3524.929359502029,21,53540.07896170969,54231.37458195927,52898.9035345084,320.5877136006463,1011.8833338502287,36.60226710762418,54267.976849066894,714.9943076058046,1214.812749518936,3,1.2419535999943037,1.3812137999921106,0,differential_evolution_staged_direct_search,True,22,-4439.307342370712,3,True,population_collapse_convergence,36,differential_evolution_staged_direct_search,True,92,-3060.3981526332523,8,False,maxiter_budget,72,differential_evolution_staged_direct_search,True,182,1017.0299365575086,8,False,maxiter_budget
2025-06-18,M612,3524.929359502029,3631.9132382640214,21,54210.90480084633,53862.90923306647,51805.434404990534,1202.7351979278924,854.7396301480417,0.0,53862.90923306647,3465.120499091375,953.7381558765169,3,1.2557753000146477,1.3958755000057863,0,differential_evolution_staged_direct_search,True,17,-4440.904227202221,2,True,population_collapse_convergence,36,differential_evolution_staged_direct_search,True,92,-2908.0194882686505,8,False,maxiter_budget,72,differential_evolution_staged_direct_search,True,182,1370.1132894318202,8,False,maxiter_budget
2025-06-19,M612,3631.9132382640214,3691.595995312242,21,51078.197341479325,52229.254987761335,48433.57544290759,1322.310949285867,2473.3685955678757,1.0355553083300035,52230.29054306966,3846.084576760187,2248.3966391610757,3,1.2105073999991873,1.3529030000063358,0,differential_evolution_staged_direct_search,True,27,-4440.083692921859,4,True,population_collapse_convergence,36,differential_evolution_staged_direct_search,True,32,-3377.6010871772764,2,True,population_collapse_convergence,72,differential_evolution_staged_direct_search,True,182,1706.4923318397705,8,False,maxiter_budget
2025-06-20,M612,3691.595995312242,4016.5305066584356,21,23516.02654224544,23208.086637186185,22900.146732126923,307.93990505925893,0.0,0.0,23208.086637186185,518.4029845952341,0.0,3,1.3435198000079254,1.4824077999946894,0,differential_evolution_staged_direct_search,True,17,-1516.4417542151355,2,True,population_collapse_convergence,36,differential_evolution_staged_direct_search,True,92,-4454.130662456827,8,False,maxiter_budget,72,differential_evolution_staged_direct_search,True,182,560.9875737612612,8,False,maxiter_budget
2025-06-21,M612,4016.5305066584356,4571.601371775228,21,22993.88745991912,22796.54817747842,22599.208895037726,197.33928244069634,0.0,0.0,22796.54817747842,314.20951288395213,0.0,3,1.2232867999991868,1.3660507000022335,0,differential_evolution_staged_direct_search,True,12,-1592.4007599074002,1,True,population_collapse_convergence,36,differential_evolution_staged_direct_search,True,92,-4455.600000000001,8,False,maxiter_budget,72,differential_evolution_staged_direct_search,True,182,892.1482328436347,8,False,maxiter_budget
2025-06-22,M612,4571.601371775228,3738.675093060176,21,48255.64501975743,49506.90313614603,46840.35634138064,707.6443391883957,1958.9024555769886,0.0,49506.90313614603,2904.4740119798425,1763.586336085717,3,1.2282885999884456,1.383593699996709,0,differential_evolution_staged_direct_search,True,22,-4435.839806393159,3,True,population_collapse_convergence,36,differential_evolution_staged_direct_search,True,32,-3686.0807874763427,2,True,population_collapse_convergence,72,differential_evolution_staged_direct_search,True,182,1931.1669496091602,8,False,maxiter_budget
2025-06-23,M612,3738.675093060176,2956.731861512908,21,50136.24888646594,49162.46183512801,48188.67478379008,973.7870513379303,0.0,0.0,49162.46183512801,3220.144088963248,0.0,3,1.2372342000016943,1.4081760999979451,0,differential_evolution_staged_direct_search,True,27,-4423.939079365704,4,True,population_collapse_convergence,36,differential_evolution_staged_direct_search,True,42,-3260.547195719304,3,True,population_collapse_convergence,72,differential_evolution_staged_direct_search,True,182,1329.3507145953408,8,False,maxiter_budget
2025-06-24,M612,2956.731861512908,3061.269748760402,21,57553.40637247039,56182.44830986831,54811.49024726625,1370.9580626020634,0.0,10.808156129136906,56193.25646599745,3821.0292017982956,0.0,3,1.1273758000170346,1.2678476000000956,0,differential_evolution_staged_direct_search,True,17,-4419.557525711705,2,True,population_collapse_convergence,36,differential_evolution_staged_direct_search,True,42,-2830.476546613002,3,True,population_collapse_convergence,72,differential_evolution_staged_direct_search,True,182,1461.8779769391465,8,False,maxiter_budget
2025-06-25,M612,3061.269748760402,2712.9502886653513,21,49409.2222692019,50685.72021864589,48026.1099577867,691.5561557075973,1968.0541051515834,0.0,50685.72021864589,2649.140489701819,1686.3994299240953,3,1.0645465000125114,1.1975535999954445,0,differential_evolution_staged_direct_search,True,17,-4407.646826469442,2,True,population_collapse_convergence,36,differential_evolution_staged_direct_search,True,32,-3303.6233399820035,2,True,population_collapse_convergence,72,differential_evolution_staged_direct_search,True,182,2128.8874087255117,8,False,maxiter_budget
2025-06-26,M612,2712.9502886653513,2265.0946801093673,21,48293.61557889463,48339.00905191296,47567.12889596078,363.24334146692445,408.63681448525256,119.4183810717722,48458.42743298473,1437.906653306745,483.1073752161994,3,1.0830615000159014,1.2208824999979697,0,differential_evolution_staged_direct_search,True,12,-4417.3911471137735,1,True,population_collapse_convergence,36,differential_evolution_staged_direct_search,True,42,-3205.7798102295937,3,True,population_collapse_convergence,72,differential_evolution_staged_direct_search,True,182,1382.8613793401598,8,False,maxiter_budget
2025-06-27,M612,2265.0946801093673,2444.665560871273,21,21409.178195633212,20690.626429174696,19972.07466271618,718.5517664585146,0.0,103.29472776361396,20793.921156938308,1701.0972526236642,0.0,3,1.2988407000084408,1.4564168999932008,0,differential_evolution_staged_direct_search,True,22,-1789.2097171137073,3,True,population_collapse_convergence,36,differential_evolution_staged_direct_search,True,92,-4455.600000000001,8,False,maxiter_budget,72,differential_evolution_staged_direct_search,True,182,635.36915267167,8,False,maxiter_budget
2025-06-28,M612,2444.665560871273,2036.2964788415866,21,19854.520268110195,19695.35140417951,19536.182540248825,159.1688639306844,0.0,0.0,19695.35140417951,295.7081731907021,0.0,3,1.5653215000056662,1.7428803000075277,0,differential_evolution_staged_direct_search,True,17,-1377.3418826660525,2,True,population_collapse_convergence,36,differential_evolution_staged_direct_search,True,62,-4308.004190764195,5,True,population_collapse_convergence,72,differential_evolution_staged_direct_search,True,182,-66.37967950308231,8,False,maxiter_budget
2025-06-29,M612,2036.2964788415866,2035.4736757641185,21,45483.881787210456,47619.777242328244,44404.87625065712,539.5027682766708,2675.3982233944566,111.63123082500024,47731.40847315324,1431.937883088229,2469.1832095389104,3,1.0516032000014093,1.211221999998088,0,differential_evolution_staged_direct_search,True,17,-4454.581948224575,2,True,population_collapse_convergence,36,differential_evolution_staged_direct_search,True,92,-3301.645568471018,8,False,maxiter_budget,72,differential_evolution_staged_direct_search,True,122,-599.0034530018112,5,True,population_collapse_convergence
2025-06-30,M612,2035.4736757641185,1876.907302562379,21,50409.61871426849,49099.69706933705,47616.225681114185,1396.6965165771485,86.77487164572345,158.98018780833252,49258.677257145384,4066.210861583368,61.1874716621636,3,1.5258769999927608,1.6914373000035994,0,differential_evolution_staged_direct_search,True,22,-4454.581948224575,3,True,population_collapse_convergence,36,differential_evolution_staged_direct_search,True,92,-2876.433861163767,8,False,maxiter_budget,72,differential_evolution_staged_direct_search,True,182,-608.4554862874079,8,False,maxiter_budget
2025-07-01,M612,1876.907302562379,1200.0,21,44301.162653337175,49271.96842721798,44301.16265333718,0.0,4970.805773880798,32970.986783149754,82242.95521036774,0.0,4764.142868632371,3,1.3012356999824988,1.4797622000041883,0,differential_evolution_staged_direct_search,True,17,-4454.581948224575,2,True,population_collapse_convergence,36,differential_evolution_staged_direct_search,True,32,-2558.094701438415,2,True,population_collapse_convergence,72,differential_evolution_staged_direct_search,True,182,-612.6674129529964,8,False,maxiter_budget
2025-07-02,M612,1200.0,1200.0,21,42645.80251335504,44813.59566839707,42645.80251335504,0.0,2167.793155042023,28904.93487358486,73718.53054198193,0.0,2881.3597433015657,3,1.4422951999877114,1.5917427999957,0,differential_evolution_staged_direct_search,True,17,-4355.768667220736,2,True,population_collapse_convergence,36,differential_evolution_staged_direct_search,True,92,-2570.064955169938,8,False,maxiter_budget,72,differential_evolution_staged_direct_search,True,182,581.8622770150347,8,False,maxiter_budget
2025-07-03,M612,1200.0,1200.0,21,48766.527154354655,51068.538769713676,47400.510382604356,683.0083858751511,2985.020001234174,24350.991593070852,75419.53036278453,1891.3880454973296,2633.2455925562017,3,1.1015284000022803,1.241898799999035,0,differential_evolution_staged_direct_search,True,22,-4343.776637221815,3,True,population_collapse_convergence,36,differential_evolution_staged_direct_search,True,42,-2079.4706450448057,3,True,population_collapse_convergence,72,differential_evolution_staged_direct_search,True,182,1746.9211589132829,8,False,maxiter_budget
2025-07-04,M612,1200.0,1200.00000662538,21,19416.953335471553,20108.230676138097,19191.207765622028,112.87278492476243,804.1501255913035,27009.268013184457,47117.49868932256,180.03269407040005,623.5746412021665,3,1.200182999993558,1.3450638000067556,0,differential_evolution_staged_direct_search,True,47,-965.6512343125264,8,False,maxiter_budget,36,differential_evolution_staged_direct_search,True,42,-4279.9382571758615,3,True,population_collapse_convergence,72,differential_evolution_staged_direct_search,True,182,1583.936788981471,8,False,maxiter_budget
2025-07-05,M612,1200.00000662538,1207.7429999999997,21,20885.597306823598,21730.609656884575,20367.962679982375,258.81731342061266,1103.8296634815874,21863.505712258248,43594.11536914282,412.99685838290947,850.67301943974,3,1.4838691000186373,1.6490491000004113,0,differential_evolution_staged_direct_search,True,17,-1149.9085540139906,2,True,population_collapse_convergence,36,differential_evolution_staged_direct_search,True,92,-4195.408978702105,8,False,maxiter_budget,72,differential_evolution_staged_direct_search,True,182,2080.1704874157563,8,False,maxiter_budget
2025-07-06,M612,1207.7429999999997,1200.0,21,48918.02831802271,52449.57209957873,48899.00371150341,9.512303259653761,3541.0560848156715,17367.210291101874,69816.7823906806,28.42038604599611,4863.390599496148,3,1.2065113999997266,1.3557658000063384,0,differential_evolution_staged_direct_search,True,17,-4123.338842394266,2,True,population_collapse_convergence,36,differential_evolution_staged_direct_search,True,82,-1850.7969257875932,7,True,population_collapse_convergence,72,differential_evolution_staged_direct_search,True,182,3313.3093986895556,8,False,maxiter_budget
2025-07-07,M612,1200.0,1320.7775100000001,21,49759.158449696806,49263.46683791017,48767.77522612354,495.69161178662927,0.0,5962.196173132083,55225.663011042256,1614.8769298508344,0.0,3,1.2019471999956295,1.353166600005352,0,differential_evolution_staged_direct_search,True,17,-4359.611201470642,2,True,population_collapse_convergence,36,differential_evolution_staged_direct_search,True,42,-3425.492615815122,3,True,population_collapse_convergence,72,differential_evolution_staged_direct_search,True,182,1977.5953197211977,8,False,maxiter_budget
2025-07-08,M612,1320.7775100000001,3919.0568587312955,21,63751.8108902516,61172.4462244975,58593.08155874339,2579.3646657540985,0.0,0.0,61172.4462244975,7776.189159410802,0.0,3,1.1753006000071764,1.3206666000041878,0,differential_evolution_staged_direct_search,True,12,-4375.180132993058,1,True,population_collapse_convergence,36,differential_evolution_staged_direct_search,True,32,-2199.0952541679762,2,True,population_collapse_convergence,72,differential_evolution_staged_direct_search,True,182,2084.205932285093,8,False,maxiter_budget
2025-07-09,M612,3919.0568587312955,4178.78918125549,21,61992.79342186163,59028.878152103105,56064.96288234459,2963.915269758518,0.0,28.02070767500043,59056.898859778106,9018.404099179239,0.0,3,1.2077301999961492,1.3385984000051394,0,differential_evolution_staged_direct_search,True,17,-4375.337578806958,2,True,population_collapse_convergence,36,differential_evolution_staged_direct_search,True,92,-2766.6161663711446,8,False,maxiter_budget,72,differential_evolution_staged_direct_search,True,182,1895.307924416941,8,False,maxiter_budget
2025-07-10,M612,4178.78918125549,3839.4432134089493,21,57999.23272757204,56717.781226745436,55436.32972591883,1281.4515008266017,0.0,0.0,56717.781226745436,3931.748382353806,0.0,3,1.1395453000150155,1.2759504999994533,0,differential_evolution_staged_direct_search,True,17,-4375.601017353879,2,True,population_collapse_convergence,36,differential_evolution_staged_direct_search,True,52,-2128.746639689558,4,True,population_collapse_convergence,72,differential_evolution_staged_direct_search,True,182,1607.9259022303024,8,False,maxiter_budget
2025-07-11,M612,3839.4432134089493,4054.002758584163,21,31913.96427732077,31145.249422164085,30376.5345670074,768.7148551566873,0.0,0.0,31145.249422164085,1798.2973653644522,0.0,3,1.1243420999817317,1.2726505999889923,0,differential_evolution_staged_direct_search,True,17,-2496.504211426159,2,True,population_collapse_convergence,36,differential_evolution_staged_direct_search,True,32,-4418.086662342278,2,True,population_collapse_convergence,72,differential_evolution_staged_direct_search,True,182,536.5217985534179,8,False,maxiter_budget
2025-07-12,M612,4054.002758584163,4136.354174259261,21,30153.958668910043,30349.213047144138,30153.958668910043,0.0,195.25437823409433,0.0,30349.213047144138,0.0,192.95756483474798,3,1.4141798000055132,1.5952403000119375,0,differential_evolution_staged_direct_search,True,27,-2234.5542528726114,4,True,population_collapse_convergence,36,differential_evolution_staged_direct_search,True,42,-4414.53841875708,3,True,population_collapse_convergence,72,differential_evolution_staged_direct_search,True,182,1464.4876951573738,8,False,maxiter_budget
2025-07-13,M612,4136.354174259261,3990.9190000000017,21,62463.949346655085,58236.23181059058,54008.514274526075,4227.717536064508,0.0,236.06458757500076,58472.29639816558,12164.90672199087,0.0,3,1.2665258000051836,1.44026329999906,0,differential_evolution_staged_direct_search,True,17,-4375.916303666404,2,True,population_collapse_convergence,36,differential_evolution_staged_direct_search,True,32,-2664.0605035480366,2,True,population_collapse_convergence,72,differential_evolution_staged_direct_search,True,182,820.6509166751857,8,False,maxiter_budget
2025-07-14,M612,3990.9190000000017,4241.876060144302,21,58310.412283442456,56194.484675671476,54078.557067900496,2115.927607770976,0.0,0.0,56194.484675671476,7434.365270962566,0.0,3,1.3355909000092652,1.481856099999277,0,differential_evolution_staged_direct_search,True,27,-4375.652865119484,4,True,population_collapse_convergence,36,differential_evolution_staged_direct_search,True,92,-3346.1981848521614,8,False,maxiter_budget,72,differential_evolution_staged_direct_search,True,182,1931.3844381796343,8,False,maxiter_budget
2025-07-15,M612,4241.876060144302,4444.098193956554,21,60480.735181022734,57411.21898308178,54341.70278514083,3069.5161979409568,0.0,0.0,57411.21898308178,10168.087529178274,0.0,3,1.1623489000048721,1.3045050999935484,0,differential_evolution_staged_direct_search,True,22,-4375.916303666404,3,True,population_collapse_convergence,36,differential_evolution_staged_direct_search,True,52,-3533.5859949026717,4,True,population_collapse_convergence,72,differential_evolution_staged_direct_search,True,182,1242.189663133268,8,False,maxiter_budget
2025-07-16,M612,4444.098193956554,4024.3228453703714,21,58581.60438067036,56777.183779947736,54972.76317922512,1804.4206007226187,0.0,0.0,56777.183779947736,5624.3612277716165,0.0,3,1.1519813999912003,1.2913570999953663,0,differential_evolution_staged_direct_search,True,22,-4375.916303666404,3,True,population_collapse_convergence,36,differential_evolution_staged_direct_search,True,52,-3550.3131587993985,4,True,population_collapse_convergence,72,differential_evolution_staged_direct_search,True,182,1186.2993602347815,8,False,maxiter_budget
2025-07-17,M612,4024.3228453703714,4331.90408351852,21,57069.205695358425,56653.54256059794,54899.700955530556,1084.7523699139329,669.0892351534529,0.0,56653.54256059794,3983.355700787298,652.6667699957094,3,1.150006600015331,1.282211700003245,0,differential_evolution_staged_direct_search,True,12,-4377.935518807615,1,True,population_collapse_convergence,36,differential_evolution_staged_direct_search,True,62,-3237.5316012704134,5,True,population_collapse_convergence,72,differential_evolution_staged_direct_search,True,182,2134.5602261245926,8,False,maxiter_budget
2025-07-18,M612,4331.90408351852,4186.849254444445,21,32488.777546872014,31040.971416727953,29593.16528658389,1447.806130144059,0.0,0.0,31040.971416727953,3704.4233266433976,0.0,3,1.1137863000039943,1.250291100004688,0,differential_evolution_staged_direct_search,True,22,-2658.9598794354765,3,True,population_collapse_convergence,36,differential_evolution_staged_direct_search,True,42,-4440.601073525499,3,True,population_collapse_convergence,72,differential_evolution_staged_direct_search,True,182,694.1672929184324,8,False,maxiter_budget
2025-07-19,M612,4186.849254444445,3996.0617527777786,21,32364.54808218827,31167.398743510144,29970.249404832008,1197.1493386781347,0.0,0.0,31167.398743510144,2962.1001102988303,0.0,3,1.1977996999921743,1.3297191000019666,0,differential_evolution_staged_direct_search,True,22,-1971.8230337173668,3,True,population_collapse_convergence,36,differential_evolution_staged_direct_search,True,92,-4455.600000000001,8,False,maxiter_budget,72,differential_evolution_staged_direct_search,True,182,815.4053606479101,8,False,maxiter_budget
2025-07-20,M612,3996.0617527777786,4226.383289628232,21,60312.774487694835,57841.54400382281,55370.313519950796,2471.2304838720156,0.0,0.0,57841.54400382281,8169.623333288611,0.0,3,1.0563858000095934,1.1834093000070425,0,differential_evolution_staged_direct_search,True,12,-4379.130018160788,1,True,population_collapse_convergence,36,differential_evolution_staged_direct_search,True,42,-2855.04207500525,3,True,population_collapse_convergence,72,differential_evolution_staged_direct_search,True,182,1946.160657568307,8,False,maxiter_budget
2025-07-21,M612,4226.383289628232,4376.772718023154,21,61566.05357934522,59680.1758575881,57794.298135830984,1885.877721757117,0.0,0.0,59680.1758575881,6196.86224814849,0.0,3,1.1722767000028398,1.300454299998819,0,differential_evolution_staged_direct_search,True,17,-4376.42632659248,2,True,population_collapse_convergence,36,differential_evolution_staged_direct_search,True,92,-2749.8116445997134,8,False,maxiter_budget,72,differential_evolution_staged_direct_search,True,182,1813.7493827693509,8,False,maxiter_budget
2025-07-22,M612,4376.772718023154,3609.6620760602345,21,58044.269568715245,58104.72968618724,55597.753017844414,1223.2582754354098,1283.718392907411,40.115857500000274,58144.84554368724,3950.808281542749,1636.4038282785416,3,0.9845054999896092,1.12110419999226,0,differential_evolution_staged_direct_search,True,22,-4376.42632659248,3,True,population_collapse_convergence,36,differential_evolution_staged_direct_search,True,22,-2608.3417086394184,1,True,population_collapse_convergence,72,differential_evolution_staged_direct_search,True,182,1496.6282472077994,8,False,maxiter_budget
2025-07-23,M612,3609.6620760602345,3489.75081722222,21,65152.156903763884,60540.0595750636,55927.96224636332,4612.097328700279,0.0,143.01443756666677,60683.07401263026,13304.128438601614,0.0,3,1.054559500014875,1.184783900011098,0,differential_evolution_staged_direct_search,True,22,-4362.604464062821,3,True,population_collapse_convergence,36,differential_evolution_staged_direct_search,True,42,-3408.4491112003298,3,True,population_collapse_convergence,72,differential_evolution_staged_direct_search,True,182,2180.7766642698725,8,False,maxiter_budget
2025-07-24,M612,3489.75081722222,3576.0202411111127,21,62937.4805579059,59312.83535341465,55688.1901489234,3624.6452044912444,0.0,0.0,59312.83535341465,11198.405310107335,0.0,3,1.0829062999982852,1.2331383999990067,0,differential_evolution_staged_direct_search,True,22,-4340.26475355536,3,True,population_collapse_convergence,36,differential_evolution_staged_direct_search,True,52,-3555.250115423633,4,True,population_collapse_convergence,72,differential_evolution_staged_direct_search,True,182,2055.9258611255154,8,False,maxiter_budget
2025-07-25,M612,3576.0202411111127,2898.2561891180394,21,26985.122649992303,26613.337033123935,26241.551416255566,371.7856168683684,0.0,0.0,26613.337033123935,757.9242128377059,0.0,3,1.4089404999831459,1.5460125999961747,0,differential_evolution_staged_direct_search,True,47,-1686.7600628005098,8,False,maxiter_budget,36,differential_evolution_staged_direct_search,True,92,-4439.00328743742,8,False,maxiter_budget,72,differential_evolution_staged_direct_search,True,182,2013.5812207692204,8,False,maxiter_budget
2025-07-26,M612,2898.2561891180394,2665.4305284998477,21,26554.06129295531,26401.33923051894,26248.617168082572,152.72206243636788,0.0,0.0,26401.33923051894,312.0229083842121,0.0,3,1.0547471000027144,1.1850764000118943,0,differential_evolution_staged_direct_search,True,17,-1656.089626673259,2,True,population_collapse_convergence,36,differential_evolution_staged_direct_search,True,42,-4426.912897571836,3,True,population_collapse_convergence,72,differential_evolution_staged_direct_search,True,182,1805.9178662950853,8,False,maxiter_budget
2025-07-27,M612,2665.4305284998477,2467.5623553229148,21,52883.149469490636,53087.53224637425,50488.07754441535,1197.5359625376418,1401.918739421258,0.0,53087.53224637425,3794.241173869884,1303.3915290749355,3,1.1956480000080774,1.32362429999921,0,differential_evolution_staged_direct_search,True,27,-4350.3532881840865,4,True,population_collapse_convergence,36,differential_evolution_staged_direct_search,True,92,-2817.559974484929,8,False,maxiter_budget,72,differential_evolution_staged_direct_search,True,182,1508.9756345244916,8,False,maxiter_budget
2025-07-28,M612,2467.5623553229148,1842.6652676725937,21,53811.777714092525,53790.86065053489,52736.88197881667,537.4478676379249,516.5308040802847,9.879354300000355,53800.740004834886,1522.0227180268612,541.5456077454846,3,1.1643848000094295,1.301990099993418,0,differential_evolution_staged_direct_search,True,17,-4388.313617912581,2,True,population_collapse_convergence,36,differential_evolution_staged_direct_search,True,92,-2457.805786485089,8,False,maxiter_budget,72,differential_evolution_staged_direct_search,True,182,435.8133200291349,8,False,maxiter_budget
2025-07-29,M612,1842.6652676725937,2152.4647557781773,21,52306.6828298623,55348.59409819156,51978.82405868844,163.9293855869331,3205.8406539161983,353.972057833333,55702.5661560249,723.255311044094,3407.4353502410318,3,1.1671431000140728,1.3017523000016809,0,differential_evolution_staged_direct_search,True,17,-4453.0765661086625,2,True,population_collapse_convergence,36,differential_evolution_staged_direct_search,True,92,-2783.111625889321,8,False,maxiter_budget,72,differential_evolution_staged_direct_search,True,182,-603.4845569621715,8,False,maxiter_budget
2025-07-30,M612,2152.4647557781773,2362.3449166872742,21,48415.33024330184,54606.84575943001,48350.39869283881,32.46577523151546,6223.981291359691,47.04765546666701,54653.89341489668,142.67534709521186,6753.667071969065,3,1.1878454000252532,1.3184995999909006,0,differential_evolution_staged_direct_search,True,17,-4453.076566108663,2,True,population_collapse_convergence,36,differential_evolution_staged_direct_search,True,92,-2822.182717633552,8,False,maxiter_budget,72,differential_evolution_staged_direct_search,True,182,-536.7555799058795,8,False,maxiter_budget
2025-07-31,M612,2362.3449166872742,1738.154654925607,21,50639.40764516556,51973.416019559714,50399.45600533166,119.97581991694769,1453.984194311112,271.3801338583321,52244.79615341804,515.8766302902994,1464.137075026969,3,1.1292957999976352,1.266157399993972,0,differential_evolution_staged_direct_search,True,12,-4453.076566108663,1,True,population_collapse_convergence,36,differential_evolution_staged_direct_search,True,92,-3164.702398530261,8,False,maxiter_budget,72,differential_evolution_staged_direct_search,True,182,-490.87831852472726,8,False,maxiter_budget
2025-08-01,M612,1738.154654925607,2024.7179700612587,21,25447.1630526195,24822.89027840974,24198.61750419998,624.2727742097622,0.0,0.0,24822.89027840974,1378.8786389759023,0.0,3,0.7490370000159601,0.8743448999885004,0,differential_evolution_staged_direct_search,True,12,-1358.6181079913817,1,True,population_collapse_convergence,36,differential_evolution_staged_direct_search,True,92,-4455.600000000001,8,False,maxiter_budget,72,differential_evolution_staged_direct_search,True,102,-782.4507907960412,4,True,population_collapse_convergence
2025-08-02,M612,2024.7179700612587,2157.0715248474394,21,26334.554975778236,25729.62264548596,25124.69031519368,604.9323302922801,0.0,0.0,25729.62264548596,1528.2590825144566,0.0,3,1.1597357999999076,1.2857320999901276,0,differential_evolution_staged_direct_search,True,17,-1485.669638335228,2,True,population_collapse_convergence,36,differential_evolution_staged_direct_search,True,92,-4455.600000000001,8,False,maxiter_budget,72,differential_evolution_staged_direct_search,True,182,-776.2490696709197,8,False,maxiter_budget
2025-08-03,M612,2157.0715248474394,1519.5371550000004,21,44650.26386571768,44407.573707511314,44164.88354930494,242.69015820636963,0.0,2004.051685332457,46411.62539284377,718.6359062072127,0.0,3,1.1734168000111822,1.3041980999987572,0,differential_evolution_staged_direct_search,True,22,-3811.3243393268067,3,True,population_collapse_convergence,36,differential_evolution_staged_direct_search,True,92,-3468.1498272564986,8,False,maxiter_budget,72,differential_evolution_staged_direct_search,True,182,-413.2256923186037,8,False,maxiter_budget
2025-08-04,M612,1519.5371550000004,1942.7616193569036,21,48739.677218783385,48692.57730881113,45821.28424946012,1459.1964846616306,1412.0965746893858,147.24793169999924,48839.82524051113,4199.018178383592,2003.0431385372085,3,1.0262904999981401,1.1618422000028659,0,differential_evolution_staged_direct_search,True,17,-4140.964349592281,2,True,population_collapse_convergence,36,differential_evolution_staged_direct_search,True,42,-3346.5229506003952,3,True,population_collapse_convergence,72,differential_evolution_staged_direct_search,True,182,-411.67736429814346,8,False,maxiter_budget
2025-08-05,M612,1942.7616193569036,1837.551822564594,21,47362.25564315621,48508.59982636845,45953.03229365583,704.611674750187,1850.9558579624354,244.54572746666457,48753.145553835115,2368.650175620414,2598.4460470897793,3,1.060647100006463,1.1913429999985965,0,differential_evolution_staged_direct_search,True,17,-4140.706342481372,2,True,population_collapse_convergence,36,differential_evolution_staged_direct_search,True,52,-3312.314679305956,4,True,population_collapse_convergence,72,differential_evolution_staged_direct_search,True,182,-409.5177848443312,8,False,maxiter_budget
2025-08-06,M612,1837.551822564594,1654.6777072222217,21,53348.432467437065,51329.48211990166,49310.53177236626,2018.9503475354081,0.0,0.0,51329.48211990166,5454.264031128491,0.0,3,1.0498004999972181,1.1787948999990476,0,differential_evolution_staged_direct_search,True,17,-4177.834694874486,2,True,population_collapse_convergence,36,differential_evolution_staged_direct_search,True,32,-3158.3347638527493,2,True,population_collapse_convergence,72,differential_evolution_staged_direct_search,True,182,-455.6270615442677,8,False,maxiter_budget
2025-08-07,M612,1654.6777072222217,1945.0626498148133,21,52213.03229620883,50048.863747916344,46596.04981018242,2808.491243013209,644.3226947207128,57.961106208333895,50106.82485412468,11175.397157674091,501.9671857678552,3,1.1391721999971196,1.2677541000011843,0,differential_evolution_staged_direct_search,True,12,-4454.024652609251,1,True,population_collapse_convergence,36,differential_evolution_staged_direct_search,True,92,-3663.574251834197,8,False,maxiter_budget,72,differential_evolution_staged_direct_search,True,182,-614.7674198833067,8,False,maxiter_budget
2025-08-08,M612,1945.0626498148133,2151.857351267477,21,25067.671022837727,24898.393908170037,24729.116793502348,169.27711466768756,0.0,0.0,24898.393908170037,340.2727641703698,0.0,3,1.2040571999823442,1.342700999986846,0,differential_evolution_staged_direct_search,True,17,-1665.6779116492096,2,True,population_collapse_convergence,36,differential_evolution_staged_direct_search,True,92,-4455.600000000001,8,False,maxiter_budget,72,differential_evolution_staged_direct_search,True,182,-814.1060667077661,8,False,maxiter_budget
2025-08-09,M612,2151.857351267477,1889.187741909447,21,24554.43146158165,24429.654949079457,24304.878436577266,124.77651250219319,0.0,0.0,24429.654949079457,212.8706653977755,0.0,3,1.2912021000229288,1.425739500002237,0,differential_evolution_staged_direct_search,True,22,-1593.365242194662,3,True,population_collapse_convergence,36,differential_evolution_staged_direct_search,True,92,-4455.600000000001,8,False,maxiter_budget,72,differential_evolution_staged_direct_search,True,182,-784.9154000500994,8,False,maxiter_budget
2025-08-10,M612,1889.187741909447,2383.5925908980175,21,49682.84331398314,48331.101758572324,46979.3602031615,1351.7415554108202,0.0,157.41654046666756,48488.518299038995,4208.981971782246,0.0,3,1.0613528000103543,1.2244352999987314,0,differential_evolution_staged_direct_search,True,12,-4120.4676438060105,1,True,population_collapse_convergence,36,differential_evolution_staged_direct_search,True,62,-3879.600639970961,5,True,population_collapse_convergence,72,differential_evolution_staged_direct_search,True,162,-507.92383329769837,7,True,population_collapse_convergence
2025-08-11,M612,2383.5925908980175,1981.6063503703713,21,47229.56206378386,47526.77345636416,45949.31857711575,640.1217433340529,937.333135914358,1069.282379691663,48596.05583605582,2919.597319301218,852.2847442802862,3,1.3430447999708122,1.5250515000079758,0,differential_evolution_staged_direct_search,True,17,-4454.269149621008,2,True,population_collapse_convergence,36,differential_evolution_staged_direct_search,True,92,-3179.7188437665186,8,False,maxiter_budget,72,differential_evolution_staged_direct_search,True,182,-479.5658909453797,8,False,maxiter_budget
2025-08-12,M612,1981.6063503703713,2055.684240579163,21,50351.64273223917,49029.86789390165,47311.75709618574,1519.9428180267155,198.16797968919593,1067.1021600166682,50096.970053918325,6076.574072571593,158.65852252716462,3,1.0475408000056632,1.1838418999977876,0,differential_evolution_staged_direct_search,True,17,-4454.269149621009,2,True,population_collapse_convergence,36,differential_evolution_staged_direct_search,True,32,-3375.1807590185044,2,True,population_collapse_convergence,72,differential_evolution_staged_direct_search,True,182,-526.466449768945,8,False,maxiter_budget
2025-08-13,M612,2055.684240579163,2252.0512253562274,21,45919.749212523246,46759.03073338837,45488.10119528305,215.8240086200963,1055.1055294852229,710.6717716583321,47469.7025050467,957.576060901733,1383.391520922215,3,1.0416293000162113,1.1730632999970112,0,differential_evolution_staged_direct_search,True,22,-4220.692441539792,3,True,population_collapse_convergence,36,differential_evolution_staged_direct_search,True,42,-3279.4731231116893,3,True,population_collapse_convergence,72,differential_evolution_staged_direct_search,True,182,-582.846574625787,8,False,maxiter_budget
2025-08-14,M612,2252.0512253562274,2023.3609631202046,21,48047.14233460402,48919.820990137625,46083.754190097454,981.6940722532809,1854.3727277868877,1218.1395190833314,50137.96050922095,3275.1223818909048,2609.3185834289693,3,1.0958576999983052,1.230600199996843,0,differential_evolution_staged_direct_search,True,17,-4377.436618441555,2,True,population_collapse_convergence,36,differential_evolution_staged_direct_search,True,52,-2896.073731539019,4,True,population_collapse_convergence,72,differential_evolution_staged_direct_search,True,182,-439.7837670649765,8,False,maxiter_budget
2025-08-15,M612,2023.3609631202046,1838.4763126123137,21,25445.68210335169,24753.613995724598,24061.5458880975,692.0681076270953,0.0,0.0,24753.613995724598,1541.9415211641929,0.0,3,1.2568831000098726,1.3887047000025632,0,differential_evolution_staged_direct_search,True,47,-1641.8184400931905,8,False,maxiter_budget,36,differential_evolution_staged_direct_search,True,92,-4455.600000000001,8,False,maxiter_budget,72,differential_evolution_staged_direct_search,True,182,-847.0680382510599,8,False,maxiter_budget
2025-08-16,M612,1838.4763126123137,1984.9516747718276,21,26949.010550811236,25557.598870495574,24166.18719017992,1391.411680315658,0.0,0.0,25557.598870495574,3335.8663382861414,0.0,3,1.1920372999738902,1.322234399995068,0,differential_evolution_staged_direct_search,True,17,-1386.6509479807357,2,True,population_collapse_convergence,36,differential_evolution_staged_direct_search,True,92,-4455.600000000001,8,False,maxiter_budget,72,differential_evolution_staged_direct_search,True,182,-835.7906246532515,8,False,maxiter_budget
2025-08-17,M612,1984.9516747718276,2212.340630067379,21,49454.92651039375,48095.12454039816,45996.4705979682,1729.2279562127765,369.4259862171872,689.5558209166664,48784.68036131482,7297.072168130444,268.7186614704281,3,1.3003655999928014,1.4316054000082659,0,differential_evolution_staged_direct_search,True,17,-4453.436545569666,2,True,population_collapse_convergence,36,differential_evolution_staged_direct_search,True,52,-3537.1867737959096,4,True,population_collapse_convergence,72,differential_evolution_staged_direct_search,True,182,-577.6338462313529,8,False,maxiter_budget
2025-08-18,M612,2212.340630067379,2276.1395431201877,21,48440.28940411638,47515.12681712071,46589.96423012504,925.1625869956686,0.0,631.9168269416684,48147.04364406238,3094.278306678635,0.0,3,1.173250099978759,1.3066015000076732,0,differential_evolution_staged_direct_search,True,17,-4453.436545569666,2,True,population_collapse_convergence,36,differential_evolution_staged_direct_search,True,92,-3417.2917121009446,8,False,maxiter_budget,72,differential_evolution_staged_direct_search,True,182,-396.5718848405519,8,False,maxiter_budget
2025-08-19,M612,2276.1395431201877,2020.004055206623,21,47815.82758281416,47164.974880445225,46514.122178076286,650.8527023689414,0.0,1025.52834313333,48190.503223578555,2587.5155090529156,0.0,3,0.5594671000144444,0.692585799988592,0,differential_evolution_staged_direct_search,True,17,-4408.091401541395,2,True,population_collapse_convergence,36,differential_evolution_staged_direct_search,True,42,-3491.1464665339445,3,True,population_collapse_convergence,72,differential_evolution_staged_direct_search,True,82,-366.7250509887134,3,True,population_collapse_convergence
2025-08-20,M612,2020.004055206623,1856.1360174220795,21,52270.3207974168,50868.76431203462,48548.580961782114,1860.8699178173415,459.3134324351676,1057.7052918583308,51926.46960389295,6672.943336960028,392.8692873568201,3,1.1606262999994215,1.2897755000012694,0,differential_evolution_staged_direct_search,True,17,-4453.039764261318,2,True,population_collapse_convergence,36,differential_evolution_staged_direct_search,True,92,-2778.8876089883465,8,False,maxiter_budget,72,differential_evolution_staged_direct_search,True,182,-577.3008364700389,8,False,maxiter_budget
2025-08-21,M612,1856.1360174220795,2166.4583942701775,21,49579.46284941172,48053.030613683106,46526.598377658804,1526.4322358764548,1.4784470427260956e-07,0.0,48053.030613683106,6298.7335946729945,1.4286583009383926e-07,3,1.0088592000101926,1.1389752999966731,0,differential_evolution_staged_direct_search,True,17,-4453.039764261318,2,True,population_collapse_convergence,36,differential_evolution_staged_direct_search,True,32,-3290.605674825886,2,True,population_collapse_convergence,72,differential_evolution_staged_direct_search,True,182,-573.8366504687892,8,False,maxiter_budget
2025-08-22,M612,2166.4583942701775,1684.339457777778,21,24847.34842051239,24491.216699829718,24135.084979147054,356.13172068266726,0.0,420.5770435430661,24911.793743372786,786.7280007482963,0.0,3,1.1837358999910066,1.3127109999913955,0,differential_evolution_staged_direct_search,True,12,-1516.074123251005,1,True,population_collapse_convergence,36,differential_evolution_staged_direct_search,True,92,-4455.600000000001,8,False,maxiter_budget,72,differential_evolution_staged_direct_search,True,182,-879.9717354135984,8,False,maxiter_budget
2025-08-23,M612,1684.339457777778,2177.066069265545,21,24282.177154733967,25112.710468292127,24282.177154733967,0.0,830.5333135581614,0.0,25112.710468292127,0.0,630.0220080662422,3,1.2376040000090143,1.3666991000063717,0,differential_evolution_staged_direct_search,True,47,-1767.9750799612839,8,False,maxiter_budget,36,differential_evolution_staged_direct_search,True,92,-4455.600000000001,8,False,maxiter_budget,72,differential_evolution_staged_direct_search,True,182,-749.1567334472066,8,False,maxiter_budget
2025-08-24,M612,2177.066069265545,2381.369409557146,21,47340.356724974365,47188.33821656829,46769.06077810138,285.64797343649445,133.62946503041883,119.7582709333327,47308.09648750162,991.828180163758,117.46594576908694,3,1.1716279999964172,1.302220400000806,0,differential_evolution_staged_direct_search,True,22,-4127.139859864775,3,True,population_collapse_convergence,36,differential_evolution_staged_direct_search,True,92,-3756.602040901365,8,False,maxiter_budget,72,differential_evolution_staged_direct_search,True,182,-548.1054584308456,8,False,maxiter_budget
2025-08-25,M612,2381.369409557146,2137.9192727777768,21,60464.322690116955,55233.45190908412,50002.58112805128,5230.8707810328415,0.0,337.46699522499983,55570.91890430912,16496.028366285682,0.0,3,0.9721232000010787,1.1072698999923887,0,differential_evolution_staged_direct_search,True,17,-4452.476752532336,2,True,population_collapse_convergence,36,differential_evolution_staged_direct_search,True,92,-3576.882714835922,8,False,maxiter_budget,72,differential_evolution_staged_direct_search,True,142,-425.77757482028056,6,True,population_collapse_convergence
2025-08-26,M612,2137.9192727777768,2560.3988746016626,21,47803.4492614084,48180.68334414621,46957.65459594829,422.89733273005334,800.1314154678646,217.8951927750004,48398.57853692121,1090.3902709793265,1139.2268083844879,3,1.1624379999848315,1.2942947000119602,0,differential_evolution_staged_direct_search,True,17,-4125.938998203329,2,True,population_collapse_convergence,36,differential_evolution_staged_direct_search,True,92,-3420.080281852517,8,False,maxiter_budget,72,differential_evolution_staged_direct_search,True,182,-475.15561946249494,8,False,maxiter_budget
2025-08-27,M612,2560.3988746016626,2288.3205185015886,21,47770.22986795025,50804.12272510935,47172.775312169586,298.727277890335,3332.6201350494366,0.0,50804.12272510935,1361.9860223744472,3889.6703952266216,3,0.511764899987611,0.6384680000046501,0,differential_evolution_staged_direct_search,True,12,-4452.476752532336,1,True,population_collapse_convergence,36,differential_evolution_staged_direct_search,True,32,-3456.36004197722,2,True,population_collapse_convergence,72,differential_evolution_staged_direct_search,True,82,-613.985460199234,3,True,population_collapse_convergence
2025-08-28,M612,2288.3205185015886,2284.9723215445724,21,46677.39167468203,51017.69214190995,46677.391674682025,0.0,4340.300467227921,383.0028472499995,51400.69498915995,0.0,4691.495447593917,3,1.255289900014759,1.3892730999941705,0,differential_evolution_staged_direct_search,True,32,-4453.421711396141,5,True,population_collapse_convergence,36,differential_evolution_staged_direct_search,True,92,-3001.871234415512,8,False,maxiter_budget,72,differential_evolution_staged_direct_search,True,182,-523.3162564501806,8,False,maxiter_budget
2025-08-29,M612,2284.9723215445724,2351.8954438972537,21,26990.221674136403,26553.43388562285,26116.646097109304,436.78778851354855,0.0,0.0,26553.43388562285,996.4153353613754,0.0,3,0.856741499985219,0.9938774000038393,0,differential_evolution_staged_direct_search,True,12,-1983.1194968726431,1,True,population_collapse_convergence,36,differential_evolution_staged_direct_search,True,92,-4455.600000000001,8,False,maxiter_budget,72,differential_evolution_staged_direct_search,True,122,-858.8977875878669,5,True,population_collapse_convergence
2025-08-30,M612,2351.8954438972537,1838.2006199500302,21,25887.290383398547,25386.994652190566,24886.698920982577,500.29573120798625,0.0,0.0,25386.994652190566,1286.1307275313054,0.0,3,1.2372967000119388,1.3678079999954207,0,differential_evolution_staged_direct_search,True,47,-1722.2516883886738,8,False,maxiter_budget,36,differential_evolution_staged_direct_search,True,92,-4455.600000000001,8,False,maxiter_budget,72,differential_evolution_staged_direct_search,True,182,-841.7103192236772,8,False,maxiter_budget
2025-08-31,M612,1838.2006199500302,2309.2878233053984,21,48058.42741763183,48448.41695098684,46700.71837344984,678.8545220909944,1068.8440554460112,636.9308183666645,49085.3477693535,1813.8825716250267,1527.535149414121,3,1.0726725999993505,1.2059713999915402,0,differential_evolution_staged_direct_search,True,17,-4118.208593160293,2,True,population_collapse_convergence,36,differential_evolution_staged_direct_search,True,32,-2527.572965683691,2,True,population_collapse_convergence,72,differential_evolution_staged_direct_search,True,182,-408.6125349676665,8,False,maxiter_budget
2025-09-01,M612,2309.2878233053984,5948.831592777777,21,52677.93889273775,49820.58057156512,46922.012664506095,2877.96311411583,20.604792943195967,0.0,49820.58057156512,10958.570218413875,17.43244483571334,3,0.6530148000019835,0.7860356000019237,0,differential_evolution_staged_direct_search,True,27,-4453.875467936411,4,True,population_collapse_convergence,36,differential_evolution_staged_direct_search,True,32,-2904.552990432588,2,True,population_collapse_convergence,72,differential_evolution_staged_direct_search,True,102,-587.7098123916751,4,True,population_collapse_convergence
2025-09-02,M612,5948.831592777777,5648.69228148148,21,45066.05314774171,46557.433178344945,44122.84659292489,471.60327740840773,1962.9833080116405,0.0,46557.433178344945,2144.092092092251,2385.658564891068,3,1.2577330999920378,1.3891838000126882,0,differential_evolution_staged_direct_search,True,27,-4453.875467936411,4,True,population_collapse_convergence,36,differential_evolution_staged_direct_search,True,92,-3398.7923265350005,8,False,maxiter_budget,72,differential_evolution_staged_direct_search,True,182,-643.4016520783684,8,False,maxiter_budget
2025-09-03,M612,5648.69228148148,5596.134995370371,21,47794.95426026166,46645.268844518636,45166.07128586692,1314.4414871973645,164.75607145434736,0.0,46645.268844518636,5478.582971570892,146.7089198988039,3,1.1775439999910304,1.308876399998553,0,differential_evolution_staged_direct_search,True,12,-4453.875467936411,1,True,population_collapse_convergence,36,differential_evolution_staged_direct_search,True,92,-3420.154437775933,8,False,maxiter_budget,72,differential_evolution_staged_direct_search,True,182,-638.2426482844744,8,False,maxiter_budget
2025-09-04,M612,5596.134995370371,5453.324734466337,21,47426.55145905861,46232.01698921305,45037.48251936749,1194.5344698455597,0.0,0.0,46232.01698921305,4250.303511223959,0.0,3,1.0967173999961233,1.24033660000714,0,differential_evolution_staged_direct_search,True,17,-4208.074550011329,2,True,population_collapse_convergence,36,differential_evolution_staged_direct_search,True,42,-3783.8493706940667,3,True,population_collapse_convergence,72,differential_evolution_staged_direct_search,True,182,-514.4820801119947,8,False,maxiter_budget
2025-09-05,M612,5453.324734466337,5679.958943703703,21,23496.44509723951,22981.586763782187,22466.728430324867,514.858333457323,0.0,0.0,22981.586763782187,1095.5831374391585,0.0,3,1.3341984000289813,1.4717794000025606,0,differential_evolution_staged_direct_search,True,22,-1911.849764960185,3,True,population_collapse_convergence,36,differential_evolution_staged_direct_search,True,92,-4455.600000000001,8,False,maxiter_budget,72,differential_evolution_staged_direct_search,True,182,-1018.6054970267423,8,False,maxiter_budget
2025-09-06,M612,5679.958943703703,6277.360743518519,21,23613.38239334687,23321.993989453047,23030.60558555922,291.3884038938245,0.0,0.0,23321.993989453047,593.6173670740193,0.0,3,1.2811424000101397,1.4253545999963535,0,differential_evolution_staged_direct_search,True,22,-1894.8612681080097,3,True,population_collapse_convergence,36,differential_evolution_staged_direct_search,True,92,-4455.600000000001,8,False,maxiter_budget,72,differential_evolution_staged_direct_search,True,182,-1018.718533132511,8,False,maxiter_budget
2025-09-07,M612,6277.360743518519,5410.496896296297,21,44043.118418365586,46338.34112675977,42724.604126612525,659.2571458765319,2954.4798542707135,0.0,46338.34112675977,3011.477125562557,4028.3548950680533,3,1.119717400011723,1.2537588999985019,0,differential_evolution_staged_direct_search,True,47,-4078.563878813736,8,False,maxiter_budget,36,differential_evolution_staged_direct_search,True,32,-3458.120331342733,2,True,population_collapse_convergence,72,differential_evolution_staged_direct_search,True,182,-751.967174373807,8,False,maxiter_budget
2025-09-08,M612,5410.496896296297,1340.9199509164919,21,39865.65627016104,40151.47180128479,37634.51069131178,1115.5727894246304,1401.3883205483776,0.0,40151.47180128479,4760.590137973413,1366.533570996735,3,1.3659213000064483,1.50501950000762,0,differential_evolution_staged_direct_search,True,17,-4452.666419699287,2,True,population_collapse_convergence,36,differential_evolution_staged_direct_search,True,92,-3239.3116766042062,8,False,maxiter_budget,72,differential_evolution_staged_direct_search,True,182,-864.2989370259635,8,False,maxiter_budget
2025-09-09,M612,1340.9199509164919,1461.3145385185187,21,37013.417065383735,38174.77877250945,37013.417065383735,0.0,1161.36170712572,954.0964232019483,39128.8751957114,0.0,1096.3940547848017,3,1.3499966999952449,1.5014564999873983,0,differential_evolution_staged_direct_search,True,12,-3900.053855680117,1,True,population_collapse_convergence,36,differential_evolution_staged_direct_search,True,92,-3593.9759130694783,8,False,maxiter_budget,72,differential_evolution_staged_direct_search,True,182,-647.234717830664,8,False,maxiter_budget
2025-09-10,M612,1461.3145385185187,1713.203441296295,21,43304.01277417081,42683.855108844,41156.853828249084,1073.579472960862,453.4218076340552,24.603456924998984,42708.458565769,3915.3022926584936,433.3326861572895,3,1.2168539999984205,1.3738602999947034,0,differential_evolution_staged_direct_search,True,17,-4452.010399062933,2,True,population_collapse_convergence,36,differential_evolution_staged_direct_search,True,92,-3195.82926056738,8,False,maxiter_budget,72,differential_evolution_staged_direct_search,True,182,-697.15929175368,8,False,maxiter_budget
2025-09-11,M612,1713.203441296295,1631.7348065471858,21,43378.254564378876,40923.956438626046,38469.65831287323,2454.2981257528213,0.0,0.0,40923.956438626046,8708.182367586762,0.0,3,1.2201121999969473,1.360361599989119,0,differential_evolution_staged_direct_search,True,22,-4451.7522025836915,3,True,population_collapse_convergence,36,differential_evolution_staged_direct_search,True,92,-3472.4286001702926,8,False,maxiter_budget,72,differential_evolution_staged_direct_search,True,182,-769.3725081437907,8,False,maxiter_budget
2025-09-12,M612,1631.7348065471858,1677.4474641726738,21,18305.396812929666,18206.01921713427,18106.641621338873,99.37759579539639,0.0,0.0,18206.01921713427,166.46609852104496,0.0,3,1.1924829999916255,1.3273462999932235,0,differential_evolution_staged_direct_search,True,17,-2098.1494191180004,2,True,population_collapse_convergence,36,differential_evolution_staged_direct_search,True,92,-4455.600000000001,8,False,maxiter_budget,72,differential_evolution_staged_direct_search,True,182,-1082.356128892737,8,False,maxiter_budget
2025-09-13,M612,1677.4474641726738,1758.3085017581393,21,18212.025962477957,18113.43592054599,18014.845878614025,98.59004193196864,0.0,0.0,18113.43592054599,172.0900297033235,0.0,3,1.182882699999027,1.3262307999975746,0,differential_evolution_staged_direct_search,True,12,-2105.955720000531,1,True,population_collapse_convergence,36,differential_evolution_staged_direct_search,True,92,-4455.600000000001,8,False,maxiter_budget,72,differential_evolution_staged_direct_search,True,182,-1271.9366366243407,8,False,maxiter_budget
2025-09-14,M612,1758.3085017581393,1251.820035,21,46501.494676106,43563.82541280618,40626.15614950637,2937.669263299812,0.0,546.1250333088053,44109.950446114985,9247.328618244524,0.0,3,1.0850036000047112,1.2241271999955643,0,differential_evolution_staged_direct_search,True,22,-4452.936753606628,3,True,population_collapse_convergence,36,differential_evolution_staged_direct_search,True,52,-2961.1094436576204,4,True,population_collapse_convergence,72,differential_evolution_staged_direct_search,True,182,-998.2422049355127,8,False,maxiter_budget
2025-09-15,M612,1251.820035,1728.9875379629636,21,38935.42745917529,38848.135674956204,38760.8438907371,87.29178421909639,0.0,885.8577025240729,39733.99337748028,249.60057325830985,0.0,3,1.0372672000085004,1.1732101000088733,0,differential_evolution_staged_direct_search,True,12,-4088.067653520743,1,True,population_collapse_convergence,36,differential_evolution_staged_direct_search,True,32,-3732.576052545837,2,True,population_collapse_convergence,72,differential_evolution_staged_direct_search,True,182,-1010.0311853441275,8,False,maxiter_budget
2025-09-16,M612,1728.9875379629636,1200.0,21,46475.794486405306,43587.349609484874,40617.12472775529,2929.334879325008,40.89000240457658,80.22263113610865,43667.57224062098,10182.331562499703,29.52605635224279,3,0.7180013999895891,0.8529565000062576,0,differential_evolution_staged_direct_search,True,22,-4452.015733144326,3,True,population_collapse_convergence,36,differential_evolution_staged_direct_search,True,32,-3294.070998707678,2,True,population_collapse_convergence,72,differential_evolution_staged_direct_search,True,102,-1031.3732185720323,4,True,population_collapse_convergence
2025-09-17,M612,1200.0,1353.4643238609858,21,44739.01804055286,42860.287688417986,40981.55733628312,1878.7303521348704,0.0,0.0,42860.287688417986,5473.340796018709,0.0,3,1.1309048000111943,1.2655516999948304,0,differential_evolution_staged_direct_search,True,22,-4450.458285454991,3,True,population_collapse_convergence,36,differential_evolution_staged_direct_search,True,52,-2676.3144209653155,4,True,population_collapse_convergence,72,differential_evolution_staged_direct_search,True,182,-910.5997690158609,8,False,maxiter_budget
2025-09-18,M612,1353.4643238609858,1356.97632037037,21,39333.50927252754,42422.65146029132,39097.671003640105,117.91913444371671,3207.0613222075017,977.5789723564596,43400.23043264778,212.8676737465986,4340.205028408849,3,1.175118500003009,1.3202100000053179,0,differential_evolution_staged_direct_search,True,12,-4386.153888147377,1,True,population_collapse_convergence,36,differential_evolution_staged_direct_search,True,92,-2883.607673437224,8,False,maxiter_budget,72,differential_evolution_staged_direct_search,True,182,-1101.277440434177,8,False,maxiter_budget
2025-09-19,M612,1356.97632037037,1896.672960560888,21,18992.98538764795,18787.362610167715,18581.739830687486,205.6227784802331,9.999952350625563e-07,0.0,18787.362610167715,402.66709403140453,8.721395735762746e-07,3,1.2198018000199227,1.3587527999916347,0,differential_evolution_staged_direct_search,True,27,-2043.6598026676013,4,True,population_collapse_convergence,36,differential_evolution_staged_direct_search,True,92,-4448.475394966114,8,False,maxiter_budget,72,differential_evolution_staged_direct_search,True,182,-1229.554960353053,8,True,maxiter_budget
2025-09-20,M612,1896.672960560888,1822.0036864814813,21,18794.89344857398,18482.900690845465,18170.90793311695,311.9927577285165,0.0,404.39195692345567,18887.29264776892,635.3453011065426,0.0,3,1.17950660000497,1.3208217000064906,0,differential_evolution_staged_direct_search,True,12,-2134.109794934278,1,True,population_collapse_convergence,36,differential_evolution_staged_direct_search,True,92,-4446.197736393663,8,False,maxiter_budget,72,differential_evolution_staged_direct_search,True,182,-1225.5070778109748,8,False,maxiter_budget
2025-09-21,M612,1822.0036864814813,1763.1386585185187,21,43943.87838353906,42781.897357204136,41619.916330869215,1161.9810263349227,0.0,251.75707890192427,43033.65443610606,4229.296802793147,0.0,3,1.0117230999894673,1.1451721000048565,0,differential_evolution_staged_direct_search,True,12,-4454.694966221913,1,True,population_collapse_convergence,36,differential_evolution_staged_direct_search,True,32,-3615.120723580243,2,True,population_collapse_convergence,72,differential_evolution_staged_direct_search,True,182,-863.4465123510154,8,False,maxiter_budget
2025-09-22,M612,1763.1386585185187,1391.0280785185184,21,46475.79490153959,43713.854134394554,40951.9133672495,2761.9407671450463,0.0,436.20954948809054,44150.06368388265,8857.170049468357,0.0,3,0.707304000025033,0.8385942000022624,0,differential_evolution_staged_direct_search,True,12,-4454.8702579778455,1,True,population_collapse_convergence,36,differential_evolution_staged_direct_search,True,32,-3093.5651293762267,2,True,population_collapse_convergence,72,differential_evolution_staged_direct_search,True,122,-896.5969871126212,5,True,population_collapse_convergence
2025-09-23,M612,1391.0280785185184,1857.9823229349786,21,46329.54847962274,44916.78126257553,43504.01404552832,1412.767217047211,0.0,69.14849838333348,44985.92976095887,4749.392494568126,0.0,3,0.6634908999985782,0.7978912999969907,0,differential_evolution_staged_direct_search,True,17,-4455.3318654467,2,True,population_collapse_convergence,36,differential_evolution_staged_direct_search,True,32,-2964.0973939923756,2,True,population_collapse_convergence,72,differential_evolution_staged_direct_search,True,102,-856.1233762745529,4,True,population_collapse_convergence
2025-09-24,M612,1857.9823229349786,2112.219025555558,21,39891.936065374524,42524.80958196739,39891.936065374524,0.0,2632.8735165928697,0.0,42524.80958196739,0.0,3426.3168080289215,3,1.1619581000122707,1.2986548000044422,0,differential_evolution_staged_direct_search,True,12,-4454.791250318343,1,True,population_collapse_convergence,36,differential_evolution_staged_direct_search,True,92,-2841.440033807257,8,False,maxiter_budget,72,differential_evolution_staged_direct_search,True,182,-910.0302978036996,8,False,maxiter_budget
2025-09-25,M612,2112.219025555558,1795.3442764814838,21,43938.98123838693,44267.50748117006,42614.61750938046,662.181864503236,990.7081072863663,0.0,44267.50748117006,3007.4945462313626,1265.0174309081228,3,1.0945240000000922,1.2306427000003168,0,differential_evolution_staged_direct_search,True,12,-4454.791250318343,1,True,population_collapse_convergence,36,differential_evolution_staged_direct_search,True,52,-3090.2529485336154,4,True,population_collapse_convergence,72,differential_evolution_staged_direct_search,True,182,-863.4699753710946,8,False,maxiter_budget
2025-09-26,M612,1795.3442764814838,1997.5117824360266,21,20044.9606476915,19482.347220030104,18919.733792368705,562.6134276613989,0.0,0.0,19482.347220030104,1323.9563230581298,0.0,3,1.0715874000015901,1.2797107999940636,0,differential_evolution_staged_direct_search,True,12,-2156.261611437469,1,True,population_collapse_convergence,36,differential_evolution_staged_direct_search,True,52,-4364.365078653157,4,True,population_collapse_convergence,72,differential_evolution_staged_direct_search,True,182,-1070.4866143002525,8,False,maxiter_budget
2025-09-27,M612,1997.5117824360266,1558.8880590740764,21,19134.059830875885,19308.50280418865,19134.059830875885,0.0,174.4429733127639,0.0,19308.50280418865,0.0,151.20191287968612,3,1.1520715999940876,1.2911446999933105,0,differential_evolution_staged_direct_search,True,12,-2151.1215204601945,1,True,population_collapse_convergence,36,differential_evolution_staged_direct_search,True,92,-4455.600000000001,8,False,maxiter_budget,72,differential_evolution_staged_direct_search,True,182,-985.596100576505,8,False,maxiter_budget
2025-09-28,M612,1558.8880590740764,1933.4937681481483,21,44975.292703178544,45683.40470847052,44143.7477758052,415.7724636866735,1123.884468978654,39.44987083333338,45722.85457930386,1563.038397585703,1464.796415643012,3,1.0062127000128385,1.1395595999929355,0,differential_evolution_staged_direct_search,True,22,-4454.791250318343,3,True,population_collapse_convergence,36,differential_evolution_staged_direct_search,True,22,-2965.970026099494,1,True,population_collapse_convergence,72,differential_evolution_staged_direct_search,True,182,-746.4675655362823,8,False,maxiter_budget
2025-09-29,M612,1933.4937681481483,1963.0735688609655,21,47699.5689217889,45524.687955799054,43349.80698980921,2174.880965989845,0.0,926.3440863537088,46451.032042152765,6574.316369881042,0.0,3,1.0595153999893228,1.1917164999904344,0,differential_evolution_staged_direct_search,True,17,-4454.791250318343,2,True,population_collapse_convergence,36,differential_evolution_staged_direct_search,True,92,-2822.0062436645144,8,False,maxiter_budget,72,differential_evolution_staged_direct_search,True,162,-611.6639003770631,7,True,population_collapse_convergence
2025-09-30,M612,1963.0735688609655,2117.9160119862,21,47359.7036723003,47111.66492569281,45749.90521263183,804.8992298342359,556.8604832267513,286.7718229166676,47398.43674860947,2014.6490063798594,468.1017218392065,3,1.1752902000152972,1.3143849999905797,0,differential_evolution_staged_direct_search,True,12,-4454.32841682824,1,True,population_collapse_convergence,36,differential_evolution_staged_direct_search,True,92,-2418.073647135223,8,False,maxiter_budget,72,differential_evolution_staged_direct_search,True,182,-549.9903726790425,8,False,maxiter_budget
2025-10-01,M612,2117.9160119862,3773.326865903423,21,43637.29346411882,42011.23357140594,40385.17367820069,1626.059892959063,2.461814609447815e-07,0.0,42011.23357140594,6540.263629432648,2.3789096095548293e-07,3,0.9123797999927774,1.0440847999998368,0,differential_evolution_staged_direct_search,True,12,-4454.32841682824,1,True,population_collapse_convergence,36,differential_evolution_staged_direct_search,True,32,-3295.647652908666,2,True,population_collapse_convergence,72,differential_evolution_staged_direct_search,True,162,-697.8706893816213,7,True,population_collapse_convergence
2025-10-02,M612,3773.326865903423,4009.704549416503,21,47632.471761573215,43727.45459655933,39822.43743154545,3905.0171650138827,0.0,0.0,43727.45459655933,12120.921586873385,0.0,3,1.0607941999915056,1.1927951000106987,0,differential_evolution_staged_direct_search,True,17,-4454.3065997699405,2,True,population_collapse_convergence,36,differential_evolution_staged_direct_search,True,52,-3070.3359235347443,4,True,population_collapse_convergence,72,differential_evolution_staged_direct_search,True,182,-729.8216413889907,8,False,maxiter_budget
2025-10-03,M612,4009.704549416503,4317.627589814815,21,17071.570825467934,17190.59561797784,17071.570825467934,0.0,119.02479250990855,0.0,17190.59561797784,0.0,95.66047731975658,3,1.1679836999974214,1.3030604000086896,0,differential_evolution_staged_direct_search,True,17,-2055.9053061959753,2,True,population_collapse_convergence,36,differential_evolution_staged_direct_search,True,92,-4455.600000000001,8,False,maxiter_budget,72,differential_evolution_staged_direct_search,True,182,-975.1080814910612,8,False,maxiter_budget
2025-10-04,M612,4317.627589814815,4100.5491391843425,21,18969.603498841876,18793.23560644647,18616.86771405107,176.36789239540232,0.0,0.0,18793.23560644647,332.66705739995984,0.0,3,1.1817220999946585,1.3309088999958476,0,differential_evolution_staged_direct_search,True,17,-2388.21369457536,2,True,population_collapse_convergence,36,differential_evolution_staged_direct_search,True,92,-4455.600000000001,8,False,maxiter_budget,72,differential_evolution_staged_direct_search,True,182,-936.5791309807113,8,False,maxiter_budget
2025-10-05,M612,4100.5491391843425,3812.190293703703,21,45607.69066560922,42386.16525173307,39045.65864552726,3281.016010040979,59.490596164837484,0.0,42386.16525173307,11438.115946357959,53.98452318337348,3,1.1334545999998227,1.2988503999949899,0,differential_evolution_staged_direct_search,True,17,-4454.326820085441,2,True,population_collapse_convergence,36,differential_evolution_staged_direct_search,True,42,-2569.59804570713,3,True,population_collapse_convergence,72,differential_evolution_staged_direct_search,True,182,-697.4800778621523,8,False,maxiter_budget
2025-10-06,M612,3812.190293703703,3421.856381701807,21,39676.435211632095,41037.268979968096,39303.86063765264,186.28728698973114,1547.1210553257324,0.0,41037.268979968096,493.4127235630567,2178.4074439230158,3,1.068569800001569,1.2021908000024268,0,differential_evolution_staged_direct_search,True,17,-4454.326820085441,2,True,population_collapse_convergence,36,differential_evolution_staged_direct_search,True,52,-2765.738153203377,4,True,population_collapse_convergence,72,differential_evolution_staged_direct_search,True,182,-836.0720231036274,8,False,maxiter_budget
2025-10-07,M612,3421.856381701807,3733.748303333332,21,42121.42927162593,42735.592525699016,40965.849336869185,577.7899673783704,1191.9532214514597,0.0,42735.592525699016,2495.173531014803,1078.462290317377,3,1.0652076000114903,1.2068890999944415,0,differential_evolution_staged_direct_search,True,17,-4454.326820085441,2,True,population_collapse_convergence,36,differential_evolution_staged_direct_search,True,52,-2649.8623241110504,4,True,population_collapse_convergence,72,differential_evolution_staged_direct_search,True,182,-669.731171229944,8,False,maxiter_budget
2025-10-08,M612,3733.748303333332,1618.895199814815,21,37446.43540520915,36983.44836140817,36520.46131760719,462.9870438009815,0.0,1453.8994893534527,38437.347850761624,1705.059118715288,0.0,3,0.5954055000038352,0.727520700005698,0,differential_evolution_staged_direct_search,True,17,-4454.326820085441,2,True,population_collapse_convergence,36,differential_evolution_staged_direct_search,True,52,-2516.983355146215,4,True,population_collapse_convergence,72,differential_evolution_staged_direct_search,True,82,-705.6212050595966,3,True,population_collapse_convergence
2025-10-09,M612,1618.895199814815,1507.7290553703701,21,45204.66920843841,41348.3052777187,37491.941346999,3856.3639307197013,0.0,1666.4816904966947,43014.78696821539,12581.888426269006,0.0,3,1.2734513999894261,1.41816810000455,0,differential_evolution_staged_direct_search,True,17,-4454.326820085441,2,True,population_collapse_convergence,36,differential_evolution_staged_direct_search,True,32,-2505.438298607801,2,True,population_collapse_convergence,72,differential_evolution_staged_direct_search,True,182,-745.6306530846969,8,False,maxiter_budget
2025-10-10,M612,1507.7290553703701,1330.4175396296296,21,16733.910792768052,16432.92761660267,16131.944440437284,300.9831761653842,0.0,919.1002660983664,17352.027882701033,672.1372498497755,0.0,3,1.195250999982818,1.3330478999996558,0,differential_evolution_staged_direct_search,True,17,-2298.7645418791017,2,True,population_collapse_convergence,36,differential_evolution_staged_direct_search,True,92,-4455.600000000001,8,False,maxiter_budget,72,differential_evolution_staged_direct_search,True,182,-782.7987854135617,8,False,maxiter_budget
2025-10-11,M612,1330.4175396296296,1708.9105087037033,21,17177.798402048516,17065.340605755562,16952.882807462614,112.45779729295296,9.99998677642111e-07,1108.5417608160524,18173.882366571615,214.9830823979841,9.663223439552698e-07,3,1.1043385000230046,1.2404945000016596,0,differential_evolution_staged_direct_search,True,22,-2521.1803636733,3,True,population_collapse_convergence,36,differential_evolution_staged_direct_search,True,62,-4448.751197504825,5,True,population_collapse_convergence,72,differential_evolution_staged_direct_search,True,182,-735.8162674647059,8,False,maxiter_budget
2025-10-12,M612,1708.9105087037033,1330.86288,21,40028.832923669135,39427.1933648462,38785.12633444587,621.8532946116317,20.213735788698504,3620.481493475001,43047.6748583212,2819.079248300521,16.67846545076469,3,1.004125000006752,1.1357582999917213,0,differential_evolution_staged_direct_search,True,12,-4454.040001567707,1,True,population_collapse_convergence,36,differential_evolution_staged_direct_search,True,22,-3377.62476344837,1,True,population_collapse_convergence,72,differential_evolution_staged_direct_search,True,182,-675.7363190861411,8,False,maxiter_budget
2025-10-13,M612,1330.86288,1619.0564022879314,21,41926.591088520916,40557.01187234555,37978.797241106586,1973.8969237071656,604.3177075318035,0.0,40557.01187234555,7251.905913693029,527.1334707740928,3,1.1640741000155685,1.2964982999983476,0,differential_evolution_staged_direct_search,True,12,-4454.040001567707,1,True,population_collapse_convergence,36,differential_evolution_staged_direct_search,True,92,-2599.562760967028,8,False,maxiter_budget,72,differential_evolution_staged_direct_search,True,182,-559.2778366088053,8,False,maxiter_budget
2025-10-14,M612,1619.0564022879314,1321.0899025925928,21,43643.8520255663,42547.7284437771,40518.387265267556,1562.7323801493708,466.60879836017,431.86876717511353,42979.59721095221,5452.53794377833,392.95212640064324,3,1.0653423000039766,1.1986565999977756,0,differential_evolution_staged_direct_search,True,17,-4454.541762257497,2,True,population_collapse_convergence,36,differential_evolution_staged_direct_search,True,52,-2449.2090398035625,4,True,population_collapse_convergence,72,differential_evolution_staged_direct_search,True,182,-667.6567397173988,8,False,maxiter_budget
2025-10-15,M612,1321.0899025925928,1555.4529822879244,21,45979.22262111503,43776.353160097206,41573.483699079385,2202.869461017819,0.0,0.0,43776.353160097206,6671.012691578186,0.0,3,1.051160599992727,1.1839233999926364,0,differential_evolution_staged_direct_search,True,22,-4454.541762257497,3,True,population_collapse_convergence,36,differential_evolution_staged_direct_search,True,42,-3029.8483306467997,3,True,population_collapse_convergence,72,differential_evolution_staged_direct_search,True,182,-667.2060590833494,8,False,maxiter_budget
2025-10-16,M612,1555.4529822879244,1680.3727063775766,21,43324.79986057478,43270.31144038622,42090.82978940048,616.9850355871497,562.4966153985891,0.0,43270.31144038622,1847.1252908198633,451.05830525787354,3,1.163807100005215,1.2939263000007486,0,differential_evolution_staged_direct_search,True,17,-4454.541762257497,2,True,population_collapse_convergence,36,differential_evolution_staged_direct_search,True,92,-2737.738152272415,8,False,maxiter_budget,72,differential_evolution_staged_direct_search,True,182,-577.3009330463393,8,False,maxiter_budget
2025-10-17,M612,1680.3727063775766,1590.5327218293007,21,16275.477753786516,17071.337859096093,16275.477753786517,0.0,795.8601053095753,0.0,17071.337859096093,0.0,643.0934093288869,3,1.170850899987272,1.2948534000024665,0,differential_evolution_staged_direct_search,True,22,-2256.5385401475723,3,True,population_collapse_convergence,36,differential_evolution_staged_direct_search,True,92,-4455.600000000001,8,False,maxiter_budget,72,differential_evolution_staged_direct_search,True,182,-680.8776603637803,8,False,maxiter_budget
2025-10-18,M612,1590.5327218293007,1824.5781748582176,21,18114.847317356158,17658.773622847588,17202.699928339018,456.07369450857095,0.0,0.0,17658.773622847588,1112.1765733141583,0.0,3,1.1306993000034709,1.2647982000053162,0,differential_evolution_staged_direct_search,True,12,-2303.4457731283114,1,True,population_collapse_convergence,36,differential_evolution_staged_direct_search,True,92,-4414.271747795657,8,False,maxiter_budget,72,differential_evolution_staged_direct_search,True,182,-775.0322092810668,8,False,maxiter_budget
2025-10-19,M612,1824.5781748582176,1629.439522220768,21,44548.236838423385,43777.96448401497,42902.34633313607,822.9452526436627,52.67289823523914,0.0,43777.96448401497,2739.132885062628,74.97349684629069,3,1.1571782000100939,1.2891655000130413,0,differential_evolution_staged_direct_search,True,17,-4454.541762257497,2,True,population_collapse_convergence,36,differential_evolution_staged_direct_search,True,92,-3211.2577566790446,8,False,maxiter_budget,72,differential_evolution_staged_direct_search,True,182,-633.6025865807785,8,False,maxiter_budget
2025-10-20,M612,1629.439522220768,1334.9946972207413,21,47394.20297971541,45832.826489593375,44271.44999947134,1561.3764901220354,0.0,0.0,45832.826489593375,4892.600492985089,0.0,3,1.2074424999882467,1.3378665000054752,0,differential_evolution_staged_direct_search,True,22,-4454.541762257497,3,True,population_collapse_convergence,36,differential_evolution_staged_direct_search,True,92,-3299.3423733894847,8,False,maxiter_budget,72,differential_evolution_staged_direct_search,True,182,-658.3914426124342,8,False,maxiter_budget
2025-10-21,M612,1334.9946972207413,1646.4302106825792,21,46304.18775297106,45936.41186905426,44726.799718832044,788.6940170695057,420.9181331527021,0.0,45936.41186905426,2104.4135685932397,590.7348457543209,3,1.0185987000004388,1.1466947000008076,0,differential_evolution_staged_direct_search,True,12,-4454.679571820499,1,True,population_collapse_convergence,36,differential_evolution_staged_direct_search,True,42,-2541.2073671412622,3,True,population_collapse_convergence,72,differential_evolution_staged_direct_search,True,182,-710.2381751164577,8,False,maxiter_budget
2025-10-22,M612,1646.4302106825792,1378.6281040740748,21,44115.95911824019,44082.00621715519,43691.18386787248,212.3876251838532,178.4347240988563,160.31532131571697,44242.32153847091,589.2087786528635,277.36240732410295,3,1.0140811000019312,1.1477807000046596,0,differential_evolution_staged_direct_search,True,17,-4454.332210229278,2,True,population_collapse_convergence,36,differential_evolution_staged_direct_search,True,32,-2678.7411337062185,2,True,population_collapse_convergence,72,differential_evolution_staged_direct_search,True,182,-730.7730259204615,8,False,maxiter_budget
2025-10-23,M612,1378.6281040740748,1668.8883670370399,21,51621.33048647639,47715.85186135849,42911.87776153827,4354.726362469059,449.2477373511622,0.0,47715.85186135849,13514.623126819517,373.35209159351325,3,0.9957364000147209,1.127131899993401,0,differential_evolution_staged_direct_search,True,17,-4454.332210229278,2,True,population_collapse_convergence,36,differential_evolution_staged_direct_search,True,32,-3057.089644284418,2,True,population_collapse_convergence,72,differential_evolution_staged_direct_search,True,182,-652.8840109988588,8,False,maxiter_budget
2025-10-24,M612,1668.8883670370399,1531.1488116666662,21,17712.07079415267,17692.768865970145,17673.46693578762,19.3019291825272,1.0000000862930847e-06,78.61594688925729,17771.384812859404,35.9373099656064,9.663237051679805e-07,3,1.020864799982519,1.1512235999980476,0,differential_evolution_staged_direct_search,True,27,-2641.3915985339804,4,True,population_collapse_convergence,36,differential_evolution_staged_direct_search,True,32,-4454.940615562695,2,True,population_collapse_convergence,72,differential_evolution_staged_direct_search,True,182,-782.8400653492932,8,False,maxiter_budget
2025-10-25,M612,1531.1488116666662,1501.447971111111,21,17698.01354959512,17645.871262527748,17593.72897546037,52.14228706737609,0.0,792.327294166955,18438.198556694704,115.77708423566953,0.0,3,0.9946635000233073,1.124247399988235,0,differential_evolution_staged_direct_search,True,12,-2541.5802997609435,1,True,population_collapse_convergence,36,differential_evolution_staged_direct_search,True,32,-4428.943246477766,2,True,population_collapse_convergence,72,differential_evolution_staged_direct_search,True,182,-800.6561604186709,8,False,maxiter_budget
2025-10-26,M612,1501.447971111111,2069.88993185185,21,48430.13382637952,46189.83027554141,43861.35984716459,2284.386989607467,44.08343876936007,0.0,46189.83027554141,6611.956501878853,34.77278744151702,3,1.0150681999948574,1.1466291999968234,0,differential_evolution_staged_direct_search,True,17,-4454.624200607486,2,True,population_collapse_convergence,36,differential_evolution_staged_direct_search,True,42,-3000.86546120526,3,True,population_collapse_convergence,72,differential_evolution_staged_direct_search,True,182,-642.2712015042495,8,False,maxiter_budget
2025-10-27,M612,2069.88993185185,1937.646021851851,21,43978.050700671374,45965.221606825595,43236.14731531826,370.95169267655797,2358.122598830779,89.82957419999975,46055.05118102559,1663.7645015713424,2686.9118925499765,3,1.0445133999892278,1.1804336000059266,0,differential_evolution_staged_direct_search,True,22,-4454.624200607486,3,True,population_collapse_convergence,36,differential_evolution_staged_direct_search,True,42,-3150.2541780073434,3,True,population_collapse_convergence,72,differential_evolution_staged_direct_search,True,182,-610.8418606138109,8,False,maxiter_budget
2025-10-28,M612,1937.646021851851,1893.1521133333345,21,43775.69663477653,45819.76253864167,43738.456354768365,18.62014000407965,2062.6860438692183,0.0,45819.76253864167,53.979243380430944,2252.7203743882146,3,1.1676070999965305,1.3020468000031542,0,differential_evolution_staged_direct_search,True,22,-4454.673132461299,3,True,population_collapse_convergence,36,differential_evolution_staged_direct_search,True,92,-3290.2697684723626,8,False,maxiter_budget,72,differential_evolution_staged_direct_search,True,182,-584.0080444082282,8,False,maxiter_budget
2025-10-29,M612,1893.1521133333345,1725.847069074076,21,49344.180794575994,48390.41898321273,47404.00002404402,970.0903852659891,16.328573902721637,0.0,48390.41898321273,2985.4527173605575,13.514234556359725,3,1.1903288000030443,1.3247139000013703,0,differential_evolution_staged_direct_search,True,17,-4454.673132461299,2,True,population_collapse_convergence,36,differential_evolution_staged_direct_search,True,92,-2532.1969475932283,8,False,maxiter_budget,72,differential_evolution_staged_direct_search,True,182,-621.4344620009444,8,False,maxiter_budget
2025-10-30,M612,1725.847069074076,1696.0298246296331,21,43384.02354511646,44733.542410121416,43251.728750350594,66.14739738293383,1415.6662623878785,16.568520749999568,44750.110930871415,290.6939019245609,1307.8753228223422,3,0.9711027999728685,1.1014164999942295,0,differential_evolution_staged_direct_search,True,12,-4454.673132461299,1,True,population_collapse_convergence,36,differential_evolution_staged_direct_search,True,22,-3303.9989313145843,1,True,population_collapse_convergence,72,differential_evolution_staged_direct_search,True,182,-589.7776010262371,8,False,maxiter_budget
2025-10-31,M612,1696.0298246296331,2002.5343861544525,21,19862.679316213005,19433.478900856626,19004.278485500246,429.20041535637984,0.0,0.0,19433.478900856626,1144.4044708947185,0.0,3,1.149024999991525,1.2807823999901302,0,differential_evolution_staged_direct_search,True,17,-2752.7262647592515,2,True,population_collapse_convergence,36,differential_evolution_staged_direct_search,True,92,-4112.999062287553,8,False,maxiter_budget,72,differential_evolution_staged_direct_search,True,182,-715.5019384874824,8,False,maxiter_budget
2025-11-01,M612,2002.5343861544525,2168.3586872666588,21,18757.170079609088,18617.995053603256,18478.820027597416,139.17502600583737,0.0,0.0,18617.995053603256,356.9525957441963,0.0,3,1.1538525999785634,1.283981299988227,0,differential_evolution_staged_direct_search,True,17,-2691.548317191755,2,True,population_collapse_convergence,36,differential_evolution_staged_direct_search,True,92,-4089.23901552011,8,False,maxiter_budget,72,differential_evolution_staged_direct_search,True,182,-706.5028393432016,8,False,maxiter_budget
2025-11-02,M612,2168.3586872666588,1592.7562955555557,21,47822.99036741123,48723.6012265068,45870.491118743244,976.2496243339918,1876.8604834295638,1142.738408599862,49866.33963510666,2677.6307147722373,2073.4366032081775,3,0.6621191000012914,0.7948138000065228,0,differential_evolution_staged_direct_search,True,12,-4454.673132461299,1,True,population_collapse_convergence,36,differential_evolution_staged_direct_search,True,52,-2851.593175999974,4,True,population_collapse_convergence,72,differential_evolution_staged_direct_search,True,102,-629.7289054392314,4,True,population_collapse_convergence
2025-11-03,M612,1592.7562955555557,1870.2324885170415,21,51160.365938233736,49265.31913707052,47370.2723359073,1895.0468011632224,0.0,0.0,49265.31913707052,5488.269680356799,0.0,3,1.0655126000201562,1.1967809000052512,0,differential_evolution_staged_direct_search,True,12,-4454.673132461299,1,True,population_collapse_convergence,36,differential_evolution_staged_direct_search,True,62,-2887.061294280825,5,True,population_collapse_convergence,72,differential_evolution_staged_direct_search,True,182,-614.04273328766,8,False,maxiter_budget
2025-11-04,M612,1870.2324885170415,1473.769461666667,21,47251.456935251066,46920.476942691785,45926.10845452154,662.6742403647634,331.69424780548076,358.67443519790174,47279.151377889684,2521.5316317293327,336.3169436034226,3,1.0194229000044288,1.1531450999900699,0,differential_evolution_staged_direct_search,True,17,-4454.496104654127,2,True,population_collapse_convergence,36,differential_evolution_staged_direct_search,True,42,-2814.2234538949738,3,True,population_collapse_convergence,72,differential_evolution_staged_direct_search,True,182,-701.403998480632,8,False,maxiter_budget
2025-11-05,M612,1473.769461666667,1890.2193503689293,21,53091.32906944047,50260.58493225657,47429.84079507267,2830.7441371839013,0.0,109.22909814908047,50369.81403040565,8202.51235547842,0.0,3,1.1510491000080947,1.2797291000024416,0,differential_evolution_staged_direct_search,True,17,-4454.496104654127,2,True,population_collapse_convergence,36,differential_evolution_staged_direct_search,True,92,-2637.169359522146,8,False,maxiter_budget,72,differential_evolution_staged_direct_search,True,182,-611.8240889178409,8,False,maxiter_budget
2025-11-06,M612,1890.2193503689293,1579.6060320259542,21,48968.147727047195,48805.664729166536,48252.89440456769,357.62666123975396,195.14366335909983,0.0,48805.664729166536,1103.3700722166768,163.7434125571598,3,1.1387998999998672,1.2725592000060715,0,differential_evolution_staged_direct_search,True,12,-4454.496104654127,1,True,population_collapse_convergence,36,differential_evolution_staged_direct_search,True,92,-2779.528912014264,8,False,maxiter_budget,72,differential_evolution_staged_direct_search,True,182,-645.6900716305266,8,False,maxiter_budget
2025-11-07,M612,1579.6060320259542,1784.3855496564884,21,18798.029299924587,18793.10823863343,18788.187177342283,4.921061291151329,0.0,0.0,18793.10823863343,9.162281309162779,0.0,3,0.9366803000011714,1.0726263999968069,0,differential_evolution_staged_direct_search,True,17,-3130.7317527087275,2,True,population_collapse_convergence,36,differential_evolution_staged_direct_search,True,32,-2896.2469595094017,2,True,population_collapse_convergence,72,differential_evolution_staged_direct_search,True,162,-787.6388727461926,7,True,population_collapse_convergence
2025-11-08,M612,1784.3855496564884,1765.8223211778982,21,18861.724512105706,18788.534773813495,18715.345035521284,73.1897382922098,0.0,0.0,18788.534773813495,149.28629952451394,0.0,3,1.1605384000140475,1.289329799998086,0,differential_evolution_staged_direct_search,True,22,-3011.2539185522037,3,True,population_collapse_convergence,36,differential_evolution_staged_direct_search,True,92,-4179.242944440713,8,False,maxiter_budget,72,differential_evolution_staged_direct_search,True,182,-700.1855541598987,8,False,maxiter_budget
2025-11-09,M612,1765.8223211778982,1874.908250370369,21,50603.61067019185,49666.66597650744,48717.60355805967,943.0035560660856,6.058862381673336,0.0,49666.66597650744,3022.200758586645,5.014576769437895,3,1.0019192999898223,1.133691800001543,0,differential_evolution_staged_direct_search,True,17,-4454.496104654127,2,True,population_collapse_convergence,36,differential_evolution_staged_direct_search,True,32,-2791.1129905445277,2,True,population_collapse_convergence,72,differential_evolution_staged_direct_search,True,182,-716.9064690812162,8,False,maxiter_budget
2025-11-10,M612,1874.908250370369,1560.7530211111111,21,50885.793940011616,51869.73481506959,48904.93236215649,990.43078892756,1974.371663985542,228.15419320349704,52097.88900827309,2783.544430677989,2001.29556126049,3,1.1453453000140144,1.2806201000057627,0,differential_evolution_staged_direct_search,True,12,-4453.824373985893,1,True,population_collapse_convergence,36,differential_evolution_staged_direct_search,True,92,-2431.6532699039954,8,False,maxiter_budget,72,differential_evolution_staged_direct_search,True,182,-637.9511641331253,8,False,maxiter_budget
2025-11-11,M612,1560.7530211111111,1737.1798787022585,21,52947.87328551327,50998.3464333264,49048.81958113951,1949.5268521868802,0.0,0.0,50998.3464333264,5211.152231017879,0.0,3,1.0415830999845639,1.1714038000063738,0,differential_evolution_staged_direct_search,True,22,-4453.824373985893,3,True,population_collapse_convergence,36,differential_evolution_staged_direct_search,True,32,-2857.658678930191,2,True,population_collapse_convergence,72,differential_evolution_staged_direct_search,True,182,-622.7128519843695,8,False,maxiter_budget
2025-11-12,M612,1737.1798787022585,1603.8799725925926,21,50148.48276200556,50852.521695319585,48078.45966561159,1035.0115481969842,1739.0504815110098,132.18357957860061,50984.70527489819,3539.1703496218747,1609.2537581827307,3,1.1678121000004467,1.3045634000009159,0,differential_evolution_staged_direct_search,True,17,-4454.497923682149,2,True,population_collapse_convergence,36,differential_evolution_staged_direct_search,True,92,-2815.2967032114843,8,False,maxiter_budget,72,differential_evolution_staged_direct_search,True,182,-626.2882982678191,8,False,maxiter_budget
2025-11-13,M612,1603.8799725925926,1779.5870507407406,21,48959.60018111652,49743.11449645808,48088.62268109231,435.4887500121045,1219.003065353662,1186.8579438899621,50929.97244034804,1743.928696762637,1111.487574945475,3,0.8918730999866966,1.0285301999974763,0,differential_evolution_staged_direct_search,True,17,-4453.722690319422,2,True,population_collapse_convergence,36,differential_evolution_staged_direct_search,True,22,-3292.4486298632864,1,True,population_collapse_convergence,72,differential_evolution_staged_direct_search,True,162,-709.8264025748301,7,True,population_collapse_convergence
2025-11-14,M612,1779.5870507407406,1924.1321554618378,21,19755.22954002845,19591.72006668505,19428.210593341657,163.5094733433958,0.0,0.0,19591.72006668505,388.7639926641201,0.0,3,0.7372772999951849,0.8680413999973098,0,differential_evolution_staged_direct_search,True,17,-3073.270706530235,2,True,population_collapse_convergence,36,differential_evolution_staged_direct_search,True,42,-4032.9980187243805,3,True,population_collapse_convergence,72,differential_evolution_staged_direct_search,True,122,-681.5908040870888,5,True,population_collapse_convergence
2025-11-15,M612,1924.1321554618378,1650.1550670803997,21,21178.615917033494,20782.41186521703,20386.207813400568,396.20405181646163,0.0,0.0,20782.41186521703,1216.4307848612275,0.0,3,1.017858699997305,1.1502270999917528,0,differential_evolution_staged_direct_search,True,22,-4209.339504896219,3,True,population_collapse_convergence,36,differential_evolution_staged_direct_search,True,32,-4309.252938019819,2,True,population_collapse_convergence,72,differential_evolution_staged_direct_search,True,182,-653.2025584925423,8,False,maxiter_budget
2025-11-16,M612,1650.1550670803997,1665.063351851851,21,50863.16971372697,52072.38943595795,50211.623821308734,325.7729462091214,1534.9926684400957,0.0,52072.38943595795,1256.7883450135287,1357.8187986026,3,1.0445804000046337,1.175677799998084,0,differential_evolution_staged_direct_search,True,22,-4454.421524505195,3,True,population_collapse_convergence,36,differential_evolution_staged_direct_search,True,32,-2873.063166775907,2,True,population_collapse_convergence,72,differential_evolution_staged_direct_search,True,182,-665.0916519296206,8,False,maxiter_budget
2025-11-17,M612,1665.063351851851,1929.00663277778,21,49414.66979540305,52590.35234315801,48906.38087569759,254.14445985273323,3429.8270076076915,0.0,52590.35234315801,939.7514176454987,3330.3430581391713,3,1.0093849999975646,1.1436060999985784,0,differential_evolution_staged_direct_search,True,17,-4454.436804340586,2,True,population_collapse_convergence,36,differential_evolution_staged_direct_search,True,32,-2849.4800131836014,2,True,population_collapse_convergence,72,differential_evolution_staged_direct_search,True,182,-683.821974046726,8,False,maxiter_budget
2025-11-18,M612,1929.00663277778,1772.6255668923072,21,51583.54842927208,51014.42882741534,50445.30922555861,569.1196018567342,0.0,0.0,51014.42882741534,1516.5416155107873,0.0,3,0.994884900006582,1.1254496000037761,0,differential_evolution_staged_direct_search,True,12,-4454.78845883794,1,True,population_collapse_convergence,36,differential_evolution_staged_direct_search,True,32,-2653.353889542602,2,True,population_collapse_convergence,72,differential_evolution_staged_direct_search,True,182,-603.4503468518872,8,False,maxiter_budget
2025-11-19,M612,1772.6255668923072,1586.7689261111127,21,50662.93960558066,52971.740258116115,49949.60008079641,356.6697623921251,2665.470414927578,0.0,52971.740258116115,1322.7821756774038,2502.3770570538745,3,1.1532424000033643,1.2847864999930607,0,differential_evolution_staged_direct_search,True,12,-4454.788458837939,1,True,population_collapse_convergence,36,differential_evolution_staged_direct_search,True,92,-2582.9700734265193,8,False,maxiter_budget,72,differential_evolution_staged_direct_search,True,182,-702.195244461601,8,False,maxiter_budget
2025-11-20,M612,1586.7689261111127,1826.3693181481494,21,50971.73715853931,51892.21607971742,50548.77780823615,211.47967515158157,1131.958596329694,0.0,51892.21607971742,739.8914061415821,995.4890633981056,3,1.1593646000110311,1.2923543999932008,0,differential_evolution_staged_direct_search,True,22,-4453.917944787381,3,True,population_collapse_convergence,36,differential_evolution_staged_direct_search,True,92,-3026.0036908968955,8,False,maxiter_budget,72,differential_evolution_staged_direct_search,True,182,-690.9756625345991,8,False,maxiter_budget
2025-11-21,M612,1826.3693181481494,1948.2591287322705,21,19788.568808540404,19747.86579706258,19707.162785584762,40.70301147782092,0.0,0.0,19747.86579706258,76.44493788963433,0.0,3,1.016006700010621,1.1476894000079483,0,differential_evolution_staged_direct_search,True,12,-3245.9759439164927,1,True,population_collapse_convergence,36,differential_evolution_staged_direct_search,True,42,-2945.758782565041,3,True,population_collapse_convergence,72,differential_evolution_staged_direct_search,True,182,-757.5851028425684,8,False,maxiter_budget
2025-11-22,M612,1948.2591287322705,1786.4759504949714,21,22297.07659382226,21656.871398631432,21016.66620344061,640.205195190825,0.0,0.0,21656.871398631432,2577.2495017037413,0.0,3,1.140861699997913,1.2717788000009023,0,differential_evolution_staged_direct_search,True,12,-4250.278754766006,1,True,population_collapse_convergence,36,differential_evolution_staged_direct_search,True,92,-3784.1160324084167,8,False,maxiter_budget,72,differential_evolution_staged_direct_search,True,182,-688.8727761380563,8,False,maxiter_budget
2025-11-23,M612,1786.4759504949714,1823.4543205456355,21,51968.83215426269,52755.72262815121,51099.908116453815,434.4620189044358,1221.35249279296,0.0,52755.72262815121,1373.8086496416813,1151.3405897270854,3,1.1898023999965517,1.3222427000000607,0,differential_evolution_staged_direct_search,True,22,-4453.722035469333,3,True,population_collapse_convergence,36,differential_evolution_staged_direct_search,True,92,-2668.8584607469625,8,False,maxiter_budget,72,differential_evolution_staged_direct_search,True,182,-601.6375655558099,8,False,maxiter_budget
2025-11-24,M612,1823.4543205456355,1377.136607592595,21,50384.83319908056,50553.24694569281,49748.18426083442,318.3244691230694,486.738215735313,85.71106349999933,50638.95800919281,1006.3550212902794,455.9506115639092,3,0.8898379999882309,1.0386092999979155,0,differential_evolution_staged_direct_search,True,22,-4453.722035469333,3,True,population_collapse_convergence,36,differential_evolution_staged_direct_search,True,42,-3036.632861078539,3,True,population_collapse_convergence,72,differential_evolution_staged_direct_search,True,122,-712.7083143257007,5,True,population_collapse_convergence
2025-11-25,M612,1377.136607592595,1642.126568888888,21,59179.57717951614,55943.59947153469,52707.62176355322,3235.9777079814585,0.0,0.0,55943.59947153469,9288.844342058124,0.0,3,1.211736799989012,1.3689937999879476,0,differential_evolution_staged_direct_search,True,12,-4453.690493523419,1,True,population_collapse_convergence,36,differential_evolution_staged_direct_search,True,52,-2885.4769288998496,4,True,population_collapse_convergence,72,differential_evolution_staged_direct_search,True,182,-631.0995825944725,8,False,maxiter_budget
2025-11-26,M612,1642.126568888888,2094.2256727557924,21,55457.029703547596,54686.60410033321,53098.44145617483,1179.2941236863862,408.86852047199386,209.30622008333327,54895.91032041654,3453.4963557430997,323.7652090661635,3,1.1447874000004958,1.2747604999894975,0,differential_evolution_staged_direct_search,True,17,-4452.93916218891,2,True,population_collapse_convergence,36,differential_evolution_staged_direct_search,True,92,-2523.5598875548803,8,False,maxiter_budget,72,differential_evolution_staged_direct_search,True,182,-655.6940652075492,8,False,maxiter_budget
2025-11-27,M612,2094.2256727557924,1912.4624633532992,21,53693.27839878236,53230.14383043655,52328.86353519644,682.2074317929616,219.07286344714862,0.0,53230.14383043655,2273.2661064095505,304.59120112510504,3,1.014804100006586,1.144293999997899,0,differential_evolution_staged_direct_search,True,17,-4452.93916218891,2,True,population_collapse_convergence,36,differential_evolution_staged_direct_search,True,32,-2811.9473243666325,2,True,population_collapse_convergence,72,differential_evolution_staged_direct_search,True,182,-642.4969664966453,8,False,maxiter_budget
2025-11-28,M612,1912.4624633532992,1815.89574393429,21,20502.167388767986,20314.13898750287,20126.11058623775,188.0284012651162,0.0,541.1511854499962,20855.290172952864,599.2390164974337,0.0,3,1.0170885999832535,1.1537854999914998,0,differential_evolution_staged_direct_search,True,17,-3609.4686733346302,2,True,population_collapse_convergence,36,differential_evolution_staged_direct_search,True,42,-3096.8767378451585,3,True,population_collapse_convergence,72,differential_evolution_staged_direct_search,True,182,-734.6036320568102,8,False,maxiter_budget
2025-11-29,M612,1815.89574393429,1778.6461694931663,21,25925.352799611752,24024.388232777324,22123.4236659429,1900.9645668344256,0.0,0.0,24024.388232777324,7989.991309515986,0.0,3,1.148546800002805,1.2833331000001635,0,differential_evolution_staged_direct_search,True,17,-4454.168424946111,2,True,population_collapse_convergence,36,differential_evolution_staged_direct_search,True,92,-3458.230773109219,8,False,maxiter_budget,72,differential_evolution_staged_direct_search,True,182,-720.7709901408039,8,False,maxiter_budget
2025-11-30,M612,1778.6461694931663,1648.8514277777758,21,55389.76894138676,55595.04084520627,54742.866557709,323.4511918388836,528.7230956583865,27.58286025000031,55622.623705456266,1194.7899078144105,492.70825536020516,3,0.6101499999931548,0.7450486000016099,0,differential_evolution_staged_direct_search,True,17,-4454.168424946112,2,True,population_collapse_convergence,36,differential_evolution_staged_direct_search,True,32,-2860.3523964144833,2,True,population_collapse_convergence,72,differential_evolution_staged_direct_search,True,102,-660.7006713586198,4,True,population_collapse_convergence
2025-12-01,M612,1648.8514277777758,1753.1486843084763,21,58816.74926552173,57710.36126119148,56603.97325686123,1106.388004330247,0.0,13229.53427178379,70939.89553297526,3167.135902635267,0.0,3,1.1434917000005953,1.2760023000009824,0,differential_evolution_staged_direct_search,True,12,-4454.168424946112,1,True,population_collapse_convergence,36,differential_evolution_staged_direct_search,True,92,-2807.4747037159955,8,False,maxiter_budget,72,differential_evolution_staged_direct_search,True,182,-620.0727317041137,8,False,maxiter_budget
2025-12-02,M612,1753.1486843084763,1413.8043714814814,21,60384.05296436575,59217.47890745767,57661.65162818765,1361.2006680890543,194.62661118096997,13923.913163028628,73141.3920704863,4151.468751510332,142.48292493687052,3,1.158294399996521,1.289852100002463,0,differential_evolution_staged_direct_search,True,17,-4420.88272198133,2,True,population_collapse_convergence,36,differential_evolution_staged_direct_search,True,92,-1932.6099078660186,8,False,maxiter_budget,72,differential_evolution_staged_direct_search,True,182,-608.7088491147373,8,False,maxiter_budget
2025-12-03,M612,1413.8043714814814,1422.196876481481,21,54084.15161271459,59766.61589076433,54063.132068874,10.50977192029248,5692.9740499700365,7034.532048384182,66801.14793914852,30.467522598325786,5550.115079264454,3,0.8794381000043359,1.0136666000034893,0,differential_evolution_staged_direct_search,True,17,-4397.276605488675,2,True,population_collapse_convergence,36,differential_evolution_staged_direct_search,True,92,-1450.308656167738,8,False,maxiter_budget,72,differential_evolution_staged_direct_search,True,122,-597.1965022223212,5,True,population_collapse_convergence
2025-12-04,M612,1422.196876481481,1336.5760529629638,21,59837.33856523927,58858.218192994274,56195.64486967905,1820.8468477801123,841.7264755351159,12618.221901728604,71476.44009472287,4755.501388270274,615.9709426110697,3,1.1801999000017531,1.3144180999952368,0,differential_evolution_staged_direct_search,True,22,-4383.8961615161,3,True,population_collapse_convergence,36,differential_evolution_staged_direct_search,True,92,-1289.3668917395398,8,False,maxiter_budget,72,differential_evolution_staged_direct_search,True,182,-588.4676656212825,8,False,maxiter_budget
2025-12-05,M612,1336.5760529629638,1532.8297192592522,21,24395.462239600813,24623.465233458013,24272.79770984126,61.33226487977493,289.33525873697687,0.0,24623.465233458013,280.30982255222347,305.4146587273003,3,0.8321211000002222,0.966973800008418,0,differential_evolution_staged_direct_search,True,17,-4377.20815148062,2,True,population_collapse_convergence,36,differential_evolution_staged_direct_search,True,42,-2740.241470318117,3,True,population_collapse_convergence,72,differential_evolution_staged_direct_search,True,142,-724.5652677037231,6,True,population_collapse_convergence
2025-12-06,M612,1532.8297192592522,1508.1655377388756,21,25908.356540801095,26094.697302275206,24780.443956547395,563.9562921268495,750.2970536009614,0.0,26094.697302275206,2358.3382140881463,830.9613733435508,3,1.2179957999906037,1.3517575999867404,0,differential_evolution_staged_direct_search,True,17,-4387.1302108920045,2,True,population_collapse_convergence,36,differential_evolution_staged_direct_search,True,92,-1630.1551289733713,8,False,maxiter_budget,72,differential_evolution_staged_direct_search,True,182,-785.7237568784942,8,False,maxiter_budget
2025-12-07,M612,1508.1655377388756,1480.1112527777782,21,62809.31929219187,60678.53057689103,58547.741861590206,2130.788715300836,0.0,4832.047566723323,65510.57814361436,5873.933735481474,0.0,3,1.2394686000188813,1.3713384000002407,0,differential_evolution_staged_direct_search,True,17,-4394.998961283168,2,True,population_collapse_convergence,36,differential_evolution_staged_direct_search,True,92,-1838.3836968391715,8,False,maxiter_budget,72,differential_evolution_staged_direct_search,True,182,-583.0139801343112,8,False,maxiter_budget
2025-12-08,M612,1480.1112527777782,1931.8139215618187,21,67614.9540493759,65922.44783876285,64229.9416281498,1692.50621061305,0.0,0.0,65922.44783876285,5579.074834179951,0.0,3,0.685401600014302,0.8205084999935934,0,differential_evolution_staged_direct_search,True,17,-4410.774206223926,2,True,population_collapse_convergence,36,differential_evolution_staged_direct_search,True,92,-2970.1486255718246,8,False,maxiter_budget,72,differential_evolution_staged_direct_search,True,82,-544.7626504919883,3,True,population_collapse_convergence
2025-12-09,M612,1931.8139215618187,1943.0117322971912,21,66885.4360136402,64864.84393827176,62844.25186290333,2020.5920753684293,0.0,0.0,64864.84393827176,5545.467922373399,0.0,3,1.0447107999934815,1.1801605999935418,0,differential_evolution_staged_direct_search,True,17,-4410.763743636772,2,True,population_collapse_convergence,36,differential_evolution_staged_direct_search,True,32,-1805.9696792945124,2,True,population_collapse_convergence,72,differential_evolution_staged_direct_search,True,182,-605.8418227657357,8,False,maxiter_budget
2025-12-10,M612,1943.0117322971912,1754.4462529629623,21,63169.713606920646,63442.11618499864,61806.11185913849,681.8008738910814,954.203451969069,0.0,63442.11618499864,1580.6513667548772,1097.8425720399125,3,1.1334495000046445,1.2681003000034252,0,differential_evolution_staged_direct_search,True,17,-4411.077078933642,2,True,population_collapse_convergence,36,differential_evolution_staged_direct_search,True,52,-1103.7973661552237,4,True,population_collapse_convergence,72,differential_evolution_staged_direct_search,True,182,-621.1566643068733,8,False,maxiter_budget
2025-12-11,M612,1754.4462529629623,2006.6806892592579,21,66138.35027619333,64121.738409060104,62105.126541926875,2016.6118671332283,0.0,0.0,64121.738409060104,5608.004494693525,0.0,3,1.2369636999937939,1.3691161000024294,0,differential_evolution_staged_direct_search,True,32,-4409.879325427146,5,True,population_collapse_convergence,36,differential_evolution_staged_direct_search,True,92,-1384.1029750064988,8,False,maxiter_budget,72,differential_evolution_staged_direct_search,True,182,-631.1426719185715,8,False,maxiter_budget
2025-12-12,M612,2006.6806892592579,2069.2988518518528,21,28736.55810139082,28881.353883002557,27395.90422556338,670.3269379137212,815.1227195254587,0.0,28881.353883002557,2954.3751511395644,967.2870593976206,3,1.0972492000000784,1.2357462999934796,0,differential_evolution_staged_direct_search,True,12,-4410.562491316818,1,True,population_collapse_convergence,36,differential_evolution_staged_direct_search,True,52,-2081.7783601169713,4,True,population_collapse_convergence,72,differential_evolution_staged_direct_search,True,182,-668.2994518862503,8,False,maxiter_budget
2025-12-13,M612,2069.2988518518528,2211.512335185183,21,29796.508499904245,29016.048546276692,27499.880287011758,1148.3141064462425,367.85415281869007,0.0,29016.048546276692,3796.41888617925,349.5544101916994,3,1.1780024000036065,1.3178093000024091,0,differential_evolution_staged_direct_search,True,17,-4408.8902855224715,2,True,population_collapse_convergence,36,differential_evolution_staged_direct_search,True,92,-2578.7324459848082,8,False,maxiter_budget,72,differential_evolution_staged_direct_search,True,182,-586.8916019373819,8,False,maxiter_budget
2025-12-14,M612,2211.512335185183,1872.0232940297174,21,62368.00098971331,64270.26603324522,62049.196939006004,159.4020253536546,2061.667068885565,0.0,64270.26603324522,369.1146039610828,2346.4302953386705,3,1.1857677999942098,1.3194215999974404,0,differential_evolution_staged_direct_search,True,22,-4409.646186902948,3,True,population_collapse_convergence,36,differential_evolution_staged_direct_search,True,92,-1130.3741239577696,8,False,maxiter_budget,72,differential_evolution_staged_direct_search,True,182,-689.6141585049097,8,False,maxiter_budget
2025-12-15,M612,1872.0232940297174,1845.9409116224272,21,62018.86993152065,64257.05716642954,61644.97355321334,186.94818915365178,2425.1354240625546,0.0,64257.05716642954,432.5384806151206,2326.07259419391,3,1.1863346999889472,1.3195535999984713,0,differential_evolution_staged_direct_search,True,17,-4408.8902855224715,2,True,population_collapse_convergence,36,differential_evolution_staged_direct_search,True,92,-1207.8014069443295,8,False,maxiter_budget,72,differential_evolution_staged_direct_search,True,182,-695.3884396425323,8,False,maxiter_budget
2025-12-16,M612,1845.9409116224272,1792.145909629629,21,66625.17974222502,65156.7655788032,63688.35141538137,1468.414163421828,0.0,0.0,65156.7655788032,3620.585873568672,0.0,3,1.2033377999905497,1.335046499996679,0,differential_evolution_staged_direct_search,True,22,-4408.231257326143,3,True,population_collapse_convergence,36,differential_evolution_staged_direct_search,True,92,-1499.5691711883078,8,False,maxiter_budget,72,differential_evolution_staged_direct_search,True,182,-649.2632232264502,8,False,maxiter_budget
2025-12-17,M612,1792.145909629629,1886.0764896296314,21,66270.23146951513,64197.61605408345,62125.00063865178,2072.6154154316832,0.0,0.0,64197.61605408345,5415.839465525012,0.0,3,1.0559213999804342,1.187568299996201,0,differential_evolution_staged_direct_search,True,17,-4406.1910199799595,2,True,population_collapse_convergence,36,differential_evolution_staged_direct_search,True,42,-1797.1287930050373,3,True,population_collapse_convergence,72,differential_evolution_staged_direct_search,True,182,-634.5781620316859,8,False,maxiter_budget
2025-12-18,M612,1886.0764896296314,1821.3314248148167,21,63208.15415065551,62821.95285565712,62130.92867396469,538.6127383454062,152.41144334701875,0.0,62821.95285565712,1732.0369260347159,193.16824387380245,3,0.6434337999962736,0.7765418000053614,0,differential_evolution_staged_direct_search,True,17,-4407.694146869016,2,True,population_collapse_convergence,36,differential_evolution_staged_direct_search,True,32,-2116.910351811115,2,True,population_collapse_convergence,72,differential_evolution_staged_direct_search,True,102,-624.2107162165833,4,True,population_collapse_convergence
2025-12-19,M612,1821.3314248148167,1741.0595050243867,21,28001.987769870037,28301.784559495954,26438.301133906312,781.8433179818618,1081.640107607781,0.0,28301.784559495954,3079.101667667869,1469.5454830916292,3,1.1088435999990907,1.2500765000004321,0,differential_evolution_staged_direct_search,True,22,-4408.598807182461,3,True,population_collapse_convergence,36,differential_evolution_staged_direct_search,True,42,-2811.494741672447,3,True,population_collapse_convergence,72,differential_evolution_staged_direct_search,True,182,-746.8402309257369,8,False,maxiter_budget
2025-12-20,M612,1741.0595050243867,1855.6040518038112,21,29810.621747567082,28433.84383520148,27057.065922835875,1376.7779123656023,0.0,0.0,28433.84383520148,4615.059747857305,0.0,3,1.3992174999875715,1.5479409999970812,0,differential_evolution_staged_direct_search,True,17,-4407.965456979575,2,True,population_collapse_convergence,36,differential_evolution_staged_direct_search,True,92,-1913.2807392575446,8,False,maxiter_budget,72,differential_evolution_staged_direct_search,True,182,-745.4174527770965,8,False,maxiter_budget
2025-12-21,M612,1855.6040518038112,2008.4598086286355,21,65509.02811807707,64534.58869928334,63560.14928048962,974.4394187937253,0.0,0.0,64534.58869928334,2476.4967669459384,0.0,3,1.2058412000187673,1.3431693999882555,0,differential_evolution_staged_direct_search,True,22,-4409.03769010082,3,True,population_collapse_convergence,36,differential_evolution_staged_direct_search,True,92,-1710.4394709950038,8,False,maxiter_budget,72,differential_evolution_staged_direct_search,True,182,-697.0635322122848,8,False,maxiter_budget
2025-12-22,M612,2008.4598086286355,1646.0806731481478,21,63834.02593964341,63269.5913787155,62689.78790735438,572.1190161445118,7.6844552166113695,102.03094026664873,63371.62231898215,1444.6594419783682,4.409890801762572,3,1.1937515999889001,1.3283381999935955,0,differential_evolution_staged_direct_search,True,12,-4409.244675677897,1,True,population_collapse_convergence,36,differential_evolution_staged_direct_search,True,92,-1679.6922921064431,8,False,maxiter_budget,72,differential_evolution_staged_direct_search,True,182,-699.3683884463727,8,False,maxiter_budget
2025-12-23,M612,1646.0806731481478,1962.5693014309484,21,65674.72048137692,63871.85795998871,62068.99543860048,1802.8625213882262,0.0,0.0,63871.85795998871,4767.209341570698,0.0,3,1.078067700000247,1.2141852999920957,0,differential_evolution_staged_direct_search,True,17,-4397.703225383269,2,True,population_collapse_convergence,36,differential_evolution_staged_direct_search,True,42,-1783.11647569805,3,True,population_collapse_convergence,72,differential_evolution_staged_direct_search,True,182,-680.2474533803054,8,False,maxiter_budget
2025-12-24,M612,1962.5693014309484,1741.369682592596,21,64357.696536740885,63192.46900192924,62020.94942132639,1168.3735577072507,3.146022895602861,0.0,63192.46900192924,3111.3938062716934,1.7952140692190142,3,1.0739980999933323,1.208310399990296,0,differential_evolution_staged_direct_search,True,22,-4376.136283313662,3,True,population_collapse_convergence,36,differential_evolution_staged_direct_search,True,42,-1615.7358723807479,3,True,population_collapse_convergence,72,differential_evolution_staged_direct_search,True,182,-700.8211088261081,8,False,maxiter_budget
2025-12-25,M612,1741.369682592596,1858.6416495637461,21,60758.183407229066,61407.38669257024,60703.0833370449,27.55003509208199,676.7533204332499,0.0,61407.38669257024,61.16388924512211,870.9083184225385,3,1.2108819000131916,1.3436683000036282,0,differential_evolution_staged_direct_search,True,27,-4372.370497550663,4,True,population_collapse_convergence,36,differential_evolution_staged_direct_search,True,92,-1819.4696745827823,8,False,maxiter_budget,72,differential_evolution_staged_direct_search,True,182,-632.4477325944029,8,False,maxiter_budget
2025-12-26,M612,1858.6416495637461,2389.8237306042975,21,26736.313992799143,26598.209211624733,26223.434950222865,256.43952128814095,118.33474011372654,0.0,26598.209211624733,823.2786578278599,114.34965464920185,3,1.1918646000121953,1.3306381000002148,0,differential_evolution_staged_direct_search,True,17,-4385.9429455918535,2,True,population_collapse_convergence,36,differential_evolution_staged_direct_search,True,92,-2007.6889826639222,8,False,maxiter_budget,72,differential_evolution_staged_direct_search,True,182,-764.3851270846192,8,True,maxiter_budget
2025-12-27,M612,2389.8237306042975,2082.068121930983,21,26984.344521663847,26595.384423755815,26206.42432584778,388.96009790803373,0.0,0.0,26595.384423755815,1470.7979323062477,0.0,3,1.1954613999987487,1.3359983999980614,0,differential_evolution_staged_direct_search,True,17,-4397.911488633772,2,True,population_collapse_convergence,36,differential_evolution_staged_direct_search,True,92,-2468.3613270618907,8,False,maxiter_budget,72,differential_evolution_staged_direct_search,True,182,-692.4205258936169,8,False,maxiter_budget
2025-12-28,M612,2082.068121930983,2031.9443075470492,21,62020.73408833756,60896.1629524162,59771.59181649484,1124.571135921359,0.0,58.99481686553992,60955.15776928174,2820.145290593533,0.0,3,1.2255894999980228,1.3658520999888424,0,differential_evolution_staged_direct_search,True,22,-4424.649730778734,3,True,population_collapse_convergence,36,differential_evolution_staged_direct_search,True,92,-1920.7275806627217,8,False,maxiter_budget,72,differential_evolution_staged_direct_search,True,182,-732.2940112699789,8,False,maxiter_budget
2025-12-29,M612,2031.9443075470492,1722.584421948532,21,60947.73984232744,61197.60118818613,60421.1570241391,263.291409094172,513.1527549528448,0.0,61197.60118818613,674.3469331187149,627.9212856192433,3,1.1977133999898797,1.337843300003442,0,differential_evolution_staged_direct_search,True,17,-4454.56766521654,2,True,population_collapse_convergence,36,differential_evolution_staged_direct_search,True,92,-2438.613140616876,8,False,maxiter_budget,72,differential_evolution_staged_direct_search,True,182,-720.9116428544361,8,False,maxiter_budget
2025-12-30,M612,1722.584421948532,1797.339359814815,21,61535.09800540167,60344.75455040322,59105.6559131071,1214.7210461472828,24.37759114883289,442.8794369926065,60787.63398739582,3556.942352017922,16.196881348493434,3,1.1016579999995884,1.2402791000058642,0,differential_evolution_staged_direct_search,True,17,-4454.56766521654,2,True,population_collapse_convergence,36,differential_evolution_staged_direct_search,True,52,-2467.1869320917835,4,True,population_collapse_convergence,72,differential_evolution_staged_direct_search,True,182,-717.9791157395281,8,False,maxiter_budget
2025-12-31,M612,1797.339359814815,1543.9800936761133,21,62958.96035891697,62133.04968872138,61307.1390185258,825.9106701955903,0.0,43.49605411518379,62176.54574283656,2377.8285115714416,0.0,3,1.144008000017493,1.2733649000001606,0,differential_evolution_staged_direct_search,True,17,-4454.56766521654,2,True,population_collapse_convergence,36,differential_evolution_staged_direct_search,True,92,-2651.321817352944,8,False,maxiter_budget,72,differential_evolution_staged_direct_search,True,182,-726.1974634405002,8,False,maxiter_budget
