calibrations,residual_count,candidate_ops,initial_soc_kwh,final_soc_kwh,calibration_seconds,day_seconds
"[{'theta': array([-251.78153733]), 'n_active': 1, 'beta1_train': -4008.981338175454, 'beta0_train': -4037.143703453317, 'beta1_val': -4054.261593004115, 'beta0_val': -4054.261593004115, 'selected_score': -4037.143703453317, 'evaluations': 30, 'seconds': 0.037584500008961186, 'method': 'differential_evolution_v2', 'accepted_search': True, 'solver_message': 'Optimization terminated successfully.'}, {'theta': array([-6917.73591974,     0.        ]), 'n_active': 1, 'beta1_train': -959.597978931321, 'beta0_train': -3206.593394339358, 'beta1_val': -652.4872916386535, 'beta0_val': -3238.0044044471056, 'selected_score': -3206.593394339358, 'evaluations': 15, 'seconds': 0.0237831999984337, 'method': 'differential_evolution_v2', 'accepted_search': True, 'solver_message': 'Optimization terminated successfully.'}, {'theta': array([-5910.14278182,     0.        , -2698.52417462,     0.        ]), 'n_active': 2, 'beta1_train': -3382.5559507910257, 'beta0_train': -3630.64019942845, 'beta1_val': -3403.5533910297095, 'beta0_val': -3656.2841910947805, 'selected_score': -3630.64019942845, 'evaluations': 95, 'seconds': 0.1064844000065932, 'method': 'differential_evolution_v2', 'accepted_search': True, 'solver_message': 'Maximum number of iterations has been exceeded.'}]",24,[],2122.4825093090917,9645.736530383798,0.1678521000139881,0.290713099995628
"[{'theta': array([-9053.87876088]), 'n_active': 1, 'beta1_train': -4427.319363845117, 'beta0_train': -4643.508429694352, 'beta1_val': -4645.2, 'beta0_val': -4645.2, 'selected_score': -4643.508429694352, 'evaluations': 30, 'seconds': 0.04039029999694321, 'method': 'differential_evolution_v2', 'accepted_search': True, 'solver_message': 'Optimization terminated successfully.'}, {'theta': array([-956.02961745,    0.        ]), 'n_active': 1, 'beta1_train': -2775.886627585895, 'beta0_train': -2939.2176146225825, 'beta1_val': -2778.4871727218174, 'beta0_val': -2778.4871727218174, 'selected_score': -2939.2176146225825, 'evaluations': 15, 'seconds': 0.022555400006240234, 'method': 'differential_evolution_v2', 'accepted_search': True, 'solver_message': 'Optimization terminated successfully.'}, {'theta': array([-7799.17669357,     0.        , -3538.66349922,     0.        ]), 'n_active': 2, 'beta1_train': -450.51090999473337, 'beta0_train': -1058.0382983257111, 'beta1_val': -1244.5556291106493, 'beta0_val': -1244.5556291106493, 'selected_score': -1058.0382983257111, 'evaluations': 85, 'seconds': 0.09880120000161696, 'method': 'differential_evolution_v2', 'accepted_search': True, 'solver_message': 'Optimization terminated successfully.'}]",25,[],9645.736530383798,3059.6547896178904,0.1617469000048004,0.2793392000021413
"[{'theta': array([-2843.5739604]), 'n_active': 1, 'beta1_train': -3681.6758786833234, 'beta0_train': -3863.251696704948, 'beta1_val': -3873.155861666667, 'beta0_val': -3913.2000000000003, 'selected_score': -3863.251696704948, 'evaluations': 20, 'seconds': 0.02708060000441037, 'method': 'differential_evolution_v2', 'accepted_search': True, 'solver_message': 'Optimization terminated successfully.'}, {'theta': array([-3210.59672534,     0.        ]), 'n_active': 1, 'beta1_train': -2505.1726813578557, 'beta0_train': -2525.3327931396225, 'beta1_val': -2934.3293403858547, 'beta0_val': -2934.3293403858547, 'selected_score': -2525.3327931396225, 'evaluations': 15, 'seconds': 0.022424000009777956, 'method': 'differential_evolution_v2', 'accepted_search': True, 'solver_message': 'Optimization terminated successfully.'}, {'theta': array([-3987.82137244,     0.        , -2016.25383761,     0.        ]), 'n_active': 2, 'beta1_train': -57.81583515037977, 'beta0_train': -617.1954359432442, 'beta1_val': -806.1312322721609, 'beta0_val': -853.3551947721604, 'selected_score': -617.1954359432442, 'evaluations': 95, 'seconds': 0.10613639999064617, 'method': 'differential_evolution_v2', 'accepted_search': True, 'solver_message': 'Maximum number of iterations has been exceeded.'}]",26,[],3059.6547896178904,2328.369625185186,0.1556410000048345,0.26651509999646805
"[{'theta': array([-6339.6862701]), 'n_active': 1, 'beta1_train': -4399.148988762295, 'beta0_train': -4425.578828893637, 'beta1_val': -4426.799999999999, 'beta0_val': -4426.799999999999, 'selected_score': -4425.578828893637, 'evaluations': 15, 'seconds': 0.0248184000083711, 'method': 'differential_evolution_v2', 'accepted_search': True, 'solver_message': 'Optimization terminated successfully.'}, {'theta': array([-5876.94730202,     0.        ]), 'n_active': 1, 'beta1_train': -2230.467810733744, 'beta0_train': -2328.180214543201, 'beta1_val': -2443.854266313643, 'beta0_val': -2443.854266313643, 'selected_score': -2328.180214543201, 'evaluations': 15, 'seconds': 0.02452890000131447, 'method': 'differential_evolution_v2', 'accepted_search': True, 'solver_message': 'Optimization terminated successfully.'}, {'theta': array([-4920.63476845,     0.        , -7193.65840948,     0.        ]), 'n_active': 2, 'beta1_train': 7.905277599814449, 'beta0_train': -677.944950306024, 'beta1_val': -909.9350437585977, 'beta0_val': -942.397053845727, 'selected_score': -677.944950306024, 'evaluations': 45, 'seconds': 0.06313179999415297, 'method': 'differential_evolution_v2', 'accepted_search': True, 'solver_message': 'Optimization terminated successfully.'}]",27,[],2328.369625185186,2270.814585064419,0.11247910000383854,0.22447919999831356
"[{'theta': array([-8315.69881887]), 'n_active': 1, 'beta1_train': -4364.95121647454, 'beta0_train': -4396.831707933242, 'beta1_val': -4398.0, 'beta0_val': -4398.0, 'selected_score': -4396.831707933242, 'evaluations': 15, 'seconds': 0.025284300005296245, 'method': 'differential_evolution_v2', 'accepted_search': True, 'solver_message': 'Optimization terminated successfully.'}, {'theta': array([-1271.7678074,     0.       ]), 'n_active': 1, 'beta1_train': -1875.4034108749197, 'beta0_train': -2081.2405202940167, 'beta1_val': -2992.1780471079896, 'beta0_val': -2992.1780471079896, 'selected_score': -2081.2405202940167, 'evaluations': 20, 'seconds': 0.029272400002810173, 'method': 'differential_evolution_v2', 'accepted_search': True, 'solver_message': 'Optimization terminated successfully.'}, {'theta': array([-7455.19006246,     0.        , -2605.76615263,     0.        ]), 'n_active': 2, 'beta1_train': -544.2984041004366, 'beta0_train': -951.1929798059078, 'beta1_val': -1169.06691505836, 'beta0_val': -1184.565501546914, 'selected_score': -951.1929798059078, 'evaluations': 55, 'seconds': 0.0758858000044711, 'method': 'differential_evolution_v2', 'accepted_search': True, 'solver_message': 'Optimization terminated successfully.'}]",28,[],2270.814585064419,2729.94312074074,0.1304425000125775,0.2519640999962576
"[{'theta': array([-7815.03948212]), 'n_active': 1, 'beta1_train': -2025.0200850587596, 'beta0_train': -2852.7751438152604, 'beta1_val': -2512.815316734009, 'beta0_val': -2918.3999999999996, 'selected_score': -2852.7751438152604, 'evaluations': 15, 'seconds': 0.022693799997796305, 'method': 'differential_evolution_v2', 'accepted_search': True, 'solver_message': 'Optimization terminated successfully.'}, {'theta': array([-1608.13581422,     0.        ]), 'n_active': 1, 'beta1_train': -1546.4541530494716, 'beta0_train': -1571.2816550036332, 'beta1_val': -1766.856782610144, 'beta0_val': -1766.8567826101478, 'selected_score': -1571.2816550036332, 'evaluations': 15, 'seconds': 0.024307999992743134, 'method': 'differential_evolution_v2', 'accepted_search': True, 'solver_message': 'Optimization terminated successfully.'}, {'theta': array([-5298.28251359,     0.        ,  -317.18950295,     0.        ]), 'n_active': 2, 'beta1_train': -6.767477596780846, 'beta0_train': -459.1101202595195, 'beta1_val': -382.06053651545915, 'beta0_val': -553.4291652187655, 'selected_score': -459.1101202595195, 'evaluations': 95, 'seconds': 0.11139099999854807, 'method': 'differential_evolution_v2', 'accepted_search': True, 'solver_message': 'Maximum number of iterations has been exceeded.'}]",29,[],2729.94312074074,2269.6233770370372,0.1583927999890875,0.26635320000059437
"[{'theta': array([-7220.43731418]), 'n_active': 1, 'beta1_train': -2976.139769092208, 'beta0_train': -3042.3196311036877, 'beta1_val': -3044.3999999999996, 'beta0_val': -3044.3999999999996, 'selected_score': -3042.3196311036877, 'evaluations': 20, 'seconds': 0.026587100001052022, 'method': 'differential_evolution_v2', 'accepted_search': True, 'solver_message': 'Optimization terminated successfully.'}, {'theta': array([-4819.90530193,     0.        ]), 'n_active': 1, 'beta1_train': 350.9422649237442, 'beta0_train': -1905.541022092399, 'beta1_val': -180.8794243160819, 'beta0_val': -2212.8281976449625, 'selected_score': -1905.541022092399, 'evaluations': 20, 'seconds': 0.030217200008337386, 'method': 'differential_evolution_v2', 'accepted_search': True, 'solver_message': 'Optimization terminated successfully.'}, {'theta': array([-4580.32031338,     0.        , -9226.55447886,     0.        ]), 'n_active': 2, 'beta1_train': -216.64119654956755, 'beta0_train': -498.2645082218147, 'beta1_val': -645.2847933465798, 'beta0_val': -645.2847933465798, 'selected_score': -498.2645082218147, 'evaluations': 95, 'seconds': 0.1085657999938121, 'method': 'differential_evolution_v2', 'accepted_search': True, 'solver_message': 'Maximum number of iterations has been exceeded.'}]",30,[],2269.6233770370372,1687.5950147383708,0.16537010000320151,0.2772962000017287
"[{'theta': array([-1205.06275804]), 'n_active': 1, 'beta1_train': -3358.726941108963, 'beta0_train': -3391.7373535187535, 'beta1_val': -3652.201940381267, 'beta0_val': -3652.201940381267, 'selected_score': -3391.7373535187535, 'evaluations': 30, 'seconds': 0.040568399999756366, 'method': 'differential_evolution_v2', 'accepted_search': True, 'solver_message': 'Optimization terminated successfully.'}, {'theta': array([-1701.92336991,     0.        ]), 'n_active': 1, 'beta1_train': -1236.457468227493, 'beta0_train': -3302.5913067414635, 'beta1_val': -2429.1538734066107, 'beta0_val': -4009.3284227644126, 'selected_score': -3302.5913067414635, 'evaluations': 30, 'seconds': 0.0379656999866711, 'method': 'differential_evolution_v2', 'accepted_search': True, 'solver_message': 'Optimization terminated successfully.'}, {'theta': array([-6285.25783932,     0.        , -7108.01394107,     0.        ]), 'n_active': 2, 'beta1_train': -3928.0560032312655, 'beta0_train': -4064.7711105037456, 'beta1_val': -4096.646503374835, 'beta0_val': -4096.646503374835, 'selected_score': -4064.7711105037456, 'evaluations': 95, 'seconds': 0.10677810000197496, 'method': 'differential_evolution_v2', 'accepted_search': True, 'solver_message': 'Maximum number of iterations has been exceeded.'}]",31,[],1687.5950147383708,9733.626704999999,0.18531219998840243,0.3039085999917006
"[{'theta': array([-9189.68955894]), 'n_active': 1, 'beta1_train': -4341.314841356132, 'beta0_train': -4444.081109013645, 'beta1_val': -4450.8, 'beta0_val': -4450.8, 'selected_score': -4444.081109013645, 'evaluations': 15, 'seconds': 0.02203910000389442, 'method': 'differential_evolution_v2', 'accepted_search': True, 'solver_message': 'Optimization terminated successfully.'}, {'theta': array([-7785.56931298,     0.        ]), 'n_active': 1, 'beta1_train': -3060.361621960014, 'beta0_train': -3111.0556412622905, 'beta1_val': -2935.630076868915, 'beta0_val': -2935.630076868915, 'selected_score': -3111.0556412622905, 'evaluations': 15, 'seconds': 0.022567699998035096, 'method': 'differential_evolution_v2', 'accepted_search': True, 'solver_message': 'Optimization terminated successfully.'}, {'theta': array([-4775.32034175,     0.        , -8459.81869534,     0.        ]), 'n_active': 2, 'beta1_train': -187.33043591659242, 'beta0_train': -735.802807343766, 'beta1_val': -512.6873530186332, 'beta0_val': -746.9080518850002, 'selected_score': -735.802807343766, 'evaluations': 95, 'seconds': 0.11066079999727663, 'method': 'differential_evolution_v2', 'accepted_search': True, 'solver_message': 'Maximum number of iterations has been exceeded.'}]",32,[],9733.626704999999,1661.846685067087,0.15526759999920614,0.2615671000094153
"[{'theta': array([-1256.95627458]), 'n_active': 1, 'beta1_train': -4476.140684510492, 'beta0_train': -4564.953514270467, 'beta1_val': -4572.0, 'beta0_val': -4572.0, 'selected_score': -4564.953514270467, 'evaluations': 15, 'seconds': 0.02571180000086315, 'method': 'differential_evolution_v2', 'accepted_search': True, 'solver_message': 'Optimization terminated successfully.'}, {'theta': array([-3800.24035536,     0.        ]), 'n_active': 1, 'beta1_train': -2663.011356573043, 'beta0_train': -2694.4972386385966, 'beta1_val': -2586.718974942256, 'beta0_val': -2696.4127393045005, 'selected_score': -2694.4972386385966, 'evaluations': 15, 'seconds': 0.023773299995809793, 'method': 'differential_evolution_v2', 'accepted_search': True, 'solver_message': 'Optimization terminated successfully.'}, {'theta': array([-3082.50720133,     0.        , -3344.67792471,     0.        ]), 'n_active': 2, 'beta1_train': -835.6544499191237, 'beta0_train': -1095.4096883084455, 'beta1_val': -865.4864532362458, 'beta0_val': -1023.3897088362462, 'selected_score': -1095.4096883084455, 'evaluations': 75, 'seconds': 0.0899576999945566, 'method': 'differential_evolution_v2', 'accepted_search': True, 'solver_message': 'Optimization terminated successfully.'}]",33,[],1661.846685067087,2368.8167921620256,0.13944279999122955,0.24480280000716448
"[{'theta': array([-1050.44916975]), 'n_active': 1, 'beta1_train': -4036.858861553467, 'beta0_train': -4104.2089782004305, 'beta1_val': -4055.1254090895827, 'beta0_val': -4107.599999999999, 'selected_score': -4104.2089782004305, 'evaluations': 15, 'seconds': 0.023153399990405887, 'method': 'differential_evolution_v2', 'accepted_search': True, 'solver_message': 'Optimization terminated successfully.'}, {'theta': array([-9550.24762221,     0.        ]), 'n_active': 1, 'beta1_train': -2291.040445964184, 'beta0_train': -2352.1407917190527, 'beta1_val': -2397.569564113395, 'beta0_val': -2397.569564113395, 'selected_score': -2352.1407917190527, 'evaluations': 15, 'seconds': 0.023237999994307756, 'method': 'differential_evolution_v2', 'accepted_search': True, 'solver_message': 'Optimization terminated successfully.'}, {'theta': array([-5082.86003154,     0.        , -3911.3426982 ,     0.        ]), 'n_active': 2, 'beta1_train': -484.49041384416154, 'beta0_train': -698.7631661689418, 'beta1_val': -630.8216551540124, 'beta0_val': -630.8216551540124, 'selected_score': -698.7631661689418, 'evaluations': 35, 'seconds': 0.05350239999825135, 'method': 'differential_evolution_v2', 'accepted_search': True, 'solver_message': 'Optimization terminated successfully.'}]",34,[],2368.8167921620256,1551.0964688888882,0.09989379998296499,0.21003509999718517
"[{'theta': array([-3078.08733739]), 'n_active': 1, 'beta1_train': -3987.15071707988, 'beta0_train': -4056.34145975107, 'beta1_val': -4059.6, 'beta0_val': -4059.6, 'selected_score': -4056.34145975107, 'evaluations': 15, 'seconds': 0.02306259999750182, 'method': 'differential_evolution_v2', 'accepted_search': True, 'solver_message': 'Optimization terminated successfully.'}, {'theta': array([-1235.35835571,     0.        ]), 'n_active': 1, 'beta1_train': -2416.982684677523, 'beta0_train': -2455.4005607355734, 'beta1_val': -1280.650090070689, 'beta0_val': -1299.5290417748681, 'selected_score': -2455.4005607355734, 'evaluations': 20, 'seconds': 0.028037500000209548, 'method': 'differential_evolution_v2', 'accepted_search': True, 'solver_message': 'Optimization terminated successfully.'}, {'theta': array([-6834.43270503,     0.        , -4841.65447953,     0.        ]), 'n_active': 2, 'beta1_train': -718.3308990375745, 'beta0_train': -947.4140427540556, 'beta1_val': -727.0938452797252, 'beta0_val': -815.7842265009759, 'selected_score': -947.4140427540556, 'evaluations': 95, 'seconds': 0.10773540000081994, 'method': 'differential_evolution_v2', 'accepted_search': True, 'solver_message': 'Maximum number of iterations has been exceeded.'}]",35,[],1551.0964688888882,2198.0389612208864,0.1588354999985313,0.2712914000003366
"[{'theta': array([-9445.28922388]), 'n_active': 1, 'beta1_train': -1977.8009001079793, 'beta0_train': -3060.3866650966966, 'beta1_val': -2459.223164649007, 'beta0_val': -3123.2297888769763, 'selected_score': -3060.3866650966966, 'evaluations': 15, 'seconds': 0.022857300005853176, 'method': 'differential_evolution_v2', 'accepted_search': True, 'solver_message': 'Optimization terminated successfully.'}, {'theta': array([0., 0.]), 'n_active': 1, 'beta1_train': 2094.035827115729, 'beta0_train': 200.28794923058038, 'beta1_val': 2587.7184960136815, 'beta0_val': 2735.7874504165056, 'selected_score': 2094.035827115729, 'evaluations': 20, 'seconds': 0.02719610001076944, 'method': 'differential_evolution_v2', 'accepted_search': False, 'solver_message': 'Optimization terminated successfully.'}, {'theta': array([-1865.54888847,     0.        ,  -121.47613709,     0.        ]), 'n_active': 2, 'beta1_train': -496.60026094768455, 'beta0_train': -571.7119995891471, 'beta1_val': -491.900462113704, 'beta0_val': -491.900462113704, 'selected_score': -571.7119995891471, 'evaluations': 45, 'seconds': 0.06188099998689722, 'method': 'differential_evolution_v2', 'accepted_search': True, 'solver_message': 'Optimization terminated successfully.'}]",36,[],2198.0389612208864,1814.690149444447,0.11193440000351984,0.22359040001174435
"[{'theta': array([-8002.9521224]), 'n_active': 1, 'beta1_train': -2468.336065087987, 'beta0_train': -2516.5867856165996, 'beta1_val': -2465.774665231276, 'beta0_val': -2465.774665231276, 'selected_score': -2516.5867856165996, 'evaluations': 25, 'seconds': 0.033355999999912456, 'method': 'differential_evolution_v2', 'accepted_search': True, 'solver_message': 'Optimization terminated successfully.'}, {'theta': array([-9534.87570467,     0.        ]), 'n_active': 1, 'beta1_train': -530.9244090358609, 'beta0_train': -2418.4280251587597, 'beta1_val': -230.9191550031146, 'beta0_val': -2183.0655774137817, 'selected_score': -2418.4280251587597, 'evaluations': 20, 'seconds': 0.029141300008632243, 'method': 'differential_evolution_v2', 'accepted_search': True, 'solver_message': 'Optimization terminated successfully.'}, {'theta': array([-8659.09412878,     0.        , -6153.59874618,     0.        ]), 'n_active': 2, 'beta1_train': -415.67614137628107, 'beta0_train': -585.2774150199114, 'beta1_val': -555.7675981729409, 'beta0_val': -555.7675981729409, 'selected_score': -585.2774150199114, 'evaluations': 55, 'seconds': 0.06965569999010768, 'method': 'differential_evolution_v2', 'accepted_search': True, 'solver_message': 'Optimization terminated successfully.'}]",37,[],1814.690149444447,1743.4012018779758,0.13215299999865238,0.2454965000069933
"[{'theta': array([-2839.84078591]), 'n_active': 1, 'beta1_train': -2421.949442843188, 'beta0_train': -2447.532394864104, 'beta1_val': -2404.296474088862, 'beta0_val': -2404.296474088862, 'selected_score': -2447.532394864104, 'evaluations': 15, 'seconds': 0.022903099990799092, 'method': 'differential_evolution_v2', 'accepted_search': True, 'solver_message': 'Optimization terminated successfully.'}, {'theta': array([-3317.8050847,     0.       ]), 'n_active': 1, 'beta1_train': -891.3757949026029, 'beta0_train': -2636.749055825961, 'beta1_val': -78.06260677603768, 'beta0_val': -2335.8808797945244, 'selected_score': -2636.749055825961, 'evaluations': 25, 'seconds': 0.03252259999862872, 'method': 'differential_evolution_v2', 'accepted_search': True, 'solver_message': 'Optimization terminated successfully.'}, {'theta': array([-8984.23777334,     0.        , -5069.6451914 ,     0.        ]), 'n_active': 2, 'beta1_train': -912.3137713810065, 'beta0_train': -1098.1056747638181, 'beta1_val': -558.8174175578499, 'beta0_val': -1059.0500856942328, 'selected_score': -1098.1056747638181, 'evaluations': 45, 'seconds': 0.06444329999794718, 'method': 'differential_evolution_v2', 'accepted_search': True, 'solver_message': 'Optimization terminated successfully.'}]",38,[],1743.4012018779758,2765.5314612962957,0.11986899998737499,0.23007800000777934
"[{'theta': array([-5484.83786565]), 'n_active': 1, 'beta1_train': -4260.774702141942, 'beta0_train': -4362.12211947283, 'beta1_val': -4262.969309005, 'beta0_val': -4359.695098971194, 'selected_score': -4362.12211947283, 'evaluations': 20, 'seconds': 0.027000999994925223, 'method': 'differential_evolution_v2', 'accepted_search': True, 'solver_message': 'Optimization terminated successfully.'}, {'theta': array([-6617.81240231,     0.        ]), 'n_active': 1, 'beta1_train': 1216.997315429923, 'beta0_train': -2278.557704015158, 'beta1_val': 2357.3827036293555, 'beta0_val': -1749.5804253540196, 'selected_score': -2278.557704015158, 'evaluations': 20, 'seconds': 0.027047099996707402, 'method': 'differential_evolution_v2', 'accepted_search': True, 'solver_message': 'Optimization terminated successfully.'}, {'theta': array([-5369.87470696,     0.        , -9200.5862257 ,     0.        ]), 'n_active': 2, 'beta1_train': -1118.5398057682346, 'beta0_train': -1336.0085440882267, 'beta1_val': -1083.3730311497823, 'beta0_val': -1144.44661776895, 'selected_score': -1336.0085440882267, 'evaluations': 95, 'seconds': 0.10876080000889488, 'method': 'differential_evolution_v2', 'accepted_search': True, 'solver_message': 'Maximum number of iterations has been exceeded.'}]",39,[],2765.5314612962957,3000.3076542491362,0.1628089000005275,0.27210699999704957
"[{'theta': array([-9340.94403988]), 'n_active': 1, 'beta1_train': -4225.5049940495755, 'beta0_train': -4321.7473709628875, 'beta1_val': -4160.877848191666, 'beta0_val': -4323.401316049382, 'selected_score': -4321.7473709628875, 'evaluations': 20, 'seconds': 0.03142300000763498, 'method': 'differential_evolution_v2', 'accepted_search': True, 'solver_message': 'Optimization terminated successfully.'}, {'theta': array([-3951.19760071,     0.        ]), 'n_active': 1, 'beta1_train': 351.68976007700707, 'beta0_train': -2169.933795567868, 'beta1_val': 939.718374500711, 'beta0_val': -391.7002519357666, 'selected_score': -2169.933795567868, 'evaluations': 20, 'seconds': 0.027946599991992116, 'method': 'differential_evolution_v2', 'accepted_search': True, 'solver_message': 'Optimization terminated successfully.'}, {'theta': array([-4026.27104551,     0.        , -6642.84749963,     0.        ]), 'n_active': 2, 'beta1_train': -717.2646655416305, 'beta0_train': -1003.0997672093087, 'beta1_val': -19.065550600595884, 'beta0_val': -898.5288366285879, 'selected_score': -1003.0997672093087, 'evaluations': 65, 'seconds': 0.08335499999520835, 'method': 'differential_evolution_v2', 'accepted_search': True, 'solver_message': 'Optimization terminated successfully.'}]",40,[],3000.3076542491362,2240.9808827777824,0.14272459999483544,0.2521202999923844
"[{'theta': array([-7386.74888134]), 'n_active': 1, 'beta1_train': -4054.1242076293515, 'beta0_train': -4228.777687257408, 'beta1_val': -4136.56244402222, 'beta0_val': -4246.582119407405, 'selected_score': -4228.777687257408, 'evaluations': 20, 'seconds': 0.02824519999558106, 'method': 'differential_evolution_v2', 'accepted_search': True, 'solver_message': 'Optimization terminated successfully.'}, {'theta': array([-2696.71364756,     0.        ]), 'n_active': 1, 'beta1_train': -2472.5097299644067, 'beta0_train': -2512.6535457655546, 'beta1_val': -2547.4793621274443, 'beta0_val': -2610.6891757586272, 'selected_score': -2512.6535457655546, 'evaluations': 20, 'seconds': 0.02915430000575725, 'method': 'differential_evolution_v2', 'accepted_search': True, 'solver_message': 'Optimization terminated successfully.'}, {'theta': array([-1842.75344547,     0.        , -5811.16931546,     0.        ]), 'n_active': 2, 'beta1_train': -914.3933761635348, 'beta0_train': -1050.5714361769349, 'beta1_val': -349.56918021271053, 'beta0_val': -945.2355922851831, 'selected_score': -1050.5714361769349, 'evaluations': 75, 'seconds': 0.09110239999426994, 'method': 'differential_evolution_v2', 'accepted_search': True, 'solver_message': 'Optimization terminated successfully.'}]",41,[],2240.9808827777824,2619.2962264447633,0.14850189999560826,0.2616362999979174
"[{'theta': array([-8577.27652669]), 'n_active': 1, 'beta1_train': -4152.131062251016, 'beta0_train': -4292.278789896807, 'beta1_val': -4136.898272433333, 'beta0_val': -4293.422547325103, 'selected_score': -4292.278789896807, 'evaluations': 15, 'seconds': 0.022295099988696165, 'method': 'differential_evolution_v2', 'accepted_search': True, 'solver_message': 'Optimization terminated successfully.'}, {'theta': array([-9.0617949e+03,  7.3533651e-02]), 'n_active': 2, 'beta1_train': 1725.462088096627, 'beta0_train': -600.4340047203722, 'beta1_val': 1035.0400822755619, 'beta0_val': -2718.7466537308164, 'selected_score': -600.4340047203722, 'evaluations': 55, 'seconds': 0.04048559999500867, 'method': 'differential_evolution_v2', 'accepted_search': True, 'solver_message': 'Optimization terminated successfully.'}, {'theta': array([-1.59140643e+03, -1.36030356e-01, -4.43278937e+03,  1.27649908e+00]), 'n_active': 4, 'beta1_train': -722.1101460688694, 'beta0_train': -777.762223489977, 'beta1_val': 157.91932370095424, 'beta0_val': -678.1519730583569, 'selected_score': -777.762223489977, 'evaluations': 165, 'seconds': 0.11200459999963641, 'method': 'differential_evolution_v2', 'accepted_search': True, 'solver_message': 'Optimization terminated successfully.'}]",42,[],2619.2962264447633,1482.6722181481493,0.17478529998334125,0.28963159999693744
"[{'theta': array([-5251.54098751]), 'n_active': 1, 'beta1_train': -2668.1636505625283, 'beta0_train': -2696.212817660343, 'beta1_val': -2627.193566611668, 'beta0_val': -2696.4, 'selected_score': -2696.212817660343, 'evaluations': 15, 'seconds': 0.024938899994594976, 'method': 'differential_evolution_v2', 'accepted_search': True, 'solver_message': 'Optimization terminated successfully.'}, {'theta': array([-796.33545928,    0.90759694]), 'n_active': 2, 'beta1_train': 1594.70081634949, 'beta0_train': -1277.4655568940584, 'beta1_val': 1943.2485627460442, 'beta0_val': 143.45023669631246, 'selected_score': -1277.5128313021717, 'evaluations': 95, 'seconds': 0.05899140000110492, 'method': 'differential_evolution_v2', 'accepted_search': True, 'solver_message': 'Maximum number of iterations has been exceeded.'}, {'theta': array([-1.94617572e+03, -1.48648322e+00, -3.20304995e+03,  7.74807348e-01]), 'n_active': 4, 'beta1_train': -309.19016873227224, 'beta0_train': -471.00617777871514, 'beta1_val': -254.64010437345587, 'beta0_val': -371.55537166175236, 'selected_score': -471.00617777871514, 'evaluations': 185, 'seconds': 0.1267060000100173, 'method': 'differential_evolution_v2', 'accepted_search': True, 'solver_message': 'Maximum number of iterations has been exceeded.'}]",42,[],1482.6722181481493,1685.220939402029,0.2106363000057172,0.3234669999947073
"[{'theta': array([-8498.21036052]), 'n_active': 1, 'beta1_train': -2396.9907571445506, 'beta0_train': -2421.4655058001426, 'beta1_val': -2435.937054980954, 'beta0_val': -2435.937054980954, 'selected_score': -2421.4655058001426, 'evaluations': 20, 'seconds': 0.02705549998790957, 'method': 'differential_evolution_v2', 'accepted_search': True, 'solver_message': 'Optimization terminated successfully.'}, {'theta': array([-5.01067433e+03, -1.29148168e+00]), 'n_active': 2, 'beta1_train': -582.2653470774476, 'beta0_train': -2566.9380748033723, 'beta1_val': 118.86548346951668, 'beta0_val': -2268.2387283702324, 'selected_score': -2566.9380748033723, 'evaluations': 45, 'seconds': 0.03417590000026394, 'method': 'differential_evolution_v2', 'accepted_search': True, 'solver_message': 'Optimization terminated successfully.'}, {'theta': array([-3.61222433e+03, -3.14667259e-01, -8.19956608e+03,  5.30359051e-01]), 'n_active': 4, 'beta1_train': -618.3003456644661, 'beta0_train': -759.9778663350063, 'beta1_val': -539.9720246439973, 'beta0_val': -718.7677712032904, 'selected_score': -759.9778663350063, 'evaluations': 165, 'seconds': 0.11833270000352059, 'method': 'differential_evolution_v2', 'accepted_search': True, 'solver_message': 'Optimization terminated successfully.'}]",42,[],1685.220939402029,2292.7649518255457,0.1795640999916941,0.2913445000012871
"[{'theta': array([-6109.40974206]), 'n_active': 1, 'beta1_train': -2651.8839716139914, 'beta0_train': -2669.020675841345, 'beta1_val': -2635.0273356022863, 'beta0_val': -2635.0273356022863, 'selected_score': -2669.020675841345, 'evaluations': 20, 'seconds': 0.030604400002630427, 'method': 'differential_evolution_v2', 'accepted_search': True, 'solver_message': 'Optimization terminated successfully.'}, {'theta': array([-4.89716854e+03,  5.92407906e-01]), 'n_active': 2, 'beta1_train': -1147.2867323446906, 'beta0_train': -3187.4739179101052, 'beta1_val': -1663.0265128355554, 'beta0_val': -3434.6802495587312, 'selected_score': -3187.4739179101052, 'evaluations': 45, 'seconds': 0.03422050000517629, 'method': 'differential_evolution_v2', 'accepted_search': True, 'solver_message': 'Optimization terminated successfully.'}, {'theta': array([-3.39057706e+03, -1.04831114e+00, -1.56910357e+03, -1.57643720e+00]), 'n_active': 4, 'beta1_train': -2284.975145722416, 'beta0_train': -2385.3873062912317, 'beta1_val': -2380.517590708974, 'beta0_val': -2385.3925396756413, 'selected_score': -2385.3873062912317, 'evaluations': 185, 'seconds': 0.1306793999974616, 'method': 'differential_evolution_v2', 'accepted_search': True, 'solver_message': 'Maximum number of iterations has been exceeded.'}]",42,[],2292.7649518255457,6340.723669244755,0.1955043000052683,0.3096540999977151
"[{'theta': array([-8974.1342143]), 'n_active': 1, 'beta1_train': -4082.6329694543133, 'beta0_train': -4264.228496981549, 'beta1_val': -4191.405388431111, 'beta0_val': -4249.51649318574, 'selected_score': -4264.228496981549, 'evaluations': 15, 'seconds': 0.02248169999802485, 'method': 'differential_evolution_v2', 'accepted_search': True, 'solver_message': 'Optimization terminated successfully.'}, {'theta': array([-1.72789162e+03, -6.51201891e-01]), 'n_active': 2, 'beta1_train': 1604.3158306442067, 'beta0_train': -1155.8526955149584, 'beta1_val': 2084.496239868809, 'beta0_val': 1350.1801278693615, 'selected_score': -1155.8526955149584, 'evaluations': 95, 'seconds': 0.057395700001507066, 'method': 'differential_evolution_v2', 'accepted_search': True, 'solver_message': 'Maximum number of iterations has been exceeded.'}, {'theta': array([-2.80788198e+03,  3.24800664e-01, -4.07156266e+03,  5.10034109e-01]), 'n_active': 4, 'beta1_train': -562.9568299145449, 'beta0_train': -732.1379596151565, 'beta1_val': -271.2926434260237, 'beta0_val': -740.3592897600705, 'selected_score': -732.1379596151565, 'evaluations': 125, 'seconds': 0.0953358999977354, 'method': 'differential_evolution_v2', 'accepted_search': True, 'solver_message': 'Optimization terminated successfully.'}]",42,[],6340.723669244755,1647.7429579822456,0.1752132999972673,0.2859164999972563
"[{'theta': array([-6605.84363999]), 'n_active': 1, 'beta1_train': -4416.006317328252, 'beta0_train': -4448.178223692662, 'beta1_val': -4448.4, 'beta0_val': -4448.4, 'selected_score': -4448.178223692662, 'evaluations': 20, 'seconds': 0.02692380000371486, 'method': 'differential_evolution_v2', 'accepted_search': True, 'solver_message': 'Optimization terminated successfully.'}, {'theta': array([-2.75178891e+03, -1.77712852e+00]), 'n_active': 2, 'beta1_train': 1067.91025489505, 'beta0_train': -2756.051367593189, 'beta1_val': 1340.3286517174092, 'beta0_val': -2504.3055178312775, 'selected_score': -2756.051367593189, 'evaluations': 95, 'seconds': 0.06017939999583177, 'method': 'differential_evolution_v2', 'accepted_search': True, 'solver_message': 'Maximum number of iterations has been exceeded.'}, {'theta': array([-9.12988872e+03, -9.25341083e-01, -3.44470453e+03, -1.46243510e-01]), 'n_active': 4, 'beta1_train': -730.7623590316166, 'beta0_train': -1039.014717602311, 'beta1_val': -559.9914956834803, 'beta0_val': -960.8168879059265, 'selected_score': -1039.014717602311, 'evaluations': 185, 'seconds': 0.1285755999997491, 'method': 'differential_evolution_v2', 'accepted_search': True, 'solver_message': 'Maximum number of iterations has been exceeded.'}]",42,[],1647.7429579822456,2485.5941579941077,0.21567879999929573,0.32563460001256317
"[{'theta': array([-8958.94419015]), 'n_active': 1, 'beta1_train': -4255.040337290908, 'beta0_train': -4405.09905060063, 'beta1_val': -4467.774424166667, 'beta0_val': -4483.2, 'selected_score': -4405.09905060063, 'evaluations': 35, 'seconds': 0.041270300003816374, 'method': 'differential_evolution_v2', 'accepted_search': True, 'solver_message': 'Optimization terminated successfully.'}, {'theta': array([-9.64714440e+02,  6.75979545e-01]), 'n_active': 2, 'beta1_train': 867.0228975165844, 'beta0_train': -2588.9169753095216, 'beta1_val': 1026.2129117588938, 'beta0_val': -2652.8148426477073, 'selected_score': -2589.052903492734, 'evaluations': 95, 'seconds': 0.06015970000589732, 'method': 'differential_evolution_v2', 'accepted_search': True, 'solver_message': 'Maximum number of iterations has been exceeded.'}, {'theta': array([-6.71704410e+03,  3.38522372e-01, -9.03214251e+03,  6.28866677e-02]), 'n_active': 4, 'beta1_train': -833.3655725778347, 'beta0_train': -1081.1274195540523, 'beta1_val': -803.3260901459532, 'beta0_val': -1073.5013015484417, 'selected_score': -1081.1274195540523, 'evaluations': 185, 'seconds': 0.129179399998975, 'method': 'differential_evolution_v2', 'accepted_search': True, 'solver_message': 'Maximum number of iterations has been exceeded.'}]",42,[],2485.5941579941077,2290.9828383309477,0.23060940000868868,0.34538500000780914
"[{'theta': array([-8519.86273087]), 'n_active': 1, 'beta1_train': -3897.633361815137, 'beta0_train': -3954.5321797409133, 'beta1_val': -3908.462959638085, 'beta0_val': -3955.2000000000003, 'selected_score': -3954.5321797409133, 'evaluations': 20, 'seconds': 0.02761140000075102, 'method': 'differential_evolution_v2', 'accepted_search': True, 'solver_message': 'Optimization terminated successfully.'}, {'theta': array([-7.61221330e+03,  8.24546348e-01]), 'n_active': 2, 'beta1_train': 1221.4731722116553, 'beta0_train': -2504.1155085651767, 'beta1_val': 2434.7723546263755, 'beta0_val': -2053.5940188539953, 'selected_score': -2504.1155085651767, 'evaluations': 45, 'seconds': 0.03512409998802468, 'method': 'differential_evolution_v2', 'accepted_search': True, 'solver_message': 'Optimization terminated successfully.'}, {'theta': array([-6.08819874e+03,  1.94042595e+00, -6.74500604e+03,  4.36075086e-01]), 'n_active': 4, 'beta1_train': -510.4041293434215, 'beta0_train': -715.224147741214, 'beta1_val': -473.9073018273698, 'beta0_val': -611.5765820582718, 'selected_score': -715.224147741214, 'evaluations': 185, 'seconds': 0.12793989999045152, 'method': 'differential_evolution_v2', 'accepted_search': True, 'solver_message': 'Maximum number of iterations has been exceeded.'}]",42,[],2290.9828383309477,2277.377839288106,0.19067539997922722,0.303583200002322
"[{'theta': array([-9337.86500114]), 'n_active': 1, 'beta1_train': -2868.53509624925, 'beta0_train': -2965.633261110926, 'beta1_val': -2841.7859192499996, 'beta0_val': -2967.6, 'selected_score': -2965.633261110926, 'evaluations': 25, 'seconds': 0.032821300002979115, 'method': 'differential_evolution_v2', 'accepted_search': True, 'solver_message': 'Optimization terminated successfully.'}, {'theta': array([-5.16833085e+03,  4.64492288e-01]), 'n_active': 2, 'beta1_train': 2491.8295892616125, 'beta0_train': -618.9350013681957, 'beta1_val': 2696.67397202121, 'beta0_val': 1038.405248587174, 'selected_score': -618.9350013681957, 'evaluations': 95, 'seconds': 0.06475859999773093, 'method': 'differential_evolution_v2', 'accepted_search': True, 'solver_message': 'Maximum number of iterations has been exceeded.'}, {'theta': array([-8.78064639e+03,  3.62180302e-01, -3.51063788e+03, -4.03964222e-01]), 'n_active': 4, 'beta1_train': -411.4321953211062, 'beta0_train': -531.7613803922251, 'beta1_val': -619.712887282549, 'beta0_val': -619.712887282549, 'selected_score': -531.7613803922251, 'evaluations': 165, 'seconds': 0.11670099999173544, 'method': 'differential_evolution_v2', 'accepted_search': True, 'solver_message': 'Optimization terminated successfully.'}]",42,[],2277.377839288106,1848.4076083333334,0.21428089999244548,0.32641189999412745
"[{'theta': array([-7713.32451836]), 'n_active': 1, 'beta1_train': -1821.1247491924987, 'beta0_train': -1832.0622483887794, 'beta1_val': -1879.1649550268055, 'beta0_val': -1879.1649550268055, 'selected_score': -1832.0622483887794, 'evaluations': 25, 'seconds': 0.03385780000826344, 'method': 'differential_evolution_v2', 'accepted_search': True, 'solver_message': 'Optimization terminated successfully.'}, {'theta': array([-2.16084558e+03,  1.90066969e+00]), 'n_active': 2, 'beta1_train': -817.9696216507613, 'beta0_train': -2544.852930865384, 'beta1_val': -708.6892739136817, 'beta0_val': -2436.1260779425884, 'selected_score': -2544.852930865384, 'evaluations': 75, 'seconds': 0.05353730000206269, 'method': 'differential_evolution_v2', 'accepted_search': True, 'solver_message': 'Optimization terminated successfully.'}, {'theta': array([-2.93721477e+02, -4.77072206e-01, -5.98250168e+02,  7.64738685e-01]), 'n_active': 4, 'beta1_train': -377.165323543063, 'beta0_train': -516.8818209894409, 'beta1_val': -449.138382393316, 'beta0_val': -480.27911423383205, 'selected_score': -516.8818209894409, 'evaluations': 185, 'seconds': 0.12758640000538435, 'method': 'differential_evolution_v2', 'accepted_search': True, 'solver_message': 'Maximum number of iterations has been exceeded.'}]",42,[],1848.4076083333334,1690.2088607254775,0.21498150001571048,0.32559560000663623
"[{'theta': array([-9145.53150298]), 'n_active': 1, 'beta1_train': -3159.533824126237, 'beta0_train': -3178.811977582002, 'beta1_val': -3152.641032195491, 'beta0_val': -3153.3274153492284, 'selected_score': -3178.811977582002, 'evaluations': 20, 'seconds': 0.027667400005157106, 'method': 'differential_evolution_v2', 'accepted_search': True, 'solver_message': 'Optimization terminated successfully.'}, {'theta': array([-9.09978095e+02, -6.98480823e-02]), 'n_active': 2, 'beta1_train': -2313.15295358011, 'beta0_train': -4282.326791821567, 'beta1_val': -2104.5834611700766, 'beta0_val': -4494.669801923285, 'selected_score': -4282.326791821567, 'evaluations': 95, 'seconds': 0.05867720000969712, 'method': 'differential_evolution_v2', 'accepted_search': True, 'solver_message': 'Maximum number of iterations has been exceeded.'}, {'theta': array([-2.67835895e+03, -3.69550913e-02, -6.67643644e+03,  1.68391407e+00]), 'n_active': 4, 'beta1_train': -4160.050137685438, 'beta0_train': -4295.552437399737, 'beta1_val': -4197.214274979259, 'beta0_val': -4197.894270040988, 'selected_score': -4295.552437399737, 'evaluations': 185, 'seconds': 0.1279732000111835, 'method': 'differential_evolution_v2', 'accepted_search': True, 'solver_message': 'Maximum number of iterations has been exceeded.'}]",42,[],1690.2088607254775,9905.311494882944,0.21431780002603773,0.3253930999926524
"[{'theta': array([-5725.98629461]), 'n_active': 1, 'beta1_train': -4263.515285549422, 'beta0_train': -4373.414533027818, 'beta1_val': -4378.8, 'beta0_val': -4378.8, 'selected_score': -4373.414533027818, 'evaluations': 15, 'seconds': 0.022153800004161894, 'method': 'differential_evolution_v2', 'accepted_search': True, 'solver_message': 'Optimization terminated successfully.'}, {'theta': array([-1.28634604e+03, -2.28493373e-02]), 'n_active': 2, 'beta1_train': -2487.6196543261944, 'beta0_train': -2560.158057109966, 'beta1_val': -2593.3196214489067, 'beta0_val': -2593.3196214489067, 'selected_score': -2560.158057109966, 'evaluations': 45, 'seconds': 0.035277200004202314, 'method': 'differential_evolution_v2', 'accepted_search': True, 'solver_message': 'Optimization terminated successfully.'}, {'theta': array([-5.76091319e+03,  5.76972253e-01, -5.16791036e+03, -9.07043368e-01]), 'n_active': 4, 'beta1_train': -502.4927202169861, 'beta0_train': -763.9720955844015, 'beta1_val': -211.81766497852027, 'beta0_val': -678.3989493193628, 'selected_score': -763.9720955844015, 'evaluations': 185, 'seconds': 0.13900019999709912, 'method': 'differential_evolution_v2', 'accepted_search': True, 'solver_message': 'Maximum number of iterations has been exceeded.'}]",42,[],9905.311494882944,1652.9640835086802,0.19643120000546332,0.30782480000925716
"[{'theta': array([-1006.64722149]), 'n_active': 1, 'beta1_train': -4730.120569779381, 'beta0_train': -4748.878893561175, 'beta1_val': -4750.799999999999, 'beta0_val': -4750.799999999999, 'selected_score': -4748.878893561175, 'evaluations': 25, 'seconds': 0.0324075999960769, 'method': 'differential_evolution_v2', 'accepted_search': True, 'solver_message': 'Optimization terminated successfully.'}, {'theta': array([-9.18612603e+03, -2.84300248e-01]), 'n_active': 2, 'beta1_train': -3090.9178627566944, 'beta0_train': -3149.2641922926514, 'beta1_val': -3983.3771213597784, 'beta0_val': -3983.3771213597784, 'selected_score': -3149.2641922926514, 'evaluations': 45, 'seconds': 0.034812600002624094, 'method': 'differential_evolution_v2', 'accepted_search': True, 'solver_message': 'Optimization terminated successfully.'}, {'theta': array([-3.70487888e+03, -4.87277229e-01, -6.50154164e+03, -4.90499562e-01]), 'n_active': 4, 'beta1_train': -1109.685608917612, 'beta0_train': -1494.8282098873299, 'beta1_val': -1239.2222752311354, 'beta0_val': -1432.6286476666237, 'selected_score': -1494.8282098873299, 'evaluations': 185, 'seconds': 0.1302785000007134, 'method': 'differential_evolution_v2', 'accepted_search': True, 'solver_message': 'Maximum number of iterations has been exceeded.'}]",42,[],1652.9640835086802,3223.4333276331513,0.19749869999941438,0.3105768999957945
"[{'theta': array([-6703.86145009]), 'n_active': 1, 'beta1_train': -4017.9922511902237, 'beta0_train': -4051.652029371466, 'beta1_val': -4053.5999999999995, 'beta0_val': -4053.5999999999995, 'selected_score': -4051.652029371466, 'evaluations': 15, 'seconds': 0.02277279998816084, 'method': 'differential_evolution_v2', 'accepted_search': True, 'solver_message': 'Optimization terminated successfully.'}, {'theta': array([-7.35227329e+03,  8.23079508e-05]), 'n_active': 2, 'beta1_train': 1362.607902679318, 'beta0_train': -1901.29276600012, 'beta1_val': 737.772201513962, 'beta0_val': -2563.8521065957857, 'selected_score': -1901.29276600012, 'evaluations': 95, 'seconds': 0.059208399994531646, 'method': 'differential_evolution_v2', 'accepted_search': True, 'solver_message': 'Maximum number of iterations has been exceeded.'}, {'theta': array([-3.97732267e+03,  1.39356155e+00, -6.86622411e+03,  5.86409869e-02]), 'n_active': 4, 'beta1_train': -315.64939702072996, 'beta0_train': -720.719607733928, 'beta1_val': -374.06048337677714, 'beta0_val': -624.7176404954588, 'selected_score': -720.719607733928, 'evaluations': 185, 'seconds': 0.12417129999084864, 'method': 'differential_evolution_v2', 'accepted_search': True, 'solver_message': 'Maximum number of iterations has been exceeded.'}]",42,[],3223.4333276331513,1760.6105177633733,0.20615249997354113,0.3137566999939736
"[{'theta': array([-2860.54618859]), 'n_active': 1, 'beta1_train': -4421.982849484062, 'beta0_train': -4455.108625835592, 'beta1_val': -4361.3202956625, 'beta0_val': -4456.8, 'selected_score': -4455.108625835592, 'evaluations': 20, 'seconds': 0.027638500003376976, 'method': 'differential_evolution_v2', 'accepted_search': True, 'solver_message': 'Optimization terminated successfully.'}, {'theta': array([-1.06394076e+03, -2.79652029e-01]), 'n_active': 2, 'beta1_train': 1213.2640791000215, 'beta0_train': -1915.3601529503742, 'beta1_val': 352.68141123383066, 'beta0_val': -3304.8865162209095, 'selected_score': -1915.4866591464968, 'evaluations': 95, 'seconds': 0.05869769999117125, 'method': 'differential_evolution_v2', 'accepted_search': True, 'solver_message': 'Maximum number of iterations has been exceeded.'}, {'theta': array([-8.69822707e+03, -1.76971970e+00, -8.88681076e+02, -1.49748307e+00]), 'n_active': 4, 'beta1_train': -869.6263130459749, 'beta0_train': -1090.821996251391, 'beta1_val': -300.04381641186114, 'beta0_val': -1039.7743323469365, 'selected_score': -1090.821996251391, 'evaluations': 185, 'seconds': 0.12636130000464618, 'method': 'differential_evolution_v2', 'accepted_search': True, 'solver_message': 'Maximum number of iterations has been exceeded.'}]",42,[],1760.6105177633733,2444.3412428071556,0.2126974999991944,0.3249614000087604
"[{'theta': array([-3731.08925025]), 'n_active': 1, 'beta1_train': -2834.607084607665, 'beta0_train': -2887.6377593167526, 'beta1_val': -2890.8, 'beta0_val': -2890.8, 'selected_score': -2887.6377593167526, 'evaluations': 25, 'seconds': 0.030636900002718903, 'method': 'differential_evolution_v2', 'accepted_search': True, 'solver_message': 'Optimization terminated successfully.'}, {'theta': array([-1.03279777e+03, -1.01506394e+00]), 'n_active': 2, 'beta1_train': 2238.17754759229, 'beta0_train': -1173.6848854658865, 'beta1_val': 1530.4326906032607, 'beta0_val': -2102.603437491938, 'selected_score': -1174.681030804499, 'evaluations': 95, 'seconds': 0.05798300000606105, 'method': 'differential_evolution_v2', 'accepted_search': True, 'solver_message': 'Maximum number of iterations has been exceeded.'}, {'theta': array([-5.49274983e+03,  2.70645030e-01, -9.56796024e+03,  1.58761966e+00]), 'n_active': 4, 'beta1_train': -141.77115688584638, 'beta0_train': -507.5111688984547, 'beta1_val': 193.89300261389297, 'beta0_val': -451.551616686975, 'selected_score': -507.5111688984547, 'evaluations': 185, 'seconds': 0.13333739999507088, 'method': 'differential_evolution_v2', 'accepted_search': True, 'solver_message': 'Maximum number of iterations has been exceeded.'}]",42,[],2444.3412428071556,1736.6357555447064,0.22195730000385083,0.33152809999592137
"[{'theta': array([-9280.87310795]), 'n_active': 1, 'beta1_train': -1700.0126664499073, 'beta0_train': -1717.9278424743093, 'beta1_val': -1751.3683005960822, 'beta0_val': -1772.1418619129547, 'selected_score': -1717.9278424743093, 'evaluations': 15, 'seconds': 0.024006699997698888, 'method': 'differential_evolution_v2', 'accepted_search': True, 'solver_message': 'Optimization terminated successfully.'}, {'theta': array([-5.47653804e+03, -8.34024634e-01]), 'n_active': 2, 'beta1_train': -853.4809534573038, 'beta0_train': -2772.2445069027817, 'beta1_val': -1537.3455719062624, 'beta0_val': -2885.9999999999995, 'selected_score': -2772.2445069027817, 'evaluations': 45, 'seconds': 0.037275700000463985, 'method': 'differential_evolution_v2', 'accepted_search': True, 'solver_message': 'Optimization terminated successfully.'}, {'theta': array([-1.48176754e+03,  9.73409083e-01, -8.28026122e+03,  1.22150706e-01]), 'n_active': 4, 'beta1_train': -336.5127471381218, 'beta0_train': -503.13557278050115, 'beta1_val': -412.9470004971421, 'beta0_val': -478.1014172857036, 'selected_score': -503.13557278050115, 'evaluations': 185, 'seconds': 0.13578339999367017, 'method': 'differential_evolution_v2', 'accepted_search': True, 'solver_message': 'Maximum number of iterations has been exceeded.'}]",42,[],1736.6357555447064,1811.4852118518497,0.19706579999183305,0.3152540000010049
"[{'theta': array([-876.76200788]), 'n_active': 1, 'beta1_train': -1876.0793026617744, 'beta0_train': -1888.0417782801808, 'beta1_val': -2143.962488360518, 'beta0_val': -2143.962488360518, 'selected_score': -1888.0417782801808, 'evaluations': 20, 'seconds': 0.02815639998880215, 'method': 'differential_evolution_v2', 'accepted_search': True, 'solver_message': 'Optimization terminated successfully.'}, {'theta': array([-7.11613039e+03,  9.97453601e-01]), 'n_active': 2, 'beta1_train': -1688.2245196116792, 'beta0_train': -3490.81618585257, 'beta1_val': -2408.216698763552, 'beta0_val': -3711.6, 'selected_score': -3490.81618585257, 'evaluations': 55, 'seconds': 0.03922729998885188, 'method': 'differential_evolution_v2', 'accepted_search': True, 'solver_message': 'Optimization terminated successfully.'}, {'theta': array([-1.58902301e+03,  1.30680146e+00, -4.57680012e+03, -1.15342260e+00]), 'n_active': 4, 'beta1_train': -1176.512929089242, 'beta0_train': -1390.6293217096984, 'beta1_val': -1091.705468987047, 'beta0_val': -1403.850760621545, 'selected_score': -1390.6293217096984, 'evaluations': 185, 'seconds': 0.1304290999978548, 'method': 'differential_evolution_v2', 'accepted_search': True, 'solver_message': 'Maximum number of iterations has been exceeded.'}]",42,[],1811.4852118518497,4119.935774580422,0.19781279997550882,0.30636930000036955
"[{'theta': array([-7243.51613143]), 'n_active': 1, 'beta1_train': -3279.8413879105087, 'beta0_train': -3845.0574800088643, 'beta1_val': -2602.159759994581, 'beta0_val': -3713.5256516069144, 'selected_score': -3845.0574800088643, 'evaluations': 15, 'seconds': 0.023504199998569675, 'method': 'differential_evolution_v2', 'accepted_search': True, 'solver_message': 'Optimization terminated successfully.'}, {'theta': array([-4.12483670e+03,  7.98131185e-01]), 'n_active': 2, 'beta1_train': 1364.9941168761634, 'beta0_train': -1266.6308441121723, 'beta1_val': 1297.1308804541195, 'beta0_val': -852.8918300856735, 'selected_score': -1266.6308441121723, 'evaluations': 35, 'seconds': 0.02957080000487622, 'method': 'differential_evolution_v2', 'accepted_search': True, 'solver_message': 'Optimization terminated successfully.'}, {'theta': array([-3.53918127e+03, -1.08842095e+00, -7.40543113e+03,  9.28202939e-01]), 'n_active': 4, 'beta1_train': -428.2071352813897, 'beta0_train': -666.1650841379977, 'beta1_val': -463.03029049270646, 'beta0_val': -691.1724206521218, 'selected_score': -666.1650841379977, 'evaluations': 105, 'seconds': 0.08345520000148099, 'method': 'differential_evolution_v2', 'accepted_search': True, 'solver_message': 'Optimization terminated successfully.'}]",42,[],4119.935774580422,1810.9876289822273,0.13653020000492688,0.24844080000184476
"[{'theta': array([-2285.07545082]), 'n_active': 1, 'beta1_train': -4013.940254353569, 'beta0_train': -4054.2774185335743, 'beta1_val': -4057.2, 'beta0_val': -4057.2, 'selected_score': -4054.2774185335743, 'evaluations': 20, 'seconds': 0.027825500001199543, 'method': 'differential_evolution_v2', 'accepted_search': True, 'solver_message': 'Optimization terminated successfully.'}, {'theta': array([-1.05810987e+03,  8.65151404e-01]), 'n_active': 2, 'beta1_train': 1508.659637880335, 'beta0_train': -1840.180918282857, 'beta1_val': 1339.8767156466251, 'beta0_val': -2092.149946167927, 'selected_score': -1844.3307436815023, 'evaluations': 95, 'seconds': 0.05899160000262782, 'method': 'differential_evolution_v2', 'accepted_search': True, 'solver_message': 'Maximum number of iterations has been exceeded.'}, {'theta': array([-7.45447587e+03,  1.05763731e+00, -3.97686277e+03, -2.76384417e-01]), 'n_active': 4, 'beta1_train': -680.1903393726201, 'beta0_train': -725.957158278683, 'beta1_val': -698.2513714101852, 'beta0_val': -698.2513714101852, 'selected_score': -725.957158278683, 'evaluations': 125, 'seconds': 0.09403579999343492, 'method': 'differential_evolution_v2', 'accepted_search': True, 'solver_message': 'Optimization terminated successfully.'}]",42,[],1810.9876289822273,1833.9935024074089,0.18085289999726228,0.2969249000016134
"[{'theta': array([-2035.1403274]), 'n_active': 1, 'beta1_train': -4342.379708469066, 'beta0_train': -4369.650077827962, 'beta1_val': -4325.6668488635, 'beta0_val': -4372.799999999999, 'selected_score': -4369.650077827962, 'evaluations': 20, 'seconds': 0.027217800001380965, 'method': 'differential_evolution_v2', 'accepted_search': True, 'solver_message': 'Optimization terminated successfully.'}, {'theta': array([-1.73032184e+03,  8.31295207e-01]), 'n_active': 2, 'beta1_train': 1062.5948374316204, 'beta0_train': -2361.284114658663, 'beta1_val': 2067.866240225778, 'beta0_val': -1100.257016819106, 'selected_score': -2361.284114658663, 'evaluations': 95, 'seconds': 0.0574890999996569, 'method': 'differential_evolution_v2', 'accepted_search': True, 'solver_message': 'Maximum number of iterations has been exceeded.'}, {'theta': array([-1.37713362e+03, -1.36455733e+00, -3.45319274e+03, -9.02051429e-01]), 'n_active': 4, 'beta1_train': -778.453568214738, 'beta0_train': -789.6346008765368, 'beta1_val': -737.8888089403293, 'beta0_val': -737.8888089403293, 'selected_score': -789.6346008765368, 'evaluations': 185, 'seconds': 0.13381910001044162, 'method': 'differential_evolution_v2', 'accepted_search': True, 'solver_message': 'Maximum number of iterations has been exceeded.'}]",42,[],1833.9935024074089,2169.1571899332926,0.21852600001147948,0.3336782999977004
"[{'theta': array([-2431.96796966]), 'n_active': 1, 'beta1_train': -4044.6786768517986, 'beta0_train': -4147.094760874914, 'beta1_val': -4103.97818, 'beta0_val': -4154.4, 'selected_score': -4147.094760874914, 'evaluations': 20, 'seconds': 0.026573900002404116, 'method': 'differential_evolution_v2', 'accepted_search': True, 'solver_message': 'Optimization terminated successfully.'}, {'theta': array([-891.61981853,   -1.03793046]), 'n_active': 2, 'beta1_train': 1203.9937422775547, 'beta0_train': -571.9317868637834, 'beta1_val': 1556.7022679389265, 'beta0_val': 1176.2824367649678, 'selected_score': -583.8503269348355, 'evaluations': 95, 'seconds': 0.05945339999743737, 'method': 'differential_evolution_v2', 'accepted_search': True, 'solver_message': 'Maximum number of iterations has been exceeded.'}, {'theta': array([-6.72377359e+03, -1.78558351e+00, -7.82652910e+02,  4.60469761e-01]), 'n_active': 4, 'beta1_train': -748.2611328531722, 'beta0_train': -976.8893177099467, 'beta1_val': -399.4942128989918, 'beta0_val': -1038.8880589375597, 'selected_score': -976.8893177099467, 'evaluations': 185, 'seconds': 0.1293774000077974, 'method': 'differential_evolution_v2', 'accepted_search': True, 'solver_message': 'Maximum number of iterations has been exceeded.'}]",42,[],2169.1571899332926,2288.046402464608,0.2154047000076389,0.32591519999550655
"[{'theta': array([-3929.19327286]), 'n_active': 1, 'beta1_train': -1667.336376219694, 'beta0_train': -1819.0727463743522, 'beta1_val': -1591.276296266606, 'beta0_val': -1792.8039394771004, 'selected_score': -1819.0727463743522, 'evaluations': 30, 'seconds': 0.03638929998851381, 'method': 'differential_evolution_v2', 'accepted_search': True, 'solver_message': 'Optimization terminated successfully.'}, {'theta': array([-7.95495542e+03, -7.89634380e-01]), 'n_active': 2, 'beta1_train': 2283.3483557758127, 'beta0_train': -1121.1483083488752, 'beta1_val': 2457.665693422482, 'beta0_val': -1093.303449213509, 'selected_score': -1121.1483083488752, 'evaluations': 45, 'seconds': 0.03522029999294318, 'method': 'differential_evolution_v2', 'accepted_search': True, 'solver_message': 'Optimization terminated successfully.'}, {'theta': array([-4.10378613e+03, -7.44448141e-01, -8.40908370e+02, -1.50192661e-01]), 'n_active': 4, 'beta1_train': -300.7842064456311, 'beta0_train': -333.6689625257842, 'beta1_val': -293.2322389266331, 'beta0_val': -293.2322389266331, 'selected_score': -333.6689625257842, 'evaluations': 125, 'seconds': 0.1084602999908384, 'method': 'differential_evolution_v2', 'accepted_search': True, 'solver_message': 'Optimization terminated successfully.'}]",42,[],2288.046402464608,1612.8816688888883,0.1800698999722954,0.29869789999793284
"[{'theta': array([-7939.45897768]), 'n_active': 1, 'beta1_train': -1298.9894978158352, 'beta0_train': -1301.7098021854795, 'beta1_val': -1240.087994104932, 'beta0_val': -1240.087994104932, 'selected_score': -1301.7098021854795, 'evaluations': 25, 'seconds': 0.03332680001039989, 'method': 'differential_evolution_v2', 'accepted_search': True, 'solver_message': 'Optimization terminated successfully.'}, {'theta': array([-1.83933731e+03, -6.91898024e-01]), 'n_active': 2, 'beta1_train': -967.096629005868, 'beta0_train': -2519.9999999999995, 'beta1_val': -499.8891163073631, 'beta0_val': -2519.9999999999995, 'selected_score': -2519.9999999999995, 'evaluations': 55, 'seconds': 0.03906979999737814, 'method': 'differential_evolution_v2', 'accepted_search': True, 'solver_message': 'Optimization terminated successfully.'}, {'theta': array([-1.62879018e+03, -1.69366330e-01, -7.88662577e+03,  7.03753628e-01]), 'n_active': 4, 'beta1_train': -420.5814077652561, 'beta0_train': -574.090517435852, 'beta1_val': -438.5483902063827, 'beta0_val': -493.5290486172841, 'selected_score': -574.090517435852, 'evaluations': 105, 'seconds': 0.0840706000017235, 'method': 'differential_evolution_v2', 'accepted_search': True, 'solver_message': 'Optimization terminated successfully.'}]",42,[],1612.8816688888883,2508.4753904689487,0.15646720000950154,0.27269820000219624
"[{'theta': array([-9275.04748511]), 'n_active': 1, 'beta1_train': -1821.4843664664825, 'beta0_train': -2107.224078399678, 'beta1_val': -1758.899298305143, 'beta0_val': -1940.8829778505828, 'selected_score': -2107.224078399678, 'evaluations': 20, 'seconds': 0.02803890001086984, 'method': 'differential_evolution_v2', 'accepted_search': True, 'solver_message': 'Optimization terminated successfully.'}, {'theta': array([-2.49528231e+03, -4.32975799e-01]), 'n_active': 2, 'beta1_train': -1826.3942982963074, 'beta0_train': -3248.596712091518, 'beta1_val': -602.9631900970912, 'beta0_val': -2254.657749619917, 'selected_score': -3248.596712091518, 'evaluations': 95, 'seconds': 0.06016769999405369, 'method': 'differential_evolution_v2', 'accepted_search': True, 'solver_message': 'Maximum number of iterations has been exceeded.'}, {'theta': array([-2.81228774e+03,  5.43890940e-01, -3.65272441e+03, -2.80089916e-01]), 'n_active': 4, 'beta1_train': -3941.8067211582143, 'beta0_train': -4034.485336840823, 'beta1_val': -4005.9187647676463, 'beta0_val': -4089.0946626772375, 'selected_score': -4034.485336840823, 'evaluations': 165, 'seconds': 0.11650979999103583, 'method': 'differential_evolution_v2', 'accepted_search': True, 'solver_message': 'Optimization terminated successfully.'}]",42,[],2508.4753904689487,9572.336512962962,0.20471639999595936,0.32261420000577345
"[{'theta': array([-7856.98411703]), 'n_active': 1, 'beta1_train': -4411.375989522964, 'beta0_train': -4428.81398801064, 'beta1_val': -4372.873350308333, 'beta0_val': -4429.2, 'selected_score': -4428.81398801064, 'evaluations': 20, 'seconds': 0.02753949999168981, 'method': 'differential_evolution_v2', 'accepted_search': True, 'solver_message': 'Optimization terminated successfully.'}, {'theta': array([-3.15614102e+03,  1.16326703e-01]), 'n_active': 2, 'beta1_train': 477.9738767713812, 'beta0_train': -2735.321862794707, 'beta1_val': 281.5126140161642, 'beta0_val': -2986.361684600338, 'selected_score': -2735.321862794707, 'evaluations': 45, 'seconds': 0.03394069999922067, 'method': 'differential_evolution_v2', 'accepted_search': True, 'solver_message': 'Optimization terminated successfully.'}, {'theta': array([-7.79707478e+03, -1.77580440e+00, -5.36812162e+03, -3.47658568e-01]), 'n_active': 4, 'beta1_train': -1234.1311615936277, 'beta0_train': -1391.468125936039, 'beta1_val': -1135.9968889748789, 'beta0_val': -1166.326764426822, 'selected_score': -1391.468125936039, 'evaluations': 185, 'seconds': 0.1358230000041658, 'method': 'differential_evolution_v2', 'accepted_search': True, 'solver_message': 'Maximum number of iterations has been exceeded.'}]",42,[],9572.336512962962,3507.9728458206946,0.19730319999507628,0.3104812000092352
"[{'theta': array([-4042.67655581]), 'n_active': 1, 'beta1_train': -4580.372616433051, 'beta0_train': -4586.39445669979, 'beta1_val': -4567.472936666666, 'beta0_val': -4583.6994345679, 'selected_score': -4586.39445669979, 'evaluations': 20, 'seconds': 0.028690300008747727, 'method': 'differential_evolution_v2', 'accepted_search': True, 'solver_message': 'Optimization terminated successfully.'}, {'theta': array([-8.01425375e+03, -5.17448658e-01]), 'n_active': 2, 'beta1_train': 349.37153487593315, 'beta0_train': -3198.5996765362393, 'beta1_val': 1045.6007160324489, 'beta0_val': -3126.439134872754, 'selected_score': -3198.5996765362393, 'evaluations': 55, 'seconds': 0.04079929999716114, 'method': 'differential_evolution_v2', 'accepted_search': True, 'solver_message': 'Optimization terminated successfully.'}, {'theta': array([-4.58366800e+03,  1.42671202e+00, -3.70401084e+03,  1.14463760e-01]), 'n_active': 4, 'beta1_train': -936.6429564061148, 'beta0_train': -1122.7836158885439, 'beta1_val': -1193.024142489754, 'beta0_val': -1193.024142489754, 'selected_score': -1122.7836158885439, 'evaluations': 85, 'seconds': 0.07141150000097696, 'method': 'differential_evolution_v2', 'accepted_search': True, 'solver_message': 'Optimization terminated successfully.'}]",42,[],3507.9728458206946,2951.884191111115,0.14090110000688583,0.25467809999827296
"[{'theta': array([-6747.15082636]), 'n_active': 1, 'beta1_train': -3252.8349105581674, 'beta0_train': -4129.827473609104, 'beta1_val': -3490.4928394725844, 'beta0_val': -4199.23191441358, 'selected_score': -4129.827473609104, 'evaluations': 20, 'seconds': 0.02729919999546837, 'method': 'differential_evolution_v2', 'accepted_search': True, 'solver_message': 'Optimization terminated successfully.'}, {'theta': array([-7.71398229e+03, -1.38566787e+00]), 'n_active': 2, 'beta1_train': 878.1459529680088, 'beta0_train': -2491.365806551333, 'beta1_val': 1561.8293376074885, 'beta0_val': -879.9486555781168, 'selected_score': -2491.365806551333, 'evaluations': 35, 'seconds': 0.03015340000274591, 'method': 'differential_evolution_v2', 'accepted_search': True, 'solver_message': 'Optimization terminated successfully.'}, {'theta': array([-2.26056237e+03, -1.00865948e+00, -3.46128450e+03, -5.32153845e-01]), 'n_active': 4, 'beta1_train': -391.0871905364588, 'beta0_train': -709.1977487168125, 'beta1_val': -603.7908773974482, 'beta0_val': -833.488002047325, 'selected_score': -709.1977487168125, 'evaluations': 185, 'seconds': 0.160266099992441, 'method': 'differential_evolution_v2', 'accepted_search': True, 'solver_message': 'Maximum number of iterations has been exceeded.'}]",42,[],2951.884191111115,1730.0968912962976,0.2177186999906553,0.32840610000130255
"[{'theta': array([-4175.84997303]), 'n_active': 1, 'beta1_train': -4292.162855475554, 'beta0_train': -4322.904650997436, 'beta1_val': -4324.8, 'beta0_val': -4324.8, 'selected_score': -4322.904650997436, 'evaluations': 30, 'seconds': 0.038504800002556294, 'method': 'differential_evolution_v2', 'accepted_search': True, 'solver_message': 'Optimization terminated successfully.'}, {'theta': array([-3.49662630e+03, -4.50098013e-01]), 'n_active': 2, 'beta1_train': 714.0662662872187, 'beta0_train': -2613.8741153196947, 'beta1_val': 575.4843140476005, 'beta0_val': -2893.676801911913, 'selected_score': -2613.8741153196947, 'evaluations': 95, 'seconds': 0.061596400002599694, 'method': 'differential_evolution_v2', 'accepted_search': True, 'solver_message': 'Maximum number of iterations has been exceeded.'}, {'theta': array([-8.90792879e+03,  1.36855363e+00, -5.61731679e+03, -1.56923300e+00]), 'n_active': 4, 'beta1_train': -1035.9680961872068, 'beta0_train': -1066.2611109224936, 'beta1_val': -1036.7341639803299, 'beta0_val': -1036.7341639803299, 'selected_score': -1066.2611109224936, 'evaluations': 185, 'seconds': 0.13218320001033135, 'method': 'differential_evolution_v2', 'accepted_search': True, 'solver_message': 'Maximum number of iterations has been exceeded.'}]",42,[],1730.0968912962976,3047.757158518518,0.23228440001548734,0.34626310000021476
"[{'theta': array([-7309.37805256]), 'n_active': 1, 'beta1_train': -1890.8137476633133, 'beta0_train': -1921.4012305618521, 'beta1_val': -1922.4000000000003, 'beta0_val': -1922.4000000000003, 'selected_score': -1921.4012305618521, 'evaluations': 20, 'seconds': 0.027616600011242554, 'method': 'differential_evolution_v2', 'accepted_search': True, 'solver_message': 'Optimization terminated successfully.'}, {'theta': array([-3.43198409e+03,  1.21012178e+00]), 'n_active': 2, 'beta1_train': 2771.7335602749167, 'beta0_train': -1063.3178047886568, 'beta1_val': 3220.1573006403883, 'beta0_val': -958.7446497995304, 'selected_score': -1063.3178047886568, 'evaluations': 95, 'seconds': 0.0590822000085609, 'method': 'differential_evolution_v2', 'accepted_search': True, 'solver_message': 'Maximum number of iterations has been exceeded.'}, {'theta': array([-1.75297975e+03, -1.81677479e+00, -6.79025643e+02, -7.77446051e-01]), 'n_active': 4, 'beta1_train': -73.47253895397114, 'beta0_train': -302.7308133475083, 'beta1_val': -393.7829631260271, 'beta0_val': -393.7829631260271, 'selected_score': -302.7308133475083, 'evaluations': 185, 'seconds': 0.13541259999328759, 'method': 'differential_evolution_v2', 'accepted_search': True, 'solver_message': 'Maximum number of iterations has been exceeded.'}]",42,[],3047.757158518518,2037.822051120004,0.22211140001309104,0.33745469999848865
"[{'theta': array([-6540.66731686]), 'n_active': 1, 'beta1_train': -1434.8032745685798, 'beta0_train': -1437.789741839688, 'beta1_val': -1348.4302189471086, 'beta0_val': -1348.4302189471086, 'selected_score': -1437.789741839688, 'evaluations': 20, 'seconds': 0.025845700001809746, 'method': 'differential_evolution_v2', 'accepted_search': True, 'solver_message': 'Optimization terminated successfully.'}, {'theta': array([-8.60927029e+02, -7.16432793e-01]), 'n_active': 2, 'beta1_train': -1491.9497288836105, 'beta0_train': -3238.7999999999997, 'beta1_val': -1760.2491130504277, 'beta0_val': -3238.7999999999997, 'selected_score': -3238.7999999999997, 'evaluations': 45, 'seconds': 0.03605799999786541, 'method': 'differential_evolution_v2', 'accepted_search': True, 'solver_message': 'Optimization terminated successfully.'}, {'theta': array([-1.77572719e+03,  1.67615404e+00, -1.37678820e+03, -3.72656119e-01]), 'n_active': 4, 'beta1_train': -437.9423516518979, 'beta0_train': -673.7110273419593, 'beta1_val': -775.8200413606278, 'beta0_val': -775.8200413606278, 'selected_score': -673.7110273419593, 'evaluations': 185, 'seconds': 0.14078060000611003, 'method': 'differential_evolution_v2', 'accepted_search': True, 'solver_message': 'Maximum number of iterations has been exceeded.'}]",42,[],2037.822051120004,2022.5068276414986,0.2026843000057852,0.31413149999571033
"[{'theta': array([-2160.52127539]), 'n_active': 1, 'beta1_train': -1611.4228520311835, 'beta0_train': -1908.3298456223292, 'beta1_val': -1155.6296681557803, 'beta0_val': -1786.4085266600594, 'selected_score': -1908.3298456223292, 'evaluations': 15, 'seconds': 0.024027399995247833, 'method': 'differential_evolution_v2', 'accepted_search': True, 'solver_message': 'Optimization terminated successfully.'}, {'theta': array([-7.38760039e+03,  8.10624563e-01]), 'n_active': 2, 'beta1_train': -2654.8059258536005, 'beta0_train': -4306.151659341165, 'beta1_val': -2773.722548136737, 'beta0_val': -4317.6, 'selected_score': -4306.151659341165, 'evaluations': 35, 'seconds': 0.031908400007523596, 'method': 'differential_evolution_v2', 'accepted_search': True, 'solver_message': 'Optimization terminated successfully.'}, {'theta': array([-5.28271683e+03,  1.12919235e+00, -6.56734642e+03, -4.11782863e-01]), 'n_active': 4, 'beta1_train': -4089.355545886657, 'beta0_train': -4214.40427491134, 'beta1_val': -4136.685014445228, 'beta0_val': -4136.685014445228, 'selected_score': -4214.40427491134, 'evaluations': 185, 'seconds': 0.13303339999401942, 'method': 'differential_evolution_v2', 'accepted_search': True, 'solver_message': 'Maximum number of iterations has been exceeded.'}]",42,[],2022.5068276414986,10800.0,0.18896919999679085,0.3046543000091333
"[{'theta': array([-5206.69223977]), 'n_active': 1, 'beta1_train': -3730.355364357645, 'beta0_train': -4389.556109895719, 'beta1_val': -4248.853283156668, 'beta0_val': -4404.0, 'selected_score': -4389.556109895719, 'evaluations': 20, 'seconds': 0.028642899997066706, 'method': 'differential_evolution_v2', 'accepted_search': True, 'solver_message': 'Optimization terminated successfully.'}, {'theta': array([-1180.86514778,    -1.63749863]), 'n_active': 2, 'beta1_train': 1071.9009522184479, 'beta0_train': -2764.832278388765, 'beta1_val': 728.4488369272308, 'beta0_val': -2803.7280629412644, 'selected_score': -2765.6764931852254, 'evaluations': 95, 'seconds': 0.07028300000820309, 'method': 'differential_evolution_v2', 'accepted_search': True, 'solver_message': 'Maximum number of iterations has been exceeded.'}, {'theta': array([-8.30095489e+03, -1.57034630e+00, -4.69224063e+03, -2.30311481e-01]), 'n_active': 4, 'beta1_train': -294.9692192249551, 'beta0_train': -704.3011960305399, 'beta1_val': -924.6491644552372, 'beta0_val': -924.6491644552372, 'selected_score': -704.3011960305399, 'evaluations': 185, 'seconds': 0.13426069999695756, 'method': 'differential_evolution_v2', 'accepted_search': True, 'solver_message': 'Maximum number of iterations has been exceeded.'}]",42,[],10800.0,1673.3130689204268,0.23318660000222735,0.3491154000075767
"[{'theta': array([-6771.46717944]), 'n_active': 1, 'beta1_train': -4434.595084980473, 'beta0_train': -4447.672608687143, 'beta1_val': -4448.4, 'beta0_val': -4448.4, 'selected_score': -4447.672608687143, 'evaluations': 20, 'seconds': 0.02975069999229163, 'method': 'differential_evolution_v2', 'accepted_search': True, 'solver_message': 'Optimization terminated successfully.'}, {'theta': array([-4.64072111e+03, -1.06787897e+00]), 'n_active': 2, 'beta1_train': 502.4289166122199, 'beta0_train': -3017.70540007455, 'beta1_val': 303.4071807493933, 'beta0_val': -3330.1996113963673, 'selected_score': -3017.70540007455, 'evaluations': 95, 'seconds': 0.06552459999511484, 'method': 'differential_evolution_v2', 'accepted_search': True, 'solver_message': 'Maximum number of iterations has been exceeded.'}, {'theta': array([-2.31272067e+03, -1.90731595e+00, -7.01641185e+03, -1.28718535e+00]), 'n_active': 4, 'beta1_train': -614.5215001831522, 'beta0_train': -1044.7823188302814, 'beta1_val': -1031.9642933890177, 'beta0_val': -1031.9642933890177, 'selected_score': -1044.7823188302814, 'evaluations': 185, 'seconds': 0.13110080000478774, 'method': 'differential_evolution_v2', 'accepted_search': True, 'solver_message': 'Maximum number of iterations has been exceeded.'}]",42,[],1673.3130689204268,2593.81027002101,0.2263760999921942,0.3449626000074204
"[{'theta': array([-8480.80891443]), 'n_active': 1, 'beta1_train': -4057.160635895025, 'beta0_train': -4079.949655445148, 'beta1_val': -4081.2, 'beta0_val': -4081.2, 'selected_score': -4079.949655445148, 'evaluations': 15, 'seconds': 0.02252539999608416, 'method': 'differential_evolution_v2', 'accepted_search': True, 'solver_message': 'Optimization terminated successfully.'}, {'theta': array([-1.96617430e+03,  1.57079445e-01]), 'n_active': 2, 'beta1_train': 1339.1941946173795, 'beta0_train': -1300.8396011830114, 'beta1_val': 1639.8187499459327, 'beta0_val': -991.6069410758796, 'selected_score': -1300.8396011830114, 'evaluations': 45, 'seconds': 0.0383257999928901, 'method': 'differential_evolution_v2', 'accepted_search': True, 'solver_message': 'Optimization terminated successfully.'}, {'theta': array([-7.84580098e+03, -1.21927971e+00, -6.57369536e+03,  9.89629584e-01]), 'n_active': 4, 'beta1_train': -200.54993523837805, 'beta0_train': -674.2146273347334, 'beta1_val': -596.2821583694922, 'beta0_val': -679.2349907577426, 'selected_score': -674.2146273347334, 'evaluations': 125, 'seconds': 0.09472370000730734, 'method': 'differential_evolution_v2', 'accepted_search': True, 'solver_message': 'Optimization terminated successfully.'}]",42,[],2593.81027002101,1544.310425346351,0.1555748999962816,0.26427360001252964
"[{'theta': array([-7249.53382989]), 'n_active': 1, 'beta1_train': -4157.592385872556, 'beta0_train': -4179.519141302819, 'beta1_val': -4175.115525411164, 'beta0_val': -4180.799999999999, 'selected_score': -4179.519141302819, 'evaluations': 20, 'seconds': 0.027464700004202314, 'method': 'differential_evolution_v2', 'accepted_search': True, 'solver_message': 'Optimization terminated successfully.'}, {'theta': array([-1154.19588998,     1.63814616]), 'n_active': 2, 'beta1_train': 1367.6323447207246, 'beta0_train': -2306.1699228751336, 'beta1_val': 1659.3477745185096, 'beta0_val': -2135.6259222134895, 'selected_score': -2306.5136367726236, 'evaluations': 95, 'seconds': 0.059292300007655285, 'method': 'differential_evolution_v2', 'accepted_search': True, 'solver_message': 'Maximum number of iterations has been exceeded.'}, {'theta': array([-3.24427949e+03,  1.67713706e+00, -1.85756406e+03,  8.66161994e-01]), 'n_active': 4, 'beta1_train': -526.8726660164134, 'beta0_train': -956.3095981015766, 'beta1_val': -585.7609300964425, 'beta0_val': -855.539464779626, 'selected_score': -956.3095981015766, 'evaluations': 185, 'seconds': 0.12867790000746027, 'method': 'differential_evolution_v2', 'accepted_search': True, 'solver_message': 'Maximum number of iterations has been exceeded.'}]",42,[],1544.310425346351,2343.469642591062,0.21543490001931787,0.3247702999942703
"[{'theta': array([-6182.39290617]), 'n_active': 1, 'beta1_train': -1473.1803844325668, 'beta0_train': -1599.846877091363, 'beta1_val': -1493.955233853941, 'beta0_val': -1590.7449084141315, 'selected_score': -1599.846877091363, 'evaluations': 20, 'seconds': 0.027228499995544553, 'method': 'differential_evolution_v2', 'accepted_search': True, 'solver_message': 'Optimization terminated successfully.'}, {'theta': array([-6.25447779e+03, -1.34576413e+00]), 'n_active': 2, 'beta1_train': 2662.598392643782, 'beta0_train': -1164.5759114710645, 'beta1_val': 2124.3576108258285, 'beta0_val': -1189.4455035334936, 'selected_score': -1164.5759114710645, 'evaluations': 95, 'seconds': 0.07094789999246132, 'method': 'differential_evolution_v2', 'accepted_search': True, 'solver_message': 'Maximum number of iterations has been exceeded.'}, {'theta': array([-3.95660442e+03, -8.12716491e-01, -3.93676038e+03, -1.30724824e+00]), 'n_active': 4, 'beta1_train': 247.49204535308934, 'beta0_train': -265.225755745642, 'beta1_val': -253.84197454539944, 'beta0_val': -253.84197454539944, 'selected_score': -265.225755745642, 'evaluations': 185, 'seconds': 0.12754030000360217, 'method': 'differential_evolution_v2', 'accepted_search': True, 'solver_message': 'Maximum number of iterations has been exceeded.'}]",42,[],2343.469642591062,1759.1863242042016,0.22571669999160804,0.3394026999885682
"[{'theta': array([-2754.00530128]), 'n_active': 1, 'beta1_train': -962.9623884186516, 'beta0_train': -966.1939375154989, 'beta1_val': -924.4323396719775, 'beta0_val': -924.4323396719775, 'selected_score': -966.1939375154989, 'evaluations': 20, 'seconds': 0.02655919999233447, 'method': 'differential_evolution_v2', 'accepted_search': True, 'solver_message': 'Optimization terminated successfully.'}, {'theta': array([-6.38353224e+03, -1.68946905e+00]), 'n_active': 2, 'beta1_train': -221.2354967730469, 'beta0_train': -1855.1999999999998, 'beta1_val': -510.7547710482406, 'beta0_val': -1855.1999999999998, 'selected_score': -1855.1999999999998, 'evaluations': 95, 'seconds': 0.06069949999800883, 'method': 'differential_evolution_v2', 'accepted_search': True, 'solver_message': 'Maximum number of iterations has been exceeded.'}, {'theta': array([-6.08085111e+03, -1.11753458e+00, -7.54739147e+03,  4.26681200e-01]), 'n_active': 4, 'beta1_train': -112.67415209739643, 'beta0_train': -311.1302165884706, 'beta1_val': -234.58865927448153, 'beta0_val': -312.5264075904435, 'selected_score': -311.1302165884706, 'evaluations': 185, 'seconds': 0.1359260000026552, 'method': 'differential_evolution_v2', 'accepted_search': True, 'solver_message': 'Maximum number of iterations has been exceeded.'}]",42,[],1759.1863242042016,1980.5423415774583,0.2231846999929985,0.3358950999972876
"[{'theta': array([-2881.01841746]), 'n_active': 1, 'beta1_train': -1818.8519237914802, 'beta0_train': -1822.5774552368518, 'beta1_val': -1773.4114119746582, 'beta0_val': -1773.4114119746582, 'selected_score': -1822.5774552368518, 'evaluations': 20, 'seconds': 0.026915299997199327, 'method': 'differential_evolution_v2', 'accepted_search': True, 'solver_message': 'Optimization terminated successfully.'}, {'theta': array([-1.06727689e+03,  9.65667453e-01]), 'n_active': 2, 'beta1_train': -2546.8316887366104, 'beta0_train': -4084.7999999999997, 'beta1_val': -2650.9930877352094, 'beta0_val': -4084.7999999999997, 'selected_score': -4084.7999999999997, 'evaluations': 95, 'seconds': 0.05996289999166038, 'method': 'differential_evolution_v2', 'accepted_search': True, 'solver_message': 'Maximum number of iterations has been exceeded.'}, {'theta': array([-8.49741062e+03, -3.09668316e-01, -2.32345238e+03, -9.04647932e-02]), 'n_active': 4, 'beta1_train': -2128.0165817723105, 'beta0_train': -2358.6309886027575, 'beta1_val': -2448.189756635218, 'beta0_val': -2448.189756635218, 'selected_score': -2358.6309886027575, 'evaluations': 185, 'seconds': 0.13071990000025835, 'method': 'differential_evolution_v2', 'accepted_search': True, 'solver_message': 'Maximum number of iterations has been exceeded.'}]",42,[],1980.5423415774583,6097.340824825409,0.21759809998911805,0.3301804000075208
"[{'theta': array([-875.13515984]), 'n_active': 1, 'beta1_train': -3988.3458631577782, 'beta0_train': -4001.973631754291, 'beta1_val': -4003.2, 'beta0_val': -4003.2, 'selected_score': -4001.973631754291, 'evaluations': 20, 'seconds': 0.027022399997804314, 'method': 'differential_evolution_v2', 'accepted_search': True, 'solver_message': 'Optimization terminated successfully.'}, {'theta': array([-2.93102291e+03, -2.73651482e-01]), 'n_active': 2, 'beta1_train': 1194.6265812536938, 'beta0_train': -2546.558018807857, 'beta1_val': 692.4081259796649, 'beta0_val': -2614.501390635728, 'selected_score': -2546.558018807857, 'evaluations': 35, 'seconds': 0.03183790000912268, 'method': 'differential_evolution_v2', 'accepted_search': True, 'solver_message': 'Optimization terminated successfully.'}, {'theta': array([-3.06448338e+03, -1.07218966e+00, -6.09387550e+03,  3.61769046e-01]), 'n_active': 4, 'beta1_train': -307.0256044678484, 'beta0_train': -679.8373421858529, 'beta1_val': -417.2325997044605, 'beta0_val': -643.9384938097865, 'selected_score': -679.8373421858529, 'evaluations': 185, 'seconds': 0.13110159999632742, 'method': 'differential_evolution_v2', 'accepted_search': True, 'solver_message': 'Maximum number of iterations has been exceeded.'}]",42,[],6097.340824825409,1956.8253100630823,0.1899619000032544,0.3051988000079291
"[{'theta': array([-6524.28353627]), 'n_active': 1, 'beta1_train': -4080.968576081276, 'beta0_train': -4095.16361591902, 'beta1_val': -4104.7914657448555, 'beta0_val': -4104.7914657448555, 'selected_score': -4095.16361591902, 'evaluations': 50, 'seconds': 0.054931399994529784, 'method': 'differential_evolution_v2', 'accepted_search': True, 'solver_message': 'Maximum number of iterations has been exceeded.'}, {'theta': array([-1.76863311e+03,  6.36794603e-01]), 'n_active': 2, 'beta1_train': 577.9002154940968, 'beta0_train': -3062.8788937924446, 'beta1_val': 429.92564642969137, 'beta0_val': -2718.292331348641, 'selected_score': -3062.8788937924446, 'evaluations': 55, 'seconds': 0.039681199996266514, 'method': 'differential_evolution_v2', 'accepted_search': True, 'solver_message': 'Optimization terminated successfully.'}, {'theta': array([-6.67470652e+03, -5.94005496e-01, -2.79934552e+03,  1.10648012e+00]), 'n_active': 4, 'beta1_train': -810.5728107137712, 'beta0_train': -1041.560791842251, 'beta1_val': 1405.6012163474657, 'beta0_val': -1015.7316368182135, 'selected_score': -1041.560791842251, 'evaluations': 185, 'seconds': 0.13208729999314528, 'method': 'differential_evolution_v2', 'accepted_search': True, 'solver_message': 'Maximum number of iterations has been exceeded.'}]",42,[],1956.8253100630823,2705.600834834791,0.22669989998394158,0.3417907999973977
"[{'theta': array([-5865.20902547]), 'n_active': 1, 'beta1_train': -4223.203597401932, 'beta0_train': -4330.073808550949, 'beta1_val': -4240.900791316808, 'beta0_val': -4275.048150113104, 'selected_score': -4330.073808550949, 'evaluations': 30, 'seconds': 0.04399439999542665, 'method': 'differential_evolution_v2', 'accepted_search': True, 'solver_message': 'Optimization terminated successfully.'}, {'theta': array([-7.13504141e+03, -1.37663325e+00]), 'n_active': 2, 'beta1_train': 606.1506587305595, 'beta0_train': -2701.3922256648048, 'beta1_val': -129.2553084471997, 'beta0_val': -2809.046508130603, 'selected_score': -2701.3922256648048, 'evaluations': 45, 'seconds': 0.034241500005009584, 'method': 'differential_evolution_v2', 'accepted_search': True, 'solver_message': 'Optimization terminated successfully.'}, {'theta': array([-1.65762470e+03, -4.29819890e-01, -7.65931888e+03, -9.52369688e-01]), 'n_active': 4, 'beta1_train': -409.7228154882158, 'beta0_train': -754.1092675554991, 'beta1_val': 630.1795089472023, 'beta0_val': -781.7861529140182, 'selected_score': -754.1092675554991, 'evaluations': 105, 'seconds': 0.0853923999966355, 'method': 'differential_evolution_v2', 'accepted_search': True, 'solver_message': 'Optimization terminated successfully.'}]",42,[],2705.600834834791,2038.255205547621,0.16362829999707174,0.27750599999853875
"[{'theta': array([-2777.77016617]), 'n_active': 1, 'beta1_train': -4068.364109275193, 'beta0_train': -4084.8246740070767, 'beta1_val': -4086.0000000000005, 'beta0_val': -4086.0000000000005, 'selected_score': -4084.8246740070767, 'evaluations': 25, 'seconds': 0.03254310000920668, 'method': 'differential_evolution_v2', 'accepted_search': True, 'solver_message': 'Optimization terminated successfully.'}, {'theta': array([-5.64855810e+03, -1.28166127e+00]), 'n_active': 2, 'beta1_train': 812.646273580606, 'beta0_train': -2623.592486001449, 'beta1_val': -16.937601796882973, 'beta0_val': -3054.950175153867, 'selected_score': -2623.592486001449, 'evaluations': 45, 'seconds': 0.033646700001554564, 'method': 'differential_evolution_v2', 'accepted_search': True, 'solver_message': 'Optimization terminated successfully.'}, {'theta': array([-9.09049857e+03, -6.33163454e-01, -7.20198645e+03,  1.43101920e+00]), 'n_active': 4, 'beta1_train': -490.3098334189812, 'beta0_train': -703.8331930686214, 'beta1_val': -596.2748645327322, 'beta0_val': -746.626293269296, 'selected_score': -703.8331930686214, 'evaluations': 185, 'seconds': 0.12466449999192264, 'method': 'differential_evolution_v2', 'accepted_search': True, 'solver_message': 'Maximum number of iterations has been exceeded.'}]",42,[],2038.255205547621,1771.2668736454602,0.19085430000268389,0.30048700000043027
"[{'theta': array([-2190.55776628]), 'n_active': 1, 'beta1_train': -1505.4244952948216, 'beta0_train': -1522.4015939918702, 'beta1_val': -1522.8000000000002, 'beta0_val': -1522.8000000000002, 'selected_score': -1522.4015939918702, 'evaluations': 20, 'seconds': 0.027887700009159744, 'method': 'differential_evolution_v2', 'accepted_search': True, 'solver_message': 'Optimization terminated successfully.'}, {'theta': array([-2.10008521e+03, -1.84841893e+00]), 'n_active': 2, 'beta1_train': 2336.4418210059594, 'beta0_train': -946.9400648754697, 'beta1_val': 2356.2442318277544, 'beta0_val': -1061.9211260683471, 'selected_score': -946.9400648754697, 'evaluations': 95, 'seconds': 0.059261200003675185, 'method': 'differential_evolution_v2', 'accepted_search': True, 'solver_message': 'Maximum number of iterations has been exceeded.'}, {'theta': array([-6.35686492e+03,  1.30625491e+00, -7.43644537e+03,  2.47786591e-01]), 'n_active': 4, 'beta1_train': 64.28192425591988, 'beta0_train': -255.67055477187927, 'beta1_val': 259.8274970645575, 'beta0_val': -235.7759601785131, 'selected_score': -255.67055477187927, 'evaluations': 105, 'seconds': 0.08427550000487827, 'method': 'differential_evolution_v2', 'accepted_search': True, 'solver_message': 'Optimization terminated successfully.'}]",42,[],1771.2668736454602,1782.735861227858,0.1714244000177132,0.2807880999898771
"[{'theta': array([-8478.82582068]), 'n_active': 1, 'beta1_train': -455.56389796330836, 'beta0_train': -459.31968325815444, 'beta1_val': -427.1641972823847, 'beta0_val': -427.1641972823847, 'selected_score': -459.31968325815444, 'evaluations': 15, 'seconds': 0.022577600000659004, 'method': 'differential_evolution_v2', 'accepted_search': True, 'solver_message': 'Optimization terminated successfully.'}, {'theta': array([-5.29610704e+03,  1.66895847e+00]), 'n_active': 2, 'beta1_train': 379.6663397318761, 'beta0_train': -1095.6000000000001, 'beta1_val': 235.0104490952117, 'beta0_val': -1095.6000000000001, 'selected_score': -1095.6000000000001, 'evaluations': 45, 'seconds': 0.03256110000074841, 'method': 'differential_evolution_v2', 'accepted_search': True, 'solver_message': 'Optimization terminated successfully.'}, {'theta': array([-5.24141090e+03, -9.81385223e-02, -2.03246958e+03, -1.05164094e+00]), 'n_active': 4, 'beta1_train': 20.043085948560783, 'beta0_train': -186.50252631396262, 'beta1_val': -177.8820184787852, 'beta0_val': -185.86903314029078, 'selected_score': -186.50252631396262, 'evaluations': 185, 'seconds': 0.12617090001003817, 'method': 'differential_evolution_v2', 'accepted_search': True, 'solver_message': 'Maximum number of iterations has been exceeded.'}]",42,[],1782.735861227858,1820.2112952784432,0.18130960001144558,0.2893227000022307
"[{'theta': array([-4050.49345422]), 'n_active': 1, 'beta1_train': -1611.4076768157274, 'beta0_train': -1613.5964662641445, 'beta1_val': -1537.8406551331293, 'beta0_val': -1537.8406551331293, 'selected_score': -1613.5964662641445, 'evaluations': 20, 'seconds': 0.027740999998059124, 'method': 'differential_evolution_v2', 'accepted_search': True, 'solver_message': 'Optimization terminated successfully.'}, {'theta': array([-8.98200650e+03,  8.64934618e-01]), 'n_active': 2, 'beta1_train': -2857.074525821299, 'beta0_train': -4165.200000000001, 'beta1_val': -2782.6187045725155, 'beta0_val': -4165.2, 'selected_score': -4165.200000000001, 'evaluations': 95, 'seconds': 0.0626001000055112, 'method': 'differential_evolution_v2', 'accepted_search': True, 'solver_message': 'Maximum number of iterations has been exceeded.'}, {'theta': array([-4.30783544e+03, -1.87649229e+00, -1.61935084e+03,  1.54832399e+00]), 'n_active': 4, 'beta1_train': -4032.215964552643, 'beta0_train': -4117.9106844418375, 'beta1_val': -4114.352702452828, 'beta0_val': -4114.352702452828, 'selected_score': -4117.9106844418375, 'evaluations': 185, 'seconds': 0.13147089999984019, 'method': 'differential_evolution_v2', 'accepted_search': True, 'solver_message': 'Maximum number of iterations has been exceeded.'}]",42,[],1820.2112952784432,10561.291743698426,0.2218120000034105,0.33521449999534525
"[{'theta': array([-6758.07749681]), 'n_active': 1, 'beta1_train': -3132.1909532525738, 'beta0_train': -4156.066897056219, 'beta1_val': -3187.1398178077197, 'beta0_val': -4157.881374697324, 'selected_score': -4156.066897056219, 'evaluations': 30, 'seconds': 0.03587069999775849, 'method': 'differential_evolution_v2', 'accepted_search': True, 'solver_message': 'Optimization terminated successfully.'}, {'theta': array([-8.81638732e+03, -1.78506202e+00]), 'n_active': 2, 'beta1_train': 992.5717848227418, 'beta0_train': -2483.479944678602, 'beta1_val': 958.8995265601247, 'beta0_val': -2418.8962401884737, 'selected_score': -2483.479944678602, 'evaluations': 35, 'seconds': 0.028589399997144938, 'method': 'differential_evolution_v2', 'accepted_search': True, 'solver_message': 'Optimization terminated successfully.'}, {'theta': array([-9.54366337e+03,  5.25413125e-01, -3.54109617e+02,  1.86609938e+00]), 'n_active': 4, 'beta1_train': -202.31279451253178, 'beta0_train': -762.6453806526517, 'beta1_val': 2624.3741393778646, 'beta0_val': 1941.7842599960136, 'selected_score': -762.6453806526517, 'evaluations': 185, 'seconds': 0.12898340000538155, 'method': 'differential_evolution_v2', 'accepted_search': True, 'solver_message': 'Maximum number of iterations has been exceeded.'}]",42,[],10561.291743698426,2015.9657140456718,0.19344350000028498,0.30341339998994954
"[{'theta': array([-4094.41513469]), 'n_active': 1, 'beta1_train': -3938.145782410744, 'beta0_train': -3964.5776028041473, 'beta1_val': -3946.871208185185, 'beta0_val': -3957.863343185185, 'selected_score': -3964.5776028041473, 'evaluations': 20, 'seconds': 0.02926669998851139, 'method': 'differential_evolution_v2', 'accepted_search': True, 'solver_message': 'Optimization terminated successfully.'}, {'theta': array([-8.14121668e+03, -1.24022232e-01]), 'n_active': 2, 'beta1_train': -322.32002604898724, 'beta0_train': -3559.935465015016, 'beta1_val': -1091.035838710406, 'beta0_val': -3749.2305538747905, 'selected_score': -3559.935465015016, 'evaluations': 95, 'seconds': 0.058952399995177984, 'method': 'differential_evolution_v2', 'accepted_search': True, 'solver_message': 'Maximum number of iterations has been exceeded.'}, {'theta': array([-4.06033234e+02,  1.29170953e+00, -6.54168821e+03, -5.58955239e-01]), 'n_active': 4, 'beta1_train': -513.8084382903859, 'beta0_train': -933.4848427766682, 'beta1_val': -994.1241839964079, 'beta0_val': -994.1241839964079, 'selected_score': -947.4970125743989, 'evaluations': 185, 'seconds': 0.1291248000052292, 'method': 'differential_evolution_v2', 'accepted_search': True, 'solver_message': 'Maximum number of iterations has been exceeded.'}]",42,[],2015.9657140456718,2375.2106343594455,0.21734389998891857,0.32911380000587087
"[{'theta': array([-4169.02220613]), 'n_active': 1, 'beta1_train': -4291.141043768069, 'beta0_train': -4377.573986734894, 'beta1_val': -4267.871823661484, 'beta0_val': -4313.634128019299, 'selected_score': -4377.573986734894, 'evaluations': 20, 'seconds': 0.0293015000061132, 'method': 'differential_evolution_v2', 'accepted_search': True, 'solver_message': 'Optimization terminated successfully.'}, {'theta': array([-7.80933845e+03, -5.04583052e-01]), 'n_active': 2, 'beta1_train': 801.9233892768658, 'beta0_train': -2559.8703804286, 'beta1_val': 1887.0518385180253, 'beta0_val': -2315.1854896310747, 'selected_score': -2559.8703804286, 'evaluations': 95, 'seconds': 0.05846219998784363, 'method': 'differential_evolution_v2', 'accepted_search': True, 'solver_message': 'Maximum number of iterations has been exceeded.'}, {'theta': array([-2.24650061e+02, -4.12358632e-01, -3.53885418e+03, -4.05114891e-01]), 'n_active': 4, 'beta1_train': -691.9581642682142, 'beta0_train': -1040.39660531392, 'beta1_val': -931.8581915958785, 'beta0_val': -1002.957739822277, 'selected_score': -1040.9939397090175, 'evaluations': 185, 'seconds': 0.13611870000022464, 'method': 'differential_evolution_v2', 'accepted_search': True, 'solver_message': 'Maximum number of iterations has been exceeded.'}]",42,[],2375.2106343594455,2310.551406934254,0.22388239999418147,0.334980200001155
"[{'theta': array([-6870.20841998]), 'n_active': 1, 'beta1_train': -4251.632136854155, 'beta0_train': -4341.1306788477605, 'beta1_val': -4402.8, 'beta0_val': -4402.8, 'selected_score': -4341.1306788477605, 'evaluations': 15, 'seconds': 0.024480099993525073, 'method': 'differential_evolution_v2', 'accepted_search': True, 'solver_message': 'Optimization terminated successfully.'}, {'theta': array([-4.24594455e+03, -3.26396074e-01]), 'n_active': 2, 'beta1_train': 795.0399138218594, 'beta0_train': -2610.2989701249676, 'beta1_val': 1065.5632058685387, 'beta0_val': -2704.8105328041024, 'selected_score': -2610.2989701249676, 'evaluations': 35, 'seconds': 0.031542799988528714, 'method': 'differential_evolution_v2', 'accepted_search': True, 'solver_message': 'Optimization terminated successfully.'}, {'theta': array([-1.51747487e+03,  1.60655358e-01, -6.74533938e+03,  3.26025579e-01]), 'n_active': 4, 'beta1_train': -827.2008893605722, 'beta0_train': -1063.852987031187, 'beta1_val': -568.3418403980672, 'beta0_val': -969.1996323330926, 'selected_score': -1063.852987031187, 'evaluations': 105, 'seconds': 0.08760240000265185, 'method': 'differential_evolution_v2', 'accepted_search': True, 'solver_message': 'Optimization terminated successfully.'}]",42,[],2310.551406934254,2471.9473411637714,0.14362529998470563,0.26246340000943746
"[{'theta': array([-3074.62092681]), 'n_active': 1, 'beta1_train': -1056.2272388125773, 'beta0_train': -1085.6649773660042, 'beta1_val': -1086.0, 'beta0_val': -1086.0, 'selected_score': -1085.6649773660042, 'evaluations': 30, 'seconds': 0.0351434999902267, 'method': 'differential_evolution_v2', 'accepted_search': True, 'solver_message': 'Optimization terminated successfully.'}, {'theta': array([-6.91290113e+03, -2.17223759e-01]), 'n_active': 2, 'beta1_train': 2790.4248615660254, 'beta0_train': -705.4171766600066, 'beta1_val': 2546.231254834548, 'beta0_val': -688.3474804335032, 'selected_score': -705.4171766600066, 'evaluations': 55, 'seconds': 0.038721700009773485, 'method': 'differential_evolution_v2', 'accepted_search': True, 'solver_message': 'Optimization terminated successfully.'}, {'theta': array([-6.83269062e+03, -1.88750926e+00, -8.79699791e+03,  6.53995486e-01]), 'n_active': 4, 'beta1_train': 97.65401102136035, 'beta0_train': -186.90391905066366, 'beta1_val': 100.057745607687, 'beta0_val': -174.7346860693981, 'selected_score': -186.90391905066366, 'evaluations': 145, 'seconds': 0.10894620000908617, 'method': 'differential_evolution_v2', 'accepted_search': True, 'solver_message': 'Optimization terminated successfully.'}]",42,[],2471.9473411637714,1902.1741076334608,0.18281140000908636,0.2988862999918638
"[{'theta': array([-3587.53653177]), 'n_active': 1, 'beta1_train': -607.6865859205261, 'beta0_train': -611.3786500665343, 'beta1_val': -595.9714323927084, 'beta0_val': -595.9714323927084, 'selected_score': -611.3786500665343, 'evaluations': 30, 'seconds': 0.038890099996933714, 'method': 'differential_evolution_v2', 'accepted_search': True, 'solver_message': 'Optimization terminated successfully.'}, {'theta': array([-6.20730567e+03,  6.91476277e-01]), 'n_active': 2, 'beta1_train': -573.743148089204, 'beta0_train': -1778.3999999999999, 'beta1_val': -186.3225084289336, 'beta0_val': -1778.3999999999999, 'selected_score': -1778.3999999999999, 'evaluations': 95, 'seconds': 0.0659118000039598, 'method': 'differential_evolution_v2', 'accepted_search': True, 'solver_message': 'Maximum number of iterations has been exceeded.'}, {'theta': array([-1.99352239e+03, -9.45988759e-01, -3.36347891e+03,  1.43607123e-01]), 'n_active': 4, 'beta1_train': -160.6765742748265, 'beta0_train': -312.9296029435261, 'beta1_val': 21.305759141592944, 'beta0_val': -314.44977809733183, 'selected_score': -312.9296029435261, 'evaluations': 185, 'seconds': 0.15065239999967162, 'method': 'differential_evolution_v2', 'accepted_search': True, 'solver_message': 'Maximum number of iterations has been exceeded.'}]",42,[],1902.1741076334608,1522.4001301311753,0.2554543000005651,0.424500099994475
"[{'theta': array([-1221.99645951]), 'n_active': 1, 'beta1_train': -1534.08442831029, 'beta0_train': -1538.8914359124574, 'beta1_val': -1407.338284023849, 'beta0_val': -1407.338284023849, 'selected_score': -1538.8914359124574, 'evaluations': 20, 'seconds': 0.029164999999920838, 'method': 'differential_evolution_v2', 'accepted_search': True, 'solver_message': 'Optimization terminated successfully.'}, {'theta': array([-3.35740327e+03,  1.81791222e+00]), 'n_active': 2, 'beta1_train': -3070.5792454072307, 'beta0_train': -4294.799999999999, 'beta1_val': -2525.0294890331024, 'beta0_val': -4294.8, 'selected_score': -4294.799999999999, 'evaluations': 95, 'seconds': 0.07159139998839237, 'method': 'differential_evolution_v2', 'accepted_search': True, 'solver_message': 'Maximum number of iterations has been exceeded.'}, {'theta': array([-7.29144545e+03, -1.43826958e+00, -7.43173408e+03, -5.59920337e-01]), 'n_active': 4, 'beta1_train': -3577.3163919230483, 'beta0_train': -3686.6417189753047, 'beta1_val': -3036.792642289412, 'beta0_val': -3660.790118662746, 'selected_score': -3686.6417189753047, 'evaluations': 105, 'seconds': 0.09560129999590572, 'method': 'differential_evolution_v2', 'accepted_search': True, 'solver_message': 'Optimization terminated successfully.'}]",42,[],1522.4001301311753,9457.414774174917,0.19635769998421893,0.3186123000050429
"[{'theta': array([-5339.38026089]), 'n_active': 1, 'beta1_train': -4237.308113295289, 'beta0_train': -4318.146010706332, 'beta1_val': -4295.3196250441915, 'beta0_val': -4306.435580400217, 'selected_score': -4318.146010706332, 'evaluations': 20, 'seconds': 0.03181459999177605, 'method': 'differential_evolution_v2', 'accepted_search': True, 'solver_message': 'Optimization terminated successfully.'}, {'theta': array([-9.20175847e+03, -1.30804821e+00]), 'n_active': 2, 'beta1_train': 311.6673831759592, 'beta0_train': -2841.3243562247294, 'beta1_val': -392.0212887399275, 'beta0_val': -2998.609182865602, 'selected_score': -2841.3243562247294, 'evaluations': 45, 'seconds': 0.03368229999614414, 'method': 'differential_evolution_v2', 'accepted_search': True, 'solver_message': 'Optimization terminated successfully.'}, {'theta': array([-3.86671694e+02,  3.42441756e-02, -3.56427607e+03, -3.38977890e-01]), 'n_active': 4, 'beta1_train': -524.0351548713408, 'beta0_train': -752.9419371998389, 'beta1_val': -449.14512022204457, 'beta0_val': -848.9398889205977, 'selected_score': -758.7947408608233, 'evaluations': 185, 'seconds': 0.14426359999924898, 'method': 'differential_evolution_v2', 'accepted_search': True, 'solver_message': 'Maximum number of iterations has been exceeded.'}]",42,[],9457.414774174917,1909.0476817581311,0.20976049998716917,0.32931910001207143
"[{'theta': array([-3132.13875794]), 'n_active': 1, 'beta1_train': -3875.8469962902777, 'beta0_train': -3893.9264146486003, 'beta1_val': -3895.2, 'beta0_val': -3895.2, 'selected_score': -3893.9264146486003, 'evaluations': 50, 'seconds': 0.0578516999958083, 'method': 'differential_evolution_v2', 'accepted_search': True, 'solver_message': 'Maximum number of iterations has been exceeded.'}, {'theta': array([-2.13873448e+03, -5.44192695e-01]), 'n_active': 2, 'beta1_train': 466.7818298163413, 'beta0_train': -2641.9516103497904, 'beta1_val': 449.8804177819461, 'beta0_val': -2513.3424656399193, 'selected_score': -2641.9516103497904, 'evaluations': 95, 'seconds': 0.06201350000628736, 'method': 'differential_evolution_v2', 'accepted_search': True, 'solver_message': 'Maximum number of iterations has been exceeded.'}, {'theta': array([-2.10094861e+03, -1.13919762e+00, -3.97338235e+03, -7.48808240e-01]), 'n_active': 4, 'beta1_train': -454.684291081166, 'beta0_train': -648.7336544718587, 'beta1_val': -454.7774296331479, 'beta0_val': -690.6751874692283, 'selected_score': -648.7336544718587, 'evaluations': 185, 'seconds': 0.1359972999925958, 'method': 'differential_evolution_v2', 'accepted_search': True, 'solver_message': 'Maximum number of iterations has been exceeded.'}]",42,[],1909.0476817581311,1765.0717093838239,0.25586249999469146,0.37464229999750387
"[{'theta': array([-5093.55101539]), 'n_active': 1, 'beta1_train': -3996.9387136602572, 'beta0_train': -4001.026858342387, 'beta1_val': -3909.268755858041, 'beta0_val': -3909.268755858041, 'selected_score': -4001.026858342387, 'evaluations': 15, 'seconds': 0.022896299997228198, 'method': 'differential_evolution_v2', 'accepted_search': True, 'solver_message': 'Optimization terminated successfully.'}, {'theta': array([-8.03774405e+03, -1.94738604e+00]), 'n_active': 2, 'beta1_train': -324.295940999197, 'beta0_train': -3518.1759097716854, 'beta1_val': -207.8104274418215, 'beta0_val': -3340.640416739865, 'selected_score': -3518.1759097716854, 'evaluations': 95, 'seconds': 0.06175490000168793, 'method': 'differential_evolution_v2', 'accepted_search': True, 'solver_message': 'Maximum number of iterations has been exceeded.'}, {'theta': array([0., 0., 0., 0.]), 'n_active': 4, 'beta1_train': -1110.238051115837, 'beta0_train': -1371.5727186955446, 'beta1_val': 328.93046400961, 'beta0_val': 1223.699733135733, 'selected_score': -1110.238051115837, 'evaluations': 185, 'seconds': 0.12960390000080224, 'method': 'differential_evolution_v2', 'accepted_search': False, 'solver_message': 'Maximum number of iterations has been exceeded.'}]",42,[],1765.0717093838239,3523.472176833287,0.21425509999971837,0.33240279999154154
"[{'theta': array([-1859.94438717]), 'n_active': 1, 'beta1_train': -3996.470981071232, 'beta0_train': -4008.2933167171536, 'beta1_val': -4009.2000000000003, 'beta0_val': -4009.2000000000003, 'selected_score': -4008.2933167171536, 'evaluations': 50, 'seconds': 0.05810560000827536, 'method': 'differential_evolution_v2', 'accepted_search': True, 'solver_message': 'Maximum number of iterations has been exceeded.'}, {'theta': array([-6.12913661e+03, -5.89323667e-01]), 'n_active': 2, 'beta1_train': 454.3775842601543, 'beta0_train': -2802.4070563735627, 'beta1_val': -390.35284401743775, 'beta0_val': -3052.335562675381, 'selected_score': -2802.4070563735627, 'evaluations': 25, 'seconds': 0.023630299998330884, 'method': 'differential_evolution_v2', 'accepted_search': True, 'solver_message': 'Optimization terminated successfully.'}, {'theta': array([-4.26050511e+02, -1.13040595e-01, -5.22632349e+03, -5.62941875e-01]), 'n_active': 4, 'beta1_train': -303.0105708385229, 'beta0_train': -624.8430390248765, 'beta1_val': -342.31919745480116, 'beta0_val': -746.4974400918842, 'selected_score': -630.2255444689442, 'evaluations': 185, 'seconds': 0.12808490000315942, 'method': 'differential_evolution_v2', 'accepted_search': True, 'solver_message': 'Maximum number of iterations has been exceeded.'}]",42,[],3523.472176833287,1963.0037781049602,0.20982080000976566,0.32163210000726394
"[{'theta': array([-6422.69237667]), 'n_active': 1, 'beta1_train': -1038.7974017421361, 'beta0_train': -1048.4553572299271, 'beta1_val': -933.2946585504839, 'beta0_val': -1022.5072645797923, 'selected_score': -1048.4553572299271, 'evaluations': 25, 'seconds': 0.031829200001084246, 'method': 'differential_evolution_v2', 'accepted_search': True, 'solver_message': 'Optimization terminated successfully.'}, {'theta': array([-2.92264483e+03,  1.10773717e+00]), 'n_active': 2, 'beta1_train': 2445.835825117456, 'beta0_train': -575.7131974236285, 'beta1_val': 2447.1126436371705, 'beta0_val': 439.5389144497642, 'selected_score': -575.7131974236285, 'evaluations': 95, 'seconds': 0.05373069999041036, 'method': 'differential_evolution_v2', 'accepted_search': True, 'solver_message': 'Maximum number of iterations has been exceeded.'}, {'theta': array([-4.83984672e+02, -1.06910785e-01, -1.47368908e+03,  1.34800380e-01]), 'n_active': 4, 'beta1_train': -64.54478883881029, 'beta0_train': -230.43530196475393, 'beta1_val': -229.4755611922543, 'beta0_val': -229.4755611922543, 'selected_score': -230.43530196475393, 'evaluations': 185, 'seconds': 0.1312086999969324, 'method': 'differential_evolution_v2', 'accepted_search': True, 'solver_message': 'Optimization terminated successfully.'}]",42,[],1963.0037781049602,1951.884991011192,0.216768599988427,0.32718009999371134
"[{'theta': array([-824.14166244]), 'n_active': 1, 'beta1_train': -864.0164357995463, 'beta0_train': -869.4700926864458, 'beta1_val': -844.3730634404344, 'beta0_val': -844.3730634404344, 'selected_score': -869.4700926864458, 'evaluations': 45, 'seconds': 0.04763100000855047, 'method': 'differential_evolution_v2', 'accepted_search': True, 'solver_message': 'Optimization terminated successfully.'}, {'theta': array([-9.04800956e+03, -1.67373001e+00]), 'n_active': 2, 'beta1_train': -1183.196030213375, 'beta0_train': -2567.9999999999995, 'beta1_val': -1312.9976128893074, 'beta0_val': -2567.9999999999995, 'selected_score': -2567.9999999999995, 'evaluations': 45, 'seconds': 0.03426760000002105, 'method': 'differential_evolution_v2', 'accepted_search': True, 'solver_message': 'Optimization terminated successfully.'}, {'theta': array([  -98.596728  ,    -1.37869226, -1142.78187601,    -1.47939871]), 'n_active': 4, 'beta1_train': -312.16121999860184, 'beta0_train': -447.58810518991027, 'beta1_val': -448.18295716704716, 'beta0_val': -470.34298732900334, 'selected_score': -447.73197568014217, 'evaluations': 185, 'seconds': 0.1303942999948049, 'method': 'differential_evolution_v2', 'accepted_search': True, 'solver_message': 'Maximum number of iterations has been exceeded.'}]",42,[],1951.884991011192,2217.694752626186,0.21229290000337642,0.32395099999848753
"[{'theta': array([-8750.83095833]), 'n_active': 1, 'beta1_train': -1377.56850035586, 'beta0_train': -1386.370704226145, 'beta1_val': -1336.972769301724, 'beta0_val': -1336.972769301724, 'selected_score': -1386.370704226145, 'evaluations': 20, 'seconds': 0.027635600010398775, 'method': 'differential_evolution_v2', 'accepted_search': True, 'solver_message': 'Optimization terminated successfully.'}, {'theta': array([-3.23245990e+03, -6.43090665e-01]), 'n_active': 2, 'beta1_train': -3051.9161994791557, 'beta0_train': -4189.91714371371, 'beta1_val': -3560.241585332178, 'beta0_val': -4191.599999999999, 'selected_score': -4189.91714371371, 'evaluations': 45, 'seconds': 0.03813879999506753, 'method': 'differential_evolution_v2', 'accepted_search': True, 'solver_message': 'Optimization terminated successfully.'}, {'theta': array([-9.27166642e+03, -5.37694694e-01, -6.25321100e+03,  3.11510579e-01]), 'n_active': 4, 'beta1_train': -2320.372794365499, 'beta0_train': -2465.939499162364, 'beta1_val': -2508.1001580593775, 'beta0_val': -2535.682616454642, 'selected_score': -2465.939499162364, 'evaluations': 125, 'seconds': 0.09940749999077525, 'method': 'differential_evolution_v2', 'accepted_search': True, 'solver_message': 'Optimization terminated successfully.'}]",42,[],2217.694752626186,6410.68601472762,0.16518189999624155,0.276020300007076
"[{'theta': array([-5420.66669371]), 'n_active': 1, 'beta1_train': -2600.8606791688308, 'beta0_train': -3762.964506440673, 'beta1_val': -2444.929522121377, 'beta0_val': -3744.9871298203607, 'selected_score': -3762.964506440673, 'evaluations': 15, 'seconds': 0.023578200009069405, 'method': 'differential_evolution_v2', 'accepted_search': True, 'solver_message': 'Optimization terminated successfully.'}, {'theta': array([-1.53056554e+03, -7.37966183e-01]), 'n_active': 2, 'beta1_train': 478.82921723664964, 'beta0_train': -2557.4582979923107, 'beta1_val': -44.792319881473304, 'beta0_val': -2895.388971663733, 'selected_score': -2557.4582979923107, 'evaluations': 55, 'seconds': 0.04217019998759497, 'method': 'differential_evolution_v2', 'accepted_search': True, 'solver_message': 'Optimization terminated successfully.'}, {'theta': array([-6.66230176e+03, -1.16029841e+00, -6.48167071e+03,  9.47435061e-02]), 'n_active': 4, 'beta1_train': -557.8622056429377, 'beta0_train': -699.1460121410798, 'beta1_val': -720.2251304459068, 'beta0_val': -720.2251304459068, 'selected_score': -699.1460121410798, 'evaluations': 125, 'seconds': 0.09715290000895038, 'method': 'differential_evolution_v2', 'accepted_search': True, 'solver_message': 'Optimization terminated successfully.'}]",42,[],6410.68601472762,2098.804057136603,0.16290130000561476,0.2774411999998847
"[{'theta': array([-2048.62633837]), 'n_active': 1, 'beta1_train': -3905.0396331995853, 'beta0_train': -3929.1038595114424, 'beta1_val': -3923.4232158666664, 'beta0_val': -3930.0, 'selected_score': -3929.1038595114424, 'evaluations': 50, 'seconds': 0.05701819999376312, 'method': 'differential_evolution_v2', 'accepted_search': True, 'solver_message': 'Maximum number of iterations has been exceeded.'}, {'theta': array([-3.55453574e+03,  1.78262951e+00]), 'n_active': 2, 'beta1_train': -582.2293434197913, 'beta0_train': -3561.2789488181083, 'beta1_val': -206.21191304342346, 'beta0_val': -3484.477727521621, 'selected_score': -3561.2789488181083, 'evaluations': 95, 'seconds': 0.05817830000887625, 'method': 'differential_evolution_v2', 'accepted_search': True, 'solver_message': 'Maximum number of iterations has been exceeded.'}, {'theta': array([-5.87865731e+03, -1.65845211e+00, -3.55832609e+03, -8.85604524e-01]), 'n_active': 4, 'beta1_train': -489.31965813759365, 'beta0_train': -671.5549951836292, 'beta1_val': -739.1544214945221, 'beta0_val': -739.1544214945242, 'selected_score': -671.5549951836292, 'evaluations': 125, 'seconds': 0.09860399999888614, 'method': 'differential_evolution_v2', 'accepted_search': True, 'solver_message': 'Optimization terminated successfully.'}]",42,[],2098.804057136603,1660.4605309655954,0.2138005000015255,0.3229481000016676
"[{'theta': array([-9285.69886494]), 'n_active': 1, 'beta1_train': -4219.22516857806, 'beta0_train': -4225.558124014529, 'beta1_val': -4161.67300153835, 'beta0_val': -4161.67300153835, 'selected_score': -4225.558124014529, 'evaluations': 20, 'seconds': 0.027325399991241284, 'method': 'differential_evolution_v2', 'accepted_search': True, 'solver_message': 'Optimization terminated successfully.'}, {'theta': array([-8.29387102e+03, -1.72699505e+00]), 'n_active': 2, 'beta1_train': -215.9447605030952, 'beta0_train': -3038.6480393260335, 'beta1_val': 1884.8595137583302, 'beta0_val': -2346.2242076190173, 'selected_score': -3038.6480393260335, 'evaluations': 95, 'seconds': 0.06376829999499023, 'method': 'differential_evolution_v2', 'accepted_search': True, 'solver_message': 'Maximum number of iterations has been exceeded.'}, {'theta': array([-6.81205474e+03,  1.03101071e+00, -1.21318192e+03,  1.57514732e+00]), 'n_active': 4, 'beta1_train': -1039.2262095733568, 'beta0_train': -1341.9602961915505, 'beta1_val': -997.8817896728763, 'beta0_val': -1341.1551137947001, 'selected_score': -1341.9602961915505, 'evaluations': 185, 'seconds': 0.134238099999493, 'method': 'differential_evolution_v2', 'accepted_search': True, 'solver_message': 'Maximum number of iterations has been exceeded.'}]",42,[],1660.4605309655954,3377.862406633324,0.2253317999857245,0.34077629999956116
"[{'theta': array([-3626.49900648]), 'n_active': 1, 'beta1_train': -3758.24246276114, 'beta0_train': -3761.532169058972, 'beta1_val': -3688.8659486674005, 'beta0_val': -3702.611413632524, 'selected_score': -3761.532169058972, 'evaluations': 20, 'seconds': 0.026515300007304177, 'method': 'differential_evolution_v2', 'accepted_search': True, 'solver_message': 'Optimization terminated successfully.'}, {'theta': array([-8.03416317e+03,  5.80219834e-01]), 'n_active': 2, 'beta1_train': 11.500446475764974, 'beta0_train': -2692.301502188483, 'beta1_val': -461.0038082598644, 'beta0_val': -2788.330597604281, 'selected_score': -2692.301502188483, 'evaluations': 45, 'seconds': 0.036015599995153025, 'method': 'differential_evolution_v2', 'accepted_search': True, 'solver_message': 'Optimization terminated successfully.'}, {'theta': array([-9.29834428e+03, -1.45444143e+00, -3.43394962e+02,  6.05651175e-01]), 'n_active': 4, 'beta1_train': -325.23256828850845, 'beta0_train': -623.838903147119, 'beta1_val': 233.77838927451967, 'beta0_val': -691.1820228606337, 'selected_score': -627.2803776658919, 'evaluations': 185, 'seconds': 0.13738430000375956, 'method': 'differential_evolution_v2', 'accepted_search': True, 'solver_message': 'Maximum number of iterations has been exceeded.'}]",42,[],3377.862406633324,2147.740354792215,0.19991520000621676,0.3209632999933092
"[{'theta': array([-976.05902365]), 'n_active': 1, 'beta1_train': -2166.128936428952, 'beta0_train': -2166.5507514723745, 'beta1_val': -2164.3119226990557, 'beta0_val': -2164.3119226990557, 'selected_score': -2166.5507514723745, 'evaluations': 35, 'seconds': 0.04614459999720566, 'method': 'differential_evolution_v2', 'accepted_search': True, 'solver_message': 'Optimization terminated successfully.'}, {'theta': array([-8.16490121e+03,  1.62573480e-01]), 'n_active': 2, 'beta1_train': 1101.4108578825999, 'beta0_train': -1848.8822035030344, 'beta1_val': 1024.572437559069, 'beta0_val': -1973.1489129274837, 'selected_score': -1848.8822035030344, 'evaluations': 95, 'seconds': 0.07019199999922421, 'method': 'differential_evolution_v2', 'accepted_search': True, 'solver_message': 'Maximum number of iterations has been exceeded.'}, {'theta': array([-2.83013141e+02, -4.02541476e-02, -8.16300571e+02, -1.30491912e+00]), 'n_active': 4, 'beta1_train': -83.05873001742411, 'beta0_train': -347.3439244873669, 'beta1_val': -292.64679456190686, 'beta0_val': -450.1400458679766, 'selected_score': -347.35521817410313, 'evaluations': 185, 'seconds': 0.1405123000004096, 'method': 'differential_evolution_v2', 'accepted_search': True, 'solver_message': 'Maximum number of iterations has been exceeded.'}]",42,[],2147.740354792215,1878.1962860407689,0.25684889999683946,0.3795701999915764
"[{'theta': array([-3224.28563131]), 'n_active': 1, 'beta1_train': -362.0929730311577, 'beta0_train': -364.0925889764706, 'beta1_val': -360.8791033805735, 'beta0_val': -360.8791033805735, 'selected_score': -364.0925889764706, 'evaluations': 20, 'seconds': 0.029291400001966394, 'method': 'differential_evolution_v2', 'accepted_search': True, 'solver_message': 'Optimization terminated successfully.'}, {'theta': array([-5.15969052e+03,  4.60975998e-01]), 'n_active': 2, 'beta1_train': -541.1275137372611, 'beta0_train': -1335.6, 'beta1_val': -216.8020049471072, 'beta0_val': -1335.6, 'selected_score': -1335.6, 'evaluations': 35, 'seconds': 0.02895399999397341, 'method': 'differential_evolution_v2', 'accepted_search': True, 'solver_message': 'Optimization terminated successfully.'}, {'theta': array([-4.60244315e+03,  1.27084855e+00, -5.42799353e+03, -1.78988429e+00]), 'n_active': 4, 'beta1_train': -115.06074464260524, 'beta0_train': -225.29548490135178, 'beta1_val': -165.59034134371615, 'beta0_val': -217.49012176189697, 'selected_score': -225.29548490135178, 'evaluations': 185, 'seconds': 0.1312236999947345, 'method': 'differential_evolution_v2', 'accepted_search': True, 'solver_message': 'Maximum number of iterations has been exceeded.'}]",42,[],1878.1962860407689,1447.9409049180044,0.1894690999906743,0.30392449999635573
"[{'theta': array([-8348.72688594]), 'n_active': 1, 'beta1_train': -1220.262904974287, 'beta0_train': -1222.5720867010248, 'beta1_val': -1316.3169930005945, 'beta0_val': -1316.3169930005945, 'selected_score': -1222.5720867010248, 'evaluations': 25, 'seconds': 0.03298190000350587, 'method': 'differential_evolution_v2', 'accepted_search': True, 'solver_message': 'Optimization terminated successfully.'}, {'theta': array([-2.24421345e+03,  1.48899352e+00]), 'n_active': 2, 'beta1_train': -3515.472036710156, 'beta0_train': -4341.6, 'beta1_val': -3246.3727584390645, 'beta0_val': -4341.6, 'selected_score': -4341.6, 'evaluations': 65, 'seconds': 0.048690499999793246, 'method': 'differential_evolution_v2', 'accepted_search': True, 'solver_message': 'Optimization terminated successfully.'}, {'theta': array([-8.03532914e+03,  1.56480914e+00, -1.76540915e+03, -1.95524092e+00]), 'n_active': 4, 'beta1_train': -3979.6688158119287, 'beta0_train': -4046.512842850717, 'beta1_val': -3952.0748665581905, 'beta0_val': -3952.0748665581905, 'selected_score': -4046.512842850717, 'evaluations': 145, 'seconds': 0.10518680000677705, 'method': 'differential_evolution_v2', 'accepted_search': True, 'solver_message': 'Optimization terminated successfully.'}]",42,[],1447.9409049180044,9797.445999455724,0.18685920001007617,0.2974553999956697
"[{'theta': array([-6212.74717727]), 'n_active': 1, 'beta1_train': -3229.225461534109, 'beta0_train': -3232.870642511292, 'beta1_val': -3210.8969228518517, 'beta0_val': -3210.8969228518517, 'selected_score': -3232.870642511292, 'evaluations': 20, 'seconds': 0.02778980000584852, 'method': 'differential_evolution_v2', 'accepted_search': True, 'solver_message': 'Optimization terminated successfully.'}, {'theta': array([-7.10900849e+03,  1.23038988e+00]), 'n_active': 2, 'beta1_train': 763.6895302082954, 'beta0_train': -2119.48015421811, 'beta1_val': 294.5324465166841, 'beta0_val': -2386.459428567618, 'selected_score': -2119.48015421811, 'evaluations': 95, 'seconds': 0.05995869998878334, 'method': 'differential_evolution_v2', 'accepted_search': True, 'solver_message': 'Maximum number of iterations has been exceeded.'}, {'theta': array([-8.00680348e+03,  1.95221264e+00, -5.07372536e+03, -3.59942845e-01]), 'n_active': 4, 'beta1_train': -298.32729299080523, 'beta0_train': -592.5955893057642, 'beta1_val': -440.0547574063057, 'beta0_val': -527.2870039729083, 'selected_score': -592.5955893057642, 'evaluations': 185, 'seconds': 0.13225290000264067, 'method': 'differential_evolution_v2', 'accepted_search': True, 'solver_message': 'Maximum number of iterations has been exceeded.'}]",42,[],9797.445999455724,1560.0683159259256,0.22000139999727253,0.3341534000064712
"[{'theta': array([-8396.40830289]), 'n_active': 1, 'beta1_train': -3917.2119891445086, 'beta0_train': -3939.0691043090087, 'beta1_val': -3934.1896339386503, 'beta0_val': -3934.1896339386503, 'selected_score': -3939.0691043090087, 'evaluations': 50, 'seconds': 0.05404770000313874, 'method': 'differential_evolution_v2', 'accepted_search': True, 'solver_message': 'Maximum number of iterations has been exceeded.'}, {'theta': array([-4.91310288e+03,  1.76201701e+00]), 'n_active': 2, 'beta1_train': 486.8011030450009, 'beta0_train': -2485.4871320103775, 'beta1_val': -794.2171218832091, 'beta0_val': -3154.392908205198, 'selected_score': -2485.4871320103775, 'evaluations': 45, 'seconds': 0.033617699999012984, 'method': 'differential_evolution_v2', 'accepted_search': True, 'solver_message': 'Optimization terminated successfully.'}, {'theta': array([-9.07769967e+03, -1.71203742e+00, -3.99616010e+03,  4.63983255e-01]), 'n_active': 4, 'beta1_train': -438.86928449300484, 'beta0_train': -736.5247950083226, 'beta1_val': 67.51252804846536, 'beta0_val': -629.1175527068784, 'selected_score': -736.5247950083226, 'evaluations': 185, 'seconds': 0.13093769999977667, 'method': 'differential_evolution_v2', 'accepted_search': True, 'solver_message': 'Maximum number of iterations has been exceeded.'}]",42,[],1560.0683159259256,2086.995377452884,0.2186031000019284,0.3338296000001719
"[{'theta': array([-98.67124857]), 'n_active': 1, 'beta1_train': -3390.463243370996, 'beta0_train': -3395.0546808836007, 'beta1_val': -3446.529727668647, 'beta0_val': -3446.529727668647, 'selected_score': -3395.0546808836007, 'evaluations': 25, 'seconds': 0.03633560000162106, 'method': 'differential_evolution_v2', 'accepted_search': True, 'solver_message': 'Optimization terminated successfully.'}, {'theta': array([-6.83396171e+03,  1.28229953e-01]), 'n_active': 2, 'beta1_train': -474.3764465832833, 'beta0_train': -3073.0092356320456, 'beta1_val': -1417.8076772683999, 'beta0_val': -3478.3414487260725, 'selected_score': -3073.0092356320456, 'evaluations': 45, 'seconds': 0.03521220000402536, 'method': 'differential_evolution_v2', 'accepted_search': True, 'solver_message': 'Optimization terminated successfully.'}, {'theta': array([-3.00421810e+02,  7.63400821e-01, -4.84712213e+03,  2.54949913e-01]), 'n_active': 4, 'beta1_train': -258.4478515231313, 'beta0_train': -603.3180501229597, 'beta1_val': -756.5593789322638, 'beta0_val': -756.5593789322638, 'selected_score': -609.7152897221622, 'evaluations': 185, 'seconds': 0.12942400001338683, 'method': 'differential_evolution_v2', 'accepted_search': True, 'solver_message': 'Maximum number of iterations has been exceeded.'}]",42,[],2086.995377452884,2128.8956106957166,0.20097180001903325,0.3164130999939516
"[{'theta': array([-4413.9959693]), 'n_active': 1, 'beta1_train': -2804.1079484885536, 'beta0_train': -2808.538628079784, 'beta1_val': -2884.4133071079295, 'beta0_val': -2884.4133071079295, 'selected_score': -2808.538628079784, 'evaluations': 20, 'seconds': 0.030396500005736016, 'method': 'differential_evolution_v2', 'accepted_search': True, 'solver_message': 'Optimization terminated successfully.'}, {'theta': array([-4.83297421e+03, -1.50630909e+00]), 'n_active': 2, 'beta1_train': -26.280009031332057, 'beta0_train': -2727.7275569734034, 'beta1_val': -531.2041460723758, 'beta0_val': -3049.8994917925993, 'selected_score': -2727.7275569734034, 'evaluations': 95, 'seconds': 0.06554290000349283, 'method': 'differential_evolution_v2', 'accepted_search': True, 'solver_message': 'Maximum number of iterations has been exceeded.'}, {'theta': array([-5.82829658e+03,  1.38225255e+00, -2.06807849e+03,  1.87581018e+00]), 'n_active': 4, 'beta1_train': -789.7800512753098, 'beta0_train': -911.5248124233703, 'beta1_val': -882.7653015996992, 'beta0_val': -977.7743410309973, 'selected_score': -911.5248124233703, 'evaluations': 185, 'seconds': 0.14535009999235626, 'method': 'differential_evolution_v2', 'accepted_search': True, 'solver_message': 'Maximum number of iterations has been exceeded.'}]",42,[],2128.8956106957166,2335.3327491801783,0.2412895000015851,0.36172100000840146
"[{'theta': array([-3833.83174137]), 'n_active': 1, 'beta1_train': -554.7862220413358, 'beta0_train': -1064.2315838127006, 'beta1_val': -967.2411197820052, 'beta0_val': -1104.5899425258322, 'selected_score': -1064.2315838127006, 'evaluations': 20, 'seconds': 0.037227599998004735, 'method': 'differential_evolution_v2', 'accepted_search': True, 'solver_message': 'Optimization terminated successfully.'}, {'theta': array([-4.52973190e+03, -2.08831211e-01]), 'n_active': 2, 'beta1_train': 2345.853306547502, 'beta0_train': 851.6625975364859, 'beta1_val': 2647.1535226786627, 'beta0_val': 2522.2759693518306, 'selected_score': 851.6625975364859, 'evaluations': 25, 'seconds': 0.026131699996767566, 'method': 'differential_evolution_v2', 'accepted_search': True, 'solver_message': 'Optimization terminated successfully.'}, {'theta': array([-7.31442335e+03, -1.46391098e+00, -7.38433640e+03, -2.19338356e-01]), 'n_active': 4, 'beta1_train': 59.558826837813164, 'beta0_train': -219.49974652918087, 'beta1_val': -143.80325201732722, 'beta0_val': -205.55146184667248, 'selected_score': -219.49974652918087, 'evaluations': 125, 'seconds': 0.11868219998723362, 'method': 'differential_evolution_v2', 'accepted_search': True, 'solver_message': 'Optimization terminated successfully.'}]",42,[],2335.3327491801783,1213.1835,0.18204149998200592,0.30540739999560174
"[{'theta': array([-2255.61374921]), 'n_active': 1, 'beta1_train': -26.278005033086156, 'beta0_train': -29.95185061050686, 'beta1_val': -30.163782487281676, 'beta0_val': -30.163782487281676, 'selected_score': -29.95185061050686, 'evaluations': 30, 'seconds': 0.046409200003836304, 'method': 'differential_evolution_v2', 'accepted_search': True, 'solver_message': 'Optimization terminated successfully.'}, {'theta': array([-3.39186836e+03,  1.65514093e+00]), 'n_active': 2, 'beta1_train': 828.8372250281008, 'beta0_train': -90.60386436983921, 'beta1_val': 576.622215415237, 'beta0_val': -91.19999999999999, 'selected_score': -90.60386436983921, 'evaluations': 45, 'seconds': 0.050307199999224395, 'method': 'differential_evolution_v2', 'accepted_search': True, 'solver_message': 'Optimization terminated successfully.'}, {'theta': array([-4.69924790e+03,  7.94114698e-01, -3.19017871e+03, -8.06987165e-01]), 'n_active': 4, 'beta1_train': 43.92588315860023, 'beta0_train': -17.46395174688044, 'beta1_val': 7787.026980619019, 'beta0_val': 7484.865533904845, 'selected_score': -17.46395174688044, 'evaluations': 185, 'seconds': 0.1450362000032328, 'method': 'differential_evolution_v2', 'accepted_search': True, 'solver_message': 'Maximum number of iterations has been exceeded.'}]",42,[],1213.1835,1200.0,0.2417526000062935,0.38283360000059474
"[{'theta': array([-4853.2911996]), 'n_active': 1, 'beta1_train': -1083.731060708119, 'beta0_train': -1085.427246824392, 'beta1_val': -990.9752209762361, 'beta0_val': -990.9752209762361, 'selected_score': -1085.427246824392, 'evaluations': 20, 'seconds': 0.031188099994324148, 'method': 'differential_evolution_v2', 'accepted_search': True, 'solver_message': 'Optimization terminated successfully.'}, {'theta': array([-4.00164937e+03, -3.87749979e-01]), 'n_active': 2, 'beta1_train': -2217.6690409337207, 'beta0_train': -3264.0, 'beta1_val': -1950.0011010607363, 'beta0_val': -3264.0, 'selected_score': -3264.0, 'evaluations': 45, 'seconds': 0.038894400000572205, 'method': 'differential_evolution_v2', 'accepted_search': True, 'solver_message': 'Optimization terminated successfully.'}, {'theta': array([-3.67814882e+03, -1.34766978e+00, -8.38846446e+02,  9.45319348e-01]), 'n_active': 4, 'beta1_train': -623.7131091178262, 'beta0_train': -676.9295717784265, 'beta1_val': 4551.074936022079, 'beta0_val': 3874.7919028120536, 'selected_score': -678.5186342988944, 'evaluations': 185, 'seconds': 0.14897859998745844, 'method': 'differential_evolution_v2', 'accepted_search': True, 'solver_message': 'Maximum number of iterations has been exceeded.'}]",42,[],1200.0,1859.936758888889,0.2190610999823548,0.3382283999962965
"[{'theta': array([-8581.2127477]), 'n_active': 1, 'beta1_train': -3482.0425462518233, 'beta0_train': -3923.0090716700433, 'beta1_val': -3495.7554470259565, 'beta0_val': -3917.7745018010464, 'selected_score': -3923.0090716700433, 'evaluations': 20, 'seconds': 0.032497499996679835, 'method': 'differential_evolution_v2', 'accepted_search': True, 'solver_message': 'Optimization terminated successfully.'}, {'theta': array([-1.69784904e+03,  6.47401194e-01]), 'n_active': 2, 'beta1_train': -1456.251086719058, 'beta0_train': -4202.618656224874, 'beta1_val': -1950.0325063097994, 'beta0_val': -4310.400000000001, 'selected_score': -4202.618656224874, 'evaluations': 95, 'seconds': 0.07142880000174046, 'method': 'differential_evolution_v2', 'accepted_search': True, 'solver_message': 'Maximum number of iterations has been exceeded.'}, {'theta': array([-9600.,     0., -9600.,     0.]), 'n_active': 4, 'beta1_train': -604.9923869717189, 'beta0_train': -695.7596971980009, 'beta1_val': 4474.081786059464, 'beta0_val': 4444.085096302074, 'selected_score': -695.7596971980009, 'evaluations': 185, 'seconds': 0.14080579999426845, 'method': 'differential_evolution_v2', 'accepted_search': False, 'solver_message': 'Maximum number of iterations has been exceeded.'}]",42,[],1859.936758888889,1276.37601,0.24473209999268875,0.36316330000408925
"[{'theta': array([-5593.41914563]), 'n_active': 1, 'beta1_train': -3683.44448185839, 'beta0_train': -3704.383225215948, 'beta1_val': -3696.8428466744185, 'beta0_val': -3706.7999999999997, 'selected_score': -3704.383225215948, 'evaluations': 20, 'seconds': 0.027607199997873977, 'method': 'differential_evolution_v2', 'accepted_search': True, 'solver_message': 'Optimization terminated successfully.'}, {'theta': array([-1.76821553e+03,  5.25646885e-01]), 'n_active': 2, 'beta1_train': 25.141057093878505, 'beta0_train': -2667.360734284013, 'beta1_val': 1859.9627559740288, 'beta0_val': -1842.6464394586208, 'selected_score': -2667.360734284013, 'evaluations': 95, 'seconds': 0.062402199997450225, 'method': 'differential_evolution_v2', 'accepted_search': True, 'solver_message': 'Maximum number of iterations has been exceeded.'}, {'theta': array([-3.58058246e+03,  9.40280224e-01, -3.09700116e+01, -9.88118035e-01]), 'n_active': 4, 'beta1_train': -481.67720678328686, 'beta0_train': -560.1636019459481, 'beta1_val': 5509.444169713455, 'beta0_val': 5433.371304618837, 'selected_score': -566.3138519308951, 'evaluations': 185, 'seconds': 0.15994749999663327, 'method': 'differential_evolution_v2', 'accepted_search': True, 'solver_message': 'Maximum number of iterations has been exceeded.'}]",42,[],1276.37601,1230.6944999999998,0.24995689999195747,0.3626897999929497
"[{'theta': array([-642.72784093]), 'n_active': 1, 'beta1_train': -2873.06152380255, 'beta0_train': -2876.5691242274384, 'beta1_val': -2838.708807426048, 'beta0_val': -2884.0285156418167, 'selected_score': -2876.5691242274384, 'evaluations': 20, 'seconds': 0.028623799997149035, 'method': 'differential_evolution_v2', 'accepted_search': True, 'solver_message': 'Optimization terminated successfully.'}, {'theta': array([-1617.29018097,     1.74959829]), 'n_active': 2, 'beta1_train': 260.6674125545018, 'beta0_train': -1107.7782991417994, 'beta1_val': -25.315018557866097, 'beta0_val': -2254.197684895436, 'selected_score': -1107.7782991417994, 'evaluations': 35, 'seconds': 0.03053859999636188, 'method': 'differential_evolution_v2', 'accepted_search': True, 'solver_message': 'Optimization terminated successfully.'}, {'theta': array([0., 0., 0., 0.]), 'n_active': 4, 'beta1_train': -427.18087299719815, 'beta0_train': -571.2339717724757, 'beta1_val': 4564.14108155087, 'beta0_val': 5321.0920987056115, 'selected_score': -427.18087299719815, 'evaluations': 185, 'seconds': 0.14032880000013392, 'method': 'differential_evolution_v2', 'accepted_search': False, 'solver_message': 'Maximum number of iterations has been exceeded.'}]",42,[],1230.6944999999998,1251.4279825925926,0.19949119999364484,0.31600509998679627
"[{'theta': array([-3143.43465899]), 'n_active': 1, 'beta1_train': -3791.1543956467913, 'beta0_train': -3808.457237077688, 'beta1_val': -3744.6955149862665, 'beta0_val': -3803.081688765432, 'selected_score': -3808.457237077688, 'evaluations': 50, 'seconds': 0.07669950000126846, 'method': 'differential_evolution_v2', 'accepted_search': True, 'solver_message': 'Maximum number of iterations has been exceeded.'}, {'theta': array([-8.54129992e+03, -5.44956139e-02]), 'n_active': 2, 'beta1_train': 243.23308424207744, 'beta0_train': -2622.7501941228766, 'beta1_val': 555.6159361528657, 'beta0_val': -2363.007768328943, 'selected_score': -2622.7501941228766, 'evaluations': 45, 'seconds': 0.03856679999444168, 'method': 'differential_evolution_v2', 'accepted_search': True, 'solver_message': 'Optimization terminated successfully.'}, {'theta': array([-8.63128586e+03, -1.44204240e+00, -2.89715313e+03,  1.52004283e+00]), 'n_active': 4, 'beta1_train': -1165.7465706492262, 'beta0_train': -1186.2087878113855, 'beta1_val': 827.2484689536446, 'beta0_val': 816.4294826270808, 'selected_score': -1186.2087878113855, 'evaluations': 125, 'seconds': 0.1401958999922499, 'method': 'differential_evolution_v2', 'accepted_search': True, 'solver_message': 'Optimization terminated successfully.'}]",42,[],1251.4279825925926,2080.202753233508,0.25546219998796005,0.38368239998817444
"[{'theta': array([-697.72554331]), 'n_active': 1, 'beta1_train': -2290.8767564900973, 'beta0_train': -2879.4680501908856, 'beta1_val': -2079.2426055792553, 'beta0_val': -2691.5626040454604, 'selected_score': -2879.472164261329, 'evaluations': 50, 'seconds': 0.07180999999400228, 'method': 'differential_evolution_v2', 'accepted_search': True, 'solver_message': 'Maximum number of iterations has been exceeded.'}, {'theta': array([-2.19375235e+03, -3.35879931e-01]), 'n_active': 2, 'beta1_train': 660.7935753098684, 'beta0_train': -2193.443762819145, 'beta1_val': -84.12617365919641, 'beta0_val': -2175.8394393298095, 'selected_score': -2193.443762819145, 'evaluations': 35, 'seconds': 0.029230600004666485, 'method': 'differential_evolution_v2', 'accepted_search': True, 'solver_message': 'Optimization terminated successfully.'}, {'theta': array([0., 0., 0., 0.]), 'n_active': 4, 'beta1_train': -222.1279440472424, 'beta0_train': -518.7011068482828, 'beta1_val': 1895.2697064528004, 'beta0_val': 2138.488726661642, 'selected_score': -222.1279440472424, 'evaluations': 185, 'seconds': 0.12308619999384973, 'method': 'differential_evolution_v2', 'accepted_search': False, 'solver_message': 'Maximum number of iterations has been exceeded.'}]",42,[],2080.202753233508,3596.164455210751,0.2241267999925185,0.3348227999958908
"[{'theta': array([-1941.59426221]), 'n_active': 1, 'beta1_train': -555.2839410230403, 'beta0_train': -556.9691288354628, 'beta1_val': -548.1440529185708, 'beta0_val': -550.5149977047433, 'selected_score': -556.9691288354628, 'evaluations': 20, 'seconds': 0.027131599999847822, 'method': 'differential_evolution_v2', 'accepted_search': True, 'solver_message': 'Optimization terminated successfully.'}, {'theta': array([-2.02227027e+03, -1.04271337e+00]), 'n_active': 2, 'beta1_train': -647.0343733076559, 'beta0_train': -1680.0, 'beta1_val': -851.8174169496683, 'beta0_val': -1680.0, 'selected_score': -1680.0, 'evaluations': 35, 'seconds': 0.02876980000291951, 'method': 'differential_evolution_v2', 'accepted_search': True, 'solver_message': 'Optimization terminated successfully.'}, {'theta': array([-9600.,     0., -9600.,     0.]), 'n_active': 4, 'beta1_train': -81.17651411514525, 'beta0_train': -45.959946789140915, 'beta1_val': -521.0506879957213, 'beta0_val': -537.8479522965513, 'selected_score': -45.959946789140915, 'evaluations': 185, 'seconds': 0.12761690000479575, 'method': 'differential_evolution_v2', 'accepted_search': False, 'solver_message': 'Maximum number of iterations has been exceeded.'}]",42,[],3596.164455210751,3703.601718878254,0.18351830000756308,0.2956723000097554
"[{'theta': array([-8440.6619283]), 'n_active': 1, 'beta1_train': -1467.8533632491044, 'beta0_train': -1469.5394877297913, 'beta1_val': -1510.4173803786898, 'beta0_val': -1510.4173803786898, 'selected_score': -1469.5394877297913, 'evaluations': 20, 'seconds': 0.02839940000558272, 'method': 'differential_evolution_v2', 'accepted_search': True, 'solver_message': 'Optimization terminated successfully.'}, {'theta': array([-2.66779515e+03,  1.68766520e-01]), 'n_active': 2, 'beta1_train': -3660.5864754115273, 'beta0_train': -4478.4, 'beta1_val': -4034.3315108132774, 'beta0_val': -4478.4, 'selected_score': -4478.4, 'evaluations': 35, 'seconds': 0.030157799992593937, 'method': 'differential_evolution_v2', 'accepted_search': True, 'solver_message': 'Optimization terminated successfully.'}, {'theta': array([ 0.00000000e+00, -9.65187162e-01, -2.00169027e+03,  0.00000000e+00]), 'n_active': 4, 'beta1_train': -3431.098015413153, 'beta0_train': -3391.6583269160537, 'beta1_val': -4012.6134607661666, 'beta0_val': -4012.6134607661666, 'selected_score': -3439.653541435051, 'evaluations': 185, 'seconds': 0.13272209999558982, 'method': 'differential_evolution_v2', 'accepted_search': True, 'solver_message': 'Maximum number of iterations has been exceeded.'}]",42,[],3703.601718878254,9768.677551680827,0.19127929999376647,0.30654089999734424
"[{'theta': array([-9211.48439093]), 'n_active': 1, 'beta1_train': -4028.5120174858803, 'beta0_train': -4047.3501161924114, 'beta1_val': -4050.0, 'beta0_val': -4050.0, 'selected_score': -4047.3501161924114, 'evaluations': 20, 'seconds': 0.02781320000940468, 'method': 'differential_evolution_v2', 'accepted_search': True, 'solver_message': 'Optimization terminated successfully.'}, {'theta': array([-2.72377809e+03,  1.22942779e+00]), 'n_active': 2, 'beta1_train': -516.3206637263303, 'beta0_train': -2962.6575699081486, 'beta1_val': -185.78672012558627, 'beta0_val': -3053.749283045636, 'selected_score': -2962.6575699081486, 'evaluations': 35, 'seconds': 0.02819199999794364, 'method': 'differential_evolution_v2', 'accepted_search': True, 'solver_message': 'Optimization terminated successfully.'}, {'theta': array([-2.37220860e+03,  5.46081812e-01, -1.31076603e+03,  3.91879795e-01]), 'n_active': 4, 'beta1_train': 51.76983129062317, 'beta0_train': -308.9182460105261, 'beta1_val': -973.8198799057307, 'beta0_val': -1129.189857222222, 'selected_score': -308.9182460105261, 'evaluations': 185, 'seconds': 0.1279037999920547, 'method': 'differential_evolution_v2', 'accepted_search': True, 'solver_message': 'Maximum number of iterations has been exceeded.'}]",42,[],9768.677551680827,2992.9300824074057,0.18390899999940302,0.2943271999974968
"[{'theta': array([-1417.61213124]), 'n_active': 1, 'beta1_train': -2558.173373204738, 'beta0_train': -2562.1417894315955, 'beta1_val': -2484.6643162668415, 'beta0_val': -2484.6643162668415, 'selected_score': -2562.1417894315955, 'evaluations': 20, 'seconds': 0.02827140000590589, 'method': 'differential_evolution_v2', 'accepted_search': True, 'solver_message': 'Optimization terminated successfully.'}, {'theta': array([-7.04393802e+03,  1.19509251e+00]), 'n_active': 2, 'beta1_train': -371.4850083805506, 'beta0_train': -2851.960167320225, 'beta1_val': -1.3879416853392286, 'beta0_val': -2611.169847680173, 'selected_score': -2851.960167320225, 'evaluations': 95, 'seconds': 0.058436699997400865, 'method': 'differential_evolution_v2', 'accepted_search': True, 'solver_message': 'Maximum number of iterations has been exceeded.'}, {'theta': array([-4.02519717e+02, -7.40721861e-01, -2.76471953e+03,  8.82329634e-01]), 'n_active': 4, 'beta1_train': 10.61509018846897, 'beta0_train': -101.10503209529314, 'beta1_val': -1084.7896741416153, 'beta0_val': -1084.7896741416153, 'selected_score': -110.41876869478344, 'evaluations': 185, 'seconds': 0.12435169999662321, 'method': 'differential_evolution_v2', 'accepted_search': True, 'solver_message': 'Maximum number of iterations has been exceeded.'}]",42,[],2992.9300824074057,3269.289573977988,0.21105979999992996,0.31779280000773724
"[{'theta': array([-4756.08049656]), 'n_active': 1, 'beta1_train': -4139.916411852294, 'beta0_train': -4161.4730291839805, 'beta1_val': -4084.0000818166664, 'beta0_val': -4149.832339855967, 'selected_score': -4161.4730291839805, 'evaluations': 20, 'seconds': 0.02714160000323318, 'method': 'differential_evolution_v2', 'accepted_search': True, 'solver_message': 'Optimization terminated successfully.'}, {'theta': array([-4.00531969e+03,  1.16502642e+00]), 'n_active': 2, 'beta1_train': -706.2575584613231, 'beta0_train': -3321.338275083078, 'beta1_val': -268.76476384376474, 'beta0_val': -3454.520575309382, 'selected_score': -3321.338275083078, 'evaluations': 45, 'seconds': 0.0339700000040466, 'method': 'differential_evolution_v2', 'accepted_search': True, 'solver_message': 'Optimization terminated successfully.'}, {'theta': array([-3.30346174e+03,  1.91358794e-01, -2.21494842e+02, -1.13435076e+00]), 'n_active': 4, 'beta1_train': -91.58363417380035, 'beta0_train': -270.71280354979837, 'beta1_val': -1241.644258796241, 'beta0_val': -1241.644258796241, 'selected_score': -273.4000868140954, 'evaluations': 185, 'seconds': 0.12733780000417028, 'method': 'differential_evolution_v2', 'accepted_search': True, 'solver_message': 'Maximum number of iterations has been exceeded.'}]",42,[],3269.289573977988,3402.0443318862403,0.18844940001145005,0.2976306000055047
"[{'theta': array([-992.95649738]), 'n_active': 1, 'beta1_train': -4034.346735732474, 'beta0_train': -4045.5374897117717, 'beta1_val': -4028.4096881292962, 'beta0_val': -4028.4096881292962, 'selected_score': -4045.5374897117717, 'evaluations': 20, 'seconds': 0.027767100007622503, 'method': 'differential_evolution_v2', 'accepted_search': True, 'solver_message': 'Optimization terminated successfully.'}, {'theta': array([-6.30689235e+03,  7.66429218e-01]), 'n_active': 2, 'beta1_train': -90.23099444742914, 'beta0_train': -2693.0488865312427, 'beta1_val': 448.64243751271306, 'beta0_val': -2176.207374874173, 'selected_score': -2693.0488865312427, 'evaluations': 35, 'seconds': 0.028519200001028366, 'method': 'differential_evolution_v2', 'accepted_search': True, 'solver_message': 'Optimization terminated successfully.'}, {'theta': array([-7.53576754e+03,  7.94955068e-01, -7.38177729e+01, -3.93946799e-01]), 'n_active': 4, 'beta1_train': -101.00095176321813, 'beta0_train': -240.6000901488723, 'beta1_val': -1151.4482496840296, 'beta0_val': -1151.4482496840296, 'selected_score': -245.21278831121225, 'evaluations': 185, 'seconds': 0.13594890000240412, 'method': 'differential_evolution_v2', 'accepted_search': True, 'solver_message': 'Maximum number of iterations has been exceeded.'}]",42,[],3402.0443318862403,2797.6122786807905,0.19223520001105499,0.3029621999885421
"[{'theta': array([-6069.92477112]), 'n_active': 1, 'beta1_train': -1881.3249718732443, 'beta0_train': -1913.7326819424977, 'beta1_val': -1913.5656145320793, 'beta0_val': -1913.5656145320793, 'selected_score': -1913.7326819424977, 'evaluations': 50, 'seconds': 0.055183999997098, 'method': 'differential_evolution_v2', 'accepted_search': True, 'solver_message': 'Maximum number of iterations has been exceeded.'}, {'theta': array([-1.73237409e+03,  1.15412602e+00]), 'n_active': 2, 'beta1_train': 1064.1638324863766, 'beta0_train': -1533.5849769580443, 'beta1_val': 936.5367287497352, 'beta0_val': -1727.6963768010314, 'selected_score': -1533.5849769580443, 'evaluations': 95, 'seconds': 0.06093210000835825, 'method': 'differential_evolution_v2', 'accepted_search': True, 'solver_message': 'Maximum number of iterations has been exceeded.'}, {'theta': array([-5.42451098e+03, -6.43892139e-01, -9.89359753e+02,  1.99961886e+00]), 'n_active': 4, 'beta1_train': 406.2730085090656, 'beta0_train': 303.20087157628495, 'beta1_val': -535.0017817491572, 'beta0_val': -535.0017817491572, 'selected_score': 303.20087157628495, 'evaluations': 105, 'seconds': 0.08479020000959281, 'method': 'differential_evolution_v2', 'accepted_search': True, 'solver_message': 'Optimization terminated successfully.'}]",42,[],2797.6122786807905,3283.4647090282065,0.20090630001504906,0.3152428999892436
"[{'theta': array([-6482.32921567]), 'n_active': 1, 'beta1_train': -353.1692945772141, 'beta0_train': -364.2648671597614, 'beta1_val': -385.38861229370616, 'beta0_val': -385.38861229370616, 'selected_score': -364.2648671597614, 'evaluations': 25, 'seconds': 0.034964400008902885, 'method': 'differential_evolution_v2', 'accepted_search': True, 'solver_message': 'Optimization terminated successfully.'}, {'theta': array([-3.49321432e+03, -9.28474383e-01]), 'n_active': 2, 'beta1_train': -832.3206624537545, 'beta0_train': -1489.1999999999998, 'beta1_val': -832.0973395190456, 'beta0_val': -1489.2, 'selected_score': -1489.1999999999998, 'evaluations': 95, 'seconds': 0.061331700009759516, 'method': 'differential_evolution_v2', 'accepted_search': True, 'solver_message': 'Maximum number of iterations has been exceeded.'}, {'theta': array([-7.78285754e+03,  4.93694724e-01, -4.97774348e+01,  7.97241999e-01]), 'n_active': 4, 'beta1_train': 416.25810928555546, 'beta0_train': 399.3561893783607, 'beta1_val': -384.63531876113007, 'beta0_val': -455.69062123319156, 'selected_score': 393.48997000158215, 'evaluations': 185, 'seconds': 0.12875200000416953, 'method': 'differential_evolution_v2', 'accepted_search': True, 'solver_message': 'Maximum number of iterations has been exceeded.'}]",42,[],3283.4647090282065,2193.704487026861,0.22504810002283193,0.3359238999983063
"[{'theta': array([-9582.17304076]), 'n_active': 1, 'beta1_train': -937.5490133965809, 'beta0_train': -946.6650932910641, 'beta1_val': -953.118739206206, 'beta0_val': -970.3476485477696, 'selected_score': -946.6650932910641, 'evaluations': 20, 'seconds': 0.028468899996369146, 'method': 'differential_evolution_v2', 'accepted_search': True, 'solver_message': 'Optimization terminated successfully.'}, {'theta': array([-3.13278993e+03, -1.67490037e+00]), 'n_active': 2, 'beta1_train': -3014.5090927608803, 'beta0_train': -3706.7999999999997, 'beta1_val': -3131.276726078057, 'beta0_val': -3706.7999999999997, 'selected_score': -3706.7999999999997, 'evaluations': 95, 'seconds': 0.05658999999286607, 'method': 'differential_evolution_v2', 'accepted_search': True, 'solver_message': 'Maximum number of iterations has been exceeded.'}, {'theta': array([-9600.,     0., -9600.,     0.]), 'n_active': 4, 'beta1_train': -193.41553658277428, 'beta0_train': -210.7413055419287, 'beta1_val': -951.8454249790051, 'beta0_val': -956.6060946742975, 'selected_score': -210.7413055419287, 'evaluations': 105, 'seconds': 0.08273290000215638, 'method': 'differential_evolution_v2', 'accepted_search': False, 'solver_message': 'Optimization terminated successfully.'}]",42,[],2193.704487026861,3022.8997913216763,0.1677917999913916,0.2797815000085393
"[{'theta': array([-5340.9020842]), 'n_active': 1, 'beta1_train': -3667.009206784366, 'beta0_train': -3815.6512825979758, 'beta1_val': -3515.0453154229976, 'beta0_val': -3762.8388937511213, 'selected_score': -3815.6512825979758, 'evaluations': 25, 'seconds': 0.03096689999802038, 'method': 'differential_evolution_v2', 'accepted_search': True, 'solver_message': 'Optimization terminated successfully.'}, {'theta': array([-8.74147142e+03, -5.93512496e-01]), 'n_active': 2, 'beta1_train': -113.0270184036678, 'beta0_train': -2715.9769858726136, 'beta1_val': -707.709514814801, 'beta0_val': -3123.417838428453, 'selected_score': -2715.9769858726136, 'evaluations': 95, 'seconds': 0.06211289999191649, 'method': 'differential_evolution_v2', 'accepted_search': True, 'solver_message': 'Maximum number of iterations has been exceeded.'}, {'theta': array([-7.64044711e+03, -1.49106413e-01, -5.53225648e+01,  6.69054727e-01]), 'n_active': 4, 'beta1_train': 484.9672324158626, 'beta0_train': 305.9863917546888, 'beta1_val': -607.7483553727477, 'beta0_val': -703.5794699260545, 'selected_score': 292.56017704278554, 'evaluations': 185, 'seconds': 0.1278347999905236, 'method': 'differential_evolution_v2', 'accepted_search': True, 'solver_message': 'Maximum number of iterations has been exceeded.'}]",42,[],3022.8997913216763,2804.006975278244,0.22091459998046048,0.3290733000030741
"[{'theta': array([-1189.94880523]), 'n_active': 1, 'beta1_train': -3372.964641943284, 'beta0_train': -3408.1453250164113, 'beta1_val': -3409.2000000000003, 'beta0_val': -3409.2000000000003, 'selected_score': -3408.1453250164113, 'evaluations': 20, 'seconds': 0.027461199992103502, 'method': 'differential_evolution_v2', 'accepted_search': True, 'solver_message': 'Optimization terminated successfully.'}, {'theta': array([-5.03546362e+03,  1.85848919e+00]), 'n_active': 2, 'beta1_train': -135.81199402202395, 'beta0_train': -2880.4309739219, 'beta1_val': -848.642019621172, 'beta0_val': -3106.7072859952827, 'selected_score': -2880.4309739219, 'evaluations': 95, 'seconds': 0.05946280001080595, 'method': 'differential_evolution_v2', 'accepted_search': True, 'solver_message': 'Maximum number of iterations has been exceeded.'}, {'theta': array([-4.18380001e+02, -4.13998442e-01, -8.04597292e+03, -2.96927046e-01]), 'n_active': 4, 'beta1_train': 461.8892360271944, 'beta0_train': 333.1598467948936, 'beta1_val': -954.1288335321444, 'beta0_val': -954.1288335321444, 'selected_score': 320.3816021997493, 'evaluations': 185, 'seconds': 0.13048669999989215, 'method': 'differential_evolution_v2', 'accepted_search': True, 'solver_message': 'Maximum number of iterations has been exceeded.'}]",42,[],2804.006975278244,2330.8371113302574,0.2174107000028016,0.3285436000005575
"[{'theta': array([-6817.92681771]), 'n_active': 1, 'beta1_train': -3235.567872607963, 'beta0_train': -3265.389501828465, 'beta1_val': -3266.4, 'beta0_val': -3266.4, 'selected_score': -3265.389501828465, 'evaluations': 15, 'seconds': 0.022912000000360422, 'method': 'differential_evolution_v2', 'accepted_search': True, 'solver_message': 'Optimization terminated successfully.'}, {'theta': array([-1740.72639253,     1.85968065]), 'n_active': 2, 'beta1_train': -63.50390585239924, 'beta0_train': -2557.0140343600387, 'beta1_val': -614.1421842614996, 'beta0_val': -2733.3806509634023, 'selected_score': -2557.0140343600387, 'evaluations': 55, 'seconds': 0.03862220000883099, 'method': 'differential_evolution_v2', 'accepted_search': True, 'solver_message': 'Optimization terminated successfully.'}, {'theta': array([-8.16055903e+03, -6.70338595e-01, -4.89387585e+03,  2.33000355e-01]), 'n_active': 4, 'beta1_train': 484.7673864991845, 'beta0_train': 204.5856062563203, 'beta1_val': -232.51159373249362, 'beta0_val': -232.51159373249362, 'selected_score': 204.5856062563203, 'evaluations': 145, 'seconds': 0.10524499999883119, 'method': 'differential_evolution_v2', 'accepted_search': True, 'solver_message': 'Optimization terminated successfully.'}]",42,[],2330.8371113302574,2212.1825918271347,0.1667792000080226,0.28091159999894444
"[{'theta': array([-5270.85067822]), 'n_active': 1, 'beta1_train': -2962.07144874762, 'beta0_train': -2972.1131506731485, 'beta1_val': -2992.823402889971, 'beta0_val': -2992.823402889971, 'selected_score': -2972.1131506731485, 'evaluations': 20, 'seconds': 0.028270000009797513, 'method': 'differential_evolution_v2', 'accepted_search': True, 'solver_message': 'Optimization terminated successfully.'}, {'theta': array([-9.31170428e+03,  1.66966717e+00]), 'n_active': 2, 'beta1_train': 184.15378174573073, 'beta0_train': -2289.625818136765, 'beta1_val': -111.56332819756335, 'beta0_val': -2367.068571848214, 'selected_score': -2289.625818136765, 'evaluations': 95, 'seconds': 0.0584307999961311, 'method': 'differential_evolution_v2', 'accepted_search': True, 'solver_message': 'Maximum number of iterations has been exceeded.'}, {'theta': array([-2.32450666e+02,  4.42193246e-01, -9.14228630e+01,  8.77088008e-02]), 'n_active': 4, 'beta1_train': 488.44060256710964, 'beta0_train': 366.14078288795696, 'beta1_val': -137.00992421021192, 'beta0_val': -710.9260308802036, 'selected_score': 335.1447451458818, 'evaluations': 185, 'seconds': 0.1239452000008896, 'method': 'differential_evolution_v2', 'accepted_search': True, 'solver_message': 'Maximum number of iterations has been exceeded.'}]",42,[],2212.1825918271347,2479.7860033875604,0.2106460000068182,0.3211416999984067
"[{'theta': array([-2995.17563973]), 'n_active': 1, 'beta1_train': -1090.5529537031755, 'beta0_train': -1102.9947587648128, 'beta1_val': -1114.6478346008232, 'beta0_val': -1114.6478346008232, 'selected_score': -1102.9947587648128, 'evaluations': 20, 'seconds': 0.027840499999001622, 'method': 'differential_evolution_v2', 'accepted_search': True, 'solver_message': 'Optimization terminated successfully.'}, {'theta': array([-3.90793437e+03, -4.37526603e-01]), 'n_active': 2, 'beta1_train': 2055.90921061745, 'beta0_train': -941.7270805764455, 'beta1_val': 1655.1459093416458, 'beta0_val': -1037.3117109425898, 'selected_score': -941.7270805764455, 'evaluations': 95, 'seconds': 0.058262699996703304, 'method': 'differential_evolution_v2', 'accepted_search': True, 'solver_message': 'Maximum number of iterations has been exceeded.'}, {'theta': array([-5.99402989e+03,  6.23506828e-01, -1.66808031e+02,  1.73950302e+00]), 'n_active': 4, 'beta1_train': 895.2601814328524, 'beta0_train': 673.9659448583283, 'beta1_val': -253.5989695714863, 'beta0_val': -253.5989695714863, 'selected_score': 672.0626413699991, 'evaluations': 185, 'seconds': 0.1275413999974262, 'method': 'differential_evolution_v2', 'accepted_search': True, 'solver_message': 'Maximum number of iterations has been exceeded.'}]",42,[],2479.7860033875604,2576.340443350237,0.21364459999313112,0.3249589000042761
"[{'theta': array([-2280.35261313]), 'n_active': 1, 'beta1_train': -630.5224405793394, 'beta0_train': -640.7333167535401, 'beta1_val': -683.8600150089997, 'beta0_val': -683.8600150089997, 'selected_score': -640.7333167535401, 'evaluations': 30, 'seconds': 0.0367878999968525, 'method': 'differential_evolution_v2', 'accepted_search': True, 'solver_message': 'Optimization terminated successfully.'}, {'theta': array([-3.80478035e+03,  7.84326870e-01]), 'n_active': 2, 'beta1_train': -1843.5183206062957, 'beta0_train': -2560.7999999999997, 'beta1_val': -1993.1578039518622, 'beta0_val': -2560.7999999999997, 'selected_score': -2560.7999999999997, 'evaluations': 45, 'seconds': 0.03492860001279041, 'method': 'differential_evolution_v2', 'accepted_search': True, 'solver_message': 'Optimization terminated successfully.'}, {'theta': array([-9600.,     0., -9600.,     0.]), 'n_active': 4, 'beta1_train': 605.6073908872822, 'beta0_train': 686.4414211261414, 'beta1_val': -567.8758142360393, 'beta0_val': -595.7296217360396, 'selected_score': 686.4414211261414, 'evaluations': 185, 'seconds': 0.1279111999901943, 'method': 'differential_evolution_v2', 'accepted_search': False, 'solver_message': 'Maximum number of iterations has been exceeded.'}]",42,[],2576.340443350237,3025.4674983230734,0.1996276999998372,0.30907840000872966
"[{'theta': array([-9295.11290857]), 'n_active': 1, 'beta1_train': -1027.199835624363, 'beta0_train': -1031.8110920653992, 'beta1_val': -1008.2621670225946, 'beta0_val': -1008.2621670225946, 'selected_score': -1031.8110920653992, 'evaluations': 20, 'seconds': 0.027469499997096136, 'method': 'differential_evolution_v2', 'accepted_search': True, 'solver_message': 'Optimization terminated successfully.'}, {'theta': array([-8.50842223e+03, -1.61096142e+00]), 'n_active': 2, 'beta1_train': -4034.6199010313026, 'beta0_train': -4524.0, 'beta1_val': -3896.7516560418694, 'beta0_val': -4524.0, 'selected_score': -4524.0, 'evaluations': 65, 'seconds': 0.04429119999986142, 'method': 'differential_evolution_v2', 'accepted_search': True, 'solver_message': 'Optimization terminated successfully.'}, {'theta': array([-4.65129164e+03, -1.29083636e+00, -9.79427263e+01,  3.81464377e-02]), 'n_active': 4, 'beta1_train': -3072.7922521248406, 'beta0_train': -3099.98294325455, 'beta1_val': -4088.3271038010976, 'beta0_val': -4088.3271038010976, 'selected_score': -3107.9279862597978, 'evaluations': 185, 'seconds': 0.12859090001438744, 'method': 'differential_evolution_v2', 'accepted_search': True, 'solver_message': 'Maximum number of iterations has been exceeded.'}]",42,[],3025.4674983230734,9980.43230250258,0.200351600011345,0.30828919999476057
"[{'theta': array([-2600.59018432]), 'n_active': 1, 'beta1_train': -3152.325082821153, 'beta0_train': -3182.0775111385356, 'beta1_val': -3183.6, 'beta0_val': -3183.6, 'selected_score': -3182.0775111385356, 'evaluations': 20, 'seconds': 0.027227900005527772, 'method': 'differential_evolution_v2', 'accepted_search': True, 'solver_message': 'Optimization terminated successfully.'}, {'theta': array([-5.40665728e+03, -1.22849193e-01]), 'n_active': 2, 'beta1_train': -565.0635224052749, 'beta0_train': -2795.921161567999, 'beta1_val': -125.94567402267285, 'beta0_val': -2646.900523129796, 'selected_score': -2795.921161567999, 'evaluations': 45, 'seconds': 0.03446249999979045, 'method': 'differential_evolution_v2', 'accepted_search': True, 'solver_message': 'Optimization terminated successfully.'}, {'theta': array([ -197.11104796,     1.47931906, -1440.20394968,    -1.81971909]), 'n_active': 4, 'beta1_train': 828.2251654238014, 'beta0_train': 792.2808594341027, 'beta1_val': -734.4080298837874, 'beta0_val': -734.4080298837874, 'selected_score': 741.691303869788, 'evaluations': 185, 'seconds': 0.1274602000048617, 'method': 'differential_evolution_v2', 'accepted_search': True, 'solver_message': 'Maximum number of iterations has been exceeded.'}]",42,[],9980.43230250258,2303.184856224688,0.18915060001017991,0.2994618999946397
"[{'theta': array([-2900.28982962]), 'n_active': 1, 'beta1_train': -2668.336908142556, 'beta0_train': -2680.026779566151, 'beta1_val': -2843.2042252575184, 'beta0_val': -2843.2042252575184, 'selected_score': -2680.026779566151, 'evaluations': 20, 'seconds': 0.027849499994772486, 'method': 'differential_evolution_v2', 'accepted_search': True, 'solver_message': 'Optimization terminated successfully.'}, {'theta': array([-8.98044690e+02,  1.25880959e-01]), 'n_active': 2, 'beta1_train': 805.2479089258774, 'beta0_train': -805.7092336742442, 'beta1_val': 381.2885674157342, 'beta0_val': -2071.52179066616, 'selected_score': -806.3841966276226, 'evaluations': 95, 'seconds': 0.05858559999614954, 'method': 'differential_evolution_v2', 'accepted_search': True, 'solver_message': 'Maximum number of iterations has been exceeded.'}, {'theta': array([0., 0., 0., 0.]), 'n_active': 4, 'beta1_train': 142.07257958246979, 'beta0_train': 156.1693818886746, 'beta1_val': -742.745517149836, 'beta0_val': -742.745517149836, 'selected_score': 142.07257958246979, 'evaluations': 185, 'seconds': 0.12571330000355374, 'method': 'differential_evolution_v2', 'accepted_search': True, 'solver_message': 'Maximum number of iterations has been exceeded.'}]",42,[],2303.184856224688,2700.521837440173,0.21214839999447577,0.3230554000037955
"[{'theta': array([-3444.8849233]), 'n_active': 1, 'beta1_train': -3231.937960627886, 'beta0_train': -3255.8579121494763, 'beta1_val': -3252.8515371805292, 'beta0_val': -3252.8515371805292, 'selected_score': -3255.8579121494763, 'evaluations': 15, 'seconds': 0.02317879999463912, 'method': 'differential_evolution_v2', 'accepted_search': True, 'solver_message': 'Optimization terminated successfully.'}, {'theta': array([-6.35743470e+03,  4.13066403e-01]), 'n_active': 2, 'beta1_train': -841.4597235328606, 'beta0_train': -3060.0844161145997, 'beta1_val': -1451.6408911630015, 'beta0_val': -3233.8060088736506, 'selected_score': -3060.0844161145997, 'evaluations': 95, 'seconds': 0.058942599993315525, 'method': 'differential_evolution_v2', 'accepted_search': True, 'solver_message': 'Maximum number of iterations has been exceeded.'}, {'theta': array([ 6.48624656e+01,  2.13810230e-01, -5.64868805e+03, -5.47410770e-01]), 'n_active': 4, 'beta1_train': 314.025774978759, 'beta0_train': 341.7788225117362, 'beta1_val': -913.1626358696941, 'beta0_val': -913.1626358696941, 'selected_score': 313.1085828617263, 'evaluations': 185, 'seconds': 0.12858190000406466, 'method': 'differential_evolution_v2', 'accepted_search': True, 'solver_message': 'Maximum number of iterations has been exceeded.'}]",42,[],2700.521837440173,2492.3235300000015,0.2107032999920193,0.3224293000093894
"[{'theta': array([-6126.45306135]), 'n_active': 1, 'beta1_train': -3849.9531659798286, 'beta0_train': -3885.2879200061725, 'beta1_val': -3886.8, 'beta0_val': -3886.8, 'selected_score': -3885.2879200061725, 'evaluations': 15, 'seconds': 0.023308899995754473, 'method': 'differential_evolution_v2', 'accepted_search': True, 'solver_message': 'Optimization terminated successfully.'}, {'theta': array([-6.72991009e+03,  6.61307802e-01]), 'n_active': 2, 'beta1_train': 475.9562069984321, 'beta0_train': -1997.4929433150346, 'beta1_val': 2091.729396634014, 'beta0_val': -1838.713407824256, 'selected_score': -1997.4929433150346, 'evaluations': 95, 'seconds': 0.05721569999877829, 'method': 'differential_evolution_v2', 'accepted_search': True, 'solver_message': 'Maximum number of iterations has been exceeded.'}, {'theta': array([-1.89700106e+02, -2.84221103e-01, -5.37528756e+03,  8.95227086e-01]), 'n_active': 4, 'beta1_train': 736.0422202238739, 'beta0_train': 683.8020113046335, 'beta1_val': -826.7286202823917, 'beta0_val': -1013.8655067032123, 'selected_score': 638.8894341156109, 'evaluations': 185, 'seconds': 0.1286956999974791, 'method': 'differential_evolution_v2', 'accepted_search': True, 'solver_message': 'Maximum number of iterations has been exceeded.'}]",42,[],2492.3235300000015,2937.372034294522,0.20922029999201186,0.3203203000011854
"[{'theta': array([-3894.19410338]), 'n_active': 1, 'beta1_train': -1885.4232142721953, 'beta0_train': -1910.6679846565098, 'beta1_val': -1911.6, 'beta0_val': -1911.6, 'selected_score': -1910.6679846565098, 'evaluations': 25, 'seconds': 0.03252670000074431, 'method': 'differential_evolution_v2', 'accepted_search': True, 'solver_message': 'Optimization terminated successfully.'}, {'theta': array([-3.52901250e+03,  2.03712929e-01]), 'n_active': 2, 'beta1_train': 1502.4322872827433, 'beta0_train': -1264.930388886311, 'beta1_val': 786.9331273071707, 'beta0_val': -1427.6933100257106, 'selected_score': -1264.930388886311, 'evaluations': 35, 'seconds': 0.0296787000115728, 'method': 'differential_evolution_v2', 'accepted_search': True, 'solver_message': 'Optimization terminated successfully.'}, {'theta': array([-2.06356406e+02,  1.26238065e+00, -4.78380821e+02, -4.23189988e-01]), 'n_active': 4, 'beta1_train': 1053.609567910177, 'beta0_train': 857.0093911675422, 'beta1_val': -488.1170263718385, 'beta0_val': -488.1170263718385, 'selected_score': 847.6566679131689, 'evaluations': 185, 'seconds': 0.12663279999105725, 'method': 'differential_evolution_v2', 'accepted_search': True, 'solver_message': 'Maximum number of iterations has been exceeded.'}]",42,[],2937.372034294522,2176.5065767117326,0.18883820000337437,0.302686499999254
"[{'theta': array([-3363.27538288]), 'n_active': 1, 'beta1_train': -396.3869571350338, 'beta0_train': -402.08415456404185, 'beta1_val': -363.8014580411972, 'beta0_val': -363.8014580411972, 'selected_score': -402.08415456404185, 'evaluations': 15, 'seconds': 0.023431099994922988, 'method': 'differential_evolution_v2', 'accepted_search': True, 'solver_message': 'Optimization terminated successfully.'}, {'theta': array([-8.16999091e+03, -1.03361549e+00]), 'n_active': 2, 'beta1_train': -890.384580132387, 'beta0_train': -1530.0, 'beta1_val': -731.3086630473472, 'beta0_val': -1530.0, 'selected_score': -1530.0, 'evaluations': 35, 'seconds': 0.02876260000630282, 'method': 'differential_evolution_v2', 'accepted_search': True, 'solver_message': 'Optimization terminated successfully.'}, {'theta': array([-9600.,     0., -9600.,     0.]), 'n_active': 4, 'beta1_train': 883.696642864224, 'beta0_train': 929.2647837408168, 'beta1_val': 419.23419428980105, 'beta0_val': -272.1909449644161, 'selected_score': 929.2647837408168, 'evaluations': 185, 'seconds': 0.12654330000805203, 'method': 'differential_evolution_v2', 'accepted_search': False, 'solver_message': 'Maximum number of iterations has been exceeded.'}]",42,[],2176.5065767117326,2561.7158046756836,0.17873700000927784,0.28832799999509007
"[{'theta': array([-5724.28355274]), 'n_active': 1, 'beta1_train': -1420.4618834898663, 'beta0_train': -1428.2257295904574, 'beta1_val': -1545.7845516881519, 'beta0_val': -1545.7845516881519, 'selected_score': -1428.2257295904574, 'evaluations': 20, 'seconds': 0.02699209999991581, 'method': 'differential_evolution_v2', 'accepted_search': True, 'solver_message': 'Optimization terminated successfully.'}, {'theta': array([-1.5385951e+03, -6.3876139e-01]), 'n_active': 2, 'beta1_train': -3611.153232864983, 'beta0_train': -4329.6, 'beta1_val': -3574.8904655171127, 'beta0_val': -4329.6, 'selected_score': -4329.6, 'evaluations': 45, 'seconds': 0.03385210000851657, 'method': 'differential_evolution_v2', 'accepted_search': True, 'solver_message': 'Optimization terminated successfully.'}, {'theta': array([-1.48104254e+02,  6.13563369e-01, -2.63903537e+02, -2.21285014e-01]), 'n_active': 4, 'beta1_train': -2338.9712733629235, 'beta0_train': -2407.386222381554, 'beta1_val': -3627.086591721365, 'beta0_val': -3627.086591721365, 'selected_score': -2422.253815586497, 'evaluations': 185, 'seconds': 0.13205020000168588, 'method': 'differential_evolution_v2', 'accepted_search': True, 'solver_message': 'Maximum number of iterations has been exceeded.'}]",42,[],2561.7158046756836,8922.317950394008,0.19289440001011826,0.3036234000028344
"[{'theta': array([-8686.14906826]), 'n_active': 1, 'beta1_train': -3895.241511830869, 'beta0_train': -3943.082485310042, 'beta1_val': -3946.8, 'beta0_val': -3946.8, 'selected_score': -3943.082485310042, 'evaluations': 15, 'seconds': 0.023232999999891035, 'method': 'differential_evolution_v2', 'accepted_search': True, 'solver_message': 'Optimization terminated successfully.'}, {'theta': array([-6.21593318e+03,  1.55507638e+00]), 'n_active': 2, 'beta1_train': 459.50899396140767, 'beta0_train': -2212.0154367690425, 'beta1_val': 313.87247744898696, 'beta0_val': -2355.7565836225817, 'selected_score': -2212.0154367690425, 'evaluations': 95, 'seconds': 0.06176880000566598, 'method': 'differential_evolution_v2', 'accepted_search': True, 'solver_message': 'Maximum number of iterations has been exceeded.'}, {'theta': array([-2.33865705e+03,  6.74439696e-01, -9.02799808e+01, -5.49125217e-03]), 'n_active': 4, 'beta1_train': 622.7929849482497, 'beta0_train': 508.78208821069046, 'beta1_val': -789.9443242938244, 'beta0_val': -789.9443242938244, 'selected_score': 506.45613037695324, 'evaluations': 185, 'seconds': 0.12874469999223948, 'method': 'differential_evolution_v2', 'accepted_search': True, 'solver_message': 'Maximum number of iterations has been exceeded.'}]",42,[],8922.317950394008,1200.0,0.2137464999977965,0.32527140001184307
"[{'theta': array([-5316.17722307]), 'n_active': 1, 'beta1_train': -3952.706878807807, 'beta0_train': -3965.0011535931576, 'beta1_val': -2389.9491337796417, 'beta0_val': -3415.5524914416783, 'selected_score': -3965.0011535931576, 'evaluations': 15, 'seconds': 0.0229300999926636, 'method': 'differential_evolution_v2', 'accepted_search': True, 'solver_message': 'Optimization terminated successfully.'}, {'theta': array([-1.57576933e+03,  5.92678966e-01]), 'n_active': 2, 'beta1_train': -220.1016200931344, 'beta0_train': -2801.6599583047655, 'beta1_val': -509.51903416874075, 'beta0_val': -3047.1674761237264, 'selected_score': -2801.6599583047655, 'evaluations': 45, 'seconds': 0.0347948999988148, 'method': 'differential_evolution_v2', 'accepted_search': True, 'solver_message': 'Optimization terminated successfully.'}, {'theta': array([-3.92820414e+01, -3.97016477e-01, -4.85494721e+02,  1.72028943e-01]), 'n_active': 4, 'beta1_train': 111.72160411446013, 'beta0_train': -32.764403168558076, 'beta1_val': 13929.699507591136, 'beta0_val': 13660.465882426026, 'selected_score': -46.45977149104444, 'evaluations': 185, 'seconds': 0.12692999999853782, 'method': 'differential_evolution_v2', 'accepted_search': True, 'solver_message': 'Maximum number of iterations has been exceeded.'}]",42,[],1200.0,1538.3792685185185,0.18465499999001622,0.2975799999985611
"[{'theta': array([-7419.84717145]), 'n_active': 1, 'beta1_train': -1905.7567745297554, 'beta0_train': -1962.346751255346, 'beta1_val': -1054.0172599494977, 'beta0_val': -1583.4472959021732, 'selected_score': -1962.346751255346, 'evaluations': 15, 'seconds': 0.02279590000398457, 'method': 'differential_evolution_v2', 'accepted_search': True, 'solver_message': 'Optimization terminated successfully.'}, {'theta': array([-807.05617501,   -0.89430078]), 'n_active': 2, 'beta1_train': 1348.9118594323918, 'beta0_train': -1344.1575621385625, 'beta1_val': 3807.273694980301, 'beta0_val': 1133.3147041617913, 'selected_score': -1350.7736717888042, 'evaluations': 95, 'seconds': 0.06002530000114348, 'method': 'differential_evolution_v2', 'accepted_search': True, 'solver_message': 'Maximum number of iterations has been exceeded.'}, {'theta': array([0., 0., 0., 0.]), 'n_active': 4, 'beta1_train': 967.685743149331, 'beta0_train': 815.2446626738705, 'beta1_val': 12759.105196128183, 'beta0_val': 14995.004998278111, 'selected_score': 967.685743149331, 'evaluations': 185, 'seconds': 0.12701550000929274, 'method': 'differential_evolution_v2', 'accepted_search': False, 'solver_message': 'Maximum number of iterations has been exceeded.'}]",42,[],1538.3792685185185,1200.0,0.20983670001442079,0.32044939999468625
"[{'theta': array([-540.04746527]), 'n_active': 1, 'beta1_train': -3753.755126760975, 'beta0_train': -3785.5107635060913, 'beta1_val': -3378.5662482333346, 'beta0_val': -3698.5904062260033, 'selected_score': -3785.5107635060913, 'evaluations': 20, 'seconds': 0.027343399997334927, 'method': 'differential_evolution_v2', 'accepted_search': True, 'solver_message': 'Optimization terminated successfully.'}, {'theta': array([-7.03347314e+03, -2.15307156e-02]), 'n_active': 2, 'beta1_train': 436.10886916512044, 'beta0_train': -2184.0439844560856, 'beta1_val': -651.236574482668, 'beta0_val': -2780.494107916575, 'selected_score': -2184.0439844560856, 'evaluations': 35, 'seconds': 0.028950299994903617, 'method': 'differential_evolution_v2', 'accepted_search': True, 'solver_message': 'Optimization terminated successfully.'}, {'theta': array([0., 0., 0., 0.]), 'n_active': 4, 'beta1_train': -372.1825203537188, 'beta0_train': -415.95863023527585, 'beta1_val': 6485.190815023801, 'beta0_val': 7655.809200536948, 'selected_score': -372.1825203537188, 'evaluations': 185, 'seconds': 0.12901699999929406, 'method': 'differential_evolution_v2', 'accepted_search': False, 'solver_message': 'Maximum number of iterations has been exceeded.'}]",42,[],1200.0,1954.6322250000003,0.1853106999915326,0.29662439999810886
"[{'theta': array([-7098.96012773]), 'n_active': 1, 'beta1_train': -424.21810407913586, 'beta0_train': -460.2453896287726, 'beta1_val': 173.5404259811561, 'beta0_val': -425.1921424258589, 'selected_score': -460.2453896287726, 'evaluations': 15, 'seconds': 0.022777699996368028, 'method': 'differential_evolution_v2', 'accepted_search': True, 'solver_message': 'Optimization terminated successfully.'}, {'theta': array([-4.23652927e+03, -1.29599107e+00]), 'n_active': 2, 'beta1_train': 2834.8574526080683, 'beta0_train': -123.76705122647921, 'beta1_val': 2436.0630624554215, 'beta0_val': -276.57529368120464, 'selected_score': -123.76705122647921, 'evaluations': 95, 'seconds': 0.05844339999021031, 'method': 'differential_evolution_v2', 'accepted_search': True, 'solver_message': 'Maximum number of iterations has been exceeded.'}, {'theta': array([-9600.,     0., -9600.,     0.]), 'n_active': 4, 'beta1_train': 1042.4037694139822, 'beta0_train': 1076.5214617164722, 'beta1_val': 6239.575675235459, 'beta0_val': 4796.118674086337, 'selected_score': 1076.5214617164722, 'evaluations': 185, 'seconds': 0.1265406000020448, 'method': 'differential_evolution_v2', 'accepted_search': False, 'solver_message': 'Maximum number of iterations has been exceeded.'}]",42,[],1954.6322250000003,1200.0,0.20776169998862315,0.3205154000024777
"[{'theta': array([-5864.34605262]), 'n_active': 1, 'beta1_train': -686.1172326518258, 'beta0_train': -699.8947395446011, 'beta1_val': -387.03139355418205, 'beta0_val': -461.07063979592573, 'selected_score': -699.8947395446011, 'evaluations': 15, 'seconds': 0.02440230001229793, 'method': 'differential_evolution_v2', 'accepted_search': True, 'solver_message': 'Optimization terminated successfully.'}, {'theta': array([-7.27935010e+03, -2.96290973e-01]), 'n_active': 2, 'beta1_train': -712.3169403895621, 'beta0_train': -1620.2791264608486, 'beta1_val': -1012.6157241160421, 'beta0_val': -1685.7416062052266, 'selected_score': -1620.2791264608486, 'evaluations': 95, 'seconds': 0.06037880000076257, 'method': 'differential_evolution_v2', 'accepted_search': True, 'solver_message': 'Maximum number of iterations has been exceeded.'}, {'theta': array([-1.30975709e+02,  1.93469369e+00, -2.98324313e+03,  1.24978329e+00]), 'n_active': 4, 'beta1_train': 51.08121789339598, 'beta0_train': -10.510819603519018, 'beta1_val': 3144.226047276892, 'beta0_val': 3026.097077085644, 'selected_score': -19.14018737360004, 'evaluations': 185, 'seconds': 0.13317030000325758, 'method': 'differential_evolution_v2', 'accepted_search': True, 'solver_message': 'Maximum number of iterations has been exceeded.'}]",42,[],1200.0,1312.5757227777779,0.21795140001631808,0.3285994000034407
"[{'theta': array([-9554.44271533]), 'n_active': 1, 'beta1_train': -1986.3850199517883, 'beta0_train': -1991.7057156404412, 'beta1_val': -1418.5670503211022, 'beta0_val': -1581.0611648715267, 'selected_score': -1991.7057156404412, 'evaluations': 20, 'seconds': 0.027078200000687502, 'method': 'differential_evolution_v2', 'accepted_search': True, 'solver_message': 'Optimization terminated successfully.'}, {'theta': array([-8.66565128e+03, -1.04494321e+00]), 'n_active': 2, 'beta1_train': -3063.3131079572995, 'beta0_train': -3801.9242205703476, 'beta1_val': -2560.3725668323054, 'beta0_val': -3255.9000276011475, 'selected_score': -3801.9242205703476, 'evaluations': 45, 'seconds': 0.03408480000507552, 'method': 'differential_evolution_v2', 'accepted_search': True, 'solver_message': 'Optimization terminated successfully.'}, {'theta': array([ 8.22819472e+01, -7.10137117e-01, -5.05186184e+03, -8.13481231e-01]), 'n_active': 4, 'beta1_train': -3490.4035902621504, 'beta0_train': -3439.0527131201893, 'beta1_val': 2091.1914764554904, 'beta0_val': 3051.1753445911445, 'selected_score': -3504.750877941671, 'evaluations': 185, 'seconds': 0.1245758000004571, 'method': 'differential_evolution_v2', 'accepted_search': True, 'solver_message': 'Maximum number of iterations has been exceeded.'}]",42,[],1312.5757227777779,7277.330932037037,0.18573880000622012,0.29783889999089297
"[{'theta': array([-5257.20237557]), 'n_active': 1, 'beta1_train': -2490.5872576901734, 'beta0_train': -4206.044448932636, 'beta1_val': -1898.1348720000015, 'beta0_val': -4122.4624057700785, 'selected_score': -4206.044448932636, 'evaluations': 25, 'seconds': 0.032388399995397776, 'method': 'differential_evolution_v2', 'accepted_search': True, 'solver_message': 'Optimization terminated successfully.'}, {'theta': array([-7.20395074e+03,  1.69982789e+00]), 'n_active': 2, 'beta1_train': -961.1130935388685, 'beta0_train': -3626.8656868772487, 'beta1_val': -594.305685591497, 'beta0_val': -3207.8910048109187, 'selected_score': -3626.8656868772487, 'evaluations': 35, 'seconds': 0.028873299990664236, 'method': 'differential_evolution_v2', 'accepted_search': True, 'solver_message': 'Optimization terminated successfully.'}, {'theta': array([0., 0., 0., 0.]), 'n_active': 4, 'beta1_train': -845.9003562855743, 'beta0_train': -912.3620037491871, 'beta1_val': 1811.4451851760036, 'beta0_val': 1926.0928435916412, 'selected_score': -845.9003562855743, 'evaluations': 185, 'seconds': 0.1296738999953959, 'method': 'differential_evolution_v2', 'accepted_search': False, 'solver_message': 'Maximum number of iterations has been exceeded.'}]",42,[],7277.330932037037,4344.937440377812,0.19093559998145793,0.29941920000419486
"[{'theta': array([-7166.17414083]), 'n_active': 1, 'beta1_train': -4271.26934308849, 'beta0_train': -4299.9374605687335, 'beta1_val': -4303.199999999999, 'beta0_val': -4303.199999999999, 'selected_score': -4299.9374605687335, 'evaluations': 20, 'seconds': 0.026644099998520687, 'method': 'differential_evolution_v2', 'accepted_search': True, 'solver_message': 'Optimization terminated successfully.'}, {'theta': array([-9.27923967e+03,  4.83399379e-01]), 'n_active': 2, 'beta1_train': -748.8840637801025, 'beta0_train': -3338.7655151263916, 'beta1_val': -1237.978536707525, 'beta0_val': -3535.108619972331, 'selected_score': -3338.7655151263916, 'evaluations': 95, 'seconds': 0.058784799999557436, 'method': 'differential_evolution_v2', 'accepted_search': True, 'solver_message': 'Maximum number of iterations has been exceeded.'}, {'theta': array([-6.06877446e+03,  1.82880810e+00, -3.44374051e+03, -1.05845192e+00]), 'n_active': 4, 'beta1_train': -704.1987309087513, 'beta0_train': -906.0013446346305, 'beta1_val': -1206.298308378286, 'beta0_val': -1741.9655898279636, 'selected_score': -906.0013446346305, 'evaluations': 145, 'seconds': 0.10436840000329539, 'method': 'differential_evolution_v2', 'accepted_search': True, 'solver_message': 'Optimization terminated successfully.'}]",42,[],4344.937440377812,4196.791989135675,0.18979730000137351,0.2960646999999881
"[{'theta': array([-6377.06869762]), 'n_active': 1, 'beta1_train': -4280.894736544874, 'beta0_train': -4314.594427175667, 'beta1_val': -4317.6, 'beta0_val': -4317.6, 'selected_score': -4314.594427175667, 'evaluations': 25, 'seconds': 0.03150709999317769, 'method': 'differential_evolution_v2', 'accepted_search': True, 'solver_message': 'Optimization terminated successfully.'}, {'theta': array([-4.99613805e+03, -4.06349711e-01]), 'n_active': 2, 'beta1_train': -444.87221756398634, 'beta0_train': -3012.3749036565464, 'beta1_val': -379.7878255043297, 'beta0_val': -2890.142065078795, 'selected_score': -3012.3749036565464, 'evaluations': 35, 'seconds': 0.02891740000632126, 'method': 'differential_evolution_v2', 'accepted_search': True, 'solver_message': 'Optimization terminated successfully.'}, {'theta': array([   0.        ,   -0.54629227, -128.31062213,   -0.82592648]), 'n_active': 4, 'beta1_train': -557.3325543058501, 'beta0_train': -497.4638433744508, 'beta1_val': -1660.8544938683128, 'beta0_val': -1660.8544938683128, 'selected_score': -567.9318551352842, 'evaluations': 185, 'seconds': 0.12631750000582542, 'method': 'differential_evolution_v2', 'accepted_search': True, 'solver_message': 'Maximum number of iterations has been exceeded.'}]",42,[],4196.791989135675,4003.2166224074085,0.18674200000532437,0.2966466999932891
"[{'theta': array([-4351.51625442]), 'n_active': 1, 'beta1_train': -4015.271324775682, 'beta0_train': -4079.026552372403, 'beta1_val': -4083.5999999999995, 'beta0_val': -4083.5999999999995, 'selected_score': -4079.026552372403, 'evaluations': 50, 'seconds': 0.053964700011420064, 'method': 'differential_evolution_v2', 'accepted_search': True, 'solver_message': 'Maximum number of iterations has been exceeded.'}, {'theta': array([-4.13499529e+03, -2.26981001e-01]), 'n_active': 2, 'beta1_train': 674.9298836356876, 'beta0_train': -1198.934066564554, 'beta1_val': 752.9364678637835, 'beta0_val': -1232.4122580801602, 'selected_score': -1198.934066564554, 'evaluations': 35, 'seconds': 0.028077299997676164, 'method': 'differential_evolution_v2', 'accepted_search': True, 'solver_message': 'Optimization terminated successfully.'}, {'theta': array([-5.30850884e+03,  1.94647950e+00, -1.81538150e+03,  3.17931912e-01]), 'n_active': 4, 'beta1_train': -781.7623617205502, 'beta0_train': -807.3635760897073, 'beta1_val': -1387.216662076765, 'beta0_val': -1387.216662076765, 'selected_score': -807.3635760897073, 'evaluations': 185, 'seconds': 0.12875849999545608, 'method': 'differential_evolution_v2', 'accepted_search': True, 'solver_message': 'Maximum number of iterations has been exceeded.'}]",42,[],4003.2166224074085,4026.7888647701247,0.2108005000045523,0.3198488000052748
"[{'theta': array([-9395.46847599]), 'n_active': 1, 'beta1_train': -2841.884426074967, 'beta0_train': -2927.682861435237, 'beta1_val': -2934.0, 'beta0_val': -2934.0, 'selected_score': -2927.682861435237, 'evaluations': 20, 'seconds': 0.027252999992924742, 'method': 'differential_evolution_v2', 'accepted_search': True, 'solver_message': 'Optimization terminated successfully.'}, {'theta': array([-1.89087145e+03,  1.00087247e+00]), 'n_active': 2, 'beta1_train': 465.5589458070491, 'beta0_train': -2210.8096944934964, 'beta1_val': 597.6030999483683, 'beta0_val': -2222.2769574657113, 'selected_score': -2210.8096944934964, 'evaluations': 95, 'seconds': 0.059827400007634424, 'method': 'differential_evolution_v2', 'accepted_search': True, 'solver_message': 'Maximum number of iterations has been exceeded.'}, {'theta': array([-4.47727180e+02, -1.54416281e+00, -5.24108957e+03,  2.11615786e-01]), 'n_active': 4, 'beta1_train': 700.1665426968462, 'beta0_train': 297.798670973574, 'beta1_val': -1057.5673611740212, 'beta0_val': -1057.5673611740212, 'selected_score': 285.2232313226276, 'evaluations': 185, 'seconds': 0.13324920000741258, 'method': 'differential_evolution_v2', 'accepted_search': True, 'solver_message': 'Maximum number of iterations has been exceeded.'}]",42,[],4026.7888647701247,4379.409130263547,0.22032960000797175,0.3287360000103945
"[{'theta': array([-3044.95951535]), 'n_active': 1, 'beta1_train': -1443.0384268213872, 'beta0_train': -1443.469221172765, 'beta1_val': -1739.661950752031, 'beta0_val': -1739.661950752031, 'selected_score': -1443.469221172765, 'evaluations': 30, 'seconds': 0.036791899998206645, 'method': 'differential_evolution_v2', 'accepted_search': True, 'solver_message': 'Optimization terminated successfully.'}, {'theta': array([-3.78918998e+03,  1.89552479e+00]), 'n_active': 2, 'beta1_train': -2477.2913106350916, 'beta0_train': -3123.107525532271, 'beta1_val': -2612.824091592178, 'beta0_val': -3168.745978304702, 'selected_score': -3123.107525532271, 'evaluations': 55, 'seconds': 0.0433164999994915, 'method': 'differential_evolution_v2', 'accepted_search': True, 'solver_message': 'Optimization terminated successfully.'}, {'theta': array([-9600.,     0., -9600.,     0.]), 'n_active': 4, 'beta1_train': 299.6489336284921, 'beta0_train': 356.9225824722037, 'beta1_val': -1363.670251583503, 'beta0_val': -1380.0065833898163, 'selected_score': 356.9225824722037, 'evaluations': 185, 'seconds': 0.1255471999902511, 'method': 'differential_evolution_v2', 'accepted_search': False, 'solver_message': 'Maximum number of iterations has been exceeded.'}]",42,[],4379.409130263547,4034.351906706442,0.20565559998794924,0.3184157000068808
"[{'theta': array([-7358.08469326]), 'n_active': 1, 'beta1_train': -2081.3376977052217, 'beta0_train': -2098.3283482993606, 'beta1_val': -2375.0556673053934, 'beta0_val': -2375.0556673053934, 'selected_score': -2098.3283482993606, 'evaluations': 25, 'seconds': 0.03195940000296105, 'method': 'differential_evolution_v2', 'accepted_search': True, 'solver_message': 'Optimization terminated successfully.'}, {'theta': array([-4.61272437e+03,  1.13988512e+00]), 'n_active': 2, 'beta1_train': -3663.990142209625, 'beta0_train': -4367.216254264028, 'beta1_val': -3731.81443762228, 'beta0_val': -4370.4, 'selected_score': -4367.216254264028, 'evaluations': 55, 'seconds': 0.03996520000509918, 'method': 'differential_evolution_v2', 'accepted_search': True, 'solver_message': 'Optimization terminated successfully.'}, {'theta': array([-7.39472622e+01,  5.64908799e-01, -5.62199220e+03, -6.02589162e-01]), 'n_active': 4, 'beta1_train': -304.7502072398009, 'beta0_train': -401.7227089616585, 'beta1_val': -1808.3043556290947, 'beta0_val': -1808.3043556290947, 'selected_score': -419.5233215263752, 'evaluations': 185, 'seconds': 0.12642160001269076, 'method': 'differential_evolution_v2', 'accepted_search': True, 'solver_message': 'Maximum number of iterations has been exceeded.'}]",42,[],4034.351906706442,4371.068955825759,0.19834620002075098,0.3122497000003932
"[{'theta': array([-5590.52547366]), 'n_active': 1, 'beta1_train': -3789.1860816585113, 'beta0_train': -4153.835796746245, 'beta1_val': -4226.4, 'beta0_val': -4226.4, 'selected_score': -4153.835796746245, 'evaluations': 30, 'seconds': 0.03694409999297932, 'method': 'differential_evolution_v2', 'accepted_search': True, 'solver_message': 'Optimization terminated successfully.'}, {'theta': array([-5.25857354e+03, -6.27088255e-01]), 'n_active': 2, 'beta1_train': -119.33252134334828, 'beta0_train': -2780.41694108346, 'beta1_val': -602.3133686380311, 'beta0_val': -2916.550422105775, 'selected_score': -2780.41694108346, 'evaluations': 95, 'seconds': 0.058529099987936206, 'method': 'differential_evolution_v2', 'accepted_search': True, 'solver_message': 'Maximum number of iterations has been exceeded.'}, {'theta': array([-6.30834485e+01, -1.35966710e+00, -3.42381129e+03,  8.83162530e-02]), 'n_active': 4, 'beta1_train': -42.739708002485386, 'beta0_train': -8.740967432480502, 'beta1_val': -1332.3047570221358, 'beta0_val': -1332.3047570221358, 'selected_score': -45.796626581187574, 'evaluations': 185, 'seconds': 0.1296199000062188, 'method': 'differential_evolution_v2', 'accepted_search': True, 'solver_message': 'Maximum number of iterations has been exceeded.'}]",42,[],4371.068955825759,3954.301933511273,0.22509309998713434,0.33246959999087267
"[{'theta': array([-716.45917924]), 'n_active': 1, 'beta1_train': -4338.203091229732, 'beta0_train': -4497.724112432036, 'beta1_val': -4524.0, 'beta0_val': -4524.0, 'selected_score': -4497.724112432036, 'evaluations': 20, 'seconds': 0.027526399993803352, 'method': 'differential_evolution_v2', 'accepted_search': True, 'solver_message': 'Optimization terminated successfully.'}, {'theta': array([-7.12500506e+03,  1.12355582e+00]), 'n_active': 2, 'beta1_train': 109.38624012506162, 'beta0_train': -2761.462586515447, 'beta1_val': -177.10717272643842, 'beta0_val': -2647.8535149781173, 'selected_score': -2761.462586515447, 'evaluations': 95, 'seconds': 0.0589895000011893, 'method': 'differential_evolution_v2', 'accepted_search': True, 'solver_message': 'Maximum number of iterations has been exceeded.'}, {'theta': array([ 2.24979267e+02,  3.09852116e-01, -8.27464865e+03,  1.01727152e+00]), 'n_active': 4, 'beta1_train': -75.55352358619703, 'beta0_train': -91.65923960315705, 'beta1_val': -1623.1661089924612, 'beta0_val': -1623.1661089924612, 'selected_score': -125.32890680934864, 'evaluations': 185, 'seconds': 0.12752110000292305, 'method': 'differential_evolution_v2', 'accepted_search': True, 'solver_message': 'Maximum number of iterations has been exceeded.'}]",42,[],3954.301933511273,3737.33550436922,0.2140369999979157,0.3258625000016764
"[{'theta': array([-9324.76613392]), 'n_active': 1, 'beta1_train': -3271.0613641013488, 'beta0_train': -3445.365389101425, 'beta1_val': -3466.8, 'beta0_val': -3466.8, 'selected_score': -3445.365389101425, 'evaluations': 50, 'seconds': 0.05549230000178795, 'method': 'differential_evolution_v2', 'accepted_search': True, 'solver_message': 'Maximum number of iterations has been exceeded.'}, {'theta': array([-2.25724750e+03,  7.57982441e-01]), 'n_active': 2, 'beta1_train': 356.77438281960355, 'beta0_train': -2363.941469672934, 'beta1_val': 663.5394431447398, 'beta0_val': -2281.037559882089, 'selected_score': -2363.941469672934, 'evaluations': 95, 'seconds': 0.058507199995801784, 'method': 'differential_evolution_v2', 'accepted_search': True, 'solver_message': 'Maximum number of iterations has been exceeded.'}, {'theta': array([0., 0., 0., 0.]), 'n_active': 4, 'beta1_train': 870.4151553291518, 'beta0_train': 1070.2163519874243, 'beta1_val': -1223.9275351479191, 'beta0_val': -1223.9275351479191, 'selected_score': 870.4151553291518, 'evaluations': 185, 'seconds': 0.13300480000907555, 'method': 'differential_evolution_v2', 'accepted_search': True, 'solver_message': 'Maximum number of iterations has been exceeded.'}]",42,[],3737.33550436922,3427.191190376167,0.2470043000066653,0.35659099998883903
"[{'theta': array([-5657.16912928]), 'n_active': 1, 'beta1_train': -3419.412792089375, 'beta0_train': -3649.862394458561, 'beta1_val': -3682.8, 'beta0_val': -3682.8, 'selected_score': -3649.862394458561, 'evaluations': 30, 'seconds': 0.035682299989275634, 'method': 'differential_evolution_v2', 'accepted_search': True, 'solver_message': 'Optimization terminated successfully.'}, {'theta': array([-7.68810822e+03, -7.27810503e-01]), 'n_active': 2, 'beta1_train': 65.8871986932268, 'beta0_train': -2684.8059676564585, 'beta1_val': 389.7605567168248, 'beta0_val': -2535.139773705786, 'selected_score': -2684.8059676564585, 'evaluations': 45, 'seconds': 0.033042099996237084, 'method': 'differential_evolution_v2', 'accepted_search': True, 'solver_message': 'Optimization terminated successfully.'}, {'theta': array([-9.88400874e+01,  6.07609464e-01, -8.80622004e+03,  8.13998065e-01]), 'n_active': 4, 'beta1_train': 1384.7743434456343, 'beta0_train': 1263.7048118644518, 'beta1_val': -665.5956764160529, 'beta0_val': -1029.0438385141697, 'selected_score': 1077.2950046869887, 'evaluations': 185, 'seconds': 0.12819989999115933, 'method': 'differential_evolution_v2', 'accepted_search': True, 'solver_message': 'Maximum number of iterations has been exceeded.'}]",42,[],3427.191190376167,3897.704546920143,0.19692429997667205,0.30758639999839943
"[{'theta': array([-1892.76589087]), 'n_active': 1, 'beta1_train': -2757.9164572982545, 'beta0_train': -3011.256949989144, 'beta1_val': -3077.9999999999995, 'beta0_val': -3077.9999999999995, 'selected_score': -3011.256949989144, 'evaluations': 30, 'seconds': 0.03693129999737721, 'method': 'differential_evolution_v2', 'accepted_search': True, 'solver_message': 'Optimization terminated successfully.'}, {'theta': array([-1.63925846e+03, -6.45098814e-01]), 'n_active': 2, 'beta1_train': 41.46274137349325, 'beta0_train': -2364.1806460775274, 'beta1_val': -131.9339357677968, 'beta0_val': -2595.29899996191, 'selected_score': -2364.1806460775274, 'evaluations': 95, 'seconds': 0.05774020000535529, 'method': 'differential_evolution_v2', 'accepted_search': True, 'solver_message': 'Maximum number of iterations has been exceeded.'}, {'theta': array([0., 0., 0., 0.]), 'n_active': 4, 'beta1_train': 2055.4382021610154, 'beta0_train': 2347.7220358336335, 'beta1_val': -919.1948353698677, 'beta0_val': -919.1948353698677, 'selected_score': 2055.4382021610154, 'evaluations': 185, 'seconds': 0.1285414000012679, 'method': 'differential_evolution_v2', 'accepted_search': True, 'solver_message': 'Maximum number of iterations has been exceeded.'}]",42,[],3897.704546920143,2963.8726284423133,0.2232129000040004,0.3325470999989193
"[{'theta': array([-560.35430872]), 'n_active': 1, 'beta1_train': -746.6490226569994, 'beta0_train': -879.0615272085647, 'beta1_val': -1042.4226483132038, 'beta0_val': -1042.4226483132038, 'selected_score': -881.229882020273, 'evaluations': 50, 'seconds': 0.05339730001287535, 'method': 'differential_evolution_v2', 'accepted_search': True, 'solver_message': 'Maximum number of iterations has been exceeded.'}, {'theta': array([-7.47933054e+03,  1.54897837e+00]), 'n_active': 2, 'beta1_train': -2512.5618219122157, 'beta0_train': -3094.6540404142524, 'beta1_val': -1703.2548720451193, 'beta0_val': -2935.156627320511, 'selected_score': -3094.6540404142524, 'evaluations': 95, 'seconds': 0.06151290000707377, 'method': 'differential_evolution_v2', 'accepted_search': True, 'solver_message': 'Maximum number of iterations has been exceeded.'}, {'theta': array([-211.32538463,    0.3008918 , -129.22845999,    1.08971518]), 'n_active': 4, 'beta1_train': 973.3712052216891, 'beta0_train': 1017.3806024142949, 'beta1_val': -819.2939272717072, 'beta0_val': -819.2939272717072, 'selected_score': 904.5711946342589, 'evaluations': 185, 'seconds': 0.12810580000223126, 'method': 'differential_evolution_v2', 'accepted_search': True, 'solver_message': 'Maximum number of iterations has been exceeded.'}]",42,[],2963.8726284423133,3046.623128912865,0.24301600002218038,0.35303110000677407
"[{'theta': array([-245.42004247]), 'n_active': 1, 'beta1_train': -1169.886720619257, 'beta0_train': -1170.641940808157, 'beta1_val': -1608.561878968061, 'beta0_val': -1608.561878968061, 'selected_score': -1191.2805174128016, 'evaluations': 50, 'seconds': 0.0534505999967223, 'method': 'differential_evolution_v2', 'accepted_search': True, 'solver_message': 'Optimization terminated successfully.'}, {'theta': array([-1.78619703e+03, -9.69513852e-02]), 'n_active': 2, 'beta1_train': -3290.414721869588, 'beta0_train': -4283.4705321383, 'beta1_val': -3173.339799432483, 'beta0_val': -4285.2, 'selected_score': -4283.4705321383, 'evaluations': 95, 'seconds': 0.05688709999958519, 'method': 'differential_evolution_v2', 'accepted_search': True, 'solver_message': 'Maximum number of iterations has been exceeded.'}, {'theta': array([-7.07786258e+01, -7.79487333e-01, -9.04948511e+03,  3.13841149e-03]), 'n_active': 4, 'beta1_train': 807.6706873966662, 'beta0_train': 804.6436572828613, 'beta1_val': -1460.4528551497176, 'beta0_val': -1460.4528551497176, 'selected_score': 616.9005407102809, 'evaluations': 185, 'seconds': 0.1286106000043219, 'method': 'differential_evolution_v2', 'accepted_search': True, 'solver_message': 'Maximum number of iterations has been exceeded.'}]",42,[],3046.623128912865,4286.251897824517,0.2389483000006294,0.3501360000082059
"[{'theta': array([-2261.13072885]), 'n_active': 1, 'beta1_train': -2859.7821000270524, 'beta0_train': -3529.0809605415843, 'beta1_val': -3416.721822153001, 'beta0_val': -3627.6000000000004, 'selected_score': -3529.0809605415843, 'evaluations': 25, 'seconds': 0.03161499999987427, 'method': 'differential_evolution_v2', 'accepted_search': True, 'solver_message': 'Optimization terminated successfully.'}, {'theta': array([-8.10867393e+03, -2.43943772e-01]), 'n_active': 2, 'beta1_train': -631.9420535709671, 'beta0_train': -2845.754493056773, 'beta1_val': -742.0572800994732, 'beta0_val': -2895.172024355384, 'selected_score': -2845.754493056773, 'evaluations': 95, 'seconds': 0.059130699999514036, 'method': 'differential_evolution_v2', 'accepted_search': True, 'solver_message': 'Maximum number of iterations has been exceeded.'}, {'theta': array([-329.359104  ,   -1.06583585, -402.52894474,    1.52871333]), 'n_active': 4, 'beta1_train': 2880.3855240716307, 'beta0_train': 2797.6045813999913, 'beta1_val': -1013.299071908061, 'beta0_val': -1107.8342581391992, 'selected_score': 2497.022373587032, 'evaluations': 185, 'seconds': 0.1294911000004504, 'method': 'differential_evolution_v2', 'accepted_search': True, 'solver_message': 'Maximum number of iterations has been exceeded.'}]",42,[],4286.251897824517,2705.0864242349194,0.2202367999998387,0.32909480000671465
"[{'theta': array([-4732.68476987]), 'n_active': 1, 'beta1_train': -3881.4963581445663, 'beta0_train': -4110.734955678642, 'beta1_val': -4157.999999999999, 'beta0_val': -4157.999999999999, 'selected_score': -4110.734955678642, 'evaluations': 35, 'seconds': 0.04146390000823885, 'method': 'differential_evolution_v2', 'accepted_search': True, 'solver_message': 'Optimization terminated successfully.'}, {'theta': array([-1.82213411e+03,  1.12723731e+00]), 'n_active': 2, 'beta1_train': -818.1496801943563, 'beta0_train': -3416.7163482150163, 'beta1_val': 1650.832037742488, 'beta0_val': -2936.7351443347807, 'selected_score': -3416.7163482150163, 'evaluations': 65, 'seconds': 0.046491799992509186, 'method': 'differential_evolution_v2', 'accepted_search': True, 'solver_message': 'Optimization terminated successfully.'}, {'theta': array([-3.93793614e+02, -1.17031515e+00, -3.61875875e+03, -5.14248053e-01]), 'n_active': 4, 'beta1_train': 2381.0377297494415, 'beta0_train': 2190.961118636124, 'beta1_val': -636.9495206058963, 'beta0_val': -835.4068802456223, 'selected_score': 2051.004961928466, 'evaluations': 185, 'seconds': 0.12608050000562798, 'method': 'differential_evolution_v2', 'accepted_search': True, 'solver_message': 'Maximum number of iterations has been exceeded.'}]",42,[],2705.0864242349194,2352.222297971183,0.21403620000637602,0.3201801999966847
"[{'theta': array([-8295.60252194]), 'n_active': 1, 'beta1_train': -3830.553575793333, 'beta0_train': -4141.207248722924, 'beta1_val': -4198.8, 'beta0_val': -4198.8, 'selected_score': -4141.207248722924, 'evaluations': 20, 'seconds': 0.02824480000708718, 'method': 'differential_evolution_v2', 'accepted_search': True, 'solver_message': 'Optimization terminated successfully.'}, {'theta': array([-4.08675490e+03,  1.93320403e+00]), 'n_active': 2, 'beta1_train': 20.513689017451767, 'beta0_train': -2804.164330969526, 'beta1_val': -934.3391482436004, 'beta0_val': -3203.53200212042, 'selected_score': -2804.164330969526, 'evaluations': 95, 'seconds': 0.058684700008598156, 'method': 'differential_evolution_v2', 'accepted_search': True, 'solver_message': 'Maximum number of iterations has been exceeded.'}, {'theta': array([ -72.23373337,    1.16085589, -148.6079694 ,   -0.25876768]), 'n_active': 4, 'beta1_train': 1925.1841175919558, 'beta0_train': 1981.429527570798, 'beta1_val': -909.0917007281209, 'beta0_val': -909.0917007281209, 'selected_score': 1813.6232023547464, 'evaluations': 185, 'seconds': 0.1269985000108136, 'method': 'differential_evolution_v2', 'accepted_search': True, 'solver_message': 'Maximum number of iterations has been exceeded.'}]",42,[],2352.222297971183,2717.880901697409,0.21392800002649892,0.3240315000002738
"[{'theta': array([-6492.2656235]), 'n_active': 1, 'beta1_train': -4007.6698377679654, 'beta0_train': -4217.459893670301, 'beta1_val': -4232.886648016666, 'beta0_val': -4259.846001884773, 'selected_score': -4217.459893670301, 'evaluations': 15, 'seconds': 0.02347850000660401, 'method': 'differential_evolution_v2', 'accepted_search': True, 'solver_message': 'Optimization terminated successfully.'}, {'theta': array([-4.30459407e+03, -6.63365081e-01]), 'n_active': 2, 'beta1_train': -667.0937503885964, 'beta0_train': -3222.151602734891, 'beta1_val': -853.0024315181267, 'beta0_val': -3057.0721357524358, 'selected_score': -3222.151602734891, 'evaluations': 45, 'seconds': 0.033216099996934645, 'method': 'differential_evolution_v2', 'accepted_search': True, 'solver_message': 'Optimization terminated successfully.'}, {'theta': array([-3.01170089e+02, -1.43947997e-01, -1.19904074e+03,  7.43037674e-01]), 'n_active': 4, 'beta1_train': 3256.5289115527335, 'beta0_train': 3185.1998141910344, 'beta1_val': -270.6173930368748, 'beta0_val': -1121.0000735003273, 'selected_score': 2810.299708893654, 'evaluations': 185, 'seconds': 0.12640179999289103, 'method': 'differential_evolution_v2', 'accepted_search': True, 'solver_message': 'Maximum number of iterations has been exceeded.'}]",42,[],2717.880901697409,2525.473435310001,0.18309639999642968,0.2903885999985505
"[{'theta': array([-8172.1726734]), 'n_active': 1, 'beta1_train': -2869.4238024492347, 'beta0_train': -3159.445992295881, 'beta1_val': -3201.5999999999995, 'beta0_val': -3201.5999999999995, 'selected_score': -3159.445992295881, 'evaluations': 20, 'seconds': 0.0272910000057891, 'method': 'differential_evolution_v2', 'accepted_search': True, 'solver_message': 'Optimization terminated successfully.'}, {'theta': array([-9.59894955e+03, -8.61949830e-02]), 'n_active': 2, 'beta1_train': 353.64464218394454, 'beta0_train': -2589.7171013344678, 'beta1_val': -216.29525758502496, 'beta0_val': -2770.133652175732, 'selected_score': -2589.7171013344678, 'evaluations': 45, 'seconds': 0.03356619999976829, 'method': 'differential_evolution_v2', 'accepted_search': True, 'solver_message': 'Optimization terminated successfully.'}, {'theta': array([-9600.,     0., -9600.,     0.]), 'n_active': 4, 'beta1_train': 2811.25702690804, 'beta0_train': 2801.163321574206, 'beta1_val': 741.8804272047214, 'beta0_val': -746.7201691686232, 'selected_score': 2801.163321574206, 'evaluations': 185, 'seconds': 0.1254670000053011, 'method': 'differential_evolution_v2', 'accepted_search': False, 'solver_message': 'Maximum number of iterations has been exceeded.'}]",42,[],2525.473435310001,2391.789527466583,0.18632420001085848,0.2956934999965597
"[{'theta': array([-1815.37484598]), 'n_active': 1, 'beta1_train': -648.9698448087057, 'beta0_train': -680.3203313513883, 'beta1_val': -1008.6607519691157, 'beta0_val': -1008.6607519691157, 'selected_score': -680.3203313513883, 'evaluations': 20, 'seconds': 0.026519599996390752, 'method': 'differential_evolution_v2', 'accepted_search': True, 'solver_message': 'Optimization terminated successfully.'}, {'theta': array([-6.04817554e+03,  8.96533393e-01]), 'n_active': 2, 'beta1_train': -1308.681346478063, 'beta0_train': -2193.6000000000004, 'beta1_val': -1048.651735466775, 'beta0_val': -2193.6, 'selected_score': -2193.6000000000004, 'evaluations': 95, 'seconds': 0.05802510000648908, 'method': 'differential_evolution_v2', 'accepted_search': True, 'solver_message': 'Maximum number of iterations has been exceeded.'}, {'theta': array([ 6.18364619e+03,  4.40600124e-01, -2.70950576e+02,  1.55944804e+00]), 'n_active': 4, 'beta1_train': 1904.2073195003852, 'beta0_train': 1981.2911220833212, 'beta1_val': -486.30544625447163, 'beta0_val': -486.30544625447163, 'selected_score': 1820.426932490243, 'evaluations': 185, 'seconds': 0.12699849999626167, 'method': 'differential_evolution_v2', 'accepted_search': True, 'solver_message': 'Maximum number of iterations has been exceeded.'}]",42,[],2391.789527466583,2734.5811885043186,0.2115431999991415,0.3237756000016816
"[{'theta': array([-3114.59990095]), 'n_active': 1, 'beta1_train': -1001.6489447676321, 'beta0_train': -1007.6885594911661, 'beta1_val': -1392.395798606607, 'beta0_val': -1392.395798606607, 'selected_score': -1007.6885594911661, 'evaluations': 15, 'seconds': 0.021807600001920946, 'method': 'differential_evolution_v2', 'accepted_search': True, 'solver_message': 'Optimization terminated successfully.'}, {'theta': array([-8.16331993e+03, -1.03103570e+00]), 'n_active': 2, 'beta1_train': -3175.9301635552015, 'beta0_train': -3969.593606425882, 'beta1_val': -3217.7159250795603, 'beta0_val': -3804.4344012990737, 'selected_score': -3969.593606425882, 'evaluations': 95, 'seconds': 0.058405699994182214, 'method': 'differential_evolution_v2', 'accepted_search': True, 'solver_message': 'Maximum number of iterations has been exceeded.'}, {'theta': array([   0.        ,    1.05441039, -191.73715339,   -0.60119901]), 'n_active': 4, 'beta1_train': 1390.6860077483188, 'beta0_train': 1574.4624019458447, 'beta1_val': -1194.4783606041087, 'beta0_val': -1226.764280172399, 'selected_score': 1262.2289351457878, 'evaluations': 185, 'seconds': 0.1280177000007825, 'method': 'differential_evolution_v2', 'accepted_search': True, 'solver_message': 'Maximum number of iterations has been exceeded.'}]",42,[],2734.5811885043186,3132.8085472518032,0.20823099999688566,0.3199509999976726
"[{'theta': array([-6930.13505205]), 'n_active': 1, 'beta1_train': -2140.422818822642, 'beta0_train': -3308.4278623881055, 'beta1_val': -2817.564372663346, 'beta0_val': -4069.7891640269972, 'selected_score': -3308.4278623881055, 'evaluations': 50, 'seconds': 0.05454450000252109, 'method': 'differential_evolution_v2', 'accepted_search': True, 'solver_message': 'Maximum number of iterations has been exceeded.'}, {'theta': array([-7.79266570e+03,  3.52774699e-01]), 'n_active': 2, 'beta1_train': -324.0356952389568, 'beta0_train': -2879.4091461186395, 'beta1_val': -1066.3677212871467, 'beta0_val': -3100.8030726894026, 'selected_score': -2879.4091461186395, 'evaluations': 45, 'seconds': 0.03442150000773836, 'method': 'differential_evolution_v2', 'accepted_search': True, 'solver_message': 'Optimization terminated successfully.'}, {'theta': array([-1.64341737e+02,  3.46409279e-01, -7.89804777e+03, -1.11097362e+00]), 'n_active': 4, 'beta1_train': 2822.416905768177, 'beta0_train': 2898.329948484732, 'beta1_val': -232.70129405381658, 'beta0_val': -410.82278785612834, 'selected_score': 2623.162886057383, 'evaluations': 185, 'seconds': 0.12662850000197068, 'method': 'differential_evolution_v2', 'accepted_search': True, 'solver_message': 'Maximum number of iterations has been exceeded.'}]",42,[],3132.8085472518032,2480.800018769982,0.21559450001223013,0.32799200000590645
"[{'theta': array([-2320.21039328]), 'n_active': 1, 'beta1_train': -4103.376010631113, 'beta0_train': -4282.801490512279, 'beta1_val': -4333.2, 'beta0_val': -4333.2, 'selected_score': -4282.801490512279, 'evaluations': 15, 'seconds': 0.023204500001156703, 'method': 'differential_evolution_v2', 'accepted_search': True, 'solver_message': 'Optimization terminated successfully.'}, {'theta': array([-8.10963809e+03,  1.39015997e+00]), 'n_active': 2, 'beta1_train': -378.25554231337276, 'beta0_train': -3010.615763752174, 'beta1_val': -242.37590120782716, 'beta0_val': -2676.7805238277097, 'selected_score': -3010.615763752174, 'evaluations': 95, 'seconds': 0.0591732999891974, 'method': 'differential_evolution_v2', 'accepted_search': True, 'solver_message': 'Maximum number of iterations has been exceeded.'}, {'theta': array([-9600.,     0., -9600.,     0.]), 'n_active': 4, 'beta1_train': 2741.9266963269297, 'beta0_train': 2820.132271050155, 'beta1_val': -134.08054178466045, 'beta0_val': -955.6842523639965, 'selected_score': 2820.132271050155, 'evaluations': 185, 'seconds': 0.12633729999652132, 'method': 'differential_evolution_v2', 'accepted_search': False, 'solver_message': 'Maximum number of iterations has been exceeded.'}]",42,[],2480.800018769982,2245.066896734039,0.20871509998687543,0.3154101999971317
"[{'theta': array([-2187.07380183]), 'n_active': 1, 'beta1_train': -3686.1949049627733, 'beta0_train': -4002.5084561925414, 'beta1_val': -4060.7999999999993, 'beta0_val': -4060.7999999999993, 'selected_score': -4002.5084561925414, 'evaluations': 50, 'seconds': 0.05264500000339467, 'method': 'differential_evolution_v2', 'accepted_search': True, 'solver_message': 'Maximum number of iterations has been exceeded.'}, {'theta': array([-4.90322878e+03, -1.23334405e+00]), 'n_active': 2, 'beta1_train': -51.303381590819185, 'beta0_train': -2642.7760816695354, 'beta1_val': 4.893949244121359, 'beta0_val': -2560.674110429135, 'selected_score': -2642.7760816695354, 'evaluations': 95, 'seconds': 0.05859269999200478, 'method': 'differential_evolution_v2', 'accepted_search': True, 'solver_message': 'Maximum number of iterations has been exceeded.'}, {'theta': array([0., 0., 0., 0.]), 'n_active': 4, 'beta1_train': 2591.536063483102, 'beta0_train': 2932.200360707417, 'beta1_val': -523.8364585515957, 'beta0_val': -523.8364585515957, 'selected_score': 2591.536063483102, 'evaluations': 185, 'seconds': 0.1287642999959644, 'method': 'differential_evolution_v2', 'accepted_search': True, 'solver_message': 'Maximum number of iterations has been exceeded.'}]",42,[],2245.066896734039,1200.0,0.24000199999136385,0.35189879999961704
"[{'theta': array([-6366.60149361]), 'n_active': 1, 'beta1_train': -3818.6194183569473, 'beta0_train': -3890.2811645186894, 'beta1_val': -651.3645882938622, 'beta0_val': -2508.701325468814, 'selected_score': -3890.2811645186894, 'evaluations': 20, 'seconds': 0.026612700006808154, 'method': 'differential_evolution_v2', 'accepted_search': True, 'solver_message': 'Optimization terminated successfully.'}, {'theta': array([-3.25961384e+03, -1.43547381e-01]), 'n_active': 2, 'beta1_train': -394.1580534882124, 'beta0_train': -2802.1841711391303, 'beta1_val': 2477.3479202324565, 'beta0_val': -1926.0680874723457, 'selected_score': -2802.1841711391303, 'evaluations': 95, 'seconds': 0.058204899993143044, 'method': 'differential_evolution_v2', 'accepted_search': True, 'solver_message': 'Maximum number of iterations has been exceeded.'}, {'theta': array([0., 0., 0., 0.]), 'n_active': 4, 'beta1_train': 730.7975449577492, 'beta0_train': 741.4912606847014, 'beta1_val': 15730.450213611424, 'beta0_val': 17987.542443779133, 'selected_score': 730.7975449577492, 'evaluations': 185, 'seconds': 0.12808579999546055, 'method': 'differential_evolution_v2', 'accepted_search': False, 'solver_message': 'Maximum number of iterations has been exceeded.'}]",42,[],1200.0,1200.0,0.21290339999541175,0.3215226000029361
"[{'theta': array([-9600.]), 'n_active': 1, 'beta1_train': -1903.9056926308858, 'beta0_train': -1949.5871779235777, 'beta1_val': 1019.328107398688, 'beta0_val': -446.20027436821806, 'selected_score': -1949.5871779235777, 'evaluations': 50, 'seconds': 0.05372779999743216, 'method': 'differential_evolution_v2', 'accepted_search': False, 'solver_message': 'Maximum number of iterations has been exceeded.'}, {'theta': array([-2.05563550e+03, -9.58768678e-01]), 'n_active': 2, 'beta1_train': 1273.818690752258, 'beta0_train': -1057.112039358735, 'beta1_val': 10652.657953754566, 'beta0_val': 9940.095186812438, 'selected_score': -1057.112039358735, 'evaluations': 55, 'seconds': 0.04323310000472702, 'method': 'differential_evolution_v2', 'accepted_search': True, 'solver_message': 'Optimization terminated successfully.'}, {'theta': array([ 3.14085013e+02, -3.14059650e-01, -1.52202629e+03, -8.93867479e-01]), 'n_active': 4, 'beta1_train': 1078.234496704609, 'beta0_train': 1207.0248849332143, 'beta1_val': 13388.709435597395, 'beta0_val': 15442.954477686275, 'selected_score': 1021.9626703810312, 'evaluations': 185, 'seconds': 0.13723929999105167, 'method': 'differential_evolution_v2', 'accepted_search': True, 'solver_message': 'Maximum number of iterations has been exceeded.'}]",42,[],1200.0,1254.182055,0.23420019999321084,0.34810319999814965
"[{'theta': array([-7734.62621272]), 'n_active': 1, 'beta1_train': -1021.83456392426, 'beta0_train': -1026.7522860756517, 'beta1_val': 1512.1437613316796, 'beta0_val': 1217.4207538647622, 'selected_score': -1026.7522860756517, 'evaluations': 35, 'seconds': 0.04277430000365712, 'method': 'differential_evolution_v2', 'accepted_search': True, 'solver_message': 'Optimization terminated successfully.'}, {'theta': array([-1.91404443e+03,  1.14204066e+00]), 'n_active': 2, 'beta1_train': -1760.4790774292132, 'beta0_train': -2380.626566595987, 'beta1_val': -1631.9848639533202, 'beta0_val': -2394.0, 'selected_score': -2380.626566595987, 'evaluations': 35, 'seconds': 0.03144340000289958, 'method': 'differential_evolution_v2', 'accepted_search': True, 'solver_message': 'Optimization terminated successfully.'}, {'theta': array([0., 0., 0., 0.]), 'n_active': 4, 'beta1_train': 515.6596585528324, 'beta0_train': 691.4419834946578, 'beta1_val': 8828.330872085637, 'beta0_val': 11941.871379158256, 'selected_score': 515.6596585528324, 'evaluations': 185, 'seconds': 0.12487170001259074, 'method': 'differential_evolution_v2', 'accepted_search': True, 'solver_message': 'Maximum number of iterations has been exceeded.'}]",42,[],1254.182055,1200.0000033639676,0.19908940001914743,0.31309029999829363
"[{'theta': array([0.]), 'n_active': 1, 'beta1_train': -2029.3933549851972, 'beta0_train': -2033.9023474026692, 'beta1_val': 258.66328119892637, 'beta0_val': 312.91531371491874, 'selected_score': -2029.3933549851972, 'evaluations': 50, 'seconds': 0.05366790000698529, 'method': 'differential_evolution_v2', 'accepted_search': False, 'solver_message': 'Maximum number of iterations has been exceeded.'}, {'theta': array([-7.97601448e+03,  1.07151706e+00]), 'n_active': 2, 'beta1_train': -3471.421515390145, 'beta0_train': -4206.6730497720755, 'beta1_val': -1733.4699953778336, 'beta0_val': -3588.3551284717696, 'selected_score': -4206.6730497720755, 'evaluations': 95, 'seconds': 0.05731309999828227, 'method': 'differential_evolution_v2', 'accepted_search': True, 'solver_message': 'Maximum number of iterations has been exceeded.'}, {'theta': array([0., 0., 0., 0.]), 'n_active': 4, 'beta1_train': -964.8069839274028, 'beta0_train': -1109.6088832935454, 'beta1_val': 6434.846885534331, 'beta0_val': 7293.643378329562, 'selected_score': -964.8069839274028, 'evaluations': 185, 'seconds': 0.12357340000744443, 'method': 'differential_evolution_v2', 'accepted_search': False, 'solver_message': 'Maximum number of iterations has been exceeded.'}]",42,[],1200.0000033639676,2108.6610561187917,0.234554400012712,0.3426015000004554
"[{'theta': array([-9008.80864201]), 'n_active': 1, 'beta1_train': -3844.181459557809, 'beta0_train': -3924.393806787119, 'beta1_val': -2995.1986162938138, 'beta0_val': -3602.2824067178376, 'selected_score': -3924.393806787119, 'evaluations': 25, 'seconds': 0.03198109999357257, 'method': 'differential_evolution_v2', 'accepted_search': True, 'solver_message': 'Optimization terminated successfully.'}, {'theta': array([-8.33688005e+03, -1.98412270e+00]), 'n_active': 2, 'beta1_train': -274.2038849966145, 'beta0_train': -2892.351385653992, 'beta1_val': 4240.442086225183, 'beta0_val': -2082.397119251856, 'selected_score': -2892.351385653992, 'evaluations': 95, 'seconds': 0.05851289999554865, 'method': 'differential_evolution_v2', 'accepted_search': True, 'solver_message': 'Maximum number of iterations has been exceeded.'}, {'theta': array([0., 0., 0., 0.]), 'n_active': 4, 'beta1_train': -540.0474949022235, 'beta0_train': -597.3600385727618, 'beta1_val': 6901.608035453919, 'beta0_val': 9365.97277852488, 'selected_score': -540.0474949022235, 'evaluations': 185, 'seconds': 0.12807740000425838, 'method': 'differential_evolution_v2', 'accepted_search': False, 'solver_message': 'Maximum number of iterations has been exceeded.'}]",42,[],2108.6610561187917,1200.0,0.2185713999933796,0.328503600001568
"[{'theta': array([-1988.351774]), 'n_active': 1, 'beta1_train': -4574.478195252762, 'beta0_train': -4620.300695296647, 'beta1_val': -4634.819965666927, 'beta0_val': -4634.819965666927, 'selected_score': -4620.300695296647, 'evaluations': 20, 'seconds': 0.027704599997377954, 'method': 'differential_evolution_v2', 'accepted_search': True, 'solver_message': 'Optimization terminated successfully.'}, {'theta': array([-2.44147826e+03, -1.05250147e-01]), 'n_active': 2, 'beta1_train': -1749.5347754433897, 'beta0_train': -4513.423540307544, 'beta1_val': 608.5102670490323, 'beta0_val': -4119.232552244654, 'selected_score': -4513.423540307544, 'evaluations': 35, 'seconds': 0.0293727999960538, 'method': 'differential_evolution_v2', 'accepted_search': True, 'solver_message': 'Optimization terminated successfully.'}, {'theta': array([-1.73480746e+02,  7.20216414e-02, -8.92649380e+03, -3.75598114e-01]), 'n_active': 4, 'beta1_train': -1577.1358758687684, 'beta0_train': -1556.0096964298737, 'beta1_val': 898.7264578643908, 'beta0_val': 757.2869527866021, 'selected_score': -1607.342072599219, 'evaluations': 185, 'seconds': 0.12608869999530725, 'method': 'differential_evolution_v2', 'accepted_search': True, 'solver_message': 'Maximum number of iterations has been exceeded.'}]",42,[],1200.0,2404.447321481482,0.183166099988739,0.2915852000005543
"[{'theta': array([-1790.68447072]), 'n_active': 1, 'beta1_train': -4863.072652991954, 'beta0_train': -4953.891099159175, 'beta1_val': -3429.529636361661, 'beta0_val': -4457.664245700961, 'selected_score': -4953.891099159175, 'evaluations': 20, 'seconds': 0.028771600002073683, 'method': 'differential_evolution_v2', 'accepted_search': True, 'solver_message': 'Optimization terminated successfully.'}, {'theta': array([-4.13044599e+03, -8.38942529e-01]), 'n_active': 2, 'beta1_train': -448.660466181676, 'beta0_train': -3146.907218485633, 'beta1_val': 8244.907533511556, 'beta0_val': 4482.796610771089, 'selected_score': -3146.907218485633, 'evaluations': 65, 'seconds': 0.043473900004755706, 'method': 'differential_evolution_v2', 'accepted_search': True, 'solver_message': 'Optimization terminated successfully.'}, {'theta': array([-2.18566842e+02, -1.45085917e+00, -1.95492422e+03, -2.54050057e-02]), 'n_active': 4, 'beta1_train': -409.118523495861, 'beta0_train': -634.2064942645223, 'beta1_val': 1773.0304002083512, 'beta0_val': 1623.7888399998628, 'selected_score': -757.7956225703123, 'evaluations': 185, 'seconds': 0.12292280000110622, 'method': 'differential_evolution_v2', 'accepted_search': True, 'solver_message': 'Maximum number of iterations has been exceeded.'}]",42,[],2404.447321481482,4472.2990687241145,0.1951683000079356,0.2996893000090495
"[{'theta': array([-3502.72866925]), 'n_active': 1, 'beta1_train': -4421.423766386355, 'beta0_train': -4475.626249168426, 'beta1_val': -4484.4, 'beta0_val': -4484.4, 'selected_score': -4475.626249168426, 'evaluations': 20, 'seconds': 0.02813839999726042, 'method': 'differential_evolution_v2', 'accepted_search': True, 'solver_message': 'Optimization terminated successfully.'}, {'theta': array([-9.01047182e+03,  1.92446761e+00]), 'n_active': 2, 'beta1_train': -295.08483744240027, 'beta0_train': -3238.5944534797964, 'beta1_val': -747.1222402263379, 'beta0_val': -3458.978299192397, 'selected_score': -3238.5944534797964, 'evaluations': 65, 'seconds': 0.044937700004084036, 'method': 'differential_evolution_v2', 'accepted_search': True, 'solver_message': 'Optimization terminated successfully.'}, {'theta': array([-8.65201317e+03,  6.27011619e-01, -4.61279751e+02,  1.83061637e+00]), 'n_active': 4, 'beta1_train': -140.6301924172036, 'beta0_train': -292.01703396671087, 'beta1_val': -1876.4359344810687, 'beta0_val': -1876.4359344810687, 'selected_score': -347.5092174015213, 'evaluations': 185, 'seconds': 0.1292775000038091, 'method': 'differential_evolution_v2', 'accepted_search': True, 'solver_message': 'Maximum number of iterations has been exceeded.'}]",42,[],4472.2990687241145,4710.78361627107,0.20235360000515357,0.30690149999281857
"[{'theta': array([-8966.95364939]), 'n_active': 1, 'beta1_train': -1519.35095206504, 'beta0_train': -1600.2610984260923, 'beta1_val': -1604.4000000000003, 'beta0_val': -1604.4000000000003, 'selected_score': -1600.2610984260923, 'evaluations': 15, 'seconds': 0.022693100007018074, 'method': 'differential_evolution_v2', 'accepted_search': True, 'solver_message': 'Optimization terminated successfully.'}, {'theta': array([-6.56311953e+03, -1.09193838e+00]), 'n_active': 2, 'beta1_train': 1992.383905909276, 'beta0_train': -1151.0290670480558, 'beta1_val': 1532.4553009351778, 'beta0_val': -1377.9844887491058, 'selected_score': -1151.0290670480558, 'evaluations': 55, 'seconds': 0.04027549999591429, 'method': 'differential_evolution_v2', 'accepted_search': True, 'solver_message': 'Optimization terminated successfully.'}, {'theta': array([-2.86127187e+02,  1.58814765e+00, -4.96514197e+02,  2.76195683e-01]), 'n_active': 4, 'beta1_train': 987.0184272668802, 'beta0_train': 656.4664179536147, 'beta1_val': -694.5339158828192, 'beta0_val': -694.5339158828192, 'selected_score': 596.3728902434685, 'evaluations': 185, 'seconds': 0.13768670000717975, 'method': 'differential_evolution_v2', 'accepted_search': True, 'solver_message': 'Maximum number of iterations has been exceeded.'}]",42,[],4710.78361627107,4406.288586099062,0.20065530001011211,0.31534950000059325
"[{'theta': array([-5214.0036352]), 'n_active': 1, 'beta1_train': -1148.9476157281172, 'beta0_train': -1165.0414866678225, 'beta1_val': -1456.871857787507, 'beta0_val': -1456.871857787507, 'selected_score': -1165.0414866678225, 'evaluations': 30, 'seconds': 0.0367376000067452, 'method': 'differential_evolution_v2', 'accepted_search': True, 'solver_message': 'Optimization terminated successfully.'}, {'theta': array([-8.77208573e+03,  6.04117617e-01]), 'n_active': 2, 'beta1_train': -847.3292571420848, 'beta0_train': -2008.4552037795315, 'beta1_val': -788.5923121658225, 'beta0_val': -2016.0, 'selected_score': -2008.4552037795315, 'evaluations': 95, 'seconds': 0.059856000007130206, 'method': 'differential_evolution_v2', 'accepted_search': True, 'solver_message': 'Maximum number of iterations has been exceeded.'}, {'theta': array([-8.36456436e+03, -1.66783414e+00, -5.54571449e+03, -1.84197691e-01]), 'n_active': 4, 'beta1_train': 202.10347642866353, 'beta0_train': -54.97643264698009, 'beta1_val': -785.5975108540198, 'beta0_val': -785.5975108540198, 'selected_score': -54.97643264698009, 'evaluations': 145, 'seconds': 0.10685799999919254, 'method': 'differential_evolution_v2', 'accepted_search': True, 'solver_message': 'Optimization terminated successfully.'}]",42,[],4406.288586099062,4486.761741823783,0.20345160001306795,0.3147761000000173
"[{'theta': array([0.]), 'n_active': 1, 'beta1_train': -2668.5986827028046, 'beta0_train': -2667.7416028545003, 'beta1_val': -3099.0786025066855, 'beta0_val': -3099.0786025066855, 'selected_score': -2668.5986827028046, 'evaluations': 40, 'seconds': 0.044297000000369735, 'method': 'differential_evolution_v2', 'accepted_search': True, 'solver_message': 'Optimization terminated successfully.'}, {'theta': array([-8.10015961e+03,  8.48087860e-01]), 'n_active': 2, 'beta1_train': -4091.1772965595, 'beta0_train': -5153.653241274643, 'beta1_val': -4514.0961848895095, 'beta0_val': -5178.0, 'selected_score': -5153.653241274643, 'evaluations': 95, 'seconds': 0.057632900003227405, 'method': 'differential_evolution_v2', 'accepted_search': True, 'solver_message': 'Maximum number of iterations has been exceeded.'}, {'theta': array([   0.        ,    1.4424347 , -373.29507159,   -0.68222071]), 'n_active': 4, 'beta1_train': -958.0433222846002, 'beta0_train': -275.7125786462127, 'beta1_val': -2859.31843337054, 'beta0_val': -2859.31843337054, 'selected_score': -1019.6239255229988, 'evaluations': 185, 'seconds': 0.1262325999996392, 'method': 'differential_evolution_v2', 'accepted_search': True, 'solver_message': 'Maximum number of iterations has been exceeded.'}]",42,[],4486.761741823783,5672.8358363363495,0.22816250000323635,0.33906100000604056
"[{'theta': array([-6693.79840447]), 'n_active': 1, 'beta1_train': -4363.182870429143, 'beta0_train': -4644.182353477644, 'beta1_val': -4779.599999999999, 'beta0_val': -4779.599999999999, 'selected_score': -4644.182353477644, 'evaluations': 20, 'seconds': 0.027108100010082126, 'method': 'differential_evolution_v2', 'accepted_search': True, 'solver_message': 'Optimization terminated successfully.'}, {'theta': array([-3.60612723e+03, -1.89217188e+00]), 'n_active': 2, 'beta1_train': -160.0507394089208, 'beta0_train': -3094.0962761177584, 'beta1_val': -1038.3488524685763, 'beta0_val': -3510.359542578526, 'selected_score': -3094.0962761177584, 'evaluations': 35, 'seconds': 0.028788600000552833, 'method': 'differential_evolution_v2', 'accepted_search': True, 'solver_message': 'Optimization terminated successfully.'}, {'theta': array([-3.81865605e+03, -6.60493013e-01, -1.50878824e+02,  4.00493203e-01]), 'n_active': 4, 'beta1_train': 534.5987326754644, 'beta0_train': 13.083341048404725, 'beta1_val': -1762.3072009507976, 'beta0_val': -1762.3072009507976, 'selected_score': -26.88642714138277, 'evaluations': 185, 'seconds': 0.1257259999983944, 'method': 'differential_evolution_v2', 'accepted_search': True, 'solver_message': 'Maximum number of iterations has been exceeded.'}]",42,[],5672.8358363363495,4188.6479618892245,0.18162270000902936,0.2868635000049835
"[{'theta': array([-3350.96264258]), 'n_active': 1, 'beta1_train': -4443.722612445713, 'beta0_train': -4677.475163837568, 'beta1_val': -4722.0, 'beta0_val': -4722.0, 'selected_score': -4677.475163837568, 'evaluations': 20, 'seconds': 0.02772030000051018, 'method': 'differential_evolution_v2', 'accepted_search': True, 'solver_message': 'Optimization terminated successfully.'}, {'theta': array([-6.27132051e+03, -8.59609061e-01]), 'n_active': 2, 'beta1_train': -544.2157255987071, 'beta0_train': -3473.332708672519, 'beta1_val': -1963.8518146608994, 'beta0_val': -4039.1841333180637, 'selected_score': -3473.332708672519, 'evaluations': 95, 'seconds': 0.0578411999886157, 'method': 'differential_evolution_v2', 'accepted_search': True, 'solver_message': 'Maximum number of iterations has been exceeded.'}, {'theta': array([0., 0., 0., 0.]), 'n_active': 4, 'beta1_train': 1690.774323065895, 'beta0_train': 2656.663554045337, 'beta1_val': -1859.1723855343998, 'beta0_val': -1859.1723855343998, 'selected_score': 1690.774323065895, 'evaluations': 185, 'seconds': 0.13571180000144523, 'method': 'differential_evolution_v2', 'accepted_search': True, 'solver_message': 'Maximum number of iterations has been exceeded.'}]",42,[],4188.6479618892245,4240.283227389138,0.2212732999905711,0.32744219999585766
"[{'theta': array([-6289.02319426]), 'n_active': 1, 'beta1_train': -4489.925317571679, 'beta0_train': -4706.338713236173, 'beta1_val': -4771.2, 'beta0_val': -4771.2, 'selected_score': -4706.338713236173, 'evaluations': 20, 'seconds': 0.02754619999905117, 'method': 'differential_evolution_v2', 'accepted_search': True, 'solver_message': 'Optimization terminated successfully.'}, {'theta': array([-7.31933705e+03, -1.03223684e+00]), 'n_active': 2, 'beta1_train': -244.9838903589945, 'beta0_train': -3614.263742269218, 'beta1_val': -1051.4738356034313, 'beta0_val': -3666.082352351325, 'selected_score': -3614.263742269218, 'evaluations': 55, 'seconds': 0.044207600003574044, 'method': 'differential_evolution_v2', 'accepted_search': True, 'solver_message': 'Optimization terminated successfully.'}, {'theta': array([-2.17012515e+02,  1.22820266e+00, -2.51646645e+03, -1.11461190e+00]), 'n_active': 4, 'beta1_train': 1312.5267308284385, 'beta0_train': 1453.3923091269958, 'beta1_val': -1700.9909902325921, 'beta0_val': -1700.9909902325921, 'selected_score': 1275.1164097073993, 'evaluations': 185, 'seconds': 0.1268705999973463, 'method': 'differential_evolution_v2', 'accepted_search': True, 'solver_message': 'Maximum number of iterations has been exceeded.'}]",42,[],4240.283227389138,4322.570413148148,0.1986243999999715,0.3121753000013996
"[{'theta': array([-4612.93479667]), 'n_active': 1, 'beta1_train': -4537.4086242770445, 'beta0_train': -4794.091591046061, 'beta1_val': -4886.4, 'beta0_val': -4886.4, 'selected_score': -4794.091591046061, 'evaluations': 30, 'seconds': 0.0365250000031665, 'method': 'differential_evolution_v2', 'accepted_search': True, 'solver_message': 'Optimization terminated successfully.'}, {'theta': array([-9.03010794e+03, -4.41520601e-01]), 'n_active': 2, 'beta1_train': -565.2610985991515, 'beta0_train': -3748.2810830772946, 'beta1_val': -866.7700752367718, 'beta0_val': -3705.0917334638384, 'selected_score': -3748.2810830772946, 'evaluations': 95, 'seconds': 0.05852690000028815, 'method': 'differential_evolution_v2', 'accepted_search': True, 'solver_message': 'Maximum number of iterations has been exceeded.'}, {'theta': array([-2.90692934e+02, -6.15559748e-02, -1.84460717e+03,  4.01449643e-01]), 'n_active': 4, 'beta1_train': 2098.370251278103, 'beta0_train': 2176.1823145410553, 'beta1_val': -1793.1464592145805, 'beta0_val': -1793.1464592145805, 'selected_score': 1929.0056829940422, 'evaluations': 185, 'seconds': 0.12716679999721237, 'method': 'differential_evolution_v2', 'accepted_search': True, 'solver_message': 'Maximum number of iterations has been exceeded.'}]",42,[],4322.570413148148,3606.0152549289005,0.222218700000667,0.3266476999997394
"[{'theta': array([-2409.47558802]), 'n_active': 1, 'beta1_train': -3042.949211764142, 'beta0_train': -3376.21834471057, 'beta1_val': -3245.3012706, 'beta0_val': -3405.1246394650207, 'selected_score': -3376.21834471057, 'evaluations': 20, 'seconds': 0.030440999995335005, 'method': 'differential_evolution_v2', 'accepted_search': True, 'solver_message': 'Optimization terminated successfully.'}, {'theta': array([-1.76642046e+03, -1.78604106e-02]), 'n_active': 2, 'beta1_train': 534.6961494772559, 'beta0_train': -2330.2155693819086, 'beta1_val': -40.91688834261686, 'beta0_val': -2645.7832334623945, 'selected_score': -2332.4189328474104, 'evaluations': 95, 'seconds': 0.06442499998956919, 'method': 'differential_evolution_v2', 'accepted_search': True, 'solver_message': 'Maximum number of iterations has been exceeded.'}, {'theta': array([0., 0., 0., 0.]), 'n_active': 4, 'beta1_train': 3225.954836254522, 'beta0_train': 4633.460622927649, 'beta1_val': -1294.1124492779531, 'beta0_val': -1294.1124492779531, 'selected_score': 3225.954836254522, 'evaluations': 185, 'seconds': 0.13460580000537448, 'method': 'differential_evolution_v2', 'accepted_search': True, 'solver_message': 'Maximum number of iterations has been exceeded.'}]",42,[],3606.0152549289005,4009.6968372801775,0.22947179999027867,0.34188069999800064
"[{'theta': array([-7937.51569975]), 'n_active': 1, 'beta1_train': -1152.7398567521802, 'beta0_train': -1489.1382589975854, 'beta1_val': -1646.8253455732238, 'beta0_val': -1646.8253455732238, 'selected_score': -1489.1382589975854, 'evaluations': 15, 'seconds': 0.023507599995355122, 'method': 'differential_evolution_v2', 'accepted_search': True, 'solver_message': 'Optimization terminated successfully.'}, {'theta': array([-4.50724016e+03, -3.29580687e-01]), 'n_active': 2, 'beta1_train': -1888.6383381120318, 'beta0_train': -3027.359963682503, 'beta1_val': -2164.6894935141454, 'beta0_val': -3067.2, 'selected_score': -3027.359963682503, 'evaluations': 45, 'seconds': 0.03360880000400357, 'method': 'differential_evolution_v2', 'accepted_search': True, 'solver_message': 'Optimization terminated successfully.'}, {'theta': array([-26.55982256,  -0.24534508, -49.67422954,  -0.14432379]), 'n_active': 4, 'beta1_train': 1927.7082432841758, 'beta0_train': 2236.205473943147, 'beta1_val': -917.1686491213604, 'beta0_val': -917.1686491213604, 'selected_score': 1895.8234482723738, 'evaluations': 185, 'seconds': 0.12517569999909028, 'method': 'differential_evolution_v2', 'accepted_search': True, 'solver_message': 'Maximum number of iterations has been exceeded.'}]",42,[],4009.6968372801775,3380.911486037655,0.18229209999844898,0.2930521999951452
"[{'theta': array([-4000.02210743]), 'n_active': 1, 'beta1_train': -1280.6402970724982, 'beta0_train': -1376.512082981421, 'beta1_val': -2038.843142569425, 'beta0_val': -2038.843142569425, 'selected_score': -1376.512082981421, 'evaluations': 20, 'seconds': 0.02698470000177622, 'method': 'differential_evolution_v2', 'accepted_search': True, 'solver_message': 'Optimization terminated successfully.'}, {'theta': array([-7.90134519e+03,  3.10219424e-01]), 'n_active': 2, 'beta1_train': -3057.096786798544, 'beta0_train': -4070.3999999999996, 'beta1_val': -3276.574920069226, 'beta0_val': -4070.4, 'selected_score': -4070.3999999999996, 'evaluations': 95, 'seconds': 0.05882930000370834, 'method': 'differential_evolution_v2', 'accepted_search': True, 'solver_message': 'Maximum number of iterations has been exceeded.'}, {'theta': array([-9600.,     0., -9600.,     0.]), 'n_active': 4, 'beta1_train': 1419.6748659937357, 'beta0_train': 1576.6187768114178, 'beta1_val': -1503.7961315907578, 'beta0_val': -1546.1756441323453, 'selected_score': 1576.6187768114178, 'evaluations': 185, 'seconds': 0.12514439999358729, 'method': 'differential_evolution_v2', 'accepted_search': False, 'solver_message': 'Maximum number of iterations has been exceeded.'}]",42,[],3380.911486037655,3948.7679637037045,0.21095839999907184,0.31845269999757875
"[{'theta': array([-6029.38140258]), 'n_active': 1, 'beta1_train': -3476.35139304645, 'beta0_train': -4022.697270485008, 'beta1_val': -4226.4, 'beta0_val': -4226.4, 'selected_score': -4022.697270485008, 'evaluations': 50, 'seconds': 0.05308690000674687, 'method': 'differential_evolution_v2', 'accepted_search': True, 'solver_message': 'Maximum number of iterations has been exceeded.'}, {'theta': array([-4.02067426e+03, -3.87451714e-02]), 'n_active': 2, 'beta1_train': 819.4747927113693, 'beta0_train': -2413.155937834636, 'beta1_val': 82.7262591954186, 'beta0_val': -2438.6947332146415, 'selected_score': -2413.155937834636, 'evaluations': 55, 'seconds': 0.040711499997996725, 'method': 'differential_evolution_v2', 'accepted_search': True, 'solver_message': 'Optimization terminated successfully.'}, {'theta': array([0., 0., 0., 0.]), 'n_active': 4, 'beta1_train': 3319.729608870392, 'beta0_train': 4275.84355062555, 'beta1_val': -1133.6839622275509, 'beta0_val': -1133.6839622275509, 'selected_score': 3319.729608870392, 'evaluations': 185, 'seconds': 0.12770530000852887, 'method': 'differential_evolution_v2', 'accepted_search': True, 'solver_message': 'Maximum number of iterations has been exceeded.'}]",42,[],3948.7679637037045,3065.577444562483,0.22150370001327246,0.33003090000420343
"[{'theta': array([-3451.77380931]), 'n_active': 1, 'beta1_train': -3445.16662035867, 'beta0_train': -3615.9615324872375, 'beta1_val': -4102.799999999999, 'beta0_val': -4102.799999999999, 'selected_score': -3615.9615324872375, 'evaluations': 50, 'seconds': 0.054744000008213334, 'method': 'differential_evolution_v2', 'accepted_search': True, 'solver_message': 'Maximum number of iterations has been exceeded.'}, {'theta': array([-1.82169224e+03,  1.02450873e+00]), 'n_active': 2, 'beta1_train': 439.5065551888664, 'beta0_train': -2644.781621810098, 'beta1_val': -679.0392274558135, 'beta0_val': -3215.791172938733, 'selected_score': -2646.406391382017, 'evaluations': 95, 'seconds': 0.06293420000292826, 'method': 'differential_evolution_v2', 'accepted_search': True, 'solver_message': 'Maximum number of iterations has been exceeded.'}, {'theta': array([-104.46926699,   -1.92988456, -228.04060726,    0.68349444]), 'n_active': 4, 'beta1_train': 3599.2911492973103, 'beta0_train': 4291.462661224883, 'beta1_val': -816.0636138390995, 'beta0_val': -1076.6270147776413, 'selected_score': 3406.371877560469, 'evaluations': 185, 'seconds': 0.1283528999920236, 'method': 'differential_evolution_v2', 'accepted_search': True, 'solver_message': 'Maximum number of iterations has been exceeded.'}]",42,[],3065.577444562483,3039.713233642359,0.2460311000031652,0.3539308999897912
"[{'theta': array([-2543.09859639]), 'n_active': 1, 'beta1_train': -3692.6336467273672, 'beta0_train': -4310.665041553844, 'beta1_val': -4461.599999999999, 'beta0_val': -4461.599999999999, 'selected_score': -4310.665041553844, 'evaluations': 20, 'seconds': 0.025451400011661462, 'method': 'differential_evolution_v2', 'accepted_search': True, 'solver_message': 'Optimization terminated successfully.'}, {'theta': array([-7.23806517e+03, -1.63809548e+00]), 'n_active': 2, 'beta1_train': 420.5340188450119, 'beta0_train': -3259.4180198150725, 'beta1_val': -618.0021300229323, 'beta0_val': -3659.738124972081, 'selected_score': -3259.4180198150725, 'evaluations': 55, 'seconds': 0.04211330000543967, 'method': 'differential_evolution_v2', 'accepted_search': True, 'solver_message': 'Optimization terminated successfully.'}, {'theta': array([-4.90552569e+02,  5.67397384e-01, -5.29934956e+02, -4.42099400e-01]), 'n_active': 4, 'beta1_train': 3728.4978335003034, 'beta0_train': 4320.557159717117, 'beta1_val': -1238.9923142699943, 'beta0_val': -1238.9923142699943, 'selected_score': 3621.366370082084, 'evaluations': 185, 'seconds': 0.13502129999687895, 'method': 'differential_evolution_v2', 'accepted_search': True, 'solver_message': 'Maximum number of iterations has been exceeded.'}]",42,[],3039.713233642359,2291.0401326598176,0.20258600001398008,0.3119964999932563
"[{'theta': array([-4893.42830265]), 'n_active': 1, 'beta1_train': -3696.4111360565435, 'beta0_train': -4238.080180025546, 'beta1_val': -4435.2, 'beta0_val': -4435.2, 'selected_score': -4238.080180025546, 'evaluations': 15, 'seconds': 0.022598600000492297, 'method': 'differential_evolution_v2', 'accepted_search': True, 'solver_message': 'Optimization terminated successfully.'}, {'theta': array([-5.32895510e+03,  1.28169307e+00]), 'n_active': 2, 'beta1_train': 240.36201791866418, 'beta0_train': -3429.3167605838803, 'beta1_val': -1065.416952239435, 'beta0_val': -4048.7551392130213, 'selected_score': -3429.3167605838803, 'evaluations': 65, 'seconds': 0.04324320000887383, 'method': 'differential_evolution_v2', 'accepted_search': True, 'solver_message': 'Optimization terminated successfully.'}, {'theta': array([-5.10279721e+02,  1.10067214e+00, -5.38170271e+02, -3.07850107e-01]), 'n_active': 4, 'beta1_train': 3676.1162990776506, 'beta0_train': 4092.422280917892, 'beta1_val': -473.3279701084516, 'beta0_val': -477.9740917594449, 'selected_score': 3626.2753841108847, 'evaluations': 185, 'seconds': 0.12871509999968112, 'method': 'differential_evolution_v2', 'accepted_search': True, 'solver_message': 'Maximum number of iterations has been exceeded.'}]",42,[],2291.0401326598176,2551.3454051851836,0.19455690000904724,0.30215460000908934
"[{'theta': array([-5255.20905836]), 'n_active': 1, 'beta1_train': -2917.831107592788, 'beta0_train': -3520.29480536379, 'beta1_val': -3637.1999999999994, 'beta0_val': -3637.1999999999994, 'selected_score': -3520.29480536379, 'evaluations': 50, 'seconds': 0.054419400010374375, 'method': 'differential_evolution_v2', 'accepted_search': True, 'solver_message': 'Maximum number of iterations has been exceeded.'}, {'theta': array([-6.81942920e+03, -9.54888932e-01]), 'n_active': 2, 'beta1_train': 1001.6102161465753, 'beta0_train': -2723.9518890398685, 'beta1_val': 127.978413855486, 'beta0_val': -2351.5905841624303, 'selected_score': -2723.9518890398685, 'evaluations': 55, 'seconds': 0.040621300009661354, 'method': 'differential_evolution_v2', 'accepted_search': True, 'solver_message': 'Optimization terminated successfully.'}, {'theta': array([-113.87495385,    1.07582921, -169.88420789,   -0.6330579 ]), 'n_active': 4, 'beta1_train': 3437.5552074614993, 'beta0_train': 3900.049058252303, 'beta1_val': -606.8919435223346, 'beta0_val': -712.6519828928999, 'selected_score': 3299.6331742267384, 'evaluations': 185, 'seconds': 0.1277455999952508, 'method': 'differential_evolution_v2', 'accepted_search': True, 'solver_message': 'Maximum number of iterations has been exceeded.'}]",42,[],2551.3454051851836,3098.062913333334,0.22278630001528654,0.3321624999953201
"[{'theta': array([-2123.23470057]), 'n_active': 1, 'beta1_train': 104.36760295175178, 'beta0_train': -71.86081369413277, 'beta1_val': -716.5922149048172, 'beta0_val': -716.5922149048172, 'selected_score': -71.86081369413277, 'evaluations': 25, 'seconds': 0.03147099999478087, 'method': 'differential_evolution_v2', 'accepted_search': True, 'solver_message': 'Optimization terminated successfully.'}, {'theta': array([-8.71789334e+03, -1.87223857e+00]), 'n_active': 2, 'beta1_train': -694.1588579993451, 'beta0_train': -1888.8600973533876, 'beta1_val': -968.9515306830353, 'beta0_val': -1899.6, 'selected_score': -1888.8600973533876, 'evaluations': 95, 'seconds': 0.059091600007377565, 'method': 'differential_evolution_v2', 'accepted_search': True, 'solver_message': 'Maximum number of iterations has been exceeded.'}, {'theta': array([-9600.,     0., -9600.,     0.]), 'n_active': 4, 'beta1_train': 3065.6222174562345, 'beta0_train': 3667.697300791261, 'beta1_val': -261.3834559346245, 'beta0_val': -515.1573972290364, 'selected_score': 3667.697300791261, 'evaluations': 185, 'seconds': 0.12624380001216196, 'method': 'differential_evolution_v2', 'accepted_search': False, 'solver_message': 'Maximum number of iterations has been exceeded.'}]",42,[],3098.062913333334,2613.4077831838704,0.2168064000143204,0.32611379999434575
"[{'theta': array([-4035.36174864]), 'n_active': 1, 'beta1_train': -863.4408088257301, 'beta0_train': -940.6773485305141, 'beta1_val': -1815.3305646234808, 'beta0_val': -1815.3305646234808, 'selected_score': -940.6773485305141, 'evaluations': 20, 'seconds': 0.027707699991879053, 'method': 'differential_evolution_v2', 'accepted_search': True, 'solver_message': 'Optimization terminated successfully.'}, {'theta': array([-9.14513894e+03, -1.49556053e-01]), 'n_active': 2, 'beta1_train': -3038.7108769581355, 'beta0_train': -4165.354334237563, 'beta1_val': -3395.581736432743, 'beta0_val': -4196.4, 'selected_score': -4165.354334237563, 'evaluations': 45, 'seconds': 0.0338054000021657, 'method': 'differential_evolution_v2', 'accepted_search': True, 'solver_message': 'Optimization terminated successfully.'}, {'theta': array([ 0.        ,  1.98213012,  0.        , -0.12953536]), 'n_active': 4, 'beta1_train': 2561.704265346061, 'beta0_train': 3528.4868897064603, 'beta1_val': -1313.0993818458387, 'beta0_val': -1313.0993818458387, 'selected_score': 2516.073527752279, 'evaluations': 185, 'seconds': 0.12602480000350624, 'method': 'differential_evolution_v2', 'accepted_search': True, 'solver_message': 'Maximum number of iterations has been exceeded.'}]",42,[],2613.4077831838704,3571.0352707690436,0.187537899997551,0.2970550000027288
"[{'theta': array([-6142.88021834]), 'n_active': 1, 'beta1_train': -1945.2945471169173, 'beta0_train': -4344.196074522868, 'beta1_val': -2714.3051321516673, 'beta0_val': -4665.599999999999, 'selected_score': -4344.196074522868, 'evaluations': 25, 'seconds': 0.03132989999721758, 'method': 'differential_evolution_v2', 'accepted_search': True, 'solver_message': 'Optimization terminated successfully.'}, {'theta': array([-5.23224262e+03, -6.58036213e-01]), 'n_active': 2, 'beta1_train': 170.47072321735163, 'beta0_train': -2979.078318755896, 'beta1_val': -483.00261917852913, 'beta0_val': -3596.5599247203945, 'selected_score': -2979.078318755896, 'evaluations': 45, 'seconds': 0.03289000000222586, 'method': 'differential_evolution_v2', 'accepted_search': True, 'solver_message': 'Optimization terminated successfully.'}, {'theta': array([0., 0., 0., 0.]), 'n_active': 4, 'beta1_train': 4951.52164019019, 'beta0_train': 6748.101469706673, 'beta1_val': -1185.338595279999, 'beta0_val': -1185.338595279999, 'selected_score': 4951.52164019019, 'evaluations': 185, 'seconds': 0.1272017000010237, 'method': 'differential_evolution_v2', 'accepted_search': True, 'solver_message': 'Maximum number of iterations has been exceeded.'}]",42,[],3571.0352707690436,2752.1926913378434,0.19142160000046715,0.29781679999723565
"[{'theta': array([-5192.95514956]), 'n_active': 1, 'beta1_train': -3856.756491984648, 'beta0_train': -4552.405444223492, 'beta1_val': -4743.599999999999, 'beta0_val': -4743.599999999999, 'selected_score': -4552.405444223492, 'evaluations': 20, 'seconds': 0.027941599997575395, 'method': 'differential_evolution_v2', 'accepted_search': True, 'solver_message': 'Optimization terminated successfully.'}, {'theta': array([-6.20561782e+03, -1.14830233e+00]), 'n_active': 2, 'beta1_train': -172.6178084580308, 'beta0_train': -3179.428001906856, 'beta1_val': -855.7108994452819, 'beta0_val': -3612.227158158602, 'selected_score': -3179.428001906856, 'evaluations': 95, 'seconds': 0.05892120000498835, 'method': 'differential_evolution_v2', 'accepted_search': True, 'solver_message': 'Maximum number of iterations has been exceeded.'}, {'theta': array([-98.394632  ,   0.53403977, -47.85824214,  -0.18183206]), 'n_active': 4, 'beta1_train': 4610.983953987939, 'beta0_train': 5947.844224931796, 'beta1_val': -1173.8644632405424, 'beta0_val': -1173.8644632405424, 'selected_score': 4531.94904527435, 'evaluations': 185, 'seconds': 0.129992799993488, 'method': 'differential_evolution_v2', 'accepted_search': True, 'solver_message': 'Maximum number of iterations has been exceeded.'}]",42,[],2752.1926913378434,2237.276362712102,0.21685559999605175,0.3265040999976918
"[{'theta': array([-2839.59165409]), 'n_active': 1, 'beta1_train': -4332.469199166938, 'beta0_train': -4624.664697740618, 'beta1_val': -5157.6, 'beta0_val': -5157.6, 'selected_score': -4624.664697740618, 'evaluations': 20, 'seconds': 0.026686599987442605, 'method': 'differential_evolution_v2', 'accepted_search': True, 'solver_message': 'Optimization terminated successfully.'}, {'theta': array([-1.03378980e+03, -9.63530999e-01]), 'n_active': 2, 'beta1_train': 697.7633773227017, 'beta0_train': -1871.641977975827, 'beta1_val': 411.4510663543024, 'beta0_val': -2889.6864705132743, 'selected_score': -2059.909368735501, 'evaluations': 95, 'seconds': 0.055912800002261065, 'method': 'differential_evolution_v2', 'accepted_search': True, 'solver_message': 'Maximum number of iterations has been exceeded.'}, {'theta': array([-161.86139104,   -1.17805357, -708.23667421,    1.8228918 ]), 'n_active': 4, 'beta1_train': 4905.897744570752, 'beta0_train': 5982.0346717536495, 'beta1_val': -538.3327426212837, 'beta0_val': -1001.5050021399595, 'selected_score': 4827.412530367145, 'evaluations': 185, 'seconds': 0.12796490000619087, 'method': 'differential_evolution_v2', 'accepted_search': True, 'solver_message': 'Maximum number of iterations has been exceeded.'}]",42,[],2237.276362712102,2429.355519894696,0.21056429999589454,0.31929529999615625
"[{'theta': array([-7664.43129293]), 'n_active': 1, 'beta1_train': -4112.533047325719, 'beta0_train': -4776.045933326375, 'beta1_val': -4965.6, 'beta0_val': -4965.6, 'selected_score': -4776.045933326375, 'evaluations': 40, 'seconds': 0.0451965999964159, 'method': 'differential_evolution_v2', 'accepted_search': True, 'solver_message': 'Optimization terminated successfully.'}, {'theta': array([-2.93156992e+03, -1.73625123e+00]), 'n_active': 2, 'beta1_train': 1025.761709378044, 'beta0_train': -2168.8862483179687, 'beta1_val': -1345.9483453549615, 'beta0_val': -3665.2198729268393, 'selected_score': -2168.8862483179687, 'evaluations': 75, 'seconds': 0.04956980000133626, 'method': 'differential_evolution_v2', 'accepted_search': True, 'solver_message': 'Optimization terminated successfully.'}, {'theta': array([-9600.,     0., -9600.,     0.]), 'n_active': 4, 'beta1_train': 4993.371359378726, 'beta0_train': 6474.725145760174, 'beta1_val': -1015.4250583526202, 'beta0_val': -1066.084349072518, 'selected_score': 6474.725145760174, 'evaluations': 185, 'seconds': 0.12910950000514276, 'method': 'differential_evolution_v2', 'accepted_search': False, 'solver_message': 'Maximum number of iterations has been exceeded.'}]",42,[],2429.355519894696,2785.8516738570206,0.22387590000289492,0.3323004999983823
"[{'theta': array([-7316.63688694]), 'n_active': 1, 'beta1_train': -1400.3153682594639, 'beta0_train': -2211.7155979081053, 'beta1_val': -2304.0, 'beta0_val': -2304.0, 'selected_score': -2211.7155979081053, 'evaluations': 30, 'seconds': 0.035383700000238605, 'method': 'differential_evolution_v2', 'accepted_search': True, 'solver_message': 'Optimization terminated successfully.'}, {'theta': array([-6.34910199e+03,  5.24856212e-02]), 'n_active': 2, 'beta1_train': 2198.4227772306413, 'beta0_train': -1362.8748337520958, 'beta1_val': 724.2450413078814, 'beta0_val': -1937.3568867494641, 'selected_score': -1362.8748337520958, 'evaluations': 45, 'seconds': 0.034011900002951734, 'method': 'differential_evolution_v2', 'accepted_search': True, 'solver_message': 'Optimization terminated successfully.'}, {'theta': array([-146.65048783,   -1.23782919, -114.15406761,    0.69111557]), 'n_active': 4, 'beta1_train': 5804.529811109702, 'beta0_train': 7446.7333499988, 'beta1_val': -578.377164128395, 'beta0_val': -578.377164128395, 'selected_score': 5756.950276121452, 'evaluations': 185, 'seconds': 0.12639990000752732, 'method': 'differential_evolution_v2', 'accepted_search': True, 'solver_message': 'Maximum number of iterations has been exceeded.'}]",42,[],2785.8516738570206,2161.7040386785216,0.19579550001071766,0.30301289999624714
"[{'theta': array([-338.07398667]), 'n_active': 1, 'beta1_train': -153.6509371747414, 'beta0_train': -156.38681577808916, 'beta1_val': -1289.2698267228961, 'beta0_val': -1289.2698267228961, 'selected_score': -171.38213676843694, 'evaluations': 35, 'seconds': 0.04681870000786148, 'method': 'differential_evolution_v2', 'accepted_search': True, 'solver_message': 'Optimization terminated successfully.'}, {'theta': array([-3.09398264e+03,  9.45109512e-01]), 'n_active': 2, 'beta1_train': -2342.610708012873, 'beta0_train': -3333.6000000000004, 'beta1_val': -2595.0412562734627, 'beta0_val': -3333.6, 'selected_score': -3333.6000000000004, 'evaluations': 95, 'seconds': 0.06471069999679457, 'method': 'differential_evolution_v2', 'accepted_search': True, 'solver_message': 'Maximum number of iterations has been exceeded.'}, {'theta': array([ 7.17469607e+03,  1.21089005e+00, -1.72018421e+02,  8.19049640e-01]), 'n_active': 4, 'beta1_train': 2995.080201061253, 'beta0_train': 3616.3607204243735, 'beta1_val': -257.3603788975185, 'beta0_val': -643.1394832712325, 'selected_score': 2921.929670174272, 'evaluations': 185, 'seconds': 0.13403859999380074, 'method': 'differential_evolution_v2', 'accepted_search': True, 'solver_message': 'Maximum number of iterations has been exceeded.'}]",42,[],2161.7040386785216,2468.256719173491,0.2455679999984568,0.3607174000062514
"[{'theta': array([-601.17356039]), 'n_active': 1, 'beta1_train': -624.400166159481, 'beta0_train': -698.0047417525374, 'beta1_val': -1489.4832509441674, 'beta0_val': -1489.4832509441674, 'selected_score': -702.6438339667087, 'evaluations': 50, 'seconds': 0.05202119999739807, 'method': 'differential_evolution_v2', 'accepted_search': True, 'solver_message': 'Maximum number of iterations has been exceeded.'}, {'theta': array([-7.73508224e+03,  4.04281789e-01]), 'n_active': 2, 'beta1_train': -3388.2422730877856, 'beta0_train': -4507.200000000001, 'beta1_val': -3592.3834741280684, 'beta0_val': -4507.2, 'selected_score': -4507.200000000001, 'evaluations': 95, 'seconds': 0.058910000007017516, 'method': 'differential_evolution_v2', 'accepted_search': True, 'solver_message': 'Maximum number of iterations has been exceeded.'}, {'theta': array([-9600.,     0., -9600.,     0.]), 'n_active': 4, 'beta1_train': 2562.649054182332, 'beta0_train': 3340.876283440305, 'beta1_val': -1181.3420614237994, 'beta0_val': -1321.8881919152382, 'selected_score': 3340.876283440305, 'evaluations': 185, 'seconds': 0.1272492999996757, 'method': 'differential_evolution_v2', 'accepted_search': False, 'solver_message': 'Maximum number of iterations has been exceeded.'}]",42,[],2468.256719173491,3446.1817329059936,0.2381805000040913,0.34789269999600947
"[{'theta': array([-8260.472337]), 'n_active': 1, 'beta1_train': -2078.4758742272857, 'beta0_train': -3140.1028145206938, 'beta1_val': -3556.074393043689, 'beta0_val': -3588.513439970232, 'selected_score': -3140.1028145206938, 'evaluations': 25, 'seconds': 0.0323979000095278, 'method': 'differential_evolution_v2', 'accepted_search': True, 'solver_message': 'Optimization terminated successfully.'}, {'theta': array([-1.99665645e+03,  1.57449253e+00]), 'n_active': 2, 'beta1_train': 80.9696326959836, 'beta0_train': -3307.7725009230894, 'beta1_val': -1142.5562063254324, 'beta0_val': -3585.5859072520784, 'selected_score': -3307.7725009230894, 'evaluations': 95, 'seconds': 0.0569281000061892, 'method': 'differential_evolution_v2', 'accepted_search': True, 'solver_message': 'Maximum number of iterations has been exceeded.'}, {'theta': array([ -84.86548992,   -0.71755222, -115.75948164,    1.20098883]), 'n_active': 4, 'beta1_train': 4584.343513876823, 'beta0_train': 5343.619786858317, 'beta1_val': -600.0652045899741, 'beta0_val': -969.2098713839282, 'selected_score': 4366.986371987748, 'evaluations': 185, 'seconds': 0.12609550000343006, 'method': 'differential_evolution_v2', 'accepted_search': True, 'solver_message': 'Maximum number of iterations has been exceeded.'}]",42,[],3446.1817329059936,1612.6109450247943,0.21542150001914706,0.32409729999199044
"[{'theta': array([-4632.9409475]), 'n_active': 1, 'beta1_train': -4103.111238005465, 'beta0_train': -4725.665253590276, 'beta1_val': -4996.756338566668, 'beta0_val': -4996.79229745679, 'selected_score': -4725.665253590276, 'evaluations': 30, 'seconds': 0.039064099997631274, 'method': 'differential_evolution_v2', 'accepted_search': True, 'solver_message': 'Optimization terminated successfully.'}, {'theta': array([-8.04687941e+03, -4.31372942e-01]), 'n_active': 2, 'beta1_train': -482.6525015585793, 'beta0_train': -3858.066494931677, 'beta1_val': -913.7682359019409, 'beta0_val': -3633.903891318491, 'selected_score': -3858.066494931677, 'evaluations': 45, 'seconds': 0.03372160000435542, 'method': 'differential_evolution_v2', 'accepted_search': True, 'solver_message': 'Optimization terminated successfully.'}, {'theta': array([-7.84549412e+01,  2.89725518e-01, -1.59763877e+03,  1.01154045e+00]), 'n_active': 4, 'beta1_train': 4051.9400433692285, 'beta0_train': 4721.7804354690925, 'beta1_val': 666.2873347247046, 'beta0_val': 546.8686234951851, 'selected_score': 4044.9990294092277, 'evaluations': 185, 'seconds': 0.13075409999873955, 'method': 'differential_evolution_v2', 'accepted_search': True, 'solver_message': 'Maximum number of iterations has been exceeded.'}]",42,[],1612.6109450247943,2304.611809585175,0.20353980000072625,0.3135379000013927
"[{'theta': array([-5138.83660424]), 'n_active': 1, 'beta1_train': -3440.5875363979353, 'beta0_train': -4253.33599300243, 'beta1_val': -4412.438047541666, 'beta0_val': -4472.4, 'selected_score': -4253.33599300243, 'evaluations': 20, 'seconds': 0.03229579998878762, 'method': 'differential_evolution_v2', 'accepted_search': True, 'solver_message': 'Optimization terminated successfully.'}, {'theta': array([-7.70594092e+03, -4.52188188e-02]), 'n_active': 2, 'beta1_train': 525.7957721768861, 'beta0_train': -3035.7511108475883, 'beta1_val': -1253.202855229777, 'beta0_val': -3628.322086492093, 'selected_score': -3035.7511108475883, 'evaluations': 65, 'seconds': 0.045426000011502765, 'method': 'differential_evolution_v2', 'accepted_search': True, 'solver_message': 'Optimization terminated successfully.'}, {'theta': array([-9600.,     0., -9600.,     0.]), 'n_active': 4, 'beta1_train': 4422.641526742979, 'beta0_train': 5141.254738701589, 'beta1_val': -421.69262712078796, 'beta0_val': -916.8928804491565, 'selected_score': 5141.254738701589, 'evaluations': 185, 'seconds': 0.12960470000689384, 'method': 'differential_evolution_v2', 'accepted_search': False, 'solver_message': 'Maximum number of iterations has been exceeded.'}]",42,[],2304.611809585175,2186.4647116886663,0.20732650000718422,0.3175960000080522
"[{'theta': array([-6642.53040784]), 'n_active': 1, 'beta1_train': -3513.9075106489627, 'beta0_train': -4326.688667756165, 'beta1_val': -4572.0, 'beta0_val': -4572.0, 'selected_score': -4326.688667756165, 'evaluations': 20, 'seconds': 0.027549999998882413, 'method': 'differential_evolution_v2', 'accepted_search': True, 'solver_message': 'Optimization terminated successfully.'}, {'theta': array([-3.62501296e+03,  1.23952731e+00]), 'n_active': 2, 'beta1_train': 57.070238472156866, 'beta0_train': -3371.245802139299, 'beta1_val': -1178.5266928429228, 'beta0_val': -3671.0626737495413, 'selected_score': -3371.245802139299, 'evaluations': 95, 'seconds': 0.061121200007619336, 'method': 'differential_evolution_v2', 'accepted_search': True, 'solver_message': 'Maximum number of iterations has been exceeded.'}, {'theta': array([-131.62474384,    0.80017814, -125.07307689,   -0.32499548]), 'n_active': 4, 'beta1_train': 4437.438075559427, 'beta0_train': 5112.5745575329065, 'beta1_val': -806.4107729376535, 'beta0_val': -806.4107729376535, 'selected_score': 4260.729351679373, 'evaluations': 185, 'seconds': 0.13510590000078082, 'method': 'differential_evolution_v2', 'accepted_search': True, 'solver_message': 'Maximum number of iterations has been exceeded.'}]",42,[],2186.4647116886663,1943.0715727777754,0.22377710000728257,0.33605729999544565
"[{'theta': array([-7060.50524935]), 'n_active': 1, 'beta1_train': -878.8096870193349, 'beta0_train': -1797.5857935648507, 'beta1_val': -1749.5917053999997, 'beta0_val': -1874.24733181893, 'selected_score': -1797.5857935648507, 'evaluations': 50, 'seconds': 0.055729999992763624, 'method': 'differential_evolution_v2', 'accepted_search': True, 'solver_message': 'Maximum number of iterations has been exceeded.'}, {'theta': array([-8.39387907e+03, -1.52966840e+00]), 'n_active': 2, 'beta1_train': 2124.3477242340546, 'beta0_train': -1547.1154932418226, 'beta1_val': 999.9808588304561, 'beta0_val': -1645.0282225203466, 'selected_score': -1547.1154932418226, 'evaluations': 55, 'seconds': 0.03822619999118615, 'method': 'differential_evolution_v2', 'accepted_search': True, 'solver_message': 'Optimization terminated successfully.'}, {'theta': array([-131.82213096,    0.94823775,  -70.46299792,    1.13141677]), 'n_active': 4, 'beta1_train': 5453.402599073793, 'beta0_train': 6389.170559745939, 'beta1_val': -311.4044213476441, 'beta0_val': -366.7603587845266, 'selected_score': 5188.962693625326, 'evaluations': 185, 'seconds': 0.130387500001234, 'method': 'differential_evolution_v2', 'accepted_search': True, 'solver_message': 'Maximum number of iterations has been exceeded.'}]",42,[],1943.0715727777754,2255.9953549999987,0.22434369998518378,0.33534260001033545
"[{'theta': array([-3891.52038738]), 'n_active': 1, 'beta1_train': 502.8652538504382, 'beta0_train': 284.1356410694912, 'beta1_val': -591.6301792435625, 'beta0_val': -591.6301792435625, 'selected_score': 284.1356410694912, 'evaluations': 15, 'seconds': 0.026402600007713772, 'method': 'differential_evolution_v2', 'accepted_search': True, 'solver_message': 'Optimization terminated successfully.'}, {'theta': array([-1.14765728e+03,  6.13303398e-01]), 'n_active': 2, 'beta1_train': -146.88048174470097, 'beta0_train': -1462.7999999999997, 'beta1_val': -219.77172013465747, 'beta0_val': -1462.7999999999997, 'selected_score': -1462.7999999999997, 'evaluations': 55, 'seconds': 0.0397310000116704, 'method': 'differential_evolution_v2', 'accepted_search': True, 'solver_message': 'Optimization terminated successfully.'}, {'theta': array([ 2.29556917e+03,  3.90266851e-01, -1.34634596e+02,  7.81671696e-01]), 'n_active': 4, 'beta1_train': 3729.090606608237, 'beta0_train': 4529.451669906472, 'beta1_val': -286.1812049631084, 'beta0_val': -286.1812049631084, 'selected_score': 3633.3512504336627, 'evaluations': 185, 'seconds': 0.12775619998865295, 'method': 'differential_evolution_v2', 'accepted_search': True, 'solver_message': 'Maximum number of iterations has been exceeded.'}]",42,[],2255.9953549999987,2168.1906642026797,0.19388980000803713,0.31517580000218004
"[{'theta': array([-2774.22470313]), 'n_active': 1, 'beta1_train': -369.1339899423682, 'beta0_train': -506.1730105435463, 'beta1_val': -1800.387463625586, 'beta0_val': -1800.387463625586, 'selected_score': -506.1730105435463, 'evaluations': 20, 'seconds': 0.026579700002912432, 'method': 'differential_evolution_v2', 'accepted_search': True, 'solver_message': 'Optimization terminated successfully.'}, {'theta': array([-4.22086253e+03, -1.40050783e-01]), 'n_active': 2, 'beta1_train': -2835.5403584676064, 'beta0_train': -4089.6000000000004, 'beta1_val': -3169.5494084835354, 'beta0_val': -4089.6, 'selected_score': -4089.6000000000004, 'evaluations': 95, 'seconds': 0.062290500005474314, 'method': 'differential_evolution_v2', 'accepted_search': True, 'solver_message': 'Maximum number of iterations has been exceeded.'}, {'theta': array([-6.02185226e+01,  5.99883819e-01, -3.83062188e+03,  1.34241058e+00]), 'n_active': 4, 'beta1_train': 3067.160532293674, 'beta0_train': 3608.418201381479, 'beta1_val': -1158.5904589979032, 'beta0_val': -1158.5904589979032, 'selected_score': 2828.114682880357, 'evaluations': 185, 'seconds': 0.13127490000624675, 'method': 'differential_evolution_v2', 'accepted_search': True, 'solver_message': 'Maximum number of iterations has been exceeded.'}]",42,[],2168.1906642026797,2763.379036357269,0.2201451000146335,0.33405010000569746
"[{'theta': array([-6900.77488759]), 'n_active': 1, 'beta1_train': -1561.5959445750716, 'beta0_train': -2955.4691303030772, 'beta1_val': -3256.861547038422, 'beta0_val': -3291.316162443772, 'selected_score': -2955.4691303030772, 'evaluations': 25, 'seconds': 0.03576220000104513, 'method': 'differential_evolution_v2', 'accepted_search': True, 'solver_message': 'Optimization terminated successfully.'}, {'theta': array([-1122.70746646,     1.22422155]), 'n_active': 2, 'beta1_train': 596.3123087370335, 'beta0_train': -2524.2778942604027, 'beta1_val': 401.96983609235167, 'beta0_val': -2696.1835815073478, 'selected_score': -2591.143162083155, 'evaluations': 95, 'seconds': 0.06115809999755584, 'method': 'differential_evolution_v2', 'accepted_search': True, 'solver_message': 'Maximum number of iterations has been exceeded.'}, {'theta': array([-9600.,     0., -9600.,     0.]), 'n_active': 4, 'beta1_train': 4806.280231898841, 'beta0_train': 5767.097811974044, 'beta1_val': -808.426174816513, 'beta0_val': -808.4261748165242, 'selected_score': 5767.097811974044, 'evaluations': 185, 'seconds': 0.13234179999562912, 'method': 'differential_evolution_v2', 'accepted_search': False, 'solver_message': 'Maximum number of iterations has been exceeded.'}]",42,[],2763.379036357269,2564.1980459300335,0.22926209999423008,0.40772849999484606
"[{'theta': array([-7844.17946898]), 'n_active': 1, 'beta1_train': -2754.656301568889, 'beta0_train': -3615.268007521123, 'beta1_val': -3907.456109835545, 'beta0_val': -3907.456109835545, 'selected_score': -3615.268007521123, 'evaluations': 50, 'seconds': 0.057516500004567206, 'method': 'differential_evolution_v2', 'accepted_search': True, 'solver_message': 'Maximum number of iterations has been exceeded.'}, {'theta': array([-6.17297016e+03,  5.39484459e-01]), 'n_active': 2, 'beta1_train': 835.8379780889214, 'beta0_train': -2631.8385078091565, 'beta1_val': -14.568456523747955, 'beta0_val': -2566.487015370041, 'selected_score': -2631.8385078091565, 'evaluations': 45, 'seconds': 0.03400580000015907, 'method': 'differential_evolution_v2', 'accepted_search': True, 'solver_message': 'Optimization terminated successfully.'}, {'theta': array([-4.07232503e+02,  2.79222641e-01, -3.18104431e+02, -1.57345538e+00]), 'n_active': 4, 'beta1_train': 5710.8090531701655, 'beta0_train': 6819.153534599635, 'beta1_val': -659.8925159768023, 'beta0_val': -975.6274305684773, 'selected_score': 5275.622639243856, 'evaluations': 185, 'seconds': 0.12848980000126176, 'method': 'differential_evolution_v2', 'accepted_search': True, 'solver_message': 'Maximum number of iterations has been exceeded.'}]",42,[],2564.1980459300335,2167.072059259261,0.22001210000598803,0.32909709999512415
"[{'theta': array([-5806.72988217]), 'n_active': 1, 'beta1_train': -2768.1239021045894, 'beta0_train': -3827.8402068806777, 'beta1_val': -4102.7888357311, 'beta0_val': -4102.7888357311, 'selected_score': -3827.8402068806777, 'evaluations': 20, 'seconds': 0.027824400007375516, 'method': 'differential_evolution_v2', 'accepted_search': True, 'solver_message': 'Optimization terminated successfully.'}, {'theta': array([-6.38766912e+03, -6.52203468e-01]), 'n_active': 2, 'beta1_train': 423.56505867299074, 'beta0_train': -2952.7615302397217, 'beta1_val': -1544.1920404928342, 'beta0_val': -3629.762126853068, 'selected_score': -2952.7615302397217, 'evaluations': 55, 'seconds': 0.03874519999953918, 'method': 'differential_evolution_v2', 'accepted_search': True, 'solver_message': 'Optimization terminated successfully.'}, {'theta': array([-2.69228750e+02,  1.94534981e+00, -4.36867031e+03,  8.16515371e-01]), 'n_active': 4, 'beta1_train': 5794.447356486431, 'beta0_train': 7100.5765243258265, 'beta1_val': -655.7964487167313, 'beta0_val': -655.7964487167313, 'selected_score': 5534.947593125853, 'evaluations': 185, 'seconds': 0.12645949999568984, 'method': 'differential_evolution_v2', 'accepted_search': True, 'solver_message': 'Maximum number of iterations has been exceeded.'}]",42,[],2167.072059259261,2252.6253022886094,0.19302910000260454,0.30020739999599755
"[{'theta': array([-3559.68757899]), 'n_active': 1, 'beta1_train': -2364.4761534506792, 'beta0_train': -3167.197980652661, 'beta1_val': -3553.2890876699516, 'beta0_val': -3553.2890876699516, 'selected_score': -3167.197980652661, 'evaluations': 20, 'seconds': 0.02829560000100173, 'method': 'differential_evolution_v2', 'accepted_search': True, 'solver_message': 'Optimization terminated successfully.'}, {'theta': array([-2.63942742e+03, -1.11184699e+00]), 'n_active': 2, 'beta1_train': 674.5832174862924, 'beta0_train': -2696.635042706534, 'beta1_val': 329.9766330556349, 'beta0_val': -2851.874164916419, 'selected_score': -2696.635042706534, 'evaluations': 45, 'seconds': 0.03366549999918789, 'method': 'differential_evolution_v2', 'accepted_search': True, 'solver_message': 'Optimization terminated successfully.'}, {'theta': array([-6.54664525e+02,  1.16407508e-01, -8.01855194e+02,  1.06217998e+00]), 'n_active': 4, 'beta1_train': 4734.004595167016, 'beta0_train': 5740.310593519662, 'beta1_val': -168.83736741085306, 'beta0_val': -430.8749432953248, 'selected_score': 4579.436417001534, 'evaluations': 185, 'seconds': 0.12513220000255387, 'method': 'differential_evolution_v2', 'accepted_search': True, 'solver_message': 'Maximum number of iterations has been exceeded.'}]",42,[],2252.6253022886094,2444.8002245519256,0.1870933000027435,0.29625849999138154
"[{'theta': array([-3213.98880339]), 'n_active': 1, 'beta1_train': -40.30293614681054, 'beta0_train': -190.67163702714095, 'beta1_val': -777.3216007708875, 'beta0_val': -777.3216007708875, 'selected_score': -190.67163702714095, 'evaluations': 20, 'seconds': 0.027842399998917244, 'method': 'differential_evolution_v2', 'accepted_search': True, 'solver_message': 'Optimization terminated successfully.'}, {'theta': array([-1176.67423683,    -1.352801  ]), 'n_active': 2, 'beta1_train': 3380.035814009952, 'beta0_train': -3.3095694208638506, 'beta1_val': 2926.082692995971, 'beta0_val': -465.8805699571482, 'selected_score': -14.086720161923575, 'evaluations': 95, 'seconds': 0.056300099997315556, 'method': 'differential_evolution_v2', 'accepted_search': True, 'solver_message': 'Maximum number of iterations has been exceeded.'}, {'theta': array([-3.09007347e+02, -4.29577928e-01, -2.19481141e+03, -1.75615397e+00]), 'n_active': 4, 'beta1_train': 4220.805325863141, 'beta0_train': 4696.182503884333, 'beta1_val': 609.03131700173, 'beta0_val': 25.07124306649513, 'selected_score': 4001.6592152442545, 'evaluations': 185, 'seconds': 0.12784909999754746, 'method': 'differential_evolution_v2', 'accepted_search': True, 'solver_message': 'Maximum number of iterations has been exceeded.'}]",42,[],2444.8002245519256,2206.8303807862194,0.21199159999378026,0.32138350000604987
"[{'theta': array([-7615.90431861]), 'n_active': 1, 'beta1_train': -142.0320522372669, 'beta0_train': -266.412896462242, 'beta1_val': -810.7572177455432, 'beta0_val': -810.7572177455432, 'selected_score': -266.412896462242, 'evaluations': 20, 'seconds': 0.0281956000108039, 'method': 'differential_evolution_v2', 'accepted_search': True, 'solver_message': 'Optimization terminated successfully.'}, {'theta': array([-3.55173072e+03, -6.96140382e-01]), 'n_active': 2, 'beta1_train': -739.3392435267074, 'beta0_train': -2047.7484913952137, 'beta1_val': -1116.8125619257603, 'beta0_val': -2056.8, 'selected_score': -2047.7484913952137, 'evaluations': 95, 'seconds': 0.058197599995764904, 'method': 'differential_evolution_v2', 'accepted_search': True, 'solver_message': 'Maximum number of iterations has been exceeded.'}, {'theta': array([ 4.02723558e+03,  3.06493021e-01, -9.63690778e+01,  5.06592043e-01]), 'n_active': 4, 'beta1_train': 1859.5313265969896, 'beta0_train': 2233.4715908593284, 'beta1_val': -420.74235420834935, 'beta0_val': -420.74235420834935, 'selected_score': 1808.0849005207785, 'evaluations': 185, 'seconds': 0.13158220000332221, 'method': 'differential_evolution_v2', 'accepted_search': True, 'solver_message': 'Maximum number of iterations has been exceeded.'}]",42,[],2206.8303807862194,2016.7264578064141,0.21797540000989102,0.328636500009452
"[{'theta': array([-1709.35944521]), 'n_active': 1, 'beta1_train': -1004.3441558276008, 'beta0_train': -1045.078999597441, 'beta1_val': -1300.5800769477098, 'beta0_val': -1300.5800769477098, 'selected_score': -1045.078999597441, 'evaluations': 15, 'seconds': 0.02492579999670852, 'method': 'differential_evolution_v2', 'accepted_search': True, 'solver_message': 'Optimization terminated successfully.'}, {'theta': array([-3.19125422e+03,  1.37116840e+00]), 'n_active': 2, 'beta1_train': -3190.5763083468573, 'beta0_train': -4503.376955593845, 'beta1_val': -3509.4116845099734, 'beta0_val': -4513.2, 'selected_score': -4503.376955593845, 'evaluations': 95, 'seconds': 0.06350889999885112, 'method': 'differential_evolution_v2', 'accepted_search': True, 'solver_message': 'Maximum number of iterations has been exceeded.'}, {'theta': array([-1.07242979e+02,  6.39816444e-02, -1.24350680e+02, -6.34473890e-01]), 'n_active': 4, 'beta1_train': 658.5957803151152, 'beta0_train': 677.535510344102, 'beta1_val': -1089.6063129722925, 'beta0_val': -1121.2703122043954, 'selected_score': 419.08583127835317, 'evaluations': 185, 'seconds': 0.1353316999884555, 'method': 'differential_evolution_v2', 'accepted_search': True, 'solver_message': 'Maximum number of iterations has been exceeded.'}]",42,[],2016.7264578064141,2925.6078724611107,0.22376639998401515,0.33573900000192225
"[{'theta': array([-7514.66979553]), 'n_active': 1, 'beta1_train': -3482.2909530422694, 'beta0_train': -4069.1838165032896, 'beta1_val': -3234.276016990393, 'beta0_val': -4050.037650486491, 'selected_score': -4069.1838165032896, 'evaluations': 20, 'seconds': 0.029156200005672872, 'method': 'differential_evolution_v2', 'accepted_search': True, 'solver_message': 'Optimization terminated successfully.'}, {'theta': array([-5.63791932e+03, -6.18030574e-01]), 'n_active': 2, 'beta1_train': -718.2384378122837, 'beta0_train': -4080.232730516762, 'beta1_val': -1493.4157191115733, 'beta0_val': -4159.367334188598, 'selected_score': -4080.232730516762, 'evaluations': 95, 'seconds': 0.06584719999227673, 'method': 'differential_evolution_v2', 'accepted_search': True, 'solver_message': 'Maximum number of iterations has been exceeded.'}, {'theta': array([-3.43402005e+02, -1.92685901e+00, -4.29564122e+03, -1.09905474e+00]), 'n_active': 4, 'beta1_train': 1314.6075083732255, 'beta0_train': 936.8193017153102, 'beta1_val': -505.26560863851574, 'beta0_val': -505.26560863851574, 'selected_score': 786.4325235906767, 'evaluations': 185, 'seconds': 0.12880520000180695, 'method': 'differential_evolution_v2', 'accepted_search': True, 'solver_message': 'Maximum number of iterations has been exceeded.'}]",42,[],2925.6078724611107,2294.0581174448603,0.22380859999975655,0.33619260000705253
"[{'theta': array([-7885.62587851]), 'n_active': 1, 'beta1_train': -3944.5441679736123, 'beta0_train': -4003.056888036002, 'beta1_val': -4142.771214467832, 'beta0_val': -4142.771214467832, 'selected_score': -4003.056888036002, 'evaluations': 20, 'seconds': 0.02834180000354536, 'method': 'differential_evolution_v2', 'accepted_search': True, 'solver_message': 'Optimization terminated successfully.'}, {'theta': array([-2.42002312e+03, -1.94476255e+00]), 'n_active': 2, 'beta1_train': 69.81141474302184, 'beta0_train': -2890.7611942125527, 'beta1_val': -702.225294949937, 'beta0_val': -3318.643916671692, 'selected_score': -2890.885387691726, 'evaluations': 95, 'seconds': 0.05946360000234563, 'method': 'differential_evolution_v2', 'accepted_search': True, 'solver_message': 'Maximum number of iterations has been exceeded.'}, {'theta': array([-1.97833494e+03, -4.71667638e-01, -1.38405425e+02, -8.59194109e-02]), 'n_active': 4, 'beta1_train': 470.42463130224576, 'beta0_train': 61.599571775219516, 'beta1_val': 8.610679932322228, 'beta0_val': -285.4153306789166, 'selected_score': 37.271822848249066, 'evaluations': 185, 'seconds': 0.12806909999926575, 'method': 'differential_evolution_v2', 'accepted_search': True, 'solver_message': 'Maximum number of iterations has been exceeded.'}]",42,[],2294.0581174448603,2396.1687072994687,0.21587450000515673,0.32911500000045635
"[{'theta': array([-1051.23105849]), 'n_active': 1, 'beta1_train': -4098.775363666308, 'beta0_train': -4119.755143748663, 'beta1_val': -4053.782080094055, 'beta0_val': -4053.782080094055, 'selected_score': -4119.755143748663, 'evaluations': 20, 'seconds': 0.028423099996871315, 'method': 'differential_evolution_v2', 'accepted_search': True, 'solver_message': 'Optimization terminated successfully.'}, {'theta': array([-9.33726261e+03,  4.95874773e-01]), 'n_active': 2, 'beta1_train': -373.59014562147854, 'beta0_train': -3288.1136759544584, 'beta1_val': -144.78132231681548, 'beta0_val': -3771.32874742411, 'selected_score': -3288.1136759544584, 'evaluations': 45, 'seconds': 0.03322460000345018, 'method': 'differential_evolution_v2', 'accepted_search': True, 'solver_message': 'Optimization terminated successfully.'}, {'theta': array([-6.37993452e+03,  8.91825506e-01, -3.75185288e+03, -3.50261647e-03]), 'n_active': 4, 'beta1_train': -302.74073737382116, 'beta0_train': -612.8146105755677, 'beta1_val': 41.35420481753556, 'beta0_val': -194.30898309983797, 'selected_score': -612.8146105755677, 'evaluations': 105, 'seconds': 0.08251629999722354, 'method': 'differential_evolution_v2', 'accepted_search': True, 'solver_message': 'Optimization terminated successfully.'}]",42,[],2396.1687072994687,2079.201871111111,0.14416399999754503,0.2555697999923723
"[{'theta': array([-1624.36860378]), 'n_active': 1, 'beta1_train': -4581.336467964595, 'beta0_train': -4609.618942950315, 'beta1_val': -4611.599999999999, 'beta0_val': -4611.599999999999, 'selected_score': -4609.618942950315, 'evaluations': 20, 'seconds': 0.028555999990203418, 'method': 'differential_evolution_v2', 'accepted_search': True, 'solver_message': 'Optimization terminated successfully.'}, {'theta': array([-2.53096985e+03,  2.45018717e-02]), 'n_active': 2, 'beta1_train': 960.2294197232458, 'beta0_train': -2205.6024842114957, 'beta1_val': 432.6875045552283, 'beta0_val': -2326.2369758554705, 'selected_score': -2205.6024842114957, 'evaluations': 55, 'seconds': 0.039287099993089214, 'method': 'differential_evolution_v2', 'accepted_search': True, 'solver_message': 'Optimization terminated successfully.'}, {'theta': array([-5.26999234e+03,  1.95523219e-01, -3.12757547e+03, -4.17553233e-01]), 'n_active': 4, 'beta1_train': 108.98743663558133, 'beta0_train': -691.6355750195905, 'beta1_val': -385.0107913850908, 'beta0_val': -593.811124006667, 'selected_score': -691.6355750195905, 'evaluations': 125, 'seconds': 0.0979189000063343, 'method': 'differential_evolution_v2', 'accepted_search': True, 'solver_message': 'Optimization terminated successfully.'}]",42,[],2079.201871111111,1827.8864872222207,0.16576199998962693,0.2762237999995705
"[{'theta': array([-1440.79452301]), 'n_active': 1, 'beta1_train': -1209.5835964519733, 'beta0_train': -1232.7496378575213, 'beta1_val': -1116.7404694770607, 'beta0_val': -1241.9724110770605, 'selected_score': -1232.7496378575213, 'evaluations': 20, 'seconds': 0.026599199991323985, 'method': 'differential_evolution_v2', 'accepted_search': True, 'solver_message': 'Optimization terminated successfully.'}, {'theta': array([-3.47806153e+03, -1.35960097e+00]), 'n_active': 2, 'beta1_train': 2318.2269694339298, 'beta0_train': -1076.9618441448201, 'beta1_val': 2084.082716920553, 'beta0_val': -1166.0475367262757, 'selected_score': -1076.9618441448201, 'evaluations': 45, 'seconds': 0.034243600006448105, 'method': 'differential_evolution_v2', 'accepted_search': True, 'solver_message': 'Optimization terminated successfully.'}, {'theta': array([-6.48303955e+03,  5.31447578e-01, -5.08984809e+03,  9.97284009e-01]), 'n_active': 4, 'beta1_train': 483.6549582227518, 'beta0_train': -79.58871543836145, 'beta1_val': 802.2800204121977, 'beta0_val': 638.4597730721702, 'selected_score': -79.58871543836145, 'evaluations': 185, 'seconds': 0.12925890000769868, 'method': 'differential_evolution_v2', 'accepted_search': True, 'solver_message': 'Maximum number of iterations has been exceeded.'}]",42,[],1827.8864872222207,2210.693919497476,0.19010170000547078,0.3022341000032611
"[{'theta': array([-2593.50422432]), 'n_active': 1, 'beta1_train': -274.4919724344018, 'beta0_train': -280.01396300244744, 'beta1_val': -272.0926619580855, 'beta0_val': -272.0926619580855, 'selected_score': -280.01396300244744, 'evaluations': 20, 'seconds': 0.02637400000821799, 'method': 'differential_evolution_v2', 'accepted_search': True, 'solver_message': 'Optimization terminated successfully.'}, {'theta': array([-1.83593217e+03, -9.84943489e-01]), 'n_active': 2, 'beta1_train': 176.0552617032826, 'beta0_train': -822.0, 'beta1_val': -118.09810660337268, 'beta0_val': -822.0, 'selected_score': -822.0, 'evaluations': 55, 'seconds': 0.03926720000163186, 'method': 'differential_evolution_v2', 'accepted_search': True, 'solver_message': 'Optimization terminated successfully.'}, {'theta': array([-3.10387675e+03,  5.85517315e-01, -7.50854550e+03,  8.18750614e-01]), 'n_active': 4, 'beta1_train': 198.38811211628388, 'beta0_train': -136.39567013702464, 'beta1_val': 519.3821920683887, 'beta0_val': -158.90459082372033, 'selected_score': -136.39567013702464, 'evaluations': 185, 'seconds': 0.1329810000024736, 'method': 'differential_evolution_v2', 'accepted_search': True, 'solver_message': 'Maximum number of iterations has been exceeded.'}]",42,[],2210.693919497476,1651.75509,0.19862220001232345,0.3069559999858029
"[{'theta': array([-1273.48975931]), 'n_active': 1, 'beta1_train': -1650.0494342578231, 'beta0_train': -1650.0494342578231, 'beta1_val': -1586.8549690248374, 'beta0_val': -1586.8549690248374, 'selected_score': -1650.0494342578231, 'evaluations': 50, 'seconds': 0.057976600000984035, 'method': 'differential_evolution_v2', 'accepted_search': True, 'solver_message': 'Maximum number of iterations has been exceeded.'}, {'theta': array([-3.45185633e+03,  1.16577004e+00]), 'n_active': 2, 'beta1_train': -2993.5457823012634, 'beta0_train': -4063.2000000000003, 'beta1_val': -2930.202827035293, 'beta0_val': -4063.2000000000003, 'selected_score': -4063.2000000000003, 'evaluations': 95, 'seconds': 0.06325620001007337, 'method': 'differential_evolution_v2', 'accepted_search': True, 'solver_message': 'Maximum number of iterations has been exceeded.'}, {'theta': array([-3.68602541e+02, -7.49026529e-01, -5.60605264e+03,  1.43924726e+00]), 'n_active': 4, 'beta1_train': -772.1477941029303, 'beta0_train': -1124.9884459090667, 'beta1_val': 801.5732905701694, 'beta0_val': 318.89020312858156, 'selected_score': -1125.93640198951, 'evaluations': 185, 'seconds': 0.1321998000057647, 'method': 'differential_evolution_v2', 'accepted_search': True, 'solver_message': 'Maximum number of iterations has been exceeded.'}]",42,[],1651.75509,2820.3151899084005,0.2534326000168221,0.3687940000090748
"[{'theta': array([-8142.57405274]), 'n_active': 1, 'beta1_train': -2994.707951260088, 'beta0_train': -3236.7841765551952, 'beta1_val': -3165.1814691264713, 'beta0_val': -3204.3825884253356, 'selected_score': -3236.7841765551952, 'evaluations': 30, 'seconds': 0.038518700006534345, 'method': 'differential_evolution_v2', 'accepted_search': True, 'solver_message': 'Optimization terminated successfully.'}, {'theta': array([-8.27079693e+03,  2.86762960e-01]), 'n_active': 2, 'beta1_train': 57.241879673169414, 'beta0_train': -3103.7005555427772, 'beta1_val': 337.57465526249007, 'beta0_val': -2828.848739499072, 'selected_score': -3103.7005555427772, 'evaluations': 95, 'seconds': 0.05936199999996461, 'method': 'differential_evolution_v2', 'accepted_search': True, 'solver_message': 'Maximum number of iterations has been exceeded.'}, {'theta': array([-7.25605373e+03, -3.41253410e-01, -9.28174561e+03,  1.55898183e+00]), 'n_active': 4, 'beta1_train': -343.85709346591767, 'beta0_train': -904.1008640380744, 'beta1_val': -778.9706458467792, 'beta0_val': -1004.279253902304, 'selected_score': -904.1008640380744, 'evaluations': 185, 'seconds': 0.12731650000205263, 'method': 'differential_evolution_v2', 'accepted_search': True, 'solver_message': 'Maximum number of iterations has been exceeded.'}]",42,[],2820.3151899084005,3290.2209486878796,0.2251972000085516,0.3436666000052355
"[{'theta': array([-8917.45969264]), 'n_active': 1, 'beta1_train': -4778.746249874286, 'beta0_train': -5056.676550859962, 'beta1_val': -5000.6048927822785, 'beta0_val': -5029.676418031071, 'selected_score': -5056.676550859962, 'evaluations': 30, 'seconds': 0.03509160000248812, 'method': 'differential_evolution_v2', 'accepted_search': True, 'solver_message': 'Optimization terminated successfully.'}, {'theta': array([-8.99109990e+03,  1.40366979e+00]), 'n_active': 2, 'beta1_train': -931.341466281297, 'beta0_train': -4461.807587261566, 'beta1_val': 142.84675722052543, 'beta0_val': -4108.283642247693, 'selected_score': -4461.807587261566, 'evaluations': 65, 'seconds': 0.04244930000277236, 'method': 'differential_evolution_v2', 'accepted_search': True, 'solver_message': 'Optimization terminated successfully.'}, {'theta': array([-6.48348351e+03,  8.85634992e-01, -7.13153006e+03, -4.11580563e-01]), 'n_active': 4, 'beta1_train': -86.44582323456832, 'beta0_train': -631.4112373760338, 'beta1_val': -863.0211241707843, 'beta0_val': -863.0211241707843, 'selected_score': -631.4112373760338, 'evaluations': 185, 'seconds': 0.1328421999933198, 'method': 'differential_evolution_v2', 'accepted_search': True, 'solver_message': 'Maximum number of iterations has been exceeded.'}]",42,[],3290.2209486878796,2162.630261666666,0.2103830999985803,0.3196254000067711
"[{'theta': array([-5870.414114]), 'n_active': 1, 'beta1_train': -4444.549530031048, 'beta0_train': -4463.186301959038, 'beta1_val': -4561.5869221179, 'beta0_val': -4561.5869221179, 'selected_score': -4463.186301959038, 'evaluations': 20, 'seconds': 0.028108899990911596, 'method': 'differential_evolution_v2', 'accepted_search': True, 'solver_message': 'Optimization terminated successfully.'}, {'theta': array([-2.41087780e+03, -8.06752052e-03]), 'n_active': 2, 'beta1_train': -874.5893245124464, 'beta0_train': -3807.458202403232, 'beta1_val': -689.0233218611384, 'beta0_val': -3514.986628940547, 'selected_score': -3807.458202403232, 'evaluations': 95, 'seconds': 0.05897869999171235, 'method': 'differential_evolution_v2', 'accepted_search': True, 'solver_message': 'Maximum number of iterations has been exceeded.'}, {'theta': array([-1.71462983e+03,  5.69089160e-01, -2.78867164e+03,  2.18845256e-01]), 'n_active': 4, 'beta1_train': -276.53751165429304, 'beta0_train': -510.42577340454494, 'beta1_val': -673.7533863685219, 'beta0_val': -673.7533863685219, 'selected_score': -510.42577340454494, 'evaluations': 185, 'seconds': 0.12766040000133216, 'method': 'differential_evolution_v2', 'accepted_search': True, 'solver_message': 'Maximum number of iterations has been exceeded.'}]",42,[],2162.630261666666,2511.229415293306,0.2147479999839561,0.32432970000081696
"[{'theta': array([-1298.19494024]), 'n_active': 1, 'beta1_train': -4950.920497060081, 'beta0_train': -4992.651254714243, 'beta1_val': -4995.6, 'beta0_val': -4995.6, 'selected_score': -4992.651254714243, 'evaluations': 15, 'seconds': 0.02291059998970013, 'method': 'differential_evolution_v2', 'accepted_search': True, 'solver_message': 'Optimization terminated successfully.'}, {'theta': array([-6.76411521e+03, -8.53803260e-01]), 'n_active': 2, 'beta1_train': -296.9507234055893, 'beta0_train': -3634.226067134525, 'beta1_val': -272.4194048344175, 'beta0_val': -3469.251118847772, 'selected_score': -3634.226067134525, 'evaluations': 55, 'seconds': 0.04134699999121949, 'method': 'differential_evolution_v2', 'accepted_search': True, 'solver_message': 'Optimization terminated successfully.'}, {'theta': array([-6.38466301e+03, -1.77855354e+00, -4.44342053e+02, -1.84753476e+00]), 'n_active': 4, 'beta1_train': -190.2398709391448, 'beta0_train': -633.1937702667237, 'beta1_val': -1102.744212059671, 'beta0_val': -1102.744212059671, 'selected_score': -636.475261369898, 'evaluations': 185, 'seconds': 0.12896570000157226, 'method': 'differential_evolution_v2', 'accepted_search': True, 'solver_message': 'Maximum number of iterations has been exceeded.'}]",42,[],2511.229415293306,2281.343967270843,0.19322329998249188,0.3036056999990251
"[{'theta': array([-2368.46041575]), 'n_active': 1, 'beta1_train': -1696.5333708221851, 'beta0_train': -1731.9711620445648, 'beta1_val': -1732.8, 'beta0_val': -1732.8, 'selected_score': -1731.9711620445648, 'evaluations': 50, 'seconds': 0.053803499991772696, 'method': 'differential_evolution_v2', 'accepted_search': True, 'solver_message': 'Maximum number of iterations has been exceeded.'}, {'theta': array([-7.29142052e+03,  1.93444387e+00]), 'n_active': 2, 'beta1_train': 1861.2925558078707, 'beta0_train': -1230.6472989452566, 'beta1_val': 1319.6279312417573, 'beta0_val': -1320.5894171056063, 'selected_score': -1230.6472989452566, 'evaluations': 95, 'seconds': 0.05950809999194462, 'method': 'differential_evolution_v2', 'accepted_search': True, 'solver_message': 'Maximum number of iterations has been exceeded.'}, {'theta': array([-5.07926221e+02, -4.42006113e-01, -6.99740025e+03, -7.28275448e-01]), 'n_active': 4, 'beta1_train': 1048.0996897063649, 'beta0_train': 168.94752981540393, 'beta1_val': -321.7074811774326, 'beta0_val': -366.52323075468195, 'selected_score': 132.3411280057779, 'evaluations': 185, 'seconds': 0.12645729999348987, 'method': 'differential_evolution_v2', 'accepted_search': True, 'solver_message': 'Maximum number of iterations has been exceeded.'}]",42,[],2281.343967270843,2304.8757316806837,0.23976889997720718,0.35164670000085607
"[{'theta': array([-2393.65869]), 'n_active': 1, 'beta1_train': -733.7061779580316, 'beta0_train': -759.3430162538513, 'beta1_val': -796.8974367434678, 'beta0_val': -796.8974367434678, 'selected_score': -759.3430162538513, 'evaluations': 15, 'seconds': 0.025113199997576885, 'method': 'differential_evolution_v2', 'accepted_search': True, 'solver_message': 'Optimization terminated successfully.'}, {'theta': array([-662.63200078,    1.71597442]), 'n_active': 2, 'beta1_train': -450.0435016915483, 'beta0_train': -1686.0, 'beta1_val': -110.63999675221885, 'beta0_val': -1686.0, 'selected_score': -1686.0, 'evaluations': 55, 'seconds': 0.03783610000391491, 'method': 'differential_evolution_v2', 'accepted_search': True, 'solver_message': 'Optimization terminated successfully.'}, {'theta': array([-1.24536594e+03, -1.43869701e+00, -8.33103395e+03, -1.10068267e+00]), 'n_active': 4, 'beta1_train': 145.01906899997007, 'beta0_train': -221.33593083617748, 'beta1_val': 317.26093440496703, 'beta0_val': -319.5635194053878, 'selected_score': -221.33593083617748, 'evaluations': 165, 'seconds': 0.11682009999640286, 'method': 'differential_evolution_v2', 'accepted_search': True, 'solver_message': 'Optimization terminated successfully.'}]",42,[],2304.8757316806837,2187.5576236934025,0.17976939999789465,0.28825109999161214
"[{'theta': array([-6475.92126788]), 'n_active': 1, 'beta1_train': -1546.1784786400915, 'beta0_train': -1561.3677544857128, 'beta1_val': -1795.062831006869, 'beta0_val': -1795.062831006869, 'selected_score': -1561.3677544857128, 'evaluations': 15, 'seconds': 0.022952999992412515, 'method': 'differential_evolution_v2', 'accepted_search': True, 'solver_message': 'Optimization terminated successfully.'}, {'theta': array([-9.99490135e+02,  8.35695865e-01]), 'n_active': 2, 'beta1_train': -2843.5644154618876, 'beta0_train': -4072.799999999999, 'beta1_val': -2756.715684596831, 'beta0_val': -4072.7999999999993, 'selected_score': -4072.799999999999, 'evaluations': 95, 'seconds': 0.05773369999951683, 'method': 'differential_evolution_v2', 'accepted_search': True, 'solver_message': 'Maximum number of iterations has been exceeded.'}, {'theta': array([-6.89503215e+03, -1.91358092e+00, -9.27921733e+02,  3.41358988e-01]), 'n_active': 4, 'beta1_train': -542.8610324041048, 'beta0_train': -997.1725478788741, 'beta1_val': -1116.6892437750428, 'beta0_val': -1142.0640493444027, 'selected_score': -997.1725478788741, 'evaluations': 185, 'seconds': 0.13063230000261683, 'method': 'differential_evolution_v2', 'accepted_search': True, 'solver_message': 'Maximum number of iterations has been exceeded.'}]",42,[],2187.5576236934025,2526.906584629631,0.21131899999454618,0.32321860000956804
"[{'theta': array([-5322.63890657]), 'n_active': 1, 'beta1_train': -3009.1520428397625, 'beta0_train': -3422.31146266031, 'beta1_val': -3052.6430784123804, 'beta0_val': -3402.3741802775908, 'selected_score': -3422.31146266031, 'evaluations': 30, 'seconds': 0.0365612999885343, 'method': 'differential_evolution_v2', 'accepted_search': True, 'solver_message': 'Optimization terminated successfully.'}, {'theta': array([-3.64391304e+03, -4.71133080e-02]), 'n_active': 2, 'beta1_train': 1201.5705276647282, 'beta0_train': -980.9460045025471, 'beta1_val': 434.43027012246966, 'beta0_val': -2620.820380105565, 'selected_score': -980.9460045025471, 'evaluations': 95, 'seconds': 0.05979739999747835, 'method': 'differential_evolution_v2', 'accepted_search': True, 'solver_message': 'Maximum number of iterations has been exceeded.'}, {'theta': array([-5.01363530e+03,  2.83688619e-01, -4.29390333e+03, -7.42272356e-01]), 'n_active': 4, 'beta1_train': 100.25474539671734, 'beta0_train': -387.9740848617183, 'beta1_val': -202.98631806104777, 'beta0_val': -304.0740185023055, 'selected_score': -387.9740848617183, 'evaluations': 105, 'seconds': 0.08289119999972172, 'method': 'differential_evolution_v2', 'accepted_search': True, 'solver_message': 'Optimization terminated successfully.'}]",42,[],2526.906584629631,2277.3927122486425,0.17924989998573437,0.2876228999957675
"[{'theta': array([-6141.79067527]), 'n_active': 1, 'beta1_train': -3838.132559576492, 'beta0_train': -3867.9411826088526, 'beta1_val': -3868.8, 'beta0_val': -3868.8, 'selected_score': -3867.9411826088526, 'evaluations': 50, 'seconds': 0.053660899997339584, 'method': 'differential_evolution_v2', 'accepted_search': True, 'solver_message': 'Maximum number of iterations has been exceeded.'}, {'theta': array([-8.87667395e+03, -5.94512755e-01]), 'n_active': 2, 'beta1_train': 692.5171542222378, 'beta0_train': -2662.284051542266, 'beta1_val': 199.21837984938884, 'beta0_val': -2867.424009825584, 'selected_score': -2662.284051542266, 'evaluations': 35, 'seconds': 0.02969660000235308, 'method': 'differential_evolution_v2', 'accepted_search': True, 'solver_message': 'Optimization terminated successfully.'}, {'theta': array([-6.76180134e+03,  1.19127089e-01, -4.99734518e+02,  6.81855469e-01]), 'n_active': 4, 'beta1_train': 87.13842837072295, 'beta0_train': -380.83782343202057, 'beta1_val': 858.3957769352493, 'beta0_val': -620.3712774297619, 'selected_score': -384.153223164769, 'evaluations': 185, 'seconds': 0.12256780000461731, 'method': 'differential_evolution_v2', 'accepted_search': True, 'solver_message': 'Maximum number of iterations has been exceeded.'}]",42,[],2277.3927122486425,5800.180064954705,0.20592530000430997,0.3112778999930015
"[{'theta': array([-3776.99559086]), 'n_active': 1, 'beta1_train': -3914.9825845768623, 'beta0_train': -3949.87931016276, 'beta1_val': -3971.077860637015, 'beta0_val': -3971.077860637015, 'selected_score': -3949.87931016276, 'evaluations': 15, 'seconds': 0.0234092999889981, 'method': 'differential_evolution_v2', 'accepted_search': True, 'solver_message': 'Optimization terminated successfully.'}, {'theta': array([-7.11886331e+03,  1.39298012e-01]), 'n_active': 2, 'beta1_train': 544.9214466515513, 'beta0_train': -2842.042299941926, 'beta1_val': -1156.0294917509732, 'beta0_val': -3689.5349172350657, 'selected_score': -2842.042299941926, 'evaluations': 95, 'seconds': 0.058833899995079264, 'method': 'differential_evolution_v2', 'accepted_search': True, 'solver_message': 'Maximum number of iterations has been exceeded.'}, {'theta': array([-4.13378637e+02, -4.83147389e-01, -9.36973156e+03, -1.14762231e+00]), 'n_active': 4, 'beta1_train': 156.30073278006887, 'beta0_train': -312.5611026656002, 'beta1_val': -2210.8654390972215, 'beta0_val': -2210.8654390972215, 'selected_score': -344.8908408735105, 'evaluations': 185, 'seconds': 0.12559779999719467, 'method': 'differential_evolution_v2', 'accepted_search': True, 'solver_message': 'Maximum number of iterations has been exceeded.'}]",42,[],5800.180064954705,5645.4681735185195,0.20784099998127203,0.3191914000053657
"[{'theta': array([-3851.87482303]), 'n_active': 1, 'beta1_train': -4184.074896220402, 'beta0_train': -4265.513811585129, 'beta1_val': -4198.38990346892, 'beta0_val': -4240.70653860852, 'selected_score': -4265.513811585129, 'evaluations': 15, 'seconds': 0.022862899990286678, 'method': 'differential_evolution_v2', 'accepted_search': True, 'solver_message': 'Optimization terminated successfully.'}, {'theta': array([-8.47815838e+03, -1.46246462e-01]), 'n_active': 2, 'beta1_train': 219.8540401163591, 'beta0_train': -3089.480316477114, 'beta1_val': -1179.187147526733, 'beta0_val': -3838.2750015724487, 'selected_score': -3089.480316477114, 'evaluations': 45, 'seconds': 0.03332590000354685, 'method': 'differential_evolution_v2', 'accepted_search': True, 'solver_message': 'Optimization terminated successfully.'}, {'theta': array([-6.11606971e+02, -1.29822754e+00, -2.83722291e+03, -1.34434733e+00]), 'n_active': 4, 'beta1_train': 365.0806798392597, 'beta0_train': -282.6019159838382, 'beta1_val': -2328.2765276313585, 'beta0_val': -2328.2765276313585, 'selected_score': -307.8304655072029, 'evaluations': 185, 'seconds': 0.1269225000141887, 'method': 'differential_evolution_v2', 'accepted_search': True, 'solver_message': 'Maximum number of iterations has been exceeded.'}]",42,[],5645.4681735185195,5570.503516296298,0.18311130000802223,0.29429060000984464
"[{'theta': array([-3254.14593665]), 'n_active': 1, 'beta1_train': -1888.084560659337, 'beta0_train': -1938.5977136533172, 'beta1_val': -1939.2, 'beta0_val': -1939.2, 'selected_score': -1938.5977136533172, 'evaluations': 20, 'seconds': 0.027431199996499345, 'method': 'differential_evolution_v2', 'accepted_search': True, 'solver_message': 'Optimization terminated successfully.'}, {'theta': array([-2.11130417e+03, -7.95373787e-01]), 'n_active': 2, 'beta1_train': 1966.6302630080515, 'beta0_train': -1690.5794805436826, 'beta1_val': 1852.1660405897876, 'beta0_val': -1881.3618873412297, 'selected_score': -1690.5794805436826, 'evaluations': 95, 'seconds': 0.05960979999508709, 'method': 'differential_evolution_v2', 'accepted_search': True, 'solver_message': 'Maximum number of iterations has been exceeded.'}, {'theta': array([-6.47746165e+03, -3.96128470e-01, -5.38593115e+02,  7.83880085e-01]), 'n_active': 4, 'beta1_train': 835.4576700703632, 'beta0_train': 221.88919333113486, 'beta1_val': -975.0088921048618, 'beta0_val': -975.0088921048618, 'selected_score': 218.5142837579888, 'evaluations': 185, 'seconds': 0.12748690000444185, 'method': 'differential_evolution_v2', 'accepted_search': True, 'solver_message': 'Maximum number of iterations has been exceeded.'}]",42,[],5570.503516296298,5415.992308435124,0.21452789999602828,0.32086079999862704
"[{'theta': array([-4796.56510683]), 'n_active': 1, 'beta1_train': -507.3377441631111, 'beta0_train': -545.4899319028352, 'beta1_val': -875.3544669461821, 'beta0_val': -875.3544669461821, 'selected_score': -545.4899319028352, 'evaluations': 15, 'seconds': 0.02261360001284629, 'method': 'differential_evolution_v2', 'accepted_search': True, 'solver_message': 'Optimization terminated successfully.'}, {'theta': array([-6.47637439e+03,  1.04834008e+00]), 'n_active': 2, 'beta1_train': 75.10026394468663, 'beta0_train': -1380.0, 'beta1_val': -83.09618312775251, 'beta0_val': -1380.0, 'selected_score': -1380.0, 'evaluations': 75, 'seconds': 0.049421899995650165, 'method': 'differential_evolution_v2', 'accepted_search': True, 'solver_message': 'Optimization terminated successfully.'}, {'theta': array([-8.96234267e+03, -2.12216034e-01, -3.66207288e+03,  3.21983984e-01]), 'n_active': 4, 'beta1_train': 175.62422536564767, 'beta0_train': -145.899097299001, 'beta1_val': -770.3750241995882, 'beta0_val': -770.3750241995882, 'selected_score': -145.899097299001, 'evaluations': 185, 'seconds': 0.12715949999983422, 'method': 'differential_evolution_v2', 'accepted_search': True, 'solver_message': 'Maximum number of iterations has been exceeded.'}]",42,[],5415.992308435124,5689.824908703702,0.19919500000833068,0.3075663999916287
"[{'theta': array([-3411.05585475]), 'n_active': 1, 'beta1_train': -1838.168222021755, 'beta0_train': -1877.9855780513356, 'beta1_val': -2942.4214886345912, 'beta0_val': -2942.4214886345912, 'selected_score': -1877.9855780513356, 'evaluations': 50, 'seconds': 0.05541400000220165, 'method': 'differential_evolution_v2', 'accepted_search': True, 'solver_message': 'Maximum number of iterations has been exceeded.'}, {'theta': array([-3.34228901e+03, -1.15459317e+00]), 'n_active': 2, 'beta1_train': -3463.1017194084557, 'beta0_train': -4855.200000000001, 'beta1_val': -3510.974710604776, 'beta0_val': -4855.2, 'selected_score': -4855.200000000001, 'evaluations': 95, 'seconds': 0.058335399997304194, 'method': 'differential_evolution_v2', 'accepted_search': True, 'solver_message': 'Maximum number of iterations has been exceeded.'}, {'theta': array([-9.32336441e+03, -1.75976834e+00, -9.34770297e+03, -1.33491820e+00]), 'n_active': 4, 'beta1_train': -2742.1166850833597, 'beta0_train': -3098.5195973541518, 'beta1_val': -4395.795580833826, 'beta0_val': -4395.795580833826, 'selected_score': -3098.5195973541518, 'evaluations': 185, 'seconds': 0.1294523999968078, 'method': 'differential_evolution_v2', 'accepted_search': True, 'solver_message': 'Maximum number of iterations has been exceeded.'}]",42,[],5689.824908703702,10347.418759259259,0.24320179999631364,0.35367119999136776
"[{'theta': array([-439.69133622]), 'n_active': 1, 'beta1_train': -3815.944372232297, 'beta0_train': -3964.3884920723754, 'beta1_val': -3976.022174024691, 'beta0_val': -3976.022174024691, 'selected_score': -3964.3884920723754, 'evaluations': 50, 'seconds': 0.05457300000125542, 'method': 'differential_evolution_v2', 'accepted_search': True, 'solver_message': 'Maximum number of iterations has been exceeded.'}, {'theta': array([-6.98339983e+03,  9.10047758e-01]), 'n_active': 2, 'beta1_train': 564.7355866033699, 'beta0_train': -3049.313965197222, 'beta1_val': 118.40016683527983, 'beta0_val': -3350.104743079177, 'selected_score': -3049.313965197222, 'evaluations': 95, 'seconds': 0.05915300000924617, 'method': 'differential_evolution_v2', 'accepted_search': True, 'solver_message': 'Maximum number of iterations has been exceeded.'}, {'theta': array([-3.52024043e+02,  2.15818007e-01, -3.61573269e+03, -1.19382681e+00]), 'n_active': 4, 'beta1_train': 262.3643460371481, 'beta0_train': -86.4004661424565, 'beta1_val': -2330.8474998459255, 'beta0_val': -2330.8474998459255, 'selected_score': -127.96766739393446, 'evaluations': 185, 'seconds': 0.127788400001009, 'method': 'differential_evolution_v2', 'accepted_search': True, 'solver_message': 'Maximum number of iterations has been exceeded.'}]",42,[],10347.418759259259,5420.2535425925935,0.2415144000115106,0.35026019999349955
"[{'theta': array([-4225.02849316]), 'n_active': 1, 'beta1_train': -3747.8737228990817, 'beta0_train': -3819.328510425203, 'beta1_val': -3821.9999999999995, 'beta0_val': -3821.9999999999995, 'selected_score': -3819.328510425203, 'evaluations': 50, 'seconds': 0.05417979999037925, 'method': 'differential_evolution_v2', 'accepted_search': True, 'solver_message': 'Maximum number of iterations has been exceeded.'}, {'theta': array([-5.33940774e+03,  1.93150544e+00]), 'n_active': 2, 'beta1_train': 835.2788677422596, 'beta0_train': -2432.294301426403, 'beta1_val': -473.7152190725392, 'beta0_val': -2919.558521131867, 'selected_score': -2432.294301426403, 'evaluations': 45, 'seconds': 0.032658800002536736, 'method': 'differential_evolution_v2', 'accepted_search': True, 'solver_message': 'Optimization terminated successfully.'}, {'theta': array([-3.06306739e+02,  1.48941266e-01, -4.10286792e+03, -1.77957336e+00]), 'n_active': 4, 'beta1_train': 181.92187578370272, 'beta0_train': -148.59490291090316, 'beta1_val': -2159.2103439192024, 'beta0_val': -2159.2103439192024, 'selected_score': -191.30949788086156, 'evaluations': 185, 'seconds': 0.12848980000126176, 'method': 'differential_evolution_v2', 'accepted_search': True, 'solver_message': 'Maximum number of iterations has been exceeded.'}]",42,[],5420.2535425925935,1379.2807744924003,0.21532839999417774,0.32659630000125617
"[{'theta': array([-6531.19884032]), 'n_active': 1, 'beta1_train': -3864.449406559256, 'beta0_train': -3935.9633614444388, 'beta1_val': -3816.1961721538987, 'beta0_val': -3816.1961721538987, 'selected_score': -3935.9633614444388, 'evaluations': 50, 'seconds': 0.05282390001229942, 'method': 'differential_evolution_v2', 'accepted_search': True, 'solver_message': 'Maximum number of iterations has been exceeded.'}, {'theta': array([-8.15658252e+03, -8.87373083e-01]), 'n_active': 2, 'beta1_train': -333.3951455584329, 'beta0_train': -3690.199301329568, 'beta1_val': -311.2348292282354, 'beta0_val': -3744.047339340528, 'selected_score': -3690.199301329568, 'evaluations': 95, 'seconds': 0.059440700002596714, 'method': 'differential_evolution_v2', 'accepted_search': True, 'solver_message': 'Maximum number of iterations has been exceeded.'}, {'theta': array([-3.06901269e+02,  2.71052118e-01, -5.57395682e+03, -1.83556166e+00]), 'n_active': 4, 'beta1_train': -829.8507014324603, 'beta0_train': -1125.6609236064496, 'beta1_val': -39.100130864391986, 'beta0_val': -1066.6770636756846, 'selected_score': -1181.0186305842772, 'evaluations': 185, 'seconds': 0.13945370000146795, 'method': 'differential_evolution_v2', 'accepted_search': True, 'solver_message': 'Maximum number of iterations has been exceeded.'}]",42,[],1379.2807744924003,3763.8531463255445,0.2517183000163641,0.3641205999883823
"[{'theta': array([-295.51938117]), 'n_active': 1, 'beta1_train': -4160.851017452572, 'beta0_train': -4264.571641604188, 'beta1_val': -4267.2, 'beta0_val': -4267.2, 'selected_score': -4264.571641604188, 'evaluations': 20, 'seconds': 0.027368099996238016, 'method': 'differential_evolution_v2', 'accepted_search': True, 'solver_message': 'Optimization terminated successfully.'}, {'theta': array([-7.24843437e+03, -1.35242775e+00]), 'n_active': 2, 'beta1_train': 743.4296891882017, 'beta0_train': -2713.960116862796, 'beta1_val': 771.0148259231992, 'beta0_val': -2426.9240361091224, 'selected_score': -2713.960116862796, 'evaluations': 45, 'seconds': 0.03424139998969622, 'method': 'differential_evolution_v2', 'accepted_search': True, 'solver_message': 'Optimization terminated successfully.'}, {'theta': array([-4.15388541e+02,  1.94136624e-01, -4.27546846e+03,  9.38708219e-01]), 'n_active': 4, 'beta1_train': -240.17539658045834, 'beta0_train': -515.989930443026, 'beta1_val': 701.9118743295288, 'beta0_val': -470.60284724057834, 'selected_score': -530.7945061217896, 'evaluations': 185, 'seconds': 0.12819800000579562, 'method': 'differential_evolution_v2', 'accepted_search': True, 'solver_message': 'Maximum number of iterations has been exceeded.'}]",42,[],3763.8531463255445,2155.89947975915,0.18980749999172986,0.299609200010309
"[{'theta': array([-4405.09325551]), 'n_active': 1, 'beta1_train': -1512.295881719671, 'beta0_train': -1607.4384820826203, 'beta1_val': -1466.1685831090385, 'beta0_val': -1603.2573662633747, 'selected_score': -1607.4384820826203, 'evaluations': 20, 'seconds': 0.027578099994570948, 'method': 'differential_evolution_v2', 'accepted_search': True, 'solver_message': 'Optimization terminated successfully.'}, {'theta': array([-2.42817464e+03, -8.47810874e-01]), 'n_active': 2, 'beta1_train': 2434.0806072358837, 'beta0_train': -1223.3319703870604, 'beta1_val': 3543.548885643834, 'beta0_val': -1049.5877772302158, 'selected_score': -1223.3319703870604, 'evaluations': 55, 'seconds': 0.043674700005794875, 'method': 'differential_evolution_v2', 'accepted_search': True, 'solver_message': 'Optimization terminated successfully.'}, {'theta': array([-8.33505474e+03,  5.09665553e-01, -3.69970136e+03,  1.96280774e+00]), 'n_active': 4, 'beta1_train': 458.2642694455284, 'beta0_train': -56.82259977260241, 'beta1_val': -194.07102451660495, 'beta0_val': -194.07102451660495, 'selected_score': -56.82259977260241, 'evaluations': 185, 'seconds': 0.12791340000694618, 'method': 'differential_evolution_v2', 'accepted_search': True, 'solver_message': 'Maximum number of iterations has been exceeded.'}]",42,[],2155.89947975915,1909.7036210082176,0.199166200007312,0.310387699995772
"[{'theta': array([-1861.48074019]), 'n_active': 1, 'beta1_train': -345.9502474402174, 'beta0_train': -372.4903967247031, 'beta1_val': -332.22716476752436, 'beta0_val': -332.22716476752436, 'selected_score': -372.4903967247031, 'evaluations': 20, 'seconds': 0.027265800003078766, 'method': 'differential_evolution_v2', 'accepted_search': True, 'solver_message': 'Optimization terminated successfully.'}, {'theta': array([-1.12046763e+03,  3.58965865e-01]), 'n_active': 2, 'beta1_train': 742.7315258296189, 'beta0_train': -840.0, 'beta1_val': 597.1726127676307, 'beta0_val': -840.0, 'selected_score': -840.0, 'evaluations': 45, 'seconds': 0.035831100001814775, 'method': 'differential_evolution_v2', 'accepted_search': True, 'solver_message': 'Optimization terminated successfully.'}, {'theta': array([-3.33909098e+02,  1.89309220e+00, -2.82099154e+03, -8.82050893e-01]), 'n_active': 4, 'beta1_train': 344.75073896706283, 'beta0_train': 12.500089305119578, 'beta1_val': 137.9683210343951, 'beta0_val': -136.84242679633104, 'selected_score': 1.4435065234508888, 'evaluations': 185, 'seconds': 0.13095489999977872, 'method': 'differential_evolution_v2', 'accepted_search': True, 'solver_message': 'Maximum number of iterations has been exceeded.'}]",42,[],1909.7036210082176,1938.7352589371612,0.19405180000467226,0.30342270000255667
"[{'theta': array([-2448.76883295]), 'n_active': 1, 'beta1_train': -1909.8558206546395, 'beta0_train': -1935.9769620274126, 'beta1_val': -1541.0583979661956, 'beta0_val': -1595.5570941910964, 'selected_score': -1935.9769620274126, 'evaluations': 50, 'seconds': 0.07272139999258798, 'method': 'differential_evolution_v2', 'accepted_search': True, 'solver_message': 'Maximum number of iterations has been exceeded.'}, {'theta': array([-7.12723555e+03, -8.23245876e-01]), 'n_active': 2, 'beta1_train': -2977.509935414928, 'beta0_train': -4286.400000000001, 'beta1_val': -2888.3352305754515, 'beta0_val': -4286.400000000001, 'selected_score': -4286.400000000001, 'evaluations': 35, 'seconds': 0.03231559999403544, 'method': 'differential_evolution_v2', 'accepted_search': True, 'solver_message': 'Optimization terminated successfully.'}, {'theta': array([-2.21031499e+02,  2.76064474e-01, -7.28801380e+03,  9.19272830e-01]), 'n_active': 4, 'beta1_train': -3664.8392516776617, 'beta0_train': -4024.020839819277, 'beta1_val': -4211.002857101891, 'beta0_val': -4231.008195322982, 'selected_score': -4031.942666847733, 'evaluations': 185, 'seconds': 0.12779529999534134, 'method': 'differential_evolution_v2', 'accepted_search': True, 'solver_message': 'Maximum number of iterations has been exceeded.'}]",42,[],1938.7352589371612,10655.030875558667,0.23283229998196475,0.35983430000487715
"[{'theta': array([-857.50457997]), 'n_active': 1, 'beta1_train': -4175.083775246648, 'beta0_train': -4355.430111361343, 'beta1_val': -4223.150212816671, 'beta0_val': -4362.0, 'selected_score': -4355.430111361343, 'evaluations': 35, 'seconds': 0.040152899993699975, 'method': 'differential_evolution_v2', 'accepted_search': True, 'solver_message': 'Optimization terminated successfully.'}, {'theta': array([-5.02910030e+03, -7.37784097e-01]), 'n_active': 2, 'beta1_train': 324.0870440101014, 'beta0_train': -2881.722236109488, 'beta1_val': -116.12959011843668, 'beta0_val': -3406.1970122535677, 'selected_score': -2881.722236109488, 'evaluations': 95, 'seconds': 0.05835320000187494, 'method': 'differential_evolution_v2', 'accepted_search': True, 'solver_message': 'Maximum number of iterations has been exceeded.'}, {'theta': array([-6.55947938e+02, -9.47772806e-01, -3.75251887e+03,  3.83807162e-01]), 'n_active': 4, 'beta1_train': -866.8395034689095, 'beta0_train': -1345.384286745586, 'beta1_val': -1183.6313404545776, 'beta0_val': -1462.093608043534, 'selected_score': -1345.384286745586, 'evaluations': 165, 'seconds': 0.11671590000332799, 'method': 'differential_evolution_v2', 'accepted_search': True, 'solver_message': 'Optimization terminated successfully.'}]",42,[],10655.030875558667,2875.2881146551513,0.2152219999989029,0.32660590000159573
"[{'theta': array([-2054.19698772]), 'n_active': 1, 'beta1_train': -2754.416749642005, 'beta0_train': -2822.3452899729746, 'beta1_val': -2820.719184597869, 'beta0_val': -2835.3458090370364, 'selected_score': -2822.3452899729746, 'evaluations': 15, 'seconds': 0.022462900000391528, 'method': 'differential_evolution_v2', 'accepted_search': True, 'solver_message': 'Optimization terminated successfully.'}, {'theta': array([-7.47738714e+03, -4.13407902e-01]), 'n_active': 2, 'beta1_train': 1162.9521612146596, 'beta0_train': -2567.9564992115197, 'beta1_val': 924.8860050273888, 'beta0_val': -2765.092182233153, 'selected_score': -2567.9564992115197, 'evaluations': 55, 'seconds': 0.039014900001347996, 'method': 'differential_evolution_v2', 'accepted_search': True, 'solver_message': 'Optimization terminated successfully.'}, {'theta': array([-2.58260016e+02, -1.74139991e+00, -4.69774087e+03,  4.28298513e-01]), 'n_active': 4, 'beta1_train': -435.39067385086054, 'beta0_train': -702.5888386212089, 'beta1_val': 782.8198491571551, 'beta0_val': -58.02332902265243, 'selected_score': -711.2142101197771, 'evaluations': 185, 'seconds': 0.1261306000087643, 'method': 'differential_evolution_v2', 'accepted_search': True, 'solver_message': 'Maximum number of iterations has been exceeded.'}]",42,[],2875.2881146551513,2791.440832306191,0.18760840001050383,0.29901479999534786
"[{'theta': array([-3506.60646384]), 'n_active': 1, 'beta1_train': -4005.5108839913664, 'beta0_train': -4228.410003609978, 'beta1_val': -4050.912391947646, 'beta0_val': -4194.483526691884, 'selected_score': -4228.410003609978, 'evaluations': 20, 'seconds': 0.027801899996120483, 'method': 'differential_evolution_v2', 'accepted_search': True, 'solver_message': 'Optimization terminated successfully.'}, {'theta': array([-4.52705545e+03, -1.05783540e+00]), 'n_active': 2, 'beta1_train': 519.9396781875915, 'beta0_train': -2809.3493804090003, 'beta1_val': 2609.6961587266874, 'beta0_val': -1708.1352044681469, 'selected_score': -2809.3493804090003, 'evaluations': 25, 'seconds': 0.02380039999843575, 'method': 'differential_evolution_v2', 'accepted_search': True, 'solver_message': 'Optimization terminated successfully.'}, {'theta': array([-1.14383772e+03,  5.82522316e-01, -8.30880013e+03, -1.73672281e+00]), 'n_active': 4, 'beta1_train': -819.1742368559147, 'beta0_train': -1194.681394482315, 'beta1_val': -905.1649819187367, 'beta0_val': -923.0066299550843, 'selected_score': -1194.681394482315, 'evaluations': 145, 'seconds': 0.10563989999354817, 'method': 'differential_evolution_v2', 'accepted_search': True, 'solver_message': 'Optimization terminated successfully.'}]",42,[],2791.440832306191,2411.9786601429873,0.1572421999881044,0.26843389999703504
"[{'theta': array([-3520.18513888]), 'n_active': 1, 'beta1_train': -3578.8561999412805, 'beta0_train': -3610.284467977517, 'beta1_val': -3497.7518624163336, 'beta0_val': -3612.0, 'selected_score': -3610.284467977517, 'evaluations': 50, 'seconds': 0.0585890000074869, 'method': 'differential_evolution_v2', 'accepted_search': True, 'solver_message': 'Maximum number of iterations has been exceeded.'}, {'theta': array([-6.36072225e+03,  5.97867799e-01]), 'n_active': 2, 'beta1_train': 1433.9827267678932, 'beta0_train': -1743.8398267395014, 'beta1_val': 1187.5424468861574, 'beta0_val': -2438.642303718748, 'selected_score': -1743.8398267395014, 'evaluations': 95, 'seconds': 0.06370389999938197, 'method': 'differential_evolution_v2', 'accepted_search': True, 'solver_message': 'Maximum number of iterations has been exceeded.'}, {'theta': array([-3.63127022e+03,  1.03420135e+00, -3.72957658e+03,  1.92959621e-01]), 'n_active': 4, 'beta1_train': -332.87511136171105, 'beta0_train': -652.0532181519493, 'beta1_val': -353.4405387505981, 'beta0_val': -353.4405387505981, 'selected_score': -652.0532181519493, 'evaluations': 185, 'seconds': 0.1426569000032032, 'method': 'differential_evolution_v2', 'accepted_search': True, 'solver_message': 'Maximum number of iterations has been exceeded.'}]",42,[],2411.9786601429873,1829.5376808255278,0.26494980001007207,0.3838283000077354
"[{'theta': array([-705.7876753]), 'n_active': 1, 'beta1_train': -1273.0386814511187, 'beta0_train': -1326.5835570987065, 'beta1_val': -1301.2309364859045, 'beta0_val': -1325.0845412436988, 'selected_score': -1326.5835570987065, 'evaluations': 20, 'seconds': 0.029068899995763786, 'method': 'differential_evolution_v2', 'accepted_search': True, 'solver_message': 'Optimization terminated successfully.'}, {'theta': array([-5.49757039e+03, -8.24605861e-01]), 'n_active': 2, 'beta1_train': 3068.2505640032896, 'beta0_train': -390.69905068730793, 'beta1_val': 2538.962421844655, 'beta0_val': -810.2456067072835, 'selected_score': -390.69905068730793, 'evaluations': 35, 'seconds': 0.029477300005964935, 'method': 'differential_evolution_v2', 'accepted_search': True, 'solver_message': 'Optimization terminated successfully.'}, {'theta': array([-6.17544639e+03, -1.52993675e+00, -7.49252827e+03, -1.35969983e+00]), 'n_active': 4, 'beta1_train': -127.606035159805, 'beta0_train': -192.80325812478733, 'beta1_val': -221.07175611678224, 'beta0_val': -221.07175611678224, 'selected_score': -192.80325812478733, 'evaluations': 185, 'seconds': 0.1322742000047583, 'method': 'differential_evolution_v2', 'accepted_search': True, 'solver_message': 'Maximum number of iterations has been exceeded.'}]",42,[],1829.5376808255278,1800.42474791536,0.19082040000648703,0.2997825000056764
"[{'theta': array([-129.96127836]), 'n_active': 1, 'beta1_train': -178.23691311911824, 'beta0_train': -195.7507459876065, 'beta1_val': -179.6625578034175, 'beta0_val': -179.6625578034175, 'selected_score': -195.7507459876065, 'evaluations': 20, 'seconds': 0.027842399998917244, 'method': 'differential_evolution_v2', 'accepted_search': True, 'solver_message': 'Optimization terminated successfully.'}, {'theta': array([-2.06297350e+03,  6.16279705e-01]), 'n_active': 2, 'beta1_train': 978.1844104663811, 'beta0_train': -451.0825130091186, 'beta1_val': 976.6264214464989, 'beta0_val': -451.20000000000005, 'selected_score': -451.0825130091186, 'evaluations': 55, 'seconds': 0.039119399996707216, 'method': 'differential_evolution_v2', 'accepted_search': True, 'solver_message': 'Optimization terminated successfully.'}, {'theta': array([-2.80087377e+03,  1.23390810e-01, -8.41928230e+03,  8.82509243e-01]), 'n_active': 4, 'beta1_train': 227.23542837723153, 'beta0_train': -66.80723908330492, 'beta1_val': -71.26006387393974, 'beta0_val': -71.26006387393974, 'selected_score': -66.80723908330492, 'evaluations': 125, 'seconds': 0.08923160000995267, 'method': 'differential_evolution_v2', 'accepted_search': True, 'solver_message': 'Optimization terminated successfully.'}]",42,[],1800.42474791536,2252.2702398126985,0.15619340000557713,0.26377900000079535
"[{'theta': array([-4081.6184703]), 'n_active': 1, 'beta1_train': -2060.2456894732486, 'beta0_train': -2075.001317105941, 'beta1_val': -1879.6500023945007, 'beta0_val': -1879.6500023945007, 'selected_score': -2075.001317105941, 'evaluations': 15, 'seconds': 0.023610699994605966, 'method': 'differential_evolution_v2', 'accepted_search': True, 'solver_message': 'Optimization terminated successfully.'}, {'theta': array([-3.95281083e+03,  7.06940898e-01]), 'n_active': 2, 'beta1_train': -3064.93660894329, 'beta0_train': -4525.918122282497, 'beta1_val': -2556.834386329505, 'beta0_val': -4528.8, 'selected_score': -4525.918122282497, 'evaluations': 35, 'seconds': 0.027367600006982684, 'method': 'differential_evolution_v2', 'accepted_search': True, 'solver_message': 'Optimization terminated successfully.'}, {'theta': array([-8.96989632e+03, -2.20935735e-01, -5.05355427e+03, -1.40659213e+00]), 'n_active': 4, 'beta1_train': -4144.007850295228, 'beta0_train': -4411.443294738781, 'beta1_val': -4468.8156751596935, 'beta0_val': -4528.8, 'selected_score': -4411.443294738781, 'evaluations': 185, 'seconds': 0.13002330000745133, 'method': 'differential_evolution_v2', 'accepted_search': True, 'solver_message': 'Maximum number of iterations has been exceeded.'}]",42,[],2252.2702398126985,10795.77878626774,0.18100160000903998,0.29247339999710675
"[{'theta': array([-3210.00045233]), 'n_active': 1, 'beta1_train': -3616.3583730589853, 'beta0_train': -3763.9249644352644, 'beta1_val': -3547.882382436841, 'beta0_val': -3765.6000000000004, 'selected_score': -3763.9249644352644, 'evaluations': 50, 'seconds': 0.05487550000543706, 'method': 'differential_evolution_v2', 'accepted_search': True, 'solver_message': 'Maximum number of iterations has been exceeded.'}, {'theta': array([-5.30221842e+03,  3.27603843e-01]), 'n_active': 2, 'beta1_train': 682.7169891774168, 'beta0_train': -2921.4409331931247, 'beta1_val': 2787.7076670202173, 'beta0_val': -2560.2407029111787, 'selected_score': -2921.4409331931247, 'evaluations': 55, 'seconds': 0.03835639999306295, 'method': 'differential_evolution_v2', 'accepted_search': True, 'solver_message': 'Optimization terminated successfully.'}, {'theta': array([-3.66719622e+03,  7.75176574e-01, -6.23329999e+03,  3.44841520e-01]), 'n_active': 4, 'beta1_train': -257.00292894311224, 'beta0_train': -575.7890493868794, 'beta1_val': 664.6637570800087, 'beta0_val': -452.2519966132858, 'selected_score': -575.7890493868794, 'evaluations': 185, 'seconds': 0.12643050000770018, 'method': 'differential_evolution_v2', 'accepted_search': True, 'solver_message': 'Maximum number of iterations has been exceeded.'}]",42,[],10795.77878626774,2243.7073405130977,0.2196624000062002,0.32891069998731837
"[{'theta': array([-854.15164574]), 'n_active': 1, 'beta1_train': -4462.275718563072, 'beta0_train': -4487.446112147998, 'beta1_val': -4489.2, 'beta0_val': -4489.2, 'selected_score': -4487.446112147998, 'evaluations': 20, 'seconds': 0.026692300001741387, 'method': 'differential_evolution_v2', 'accepted_search': True, 'solver_message': 'Optimization terminated successfully.'}, {'theta': array([-4.58174144e+03, -4.14809064e-01]), 'n_active': 2, 'beta1_train': 622.2001655439568, 'beta0_train': -3115.538524084655, 'beta1_val': 204.78592530075275, 'beta0_val': -3600.3370139179315, 'selected_score': -3115.538524084655, 'evaluations': 45, 'seconds': 0.03458030000911094, 'method': 'differential_evolution_v2', 'accepted_search': True, 'solver_message': 'Optimization terminated successfully.'}, {'theta': array([-7.36609556e+03, -3.18405078e-02, -4.09938237e+03, -9.89522336e-01]), 'n_active': 4, 'beta1_train': -585.6319361181057, 'beta0_train': -951.525063742855, 'beta1_val': -392.4920650877069, 'beta0_val': -629.5897311131457, 'selected_score': -951.525063742855, 'evaluations': 125, 'seconds': 0.09307299999636598, 'method': 'differential_evolution_v2', 'accepted_search': True, 'solver_message': 'Optimization terminated successfully.'}]",42,[],2243.7073405130977,1852.602659413101,0.1543456000072183,0.26133939999272116
"[{'theta': array([-5854.12625993]), 'n_active': 1, 'beta1_train': -3825.131087832338, 'beta0_train': -3870.6664274404297, 'beta1_val': -3826.0063516928376, 'beta0_val': -3873.5999999999995, 'selected_score': -3870.6664274404297, 'evaluations': 20, 'seconds': 0.027086500005680136, 'method': 'differential_evolution_v2', 'accepted_search': True, 'solver_message': 'Optimization terminated successfully.'}, {'theta': array([-4.85490363e+03,  7.54595552e-01]), 'n_active': 2, 'beta1_train': 1320.3486326232544, 'beta0_train': -2367.7989495590527, 'beta1_val': 1251.394574710172, 'beta0_val': -2170.4850291703237, 'selected_score': -2367.7989495590527, 'evaluations': 65, 'seconds': 0.043176200008019805, 'method': 'differential_evolution_v2', 'accepted_search': True, 'solver_message': 'Optimization terminated successfully.'}, {'theta': array([-2.06617844e+03, -1.23238785e+00, -6.21201307e+03,  2.25433134e-01]), 'n_active': 4, 'beta1_train': -166.94536956048387, 'beta0_train': -599.3836067540925, 'beta1_val': 54.9771526732701, 'beta0_val': -676.5905857787902, 'selected_score': -599.3836067540925, 'evaluations': 145, 'seconds': 0.10340980000910349, 'method': 'differential_evolution_v2', 'accepted_search': True, 'solver_message': 'Optimization terminated successfully.'}]",42,[],1852.602659413101,2105.0117152334406,0.17367250002280343,0.27965159999439493
"[{'theta': array([-1341.00726543]), 'n_active': 1, 'beta1_train': -4275.641499140731, 'beta0_train': -4296.720655897923, 'beta1_val': -4298.400000000001, 'beta0_val': -4298.400000000001, 'selected_score': -4296.720655897923, 'evaluations': 25, 'seconds': 0.03174760000547394, 'method': 'differential_evolution_v2', 'accepted_search': True, 'solver_message': 'Optimization terminated successfully.'}, {'theta': array([-4.83992510e+03,  1.99544028e+00]), 'n_active': 2, 'beta1_train': 1082.6494884908361, 'beta0_train': -2617.6589253081397, 'beta1_val': 1397.0887036085178, 'beta0_val': -2372.1917553474877, 'selected_score': -2617.6589253081397, 'evaluations': 45, 'seconds': 0.03461000000243075, 'method': 'differential_evolution_v2', 'accepted_search': True, 'solver_message': 'Optimization terminated successfully.'}, {'theta': array([-3.19378902e+02,  1.07524449e+00, -1.82695722e+03,  1.23321061e+00]), 'n_active': 4, 'beta1_train': -542.229078984001, 'beta0_train': -923.6495727875732, 'beta1_val': -411.71205730696147, 'beta0_val': -748.7778858868096, 'selected_score': -928.2923736713726, 'evaluations': 185, 'seconds': 0.12901249999413267, 'method': 'differential_evolution_v2', 'accepted_search': True, 'solver_message': 'Maximum number of iterations has been exceeded.'}]",42,[],2105.0117152334406,2427.079867794578,0.19537010000203736,0.3047932000044966
"[{'theta': array([-6067.86130068]), 'n_active': 1, 'beta1_train': -2387.9233401942806, 'beta0_train': -2423.871468985296, 'beta1_val': -2425.2000000000003, 'beta0_val': -2425.2000000000003, 'selected_score': -2423.871468985296, 'evaluations': 20, 'seconds': 0.026596199997584336, 'method': 'differential_evolution_v2', 'accepted_search': True, 'solver_message': 'Optimization terminated successfully.'}, {'theta': array([-5.61574574e+03, -1.21868733e+00]), 'n_active': 2, 'beta1_train': 2292.120482897599, 'beta0_train': -1652.1735326404464, 'beta1_val': 2834.5138553574243, 'beta0_val': -1491.0794494893464, 'selected_score': -1652.1735326404464, 'evaluations': 45, 'seconds': 0.032582100000581704, 'method': 'differential_evolution_v2', 'accepted_search': True, 'solver_message': 'Optimization terminated successfully.'}, {'theta': array([-8.52006132e+03, -9.12443416e-01, -7.45387399e+03,  1.79541799e+00]), 'n_active': 4, 'beta1_train': -183.3869917727456, 'beta0_train': -391.86212861833087, 'beta1_val': -410.9437800275291, 'beta0_val': -489.7387386140265, 'selected_score': -391.86212861833087, 'evaluations': 185, 'seconds': 0.13415789999999106, 'method': 'differential_evolution_v2', 'accepted_search': True, 'solver_message': 'Maximum number of iterations has been exceeded.'}]",42,[],2427.079867794578,2190.831253930436,0.1933361999981571,0.2987927999929525
"[{'theta': array([-5626.33433411]), 'n_active': 1, 'beta1_train': -567.9473213272943, 'beta0_train': -576.0321524658091, 'beta1_val': -392.37905267631663, 'beta0_val': -525.1854914707943, 'selected_score': -576.0321524658091, 'evaluations': 20, 'seconds': 0.02754169999388978, 'method': 'differential_evolution_v2', 'accepted_search': True, 'solver_message': 'Optimization terminated successfully.'}, {'theta': array([-6.62488136e+03, -1.70357720e+00]), 'n_active': 2, 'beta1_train': 518.2736535529177, 'beta0_train': -1132.267985701567, 'beta1_val': 653.7018197678615, 'beta0_val': -1149.6, 'selected_score': -1132.267985701567, 'evaluations': 95, 'seconds': 0.05851509999774862, 'method': 'differential_evolution_v2', 'accepted_search': True, 'solver_message': 'Maximum number of iterations has been exceeded.'}, {'theta': array([-9.34637046e+03, -1.96194061e+00, -4.94672904e+03, -8.66882009e-01]), 'n_active': 4, 'beta1_train': -53.317981979824665, 'beta0_train': -320.4950084296628, 'beta1_val': -179.19933379013275, 'beta0_val': -271.5238126657515, 'selected_score': -320.4950084296628, 'evaluations': 185, 'seconds': 0.12682370000402443, 'method': 'differential_evolution_v2', 'accepted_search': True, 'solver_message': 'Maximum number of iterations has been exceeded.'}]",42,[],2190.831253930436,2670.3568783456117,0.21288049999566283,0.3229670000000624
"[{'theta': array([-6547.12052321]), 'n_active': 1, 'beta1_train': -1403.6167262834736, 'beta0_train': -1958.474064167482, 'beta1_val': -1464.8822336618955, 'beta0_val': -1973.432336497081, 'selected_score': -1958.474064167482, 'evaluations': 15, 'seconds': 0.022898800001712516, 'method': 'differential_evolution_v2', 'accepted_search': True, 'solver_message': 'Optimization terminated successfully.'}, {'theta': array([-1.86479137e+03, -6.70948145e-01]), 'n_active': 2, 'beta1_train': -2715.3033330326984, 'beta0_train': -4312.0728113651685, 'beta1_val': -2706.750991587034, 'beta0_val': -4320.0, 'selected_score': -4312.0728113651685, 'evaluations': 95, 'seconds': 0.05994990000908729, 'method': 'differential_evolution_v2', 'accepted_search': True, 'solver_message': 'Maximum number of iterations has been exceeded.'}, {'theta': array([-3.29163880e+02, -4.75533535e-01, -2.95778353e+03, -7.92572951e-02]), 'n_active': 4, 'beta1_train': -3557.164668444997, 'beta0_train': -3746.48097098227, 'beta1_val': -3840.181755345468, 'beta0_val': -3840.181755345468, 'selected_score': -3748.166991665175, 'evaluations': 185, 'seconds': 0.12808950000908226, 'method': 'differential_evolution_v2', 'accepted_search': True, 'solver_message': 'Maximum number of iterations has been exceeded.'}]",42,[],2670.3568783456117,9098.149360004969,0.21093820001988206,0.32230290000734385
"[{'theta': array([-4120.04683674]), 'n_active': 1, 'beta1_train': -4351.9108348146465, 'beta0_train': -4565.9876454975065, 'beta1_val': -4277.677673148571, 'beta0_val': -4557.770374466478, 'selected_score': -4565.9876454975065, 'evaluations': 15, 'seconds': 0.022490400006063282, 'method': 'differential_evolution_v2', 'accepted_search': True, 'solver_message': 'Optimization terminated successfully.'}, {'theta': array([-8.69096946e+03, -2.57423513e-01]), 'n_active': 2, 'beta1_train': 743.018665067837, 'beta0_train': -2954.3728574589068, 'beta1_val': 1194.7894117401224, 'beta0_val': -2751.891976871885, 'selected_score': -2954.3728574589068, 'evaluations': 35, 'seconds': 0.029329400000278838, 'method': 'differential_evolution_v2', 'accepted_search': True, 'solver_message': 'Optimization terminated successfully.'}, {'theta': array([-6.13307782e+03,  1.69292601e+00, -3.70516308e+03,  1.76086833e+00]), 'n_active': 4, 'beta1_train': -1085.3371123886775, 'beta0_train': -1341.9889938161411, 'beta1_val': -636.4101975196493, 'beta0_val': -998.757907311979, 'selected_score': -1341.9889938161411, 'evaluations': 185, 'seconds': 0.1274118000001181, 'method': 'differential_evolution_v2', 'accepted_search': True, 'solver_message': 'Maximum number of iterations has been exceeded.'}]",42,[],9098.149360004969,3120.217873839403,0.1792316000064602,0.2891012000036426
"[{'theta': array([-3686.27445511]), 'n_active': 1, 'beta1_train': -3830.964387971274, 'beta0_train': -3918.0448934266874, 'beta1_val': -3925.2000000000003, 'beta0_val': -3925.2000000000003, 'selected_score': -3918.0448934266874, 'evaluations': 25, 'seconds': 0.03192749999288935, 'method': 'differential_evolution_v2', 'accepted_search': True, 'solver_message': 'Optimization terminated successfully.'}, {'theta': array([-4.05235154e+03, -1.42914980e+00]), 'n_active': 2, 'beta1_train': 1346.0276579433064, 'beta0_train': -1911.7154799125015, 'beta1_val': 833.7554556366645, 'beta0_val': -2605.780496093995, 'selected_score': -1911.7154799125015, 'evaluations': 55, 'seconds': 0.03783159999875352, 'method': 'differential_evolution_v2', 'accepted_search': True, 'solver_message': 'Optimization terminated successfully.'}, {'theta': array([-8.99668900e+03,  2.51473936e-01, -2.49417293e+03, -1.38546417e+00]), 'n_active': 4, 'beta1_train': -667.5996995282726, 'beta0_train': -921.6692409531224, 'beta1_val': -250.99280473467172, 'beta0_val': -831.0862288121618, 'selected_score': -921.6692409531224, 'evaluations': 85, 'seconds': 0.07183819999045227, 'method': 'differential_evolution_v2', 'accepted_search': True, 'solver_message': 'Optimization terminated successfully.'}]",42,[],3120.217873839403,2029.9872976754143,0.14159729998209514,0.25167070000316016
"[{'theta': array([-4345.84782839]), 'n_active': 1, 'beta1_train': -4418.326448059864, 'beta0_train': -4440.2528983866305, 'beta1_val': -4314.190182599999, 'beta0_val': -4430.300890069959, 'selected_score': -4440.2528983866305, 'evaluations': 25, 'seconds': 0.03204320000077132, 'method': 'differential_evolution_v2', 'accepted_search': True, 'solver_message': 'Optimization terminated successfully.'}, {'theta': array([-2.59166744e+03, -7.27845360e-01]), 'n_active': 2, 'beta1_train': 1378.2663638879485, 'beta0_train': -1820.9165789707324, 'beta1_val': 4450.276434116707, 'beta0_val': 2435.948688825314, 'selected_score': -1820.9165789707324, 'evaluations': 45, 'seconds': 0.034300799990887754, 'method': 'differential_evolution_v2', 'accepted_search': True, 'solver_message': 'Optimization terminated successfully.'}, {'theta': array([-4.95969493e+03, -4.06267717e-01, -1.57583767e+02,  1.45798238e-02]), 'n_active': 4, 'beta1_train': -1078.4267466610472, 'beta0_train': -1078.4267466610472, 'beta1_val': -356.72798654746987, 'beta0_val': -356.72798654746987, 'selected_score': -1078.4267466610472, 'evaluations': 145, 'seconds': 0.10198539998964407, 'method': 'differential_evolution_v2', 'accepted_search': True, 'solver_message': 'Optimization terminated successfully.'}]",42,[],2029.9872976754143,2573.1648725499904,0.16832939998130314,0.2788730000029318
"[{'theta': array([-496.64201781]), 'n_active': 1, 'beta1_train': -4320.948760014608, 'beta0_train': -4342.199367017966, 'beta1_val': -4344.0, 'beta0_val': -4344.0, 'selected_score': -4342.199367017966, 'evaluations': 20, 'seconds': 0.0282017999998061, 'method': 'differential_evolution_v2', 'accepted_search': True, 'solver_message': 'Optimization terminated successfully.'}, {'theta': array([-3.79261283e+03,  9.85248909e-01]), 'n_active': 2, 'beta1_train': 156.92705895682911, 'beta0_train': -3371.989669808474, 'beta1_val': 115.27523293295008, 'beta0_val': -2934.8200538057595, 'selected_score': -3371.989669808474, 'evaluations': 55, 'seconds': 0.037777299992740154, 'method': 'differential_evolution_v2', 'accepted_search': True, 'solver_message': 'Optimization terminated successfully.'}, {'theta': array([-6.35827982e+03, -1.45310128e+00, -7.79363872e+03,  5.29224160e-01]), 'n_active': 4, 'beta1_train': -538.6624252133655, 'beta0_train': -941.6735700138746, 'beta1_val': -956.2655490612382, 'beta0_val': -956.2655490612382, 'selected_score': -941.6735700138746, 'evaluations': 125, 'seconds': 0.09318500000517815, 'method': 'differential_evolution_v2', 'accepted_search': True, 'solver_message': 'Optimization terminated successfully.'}]",42,[],2573.1648725499904,4375.184473024665,0.1591640999977244,0.2641003000026103
"[{'theta': array([-5649.78700026]), 'n_active': 1, 'beta1_train': -2122.674883220167, 'beta0_train': -2142.7488017784804, 'beta1_val': -2143.2000000000003, 'beta0_val': -2143.2000000000003, 'selected_score': -2142.7488017784804, 'evaluations': 35, 'seconds': 0.03950149999582209, 'method': 'differential_evolution_v2', 'accepted_search': True, 'solver_message': 'Optimization terminated successfully.'}, {'theta': array([-2.27621893e+03,  8.77513141e-01]), 'n_active': 2, 'beta1_train': 2334.450850200081, 'beta0_train': -1344.7589811338162, 'beta1_val': 2071.81856976057, 'beta0_val': -1755.0963803355594, 'selected_score': -1344.7589811338162, 'evaluations': 45, 'seconds': 0.03482550001353957, 'method': 'differential_evolution_v2', 'accepted_search': True, 'solver_message': 'Optimization terminated successfully.'}, {'theta': array([-5.97952367e+03, -1.95332298e+00, -6.45370574e+03, -8.88577059e-01]), 'n_active': 4, 'beta1_train': 73.76081146962912, 'beta0_train': -297.0591799356634, 'beta1_val': -774.0911629820611, 'beta0_val': -774.0911629820611, 'selected_score': -297.0591799356634, 'evaluations': 165, 'seconds': 0.11740550000104122, 'method': 'differential_evolution_v2', 'accepted_search': True, 'solver_message': 'Optimization terminated successfully.'}]",42,[],4375.184473024665,4457.4137889149915,0.19173250001040287,0.3003205999993952
"[{'theta': array([-3361.47343594]), 'n_active': 1, 'beta1_train': -1244.1094765043242, 'beta0_train': -1251.0659204701442, 'beta1_val': -1172.4133228146518, 'beta0_val': -1172.4133228146518, 'selected_score': -1251.0659204701442, 'evaluations': 15, 'seconds': 0.023071299990988337, 'method': 'differential_evolution_v2', 'accepted_search': True, 'solver_message': 'Optimization terminated successfully.'}, {'theta': array([-1.82392305e+03,  1.68957305e+00]), 'n_active': 2, 'beta1_train': -755.0917379290687, 'beta0_train': -2496.0, 'beta1_val': -806.3129531826075, 'beta0_val': -2496.0, 'selected_score': -2496.0, 'evaluations': 75, 'seconds': 0.048756599993794225, 'method': 'differential_evolution_v2', 'accepted_search': True, 'solver_message': 'Optimization terminated successfully.'}, {'theta': array([-4.65434243e+03,  1.36712430e+00, -4.99006910e+02,  1.87744171e-01]), 'n_active': 4, 'beta1_train': -421.19078814628597, 'beta0_train': -585.7801854522543, 'beta1_val': -1121.7165328296287, 'beta0_val': -1121.7165328296287, 'selected_score': -586.0140422174858, 'evaluations': 185, 'seconds': 0.127225999996881, 'method': 'differential_evolution_v2', 'accepted_search': True, 'solver_message': 'Maximum number of iterations has been exceeded.'}]",42,[],4457.4137889149915,4313.498006481484,0.19905389998166356,0.3077534000040032
"[{'theta': array([-5003.74925574]), 'n_active': 1, 'beta1_train': -2708.962720729054, 'beta0_train': -2715.0124219515483, 'beta1_val': -2525.881478866337, 'beta0_val': -2525.881478866337, 'selected_score': -2715.0124219515483, 'evaluations': 20, 'seconds': 0.027655900004901923, 'method': 'differential_evolution_v2', 'accepted_search': True, 'solver_message': 'Optimization terminated successfully.'}, {'theta': array([-8.94697646e+03,  5.81654824e-01]), 'n_active': 2, 'beta1_train': -2883.108188189098, 'beta0_train': -4636.799999999999, 'beta1_val': -2903.639420685752, 'beta0_val': -4636.8, 'selected_score': -4636.799999999999, 'evaluations': 95, 'seconds': 0.059026500006439164, 'method': 'differential_evolution_v2', 'accepted_search': True, 'solver_message': 'Maximum number of iterations has been exceeded.'}, {'theta': array([-3.32166875e+03,  1.49908302e+00, -7.70167080e+03, -5.99802180e-01]), 'n_active': 4, 'beta1_train': -3652.0541367001915, 'beta0_train': -4013.534504200724, 'beta1_val': -4636.8, 'beta0_val': -4636.8, 'selected_score': -4013.534504200724, 'evaluations': 145, 'seconds': 0.10606849999749102, 'method': 'differential_evolution_v2', 'accepted_search': True, 'solver_message': 'Optimization terminated successfully.'}]",42,[],4313.498006481484,10800.0,0.1927509000088321,0.301696800001082
"[{'theta': array([-6256.57383516]), 'n_active': 1, 'beta1_train': -4287.501394055466, 'beta0_train': -4446.105364216888, 'beta1_val': -4334.9895775, 'beta0_val': -4441.742244444445, 'selected_score': -4446.105364216888, 'evaluations': 25, 'seconds': 0.0324523000017507, 'method': 'differential_evolution_v2', 'accepted_search': True, 'solver_message': 'Optimization terminated successfully.'}, {'theta': array([-7.44918838e+03, -6.95603837e-02]), 'n_active': 2, 'beta1_train': 686.7882625581817, 'beta0_train': -2531.072075117694, 'beta1_val': 1620.9225468613313, 'beta0_val': -2309.0775781341254, 'selected_score': -2531.072075117694, 'evaluations': 95, 'seconds': 0.058722399990074337, 'method': 'differential_evolution_v2', 'accepted_search': True, 'solver_message': 'Maximum number of iterations has been exceeded.'}, {'theta': array([-9.46823362e+03, -6.62677800e-01, -8.62341770e+03,  1.58064271e+00]), 'n_active': 4, 'beta1_train': -551.3677143359109, 'beta0_train': -982.2308276384015, 'beta1_val': -1463.8510825508963, 'beta0_val': -1695.7348202290223, 'selected_score': -982.2308276384015, 'evaluations': 185, 'seconds': 0.1285484000109136, 'method': 'differential_evolution_v2', 'accepted_search': True, 'solver_message': 'Maximum number of iterations has been exceeded.'}]",42,[],10800.0,4027.043212851815,0.21972310000273865,0.3292574000079185
"[{'theta': array([-601.01282905]), 'n_active': 1, 'beta1_train': -4279.831011506756, 'beta0_train': -4305.864861788317, 'beta1_val': -4306.8, 'beta0_val': -4306.8, 'selected_score': -4305.864861788317, 'evaluations': 15, 'seconds': 0.02336630001082085, 'method': 'differential_evolution_v2', 'accepted_search': True, 'solver_message': 'Optimization terminated successfully.'}, {'theta': array([-4.70225391e+03, -9.27813321e-01]), 'n_active': 2, 'beta1_train': 900.2125514676068, 'beta0_train': -2758.8292942317307, 'beta1_val': 1285.7348356464804, 'beta0_val': -2956.280934816629, 'selected_score': -2758.8292942317307, 'evaluations': 65, 'seconds': 0.04402110000955872, 'method': 'differential_evolution_v2', 'accepted_search': True, 'solver_message': 'Optimization terminated successfully.'}, {'theta': array([-5.03405615e+03,  3.50117355e-01, -1.98187663e+03,  3.98776145e-01]), 'n_active': 4, 'beta1_train': -661.8656925081754, 'beta0_train': -832.6972973190615, 'beta1_val': -1496.451596437148, 'beta0_val': -1496.451596437148, 'selected_score': -832.6972973190615, 'evaluations': 185, 'seconds': 0.12676259998988826, 'method': 'differential_evolution_v2', 'accepted_search': True, 'solver_message': 'Maximum number of iterations has been exceeded.'}]",42,[],4027.043212851815,3997.858316280093,0.19415000001026783,0.30483449999883305
"[{'theta': array([-3467.74739094]), 'n_active': 1, 'beta1_train': -2713.6882526538916, 'beta0_train': -2793.335655322791, 'beta1_val': -2752.9036749999996, 'beta0_val': -2794.7999999999997, 'selected_score': -2793.335655322791, 'evaluations': 15, 'seconds': 0.02317149999726098, 'method': 'differential_evolution_v2', 'accepted_search': True, 'solver_message': 'Optimization terminated successfully.'}, {'theta': array([-9.06390133e+03,  1.59401991e+00]), 'n_active': 2, 'beta1_train': 2058.179832729595, 'beta0_train': 282.79094212020294, 'beta1_val': 2213.46895256082, 'beta0_val': 566.1147198947099, 'selected_score': 282.79094212020294, 'evaluations': 55, 'seconds': 0.039072299987310544, 'method': 'differential_evolution_v2', 'accepted_search': True, 'solver_message': 'Optimization terminated successfully.'}, {'theta': array([-3.79786986e+02, -1.77791142e+00, -9.58469933e+03,  2.00869529e-01]), 'n_active': 4, 'beta1_train': 150.00890490914455, 'beta0_train': -263.96118554752877, 'beta1_val': -706.6865303511261, 'beta0_val': -976.7322993750407, 'selected_score': -277.08060515236724, 'evaluations': 185, 'seconds': 0.12685860000783578, 'method': 'differential_evolution_v2', 'accepted_search': True, 'solver_message': 'Maximum number of iterations has been exceeded.'}]",42,[],3997.858316280093,4046.807557131416,0.1891023999924073,0.2979845999943791
"[{'theta': array([-3848.46377699]), 'n_active': 1, 'beta1_train': -3858.552324821054, 'beta0_train': -3879.957359438121, 'beta1_val': -3880.8, 'beta0_val': -3880.8, 'selected_score': -3879.957359438121, 'evaluations': 15, 'seconds': 0.023286800002097152, 'method': 'differential_evolution_v2', 'accepted_search': True, 'solver_message': 'Optimization terminated successfully.'}, {'theta': array([-4.69951208e+03, -5.70816771e-01]), 'n_active': 2, 'beta1_train': 1126.9310604598597, 'beta0_train': -2039.7265754550108, 'beta1_val': 1578.9482857871185, 'beta0_val': -2528.878910807261, 'selected_score': -2039.7265754550108, 'evaluations': 95, 'seconds': 0.059793000007630326, 'method': 'differential_evolution_v2', 'accepted_search': True, 'solver_message': 'Maximum number of iterations has been exceeded.'}, {'theta': array([-3.44965431e+03,  1.64989765e+00, -7.51452205e+03, -1.13265221e+00]), 'n_active': 4, 'beta1_train': -266.37671671959265, 'beta0_train': -713.1701952491281, 'beta1_val': -1600.1330229280254, 'beta0_val': -1600.1330229280254, 'selected_score': -713.1701952491281, 'evaluations': 185, 'seconds': 0.12634830000752117, 'method': 'differential_evolution_v2', 'accepted_search': True, 'solver_message': 'Maximum number of iterations has been exceeded.'}]",42,[],4046.807557131416,2166.1689541401815,0.20942810001724865,0.31936330000462476
"[{'theta': array([-8649.02453379]), 'n_active': 1, 'beta1_train': -960.2718468570696, 'beta0_train': -1091.1619689584843, 'beta1_val': -1001.7677602864811, 'beta0_val': -1092.334780897284, 'selected_score': -1091.1619689584843, 'evaluations': 30, 'seconds': 0.036329700000351295, 'method': 'differential_evolution_v2', 'accepted_search': True, 'solver_message': 'Optimization terminated successfully.'}, {'theta': array([-8.32142098e+03,  1.08547668e+00]), 'n_active': 2, 'beta1_train': 3174.2922284029614, 'beta0_train': 126.26382560307715, 'beta1_val': 4331.245692728012, 'beta0_val': 2427.0276119879777, 'selected_score': 126.26382560307715, 'evaluations': 95, 'seconds': 0.06149990000994876, 'method': 'differential_evolution_v2', 'accepted_search': True, 'solver_message': 'Maximum number of iterations has been exceeded.'}, {'theta': array([0., 0., 0., 0.]), 'n_active': 4, 'beta1_train': 372.9167572150502, 'beta0_train': -58.749081255402174, 'beta1_val': 822.8346639728568, 'beta0_val': 902.738792444677, 'selected_score': 372.9167572150502, 'evaluations': 105, 'seconds': 0.08234979999542702, 'method': 'differential_evolution_v2', 'accepted_search': False, 'solver_message': 'Optimization terminated successfully.'}]",42,[],2166.1689541401815,1465.3878446296294,0.18017940000572708,0.2906288999947719
"[{'theta': array([-8813.12242745]), 'n_active': 1, 'beta1_train': -854.5174724569081, 'beta0_train': -874.2963497013094, 'beta1_val': -821.1920933121274, 'beta0_val': -821.1920933121274, 'selected_score': -874.2963497013094, 'evaluations': 15, 'seconds': 0.021735000002081506, 'method': 'differential_evolution_v2', 'accepted_search': True, 'solver_message': 'Optimization terminated successfully.'}, {'theta': array([-7.07138758e+03, -1.29471167e+00]), 'n_active': 2, 'beta1_train': 14.164513689211134, 'beta0_train': -1584.0, 'beta1_val': 309.3148644482103, 'beta0_val': -1584.0, 'selected_score': -1584.0, 'evaluations': 45, 'seconds': 0.03414300001168158, 'method': 'differential_evolution_v2', 'accepted_search': True, 'solver_message': 'Optimization terminated successfully.'}, {'theta': array([-1.99714571e+03,  3.37755358e-01, -8.73958555e+03, -6.95787612e-01]), 'n_active': 4, 'beta1_train': -48.52372262975216, 'beta0_train': -301.04776462525655, 'beta1_val': 1031.9986854646793, 'beta0_val': 978.4318936983493, 'selected_score': -301.04776462525655, 'evaluations': 185, 'seconds': 0.12645049999991897, 'method': 'differential_evolution_v2', 'accepted_search': True, 'solver_message': 'Maximum number of iterations has been exceeded.'}]",42,[],1465.3878446296294,1209.1454502157512,0.18232850001368206,0.29210299999976996
"[{'theta': array([-7731.73162177]), 'n_active': 1, 'beta1_train': -2349.703743553812, 'beta0_train': -2362.392043610232, 'beta1_val': -2180.096813801192, 'beta0_val': -2180.096813801192, 'selected_score': -2362.392043610232, 'evaluations': 20, 'seconds': 0.028207499999552965, 'method': 'differential_evolution_v2', 'accepted_search': True, 'solver_message': 'Optimization terminated successfully.'}, {'theta': array([-5.18487583e+03, -1.08591936e+00]), 'n_active': 2, 'beta1_train': -1957.6697686716082, 'beta0_train': -3893.020658332972, 'beta1_val': -1534.1794689800436, 'beta0_val': -3896.3999999999996, 'selected_score': -3893.020658332972, 'evaluations': 35, 'seconds': 0.02919549999933224, 'method': 'differential_evolution_v2', 'accepted_search': True, 'solver_message': 'Optimization terminated successfully.'}, {'theta': array([-2.66283569e+03, -1.19133319e+00, -1.91332535e+03,  6.59897059e-01]), 'n_active': 4, 'beta1_train': -2446.99169979414, 'beta0_train': -2704.088980452068, 'beta1_val': -1704.8406278498405, 'beta0_val': -1976.8905367005536, 'selected_score': -2704.088980452068, 'evaluations': 185, 'seconds': 0.13459330001205672, 'method': 'differential_evolution_v2', 'accepted_search': True, 'solver_message': 'Maximum number of iterations has been exceeded.'}]",42,[],1209.1454502157512,6713.856415185185,0.19199630001094192,0.3021431999950437
"[{'theta': array([-9157.27827656]), 'n_active': 1, 'beta1_train': -3752.3332232937328, 'beta0_train': -3902.7223968865646, 'beta1_val': -3943.0874024000004, 'beta0_val': -3952.8000000000006, 'selected_score': -3902.7223968865646, 'evaluations': 15, 'seconds': 0.02224720000231173, 'method': 'differential_evolution_v2', 'accepted_search': True, 'solver_message': 'Optimization terminated successfully.'}, {'theta': array([-8.35432187e+03, -7.08947451e-01]), 'n_active': 2, 'beta1_train': 668.3399412429396, 'beta0_train': -3001.7842898294466, 'beta1_val': 252.86785743792507, 'beta0_val': -3048.6409866063223, 'selected_score': -3001.7842898294466, 'evaluations': 55, 'seconds': 0.039332100001047365, 'method': 'differential_evolution_v2', 'accepted_search': True, 'solver_message': 'Optimization terminated successfully.'}, {'theta': array([-3.66920739e+03,  1.54924247e-01, -8.33767324e+03, -9.00495948e-01]), 'n_active': 4, 'beta1_train': -495.5739247284749, 'beta0_train': -924.4720990931182, 'beta1_val': -122.28425793031681, 'beta0_val': -329.12088959487465, 'selected_score': -924.4720990931182, 'evaluations': 125, 'seconds': 0.09340810000139754, 'method': 'differential_evolution_v2', 'accepted_search': True, 'solver_message': 'Optimization terminated successfully.'}]",42,[],6713.856415185185,1324.3809647968412,0.15498740000475664,0.26465890000690706
"[{'theta': array([-4802.58190176]), 'n_active': 1, 'beta1_train': -4068.7615212613046, 'beta0_train': -4091.2322889671786, 'beta1_val': -4092.0, 'beta0_val': -4092.0, 'selected_score': -4091.2322889671786, 'evaluations': 25, 'seconds': 0.03165340000123251, 'method': 'differential_evolution_v2', 'accepted_search': True, 'solver_message': 'Optimization terminated successfully.'}, {'theta': array([-891.36119834,   -1.5613336 ]), 'n_active': 2, 'beta1_train': 1456.5516575712368, 'beta0_train': -868.4773560748091, 'beta1_val': 1729.5917372487202, 'beta0_val': 532.5307803958349, 'selected_score': -877.8624545962834, 'evaluations': 95, 'seconds': 0.05949970000074245, 'method': 'differential_evolution_v2', 'accepted_search': True, 'solver_message': 'Maximum number of iterations has been exceeded.'}, {'theta': array([-9.04479008e+03,  1.78588345e+00, -5.74920523e+03,  8.11600694e-01]), 'n_active': 4, 'beta1_train': -866.9801501006837, 'beta0_train': -1241.2330382413154, 'beta1_val': 954.8755222510132, 'beta0_val': -199.56728285936697, 'selected_score': -1241.2330382413154, 'evaluations': 185, 'seconds': 0.12712799999280833, 'method': 'differential_evolution_v2', 'accepted_search': True, 'solver_message': 'Maximum number of iterations has been exceeded.'}]",42,[],1324.3809647968412,2418.043512066452,0.2182810999947833,0.3273153000045568
"[{'theta': array([-3490.8697893]), 'n_active': 1, 'beta1_train': -3527.2927416365765, 'beta0_train': -4348.137739336225, 'beta1_val': -3737.5514503659633, 'beta0_val': -4367.017859197204, 'selected_score': -4348.137739336225, 'evaluations': 20, 'seconds': 0.026508800001465715, 'method': 'differential_evolution_v2', 'accepted_search': True, 'solver_message': 'Optimization terminated successfully.'}, {'theta': array([-1105.4878463 ,     1.45674604]), 'n_active': 2, 'beta1_train': 1554.8626779072113, 'beta0_train': -311.3604160799994, 'beta1_val': 1535.9810484320242, 'beta0_val': 347.3806765144286, 'selected_score': -312.2343238770565, 'evaluations': 95, 'seconds': 0.05955950000497978, 'method': 'differential_evolution_v2', 'accepted_search': True, 'solver_message': 'Maximum number of iterations has been exceeded.'}, {'theta': array([-4.83220974e+02,  1.06185640e+00, -6.06485129e+03,  2.42081835e-01]), 'n_active': 4, 'beta1_train': -1670.8905396914752, 'beta0_train': -1735.391268612764, 'beta1_val': -1378.724586324453, 'beta0_val': -1378.724586324453, 'selected_score': -1735.391268612764, 'evaluations': 185, 'seconds': 0.12911399999575224, 'method': 'differential_evolution_v2', 'accepted_search': True, 'solver_message': 'Maximum number of iterations has been exceeded.'}]",42,[],2418.043512066452,2970.723653241665,0.21518230000219774,0.32269459999224637
"[{'theta': array([-7307.69018276]), 'n_active': 1, 'beta1_train': -3805.1716474808295, 'beta0_train': -3929.1139883230912, 'beta1_val': -3787.81204881572, 'beta0_val': -3901.4197911639712, 'selected_score': -3929.1139883230912, 'evaluations': 15, 'seconds': 0.023063899992848746, 'method': 'differential_evolution_v2', 'accepted_search': True, 'solver_message': 'Optimization terminated successfully.'}, {'theta': array([-7.67929750e+03, -5.45055291e-01]), 'n_active': 2, 'beta1_train': -2794.56515821829, 'beta0_train': -2836.6151750491686, 'beta1_val': -1936.0652533388886, 'beta0_val': -2305.5733408821325, 'selected_score': -2836.6151750491686, 'evaluations': 95, 'seconds': 0.05929420000757091, 'method': 'differential_evolution_v2', 'accepted_search': True, 'solver_message': 'Maximum number of iterations has been exceeded.'}, {'theta': array([-1.36409402e+03,  3.98894551e-01, -2.53889894e+03,  1.38646418e+00]), 'n_active': 4, 'beta1_train': -825.1443844475383, 'beta0_train': -1218.4515780588788, 'beta1_val': -587.5808468540912, 'beta0_val': -766.1322496356495, 'selected_score': -1218.4515780588788, 'evaluations': 185, 'seconds': 0.12668739999935497, 'method': 'differential_evolution_v2', 'accepted_search': True, 'solver_message': 'Maximum number of iterations has been exceeded.'}]",42,[],2970.723653241665,2397.530747364598,0.20904549999977462,0.3209328000084497
"[{'theta': array([-2575.13140485]), 'n_active': 1, 'beta1_train': -310.7858248835263, 'beta0_train': -458.90469156757996, 'beta1_val': -337.01307073604437, 'beta0_val': -452.9490740027111, 'selected_score': -458.90469156757996, 'evaluations': 50, 'seconds': 0.05553530000906903, 'method': 'differential_evolution_v2', 'accepted_search': True, 'solver_message': 'Maximum number of iterations has been exceeded.'}, {'theta': array([-2.39589427e+03,  1.91649307e+00]), 'n_active': 2, 'beta1_train': 3632.1432224812347, 'beta0_train': 1175.6518185565915, 'beta1_val': 3687.9923082906666, 'beta0_val': 1599.5002891155411, 'selected_score': 1175.6518185565915, 'evaluations': 65, 'seconds': 0.048325499999918975, 'method': 'differential_evolution_v2', 'accepted_search': True, 'solver_message': 'Optimization terminated successfully.'}, {'theta': array([-2.15930465e+03,  3.49901478e-01, -1.40928584e+03,  1.03232347e+00]), 'n_active': 4, 'beta1_train': 285.2457554270134, 'beta0_train': -80.59875265032395, 'beta1_val': 60.369065262288984, 'beta0_val': -73.78062778857276, 'selected_score': -80.59875265032395, 'evaluations': 185, 'seconds': 0.13165749999461696, 'method': 'differential_evolution_v2', 'accepted_search': True, 'solver_message': 'Maximum number of iterations has been exceeded.'}]",42,[],2397.530747364598,1684.2577164884299,0.23551830000360496,0.3491117000085069
"[{'theta': array([-419.37061583]), 'n_active': 1, 'beta1_train': -959.6326803080836, 'beta0_train': -981.0972354898287, 'beta1_val': -917.1127689706923, 'beta0_val': -917.1127689706923, 'selected_score': -981.0972354898287, 'evaluations': 50, 'seconds': 0.05279539999901317, 'method': 'differential_evolution_v2', 'accepted_search': True, 'solver_message': 'Maximum number of iterations has been exceeded.'}, {'theta': array([-4.71028154e+03,  1.40652896e-01]), 'n_active': 2, 'beta1_train': -93.69944804775649, 'beta0_train': -1860.0, 'beta1_val': -159.98803216877786, 'beta0_val': -1860.0, 'selected_score': -1860.0, 'evaluations': 45, 'seconds': 0.032515299986698665, 'method': 'differential_evolution_v2', 'accepted_search': True, 'solver_message': 'Optimization terminated successfully.'}, {'theta': array([-2.39105516e+03, -1.08167052e+00, -8.81473780e+03,  4.50258704e-01]), 'n_active': 4, 'beta1_train': -231.91018043013094, 'beta0_train': -434.8581756404256, 'beta1_val': 145.61341981949704, 'beta0_val': -325.3465299472547, 'selected_score': -434.8581756404256, 'evaluations': 185, 'seconds': 0.13114829998812638, 'method': 'differential_evolution_v2', 'accepted_search': True, 'solver_message': 'Maximum number of iterations has been exceeded.'}]",42,[],1684.2577164884299,2053.3724573284253,0.21645899997383822,0.32839249999960884
"[{'theta': array([-4020.73095376]), 'n_active': 1, 'beta1_train': -1762.9115016349529, 'beta0_train': -1871.9511868087359, 'beta1_val': -1887.0329195755032, 'beta0_val': -1887.0329195755032, 'selected_score': -1871.9511868087359, 'evaluations': 50, 'seconds': 0.05399060000490863, 'method': 'differential_evolution_v2', 'accepted_search': True, 'solver_message': 'Maximum number of iterations has been exceeded.'}, {'theta': array([-6.01628509e+03, -1.29150209e-02]), 'n_active': 2, 'beta1_train': -1859.485128961084, 'beta0_train': -3656.223051609707, 'beta1_val': -1631.9094968692066, 'beta0_val': -3645.0217200959155, 'selected_score': -3656.223051609707, 'evaluations': 95, 'seconds': 0.05924830000731163, 'method': 'differential_evolution_v2', 'accepted_search': True, 'solver_message': 'Maximum number of iterations has been exceeded.'}, {'theta': array([-1.02653219e+03,  5.58089572e-01, -9.07133083e+02, -1.61213813e+00]), 'n_active': 4, 'beta1_train': -2086.9937265511167, 'beta0_train': -2288.2764783349385, 'beta1_val': -2065.7195841475323, 'beta0_val': -2065.7195841475323, 'selected_score': -2288.2764783349385, 'evaluations': 185, 'seconds': 0.12947449999046512, 'method': 'differential_evolution_v2', 'accepted_search': True, 'solver_message': 'Maximum number of iterations has been exceeded.'}]",42,[],2053.3724573284253,6458.346115974933,0.24271340000268538,0.3537590000050841
"[{'theta': array([-5289.70426507]), 'n_active': 1, 'beta1_train': -4112.305657810566, 'beta0_train': -4269.02750396292, 'beta1_val': -3934.5083007255967, 'beta0_val': -4206.30866116531, 'selected_score': -4269.02750396292, 'evaluations': 15, 'seconds': 0.02231069999106694, 'method': 'differential_evolution_v2', 'accepted_search': True, 'solver_message': 'Optimization terminated successfully.'}, {'theta': array([-5.51431768e+03, -1.58016291e+00]), 'n_active': 2, 'beta1_train': 737.6674178404232, 'beta0_train': -2853.7590718803576, 'beta1_val': 201.2621435170281, 'beta0_val': -3285.161357025844, 'selected_score': -2853.7590718803576, 'evaluations': 35, 'seconds': 0.030131299994536676, 'method': 'differential_evolution_v2', 'accepted_search': True, 'solver_message': 'Optimization terminated successfully.'}, {'theta': array([-9.24706318e+03, -1.22023476e+00, -8.15381385e+03,  1.98557637e+00]), 'n_active': 4, 'beta1_train': -779.6547388608818, 'beta0_train': -1206.8237288689209, 'beta1_val': -1028.9817571165217, 'beta0_val': -1113.1840059851656, 'selected_score': -1206.8237288689209, 'evaluations': 185, 'seconds': 0.13352730000042357, 'method': 'differential_evolution_v2', 'accepted_search': True, 'solver_message': 'Maximum number of iterations has been exceeded.'}]",42,[],6458.346115974933,2600.638271057601,0.18596929998602718,0.30060439999215305
"[{'theta': array([-3796.9199733]), 'n_active': 1, 'beta1_train': -3612.3293965675443, 'beta0_train': -3756.2268642718386, 'beta1_val': -3573.954930632577, 'beta0_val': -3706.1151086391615, 'selected_score': -3756.2268642718386, 'evaluations': 15, 'seconds': 0.02412059999187477, 'method': 'differential_evolution_v2', 'accepted_search': True, 'solver_message': 'Optimization terminated successfully.'}, {'theta': array([-5.71768986e+03,  1.57078641e+00]), 'n_active': 2, 'beta1_train': 1573.273566164257, 'beta0_train': -1944.4359459031796, 'beta1_val': 1772.6046814976662, 'beta0_val': -1926.9781358257796, 'selected_score': -1944.4359459031796, 'evaluations': 65, 'seconds': 0.044388900001649745, 'method': 'differential_evolution_v2', 'accepted_search': True, 'solver_message': 'Optimization terminated successfully.'}, {'theta': array([-2.65348337e+03, -1.17010166e+00, -2.86535088e+03, -8.69276685e-02]), 'n_active': 4, 'beta1_train': -437.59749848276897, 'beta0_train': -778.9062726808274, 'beta1_val': -626.393232865947, 'beta0_val': -657.4652531932921, 'selected_score': -778.9062726808274, 'evaluations': 185, 'seconds': 0.13313769998785574, 'method': 'differential_evolution_v2', 'accepted_search': True, 'solver_message': 'Maximum number of iterations has been exceeded.'}]",42,[],2600.638271057601,1610.5998406342374,0.20164719998138025,0.31409980000171345
"[{'theta': array([-3976.73256375]), 'n_active': 1, 'beta1_train': -3913.1458665031523, 'beta0_train': -3934.200051279736, 'beta1_val': -3934.8, 'beta0_val': -3934.8, 'selected_score': -3934.200051279736, 'evaluations': 20, 'seconds': 0.031618900000466965, 'method': 'differential_evolution_v2', 'accepted_search': True, 'solver_message': 'Optimization terminated successfully.'}, {'theta': array([-6.83860607e+03,  1.30763646e+00]), 'n_active': 2, 'beta1_train': 1792.509146249802, 'beta0_train': -2245.956942963335, 'beta1_val': 1519.4774317258311, 'beta0_val': -2329.8340154168745, 'selected_score': -2245.956942963335, 'evaluations': 95, 'seconds': 0.06316279999737162, 'method': 'differential_evolution_v2', 'accepted_search': True, 'solver_message': 'Maximum number of iterations has been exceeded.'}, {'theta': array([-5.25961690e+03, -3.01143424e-01, -5.52828948e+03,  1.12133747e+00]), 'n_active': 4, 'beta1_train': -338.4419110693802, 'beta0_train': -759.1651328506003, 'beta1_val': -347.16910099102523, 'beta0_val': -571.7999937894818, 'selected_score': -759.1651328506003, 'evaluations': 185, 'seconds': 0.1495963000052143, 'method': 'differential_evolution_v2', 'accepted_search': True, 'solver_message': 'Maximum number of iterations has been exceeded.'}]",42,[],1610.5998406342374,1902.740709306295,0.24437800000305288,0.35802940001303796
"[{'theta': array([-5664.79181324]), 'n_active': 1, 'beta1_train': -3844.2743031309183, 'beta0_train': -3868.229530302118, 'beta1_val': -3775.8804233333335, 'beta0_val': -3858.373079835391, 'selected_score': -3868.229530302118, 'evaluations': 15, 'seconds': 0.025190100001054816, 'method': 'differential_evolution_v2', 'accepted_search': True, 'solver_message': 'Optimization terminated successfully.'}, {'theta': array([-2.65088160e+03,  1.51086698e+00]), 'n_active': 2, 'beta1_train': 1720.005498927897, 'beta0_train': -1582.3341567686734, 'beta1_val': 1029.590778610515, 'beta0_val': -2227.0681244966886, 'selected_score': -1582.3341567686734, 'evaluations': 35, 'seconds': 0.029191900001023896, 'method': 'differential_evolution_v2', 'accepted_search': True, 'solver_message': 'Optimization terminated successfully.'}, {'theta': array([-6.11054777e+03, -1.30345081e+00, -9.06403805e+03,  1.92661433e+00]), 'n_active': 4, 'beta1_train': -662.3876352278197, 'beta0_train': -769.2751824690711, 'beta1_val': -740.5541445669287, 'beta0_val': -740.5541445669287, 'selected_score': -769.2751824690711, 'evaluations': 105, 'seconds': 0.08216499999980442, 'method': 'differential_evolution_v2', 'accepted_search': True, 'solver_message': 'Optimization terminated successfully.'}]",42,[],1902.740709306295,1651.2548242592572,0.13654700000188313,0.2533281999931205
"[{'theta': array([-538.8415269]), 'n_active': 1, 'beta1_train': -1969.6669109080383, 'beta0_train': -1992.8360904546823, 'beta1_val': -1993.2, 'beta0_val': -1993.2, 'selected_score': -1992.8360904546823, 'evaluations': 50, 'seconds': 0.054214699994190596, 'method': 'differential_evolution_v2', 'accepted_search': True, 'solver_message': 'Maximum number of iterations has been exceeded.'}, {'theta': array([-3.9675350e+03, -1.4327692e+00]), 'n_active': 2, 'beta1_train': 2663.0815424552948, 'beta0_train': 478.8683925241875, 'beta1_val': 2600.258406139169, 'beta0_val': 739.8474278065466, 'selected_score': 478.8683925241875, 'evaluations': 95, 'seconds': 0.05969339999137446, 'method': 'differential_evolution_v2', 'accepted_search': True, 'solver_message': 'Maximum number of iterations has been exceeded.'}, {'theta': array([-3.60026007e+02,  8.40078795e-01, -3.12953348e+03,  4.70274392e-01]), 'n_active': 4, 'beta1_train': 67.24743915087654, 'beta0_train': -306.86696219120097, 'beta1_val': -75.98148651889892, 'beta0_val': -289.42039880148957, 'selected_score': -313.9017813095463, 'evaluations': 185, 'seconds': 0.13427979999687523, 'method': 'differential_evolution_v2', 'accepted_search': True, 'solver_message': 'Maximum number of iterations has been exceeded.'}]",42,[],1651.2548242592572,1882.711641569482,0.24818789998244029,0.3604378000018187
"[{'theta': array([-1866.36358418]), 'n_active': 1, 'beta1_train': -1243.8130608429392, 'beta0_train': -1256.456147422816, 'beta1_val': -1298.6957627240554, 'beta0_val': -1298.6957627240554, 'selected_score': -1256.456147422816, 'evaluations': 15, 'seconds': 0.022181099993758835, 'method': 'differential_evolution_v2', 'accepted_search': True, 'solver_message': 'Optimization terminated successfully.'}, {'theta': array([-2.98451734e+03,  1.13869244e+00]), 'n_active': 2, 'beta1_train': -161.95780042108734, 'beta0_train': -2112.530095933176, 'beta1_val': 117.72402769760629, 'beta0_val': -2114.4, 'selected_score': -2112.530095933176, 'evaluations': 35, 'seconds': 0.029492300003767014, 'method': 'differential_evolution_v2', 'accepted_search': True, 'solver_message': 'Optimization terminated successfully.'}, {'theta': array([-2.10051033e+02, -5.98715924e-01, -7.89792018e+03,  1.69553940e+00]), 'n_active': 4, 'beta1_train': -237.41087856169653, 'beta0_train': -390.8056970092629, 'beta1_val': -326.03765405592605, 'beta0_val': -385.17715443769254, 'selected_score': -398.60166261323803, 'evaluations': 185, 'seconds': 0.12690200000361074, 'method': 'differential_evolution_v2', 'accepted_search': True, 'solver_message': 'Maximum number of iterations has been exceeded.'}]",42,[],1882.711641569482,1700.0185603279108,0.17857540000113659,0.28954080000403337
"[{'theta': array([-5952.24368302]), 'n_active': 1, 'beta1_train': -2312.4219092644344, 'beta0_train': -2330.0490710778076, 'beta1_val': -2294.6863107462636, 'beta0_val': -2294.6863107462636, 'selected_score': -2330.0490710778076, 'evaluations': 20, 'seconds': 0.028008000008412637, 'method': 'differential_evolution_v2', 'accepted_search': True, 'solver_message': 'Optimization terminated successfully.'}, {'theta': array([-1.76154779e+03,  1.36723269e+00]), 'n_active': 2, 'beta1_train': -2265.388002052, 'beta0_train': -4055.8161181522373, 'beta1_val': -2671.0725629628, 'beta0_val': -4075.2000000000003, 'selected_score': -4055.8161181522373, 'evaluations': 65, 'seconds': 0.04536480001115706, 'method': 'differential_evolution_v2', 'accepted_search': True, 'solver_message': 'Optimization terminated successfully.'}, {'theta': array([-4.86649618e+02, -1.19674213e-01, -5.17793030e+03, -7.80011911e-01]), 'n_active': 4, 'beta1_train': -2778.1134793317333, 'beta0_train': -3039.717273132518, 'beta1_val': -2722.4390667311445, 'beta0_val': -2874.1280939001103, 'selected_score': -3039.717273132518, 'evaluations': 165, 'seconds': 0.11729920000652783, 'method': 'differential_evolution_v2', 'accepted_search': True, 'solver_message': 'Optimization terminated successfully.'}]",42,[],1700.0185603279108,7399.15921058396,0.19067200002609752,0.3017093000089517
"[{'theta': array([-4596.14791896]), 'n_active': 1, 'beta1_train': -3727.4285000783134, 'beta0_train': -3911.527425993607, 'beta1_val': -3734.444803059258, 'beta0_val': -3904.558839583538, 'selected_score': -3911.527425993607, 'evaluations': 50, 'seconds': 0.05436169999302365, 'method': 'differential_evolution_v2', 'accepted_search': True, 'solver_message': 'Maximum number of iterations has been exceeded.'}, {'theta': array([-3.34167167e+03, -9.30017714e-01]), 'n_active': 2, 'beta1_train': 1522.226213194435, 'beta0_train': -788.8635305499918, 'beta1_val': 925.0192788225859, 'beta0_val': -1509.0511782626995, 'selected_score': -788.8635305499918, 'evaluations': 45, 'seconds': 0.03404900000896305, 'method': 'differential_evolution_v2', 'accepted_search': True, 'solver_message': 'Optimization terminated successfully.'}, {'theta': array([-8.74341480e+03, -1.10890095e+00, -7.17574760e+03,  6.84902083e-01]), 'n_active': 4, 'beta1_train': -852.4798730001946, 'beta0_train': -1034.6720470212856, 'beta1_val': -822.8992759487294, 'beta0_val': -822.8992759487294, 'selected_score': -1034.6720470212856, 'evaluations': 145, 'seconds': 0.1034390999993775, 'method': 'differential_evolution_v2', 'accepted_search': True, 'solver_message': 'Optimization terminated successfully.'}]",42,[],7399.15921058396,2887.3057712237764,0.1918498000013642,0.30329160000837874
"[{'theta': array([-9228.99687572]), 'n_active': 1, 'beta1_train': -4147.848925823808, 'beta0_train': -4283.281930492649, 'beta1_val': -4287.830675435864, 'beta0_val': -4317.03560366642, 'selected_score': -4283.281930492649, 'evaluations': 20, 'seconds': 0.026843999992706813, 'method': 'differential_evolution_v2', 'accepted_search': True, 'solver_message': 'Optimization terminated successfully.'}, {'theta': array([-4.74764842e+03,  1.21606054e+00]), 'n_active': 2, 'beta1_train': -2783.116482270771, 'beta0_train': -2971.612235261057, 'beta1_val': -2680.299920948645, 'beta0_val': -2680.299920948645, 'selected_score': -2971.612235261057, 'evaluations': 95, 'seconds': 0.05947220000962261, 'method': 'differential_evolution_v2', 'accepted_search': True, 'solver_message': 'Maximum number of iterations has been exceeded.'}, {'theta': array([-3.61818815e+02, -8.64031604e-01, -7.28930692e+03,  5.51489210e-01]), 'n_active': 4, 'beta1_train': -956.0486012987255, 'beta0_train': -1366.9028995405022, 'beta1_val': -1366.5917747188514, 'beta0_val': -1493.282959340942, 'selected_score': -1388.8247045121557, 'evaluations': 185, 'seconds': 0.1262950000091223, 'method': 'differential_evolution_v2', 'accepted_search': True, 'solver_message': 'Maximum number of iterations has been exceeded.'}]",42,[],2887.3057712237764,3555.7685320370338,0.21261120001145173,0.32249140000203624
"[{'theta': array([-2796.694997]), 'n_active': 1, 'beta1_train': -4019.687064201806, 'beta0_train': -4049.968938423247, 'beta1_val': -4051.2000000000003, 'beta0_val': -4051.2000000000003, 'selected_score': -4049.968938423247, 'evaluations': 25, 'seconds': 0.03180640000209678, 'method': 'differential_evolution_v2', 'accepted_search': True, 'solver_message': 'Optimization terminated successfully.'}, {'theta': array([-3.16131297e+03,  2.31727342e-02]), 'n_active': 2, 'beta1_train': 700.292269273377, 'beta0_train': -3088.0522948086796, 'beta1_val': 458.4598625672061, 'beta0_val': -3418.1320841941197, 'selected_score': -3088.0522948086796, 'evaluations': 45, 'seconds': 0.033133699995232746, 'method': 'differential_evolution_v2', 'accepted_search': True, 'solver_message': 'Optimization terminated successfully.'}, {'theta': array([-3.85469876e+02, -2.26194266e-01, -2.15198627e+03,  7.94916530e-01]), 'n_active': 4, 'beta1_train': -93.1602802271472, 'beta0_train': -709.0169497893966, 'beta1_val': -771.6472468306163, 'beta0_val': -771.6472468306163, 'selected_score': -728.7604561124388, 'evaluations': 185, 'seconds': 0.12866879999637604, 'method': 'differential_evolution_v2', 'accepted_search': True, 'solver_message': 'Maximum number of iterations has been exceeded.'}]",42,[],3555.7685320370338,1981.0021099999992,0.19360889999370556,0.30390350001107436
"[{'theta': array([-1395.8806479]), 'n_active': 1, 'beta1_train': -4339.8309174863725, 'beta0_train': -4363.79394284854, 'beta1_val': -4364.296987713752, 'beta0_val': -4364.400000000001, 'selected_score': -4363.79394284854, 'evaluations': 20, 'seconds': 0.02685850000125356, 'method': 'differential_evolution_v2', 'accepted_search': True, 'solver_message': 'Optimization terminated successfully.'}, {'theta': array([-8.54195817e+03,  1.95755799e+00]), 'n_active': 2, 'beta1_train': 1734.1199448764314, 'beta0_train': -585.9405670961044, 'beta1_val': 1415.5422253390634, 'beta0_val': -958.2332496996023, 'selected_score': -585.9405670961044, 'evaluations': 35, 'seconds': 0.02950189998955466, 'method': 'differential_evolution_v2', 'accepted_search': True, 'solver_message': 'Optimization terminated successfully.'}, {'theta': array([-2.52160135e+02, -1.06509379e+00, -7.91562350e+03,  3.63874309e-01]), 'n_active': 4, 'beta1_train': -1143.5051913573354, 'beta0_train': -1418.2437708823234, 'beta1_val': -1320.9892477970639, 'beta0_val': -1364.8535538841445, 'selected_score': -1420.1155365050934, 'evaluations': 185, 'seconds': 0.12670400000934023, 'method': 'differential_evolution_v2', 'accepted_search': True, 'solver_message': 'Maximum number of iterations has been exceeded.'}]",42,[],1981.0021099999992,3270.2453598683487,0.18306440000014845,0.2945850999967661
"[{'theta': array([-8814.86780934]), 'n_active': 1, 'beta1_train': -1606.4624311341302, 'beta0_train': -1625.6378506473955, 'beta1_val': -1626.0, 'beta0_val': -1626.0, 'selected_score': -1625.6378506473955, 'evaluations': 15, 'seconds': 0.022519300007843412, 'method': 'differential_evolution_v2', 'accepted_search': True, 'solver_message': 'Optimization terminated successfully.'}, {'theta': array([-5.98566013e+03, -1.64529284e+00]), 'n_active': 2, 'beta1_train': 1559.0306572182808, 'beta0_train': -1210.6239921938825, 'beta1_val': 1314.5708218229445, 'beta0_val': -1224.9117210262932, 'selected_score': -1210.6239921938825, 'evaluations': 95, 'seconds': 0.0584079000109341, 'method': 'differential_evolution_v2', 'accepted_search': True, 'solver_message': 'Maximum number of iterations has been exceeded.'}, {'theta': array([-3.21211373e+02,  1.42793224e-01, -1.77241503e+03, -4.82393718e-02]), 'n_active': 4, 'beta1_train': 70.48409135214843, 'beta0_train': -218.77623377132693, 'beta1_val': -278.0589486420785, 'beta0_val': -278.0589486420785, 'selected_score': -241.5175399249834, 'evaluations': 185, 'seconds': 0.12646280000626575, 'method': 'differential_evolution_v2', 'accepted_search': True, 'solver_message': 'Maximum number of iterations has been exceeded.'}]",42,[],3270.2453598683487,1705.986553703707,0.20739000002504326,0.3162464000051841
"[{'theta': array([-5049.08964714]), 'n_active': 1, 'beta1_train': -1310.0394129136696, 'beta0_train': -1318.020899173377, 'beta1_val': -1358.3186549496552, 'beta0_val': -1358.3186549496552, 'selected_score': -1318.020899173377, 'evaluations': 25, 'seconds': 0.03078329999698326, 'method': 'differential_evolution_v2', 'accepted_search': True, 'solver_message': 'Optimization terminated successfully.'}, {'theta': array([-1432.1640995 ,     1.59610311]), 'n_active': 2, 'beta1_train': -258.0835835722035, 'beta0_train': -1977.9453495010032, 'beta1_val': -313.17744978007545, 'beta0_val': -1788.4657982072022, 'selected_score': -1977.9453495010032, 'evaluations': 75, 'seconds': 0.04918799998995382, 'method': 'differential_evolution_v2', 'accepted_search': True, 'solver_message': 'Optimization terminated successfully.'}, {'theta': array([-1.65799850e+03, -4.78889414e-02, -7.61858675e+03,  9.65825348e-01]), 'n_active': 4, 'beta1_train': -262.0389729671213, 'beta0_train': -498.80369576423664, 'beta1_val': -379.75441971721096, 'beta0_val': -414.22276950115037, 'selected_score': -498.80369576423664, 'evaluations': 185, 'seconds': 0.12566030000743922, 'method': 'differential_evolution_v2', 'accepted_search': True, 'solver_message': 'Maximum number of iterations has been exceeded.'}]",42,[],1705.986553703707,2402.1220915333356,0.2056315999943763,0.31682789999467786
"[{'theta': array([-5860.39851409]), 'n_active': 1, 'beta1_train': -2398.508566394863, 'beta0_train': -2496.234165920087, 'beta1_val': -2454.2876102061246, 'beta0_val': -2475.0467082309187, 'selected_score': -2496.234165920087, 'evaluations': 25, 'seconds': 0.03177050000522286, 'method': 'differential_evolution_v2', 'accepted_search': True, 'solver_message': 'Optimization terminated successfully.'}, {'theta': array([-2.53357452e+03, -2.21002520e-01]), 'n_active': 2, 'beta1_train': -2466.2946115952514, 'beta0_train': -3949.9053076921464, 'beta1_val': -2164.2323881545985, 'beta0_val': -3861.62279243922, 'selected_score': -3949.9053076921464, 'evaluations': 95, 'seconds': 0.05909599999722559, 'method': 'differential_evolution_v2', 'accepted_search': True, 'solver_message': 'Maximum number of iterations has been exceeded.'}, {'theta': array([-1.87834915e+03, -4.50824206e-01, -2.44004592e+03, -1.53830626e+00]), 'n_active': 4, 'beta1_train': -3806.6760543206246, 'beta0_train': -4084.38743863211, 'beta1_val': -3887.2287184499746, 'beta0_val': -4073.8480474523244, 'selected_score': -4084.38743863211, 'evaluations': 125, 'seconds': 0.09328719999757595, 'method': 'differential_evolution_v2', 'accepted_search': True, 'solver_message': 'Optimization terminated successfully.'}]",42,[],2402.1220915333356,10275.519710000002,0.1841537000000244,0.29766019999806304
"[{'theta': array([-5956.88892223]), 'n_active': 1, 'beta1_train': -4061.9912195832217, 'beta0_train': -4167.80382105747, 'beta1_val': -3803.6863464166654, 'beta0_val': -4168.799999999999, 'selected_score': -4167.80382105747, 'evaluations': 20, 'seconds': 0.02804610000748653, 'method': 'differential_evolution_v2', 'accepted_search': True, 'solver_message': 'Optimization terminated successfully.'}, {'theta': array([-6.57101044e+03,  1.29225399e+00]), 'n_active': 2, 'beta1_train': 1545.926664421388, 'beta0_train': -1899.5321717543247, 'beta1_val': 1625.355546550616, 'beta0_val': -2383.887591116565, 'selected_score': -1899.5321717543247, 'evaluations': 95, 'seconds': 0.059350000010454096, 'method': 'differential_evolution_v2', 'accepted_search': True, 'solver_message': 'Maximum number of iterations has been exceeded.'}, {'theta': array([-2.58238585e+03,  1.84742956e+00, -7.43434989e+03, -1.92635287e-01]), 'n_active': 4, 'beta1_train': -565.5977885315303, 'beta0_train': -808.356484008663, 'beta1_val': -780.8122607389382, 'beta0_val': -797.7527558975121, 'selected_score': -808.356484008663, 'evaluations': 185, 'seconds': 0.12803389999317005, 'method': 'differential_evolution_v2', 'accepted_search': True, 'solver_message': 'Maximum number of iterations has been exceeded.'}]",42,[],10275.519710000002,1553.3347540740745,0.21543000001111068,0.32238840000354685
"[{'theta': array([-6611.04986293]), 'n_active': 1, 'beta1_train': -4535.796274767034, 'beta0_train': -4573.532041686239, 'beta1_val': -4576.8, 'beta0_val': -4576.8, 'selected_score': -4573.532041686239, 'evaluations': 20, 'seconds': 0.027712300012353808, 'method': 'differential_evolution_v2', 'accepted_search': True, 'solver_message': 'Optimization terminated successfully.'}, {'theta': array([-4.84878032e+03,  1.94318578e+00]), 'n_active': 2, 'beta1_train': -2488.465849371061, 'beta0_train': -2950.5506710753775, 'beta1_val': -2787.0686226918046, 'beta0_val': -3089.1547530412777, 'selected_score': -2950.5506710753775, 'evaluations': 95, 'seconds': 0.06159359999583103, 'method': 'differential_evolution_v2', 'accepted_search': True, 'solver_message': 'Maximum number of iterations has been exceeded.'}, {'theta': array([0., 0., 0., 0.]), 'n_active': 4, 'beta1_train': -1141.7713120601857, 'beta0_train': -1475.01109570412, 'beta1_val': -408.01499816739215, 'beta0_val': -390.6697699349336, 'selected_score': -1141.7713120601857, 'evaluations': 185, 'seconds': 0.13175539999792818, 'method': 'differential_evolution_v2', 'accepted_search': False, 'solver_message': 'Maximum number of iterations has been exceeded.'}]",42,[],1553.3347540740745,3453.5468327777785,0.22106130000611302,0.3310429999983171
"[{'theta': array([-3210.69928499]), 'n_active': 1, 'beta1_train': -4294.00391159991, 'beta0_train': -4338.003729709093, 'beta1_val': -4230.199410900001, 'beta0_val': -4340.400000000001, 'selected_score': -4338.003729709093, 'evaluations': 20, 'seconds': 0.028040100005455315, 'method': 'differential_evolution_v2', 'accepted_search': True, 'solver_message': 'Optimization terminated successfully.'}, {'theta': array([-7.44305470e+03,  6.78233661e-01]), 'n_active': 2, 'beta1_train': -1954.6567331929964, 'beta0_train': -2738.8756972171686, 'beta1_val': -2492.843683319365, 'beta0_val': -2548.767439429514, 'selected_score': -2738.8756972171686, 'evaluations': 65, 'seconds': 0.04366680000384804, 'method': 'differential_evolution_v2', 'accepted_search': True, 'solver_message': 'Optimization terminated successfully.'}, {'theta': array([ -373.28814833,    -1.63279687, -1366.93501894,     1.93112134]), 'n_active': 4, 'beta1_train': -387.70991204394437, 'beta0_train': -775.2766448524659, 'beta1_val': -775.5802441660263, 'beta0_val': -786.406940931683, 'selected_score': -786.4265948578262, 'evaluations': 185, 'seconds': 0.12827470000775065, 'method': 'differential_evolution_v2', 'accepted_search': True, 'solver_message': 'Maximum number of iterations has been exceeded.'}]",42,[],3453.5468327777785,1474.3033655555562,0.199981600017054,0.31242719999863766
"[{'theta': array([-1506.42543265]), 'n_active': 1, 'beta1_train': -3836.643977237077, 'beta0_train': -3859.340889205058, 'beta1_val': -3800.8228725999998, 'beta0_val': -3860.3999999999996, 'selected_score': -3859.340889205058, 'evaluations': 50, 'seconds': 0.052835700000287034, 'method': 'differential_evolution_v2', 'accepted_search': True, 'solver_message': 'Maximum number of iterations has been exceeded.'}, {'theta': array([-4.11392739e+03, -5.05076031e-02]), 'n_active': 2, 'beta1_train': 1810.9206361927584, 'beta0_train': 19.862563541105065, 'beta1_val': 1423.1024536570262, 'beta0_val': -2240.943774383882, 'selected_score': 19.862563541105065, 'evaluations': 35, 'seconds': 0.028002399994875304, 'method': 'differential_evolution_v2', 'accepted_search': True, 'solver_message': 'Optimization terminated successfully.'}, {'theta': array([-2.51171259e+03,  1.21229399e+00, -5.81665377e+02, -3.62814118e-01]), 'n_active': 4, 'beta1_train': -751.5408741607022, 'beta0_train': -994.7155433228068, 'beta1_val': -442.7352260326152, 'beta0_val': -770.9870705194182, 'selected_score': -994.7155433228068, 'evaluations': 185, 'seconds': 0.12477360000775661, 'method': 'differential_evolution_v2', 'accepted_search': True, 'solver_message': 'Maximum number of iterations has been exceeded.'}]",42,[],1474.3033655555562,2670.5474634078914,0.20561170000291895,0.31274999999732245
"[{'theta': array([-7353.43617016]), 'n_active': 1, 'beta1_train': -2047.8035043081163, 'beta0_train': -2384.150416935285, 'beta1_val': -2127.2590673925747, 'beta0_val': -2367.8889314370376, 'selected_score': -2384.150416935285, 'evaluations': 20, 'seconds': 0.0271435000031488, 'method': 'differential_evolution_v2', 'accepted_search': True, 'solver_message': 'Optimization terminated successfully.'}, {'theta': array([-3.08784141e+03, -1.39823238e+00]), 'n_active': 2, 'beta1_train': 2637.411843239758, 'beta0_train': -375.6468585611844, 'beta1_val': 3025.9442901338953, 'beta0_val': 283.7632276343952, 'selected_score': -375.6468585611844, 'evaluations': 95, 'seconds': 0.05947599999490194, 'method': 'differential_evolution_v2', 'accepted_search': True, 'solver_message': 'Maximum number of iterations has been exceeded.'}, {'theta': array([-2.70869697e+02, -1.93288017e+00, -3.67089685e+03, -1.94565284e+00]), 'n_active': 4, 'beta1_train': -360.8656720483353, 'beta0_train': -467.48892539551844, 'beta1_val': -465.13975370988146, 'beta0_val': -465.13975370988146, 'selected_score': -469.3267396611578, 'evaluations': 185, 'seconds': 0.13038479999522679, 'method': 'differential_evolution_v2', 'accepted_search': True, 'solver_message': 'Maximum number of iterations has been exceeded.'}]",42,[],2670.5474634078914,1681.7401867074748,0.21700429999327753,0.3257069999963278
"[{'theta': array([-662.27950949]), 'n_active': 1, 'beta1_train': -1808.7421688807563, 'beta0_train': -1815.9915630986, 'beta1_val': -1755.0906455705688, 'beta0_val': -1755.0906455705688, 'selected_score': -1815.9915630986, 'evaluations': 50, 'seconds': 0.05256710000685416, 'method': 'differential_evolution_v2', 'accepted_search': True, 'solver_message': 'Maximum number of iterations has been exceeded.'}, {'theta': array([-5.50234911e+03, -1.67668541e+00]), 'n_active': 2, 'beta1_train': 25.291297225274093, 'beta0_train': -1704.1271172875415, 'beta1_val': 244.49053267276827, 'beta0_val': -1627.1396488389926, 'selected_score': -1704.1271172875415, 'evaluations': 45, 'seconds': 0.03411280000000261, 'method': 'differential_evolution_v2', 'accepted_search': True, 'solver_message': 'Optimization terminated successfully.'}, {'theta': array([-3.22167621e+02,  1.10019020e-01, -8.38744640e+03,  2.67336566e-02]), 'n_active': 4, 'beta1_train': -386.8027705753902, 'beta0_train': -513.2335627534729, 'beta1_val': -408.86418903851904, 'beta0_val': -408.86418903851904, 'selected_score': -515.5047115545505, 'evaluations': 185, 'seconds': 0.12317859999893699, 'method': 'differential_evolution_v2', 'accepted_search': True, 'solver_message': 'Maximum number of iterations has been exceeded.'}]",42,[],1681.7401867074748,1885.4184910434028,0.20985850000579376,0.3170975999964867
"[{'theta': array([-1678.69947526]), 'n_active': 1, 'beta1_train': -3224.248027453199, 'beta0_train': -3228.9820347516606, 'beta1_val': -3170.6908130176553, 'beta0_val': -3181.906249021606, 'selected_score': -3228.9820347516606, 'evaluations': 25, 'seconds': 0.03185440000379458, 'method': 'differential_evolution_v2', 'accepted_search': True, 'solver_message': 'Optimization terminated successfully.'}, {'theta': array([-1.45722650e+03,  8.73659155e-01]), 'n_active': 2, 'beta1_train': -2659.253760217392, 'beta0_train': -4354.344931514687, 'beta1_val': -2718.4486775978507, 'beta0_val': -4587.599999999999, 'selected_score': -4354.344931514687, 'evaluations': 35, 'seconds': 0.02850520001084078, 'method': 'differential_evolution_v2', 'accepted_search': True, 'solver_message': 'Optimization terminated successfully.'}, {'theta': array([-1.11787890e+03, -1.32631407e+00, -6.87252075e+02,  5.69154446e-01]), 'n_active': 4, 'beta1_train': -4238.252041680756, 'beta0_train': -4525.354120130704, 'beta1_val': -4232.093373117211, 'beta0_val': -4570.306802125682, 'selected_score': -4525.354120130704, 'evaluations': 185, 'seconds': 0.124702500004787, 'method': 'differential_evolution_v2', 'accepted_search': True, 'solver_message': 'Maximum number of iterations has been exceeded.'}]",42,[],1885.4184910434028,10648.04201814815,0.18506210001942236,0.2911815999977989
"[{'theta': array([-8957.6428201]), 'n_active': 1, 'beta1_train': -4009.6019277550536, 'beta0_train': -4197.823552269297, 'beta1_val': -4175.118312625001, 'beta0_val': -4202.400000000001, 'selected_score': -4197.823552269297, 'evaluations': 20, 'seconds': 0.02708669999265112, 'method': 'differential_evolution_v2', 'accepted_search': True, 'solver_message': 'Optimization terminated successfully.'}, {'theta': array([-1.50736381e+03, -9.05269546e-01]), 'n_active': 2, 'beta1_train': -2464.172594622912, 'beta0_train': -2674.4925380318314, 'beta1_val': -2672.7813230811826, 'beta0_val': -2672.7813230811917, 'selected_score': -2674.4925380318314, 'evaluations': 45, 'seconds': 0.034450299994205125, 'method': 'differential_evolution_v2', 'accepted_search': True, 'solver_message': 'Optimization terminated successfully.'}, {'theta': array([-3.41514367e+02,  1.55407798e+00, -3.02861396e+03,  7.85174855e-01]), 'n_active': 4, 'beta1_train': -357.46693743272084, 'beta0_train': -779.340596349669, 'beta1_val': -712.1217839652135, 'beta0_val': -712.1217839652135, 'selected_score': -793.0482653397567, 'evaluations': 185, 'seconds': 0.12744969999766909, 'method': 'differential_evolution_v2', 'accepted_search': True, 'solver_message': 'Maximum number of iterations has been exceeded.'}]",42,[],10648.04201814815,1949.7751345203424,0.18898669998452533,0.29780729999765754
"[{'theta': array([-9258.20275259]), 'n_active': 1, 'beta1_train': -4077.5956086676565, 'beta0_train': -4103.146095192212, 'beta1_val': -4105.2, 'beta0_val': -4105.2, 'selected_score': -4103.146095192212, 'evaluations': 15, 'seconds': 0.024444700000458397, 'method': 'differential_evolution_v2', 'accepted_search': True, 'solver_message': 'Optimization terminated successfully.'}, {'theta': array([-6.07331201e+03,  4.69963652e-01]), 'n_active': 2, 'beta1_train': 2046.106763964834, 'beta0_train': -36.769927098503715, 'beta1_val': 1342.141125067637, 'beta0_val': -2298.9770166624617, 'selected_score': -36.769927098503715, 'evaluations': 45, 'seconds': 0.03418239999155048, 'method': 'differential_evolution_v2', 'accepted_search': True, 'solver_message': 'Optimization terminated successfully.'}, {'theta': array([-2.03429168e+02, -1.71259340e+00, -8.27190348e+03, -4.09181473e-01]), 'n_active': 4, 'beta1_train': -587.865333580545, 'beta0_train': -807.4605100472971, 'beta1_val': -703.8316009845997, 'beta0_val': -711.5235065108409, 'selected_score': -808.1339839618754, 'evaluations': 185, 'seconds': 0.13286100000550505, 'method': 'differential_evolution_v2', 'accepted_search': True, 'solver_message': 'Maximum number of iterations has been exceeded.'}]",42,[],1949.7751345203424,1595.6886748148147,0.19148809999751393,0.30505799999809824
"[{'theta': array([-8918.84394533]), 'n_active': 1, 'beta1_train': -4489.467282055772, 'beta0_train': -4508.7065165763315, 'beta1_val': -4510.8, 'beta0_val': -4510.8, 'selected_score': -4508.7065165763315, 'evaluations': 20, 'seconds': 0.026845100001082756, 'method': 'differential_evolution_v2', 'accepted_search': True, 'solver_message': 'Optimization terminated successfully.'}, {'theta': array([-4.78471589e+03,  3.41289203e-01]), 'n_active': 2, 'beta1_train': -2824.7464037882114, 'beta0_train': -2963.776679317261, 'beta1_val': -3257.8920216695296, 'beta0_val': -3257.8920216695296, 'selected_score': -2963.776679317261, 'evaluations': 95, 'seconds': 0.06084330000157934, 'method': 'differential_evolution_v2', 'accepted_search': True, 'solver_message': 'Maximum number of iterations has been exceeded.'}, {'theta': array([-2.39472620e+02, -1.59256346e-01, -9.44351484e+02,  6.16370928e-01]), 'n_active': 4, 'beta1_train': -641.9807689209239, 'beta0_train': -895.2080209568037, 'beta1_val': -268.8276174825326, 'beta0_val': -558.3966016032659, 'selected_score': -896.7364572293277, 'evaluations': 185, 'seconds': 0.12454559998877812, 'method': 'differential_evolution_v2', 'accepted_search': True, 'solver_message': 'Maximum number of iterations has been exceeded.'}]",42,[],1595.6886748148147,1889.7172764814813,0.21223399999144021,0.3226341000117827
"[{'theta': array([-9409.323053]), 'n_active': 1, 'beta1_train': -4642.777594313866, 'beta0_train': -4661.035787021981, 'beta1_val': -4663.2, 'beta0_val': -4663.2, 'selected_score': -4661.035787021981, 'evaluations': 15, 'seconds': 0.023784500008332543, 'method': 'differential_evolution_v2', 'accepted_search': True, 'solver_message': 'Optimization terminated successfully.'}, {'theta': array([-4.54972357e+03,  1.72881878e+00]), 'n_active': 2, 'beta1_train': -2438.6664280163086, 'beta0_train': -2501.6396199447045, 'beta1_val': -2574.797352823759, 'beta0_val': -2574.797352823759, 'selected_score': -2501.6396199447045, 'evaluations': 35, 'seconds': 0.029148100002203137, 'method': 'differential_evolution_v2', 'accepted_search': True, 'solver_message': 'Optimization terminated successfully.'}, {'theta': array([-3.39672020e+02, -9.56812778e-01, -2.86365853e+03, -1.09688745e+00]), 'n_active': 4, 'beta1_train': -411.483242345646, 'beta0_train': -856.1869922181118, 'beta1_val': -763.0492845111291, 'beta0_val': -829.1068628286886, 'selected_score': -865.1586113160218, 'evaluations': 185, 'seconds': 0.1260303000017302, 'method': 'differential_evolution_v2', 'accepted_search': True, 'solver_message': 'Maximum number of iterations has been exceeded.'}]",42,[],1889.7172764814813,1834.2019804444392,0.1789629000122659,0.2862479000032181
"[{'theta': array([-1183.60662157]), 'n_active': 1, 'beta1_train': -2531.5811462600127, 'beta0_train': -2586.1601260149555, 'beta1_val': -2589.6, 'beta0_val': -2589.6, 'selected_score': -2586.1601260149555, 'evaluations': 20, 'seconds': 0.02763270000286866, 'method': 'differential_evolution_v2', 'accepted_search': True, 'solver_message': 'Optimization terminated successfully.'}, {'theta': array([-3.67604209e+03,  5.70253515e-01]), 'n_active': 2, 'beta1_train': -1191.6001041820641, 'beta0_train': -1858.4210867292547, 'beta1_val': -1579.779670606395, 'beta0_val': -2149.2429284920813, 'selected_score': -1858.4210867292547, 'evaluations': 95, 'seconds': 0.06005929999810178, 'method': 'differential_evolution_v2', 'accepted_search': True, 'solver_message': 'Maximum number of iterations has been exceeded.'}, {'theta': array([-4.34583408e+02,  5.26878189e-02, -9.26288572e+03, -8.71900122e-01]), 'n_active': 4, 'beta1_train': 16.513000015949295, 'beta0_train': -430.461639581804, 'beta1_val': 64.66266252685091, 'beta0_val': -456.8508258038273, 'selected_score': -438.32396155690236, 'evaluations': 185, 'seconds': 0.12214969999331515, 'method': 'differential_evolution_v2', 'accepted_search': True, 'solver_message': 'Maximum number of iterations has been exceeded.'}]",42,[],1834.2019804444392,1817.4876829629632,0.2098416999942856,0.32052169999224134
"[{'theta': array([-2033.22895109]), 'n_active': 1, 'beta1_train': -2038.1460421277081, 'beta0_train': -2045.2246687472311, 'beta1_val': -2018.6808893786274, 'beta0_val': -2018.6808893786274, 'selected_score': -2045.2246687472311, 'evaluations': 20, 'seconds': 0.027523099997779354, 'method': 'differential_evolution_v2', 'accepted_search': True, 'solver_message': 'Optimization terminated successfully.'}, {'theta': array([-2.69669356e+03,  6.22610323e-01]), 'n_active': 2, 'beta1_train': -705.0640159716057, 'beta0_train': -2592.45346104544, 'beta1_val': -1131.7455261105765, 'beta0_val': -2722.347953492675, 'selected_score': -2592.45346104544, 'evaluations': 45, 'seconds': 0.038628399997833185, 'method': 'differential_evolution_v2', 'accepted_search': True, 'solver_message': 'Optimization terminated successfully.'}, {'theta': array([-2.50639067e+02,  7.69416066e-01, -1.06386101e+03, -1.01166898e-02]), 'n_active': 4, 'beta1_train': -479.4909918965505, 'beta0_train': -672.4744308898764, 'beta1_val': -537.3685633565108, 'beta0_val': -677.0549132874297, 'selected_score': -673.6589146820899, 'evaluations': 185, 'seconds': 0.14676230000623036, 'method': 'differential_evolution_v2', 'accepted_search': True, 'solver_message': 'Maximum number of iterations has been exceeded.'}]",42,[],1817.4876829629632,2490.4863065296245,0.2129138000018429,0.32302299998991657
"[{'theta': array([-5810.61285749]), 'n_active': 1, 'beta1_train': -2627.3879635173, 'beta0_train': -3289.002396169517, 'beta1_val': -2751.706959482825, 'beta0_val': -3317.027302834059, 'selected_score': -3289.002396169517, 'evaluations': 50, 'seconds': 0.05536700000811834, 'method': 'differential_evolution_v2', 'accepted_search': True, 'solver_message': 'Maximum number of iterations has been exceeded.'}, {'theta': array([-3.61107478e+03, -6.42308531e-01]), 'n_active': 2, 'beta1_train': -1716.8734451630805, 'beta0_train': -3455.568786749712, 'beta1_val': -1939.4611359677901, 'beta0_val': -3112.70958413852, 'selected_score': -3455.568786749712, 'evaluations': 95, 'seconds': 0.06356589999631979, 'method': 'differential_evolution_v2', 'accepted_search': True, 'solver_message': 'Optimization terminated successfully.'}, {'theta': array([-3.37125645e+03, -9.58242051e-01, -7.52608803e+03,  3.04597665e-01]), 'n_active': 4, 'beta1_train': -3119.273359959388, 'beta0_train': -3390.542136585298, 'beta1_val': -3322.3554845918525, 'beta0_val': -3322.3554845918525, 'selected_score': -3390.542136585298, 'evaluations': 185, 'seconds': 0.16614190000109375, 'method': 'differential_evolution_v2', 'accepted_search': True, 'solver_message': 'Maximum number of iterations has been exceeded.'}]",42,[],2490.4863065296245,8338.299096296296,0.28507480000553187,0.4131733999965945
"[{'theta': array([-1700.1397742]), 'n_active': 1, 'beta1_train': -2681.6262203250158, 'beta0_train': -3555.6253268301493, 'beta1_val': -2671.2101728381667, 'beta0_val': -3469.1960678946502, 'selected_score': -3555.6253268301493, 'evaluations': 20, 'seconds': 0.04294800000207033, 'method': 'differential_evolution_v2', 'accepted_search': True, 'solver_message': 'Optimization terminated successfully.'}, {'theta': array([-7.64513249e+03, -1.55124552e+00]), 'n_active': 2, 'beta1_train': -2023.9655823338203, 'beta0_train': -2276.0331537274956, 'beta1_val': -2187.8413101337487, 'beta0_val': -2187.8413101337487, 'selected_score': -2276.0331537274956, 'evaluations': 95, 'seconds': 0.07152009999845177, 'method': 'differential_evolution_v2', 'accepted_search': True, 'solver_message': 'Maximum number of iterations has been exceeded.'}, {'theta': array([-4.17255643e+02, -3.83199750e-01, -4.61075992e+03, -4.45673495e-01]), 'n_active': 4, 'beta1_train': -458.1538979954968, 'beta0_train': -788.8991638478237, 'beta1_val': 133.9884496108848, 'beta0_val': -829.6537684283123, 'selected_score': -797.5485391626634, 'evaluations': 185, 'seconds': 0.1324222999974154, 'method': 'differential_evolution_v2', 'accepted_search': True, 'solver_message': 'Maximum number of iterations has been exceeded.'}]",42,[],8338.299096296296,2493.451567478762,0.2468903999979375,0.3937201999942772
"[{'theta': array([-5426.33926368]), 'n_active': 1, 'beta1_train': -3274.453920651654, 'beta0_train': -4082.63955060066, 'beta1_val': -3681.8901886577496, 'beta0_val': -4109.040577143003, 'selected_score': -4082.63955060066, 'evaluations': 25, 'seconds': 0.032133700005942956, 'method': 'differential_evolution_v2', 'accepted_search': True, 'solver_message': 'Optimization terminated successfully.'}, {'theta': array([-3.51450977e+03, -5.86266603e-01]), 'n_active': 2, 'beta1_train': 1952.8974708710903, 'beta0_train': -1715.6592475394432, 'beta1_val': 1457.1100271171686, 'beta0_val': -2480.890608691119, 'selected_score': -1715.6592475394432, 'evaluations': 45, 'seconds': 0.03457259999413509, 'method': 'differential_evolution_v2', 'accepted_search': True, 'solver_message': 'Optimization terminated successfully.'}, {'theta': array([-7.08996971e+03,  1.45651260e-01, -2.18568849e+02,  1.02227938e+00]), 'n_active': 4, 'beta1_train': -633.9516592521356, 'beta0_train': -766.5673269031606, 'beta1_val': -729.0941091229422, 'beta0_val': -729.0941091229422, 'selected_score': -767.2782910218494, 'evaluations': 185, 'seconds': 0.12852969999948982, 'method': 'differential_evolution_v2', 'accepted_search': True, 'solver_message': 'Maximum number of iterations has been exceeded.'}]",42,[],2493.451567478762,2381.3900290740776,0.19523599999956787,0.3082772999914596
"[{'theta': array([-7888.62069173]), 'n_active': 1, 'beta1_train': -4159.197441012413, 'beta0_train': -4184.542200617284, 'beta1_val': -4186.8, 'beta0_val': -4186.8, 'selected_score': -4184.542200617284, 'evaluations': 20, 'seconds': 0.027246500001638196, 'method': 'differential_evolution_v2', 'accepted_search': True, 'solver_message': 'Optimization terminated successfully.'}, {'theta': array([-6.55181309e+03,  2.47003329e-01]), 'n_active': 2, 'beta1_train': 1850.7671129687874, 'beta0_train': -2141.139370830129, 'beta1_val': 574.8480754832135, 'beta0_val': -2787.592744883666, 'selected_score': -2141.139370830129, 'evaluations': 65, 'seconds': 0.04456959999515675, 'method': 'differential_evolution_v2', 'accepted_search': True, 'solver_message': 'Optimization terminated successfully.'}, {'theta': array([-3.01954218e+03,  6.99839247e-01, -3.60079056e+03,  2.30704600e-01]), 'n_active': 4, 'beta1_train': -816.5301401119692, 'beta0_train': -966.4112015968985, 'beta1_val': -1128.401460296065, 'beta0_val': -1128.401460296065, 'selected_score': -966.4112015968985, 'evaluations': 185, 'seconds': 0.12711899999703746, 'method': 'differential_evolution_v2', 'accepted_search': True, 'solver_message': 'Maximum number of iterations has been exceeded.'}]",42,[],2381.3900290740776,2681.1032915722567,0.1989350999938324,0.30892719999246765
"[{'theta': array([-5908.83351913]), 'n_active': 1, 'beta1_train': -3939.4464580374656, 'beta0_train': -4078.707792371165, 'beta1_val': -4030.14522624, 'beta0_val': -4096.584765084444, 'selected_score': -4078.707792371165, 'evaluations': 25, 'seconds': 0.03261890000430867, 'method': 'differential_evolution_v2', 'accepted_search': True, 'solver_message': 'Optimization terminated successfully.'}, {'theta': array([-3.41662483e+03,  1.14859930e+00]), 'n_active': 2, 'beta1_train': -2329.735500588334, 'beta0_train': -2610.981038190808, 'beta1_val': -2604.1132301325397, 'beta0_val': -2604.1132301325397, 'selected_score': -2610.981038190808, 'evaluations': 95, 'seconds': 0.06082539999624714, 'method': 'differential_evolution_v2', 'accepted_search': True, 'solver_message': 'Maximum number of iterations has been exceeded.'}, {'theta': array([-5.41332662e+03,  6.69143522e-01, -6.78767023e+03,  2.51220663e-01]), 'n_active': 4, 'beta1_train': -489.2455732081227, 'beta0_train': -925.5218779491277, 'beta1_val': -416.3414365566915, 'beta0_val': -1090.4334134044454, 'selected_score': -925.5218779491277, 'evaluations': 185, 'seconds': 0.12922190000244882, 'method': 'differential_evolution_v2', 'accepted_search': True, 'solver_message': 'Maximum number of iterations has been exceeded.'}]",42,[],2681.1032915722567,2460.34757425926,0.22266620000300463,0.3350655999965966
"[{'theta': array([-8826.78502234]), 'n_active': 1, 'beta1_train': -2725.6520856189227, 'beta0_train': -2851.2063563633747, 'beta1_val': -2518.8527303622022, 'beta0_val': -2781.688424836173, 'selected_score': -2851.2063563633747, 'evaluations': 30, 'seconds': 0.037484000000404194, 'method': 'differential_evolution_v2', 'accepted_search': True, 'solver_message': 'Optimization terminated successfully.'}, {'theta': array([-710.4270627 ,   -1.14928483]), 'n_active': 2, 'beta1_train': -1672.0113111247792, 'beta0_train': -1888.928555175664, 'beta1_val': -2257.5572166444413, 'beta0_val': -2257.5572166444413, 'selected_score': -1888.928555175664, 'evaluations': 95, 'seconds': 0.05865029999404214, 'method': 'differential_evolution_v2', 'accepted_search': True, 'solver_message': 'Maximum number of iterations has been exceeded.'}, {'theta': array([-3.49871232e+02,  9.49574261e-01, -1.65379924e+03, -1.76177752e+00]), 'n_active': 4, 'beta1_train': 21.794938828815823, 'beta0_train': -418.00727412001413, 'beta1_val': -410.49615082337067, 'beta0_val': -467.92166792310655, 'selected_score': -429.68050163624076, 'evaluations': 185, 'seconds': 0.12755610000749584, 'method': 'differential_evolution_v2', 'accepted_search': True, 'solver_message': 'Maximum number of iterations has been exceeded.'}]",42,[],2460.34757425926,1866.303987592594,0.22369040000194218,0.33817350000026636
"[{'theta': array([-4792.04144097]), 'n_active': 1, 'beta1_train': -2236.707698533663, 'beta0_train': -2247.338223416528, 'beta1_val': -2255.973808648561, 'beta0_val': -2255.973808648561, 'selected_score': -2247.338223416528, 'evaluations': 20, 'seconds': 0.027172399990377016, 'method': 'differential_evolution_v2', 'accepted_search': True, 'solver_message': 'Optimization terminated successfully.'}, {'theta': array([-2.64091436e+03, -1.15574588e+00]), 'n_active': 2, 'beta1_train': -331.09550566951077, 'beta0_train': -2083.855737082579, 'beta1_val': -716.8511939047835, 'beta0_val': -2118.354130550309, 'selected_score': -2083.855737082579, 'evaluations': 95, 'seconds': 0.05675460000929888, 'method': 'differential_evolution_v2', 'accepted_search': True, 'solver_message': 'Maximum number of iterations has been exceeded.'}, {'theta': array([-1.43065285e+03,  9.29814604e-01, -4.41289989e+03, -3.58195931e-01]), 'n_active': 4, 'beta1_train': -184.59354103045143, 'beta0_train': -501.40282635949035, 'beta1_val': -239.13705201475017, 'beta0_val': -494.9550822990963, 'selected_score': -501.40282635949035, 'evaluations': 125, 'seconds': 0.09459439999773167, 'method': 'differential_evolution_v2', 'accepted_search': True, 'solver_message': 'Optimization terminated successfully.'}]",42,[],1866.303987592594,1960.607579741839,0.17852139999740757,0.29057579999789596
"[{'theta': array([-5045.92895729]), 'n_active': 1, 'beta1_train': -3984.4001852366982, 'beta0_train': -3993.540792449046, 'beta1_val': -3883.794789721209, 'beta0_val': -3883.794789721209, 'selected_score': -3993.540792449046, 'evaluations': 50, 'seconds': 0.05310109999845736, 'method': 'differential_evolution_v2', 'accepted_search': True, 'solver_message': 'Maximum number of iterations has been exceeded.'}, {'theta': array([-4.0717876e+03, -1.1268982e+00]), 'n_active': 2, 'beta1_train': -1812.5289117928571, 'beta0_train': -3388.8696188623294, 'beta1_val': -2429.9313514783144, 'beta0_val': -3903.840882241546, 'selected_score': -3388.8696188623294, 'evaluations': 95, 'seconds': 0.05904459999874234, 'method': 'differential_evolution_v2', 'accepted_search': True, 'solver_message': 'Maximum number of iterations has been exceeded.'}, {'theta': array([-1.12972217e+03, -1.35641282e+00, -6.68132067e+03, -1.12108515e+00]), 'n_active': 4, 'beta1_train': -2265.004923080457, 'beta0_train': -2539.0900430584516, 'beta1_val': -2580.2516330135013, 'beta0_val': -2615.0790345827313, 'selected_score': -2539.0900430584516, 'evaluations': 165, 'seconds': 0.12275039999803994, 'method': 'differential_evolution_v2', 'accepted_search': True, 'solver_message': 'Optimization terminated successfully.'}]",42,[],1960.607579741839,6355.392481481482,0.23489609999523964,0.3428432999935467
"[{'theta': array([-2842.5734116]), 'n_active': 1, 'beta1_train': -4329.090881648382, 'beta0_train': -4346.012287433504, 'beta1_val': -4320.8051375000005, 'beta0_val': -4343.585626543209, 'selected_score': -4346.012287433504, 'evaluations': 15, 'seconds': 0.02475919999415055, 'method': 'differential_evolution_v2', 'accepted_search': True, 'solver_message': 'Optimization terminated successfully.'}, {'theta': array([-8.93764887e+03,  1.49017322e-01]), 'n_active': 2, 'beta1_train': -2165.8617882167678, 'beta0_train': -2643.197506915961, 'beta1_val': -2815.3632164914707, 'beta0_val': -2868.092008129946, 'selected_score': -2643.197506915961, 'evaluations': 95, 'seconds': 0.06016819999786094, 'method': 'differential_evolution_v2', 'accepted_search': True, 'solver_message': 'Maximum number of iterations has been exceeded.'}, {'theta': array([-3.78222920e+02,  2.20317659e-02, -9.57906823e+03,  5.79913255e-01]), 'n_active': 4, 'beta1_train': -146.91190882523398, 'beta0_train': -613.2033979568904, 'beta1_val': -406.90192118543405, 'beta0_val': -724.5311609560611, 'selected_score': -615.7925426757384, 'evaluations': 185, 'seconds': 0.1287776999961352, 'method': 'differential_evolution_v2', 'accepted_search': True, 'solver_message': 'Maximum number of iterations has been exceeded.'}]",42,[],6355.392481481482,1866.3254930707415,0.21370509998814669,0.3284697000053711
"[{'theta': array([-7979.05673692]), 'n_active': 1, 'beta1_train': -3876.8167403771154, 'beta0_train': -3906.810287819934, 'beta1_val': -3836.3224435583334, 'beta0_val': -3908.3999999999996, 'selected_score': -3906.810287819934, 'evaluations': 20, 'seconds': 0.02664809999987483, 'method': 'differential_evolution_v2', 'accepted_search': True, 'solver_message': 'Optimization terminated successfully.'}, {'theta': array([-7.76527988e+03, -3.18429394e-01]), 'n_active': 2, 'beta1_train': -2358.811771092656, 'beta0_train': -2590.983072008551, 'beta1_val': -2864.8331780728568, 'beta0_val': -2864.8331780728568, 'selected_score': -2590.983072008551, 'evaluations': 35, 'seconds': 0.029675700003281236, 'method': 'differential_evolution_v2', 'accepted_search': True, 'solver_message': 'Optimization terminated successfully.'}, {'theta': array([-7.35268560e+03,  7.88513397e-01, -7.83565552e+03,  8.49630403e-01]), 'n_active': 4, 'beta1_train': -75.01726770046245, 'beta0_train': -580.1240622784265, 'beta1_val': -396.35395901405144, 'beta0_val': -665.6294248027361, 'selected_score': -580.1240622784265, 'evaluations': 185, 'seconds': 0.12739619999774732, 'method': 'differential_evolution_v2', 'accepted_search': True, 'solver_message': 'Maximum number of iterations has been exceeded.'}]",42,[],1866.3254930707415,1361.987159629628,0.18372000000090338,0.2918908999999985
"[{'theta': array([-7590.66777861]), 'n_active': 1, 'beta1_train': -4491.898985907479, 'beta0_train': -4512.340911798656, 'beta1_val': -4438.946869166666, 'beta0_val': -4501.066518724279, 'selected_score': -4512.340911798656, 'evaluations': 20, 'seconds': 0.026820500002941117, 'method': 'differential_evolution_v2', 'accepted_search': True, 'solver_message': 'Optimization terminated successfully.'}, {'theta': array([-2.25929014e+03,  1.41861426e+00]), 'n_active': 2, 'beta1_train': -2648.798800412222, 'beta0_train': -2884.1749321724565, 'beta1_val': -2726.319670510844, 'beta0_val': -2923.0981213591012, 'selected_score': -2884.1749321724565, 'evaluations': 65, 'seconds': 0.04382130000158213, 'method': 'differential_evolution_v2', 'accepted_search': True, 'solver_message': 'Optimization terminated successfully.'}, {'theta': array([-4.11924387e+03, -6.40652458e-01, -6.45673152e+03, -1.21996274e+00]), 'n_active': 4, 'beta1_train': -270.6335862424417, 'beta0_train': -672.1881291495542, 'beta1_val': -37.996551179238054, 'beta0_val': -457.24577568450025, 'selected_score': -672.1881291495542, 'evaluations': 185, 'seconds': 0.13205590000143275, 'method': 'differential_evolution_v2', 'accepted_search': True, 'solver_message': 'Maximum number of iterations has been exceeded.'}]",42,[],1361.987159629628,1691.3709056277917,0.202697700005956,0.30941400000301655
"[{'theta': array([-2170.69125971]), 'n_active': 1, 'beta1_train': -4375.238368904831, 'beta0_train': -4388.476605179163, 'beta1_val': -4389.6, 'beta0_val': -4389.6, 'selected_score': -4388.476605179163, 'evaluations': 20, 'seconds': 0.02746550001029391, 'method': 'differential_evolution_v2', 'accepted_search': True, 'solver_message': 'Optimization terminated successfully.'}, {'theta': array([-5.54485018e+03, -1.49268859e+00]), 'n_active': 2, 'beta1_train': -1658.2204350570873, 'beta0_train': -2057.2727285169212, 'beta1_val': -2449.434616937868, 'beta0_val': -2745.3726767028033, 'selected_score': -2057.2727285169212, 'evaluations': 25, 'seconds': 0.022732600002200343, 'method': 'differential_evolution_v2', 'accepted_search': True, 'solver_message': 'Optimization terminated successfully.'}, {'theta': array([-7.52593832e+03, -9.17739296e-02, -5.93466217e+03, -1.01304947e+00]), 'n_active': 4, 'beta1_train': -458.7045965618633, 'beta0_train': -722.7599067410013, 'beta1_val': -708.713245176844, 'beta0_val': -708.713245176844, 'selected_score': -722.7599067410013, 'evaluations': 185, 'seconds': 0.128784699991229, 'method': 'differential_evolution_v2', 'accepted_search': True, 'solver_message': 'Maximum number of iterations has been exceeded.'}]",42,[],1691.3709056277917,2174.299088086313,0.17898280000372324,0.2845032000041101
"[{'theta': array([-4942.71781303]), 'n_active': 1, 'beta1_train': -2997.278435486096, 'beta0_train': -3027.4329790023085, 'beta1_val': -3028.8, 'beta0_val': -3028.8, 'selected_score': -3027.4329790023085, 'evaluations': 25, 'seconds': 0.03229760000249371, 'method': 'differential_evolution_v2', 'accepted_search': True, 'solver_message': 'Optimization terminated successfully.'}, {'theta': array([-2.01172301e+03,  2.63134454e-01]), 'n_active': 2, 'beta1_train': -1496.9534497645598, 'beta0_train': -1814.7984607945123, 'beta1_val': -1764.2679640260492, 'beta0_val': -1986.9452993120756, 'selected_score': -1814.7984607945123, 'evaluations': 45, 'seconds': 0.03457210000487976, 'method': 'differential_evolution_v2', 'accepted_search': True, 'solver_message': 'Optimization terminated successfully.'}, {'theta': array([-2.51055673e+02, -1.93744009e+00, -3.39550802e+03,  9.84381302e-01]), 'n_active': 4, 'beta1_train': -6.278872834129676, 'beta0_train': -463.9645352557127, 'beta1_val': -280.73213762004883, 'beta0_val': -596.2192581881794, 'selected_score': -464.2679084238143, 'evaluations': 185, 'seconds': 0.12706460000481457, 'method': 'differential_evolution_v2', 'accepted_search': True, 'solver_message': 'Maximum number of iterations has been exceeded.'}]",42,[],2174.299088086313,2013.8101820389086,0.19393430001218803,0.3049409000086598
"[{'theta': array([-7006.78291327]), 'n_active': 1, 'beta1_train': -2314.9588552711525, 'beta0_train': -2323.085493991623, 'beta1_val': -2348.3565218839817, 'beta0_val': -2348.3565218839817, 'selected_score': -2323.085493991623, 'evaluations': 20, 'seconds': 0.02756609999050852, 'method': 'differential_evolution_v2', 'accepted_search': True, 'solver_message': 'Optimization terminated successfully.'}, {'theta': array([-7.20627510e+03,  8.24415075e-01]), 'n_active': 2, 'beta1_train': -213.71263765944153, 'beta0_train': -2001.7046078623432, 'beta1_val': -700.3393855886852, 'beta0_val': -2291.067418963025, 'selected_score': -2001.7046078623432, 'evaluations': 45, 'seconds': 0.033939100001589395, 'method': 'differential_evolution_v2', 'accepted_search': True, 'solver_message': 'Optimization terminated successfully.'}, {'theta': array([-1.77801803e+03, -1.08766541e+00, -5.30628245e+03, -6.33511683e-01]), 'n_active': 4, 'beta1_train': -220.36389174681085, 'beta0_train': -442.6803813389499, 'beta1_val': -521.8930911125267, 'beta0_val': -547.1709314230303, 'selected_score': -442.6803813389499, 'evaluations': 185, 'seconds': 0.12608380000165198, 'method': 'differential_evolution_v2', 'accepted_search': True, 'solver_message': 'Maximum number of iterations has been exceeded.'}]",42,[],2013.8101820389086,1815.0467878145091,0.1875889999937499,0.29914410000492353
"[{'theta': array([-456.92730788]), 'n_active': 1, 'beta1_train': -3969.2869455318646, 'beta0_train': -3985.0765088075877, 'beta1_val': -3972.2221141975306, 'beta0_val': -3972.2221141975306, 'selected_score': -3985.0765088075877, 'evaluations': 50, 'seconds': 0.05411860000458546, 'method': 'differential_evolution_v2', 'accepted_search': True, 'solver_message': 'Maximum number of iterations has been exceeded.'}, {'theta': array([-2.74398098e+03, -1.31500377e+00]), 'n_active': 2, 'beta1_train': -1218.2265465369285, 'beta0_train': -3056.7625401656414, 'beta1_val': -1460.9412107524095, 'beta0_val': -3270.853001859623, 'selected_score': -3056.7625401656414, 'evaluations': 55, 'seconds': 0.038838699998450466, 'method': 'differential_evolution_v2', 'accepted_search': True, 'solver_message': 'Optimization terminated successfully.'}, {'theta': array([-9.49915739e+03,  1.50822518e+00, -8.29369717e+03, -5.90470735e-01]), 'n_active': 4, 'beta1_train': -3263.122830483894, 'beta0_train': -3508.4383237288466, 'beta1_val': -2854.494795527517, 'beta0_val': -3150.369594646536, 'selected_score': -3508.4383237288466, 'evaluations': 125, 'seconds': 0.09526809999078978, 'method': 'differential_evolution_v2', 'accepted_search': True, 'solver_message': 'Optimization terminated successfully.'}]",42,[],1815.0467878145091,9202.073360606428,0.1882253999938257,0.30036329998984
"[{'theta': array([-7581.34006544]), 'n_active': 1, 'beta1_train': -2844.316450846918, 'beta0_train': -4290.398642277138, 'beta1_val': -2903.7247135968346, 'beta0_val': -4326.0, 'selected_score': -4290.398642277138, 'evaluations': 20, 'seconds': 0.026890799999819137, 'method': 'differential_evolution_v2', 'accepted_search': True, 'solver_message': 'Optimization terminated successfully.'}, {'theta': array([-6.19398089e+03,  4.23050325e-01]), 'n_active': 2, 'beta1_train': -1978.617735686688, 'beta0_train': -2664.0488740228134, 'beta1_val': -2688.8005938113033, 'beta0_val': -2709.6237969115405, 'selected_score': -2664.0488740228134, 'evaluations': 55, 'seconds': 0.03914439999789465, 'method': 'differential_evolution_v2', 'accepted_search': True, 'solver_message': 'Optimization terminated successfully.'}, {'theta': array([-4.71157254e+03,  1.97033770e+00, -6.65950982e+03, -7.18322637e-01]), 'n_active': 4, 'beta1_train': -1287.3069286818986, 'beta0_train': -1341.8038278464737, 'beta1_val': -1360.5611731746922, 'beta0_val': -1360.5611731746922, 'selected_score': -1341.8038278464737, 'evaluations': 125, 'seconds': 0.10242340000695549, 'method': 'differential_evolution_v2', 'accepted_search': True, 'solver_message': 'Optimization terminated successfully.'}]",42,[],9202.073360606428,3373.647679444445,0.16845860000466928,0.27972949999093544
"[{'theta': array([-4520.4294538]), 'n_active': 1, 'beta1_train': -4120.457515214297, 'beta0_train': -4141.306485536485, 'beta1_val': -4106.345173984917, 'beta0_val': -4142.4, 'selected_score': -4141.306485536485, 'evaluations': 15, 'seconds': 0.023131699999794364, 'method': 'differential_evolution_v2', 'accepted_search': True, 'solver_message': 'Optimization terminated successfully.'}, {'theta': array([-3.81239775e+03, -2.81092953e-01]), 'n_active': 2, 'beta1_train': -2453.9423373946543, 'beta0_train': -2501.4146659123885, 'beta1_val': -2530.1931445153346, 'beta0_val': -2530.1931445153346, 'selected_score': -2501.4146659123885, 'evaluations': 95, 'seconds': 0.0590228999935789, 'method': 'differential_evolution_v2', 'accepted_search': True, 'solver_message': 'Maximum number of iterations has been exceeded.'}, {'theta': array([-1.47469248e+03, -4.41235386e-01, -3.35944460e+03,  3.16219884e-01]), 'n_active': 4, 'beta1_train': -293.9099110633939, 'beta0_train': -595.3529708085106, 'beta1_val': -652.3409905449149, 'beta0_val': -652.3409905449149, 'selected_score': -595.3529708085106, 'evaluations': 185, 'seconds': 0.12885380000807345, 'method': 'differential_evolution_v2', 'accepted_search': True, 'solver_message': 'Maximum number of iterations has been exceeded.'}]",42,[],3373.647679444445,1777.3346393056775,0.21100840000144672,0.3214033999975072
"[{'theta': array([-9600.]), 'n_active': 1, 'beta1_train': -3567.294126252467, 'beta0_train': -3578.834893285155, 'beta1_val': -831.1653751967478, 'beta0_val': -3077.6850356020063, 'selected_score': -3578.834893285155, 'evaluations': 20, 'seconds': 0.025980999998864718, 'method': 'differential_evolution_v2', 'accepted_search': False, 'solver_message': 'Optimization terminated successfully.'}, {'theta': array([0., 0.]), 'n_active': 2, 'beta1_train': -2334.066375680156, 'beta0_train': -2372.6381668147283, 'beta1_val': 14441.871737842981, 'beta0_val': 16050.187597191461, 'selected_score': -2334.066375680156, 'evaluations': 95, 'seconds': 0.059282800008077174, 'method': 'differential_evolution_v2', 'accepted_search': False, 'solver_message': 'Maximum number of iterations has been exceeded.'}, {'theta': array([-6.84899864e+03, -2.87339532e-01, -2.03274668e+03, -7.21166156e-01]), 'n_active': 4, 'beta1_train': -227.70010535567494, 'beta0_train': -526.1266678226519, 'beta1_val': -170.2302116989236, 'beta0_val': -593.008253207542, 'selected_score': -526.1266678226519, 'evaluations': 185, 'seconds': 0.12406960000225808, 'method': 'differential_evolution_v2', 'accepted_search': True, 'solver_message': 'Maximum number of iterations has been exceeded.'}]",42,[],1777.3346393056775,1426.517565185185,0.20933340000919998,0.317126099995221
"[{'theta': array([-4477.19187534]), 'n_active': 1, 'beta1_train': -4175.294131287976, 'beta0_train': -4204.292601036034, 'beta1_val': -2801.1731790420154, 'beta0_val': -3860.8565132903705, 'selected_score': -4204.292601036034, 'evaluations': 25, 'seconds': 0.033687999995891005, 'method': 'differential_evolution_v2', 'accepted_search': True, 'solver_message': 'Optimization terminated successfully.'}, {'theta': array([-160.88162258,   -1.29016952]), 'n_active': 2, 'beta1_train': -2297.69500591181, 'beta0_train': -2306.6935656457717, 'beta1_val': 9809.534017972244, 'beta0_val': 9814.558720589856, 'selected_score': -2335.029252350927, 'evaluations': 95, 'seconds': 0.05834639999375213, 'method': 'differential_evolution_v2', 'accepted_search': True, 'solver_message': 'Maximum number of iterations has been exceeded.'}, {'theta': array([-1.42726711e+03, -1.39607321e+00, -1.32469350e+03, -9.92246044e-01]), 'n_active': 4, 'beta1_train': -701.8027399746661, 'beta0_train': -743.2175404771606, 'beta1_val': -337.19922936720775, 'beta0_val': -578.6755749374857, 'selected_score': -743.2175404771606, 'evaluations': 185, 'seconds': 0.12778330000583082, 'method': 'differential_evolution_v2', 'accepted_search': True, 'solver_message': 'Maximum number of iterations has been exceeded.'}]",42,[],1426.517565185185,1573.70996738839,0.21981769999547396,0.3320155999972485
"[{'theta': array([-8772.35068137]), 'n_active': 1, 'beta1_train': -2819.411578900383, 'beta0_train': -2880.8877940066286, 'beta1_val': -1862.6966958643025, 'beta0_val': -2714.0408608732514, 'selected_score': -2880.8877940066286, 'evaluations': 20, 'seconds': 0.028587299995706417, 'method': 'differential_evolution_v2', 'accepted_search': True, 'solver_message': 'Optimization terminated successfully.'}, {'theta': array([26.69151659, -0.56895441]), 'n_active': 2, 'beta1_train': -1378.4871474446404, 'beta0_train': -1346.6105677279515, 'beta1_val': 1937.4550730719047, 'beta0_val': 2208.0169337418556, 'selected_score': -1378.892737227502, 'evaluations': 95, 'seconds': 0.06195710001338739, 'method': 'differential_evolution_v2', 'accepted_search': True, 'solver_message': 'Maximum number of iterations has been exceeded.'}, {'theta': array([-8.32736495e+03, -1.93862184e+00, -1.93080574e+02, -1.26759829e+00]), 'n_active': 4, 'beta1_train': -191.9012766009911, 'beta0_train': -431.2200618004516, 'beta1_val': -208.2851901439592, 'beta0_val': -412.88301548029784, 'selected_score': -431.2489667643019, 'evaluations': 185, 'seconds': 0.12821909999183845, 'method': 'differential_evolution_v2', 'accepted_search': True, 'solver_message': 'Maximum number of iterations has been exceeded.'}]",42,[],1573.70996738839,1351.6931277436333,0.21876350000093225,0.3295742999907816
"[{'theta': array([-8822.5106336]), 'n_active': 1, 'beta1_train': -3077.439815951819, 'beta0_train': -3109.2218541289253, 'beta1_val': -2334.1624179722276, 'beta0_val': -2975.8843079170374, 'selected_score': -3109.2218541289253, 'evaluations': 20, 'seconds': 0.02776290000474546, 'method': 'differential_evolution_v2', 'accepted_search': True, 'solver_message': 'Optimization terminated successfully.'}, {'theta': array([-3.24902973e+03, -7.23239520e-01]), 'n_active': 2, 'beta1_train': -500.2295866419676, 'beta0_train': -2477.7598835315443, 'beta1_val': 6242.6432365818, 'beta0_val': -356.560890840826, 'selected_score': -2477.7598835315443, 'evaluations': 55, 'seconds': 0.0390791999961948, 'method': 'differential_evolution_v2', 'accepted_search': True, 'solver_message': 'Optimization terminated successfully.'}, {'theta': array([-8.45037770e+03, -3.47170775e-01, -3.53573172e+02,  1.08740713e-01]), 'n_active': 4, 'beta1_train': -434.87924450476913, 'beta0_train': -571.9017771302637, 'beta1_val': -71.50688828006349, 'beta0_val': -297.8245843096993, 'selected_score': -571.9017771302637, 'evaluations': 185, 'seconds': 0.1296100000035949, 'method': 'differential_evolution_v2', 'accepted_search': True, 'solver_message': 'Maximum number of iterations has been exceeded.'}]",42,[],1351.6931277436333,1586.4820592214626,0.19645210000453517,0.30913360000704415
"[{'theta': array([-6476.56952403]), 'n_active': 1, 'beta1_train': -4334.263068317774, 'beta0_train': -4372.479101596408, 'beta1_val': -4322.6254138500035, 'beta0_val': -4381.2, 'selected_score': -4372.479101596408, 'evaluations': 20, 'seconds': 0.02692150000075344, 'method': 'differential_evolution_v2', 'accepted_search': True, 'solver_message': 'Optimization terminated successfully.'}, {'theta': array([-2.94749408e+03,  1.83932858e+00]), 'n_active': 2, 'beta1_train': -978.2143949419004, 'beta0_train': -2674.172894594244, 'beta1_val': 1770.88041290119, 'beta0_val': -2118.5344494938836, 'selected_score': -2674.172894594244, 'evaluations': 55, 'seconds': 0.039783900007023476, 'method': 'differential_evolution_v2', 'accepted_search': True, 'solver_message': 'Optimization terminated successfully.'}, {'theta': array([-5.27013104e+03,  1.57159899e-01, -4.24071577e+03,  5.97808872e-01]), 'n_active': 4, 'beta1_train': -4073.0211966047427, 'beta0_train': -4075.9678877199376, 'beta1_val': -4006.5610228803594, 'beta0_val': -4006.5610228803594, 'selected_score': -4075.9678877199376, 'evaluations': 185, 'seconds': 0.12710660000448115, 'method': 'differential_evolution_v2', 'accepted_search': True, 'solver_message': 'Maximum number of iterations has been exceeded.'}]",42,[],1586.4820592214626,9722.314327335404,0.19381200001225807,0.304583699995419
"[{'theta': array([-7989.10218938]), 'n_active': 1, 'beta1_train': -4255.6350492480815, 'beta0_train': -4326.102564973512, 'beta1_val': -3702.7313383261644, 'beta0_val': -4307.039593822839, 'selected_score': -4326.102564973512, 'evaluations': 20, 'seconds': 0.027640900007099845, 'method': 'differential_evolution_v2', 'accepted_search': True, 'solver_message': 'Optimization terminated successfully.'}, {'theta': array([-4.02559384e+03, -2.27396251e-01]), 'n_active': 2, 'beta1_train': -2564.798301881543, 'beta0_train': -2858.264990510608, 'beta1_val': -2380.5474023167876, 'beta0_val': -2380.5474023167876, 'selected_score': -2858.264990510608, 'evaluations': 55, 'seconds': 0.041316799994092435, 'method': 'differential_evolution_v2', 'accepted_search': True, 'solver_message': 'Optimization terminated successfully.'}, {'theta': array([-4.95732984e+03, -7.21340820e-01, -5.45005392e+03,  1.41274435e+00]), 'n_active': 4, 'beta1_train': -769.9535437407937, 'beta0_train': -778.7861756116849, 'beta1_val': -532.9116835238659, 'beta0_val': -686.2307411359998, 'selected_score': -778.7861756116849, 'evaluations': 185, 'seconds': 0.12678109999978915, 'method': 'differential_evolution_v2', 'accepted_search': True, 'solver_message': 'Maximum number of iterations has been exceeded.'}]",42,[],9722.314327335404,1612.6465496111432,0.19573880000098143,0.30586539999058004
"[{'theta': array([-2495.31724682]), 'n_active': 1, 'beta1_train': -4504.525412004555, 'beta0_train': -4533.013278587263, 'beta1_val': -4409.359628024335, 'beta0_val': -4520.439, 'selected_score': -4533.013278587263, 'evaluations': 20, 'seconds': 0.027516499991179444, 'method': 'differential_evolution_v2', 'accepted_search': True, 'solver_message': 'Optimization terminated successfully.'}, {'theta': array([-6.95867493e+03,  1.51787834e+00]), 'n_active': 2, 'beta1_train': -3013.148064762044, 'beta0_train': -3566.7533533198157, 'beta1_val': 1403.1784238677733, 'beta0_val': -2559.9807443349464, 'selected_score': -3566.7533533198157, 'evaluations': 45, 'seconds': 0.03372179999132641, 'method': 'differential_evolution_v2', 'accepted_search': True, 'solver_message': 'Optimization terminated successfully.'}, {'theta': array([-2.99752686e+03,  1.22296048e+00, -2.31592212e+03, -1.77341531e-01]), 'n_active': 4, 'beta1_train': -513.112567077794, 'beta0_train': -1017.8491306156005, 'beta1_val': -283.76628810048453, 'beta0_val': -942.366584501847, 'selected_score': -1017.8491306156005, 'evaluations': 185, 'seconds': 0.12971130000369158, 'method': 'differential_evolution_v2', 'accepted_search': True, 'solver_message': 'Maximum number of iterations has been exceeded.'}]",42,[],1612.6465496111432,2646.712688710737,0.19094959998619743,0.2977964999881806
"[{'theta': array([-5450.12870684]), 'n_active': 1, 'beta1_train': -4391.989259137742, 'beta0_train': -4449.116285175404, 'beta1_val': -4455.6, 'beta0_val': -4455.6, 'selected_score': -4449.116285175404, 'evaluations': 20, 'seconds': 0.026967800004058518, 'method': 'differential_evolution_v2', 'accepted_search': True, 'solver_message': 'Optimization terminated successfully.'}, {'theta': array([-3.69409971e+03,  1.18371851e+00]), 'n_active': 2, 'beta1_train': -2341.471868141248, 'beta0_train': -2565.550335191541, 'beta1_val': -3542.864969329203, 'beta0_val': -3542.864969329203, 'selected_score': -2565.550335191541, 'evaluations': 95, 'seconds': 0.05875409999862313, 'method': 'differential_evolution_v2', 'accepted_search': True, 'solver_message': 'Maximum number of iterations has been exceeded.'}, {'theta': array([-8.02071150e+03,  8.76369851e-01, -4.78806218e+03, -1.25855340e+00]), 'n_active': 4, 'beta1_train': -335.6626136976723, 'beta0_train': -707.6465226666211, 'beta1_val': -716.6293231807969, 'beta0_val': -825.8886380107264, 'selected_score': -707.6465226666211, 'evaluations': 185, 'seconds': 0.1289799999940442, 'method': 'differential_evolution_v2', 'accepted_search': True, 'solver_message': 'Maximum number of iterations has been exceeded.'}]",42,[],2646.712688710737,1894.9610344994214,0.21470189999672584,0.3217578999901889
"[{'theta': array([-8456.76603522]), 'n_active': 1, 'beta1_train': -4563.800867066257, 'beta0_train': -4616.356260743579, 'beta1_val': -4623.599999999999, 'beta0_val': -4623.599999999999, 'selected_score': -4616.356260743579, 'evaluations': 25, 'seconds': 0.032052399998065084, 'method': 'differential_evolution_v2', 'accepted_search': True, 'solver_message': 'Optimization terminated successfully.'}, {'theta': array([-8.94346626e+03,  1.46579011e+00]), 'n_active': 2, 'beta1_train': -2190.2619469367696, 'beta0_train': -2593.9094852047165, 'beta1_val': -3290.2224576412896, 'beta0_val': -3290.2224576412896, 'selected_score': -2593.9094852047165, 'evaluations': 45, 'seconds': 0.03490060000331141, 'method': 'differential_evolution_v2', 'accepted_search': True, 'solver_message': 'Optimization terminated successfully.'}, {'theta': array([-2.97743025e+03, -8.31755730e-01, -4.69403507e+03, -1.87775788e+00]), 'n_active': 4, 'beta1_train': -405.75628929093017, 'beta0_train': -722.4570834000097, 'beta1_val': -546.6463998201167, 'beta0_val': -812.7078760183144, 'selected_score': -722.4570834000097, 'evaluations': 165, 'seconds': 0.1158556000009412, 'method': 'differential_evolution_v2', 'accepted_search': True, 'solver_message': 'Optimization terminated successfully.'}]",42,[],1894.9610344994214,1811.0574286079186,0.1828086000023177,0.28931439999723807
"[{'theta': array([-7125.57172188]), 'n_active': 1, 'beta1_train': -2742.8743140459464, 'beta0_train': -2817.4348049180967, 'beta1_val': -2824.7999999999997, 'beta0_val': -2824.7999999999997, 'selected_score': -2817.4348049180967, 'evaluations': 20, 'seconds': 0.027663599990773946, 'method': 'differential_evolution_v2', 'accepted_search': True, 'solver_message': 'Optimization terminated successfully.'}, {'theta': array([-59.76710402,  -0.46766281]), 'n_active': 2, 'beta1_train': -859.9202245789995, 'beta0_train': -842.7907753783406, 'beta1_val': -1763.4327069414176, 'beta0_val': -1763.4327069414176, 'selected_score': -897.6746399730606, 'evaluations': 95, 'seconds': 0.05662499999743886, 'method': 'differential_evolution_v2', 'accepted_search': True, 'solver_message': 'Maximum number of iterations has been exceeded.'}, {'theta': array([-1.02348804e+03, -9.85149987e-01, -4.14524088e+03,  6.61985001e-01]), 'n_active': 4, 'beta1_train': 9.71575484927511, 'beta0_train': -419.3260006021829, 'beta1_val': -205.67015058473555, 'beta0_val': -470.1246954750204, 'selected_score': -419.3260006021829, 'evaluations': 185, 'seconds': 0.12800890000653453, 'method': 'differential_evolution_v2', 'accepted_search': True, 'solver_message': 'Maximum number of iterations has been exceeded.'}]",42,[],1811.0574286079186,1955.3221748148146,0.21229749999474734,0.32003650000842754
"[{'theta': array([-4507.62016757]), 'n_active': 1, 'beta1_train': -3522.7505508176814, 'beta0_train': -3593.5864496622526, 'beta1_val': -3605.9999999999995, 'beta0_val': -3605.9999999999995, 'selected_score': -3593.5864496622526, 'evaluations': 25, 'seconds': 0.03285019999020733, 'method': 'differential_evolution_v2', 'accepted_search': True, 'solver_message': 'Optimization terminated successfully.'}, {'theta': array([-9.44672933e+02, -3.97016401e-01]), 'n_active': 2, 'beta1_train': -1573.6922602629336, 'beta0_train': -1936.9903103823563, 'beta1_val': -2985.281706818582, 'beta0_val': -2985.281706818582, 'selected_score': -1939.05524142002, 'evaluations': 95, 'seconds': 0.058651600003940985, 'method': 'differential_evolution_v2', 'accepted_search': True, 'solver_message': 'Maximum number of iterations has been exceeded.'}, {'theta': array([-2.46905421e+02, -4.76585488e-01, -1.64169294e+03,  6.62715306e-01]), 'n_active': 4, 'beta1_train': -1206.2061832176423, 'beta0_train': -1374.3165220931085, 'beta1_val': -1412.2580239391796, 'beta0_val': -1500.2186826493823, 'selected_score': -1374.446091519758, 'evaluations': 185, 'seconds': 0.12768400000641122, 'method': 'differential_evolution_v2', 'accepted_search': True, 'solver_message': 'Maximum number of iterations has been exceeded.'}]",42,[],1955.3221748148146,4235.1982287037035,0.21918580000055954,0.33188610000070184
"[{'theta': array([-4508.69054276]), 'n_active': 1, 'beta1_train': -4588.089274019226, 'beta0_train': -4691.241777039152, 'beta1_val': -4711.2, 'beta0_val': -4711.2, 'selected_score': -4691.241777039152, 'evaluations': 20, 'seconds': 0.02769040000566747, 'method': 'differential_evolution_v2', 'accepted_search': True, 'solver_message': 'Optimization terminated successfully.'}, {'theta': array([-5.73349513e+03,  5.53617019e-01]), 'n_active': 2, 'beta1_train': -2803.2361967974066, 'beta0_train': -3434.1567853863553, 'beta1_val': -4219.952382569757, 'beta0_val': -4219.952382569757, 'selected_score': -3434.1567853863553, 'evaluations': 25, 'seconds': 0.0244103000004543, 'method': 'differential_evolution_v2', 'accepted_search': True, 'solver_message': 'Optimization terminated successfully.'}, {'theta': array([-2.43424364e+02, -1.16203715e+00, -1.32923008e+03, -1.57839097e+00]), 'n_active': 4, 'beta1_train': -4335.892275061618, 'beta0_train': -4605.276846926898, 'beta1_val': -4642.6232504559675, 'beta0_val': -4642.6232504559675, 'selected_score': -4609.383323879003, 'evaluations': 185, 'seconds': 0.13104649999877438, 'method': 'differential_evolution_v2', 'accepted_search': True, 'solver_message': 'Maximum number of iterations has been exceeded.'}]",42,[],4235.1982287037035,10781.642732017976,0.18314720000489615,0.29553060000762343
"[{'theta': array([-3723.45368754]), 'n_active': 1, 'beta1_train': -3928.9501531935507, 'beta0_train': -4107.629227631065, 'beta1_val': -4133.999999999999, 'beta0_val': -4133.999999999999, 'selected_score': -4107.629227631065, 'evaluations': 20, 'seconds': 0.028846500004874542, 'method': 'differential_evolution_v2', 'accepted_search': True, 'solver_message': 'Optimization terminated successfully.'}, {'theta': array([-361.93397122,    0.77490728]), 'n_active': 2, 'beta1_train': -1146.0258003777979, 'beta0_train': -1424.6886753814997, 'beta1_val': -2529.667128937189, 'beta0_val': -2529.667128937189, 'selected_score': -1522.070126367254, 'evaluations': 95, 'seconds': 0.060381999996025115, 'method': 'differential_evolution_v2', 'accepted_search': True, 'solver_message': 'Maximum number of iterations has been exceeded.'}, {'theta': array([-5.46823758e+03,  3.05111864e-01, -7.44995360e+03,  2.85246390e-01]), 'n_active': 4, 'beta1_train': -697.7251716595838, 'beta0_train': -728.2513017352326, 'beta1_val': -841.8998121778809, 'beta0_val': -841.8998121778809, 'selected_score': -728.2513017352326, 'evaluations': 185, 'seconds': 0.12459979999403004, 'method': 'differential_evolution_v2', 'accepted_search': True, 'solver_message': 'Maximum number of iterations has been exceeded.'}]",42,[],10781.642732017976,2006.822573703706,0.2138282999949297,0.3243711999966763
"[{'theta': array([-2856.73421619]), 'n_active': 1, 'beta1_train': -3922.230641364665, 'beta0_train': -4073.6989676960497, 'beta1_val': -4101.6, 'beta0_val': -4101.6, 'selected_score': -4073.6989676960497, 'evaluations': 15, 'seconds': 0.02302560000680387, 'method': 'differential_evolution_v2', 'accepted_search': True, 'solver_message': 'Optimization terminated successfully.'}, {'theta': array([-1.39254408e+02,  3.85887768e-02]), 'n_active': 2, 'beta1_train': -1027.8758374721447, 'beta0_train': -891.3846566439445, 'beta1_val': -2276.984980618338, 'beta0_val': -2276.984980618338, 'selected_score': -1062.2609348077542, 'evaluations': 95, 'seconds': 0.05804099999659229, 'method': 'differential_evolution_v2', 'accepted_search': True, 'solver_message': 'Maximum number of iterations has been exceeded.'}, {'theta': array([-2.73749853e+03,  6.94077543e-01, -8.51215502e+03, -1.62248895e+00]), 'n_active': 4, 'beta1_train': -930.7406663530703, 'beta0_train': -960.772389290961, 'beta1_val': -997.1244061377945, 'beta0_val': -997.1244061377945, 'selected_score': -960.772389290961, 'evaluations': 145, 'seconds': 0.10304709999763872, 'method': 'differential_evolution_v2', 'accepted_search': True, 'solver_message': 'Optimization terminated successfully.'}]",42,[],2006.822573703706,2570.7004108515293,0.18411370000103489,0.2922764999966603
"[{'theta': array([-3985.70738955]), 'n_active': 1, 'beta1_train': -4330.027804823563, 'beta0_train': -4513.612554996802, 'beta1_val': -4598.3874375000005, 'beta0_val': -4600.8, 'selected_score': -4513.612554996802, 'evaluations': 15, 'seconds': 0.02554000000236556, 'method': 'differential_evolution_v2', 'accepted_search': True, 'solver_message': 'Optimization terminated successfully.'}, {'theta': array([-66.89994998,  -1.38660337]), 'n_active': 2, 'beta1_train': -1448.7384974693805, 'beta0_train': -1394.033496867932, 'beta1_val': -2914.153111435772, 'beta0_val': -2914.153111435772, 'selected_score': -1498.9380883812887, 'evaluations': 95, 'seconds': 0.05703949999588076, 'method': 'differential_evolution_v2', 'accepted_search': True, 'solver_message': 'Maximum number of iterations has been exceeded.'}, {'theta': array([-1.07519198e+03,  5.85293775e-01, -4.29512980e+03,  5.26651189e-01]), 'n_active': 4, 'beta1_train': -1314.25481907837, 'beta0_train': -1654.2968514418146, 'beta1_val': -1562.9512894786621, 'beta0_val': -1721.933147496527, 'selected_score': -1654.2968514418146, 'evaluations': 165, 'seconds': 0.11646839999593794, 'method': 'differential_evolution_v2', 'accepted_search': True, 'solver_message': 'Optimization terminated successfully.'}]",42,[],2570.7004108515293,4038.492918821635,0.19904789999418426,0.303485800002818
"[{'theta': array([-3559.03773958]), 'n_active': 1, 'beta1_train': -4148.118846879353, 'beta0_train': -4371.211087784973, 'beta1_val': -4414.8, 'beta0_val': -4414.8, 'selected_score': -4371.211087784973, 'evaluations': 20, 'seconds': 0.028087799990316853, 'method': 'differential_evolution_v2', 'accepted_search': True, 'solver_message': 'Optimization terminated successfully.'}, {'theta': array([-136.1789563 ,    1.28136604]), 'n_active': 2, 'beta1_train': -1207.0880712719045, 'beta0_train': -1144.5997553507023, 'beta1_val': -2891.702332776103, 'beta0_val': -2891.702332776103, 'selected_score': -1325.1974896927936, 'evaluations': 95, 'seconds': 0.059344199995393865, 'method': 'differential_evolution_v2', 'accepted_search': True, 'solver_message': 'Maximum number of iterations has been exceeded.'}, {'theta': array([-1.49147658e+03,  6.73309713e-01, -3.40906780e+03, -1.80729263e-01]), 'n_active': 4, 'beta1_train': -523.5558037072295, 'beta0_train': -961.1621830030936, 'beta1_val': -918.6015838102762, 'beta0_val': -1009.2591912034786, 'selected_score': -961.1621830030936, 'evaluations': 185, 'seconds': 0.12635869999940041, 'method': 'differential_evolution_v2', 'accepted_search': True, 'solver_message': 'Maximum number of iterations has been exceeded.'}]",42,[],4038.492918821635,2573.9364220370408,0.21379069998511113,0.31869080000615213
"[{'theta': array([-6629.75506654]), 'n_active': 1, 'beta1_train': -2885.4067684118377, 'beta0_train': -3142.18566014638, 'beta1_val': -3217.2, 'beta0_val': -3217.2, 'selected_score': -3142.18566014638, 'evaluations': 20, 'seconds': 0.02657849999377504, 'method': 'differential_evolution_v2', 'accepted_search': True, 'solver_message': 'Optimization terminated successfully.'}, {'theta': array([-702.663543  ,    1.82320036]), 'n_active': 2, 'beta1_train': -363.95101581300503, 'beta0_train': -888.8728107450075, 'beta1_val': -2093.5476701796006, 'beta0_val': -2093.5476701796106, 'selected_score': -947.0654399234029, 'evaluations': 95, 'seconds': 0.06076310000207741, 'method': 'differential_evolution_v2', 'accepted_search': True, 'solver_message': 'Maximum number of iterations has been exceeded.'}, {'theta': array([-2.80351407e+02, -1.82878615e+00, -3.35171735e+03, -5.96103961e-01]), 'n_active': 4, 'beta1_train': 187.44359964920542, 'beta0_train': -454.65133037820914, 'beta1_val': 788.6736242546327, 'beta0_val': -569.2696564702534, 'selected_score': -457.2211789331724, 'evaluations': 185, 'seconds': 0.1270351999992272, 'method': 'differential_evolution_v2', 'accepted_search': True, 'solver_message': 'Maximum number of iterations has been exceeded.'}]",42,[],2573.9364220370408,1800.4784778557832,0.21437679999507964,0.3217587000108324
"[{'theta': array([-6089.5111706]), 'n_active': 1, 'beta1_train': -3491.409542099944, 'beta0_train': -3713.8643841718767, 'beta1_val': -3759.6000000000004, 'beta0_val': -3759.6000000000004, 'selected_score': -3713.8643841718767, 'evaluations': 20, 'seconds': 0.02759209999931045, 'method': 'differential_evolution_v2', 'accepted_search': True, 'solver_message': 'Optimization terminated successfully.'}, {'theta': array([-1.83282199e+03, -9.16603805e-02]), 'n_active': 2, 'beta1_train': 410.18345817385347, 'beta0_train': -2258.139073380882, 'beta1_val': -1207.1972306969071, 'beta0_val': -2966.400471271396, 'selected_score': -2259.862436636424, 'evaluations': 95, 'seconds': 0.058158699990599416, 'method': 'differential_evolution_v2', 'accepted_search': True, 'solver_message': 'Maximum number of iterations has been exceeded.'}, {'theta': array([-5.62350199e+03, -1.14260267e+00, -3.03836702e+03,  1.07543355e+00]), 'n_active': 4, 'beta1_train': -1008.259484403953, 'beta0_train': -1373.4232945898136, 'beta1_val': -1332.36989120482, 'beta0_val': -1445.0872317705775, 'selected_score': -1373.4232945898136, 'evaluations': 185, 'seconds': 0.12304439999570604, 'method': 'differential_evolution_v2', 'accepted_search': True, 'solver_message': 'Maximum number of iterations has been exceeded.'}]",42,[],1800.4784778557832,3956.890745145213,0.2087951999856159,0.318898999990779
"[{'theta': array([-7164.86101238]), 'n_active': 1, 'beta1_train': -4203.539450915157, 'beta0_train': -4458.208434994593, 'beta1_val': -4522.8, 'beta0_val': -4522.8, 'selected_score': -4458.208434994593, 'evaluations': 15, 'seconds': 0.023287399992113933, 'method': 'differential_evolution_v2', 'accepted_search': True, 'solver_message': 'Optimization terminated successfully.'}, {'theta': array([-751.24676579,    1.6644624 ]), 'n_active': 2, 'beta1_train': 605.3190496921927, 'beta0_train': -1309.7725313015087, 'beta1_val': -1119.838600196853, 'beta0_val': -3159.9799809355363, 'selected_score': -1384.9822936252726, 'evaluations': 95, 'seconds': 0.060544199994183145, 'method': 'differential_evolution_v2', 'accepted_search': True, 'solver_message': 'Maximum number of iterations has been exceeded.'}, {'theta': array([-3.84195906e+03,  1.82730450e+00, -2.62639616e+03,  1.97946028e+00]), 'n_active': 4, 'beta1_train': -3465.182952860012, 'beta0_train': -3872.93791100057, 'beta1_val': -3813.209537376112, 'beta0_val': -3858.0766894975764, 'selected_score': -3872.93791100057, 'evaluations': 145, 'seconds': 0.10367639998730738, 'method': 'differential_evolution_v2', 'accepted_search': True, 'solver_message': 'Optimization terminated successfully.'}]",42,[],3956.890745145213,9285.430865925926,0.18750799997360446,0.3005535999982385
"[{'theta': array([-5845.03194433]), 'n_active': 1, 'beta1_train': -3703.4470464349215, 'beta0_train': -4137.369125701108, 'beta1_val': -4210.799999999999, 'beta0_val': -4210.799999999999, 'selected_score': -4137.369125701108, 'evaluations': 15, 'seconds': 0.02290060000086669, 'method': 'differential_evolution_v2', 'accepted_search': True, 'solver_message': 'Optimization terminated successfully.'}, {'theta': array([-173.36271575,   -1.87976645]), 'n_active': 2, 'beta1_train': -643.1741053067833, 'beta0_train': -584.2443135600812, 'beta1_val': -2537.743010765425, 'beta0_val': -2537.743010765425, 'selected_score': -776.9228310367353, 'evaluations': 95, 'seconds': 0.059305699993274175, 'method': 'differential_evolution_v2', 'accepted_search': True, 'solver_message': 'Maximum number of iterations has been exceeded.'}, {'theta': array([-2.91003778e+03,  4.12011512e-01, -2.03158990e+03,  1.57308031e+00]), 'n_active': 4, 'beta1_train': -732.1360443068513, 'beta0_train': -735.3779498117185, 'beta1_val': -728.4413353573665, 'beta0_val': -728.4413353573665, 'selected_score': -735.3779498117185, 'evaluations': 105, 'seconds': 0.08169639999687206, 'method': 'differential_evolution_v2', 'accepted_search': True, 'solver_message': 'Optimization terminated successfully.'}]",42,[],9285.430865925926,2093.5398443042477,0.16390269999101292,0.2718435999995563
"[{'theta': array([-4493.15741977]), 'n_active': 1, 'beta1_train': -4075.8801055199506, 'beta0_train': -4384.577819850158, 'beta1_val': -4458.0, 'beta0_val': -4458.0, 'selected_score': -4384.577819850158, 'evaluations': 20, 'seconds': 0.02675689999887254, 'method': 'differential_evolution_v2', 'accepted_search': True, 'solver_message': 'Optimization terminated successfully.'}, {'theta': array([-285.96403555,   -1.14438403]), 'n_active': 2, 'beta1_train': -735.1925370385824, 'beta0_train': -780.5089477363956, 'beta1_val': -2388.228454905331, 'beta0_val': -2388.228454905331, 'selected_score': -1033.1075350979477, 'evaluations': 95, 'seconds': 0.06274730000586715, 'method': 'differential_evolution_v2', 'accepted_search': True, 'solver_message': 'Maximum number of iterations has been exceeded.'}, {'theta': array([-1.39966355e+03, -2.77123853e-01, -1.37495441e+02,  4.18796845e-01]), 'n_active': 4, 'beta1_train': -370.4139519081474, 'beta0_train': -687.3123564010575, 'beta1_val': -611.182679716746, 'beta0_val': -812.089252253165, 'selected_score': -687.5284757323589, 'evaluations': 185, 'seconds': 0.12623540000640787, 'method': 'differential_evolution_v2', 'accepted_search': True, 'solver_message': 'Maximum number of iterations has been exceeded.'}]",42,[],2093.5398443042477,1588.2196749999996,0.21573960001114756,0.32246110000414774
"[{'theta': array([-4787.14314162]), 'n_active': 1, 'beta1_train': -3834.7831169680812, 'beta0_train': -4138.962291548181, 'beta1_val': -4208.4, 'beta0_val': -4208.4, 'selected_score': -4138.962291548181, 'evaluations': 25, 'seconds': 0.030437900000833906, 'method': 'differential_evolution_v2', 'accepted_search': True, 'solver_message': 'Optimization terminated successfully.'}, {'theta': array([-143.5507141 ,   -1.60648443]), 'n_active': 2, 'beta1_train': -534.9291085333327, 'beta0_train': -397.06393155716125, 'beta1_val': -2570.588862840883, 'beta0_val': -2570.588862840883, 'selected_score': -698.9200288830315, 'evaluations': 95, 'seconds': 0.061584399998537265, 'method': 'differential_evolution_v2', 'accepted_search': True, 'solver_message': 'Maximum number of iterations has been exceeded.'}, {'theta': array([-8.32108801e+03, -8.62666824e-01, -3.19773207e+03, -1.70336791e+00]), 'n_active': 4, 'beta1_train': -307.54018503323874, 'beta0_train': -663.4820253615449, 'beta1_val': -505.6719596795273, 'beta0_val': -634.8379559915063, 'selected_score': -663.4820253615449, 'evaluations': 185, 'seconds': 0.13009140000212938, 'method': 'differential_evolution_v2', 'accepted_search': True, 'solver_message': 'Maximum number of iterations has been exceeded.'}]",42,[],1588.2196749999996,1938.6869911127594,0.22211370000150055,0.3297744000010425
"[{'theta': array([-2112.45453552]), 'n_active': 1, 'beta1_train': -4132.642927288355, 'beta0_train': -4450.435146156205, 'beta1_val': -4527.6, 'beta0_val': -4527.6, 'selected_score': -4450.435146156205, 'evaluations': 20, 'seconds': 0.027786399994511157, 'method': 'differential_evolution_v2', 'accepted_search': True, 'solver_message': 'Optimization terminated successfully.'}, {'theta': array([-97.15508503,   0.17430148]), 'n_active': 2, 'beta1_train': -387.6237140719046, 'beta0_train': -165.21915422952415, 'beta1_val': -2699.106798451032, 'beta0_val': -2699.106798451032, 'selected_score': -570.8846994500528, 'evaluations': 95, 'seconds': 0.05988970000180416, 'method': 'differential_evolution_v2', 'accepted_search': True, 'solver_message': 'Maximum number of iterations has been exceeded.'}, {'theta': array([-1.48626260e+03, -4.90376271e-01, -8.20555706e+03, -1.60755827e+00]), 'n_active': 4, 'beta1_train': -254.63423411029677, 'beta0_train': -704.5725583044715, 'beta1_val': -788.5479312404663, 'beta0_val': -788.5479312404663, 'selected_score': -704.5725583044715, 'evaluations': 185, 'seconds': 0.12657690000196453, 'method': 'differential_evolution_v2', 'accepted_search': True, 'solver_message': 'Maximum number of iterations has been exceeded.'}]",42,[],1938.6869911127594,1717.1830280258678,0.21425299999827985,0.324944099993445
"[{'theta': array([-5308.51151631]), 'n_active': 1, 'beta1_train': -2705.486142651443, 'beta0_train': -3086.2622523738282, 'beta1_val': -3145.2, 'beta0_val': -3145.2, 'selected_score': -3086.2622523738282, 'evaluations': 20, 'seconds': 0.02651779999723658, 'method': 'differential_evolution_v2', 'accepted_search': True, 'solver_message': 'Optimization terminated successfully.'}, {'theta': array([-5.47507791e+02, -4.51927485e-01]), 'n_active': 2, 'beta1_train': 601.062866556173, 'beta0_train': 250.3325282764381, 'beta1_val': -2108.9230744742554, 'beta0_val': -2131.533466944626, 'selected_score': -70.40812018235775, 'evaluations': 95, 'seconds': 0.05728419999650214, 'method': 'differential_evolution_v2', 'accepted_search': True, 'solver_message': 'Maximum number of iterations has been exceeded.'}, {'theta': array([-7.34292118e+03, -1.08467519e+00, -1.31456645e+03,  1.19415183e+00]), 'n_active': 4, 'beta1_train': -516.6708385094457, 'beta0_train': -538.1132536747757, 'beta1_val': -535.4356351717287, 'beta0_val': -535.4356351717287, 'selected_score': -538.1132536747757, 'evaluations': 125, 'seconds': 0.09538030000112485, 'method': 'differential_evolution_v2', 'accepted_search': True, 'solver_message': 'Optimization terminated successfully.'}]",42,[],1717.1830280258678,1908.9891861111123,0.17918229999486357,0.2856355999974767
"[{'theta': array([-6305.09005794]), 'n_active': 1, 'beta1_train': -2714.809803145707, 'beta0_train': -3099.9202917175826, 'beta1_val': -3095.707098625, 'beta0_val': -3158.4, 'selected_score': -3099.9202917175826, 'evaluations': 25, 'seconds': 0.03453820000868291, 'method': 'differential_evolution_v2', 'accepted_search': True, 'solver_message': 'Optimization terminated successfully.'}, {'theta': array([-7.35730841e+03, -1.56217213e+00]), 'n_active': 2, 'beta1_train': 1469.9213837423906, 'beta0_train': -423.7560838678345, 'beta1_val': 942.0920425008376, 'beta0_val': -1926.977474767479, 'selected_score': -423.7560838678345, 'evaluations': 45, 'seconds': 0.03586780000478029, 'method': 'differential_evolution_v2', 'accepted_search': True, 'solver_message': 'Optimization terminated successfully.'}, {'theta': array([-2.35988984e+03,  3.08871068e-01, -8.71291184e+03, -7.30256399e-01]), 'n_active': 4, 'beta1_train': -527.7434050526432, 'beta0_train': -705.4675170861187, 'beta1_val': -610.3125136202289, 'beta0_val': -682.6077337408155, 'selected_score': -705.4675170861187, 'evaluations': 185, 'seconds': 0.13801000000967178, 'method': 'differential_evolution_v2', 'accepted_search': True, 'solver_message': 'Maximum number of iterations has been exceeded.'}]",42,[],1908.9891861111123,2959.4316937256754,0.20841600002313498,0.3300347000040347
"[{'theta': array([-4084.37430625]), 'n_active': 1, 'beta1_train': -4019.521946181544, 'beta0_train': -4556.1170176377445, 'beta1_val': -4684.798238016667, 'beta0_val': -4686.0, 'selected_score': -4556.1170176377445, 'evaluations': 25, 'seconds': 0.03287000001000706, 'method': 'differential_evolution_v2', 'accepted_search': True, 'solver_message': 'Optimization terminated successfully.'}, {'theta': array([-963.14364569,    1.4265914 ]), 'n_active': 2, 'beta1_train': 535.5562186245105, 'beta0_train': -1518.9138549596194, 'beta1_val': -1208.1971479610038, 'beta0_val': -2995.338878274173, 'selected_score': -1592.7093798614592, 'evaluations': 95, 'seconds': 0.059491799998795614, 'method': 'differential_evolution_v2', 'accepted_search': True, 'solver_message': 'Maximum number of iterations has been exceeded.'}, {'theta': array([-1.91912840e+03,  1.94989024e-01, -2.96772611e+03, -6.79438189e-01]), 'n_active': 4, 'beta1_train': -4194.284450525001, 'beta0_train': -4621.224007872726, 'beta1_val': -3469.9072301693113, 'beta0_val': -4686.0, 'selected_score': -4621.224007872726, 'evaluations': 185, 'seconds': 0.12666980001085903, 'method': 'differential_evolution_v2', 'accepted_search': True, 'solver_message': 'Maximum number of iterations has been exceeded.'}]",42,[],2959.4316937256754,10800.0,0.2190316000196617,0.3301186000026064
"[{'theta': array([-9542.75685093]), 'n_active': 1, 'beta1_train': -3815.1878676584656, 'beta0_train': -4356.950637156902, 'beta1_val': -4345.740827975001, 'beta0_val': -4450.8, 'selected_score': -4356.950637156902, 'evaluations': 30, 'seconds': 0.03622199999517761, 'method': 'differential_evolution_v2', 'accepted_search': True, 'solver_message': 'Optimization terminated successfully.'}, {'theta': array([-81.26319914,  -0.54960284]), 'n_active': 2, 'beta1_train': -230.22733860648233, 'beta0_train': 91.50013849138472, 'beta1_val': -2422.42027966614, 'beta0_val': -2481.2957496108284, 'selected_score': -326.8745850969391, 'evaluations': 95, 'seconds': 0.05674410000210628, 'method': 'differential_evolution_v2', 'accepted_search': True, 'solver_message': 'Maximum number of iterations has been exceeded.'}, {'theta': array([-1.81006964e+03, -1.47661500e+00, -3.58215461e+03, -8.82597152e-01]), 'n_active': 4, 'beta1_train': -365.6886465558156, 'beta0_train': -674.4250739152312, 'beta1_val': -728.5892915021927, 'beta0_val': -838.965223930882, 'selected_score': -674.4250739152312, 'evaluations': 185, 'seconds': 0.12529569999605883, 'method': 'differential_evolution_v2', 'accepted_search': True, 'solver_message': 'Maximum number of iterations has been exceeded.'}]",42,[],10800.0,1955.651228887384,0.21826179999334272,0.3231126999889966
"[{'theta': array([-2547.61662035]), 'n_active': 1, 'beta1_train': -4128.3955536748845, 'beta0_train': -4522.5222917635, 'beta1_val': -4617.599999999999, 'beta0_val': -4617.599999999999, 'selected_score': -4522.5222917635, 'evaluations': 20, 'seconds': 0.027661799991619773, 'method': 'differential_evolution_v2', 'accepted_search': True, 'solver_message': 'Optimization terminated successfully.'}, {'theta': array([-640.97700903,   -1.18037501]), 'n_active': 2, 'beta1_train': -226.3709829777796, 'beta0_train': -599.0751878535294, 'beta1_val': -2945.919545707556, 'beta0_val': -2962.8075131719756, 'selected_score': -888.6003081301416, 'evaluations': 95, 'seconds': 0.058867100000497885, 'method': 'differential_evolution_v2', 'accepted_search': True, 'solver_message': 'Maximum number of iterations has been exceeded.'}, {'theta': array([-2.61809593e+03, -6.56336202e-01, -8.62779073e+03,  4.67031093e-01]), 'n_active': 4, 'beta1_train': -830.2161225822583, 'beta0_train': -1040.279929019096, 'beta1_val': -1238.9823253855143, 'beta0_val': -1238.9823253855143, 'selected_score': -1040.279929019096, 'evaluations': 105, 'seconds': 0.0806639000074938, 'method': 'differential_evolution_v2', 'accepted_search': True, 'solver_message': 'Optimization terminated successfully.'}]",42,[],1955.651228887384,2640.3010609655817,0.16719279999961145,0.2732460999977775
"[{'theta': array([-2846.45743857]), 'n_active': 1, 'beta1_train': -3747.9422669444834, 'beta0_train': -4213.962230190705, 'beta1_val': -4309.2, 'beta0_val': -4309.2, 'selected_score': -4213.962230190705, 'evaluations': 20, 'seconds': 0.026518600003328174, 'method': 'differential_evolution_v2', 'accepted_search': True, 'solver_message': 'Optimization terminated successfully.'}, {'theta': array([-3.59151664e+02,  3.48241472e-01]), 'n_active': 2, 'beta1_train': 119.46298561400022, 'beta0_train': 129.8390989868417, 'beta1_val': -2652.977723425944, 'beta0_val': -2652.977723425944, 'selected_score': -299.3371310444758, 'evaluations': 95, 'seconds': 0.05850890000874642, 'method': 'differential_evolution_v2', 'accepted_search': True, 'solver_message': 'Maximum number of iterations has been exceeded.'}, {'theta': array([-4.45599009e+03,  7.76321734e-01, -2.47965925e+03, -1.80245837e+00]), 'n_active': 4, 'beta1_train': -276.4675355785294, 'beta0_train': -653.3297682111994, 'beta1_val': -515.7857255474885, 'beta0_val': -704.3499069277212, 'selected_score': -653.3297682111994, 'evaluations': 185, 'seconds': 0.12731640000129119, 'method': 'differential_evolution_v2', 'accepted_search': True, 'solver_message': 'Maximum number of iterations has been exceeded.'}]",42,[],2640.3010609655817,1869.6454533986346,0.21234390001336578,0.3159268000017619
"[{'theta': array([-3337.22125814]), 'n_active': 1, 'beta1_train': -3841.605465436795, 'beta0_train': -4230.096789554073, 'beta1_val': -4321.2, 'beta0_val': -4321.2, 'selected_score': -4230.096789554073, 'evaluations': 30, 'seconds': 0.03603609999117907, 'method': 'differential_evolution_v2', 'accepted_search': True, 'solver_message': 'Optimization terminated successfully.'}, {'theta': array([-4.14477023e+02,  7.53679022e-02]), 'n_active': 2, 'beta1_train': -318.65125430163135, 'beta0_train': -437.45807707719916, 'beta1_val': -2310.079521578793, 'beta0_val': -2339.279528797688, 'selected_score': -807.9256386964996, 'evaluations': 95, 'seconds': 0.057393700000829995, 'method': 'differential_evolution_v2', 'accepted_search': True, 'solver_message': 'Maximum number of iterations has been exceeded.'}, {'theta': array([-1.65271836e+03,  9.88735940e-01, -8.60631570e+03, -1.00597005e+00]), 'n_active': 4, 'beta1_train': -983.7199896523098, 'beta0_train': -1008.7327047632052, 'beta1_val': -1087.0219532092183, 'beta0_val': -1087.0219532092183, 'selected_score': -1008.7327047632052, 'evaluations': 185, 'seconds': 0.1320787000004202, 'method': 'differential_evolution_v2', 'accepted_search': True, 'solver_message': 'Maximum number of iterations has been exceeded.'}]",42,[],1869.6454533986346,2443.3046188888898,0.22550849999242928,0.3304585000005318
