date,strategy,initial_soc_kwh,final_soc_kwh,residual_count,q0_cost_face,settlement_cost,retained_cost,down_cost,up_cost,emergency_cost,total_cost,down_kwh,up_kwh,calibration_count,calibration_seconds,day_seconds,cal_0_update_slot,cal_0_method,cal_0_accepted_search,cal_0_evaluations,cal_0_selected_score,cal_0_nit,cal_0_success,cal_0_termination,cal_1_update_slot,cal_1_method,cal_1_accepted_search,cal_1_evaluations,cal_1_selected_score,cal_1_nit,cal_1_success,cal_1_termination,cal_2_update_slot,cal_2_method,cal_2_accepted_search,cal_2_evaluations,cal_2_selected_score,cal_2_nit,cal_2_success,cal_2_termination
2025-02-01,M612,2148.5983254415123,2508.7144958198537,21,25122.92052040696,24049.06740040139,22975.214280395816,1073.8531200055716,0.0,0.0,24049.06740040139,3743.232154503168,0.0,3,1.776708499994129,1.9269406999956118,0,differential_evolution_staged_direct_search,True,27,-4211.022529289439,4,True,population_collapse_convergence,36,differential_evolution_staged_direct_search,True,92,-3373.549548019606,8,False,maxiter_budget,72,differential_evolution_staged_direct_search,True,182,-766.3509496042482,8,True,maxiter_budget
2025-02-02,M612,2508.7144958198537,2432.655752356644,21,58996.493957257524,57191.90120369563,55334.30970504291,1831.0921261073036,26.499372545409756,0.0,57191.90120369563,5383.029052726674,15.207237981928643,3,0.9345054999866989,1.0895501999912085,0,differential_evolution_staged_direct_search,True,27,-4454.21153591025,4,True,population_collapse_convergence,36,differential_evolution_staged_direct_search,True,32,-2614.708605300896,2,True,population_collapse_convergence,72,differential_evolution_staged_direct_search,True,102,-737.3967239432602,4,True,population_collapse_convergence
2025-02-03,M612,2432.655752356644,2357.7659001851844,21,60226.039965525975,57895.727095263755,55565.41422500154,2330.3128702622166,0.0,0.0,57895.727095263755,6503.303569564559,0.0,3,1.5433906999969622,1.690002799994545,0,differential_evolution_staged_direct_search,True,17,-4454.21153591025,2,True,population_collapse_convergence,36,differential_evolution_staged_direct_search,True,32,-2901.8243854323587,2,True,population_collapse_convergence,72,differential_evolution_staged_direct_search,True,182,-713.732448571899,8,False,maxiter_budget
2025-02-04,M612,2357.7659001851844,2281.741722592595,21,62728.12791753428,60264.432183965626,57800.736450396966,2463.69573356866,0.0,0.0,60264.432183965626,6780.459145279852,0.0,3,1.6172746999945957,1.7591408000007505,0,differential_evolution_staged_direct_search,True,17,-4454.086776265291,2,True,population_collapse_convergence,36,differential_evolution_staged_direct_search,True,92,-2421.2667241194167,8,False,maxiter_budget,72,differential_evolution_staged_direct_search,True,182,-698.2548024842608,8,False,maxiter_budget
2025-02-05,M612,2281.741722592595,2066.23069,21,58192.622895669156,57231.86877453138,55752.79509467599,1219.9139004965818,259.15977935880977,0.0,57231.86877453138,3281.038574836216,201.78048914921257,3,1.4544121000071755,1.6158639000059338,0,differential_evolution_staged_direct_search,True,12,-4453.80261841074,1,True,population_collapse_convergence,36,differential_evolution_staged_direct_search,True,42,-2374.6615983568154,3,True,population_collapse_convergence,72,differential_evolution_staged_direct_search,True,182,-700.2342982427687,8,False,maxiter_budget
2025-02-06,M612,2066.23069,2102.877087407407,21,62584.61666391643,59352.22730962868,56119.83795534092,3232.3893542877577,0.0,29.57191160458339,59381.79922123326,9219.139434748242,0.0,3,1.1845441999903414,1.3868982999993023,0,differential_evolution_staged_direct_search,True,12,-4453.80261841074,1,True,population_collapse_convergence,36,differential_evolution_staged_direct_search,True,82,-2818.8675262638753,7,True,population_collapse_convergence,72,differential_evolution_staged_direct_search,True,122,-708.112584166973,5,True,population_collapse_convergence
2025-02-07,M612,2102.877087407407,1751.7743589321433,21,24763.220491903005,23463.266061061557,22163.31163022011,1299.954430841445,0.0,0.0,23463.266061061557,4825.8356411101495,0.0,3,1.4337850999872899,1.5801525999995647,0,differential_evolution_staged_direct_search,True,17,-4453.80261841074,2,True,population_collapse_convergence,36,differential_evolution_staged_direct_search,True,42,-2648.3093869694235,3,True,population_collapse_convergence,72,differential_evolution_staged_direct_search,True,182,-751.1829990907581,8,False,maxiter_budget
2025-02-08,M612,1751.7743589321433,1649.1427701851856,21,19428.03206799268,19593.314519702122,19428.03206799268,0.0,165.28245170944282,523.7902948325523,20117.104814534676,0.0,152.28524977410936,3,1.0771749000123236,1.2243313000071794,0,differential_evolution_staged_direct_search,True,27,-3506.9758438717495,4,True,population_collapse_convergence,36,differential_evolution_staged_direct_search,True,42,-3410.60683607982,3,True,population_collapse_convergence,72,differential_evolution_staged_direct_search,True,122,-793.2050663243206,5,True,population_collapse_convergence
2025-02-09,M612,1649.1427701851856,1427.5166849664533,21,56857.035336288434,55711.3418866091,54565.64843692976,1145.6934496793356,0.0,0.0,55711.3418866091,3216.7754370677576,0.0,3,0.6667742000136059,0.8065082999964943,0,differential_evolution_staged_direct_search,True,12,-4453.483613600071,1,True,population_collapse_convergence,36,differential_evolution_staged_direct_search,True,32,-3052.19554848336,2,True,population_collapse_convergence,72,differential_evolution_staged_direct_search,True,82,-647.2302412346944,3,True,population_collapse_convergence
2025-02-10,M612,1427.5166849664533,1441.5087638066536,21,54251.464778766065,52311.41834895418,50371.3719191423,1940.0464298118823,0.0,0.0,52311.41834895418,5280.64261183346,0.0,3,1.2868988999980502,1.4299368000065442,0,differential_evolution_staged_direct_search,True,12,-4453.253474467541,1,True,population_collapse_convergence,36,differential_evolution_staged_direct_search,True,32,-2576.7188499418817,2,True,population_collapse_convergence,72,differential_evolution_staged_direct_search,True,182,-666.9506624098335,8,False,maxiter_budget
2025-02-11,M612,1441.5087638066536,1520.2362664814812,21,54142.50339066526,52187.393844372935,50232.2842980806,1955.109546292325,0.0,693.8943712214817,52881.28821559442,5029.793108996602,0.0,3,1.3059227999910945,1.4514912000013283,0,differential_evolution_staged_direct_search,True,12,-4453.417446728599,1,True,population_collapse_convergence,36,differential_evolution_staged_direct_search,True,32,-2928.154543052272,2,True,population_collapse_convergence,72,differential_evolution_staged_direct_search,True,182,-711.9990901386072,8,False,maxiter_budget
2025-02-12,M612,1520.2362664814812,1445.1392755555567,21,54446.26507903356,52379.0224126104,50311.77974618723,2067.2426664231643,0.0,43.074395757536664,52422.09680836794,5560.006585016632,0.0,3,1.489791799991508,1.6289614000124857,0,differential_evolution_staged_direct_search,True,12,-4452.143111505684,1,True,population_collapse_convergence,36,differential_evolution_staged_direct_search,True,92,-2934.208540824819,8,False,maxiter_budget,72,differential_evolution_staged_direct_search,True,182,-642.3484065512815,8,False,maxiter_budget
2025-02-13,M612,1445.1392755555567,1659.9019477777783,21,50502.31888144879,49393.77926299735,48192.16298352997,1155.0779489594088,46.53833050796849,204.35109454130685,49598.130357538656,3253.8864987815227,39.29668240443925,3,1.324338499995065,1.4643697999999858,0,differential_evolution_staged_direct_search,True,12,-4451.356494996654,1,True,population_collapse_convergence,36,differential_evolution_staged_direct_search,True,42,-2727.4323882542344,3,True,population_collapse_convergence,72,differential_evolution_staged_direct_search,True,182,-691.2548653515792,8,False,maxiter_budget
2025-02-14,M612,1659.9019477777783,1710.8654593832246,21,19413.684048331575,19692.778216657265,19306.509305263527,53.58737153402379,332.6815398597099,0.0,19692.778216657265,260.5755970533615,282.3619732869529,3,1.4371347999986028,1.5832159999990836,0,differential_evolution_staged_direct_search,True,47,-3446.5011941465386,8,False,maxiter_budget,36,differential_evolution_staged_direct_search,True,42,-3247.1319497257064,3,True,population_collapse_convergence,72,differential_evolution_staged_direct_search,True,182,-788.3886523382957,8,False,maxiter_budget
2025-02-15,M612,1710.8654593832246,1252.4573435185184,21,19964.3242656637,19581.093747092502,19197.863228521303,383.23051857119816,0.0,4.972879202868312,19586.06662629537,1164.120033859821,0.0,3,1.3681369999976596,1.5141393000085372,0,differential_evolution_staged_direct_search,True,12,-3325.5991195759425,1,True,population_collapse_convergence,36,differential_evolution_staged_direct_search,True,32,-3519.736968704382,2,True,population_collapse_convergence,72,differential_evolution_staged_direct_search,True,182,-724.2032578340564,8,False,maxiter_budget
2025-02-16,M612,1252.4573435185184,1419.4954316666672,21,54690.094225309644,52178.78447986662,49667.4747344236,2511.3097454430235,0.0,1502.4219825855516,53681.20646245217,6749.034983517003,0.0,3,1.391643800001475,1.541501400002744,0,differential_evolution_staged_direct_search,True,17,-4452.05663222496,2,True,population_collapse_convergence,36,differential_evolution_staged_direct_search,True,32,-2711.4390659508636,2,True,population_collapse_convergence,72,differential_evolution_staged_direct_search,True,182,-626.1467301285127,8,False,maxiter_budget
2025-02-17,M612,1419.4954316666672,1503.9346153703705,21,53864.35403135228,50486.59072354366,47108.82741573505,3377.7633078086187,0.0,756.2862169518203,51242.87694049548,10096.186196929371,0.0,3,1.72966159999487,1.9025094999960857,0,differential_evolution_staged_direct_search,True,17,-4453.702722987062,2,True,population_collapse_convergence,36,differential_evolution_staged_direct_search,True,92,-2816.3704920443865,8,False,maxiter_budget,72,differential_evolution_staged_direct_search,True,182,-670.6449177761165,8,False,maxiter_budget
2025-02-18,M612,1503.9346153703705,1579.8016527789293,21,48134.331450478,48188.28659830641,47597.830063327725,268.25069357514246,322.2058414035487,7.567044988885594,48195.8536432953,700.0058919903652,429.28464071302596,3,1.3701148000109242,1.509068399987882,0,differential_evolution_staged_direct_search,True,17,-4453.606984420772,2,True,population_collapse_convergence,36,differential_evolution_staged_direct_search,True,52,-2477.24374067532,4,True,population_collapse_convergence,72,differential_evolution_staged_direct_search,True,182,-609.4201589952895,8,False,maxiter_budget
2025-02-19,M612,1579.8016527789293,1233.2996238888918,21,48361.085863161185,48897.58775620116,48280.6810659352,40.2023986129951,576.7042916529657,241.2810754166669,49138.86883161782,119.71308216452974,700.6871490293587,3,1.2804556999908527,1.4229346000065561,0,differential_evolution_staged_direct_search,True,12,-4455.155284029003,1,True,population_collapse_convergence,36,differential_evolution_staged_direct_search,True,32,-2954.3352663021064,2,True,population_collapse_convergence,72,differential_evolution_staged_direct_search,True,182,-467.5137042721056,8,False,maxiter_budget
2025-02-20,M612,1233.2996238888918,1556.4599179966463,21,49945.473582246006,48791.99755290463,47498.37119975948,1223.5511912432626,70.07516190188645,353.93152005260185,49145.92907295723,3749.8320351837915,56.41793713095342,3,1.2911758999835001,1.4279285999946296,0,differential_evolution_staged_direct_search,True,12,-4454.7555365699045,1,True,population_collapse_convergence,36,differential_evolution_staged_direct_search,True,32,-2879.854329489131,2,True,population_collapse_convergence,72,differential_evolution_staged_direct_search,True,182,-558.8073668625674,8,False,maxiter_budget
2025-02-21,M612,1556.4599179966463,1619.894345489485,21,18406.4935065665,18365.3902599395,18324.287013312496,41.103246627001774,0.0,0.0,18365.3902599395,76.52810766524254,0.0,3,1.3320620999875246,1.4668449000018882,0,differential_evolution_staged_direct_search,True,17,-3122.3730804594747,2,True,population_collapse_convergence,36,differential_evolution_staged_direct_search,True,42,-3170.6806497359858,3,True,population_collapse_convergence,72,differential_evolution_staged_direct_search,True,182,-715.0705410828277,8,False,maxiter_budget
2025-02-22,M612,1619.894345489485,1859.077018939761,21,18836.3850757875,18744.785040437873,18585.686834047236,125.34912087013387,33.74908552050599,0.0,18744.785040437873,370.3855755644565,29.169809984376712,3,1.435731699995813,1.575429599994095,0,differential_evolution_staged_direct_search,True,17,-2888.767141585803,2,True,population_collapse_convergence,36,differential_evolution_staged_direct_search,True,42,-3313.012492811579,3,True,population_collapse_convergence,72,differential_evolution_staged_direct_search,True,182,-774.1032914890512,8,True,maxiter_budget
2025-02-23,M612,1859.077018939761,1493.1892782546379,21,49070.74419389351,48577.88216419282,46870.26900313956,1100.2375953769745,607.3755656762869,42.631947473287404,48620.51411166611,3098.914642399002,585.101811331456,3,1.0827717000065604,1.230286399993929,0,differential_evolution_staged_direct_search,True,12,-4455.250710239076,1,True,population_collapse_convergence,36,differential_evolution_staged_direct_search,True,92,-2760.8501962443606,8,False,maxiter_budget,72,differential_evolution_staged_direct_search,True,122,-648.630027309511,5,True,population_collapse_convergence
2025-02-24,M612,1493.1892782546379,1728.851286850351,21,47611.34017820822,47057.74785812272,46162.13708699276,724.6015456077268,171.00922552222033,214.48406303409166,47272.23192115681,1919.3737249727967,244.5434370402121,3,1.3913295000093058,1.5235473000066122,0,differential_evolution_staged_direct_search,True,17,-4455.250710239076,2,True,population_collapse_convergence,36,differential_evolution_staged_direct_search,True,42,-2626.989729816406,3,True,population_collapse_convergence,72,differential_evolution_staged_direct_search,True,182,-676.4808117315229,8,False,maxiter_budget
2025-02-25,M612,1728.851286850351,1424.0294056567657,21,49261.906347347096,46923.98363801124,44586.06092867538,2337.922709335855,0.0,191.58624913333304,47115.56988714457,6937.6704506013375,0.0,3,1.2293733000115026,1.3465230000001611,0,differential_evolution_staged_direct_search,True,17,-4455.250710239076,2,True,population_collapse_convergence,36,differential_evolution_staged_direct_search,True,52,-3039.0360376726157,4,True,population_collapse_convergence,72,differential_evolution_staged_direct_search,True,182,-675.0614010040639,8,False,maxiter_budget
2025-02-26,M612,1424.0294056567657,2132.6263872222216,21,45050.9931817961,47203.273920117135,45050.9931817961,0.0,2152.2807383210366,0.0,47203.273920117135,0.0,2444.4043439887378,3,1.3649714999919524,1.5019811999954982,0,differential_evolution_staged_direct_search,True,17,-4455.250710239076,2,True,population_collapse_convergence,36,differential_evolution_staged_direct_search,True,92,-2704.7541310672405,8,False,maxiter_budget,72,differential_evolution_staged_direct_search,True,182,-575.4119634471301,8,False,maxiter_budget
2025-02-27,M612,2132.6263872222216,1839.3886988888892,21,45564.35949988295,45672.93436439288,45030.98919925504,266.68515031395833,375.26001482388733,68.97582373494666,45741.910188127826,958.5370241131279,372.13356688990945,3,0.6955630000011297,0.8153944999939995,0,differential_evolution_staged_direct_search,True,22,-4455.250710239076,3,True,population_collapse_convergence,36,differential_evolution_staged_direct_search,True,32,-2777.019021610423,2,True,population_collapse_convergence,72,differential_evolution_staged_direct_search,True,102,-652.7962696984016,4,True,population_collapse_convergence
2025-02-28,M612,1839.3886988888892,1698.5409346729557,21,18105.210628401284,17995.50289536146,17885.795162321636,109.70773303982622,0.0,0.0,17995.50289536146,221.9942276359822,0.0,3,1.3460906999971485,1.467372900006012,0,differential_evolution_staged_direct_search,True,27,-2713.66438671618,4,True,population_collapse_convergence,36,differential_evolution_staged_direct_search,True,92,-3660.8275584006265,8,False,maxiter_budget,72,differential_evolution_staged_direct_search,True,182,-716.4665302644867,8,False,maxiter_budget
2025-03-01,M612,1698.5409346729557,1741.2030005988736,21,20703.011073880956,20354.99692166984,20006.982769458722,348.0141522111173,0.0,0.0,20354.99692166984,1145.2086548062603,0.0,3,1.2752798000001349,1.3947958999924595,0,differential_evolution_staged_direct_search,True,17,-4103.428826920349,2,True,population_collapse_convergence,36,differential_evolution_staged_direct_search,True,82,-4454.735583813657,7,True,population_collapse_convergence,72,differential_evolution_staged_direct_search,True,182,-717.7490931409895,8,False,maxiter_budget
2025-03-02,M612,1741.2030005988736,1673.96337717775,21,51881.02296803057,51900.3126296851,49257.73826195873,1311.6423530359236,1330.9320146904488,0.0,51900.3126296851,4410.048261166069,1131.5153257451739,3,1.20712919998914,1.333229299998493,0,differential_evolution_staged_direct_search,True,12,-4455.250710239076,1,True,population_collapse_convergence,36,differential_evolution_staged_direct_search,True,42,-2481.925803444345,3,True,population_collapse_convergence,72,differential_evolution_staged_direct_search,True,182,-670.4844583750587,8,False,maxiter_budget
2025-03-03,M612,1673.96337717775,1606.0151511111117,21,53418.30182256138,51877.35023223138,48821.7875619682,2298.25713029659,757.3055399665902,0.0,51877.35023223138,7307.206616955918,599.5965676198798,3,1.1903989999991609,1.3105474000039976,0,differential_evolution_staged_direct_search,True,22,-4455.250710239076,3,True,population_collapse_convergence,36,differential_evolution_staged_direct_search,True,42,-2838.5934575568544,3,True,population_collapse_convergence,72,differential_evolution_staged_direct_search,True,182,-674.9435656910964,8,False,maxiter_budget
2025-03-04,M612,1606.0151511111117,1623.4313266651982,21,47594.32363875832,48024.00628733319,46266.074869873584,664.1243844423632,1093.8070330172404,0.0,48024.00628733319,2359.558198064855,1070.6201309213309,3,0.8265239999891492,0.945289800001774,0,differential_evolution_staged_direct_search,True,12,-4455.250710239076,1,True,population_collapse_convergence,36,differential_evolution_staged_direct_search,True,42,-2602.8175958070574,3,True,population_collapse_convergence,72,differential_evolution_staged_direct_search,True,122,-685.8258110866228,5,True,population_collapse_convergence
2025-03-05,M612,1623.4313266651982,1599.043625206756,21,49869.128730140874,47426.22160455326,44983.31447896565,2442.907125587617,0.0,0.0,47426.22160455326,7879.48013185872,0.0,3,1.036153099994408,1.158551600005012,0,differential_evolution_staged_direct_search,True,17,-4455.250710239076,2,True,population_collapse_convergence,36,differential_evolution_staged_direct_search,True,72,-2883.5059881238985,6,True,population_collapse_convergence,72,differential_evolution_staged_direct_search,True,142,-698.3064899624204,6,True,population_collapse_convergence
2025-03-06,M612,1599.043625206756,1583.3484422423194,21,46596.85656966314,46159.4621305131,44805.06694328495,895.8948131890949,458.5003740390501,0.0,46159.4621305131,3142.1710308187135,364.5678180274829,3,1.320672800007742,1.4379269000055501,0,differential_evolution_staged_direct_search,True,22,-4455.250710239076,3,True,population_collapse_convergence,36,differential_evolution_staged_direct_search,True,92,-2787.9876718642604,8,False,maxiter_budget,72,differential_evolution_staged_direct_search,True,182,-694.3345933985497,8,False,maxiter_budget
2025-03-07,M612,1583.3484422423194,1881.642743376698,21,18916.63532794124,18407.296226329567,17897.957124717897,509.33910161167165,0.0,0.0,18407.296226329567,1311.646379778966,0.0,3,1.13524079999479,1.2568730999919353,0,differential_evolution_staged_direct_search,True,12,-2711.539797812829,1,True,population_collapse_convergence,36,differential_evolution_staged_direct_search,True,42,-4270.241798709541,3,True,population_collapse_convergence,72,differential_evolution_staged_direct_search,True,182,-727.6372721967754,8,False,maxiter_budget
2025-03-08,M612,1881.642743376698,1914.8556624367857,21,16893.220724264393,16847.94910454395,16802.677484823507,45.271619720442516,0.0,0.0,16847.94910454395,85.57640616222685,0.0,3,1.1881011999939801,1.3060582999896724,0,differential_evolution_staged_direct_search,True,17,-2343.461941819563,2,True,population_collapse_convergence,36,differential_evolution_staged_direct_search,True,42,-4222.025887851741,3,True,population_collapse_convergence,72,differential_evolution_staged_direct_search,True,182,-735.7130990922511,8,False,maxiter_budget
2025-03-09,M612,1914.8556624367857,1723.9389815095228,21,46926.37258728502,44708.71941003096,42491.066232776895,2217.6531772540657,0.0,0.0,44708.71941003096,7093.909618652959,0.0,3,1.1070513000013307,1.2277994000032777,0,differential_evolution_staged_direct_search,True,12,-4452.270015424516,1,True,population_collapse_convergence,36,differential_evolution_staged_direct_search,True,32,-2720.130618728374,2,True,population_collapse_convergence,72,differential_evolution_staged_direct_search,True,182,-698.281119838609,8,False,maxiter_budget
2025-03-10,M612,1723.9389815095228,1759.1498033333341,21,44818.48396409805,45267.792907448515,44719.36167641585,49.56114384110059,498.87008719156813,436.84478888181957,45704.637696330334,197.9156387788954,425.1505669698832,3,1.1612715000082972,1.2858887000038521,0,differential_evolution_staged_direct_search,True,17,-4452.770830532607,2,True,population_collapse_convergence,36,differential_evolution_staged_direct_search,True,32,-2478.862908667302,2,True,population_collapse_convergence,72,differential_evolution_staged_direct_search,True,182,-721.0207745729015,8,False,maxiter_budget
2025-03-11,M612,1759.1498033333341,2090.232972037036,21,40022.363662064636,44335.45977858237,40022.36366206464,0.0,4313.096116517728,0.0,44335.45977858237,0.0,5600.371243256102,3,1.3085513999831164,1.4310193999990588,0,differential_evolution_staged_direct_search,True,17,-4453.102349790401,2,True,population_collapse_convergence,36,differential_evolution_staged_direct_search,True,92,-3011.3715952840503,8,False,maxiter_budget,72,differential_evolution_staged_direct_search,True,182,-725.720023041739,8,False,maxiter_budget
2025-03-12,M612,2090.232972037036,1612.847125924483,21,45833.06047200774,43652.5084810119,41471.95649001606,2180.5519909958425,0.0,0.0,43652.5084810119,6674.897363492698,0.0,3,1.311475499998778,1.4285061999980826,0,differential_evolution_staged_direct_search,True,17,-4454.347261478331,2,True,population_collapse_convergence,36,differential_evolution_staged_direct_search,True,92,-2841.567973314816,8,False,maxiter_budget,72,differential_evolution_staged_direct_search,True,182,-702.8334630741331,8,False,maxiter_budget
2025-03-13,M612,1612.847125924483,1590.8830672222225,21,45477.33642392351,45901.98579685711,44546.419381835454,465.4585210440303,890.1078939776266,566.7226826666478,46468.70847952375,1296.0023030877285,884.6776913220971,3,0.7161884999950416,0.8381641000014497,0,differential_evolution_staged_direct_search,True,27,-4454.24466221502,4,True,population_collapse_convergence,36,differential_evolution_staged_direct_search,True,32,-3141.108357963927,2,True,population_collapse_convergence,72,differential_evolution_staged_direct_search,True,102,-737.2426884088508,4,True,population_collapse_convergence
2025-03-14,M612,1590.8830672222225,1987.9653730173386,21,16209.95040233895,16446.744146677545,16209.950402338949,0.0,236.79374433859527,0.0,16446.744146677545,0.0,192.22138943499735,3,1.3162066000077175,1.4365390000020852,0,differential_evolution_staged_direct_search,True,22,-2236.1881250916485,3,True,population_collapse_convergence,36,differential_evolution_staged_direct_search,True,92,-4455.600000000001,8,False,maxiter_budget,72,differential_evolution_staged_direct_search,True,182,-770.4679557405894,8,False,maxiter_budget
2025-03-15,M612,1987.9653730173386,1409.302948888891,21,16041.777550985333,16355.861410478212,16041.77755098533,0.0,314.08385949287776,0.0,16355.861410478212,0.0,250.1101250741422,3,0.8684686000051443,0.9876743000058923,0,differential_evolution_staged_direct_search,True,17,-2267.3006679843706,2,True,population_collapse_convergence,36,differential_evolution_staged_direct_search,True,52,-3471.356934397446,4,True,population_collapse_convergence,72,differential_evolution_staged_direct_search,True,122,-778.3063405932605,5,True,population_collapse_convergence
2025-03-16,M612,1409.302948888891,1844.6723911911038,21,44415.07251100221,44292.4021988257,42960.12371997244,727.4743955148886,604.8040833383666,0.0,44292.4021988257,1906.568358361356,837.4964251240166,3,1.2638647999992827,1.3844981000002008,0,differential_evolution_staged_direct_search,True,17,-4451.383076191209,2,True,population_collapse_convergence,36,differential_evolution_staged_direct_search,True,72,-3028.4193615084446,6,True,population_collapse_convergence,72,differential_evolution_staged_direct_search,True,182,-699.4495322900611,8,False,maxiter_budget
2025-03-17,M612,1844.6723911911038,2120.957192037037,21,40710.32552113425,40565.44772901061,38387.447513579864,1161.4390037771877,1016.5612116535558,0.0,40565.44772901061,4750.8834433999955,1039.4036832107422,3,1.278587199980393,1.4014405999914743,0,differential_evolution_staged_direct_search,True,17,-4452.386601216121,2,True,population_collapse_convergence,36,differential_evolution_staged_direct_search,True,92,-2950.2448456658726,8,False,maxiter_budget,72,differential_evolution_staged_direct_search,True,182,-716.069803867637,8,False,maxiter_budget
2025-03-18,M612,2120.957192037037,1661.3798658064568,21,46649.11880247726,43924.86091531823,41200.603028159196,2724.2578871590295,0.0,0.0,43924.86091531823,8465.714106805703,0.0,3,0.785775799973635,0.907825900008902,0,differential_evolution_staged_direct_search,True,17,-4452.30510225222,2,True,population_collapse_convergence,36,differential_evolution_staged_direct_search,True,22,-3009.024317266835,1,True,population_collapse_convergence,72,differential_evolution_staged_direct_search,True,122,-672.4780899812665,5,True,population_collapse_convergence
2025-03-19,M612,1661.3798658064568,2166.6354972222225,21,38845.808590260815,41933.70274423738,38845.808590260815,0.0,3087.894153976569,0.0,41933.70274423738,0.0,3856.4071275085366,3,1.2171497000090312,1.3479718000016874,0,differential_evolution_staged_direct_search,True,27,-4451.2943546310225,4,True,population_collapse_convergence,36,differential_evolution_staged_direct_search,True,32,-3038.6899093122306,2,True,population_collapse_convergence,72,differential_evolution_staged_direct_search,True,182,-732.7558268656127,8,False,maxiter_budget
2025-03-20,M612,2166.6354972222225,1972.47251481334,21,44189.90802395186,42560.7124016001,40931.51677924835,1629.1956223517545,0.0,1616.226114885069,44176.93851648517,4676.752426879143,0.0,3,1.1819586999918101,1.3011790000018664,0,differential_evolution_staged_direct_search,True,17,-4453.876586154784,2,True,population_collapse_convergence,36,differential_evolution_staged_direct_search,True,42,-2579.745621208647,3,True,population_collapse_convergence,72,differential_evolution_staged_direct_search,True,182,-675.4930010611628,8,False,maxiter_budget
2025-03-21,M612,1972.47251481334,1510.1213183001557,21,15620.599395790923,15492.565978515306,15364.532561239688,128.03341727561832,0.0,0.0,15492.565978515306,270.4278996585126,0.0,3,1.3085180000052787,1.426827699993737,0,differential_evolution_staged_direct_search,True,17,-1954.7205373382208,2,True,population_collapse_convergence,36,differential_evolution_staged_direct_search,True,92,-4455.600000000001,8,False,maxiter_budget,72,differential_evolution_staged_direct_search,True,182,-737.1503778188211,8,False,maxiter_budget
2025-03-22,M612,1510.1213183001557,2318.974667265579,21,17061.871917637076,16906.06821290671,16750.264508176348,155.80370473036353,0.0,0.0,16906.06821290671,323.1056100368185,0.0,3,0.9654581000067992,1.0839111000095727,0,differential_evolution_staged_direct_search,True,12,-2125.133217531123,1,True,population_collapse_convergence,36,differential_evolution_staged_direct_search,True,92,-4445.490759564022,8,False,maxiter_budget,72,differential_evolution_staged_direct_search,True,122,-735.4945407683463,5,True,population_collapse_convergence
2025-03-23,M612,2318.974667265579,1672.3243005555553,21,44723.87376260662,42266.12682641435,39808.37989022207,2457.7469361922745,0.0,555.8970516849524,42822.0238780993,7541.250494222222,0.0,3,1.4338565999787534,1.5541508999885991,0,differential_evolution_staged_direct_search,True,17,-4453.931223691948,2,True,population_collapse_convergence,36,differential_evolution_staged_direct_search,True,92,-2783.3443459634923,8,False,maxiter_budget,72,differential_evolution_staged_direct_search,True,182,-676.1001377502121,8,False,maxiter_budget
2025-03-24,M612,1672.3243005555553,1766.5139881481475,21,42119.23976674759,41249.94779260663,39419.31588340529,1349.9619416711475,480.6699675301951,0.0,41249.94779260663,4624.050571928505,415.550905822711,3,0.7311803999909898,0.853976699989289,0,differential_evolution_staged_direct_search,True,17,-4453.931223691947,2,True,population_collapse_convergence,36,differential_evolution_staged_direct_search,True,42,-3060.415312844779,3,True,population_collapse_convergence,72,differential_evolution_staged_direct_search,True,102,-723.7310243724116,4,True,population_collapse_convergence
2025-03-25,M612,1766.5139881481475,1464.9716192592584,21,46683.53224191129,43395.5943323179,40107.656422724525,3287.937909593384,0.0,419.13076495438514,43814.72509727229,9940.006388055186,0.0,3,1.2777448999986518,1.401960200004396,0,differential_evolution_staged_direct_search,True,12,-4453.931223691948,1,True,population_collapse_convergence,36,differential_evolution_staged_direct_search,True,92,-2570.6428318923663,8,False,maxiter_budget,72,differential_evolution_staged_direct_search,True,182,-635.6393926126308,8,False,maxiter_budget
2025-03-26,M612,1464.9716192592584,1515.2487622879564,21,39891.04259061682,39524.65553491913,37206.60141057403,1342.220590021393,975.8335343236997,0.0,39524.65553491913,4683.085914521294,1312.4232169836334,3,1.0926274999947054,1.2141245999955572,0,differential_evolution_staged_direct_search,True,17,-4453.931223691948,2,True,population_collapse_convergence,36,differential_evolution_staged_direct_search,True,22,-2910.492845736142,1,True,population_collapse_convergence,72,differential_evolution_staged_direct_search,True,182,-650.6443973555948,8,False,maxiter_budget
2025-03-27,M612,1515.2487622879564,1604.2794374730986,21,42791.91610347641,41061.89248338276,39331.86886328912,1730.0236200936454,0.0,0.0,41061.89248338276,5096.674388847106,0.0,3,1.3559547999902861,1.4823881999909645,0,differential_evolution_staged_direct_search,True,17,-4453.931223691948,2,True,population_collapse_convergence,36,differential_evolution_staged_direct_search,True,92,-3312.4646302715464,8,False,maxiter_budget,72,differential_evolution_staged_direct_search,True,182,-629.0821406336615,8,False,maxiter_budget
2025-03-28,M612,1604.2794374730986,2004.3019822524784,21,16209.050055822625,16142.731945266052,16076.413834709481,66.31811055657208,0.0,0.0,16142.731945266052,127.41157934200913,0.0,3,1.0929139999789186,1.2118140999955358,0,differential_evolution_staged_direct_search,True,17,-2268.569418380169,2,True,population_collapse_convergence,36,differential_evolution_staged_direct_search,True,92,-4455.600000000001,8,False,maxiter_budget,72,differential_evolution_staged_direct_search,True,142,-741.9501580003237,6,True,population_collapse_convergence
2025-03-29,M612,2004.3019822524784,1731.3332472457391,21,14888.51744463162,15281.726254076,14888.51744463162,0.0,393.2088094443808,0.0,15281.726254076,0.0,307.92015071296856,3,1.3805029999930412,1.5023566000018036,0,differential_evolution_staged_direct_search,True,47,-1933.4455446842892,8,False,maxiter_budget,36,differential_evolution_staged_direct_search,True,92,-4455.600000000001,8,False,maxiter_budget,72,differential_evolution_staged_direct_search,True,182,-755.6343623205034,8,False,maxiter_budget
2025-03-30,M612,1731.3332472457391,1892.5200202309993,21,41923.8035184637,39335.14357623343,36746.483634003154,2588.6599422302743,0.0,0.0,39335.14357623343,9115.461389363805,0.0,3,0.7975723999843467,0.9164212000032421,0,differential_evolution_staged_direct_search,True,17,-4453.931223691948,2,True,population_collapse_convergence,36,differential_evolution_staged_direct_search,True,32,-2968.481321427189,2,True,population_collapse_convergence,72,differential_evolution_staged_direct_search,True,122,-658.9815050879623,5,True,population_collapse_convergence
2025-03-31,M612,1892.5200202309993,1920.0991498148137,21,36586.940705783105,39082.54811786736,35963.92701477263,311.5068455052384,2807.114257589491,0.0,39082.54811786736,1390.6763597902288,3831.239953527933,3,1.2348259999998845,1.358333500000299,0,differential_evolution_staged_direct_search,True,17,-4168.414381437217,2,True,population_collapse_convergence,36,differential_evolution_staged_direct_search,True,42,-3315.759895693158,3,True,population_collapse_convergence,72,differential_evolution_staged_direct_search,True,182,-725.671114319371,8,False,maxiter_budget
2025-04-01,M612,1920.0991498148137,1917.8480883333295,21,44606.62420565942,42215.11950191422,39750.22252074344,2428.2008424579863,36.69613871279145,0.0,42215.11950191422,8205.08135153513,33.06153150571373,3,1.3580843999952776,1.4898504000011599,0,differential_evolution_staged_direct_search,True,22,-4453.931223691947,3,True,population_collapse_convergence,36,differential_evolution_staged_direct_search,True,92,-2919.9480210093448,8,False,maxiter_budget,72,differential_evolution_staged_direct_search,True,182,-717.3215857575053,8,False,maxiter_budget
2025-04-02,M612,1917.8480883333295,1736.7187108456847,21,41785.76859229074,41088.610495941226,40391.452399591704,697.1580963495187,0.0,0.0,41088.610495941226,2955.025628002141,0.0,3,0.792977900011465,0.9258536999986973,0,differential_evolution_staged_direct_search,True,22,-4453.931223691948,3,True,population_collapse_convergence,36,differential_evolution_staged_direct_search,True,42,-3200.0888892923726,3,True,population_collapse_convergence,72,differential_evolution_staged_direct_search,True,102,-710.1978597582786,4,True,population_collapse_convergence
2025-04-03,M612,1736.7187108456847,1768.766281370571,21,43462.20136673522,40959.90428264196,38457.60719854871,2502.2970840932567,0.0,0.0,40959.90428264196,7807.154258463123,0.0,3,1.392359099991154,1.5341505999967922,0,differential_evolution_staged_direct_search,True,17,-4453.931223691948,2,True,population_collapse_convergence,36,differential_evolution_staged_direct_search,True,82,-2997.4787094927965,7,True,population_collapse_convergence,72,differential_evolution_staged_direct_search,True,182,-658.634507589731,8,False,maxiter_budget
2025-04-04,M612,1768.766281370571,1840.674579979071,21,14637.165023795027,14595.012411794534,14552.859799794041,42.152612000492404,0.0,0.0,14595.012411794534,78.48186929899907,0.0,3,1.492621199999121,1.6218323000066448,0,differential_evolution_staged_direct_search,True,12,-1789.3989217909675,1,True,population_collapse_convergence,36,differential_evolution_staged_direct_search,True,92,-4455.600000000001,8,False,maxiter_budget,72,differential_evolution_staged_direct_search,True,182,-759.1858166252907,8,False,maxiter_budget
2025-04-05,M612,1840.674579979071,1608.7920237672142,21,14486.802732719356,14462.679703505662,14438.55667429197,24.123029213693904,0.0,0.0,14462.679703505662,45.25228146493956,0.0,3,1.2959147000074154,1.4164397999993525,0,differential_evolution_staged_direct_search,True,17,-1634.3339421933135,2,True,population_collapse_convergence,36,differential_evolution_staged_direct_search,True,92,-4455.600000000001,8,False,maxiter_budget,72,differential_evolution_staged_direct_search,True,182,-786.2590994625604,8,False,maxiter_budget
2025-04-06,M612,1608.7920237672142,1642.105130740742,21,39897.601189856854,39001.13779221552,36666.90671418446,1615.347237836199,718.8838401948684,0.0,39001.13779221552,6401.254453122202,544.1794888108154,3,1.1452864000020782,1.263145799995982,0,differential_evolution_staged_direct_search,True,22,-4454.581544036548,3,True,population_collapse_convergence,36,differential_evolution_staged_direct_search,True,32,-2823.939198213854,2,True,population_collapse_convergence,72,differential_evolution_staged_direct_search,True,182,-574.9273189771201,8,False,maxiter_budget
2025-04-07,M612,1642.105130740742,1642.4001711792785,21,34954.96796300677,36579.64077524953,34388.45152638834,283.2582183092172,1907.9310305519775,0.0,36579.64077524953,1262.7897149880657,2086.7150194458136,3,1.1902646999951685,1.3093589000054635,0,differential_evolution_staged_direct_search,True,17,-4187.860779051991,2,True,population_collapse_convergence,36,differential_evolution_staged_direct_search,True,62,-3465.3056716114916,5,True,population_collapse_convergence,72,differential_evolution_staged_direct_search,True,182,-598.0093172773182,8,False,maxiter_budget
2025-04-08,M612,1642.4001711792785,1532.5541768436608,21,41365.30767311779,39304.78616468077,37244.26465624376,2060.521508437017,0.0,0.0,39304.78616468077,7039.677484830136,0.0,3,1.1319843000092078,1.2484316999907605,0,differential_evolution_staged_direct_search,True,17,-4455.009674110035,2,True,population_collapse_convergence,36,differential_evolution_staged_direct_search,True,52,-2716.6148723692468,4,True,population_collapse_convergence,72,differential_evolution_staged_direct_search,True,182,-626.9693817293055,8,False,maxiter_budget
2025-04-09,M612,1532.5541768436608,1637.6980109109518,21,40383.4671246155,40727.69986113321,39034.23663144137,674.615246587066,1018.8479831047812,0.0,40727.69986113321,1888.7912960781982,1396.0012963284025,3,1.0696004000055837,1.187681799987331,0,differential_evolution_staged_direct_search,True,12,-4455.009674110035,1,True,population_collapse_convergence,36,differential_evolution_staged_direct_search,True,32,-2877.764707736649,2,True,population_collapse_convergence,72,differential_evolution_staged_direct_search,True,182,-626.4649405004363,8,False,maxiter_budget
2025-04-10,M612,1637.6980109109518,1857.7130002509582,21,39333.96066508556,39130.49789213452,36699.10522079677,1317.4277221443906,1113.9649491933549,0.0,39130.49789213452,4074.6088039829965,1539.9603662745335,3,1.2689183999900706,1.3879865999915637,0,differential_evolution_staged_direct_search,True,17,-4455.100965669411,2,True,population_collapse_convergence,36,differential_evolution_staged_direct_search,True,92,-2952.700405213449,8,False,maxiter_budget,72,differential_evolution_staged_direct_search,True,182,-662.3808858175237,8,False,maxiter_budget
2025-04-11,M612,1857.7130002509582,1428.9266902859877,21,13689.24870633401,13639.871874511375,13590.495040688736,49.37683282263631,1.0000015731037593e-06,0.0,13639.871874511375,92.49857260216805,8.362615597121252e-07,3,1.3527719999983674,1.471179599990137,0,differential_evolution_staged_direct_search,True,27,-1464.182048828691,4,True,population_collapse_convergence,36,differential_evolution_staged_direct_search,True,92,-4455.600000000001,8,False,maxiter_budget,72,differential_evolution_staged_direct_search,True,182,-753.4919176228492,8,False,maxiter_budget
2025-04-12,M612,1428.9266902859877,2028.0147939858573,21,15193.703811038478,14900.175900641616,14606.647990244754,293.52791039686275,0.0,0.0,14900.175900641616,660.4645327067044,0.0,3,0.8592847999971127,0.983668700006092,0,differential_evolution_staged_direct_search,True,22,-1491.4470614608251,3,True,population_collapse_convergence,36,differential_evolution_staged_direct_search,True,92,-4455.600000000001,8,False,maxiter_budget,72,differential_evolution_staged_direct_search,True,102,-758.3525994770173,4,True,population_collapse_convergence
2025-04-13,M612,2028.0147939858573,1911.262158773566,21,36516.54546539366,36290.2744319349,36064.003398476125,226.27103345876728,0.0,0.0,36290.2744319349,991.2285058428563,0.0,3,1.1475496999919415,1.265329700006987,0,differential_evolution_staged_direct_search,True,22,-4454.499942803254,3,True,population_collapse_convergence,36,differential_evolution_staged_direct_search,True,42,-2762.4855293358705,3,True,population_collapse_convergence,72,differential_evolution_staged_direct_search,True,182,-684.7167593426335,8,False,maxiter_budget
2025-04-14,M612,1911.262158773566,1744.6452275925926,21,39022.72857947672,36454.033801717436,33885.33902395815,2568.6947777592814,0.0,463.7505744265406,36917.78437614398,8350.099544496148,0.0,3,1.2237126000109129,1.3394742000091355,0,differential_evolution_staged_direct_search,True,17,-4454.516590547718,2,True,population_collapse_convergence,36,differential_evolution_staged_direct_search,True,62,-2789.974196986699,5,True,population_collapse_convergence,72,differential_evolution_staged_direct_search,True,182,-724.3976223797322,8,False,maxiter_budget
2025-04-15,M612,1744.6452275925926,2001.2884353836355,21,34238.66066112138,34958.98964556861,33788.95789905811,224.85138103163314,945.1803654788617,0.0,34958.98964556861,1058.5333577038982,892.9300445262229,3,1.1247802999860141,1.2411661999940407,0,differential_evolution_staged_direct_search,True,12,-4128.763449055412,1,True,population_collapse_convergence,36,differential_evolution_staged_direct_search,True,42,-3321.2151772924226,3,True,population_collapse_convergence,72,differential_evolution_staged_direct_search,True,182,-543.7074610441063,8,False,maxiter_budget
2025-04-16,M612,2001.2884353836355,1837.6396965924469,21,37619.77259300327,37688.72733929852,36477.762629571684,571.0049817157912,639.9597280110413,0.0,37688.72733929852,2514.181195184484,490.9163248498497,3,1.0785732999938773,1.1965816000010818,0,differential_evolution_staged_direct_search,True,17,-4454.01357982187,2,True,population_collapse_convergence,36,differential_evolution_staged_direct_search,True,22,-3312.9938392761187,1,True,population_collapse_convergence,72,differential_evolution_staged_direct_search,True,182,-520.5613415749114,8,False,maxiter_budget
2025-04-17,M612,1837.6396965924469,1857.5457233990608,21,35247.861487836875,36758.6791652956,34477.757454513565,385.05201666165317,1895.8696941203793,0.0,36758.6791652956,1130.881623001841,2654.3254389357553,3,1.1080797999893548,1.2301792000071146,0,differential_evolution_staged_direct_search,True,47,-3882.7512152262684,8,False,maxiter_budget,36,differential_evolution_staged_direct_search,True,52,-3065.8562861926403,4,True,population_collapse_convergence,72,differential_evolution_staged_direct_search,True,142,-701.2924731992077,6,True,population_collapse_convergence
2025-04-18,M612,1857.5457233990608,2160.9521282379505,21,13990.058480891801,13916.809469973494,13843.560459055185,73.24901091830863,0.0,0.0,13916.809469973494,142.57664031038058,0.0,3,1.3260393000091426,1.449090800000704,0,differential_evolution_staged_direct_search,True,42,-1479.7807480339286,7,True,population_collapse_convergence,36,differential_evolution_staged_direct_search,True,92,-4455.600000000001,8,False,maxiter_budget,72,differential_evolution_staged_direct_search,True,162,-744.7293727508367,7,True,population_collapse_convergence
2025-04-19,M612,2160.9521282379505,1920.5426451313551,21,13124.590584866584,13698.519544870927,13124.590584866586,0.0,573.9289600043421,0.0,13698.519544870927,0.0,433.741638685402,3,1.4165982999984408,1.551453300009598,0,differential_evolution_staged_direct_search,True,17,-1458.5172010783358,2,True,population_collapse_convergence,36,differential_evolution_staged_direct_search,True,92,-4455.600000000001,8,False,maxiter_budget,72,differential_evolution_staged_direct_search,True,182,-731.6446708971936,8,False,maxiter_budget
2025-04-20,M612,1920.5426451313551,2033.7065642592615,21,35628.07451878097,35651.81901183077,35176.25688912983,225.9088148255726,249.65330787536743,0.0,35651.81901183077,971.7816806424557,216.56896744171905,3,1.3009971999999834,1.4188579000037862,0,differential_evolution_staged_direct_search,True,12,-4418.794160457424,1,True,population_collapse_convergence,36,differential_evolution_staged_direct_search,True,92,-3040.7196054600086,8,False,maxiter_budget,72,differential_evolution_staged_direct_search,True,182,-637.4065666403586,8,False,maxiter_budget
2025-04-21,M612,2033.7065642592615,1604.3734641329916,21,38117.67681790222,36104.673053025865,34091.66928814951,2013.0037648763553,0.0,0.0,36104.673053025865,7061.979402746171,0.0,3,1.1388750999904005,1.2587112999899546,0,differential_evolution_staged_direct_search,True,22,-4454.845139387323,3,True,population_collapse_convergence,36,differential_evolution_staged_direct_search,True,32,-4150.343900619023,2,True,population_collapse_convergence,72,differential_evolution_staged_direct_search,True,182,-709.2987999873953,8,False,maxiter_budget
2025-04-22,M612,1604.3734641329916,1770.004924094435,21,33636.30459561838,34994.91131011927,33636.30459561838,0.0,1358.6067145008892,0.0,34994.91131011927,0.0,1558.5559504068547,3,1.0848035000090022,1.2053440000017872,0,differential_evolution_staged_direct_search,True,17,-4122.722859974752,2,True,population_collapse_convergence,36,differential_evolution_staged_direct_search,True,32,-3074.1536194485825,2,True,population_collapse_convergence,72,differential_evolution_staged_direct_search,True,182,-609.1933693488113,8,False,maxiter_budget
2025-04-23,M612,1770.004924094435,2087.4534185185175,21,32867.151539658116,34737.60542500216,32867.15153965811,0.0,1870.4538853440472,0.0,34737.60542500216,0.0,2546.018622890491,3,1.1706816000078106,1.2914667000004556,0,differential_evolution_staged_direct_search,True,17,-3730.8306937052644,2,True,population_collapse_convergence,36,differential_evolution_staged_direct_search,True,42,-2891.5718083250604,3,True,population_collapse_convergence,72,differential_evolution_staged_direct_search,True,182,-573.8891145233708,8,False,maxiter_budget
2025-04-24,M612,2087.4534185185175,1821.0852241883547,21,33913.972534359724,34283.14850504576,33347.25267537776,283.359929490983,652.5359001770205,0.0,34283.14850504576,1264.9364305608337,517.2516831902041,3,1.1666286000108812,1.2825396999978693,0,differential_evolution_staged_direct_search,True,32,-4140.797203580552,5,True,population_collapse_convergence,36,differential_evolution_staged_direct_search,True,32,-3590.955726241517,2,True,population_collapse_convergence,72,differential_evolution_staged_direct_search,True,182,-653.4427302265163,8,False,maxiter_budget
2025-04-25,M612,1821.0852241883547,1499.9894232277231,21,13466.029950252096,13109.955565249464,12753.881180246832,356.0743850026315,0.0,0.0,13109.955565249464,751.5579132475641,0.0,3,1.2688208999898052,1.3845864000031725,0,differential_evolution_staged_direct_search,True,17,-1178.3967064944359,2,True,population_collapse_convergence,36,differential_evolution_staged_direct_search,True,92,-4455.600000000001,8,False,maxiter_budget,72,differential_evolution_staged_direct_search,True,182,-764.885521577698,8,False,maxiter_budget
2025-04-26,M612,1499.9894232277231,1643.0797859488464,21,13494.918518809714,13438.202765401727,13381.487011993739,56.715753407988316,0.0,0.0,13438.202765401727,113.51273116271238,0.0,3,1.2679856999893673,1.382699199995841,0,differential_evolution_staged_direct_search,True,22,-1230.1998048557869,3,True,population_collapse_convergence,36,differential_evolution_staged_direct_search,True,92,-4455.600000000001,8,False,maxiter_budget,72,differential_evolution_staged_direct_search,True,182,-777.5232839685126,8,False,maxiter_budget
2025-04-27,M612,1643.0797859488464,1529.322509444445,21,33472.92778293344,33721.633325298775,32819.21967980728,326.85405156308065,575.559593928413,659.1328128815362,34380.76613818031,1187.0487744698967,562.0255647006444,3,1.29049670000677,1.409117300005164,0,differential_evolution_staged_direct_search,True,17,-4073.3916086061486,2,True,population_collapse_convergence,36,differential_evolution_staged_direct_search,True,92,-2589.338167964162,8,False,maxiter_budget,72,differential_evolution_staged_direct_search,True,182,-669.649097686309,8,False,maxiter_budget
2025-04-28,M612,1529.322509444445,1993.801548708044,21,40764.48878058634,39792.954488067815,38100.134404554534,1332.1771880159029,360.64289549736907,0.0,39792.954488067815,4756.614598305587,493.1322787072179,3,1.2702227999980096,1.3883865000098012,0,differential_evolution_staged_direct_search,True,17,-4453.398264124929,2,True,population_collapse_convergence,36,differential_evolution_staged_direct_search,True,92,-2979.2782735751157,8,False,maxiter_budget,72,differential_evolution_staged_direct_search,True,182,-670.4236356685071,8,False,maxiter_budget
2025-04-29,M612,1993.801548708044,2007.734388888893,21,34565.74647049944,34902.359769741954,33848.71098455202,358.5177429737132,695.1310422162226,0.0,34902.359769741954,1523.8438899411526,555.9739159256256,3,1.1415936999983387,1.2587696999980835,0,differential_evolution_staged_direct_search,True,22,-4145.571892542025,3,True,population_collapse_convergence,36,differential_evolution_staged_direct_search,True,42,-3793.085658921277,3,True,population_collapse_convergence,72,differential_evolution_staged_direct_search,True,182,-608.689738013239,8,False,maxiter_budget
2025-04-30,M612,2007.734388888893,1501.278084074074,21,33255.323369757185,32767.891965697687,32280.460561638185,487.43140405950317,0.0,404.6437597538019,33172.53572545149,1151.101932243893,0.0,3,1.1049493000027724,1.2252047999936622,0,differential_evolution_staged_direct_search,True,17,-3621.2251471687314,2,True,population_collapse_convergence,36,differential_evolution_staged_direct_search,True,42,-3535.46509549954,3,True,population_collapse_convergence,72,differential_evolution_staged_direct_search,True,182,-704.0577141665965,8,True,maxiter_budget
2025-05-01,M612,1501.278084074074,1210.8405,21,35018.927860082695,34728.858237127206,34438.78861417172,290.069622955486,0.0,10500.713674644365,45229.57191177157,1000.9684156078381,0.0,3,1.3605095999955665,1.481927499989979,0,differential_evolution_staged_direct_search,True,17,-4148.610713461981,2,True,population_collapse_convergence,36,differential_evolution_staged_direct_search,True,92,-3022.8032979497234,8,False,maxiter_budget,72,differential_evolution_staged_direct_search,True,182,-701.9392339148321,8,False,maxiter_budget
2025-05-02,M612,1210.8405,1200.0,21,15061.987783720342,14850.2883238547,14638.588863989062,211.69945986563934,0.0,6929.527766010532,21779.81608986523,421.4401539348572,0.0,3,1.1987260000169044,1.3240921999968123,0,differential_evolution_staged_direct_search,True,27,-1506.6760698241746,4,True,population_collapse_convergence,36,differential_evolution_staged_direct_search,True,42,-4406.549703495182,3,True,population_collapse_convergence,72,differential_evolution_staged_direct_search,True,182,-316.9620403505042,8,False,maxiter_budget
2025-05-03,M612,1200.0,1216.2882212962963,21,14204.4969862562,14068.966949193888,13933.436912131578,135.53003706230888,0.0,7985.493847083591,22054.46079627748,258.77387810674776,0.0,3,1.3576410000096075,1.4730941000016173,0,differential_evolution_staged_direct_search,True,17,-1428.4157440797094,2,True,population_collapse_convergence,36,differential_evolution_staged_direct_search,True,92,-4455.600000000001,8,False,maxiter_budget,72,differential_evolution_staged_direct_search,True,182,7.858689273311895,8,False,maxiter_budget
2025-05-04,M612,1216.2882212962963,1257.9569999999999,21,37104.122747352565,35458.544817268325,33812.96688718407,1645.577930084245,0.0,9772.997971615863,45231.54278888419,5798.505070651532,0.0,3,1.1688706999993883,1.2890098000061698,0,differential_evolution_staged_direct_search,True,12,-4438.187247181339,1,True,population_collapse_convergence,36,differential_evolution_staged_direct_search,True,32,-4432.23290251614,2,True,population_collapse_convergence,72,differential_evolution_staged_direct_search,True,182,172.32516755886496,8,False,maxiter_budget
2025-05-05,M612,1257.9569999999999,1230.6944999999998,21,38656.90801430227,37135.25554337267,35613.60307244305,1521.6524709296118,0.0,7630.731308598443,44765.98685197111,4596.014520152611,0.0,3,1.2318022000108613,1.376111999998102,0,differential_evolution_staged_direct_search,True,17,-4452.9719625384105,2,True,population_collapse_convergence,36,differential_evolution_staged_direct_search,True,42,-3491.5208405294115,3,True,population_collapse_convergence,72,differential_evolution_staged_direct_search,True,182,407.1436616544505,8,False,maxiter_budget
2025-05-06,M612,1230.6944999999998,1200.0,21,33595.839792418,35057.05925615261,33341.82058986901,127.00960127449599,1588.2290650090965,8455.929220823102,43512.988476975705,375.6262291987915,2090.196831641216,3,1.15548439999111,1.2860987999883946,0,differential_evolution_staged_direct_search,True,17,-3656.224780802175,2,True,population_collapse_convergence,36,differential_evolution_staged_direct_search,True,32,-2737.5242181696676,2,True,population_collapse_convergence,72,differential_evolution_staged_direct_search,True,182,881.0132281145518,8,False,maxiter_budget
2025-05-07,M612,1200.0,1353.0848999999998,21,36315.737733845504,36932.1220549325,36118.73959342466,98.49907021042411,714.8833912974177,5597.218476632373,42529.34053156487,152.93699984334825,1022.2842718395791,3,1.2842489000031492,1.4037313999870094,0,differential_evolution_staged_direct_search,True,17,-4148.622209699611,2,True,population_collapse_convergence,36,differential_evolution_staged_direct_search,True,92,-2985.0225283592717,8,False,maxiter_budget,72,differential_evolution_staged_direct_search,True,182,502.6019643792107,8,False,maxiter_budget
2025-05-08,M612,1353.0848999999998,2729.425615916635,21,42019.14240781568,40551.10252414344,39083.06264047121,1468.0398836722347,0.0,556.4308677666662,41107.5333919101,5949.906433257512,0.0,3,1.2529026999836788,1.380482699998538,0,differential_evolution_staged_direct_search,True,17,-4454.308225980993,2,True,population_collapse_convergence,36,differential_evolution_staged_direct_search,True,32,-3059.904826603629,2,True,population_collapse_convergence,72,differential_evolution_staged_direct_search,True,182,769.0282390225095,8,False,maxiter_budget
2025-05-09,M612,2729.425615916635,3322.0550511859337,21,16458.51882049933,16415.736226587185,16372.953630675043,42.78259491214153,9.999989067921433e-07,267.3859096913661,16683.12213627855,90.33681112585555,8.362593299817221e-07,3,1.3044788999832235,1.4233107000036398,0,differential_evolution_staged_direct_search,True,17,-1429.8225762585566,2,True,population_collapse_convergence,36,differential_evolution_staged_direct_search,True,92,-4455.600000000001,8,False,maxiter_budget,72,differential_evolution_staged_direct_search,True,182,709.2081807539214,8,False,maxiter_budget
2025-05-10,M612,3322.0550511859337,3080.4026029187085,21,16202.135380791984,16357.388291052806,16202.135380791984,0.0,155.25291026082368,263.54470849571567,16620.93299954852,0.0,121.72172964109154,3,1.0990709000034258,1.213407700008247,0,differential_evolution_staged_direct_search,True,17,-1431.418381131546,2,True,population_collapse_convergence,36,differential_evolution_staged_direct_search,True,32,-4454.762100075286,2,True,population_collapse_convergence,72,differential_evolution_staged_direct_search,True,182,638.896477411673,8,False,maxiter_budget
2025-05-11,M612,3080.4026029187085,2789.1167520370386,21,40156.97852458224,39083.945119018834,37653.20738295048,1251.885570815882,178.8521652524699,185.28330416666628,39269.2284231855,5163.155692820681,147.56818847055774,3,1.2613598000025377,1.3786615999997593,0,differential_evolution_staged_direct_search,True,17,-4454.376137209389,2,True,population_collapse_convergence,36,differential_evolution_staged_direct_search,True,92,-3433.590706021894,8,False,maxiter_budget,72,differential_evolution_staged_direct_search,True,182,966.067950828193,8,False,maxiter_budget
2025-05-12,M612,2789.1167520370386,2942.487026296298,21,35941.59129161801,36817.12771335122,35685.49795598938,128.0466678143149,1003.5830895475204,0.0,36817.12771335122,622.6436557953557,912.0865216759729,3,1.2815531000087503,1.4051413999986835,0,differential_evolution_staged_direct_search,True,17,-3972.996686923282,2,True,population_collapse_convergence,36,differential_evolution_staged_direct_search,True,92,-3567.460784018713,8,False,maxiter_budget,72,differential_evolution_staged_direct_search,True,182,888.5133295136494,8,False,maxiter_budget
2025-05-13,M612,2942.487026296298,3111.853442962962,21,41222.298995703306,39679.86319754797,37358.85206013189,1931.7234677857045,389.28766963037094,0.0,39679.86319754797,7668.968435429137,367.0538293594685,3,1.1521210000064457,1.3345482000004267,0,differential_evolution_staged_direct_search,True,17,-4453.65645477964,2,True,population_collapse_convergence,36,differential_evolution_staged_direct_search,True,22,-3540.3032738865886,1,True,population_collapse_convergence,72,differential_evolution_staged_direct_search,True,182,738.3803789631648,8,False,maxiter_budget
2025-05-14,M612,3111.853442962962,2867.9762578435166,21,40684.5847258082,39984.08696381314,37284.359016196446,1700.1128548058773,999.6150928108161,0.0,39984.08696381314,5724.792582947597,1429.4510093728995,3,1.3238254000170855,1.4449368000059621,0,differential_evolution_staged_direct_search,True,17,-4325.764834033982,2,True,population_collapse_convergence,36,differential_evolution_staged_direct_search,True,92,-3097.012551638834,8,False,maxiter_budget,72,differential_evolution_staged_direct_search,True,182,280.24318705104116,8,False,maxiter_budget
2025-05-15,M612,2867.9762578435166,3237.7406870091518,21,39995.46354366245,39558.4974498041,37759.234277337644,1118.114633162401,681.1485393040516,0.0,39558.4974498041,3135.6220079233326,974.043385248179,3,1.2949024999979883,1.4210395000118297,0,differential_evolution_staged_direct_search,True,17,-4167.371538376932,2,True,population_collapse_convergence,36,differential_evolution_staged_direct_search,True,92,-3586.5123408501586,8,False,maxiter_budget,72,differential_evolution_staged_direct_search,True,182,277.0471007470276,8,False,maxiter_budget
2025-05-16,M612,3237.7406870091518,2351.9725179507764,21,16263.201777789862,15832.871215080397,15402.540652370933,430.3305627094644,0.0,0.0,15832.871215080397,835.214668739445,0.0,3,1.3454816000012215,1.4630948999983957,0,differential_evolution_staged_direct_search,True,22,-1068.5042309655232,3,True,population_collapse_convergence,36,differential_evolution_staged_direct_search,True,92,-4455.600000000001,8,False,maxiter_budget,72,differential_evolution_staged_direct_search,True,182,209.66939210112582,8,False,maxiter_budget
2025-05-17,M612,2351.9725179507764,2671.6634693886112,21,16636.29277862335,16374.446583428518,16112.600388233688,261.84619519482914,0.0,0.0,16374.446583428518,508.2497869351545,0.0,3,1.1891941999929259,1.3085494999977527,0,differential_evolution_staged_direct_search,True,17,-1116.7668108962303,2,True,population_collapse_convergence,36,differential_evolution_staged_direct_search,True,42,-4455.284401808372,3,True,population_collapse_convergence,72,differential_evolution_staged_direct_search,True,182,338.9239878680204,8,False,maxiter_budget
2025-05-18,M612,2671.6634693886112,2904.577848188996,21,41708.98816118499,39934.63830377882,38160.288446372644,1774.3498574061732,0.0,0.0,39934.63830377882,6861.598112842235,0.0,3,1.3364937000005739,1.4650082000007387,0,differential_evolution_staged_direct_search,True,22,-4452.499917126594,3,True,population_collapse_convergence,36,differential_evolution_staged_direct_search,True,92,-3343.0279320194927,8,False,maxiter_budget,72,differential_evolution_staged_direct_search,True,182,427.2670628465182,8,False,maxiter_budget
2025-05-19,M612,2904.577848188996,2517.9960746296306,21,37418.15415835409,37139.29600962721,36341.86270904065,538.1457246567198,259.287575929833,0.0,37139.29600962721,2449.5834920894554,234.09894675702026,3,1.2730079000029946,1.396723199999542,0,differential_evolution_staged_direct_search,True,17,-4453.646117243387,2,True,population_collapse_convergence,36,differential_evolution_staged_direct_search,True,32,-3787.5177459681713,2,True,population_collapse_convergence,72,differential_evolution_staged_direct_search,True,182,272.9950224539161,8,False,maxiter_budget
2025-05-20,M612,2517.9960746296306,2582.8664400000007,21,37417.34622408531,38423.95415280179,36886.581343687,265.382440199157,1271.9903689156233,0.0,38423.95415280179,1188.708620632031,1531.6725392946912,3,1.255622599986964,1.3960618000128306,0,differential_evolution_staged_direct_search,True,12,-4145.358735482157,1,True,population_collapse_convergence,36,differential_evolution_staged_direct_search,True,52,-3475.5887549779545,4,True,population_collapse_convergence,72,differential_evolution_staged_direct_search,True,182,28.897920754278434,8,False,maxiter_budget
2025-05-21,M612,2582.8664400000007,2660.510076666668,21,35822.74992995072,37782.50972488156,35639.93320835097,91.40836079987352,2051.1681557307093,0.0,37782.50972488156,444.4850999264455,2434.0984339980014,3,1.1457429000001866,1.272044299999834,0,differential_evolution_staged_direct_search,True,17,-3351.812436114485,2,True,population_collapse_convergence,36,differential_evolution_staged_direct_search,True,32,-2744.629225938799,2,True,population_collapse_convergence,72,differential_evolution_staged_direct_search,True,182,315.63285147478416,8,False,maxiter_budget
2025-05-22,M612,2660.510076666668,2810.2977425241947,21,37021.21058077496,36690.90340030196,36360.59621982897,330.307180472994,0.0,0.0,36690.90340030196,879.8395404054036,0.0,3,1.4281384999776492,1.5604590000002645,0,differential_evolution_staged_direct_search,True,17,-4149.12246311244,2,True,population_collapse_convergence,36,differential_evolution_staged_direct_search,True,42,-3574.882895319691,3,True,population_collapse_convergence,72,differential_evolution_staged_direct_search,True,182,35.18059529470404,8,False,maxiter_budget
2025-05-23,M612,2810.2977425241947,3410.273942724858,21,15528.805737192932,16091.56244354688,15528.805737192934,0.0,562.7567063539467,0.0,16091.56244354688,0.0,436.54782671542057,3,1.4013043000013568,1.534232099991641,0,differential_evolution_staged_direct_search,True,27,-1128.4840717666718,4,True,population_collapse_convergence,36,differential_evolution_staged_direct_search,True,92,-4455.600000000001,8,False,maxiter_budget,72,differential_evolution_staged_direct_search,True,182,340.6143819715368,8,False,maxiter_budget
2025-05-24,M612,3410.273942724858,3151.384612976082,21,16156.148319566115,15861.206991843794,15566.265664121467,294.941327722324,0.0,0.0,15861.206991843794,537.271636032907,0.0,3,1.3072672999987844,1.4306770999974106,0,differential_evolution_staged_direct_search,True,17,-1043.9795325235018,2,True,population_collapse_convergence,36,differential_evolution_staged_direct_search,True,92,-4455.600000000001,8,False,maxiter_budget,72,differential_evolution_staged_direct_search,True,182,-22.88094012138074,8,False,maxiter_budget
2025-05-25,M612,3151.384612976082,2605.962408888889,21,37145.315013476655,36481.23866717851,35761.36456798156,691.9752227475451,27.898876449404398,84.05219626666586,36565.29086344518,3118.9081330637105,24.97688945560077,3,1.1853902999864658,1.3082424000022002,0,differential_evolution_staged_direct_search,True,17,-4451.64404493861,2,True,population_collapse_convergence,36,differential_evolution_staged_direct_search,True,42,-3727.593208570887,3,True,population_collapse_convergence,72,differential_evolution_staged_direct_search,True,182,295.1512492377257,8,False,maxiter_budget
2025-05-26,M612,2605.962408888889,2755.259756823328,21,36531.2541320076,38789.97660600961,36531.2541320076,0.0,2258.72247400201,0.0,38789.97660600961,0.0,3343.3652526000037,3,1.3636996999994153,1.4860430999979144,0,differential_evolution_staged_direct_search,True,17,-4190.514320174894,2,True,population_collapse_convergence,36,differential_evolution_staged_direct_search,True,92,-2389.93385140244,8,False,maxiter_budget,72,differential_evolution_staged_direct_search,True,182,-75.88608901990095,8,False,maxiter_budget
2025-05-27,M612,2755.259756823328,2146.939675857575,21,35041.6095413508,35440.76515413924,34713.9823692006,163.81358607510018,562.9691988635359,0.0,35440.76515413924,276.32041242640037,805.0467594216157,3,1.5414488000096753,1.6723267999914242,0,differential_evolution_staged_direct_search,True,12,-3496.0512073771133,1,True,population_collapse_convergence,36,differential_evolution_staged_direct_search,True,32,-3410.018841197333,2,True,population_collapse_convergence,72,differential_evolution_staged_direct_search,True,182,128.39580961757378,8,False,maxiter_budget
2025-05-28,M612,2146.939675857575,2452.5265579629645,21,38632.45181534961,37579.625369317204,36336.46272096287,1147.9945471933702,95.16810116097034,0.0,37579.625369317204,5072.0857797284725,70.94137524501703,3,1.4831191999837756,1.6312501999927917,0,differential_evolution_staged_direct_search,True,12,-4453.646117243387,1,True,population_collapse_convergence,36,differential_evolution_staged_direct_search,True,92,-2510.7642978117024,8,False,maxiter_budget,72,differential_evolution_staged_direct_search,True,182,-271.81469266327696,8,False,maxiter_budget
2025-05-29,M612,2452.5265579629645,1680.8202299999998,21,37344.352497870466,37704.86500787148,35787.998315473786,778.1770911983427,1138.689601199356,169.69994559884702,37874.564953470326,3007.8678914078814,1566.250497893116,3,1.4008452000125544,1.550018399997498,0,differential_evolution_staged_direct_search,True,22,-4453.646117243387,3,True,population_collapse_convergence,36,differential_evolution_staged_direct_search,True,32,-3011.4810009186685,2,True,population_collapse_convergence,72,differential_evolution_staged_direct_search,True,182,-711.5767368838502,8,False,maxiter_budget
2025-05-30,M612,1680.8202299999998,2315.5937843065835,21,15568.907415718819,15443.318922759694,15317.730429800567,125.58849295912515,0.0,0.0,15443.318922759694,210.79180364835605,0.0,3,1.578226800003904,1.7288988000073005,0,differential_evolution_staged_direct_search,True,12,-1140.3175530969597,1,True,population_collapse_convergence,36,differential_evolution_staged_direct_search,True,92,-4455.600000000001,8,False,maxiter_budget,72,differential_evolution_staged_direct_search,True,182,-854.2917726778549,8,False,maxiter_budget
2025-05-31,M612,2315.5937843065835,2255.5819797779945,21,16651.511561726376,15918.731329344959,15185.951096963538,732.7802323814208,0.0,0.0,15918.731329344959,1598.543874148167,0.0,3,1.1285734999983106,1.279581099995994,0,differential_evolution_staged_direct_search,True,17,-1458.2026066509816,2,True,population_collapse_convergence,36,differential_evolution_staged_direct_search,True,92,-4455.600000000001,8,False,maxiter_budget,72,differential_evolution_staged_direct_search,True,122,-865.7868268674835,5,True,population_collapse_convergence
2025-06-01,M612,2255.5819797779945,1200.0,21,47612.11229682254,45638.16651794669,42237.14335127805,2687.4844727722425,713.5386938963911,24949.40497674665,70587.57149469334,7656.721087009032,592.9871208122588,3,1.1895165000023553,1.3261256999976467,0,differential_evolution_staged_direct_search,True,12,-4454.154678915149,1,True,population_collapse_convergence,36,differential_evolution_staged_direct_search,True,92,-2384.606042447866,8,False,maxiter_budget,72,differential_evolution_staged_direct_search,True,162,-666.1290686409195,7,True,population_collapse_convergence
2025-06-02,M612,1200.0,1200.0,21,48955.9386229792,45591.66854848055,42227.3984739819,3364.2700744986532,0.0,17873.214303435598,63464.88285191615,10418.221097587477,0.0,3,1.3329422999959206,1.4560255999967922,0,differential_evolution_staged_direct_search,True,12,-4436.774004990438,1,True,population_collapse_convergence,36,differential_evolution_staged_direct_search,True,92,-3335.493867851266,8,False,maxiter_budget,72,differential_evolution_staged_direct_search,True,182,256.90138011302685,8,False,maxiter_budget
2025-06-03,M612,1200.0,1200.0,21,45009.39644648436,43659.34004845152,42309.283647119955,1350.0563996821986,1.649360533479083e-06,18721.425123040346,62380.76517149187,4897.026767492822,1.376187345414337e-06,3,1.4013846000016201,1.543758700005128,0,differential_evolution_staged_direct_search,True,12,-4420.011393910751,1,True,population_collapse_convergence,36,differential_evolution_staged_direct_search,True,42,-2710.45750027274,3,True,population_collapse_convergence,72,differential_evolution_staged_direct_search,True,182,1192.3913205110866,8,False,maxiter_budget
2025-06-04,M612,1200.0,1200.0,21,52135.31854319952,48020.516222076745,43905.71390095395,4114.8023211227855,0.0,12505.733696462494,60526.24991853924,11900.992535519052,0.0,3,1.1671702000166988,1.300997999991523,0,differential_evolution_staged_direct_search,True,17,-4412.2325564661005,2,True,population_collapse_convergence,36,differential_evolution_staged_direct_search,True,32,-2941.1789479269173,2,True,population_collapse_convergence,72,differential_evolution_staged_direct_search,True,182,1312.6312699939574,8,False,maxiter_budget
2025-06-05,M612,1200.0,1200.0,21,45227.60415212932,45370.92104505103,44046.50159216692,590.5512799812038,733.8681729029022,13924.33281733674,59295.25386238777,2309.404656722363,598.0108107986032,3,1.4295161000045482,1.5602636999974493,0,differential_evolution_staged_direct_search,True,12,-4403.746892136603,1,True,population_collapse_convergence,36,differential_evolution_staged_direct_search,True,92,-2964.877197868717,8,False,maxiter_budget,72,differential_evolution_staged_direct_search,True,182,1998.825306561497,8,False,maxiter_budget
2025-06-06,M612,1200.0,1217.4015067769167,21,19598.279330764977,19320.331570020528,18785.40497355874,406.43717860311926,128.48941785866975,11039.316312351963,30359.64788237249,819.8006781067121,108.14785527876367,3,1.275481500008027,1.4071470000053523,0,differential_evolution_staged_direct_search,True,12,-1594.5806801830684,1,True,population_collapse_convergence,36,differential_evolution_staged_direct_search,True,52,-4194.385369025304,4,True,population_collapse_convergence,72,differential_evolution_staged_direct_search,True,182,794.8229790471709,8,False,maxiter_budget
2025-06-07,M612,1217.4015067769167,1342.1828953291058,21,21888.802858158288,21657.701496395362,21426.600134632437,231.1013617629246,0.0,8131.048296316771,29788.749792712133,887.2427312336694,0.0,3,1.3082350000040606,1.4339722000004258,0,differential_evolution_staged_direct_search,True,17,-3637.597355292447,2,True,population_collapse_convergence,36,differential_evolution_staged_direct_search,True,92,-4455.600000000001,8,False,maxiter_budget,72,differential_evolution_staged_direct_search,True,182,1140.5875803106626,8,False,maxiter_budget
2025-06-08,M612,1342.1828953291058,3741.648220185184,21,50987.49272918918,50614.5540862764,47747.470680013605,1620.01102458779,1247.072381675016,387.5371005083338,51002.09118678474,6443.316048265271,1222.366945517735,3,1.1626337000052445,1.2915001000073971,0,differential_evolution_staged_direct_search,True,22,-4440.221052420941,3,True,population_collapse_convergence,36,differential_evolution_staged_direct_search,True,32,-3503.598596135644,2,True,population_collapse_convergence,72,differential_evolution_staged_direct_search,True,182,1235.1370608682973,8,False,maxiter_budget
2025-06-09,M612,3741.648220185184,3456.9995203703706,21,56534.51379317946,54264.43175929221,51994.34972540496,2270.0820338872495,0.0,0.0,54264.43175929221,6679.093948684094,0.0,3,1.4807352000061655,1.5994532000040635,0,differential_evolution_staged_direct_search,True,17,-4441.080598023063,2,True,population_collapse_convergence,36,differential_evolution_staged_direct_search,True,92,-3370.6150551766,8,False,maxiter_budget,72,differential_evolution_staged_direct_search,True,182,637.8290728596785,8,False,maxiter_budget
2025-06-10,M612,3456.9995203703706,3482.000047846142,21,52327.329689213795,52198.1989046422,52069.06812007062,129.1307845715891,0.0,0.0,52198.1989046422,496.2996802521054,0.0,3,1.6693814999889582,1.8141433999990113,0,differential_evolution_staged_direct_search,True,22,-4441.916501900326,3,True,population_collapse_convergence,36,differential_evolution_staged_direct_search,True,92,-3288.685773117226,8,False,maxiter_budget,72,differential_evolution_staged_direct_search,True,182,1416.1783547654395,8,False,maxiter_budget
2025-06-11,M612,3482.000047846142,3500.2818514146743,21,56705.13506293936,57213.54809845487,55385.54817729932,659.7934428200169,1168.2064783355338,0.0,57213.54809845487,1427.4519957489883,939.2892649088917,3,1.2688120999955572,1.4090031000087038,0,differential_evolution_staged_direct_search,True,17,-4442.647397650459,2,True,population_collapse_convergence,36,differential_evolution_staged_direct_search,True,32,-2168.720744046582,2,True,population_collapse_convergence,72,differential_evolution_staged_direct_search,True,182,458.18737994458087,8,False,maxiter_budget
2025-06-12,M612,3500.2818514146743,3850.8528570742865,21,54810.91083778195,54037.23696497604,53263.56309217012,773.6738728059195,0.0,0.0,54037.23696497604,2294.502374867714,0.0,3,1.2359032000094885,1.3610680999991018,0,differential_evolution_staged_direct_search,True,17,-4442.513191218166,2,True,population_collapse_convergence,36,differential_evolution_staged_direct_search,True,42,-3290.0473264870648,3,True,population_collapse_convergence,72,differential_evolution_staged_direct_search,True,182,736.0846400172434,8,False,maxiter_budget
2025-06-13,M612,3850.8528570742865,4002.4339977961904,21,24102.623258915213,23910.602882501957,23718.582506088693,192.02037641326118,0.0,0.0,23910.602882501957,320.4089669219987,0.0,3,1.36387790000299,1.4898585999908391,0,differential_evolution_staged_direct_search,True,27,-1850.3241153524064,4,True,population_collapse_convergence,36,differential_evolution_staged_direct_search,True,92,-3995.860748470749,8,False,maxiter_budget,72,differential_evolution_staged_direct_search,True,182,857.7331932394256,8,False,maxiter_budget
2025-06-14,M612,4002.4339977961904,3805.4856820738255,21,24393.430809296005,24050.35632326849,23707.281837240975,343.07448602751685,0.0,0.0,24050.35632326849,630.5268334572233,0.0,3,1.3150183999969158,1.4379455000016605,0,differential_evolution_staged_direct_search,True,22,-2055.9606667708044,3,True,population_collapse_convergence,36,differential_evolution_staged_direct_search,True,92,-4455.600000000001,8,False,maxiter_budget,72,differential_evolution_staged_direct_search,True,182,406.0742365505938,8,False,maxiter_budget
2025-06-15,M612,3805.4856820738255,4170.020498140903,21,50651.54555241151,53217.81884450909,50609.37221834118,21.086667035165014,2587.359959132742,0.0,53217.81884450909,62.25841542438275,3447.375406115888,3,1.1818271000083769,1.3125829000055091,0,differential_evolution_staged_direct_search,True,27,-4442.040610231388,4,True,population_collapse_convergence,36,differential_evolution_staged_direct_search,True,32,-2989.8417021422974,2,True,population_collapse_convergence,72,differential_evolution_staged_direct_search,True,182,632.6568910958617,8,False,maxiter_budget
2025-06-16,M612,4170.020498140903,3679.2147812403714,21,52900.74912368371,53360.875559407476,52141.70312839816,379.5229976427721,839.6494333665281,0.0,53360.875559407476,750.1289506904772,1063.1247305976522,3,1.112693200018839,1.237080299993977,0,differential_evolution_staged_direct_search,True,17,-4442.266325189446,2,True,population_collapse_convergence,36,differential_evolution_staged_direct_search,True,32,-2597.465767560839,2,True,population_collapse_convergence,72,differential_evolution_staged_direct_search,True,182,825.377438973115,8,False,maxiter_budget
2025-06-17,M612,3679.2147812403714,3524.9293440764395,21,53540.078962859814,54320.30042362848,53076.755216696685,231.66187308156628,1011.8833338502287,36.60226710762418,54356.902690736104,471.6285640145338,1214.812749518936,3,1.2716562000132399,1.3896454000059748,0,differential_evolution_staged_direct_search,True,17,-4439.307342370713,2,True,population_collapse_convergence,36,differential_evolution_staged_direct_search,True,92,-3060.3981526332523,8,False,maxiter_budget,72,differential_evolution_staged_direct_search,True,182,1017.0299365575083,8,False,maxiter_budget
2025-06-18,M612,3524.9293440764395,3631.913233363966,21,54210.90480820433,53900.24588403147,51880.10769956252,1165.398554320899,854.7396301480417,0.0,53900.24588403147,3361.6518972367253,953.7381558765169,3,1.2849324999988312,1.4047431999933906,0,differential_evolution_staged_direct_search,True,27,-4440.904227202221,4,True,population_collapse_convergence,36,differential_evolution_staged_direct_search,True,92,-2908.0194882686505,8,False,maxiter_budget,72,differential_evolution_staged_direct_search,True,182,1389.6232552439824,8,False,maxiter_budget
2025-06-19,M612,3631.913233363966,3691.595995312242,21,51078.19734381665,52373.30417172831,48433.57544524492,1322.3109492858682,2617.41777719752,1.0355553083300035,52374.33972703664,3846.084576760127,2381.4613305188996,3,1.1332203000056325,1.250000200001523,0,differential_evolution_staged_direct_search,True,22,-4440.083692921859,3,True,population_collapse_convergence,36,differential_evolution_staged_direct_search,True,42,-3377.6010871772764,3,True,population_collapse_convergence,72,differential_evolution_staged_direct_search,True,182,1764.3858177292489,8,False,maxiter_budget
2025-06-20,M612,3691.595995312242,4016.5305066584356,21,23516.02654224544,23208.086637186185,22900.146732126923,307.93990505925893,0.0,0.0,23208.086637186185,518.4029845952341,0.0,3,1.24796750000678,1.361621499992907,0,differential_evolution_staged_direct_search,True,17,-1516.4417542151355,2,True,population_collapse_convergence,36,differential_evolution_staged_direct_search,True,92,-4454.130662456827,8,False,maxiter_budget,72,differential_evolution_staged_direct_search,True,182,618.9810946942926,8,False,maxiter_budget
2025-06-21,M612,4016.5305066584356,4571.601371775228,21,22993.88745991912,22796.54817747842,22599.208895037726,197.33928244069634,0.0,0.0,22796.54817747842,314.20951288395213,0.0,3,1.316929300010088,1.4382362999895122,0,differential_evolution_staged_direct_search,True,22,-1592.4007599074002,3,True,population_collapse_convergence,36,differential_evolution_staged_direct_search,True,92,-4455.600000000001,8,False,maxiter_budget,72,differential_evolution_staged_direct_search,True,182,879.3868290452838,8,False,maxiter_budget
2025-06-22,M612,4571.601371775228,3738.675093060176,21,48255.64501975743,49560.66559238948,46840.35634138064,707.6443391883957,2012.6649118204411,0.0,49560.66559238948,2904.4740119798425,1812.8789265903756,3,1.1895197000121698,1.3387367999966955,0,differential_evolution_staged_direct_search,True,12,-4435.839806393159,1,True,population_collapse_convergence,36,differential_evolution_staged_direct_search,True,42,-3686.0807874763427,3,True,population_collapse_convergence,72,differential_evolution_staged_direct_search,True,182,1861.6738061608933,8,False,maxiter_budget
2025-06-23,M612,3738.675093060176,2956.7318565948335,21,50136.24888646594,49220.51221863671,48304.77555080748,915.7366678292326,0.0,0.0,49220.51221863671,3059.2728560871,0.0,3,1.1460869000147795,1.2630952000035904,0,differential_evolution_staged_direct_search,True,32,-4423.939079365704,5,True,population_collapse_convergence,36,differential_evolution_staged_direct_search,True,42,-3260.547195719304,3,True,population_collapse_convergence,72,differential_evolution_staged_direct_search,True,182,1503.17683146924,8,False,maxiter_budget
2025-06-24,M612,2956.7318565948335,3061.269743811272,21,57553.40637482068,56180.69215687649,54807.9779389323,1372.7142179441855,0.0,10.808156129136906,56191.50031300563,3825.895916402191,0.0,3,1.105309499995201,1.2208378999930574,0,differential_evolution_staged_direct_search,True,17,-4419.557525711705,2,True,population_collapse_convergence,36,differential_evolution_staged_direct_search,True,42,-2830.476546613002,3,True,population_collapse_convergence,72,differential_evolution_staged_direct_search,True,182,1461.6696000194027,8,False,maxiter_budget
2025-06-25,M612,3061.269743811272,2712.9502886653513,21,49409.22227156703,50647.991290806924,48026.109960151836,691.5561557075973,1930.3251749474907,419.7617492818293,51067.753040088755,2649.140489701819,1651.5475282471918,3,1.1055562999827089,1.2222355999983847,0,differential_evolution_staged_direct_search,True,12,-4407.646826469442,1,True,population_collapse_convergence,36,differential_evolution_staged_direct_search,True,42,-3303.6233399820035,3,True,population_collapse_convergence,72,differential_evolution_staged_direct_search,True,182,2152.7449869562925,8,False,maxiter_budget
2025-06-26,M612,2712.9502886653513,2265.0946801093673,21,48293.61557889463,48861.97773077454,47567.12889596078,363.24334146692445,931.6054933468371,119.4183810717722,48981.39611184631,1437.906653306745,1005.5688633996798,3,1.1075173999997787,1.2264950000098906,0,differential_evolution_staged_direct_search,True,17,-4417.3911471137735,2,True,population_collapse_convergence,36,differential_evolution_staged_direct_search,True,42,-3205.7798102295937,3,True,population_collapse_convergence,72,differential_evolution_staged_direct_search,True,182,1369.627196557585,8,False,maxiter_budget
2025-06-27,M612,2265.0946801093673,2444.6655608712786,21,21409.178195633212,20690.6264291747,19972.074662716186,718.5517664585118,0.0,0.0,20690.6264291747,1701.0972526236599,0.0,3,1.2652576000109548,1.3807223000039812,0,differential_evolution_staged_direct_search,True,17,-1789.2097171137073,2,True,population_collapse_convergence,36,differential_evolution_staged_direct_search,True,92,-4455.600000000001,8,False,maxiter_budget,72,differential_evolution_staged_direct_search,True,182,647.9272698691675,8,False,maxiter_budget
2025-06-28,M612,2444.6655608712786,2036.2964788415811,21,19854.52026811019,19695.351404179506,19536.182540248818,159.16886393068722,0.0,0.0,19695.351404179506,295.7081731907066,0.0,3,1.0652337000065017,1.1782839000079548,0,differential_evolution_staged_direct_search,True,12,-1377.3418826660525,1,True,population_collapse_convergence,36,differential_evolution_staged_direct_search,True,32,-4308.004190764195,2,True,population_collapse_convergence,72,differential_evolution_staged_direct_search,True,182,-62.96019660235451,8,False,maxiter_budget
2025-06-29,M612,2036.2964788415811,2035.4736757641185,21,45483.88178721046,48088.97052548421,44404.876250657115,539.5027682766708,3144.591506550424,111.63123082500024,48200.60175630921,1431.937883088229,2936.46065757033,3,1.1477578000049107,1.2647037999995518,0,differential_evolution_staged_direct_search,True,27,-4454.581948224575,4,True,population_collapse_convergence,36,differential_evolution_staged_direct_search,True,92,-3301.645568471018,8,False,maxiter_budget,72,differential_evolution_staged_direct_search,True,162,-599.0034530018182,7,True,population_collapse_convergence
2025-06-30,M612,2035.4736757641185,1876.907302562379,21,50409.61871426849,49228.796744470965,47874.4250342141,1267.5968400271918,86.77487022967031,158.98018780833252,49387.776932279296,3680.4932740424165,61.187470655299876,3,1.228709599992726,1.3481547999981558,0,differential_evolution_staged_direct_search,True,12,-4454.581948224575,1,True,population_collapse_convergence,36,differential_evolution_staged_direct_search,True,92,-2877.42497259456,8,False,maxiter_budget,72,differential_evolution_staged_direct_search,True,182,-608.4554862874079,8,False,maxiter_budget
2025-07-01,M612,1876.907302562379,1200.0,21,44301.162653337175,48170.139225949184,44301.16265333718,0.0,3868.9765726120067,35049.93603197718,83220.07525792636,0.0,3714.4845056754616,3,0.9745400000101654,1.0946869000035804,0,differential_evolution_staged_direct_search,True,12,-4454.581948224575,1,True,population_collapse_convergence,36,differential_evolution_staged_direct_search,True,42,-2558.094701438415,3,True,population_collapse_convergence,72,differential_evolution_staged_direct_search,True,162,-612.6674129529964,7,True,population_collapse_convergence
2025-07-02,M612,1200.0,1200.0,21,42645.80251335504,44547.124853018104,42645.80251335504,0.0,1901.322339663056,30435.852380773606,74982.97723379171,0.0,2612.1973041328056,3,1.255753299992648,1.3718268000084208,0,differential_evolution_staged_direct_search,True,22,-4355.768667220736,3,True,population_collapse_convergence,36,differential_evolution_staged_direct_search,True,92,-2564.294468751599,8,False,maxiter_budget,72,differential_evolution_staged_direct_search,True,182,581.8622770150347,8,False,maxiter_budget
2025-07-03,M612,1200.0,1200.0,21,48766.527154354655,51026.41336195562,47316.25956708825,725.133793633203,2985.020001234174,24818.308812812098,75844.72217476772,2017.2482380647593,2633.2455925562017,3,1.1489767999883043,1.2655261000036262,0,differential_evolution_staged_direct_search,True,12,-4343.776637221815,1,True,population_collapse_convergence,36,differential_evolution_staged_direct_search,True,52,-2079.4706450448057,4,True,population_collapse_convergence,72,differential_evolution_staged_direct_search,True,182,1742.0732251931213,8,False,maxiter_budget
2025-07-04,M612,1200.0,1200.00000662538,21,19416.953335471553,20108.230676138097,19191.207765622028,112.87278492476243,804.1501255913035,27009.268013184457,47117.49868932256,180.03269407040005,623.5746412021665,3,1.175451700008125,1.2877587999973912,0,differential_evolution_staged_direct_search,True,47,-965.6512343125264,8,False,maxiter_budget,36,differential_evolution_staged_direct_search,True,32,-4279.9382571758615,2,True,population_collapse_convergence,72,differential_evolution_staged_direct_search,True,182,1583.936788981471,8,False,maxiter_budget
2025-07-05,M612,1200.00000662538,1207.7429999999997,21,20885.597306823598,21730.609656884568,20367.96267998236,258.8173134206183,1103.8296634815874,21922.94275102579,43653.552407910356,412.99685838291845,850.67301943974,3,1.2466399999975692,1.3608141000004252,0,differential_evolution_staged_direct_search,True,17,-1149.9085540139906,2,True,population_collapse_convergence,36,differential_evolution_staged_direct_search,True,92,-4195.408978702105,8,False,maxiter_budget,72,differential_evolution_staged_direct_search,True,182,2086.3382685255465,8,False,maxiter_budget
2025-07-06,M612,1207.7429999999997,1200.0,21,48918.02831802271,52449.57209857872,48899.003712695034,9.512302663839138,3541.056083219848,17367.210291101877,69816.7823896806,28.42038441541422,4863.390598175375,3,1.2569798000040464,1.3773981999984244,0,differential_evolution_staged_direct_search,True,17,-4123.338842394266,2,True,population_collapse_convergence,36,differential_evolution_staged_direct_search,True,52,-1850.7969257875932,4,True,population_collapse_convergence,72,differential_evolution_staged_direct_search,True,182,3313.3093986895556,8,False,maxiter_budget
2025-07-07,M612,1200.0,1320.7775100000001,21,49759.158449696806,49224.97241590109,48690.78638210538,534.1860337957071,0.0,6344.711333858061,55569.68374975915,1671.952021949025,0.0,3,1.150186799990479,1.2806286999984877,0,differential_evolution_staged_direct_search,True,27,-4359.611201470642,4,True,population_collapse_convergence,36,differential_evolution_staged_direct_search,True,32,-3425.492615815122,2,True,population_collapse_convergence,72,differential_evolution_staged_direct_search,True,182,1977.5953197211977,8,False,maxiter_budget
2025-07-08,M612,1320.7775100000001,3919.056853861299,21,63751.8108902516,61192.636758605986,58633.46262696036,2559.174131645618,0.0,0.0,61192.636758605986,7720.236449200238,0.0,3,1.4531187999964459,1.5915028000017628,0,differential_evolution_staged_direct_search,True,17,-4375.180132993058,2,True,population_collapse_convergence,36,differential_evolution_staged_direct_search,True,62,-2199.0952541679762,5,True,population_collapse_convergence,72,differential_evolution_staged_direct_search,True,182,2064.4883794143034,8,False,maxiter_budget
2025-07-09,M612,3919.056853861299,4178.78918125549,21,61992.79342418462,59100.76993815954,56208.74645213446,2892.0234860250807,0.0,28.02070767500043,59128.79064583454,8804.099136111774,0.0,3,1.296052800011239,1.4163715999893611,0,differential_evolution_staged_direct_search,True,17,-4375.337578806958,2,True,population_collapse_convergence,36,differential_evolution_staged_direct_search,True,92,-2766.6161663711446,8,False,maxiter_budget,72,differential_evolution_staged_direct_search,True,182,1923.03118989034,8,False,maxiter_budget
2025-07-10,M612,4178.78918125549,3839.443209081998,21,57999.23272757204,56758.96109228289,55518.68945699374,1240.271635289149,0.0,0.0,56758.96109228289,3812.9338409886914,0.0,3,1.090526999993017,1.2047970999992685,0,differential_evolution_staged_direct_search,True,12,-4375.601017353879,1,True,population_collapse_convergence,36,differential_evolution_staged_direct_search,True,42,-2128.746639689558,3,True,population_collapse_convergence,72,differential_evolution_staged_direct_search,True,182,1627.337756106789,8,False,maxiter_budget
2025-07-11,M612,3839.443209081998,4054.002758584173,21,31913.964279298187,31145.249423152796,30376.534567007402,768.7148561453937,0.0,0.0,31145.249423152796,1798.297370172186,0.0,3,1.1668517000071006,1.2794646999973338,0,differential_evolution_staged_direct_search,True,27,-2496.504209641045,4,True,population_collapse_convergence,36,differential_evolution_staged_direct_search,True,42,-4418.086662172267,3,True,population_collapse_convergence,72,differential_evolution_staged_direct_search,True,182,533.9775329769689,8,False,maxiter_budget
2025-07-12,M612,4054.002758584173,4136.354174259261,21,30153.958668910043,30349.213047144138,30153.958668910043,0.0,195.25437823409433,0.0,30349.213047144138,0.0,192.95756483474798,3,1.1103398999985075,1.22565300000133,0,differential_evolution_staged_direct_search,True,17,-2234.5542528726155,2,True,population_collapse_convergence,36,differential_evolution_staged_direct_search,True,32,-4414.53841875708,2,True,population_collapse_convergence,72,differential_evolution_staged_direct_search,True,182,1478.7276852241553,8,False,maxiter_budget
2025-07-13,M612,4136.354174259261,3990.9190000000017,21,62463.949346655085,58236.23181059059,54008.5142745261,4227.717536064499,0.0,236.06458757500076,58472.296398165585,12164.906721990907,0.0,3,1.12038580000808,1.231308699992951,0,differential_evolution_staged_direct_search,True,17,-4375.916303666404,2,True,population_collapse_convergence,36,differential_evolution_staged_direct_search,True,32,-2664.0605035480366,2,True,population_collapse_convergence,72,differential_evolution_staged_direct_search,True,182,825.6491243051254,8,False,maxiter_budget
2025-07-14,M612,3990.9190000000017,4241.876055910498,21,58310.412283442456,56318.9281786759,54327.44407390936,1991.4841047665473,0.0,0.0,56318.9281786759,7062.559163094047,0.0,3,1.3776017999916803,1.514934799997718,0,differential_evolution_staged_direct_search,True,17,-4375.652865119484,2,True,population_collapse_convergence,36,differential_evolution_staged_direct_search,True,92,-3346.1981848521614,8,False,maxiter_budget,72,differential_evolution_staged_direct_search,True,182,1954.1272991655687,8,False,maxiter_budget
2025-07-15,M612,4241.876055910498,4444.09818962963,21,60480.7351830385,57546.48363053842,54612.23207803836,2934.251552500069,0.0,0.0,57546.48363053842,9763.95055055158,0.0,3,1.2127744000172243,1.3534791999991285,0,differential_evolution_staged_direct_search,True,17,-4375.916303666404,2,True,population_collapse_convergence,36,differential_evolution_staged_direct_search,True,52,-3533.5859949026717,4,True,population_collapse_convergence,72,differential_evolution_staged_direct_search,True,182,1246.8789165502783,8,False,maxiter_budget
2025-07-16,M612,4444.09818962963,4024.3228453703714,21,58581.60438273046,56837.30689799684,55093.00941326321,1744.2974847336206,0.0,0.0,56837.30689799684,5444.728374503068,0.0,3,1.1764417000085814,1.2906879999936791,0,differential_evolution_staged_direct_search,True,27,-4375.916303666404,4,True,population_collapse_convergence,36,differential_evolution_staged_direct_search,True,52,-3550.3131587993985,4,True,population_collapse_convergence,72,differential_evolution_staged_direct_search,True,182,1188.976159233139,8,False,maxiter_budget
2025-07-17,M612,4024.3228453703714,4331.90408351852,21,57069.205695358425,56653.54256059794,54899.700955530556,1084.7523699139329,669.0892351534525,0.0,56653.54256059794,3983.355700787298,652.6667699958139,3,1.1619374000001699,1.2743571000028169,0,differential_evolution_staged_direct_search,True,17,-4377.935518807615,2,True,population_collapse_convergence,36,differential_evolution_staged_direct_search,True,62,-3237.5316012704134,5,True,population_collapse_convergence,72,differential_evolution_staged_direct_search,True,182,2134.5602261245926,8,False,maxiter_budget
2025-07-18,M612,4331.90408351852,4186.849254444445,21,32488.777546872014,31040.971416727938,29593.16528658387,1447.8061301440694,0.0,0.0,31040.971416727938,3704.423326643414,0.0,3,1.0599688999936916,1.1760702000028687,0,differential_evolution_staged_direct_search,True,12,-2658.9598794354765,1,True,population_collapse_convergence,36,differential_evolution_staged_direct_search,True,32,-4440.601073525499,2,True,population_collapse_convergence,72,differential_evolution_staged_direct_search,True,182,696.5626048188026,8,False,maxiter_budget
2025-07-19,M612,4186.849254444445,3996.0617527777786,21,32364.54808218827,31167.398743510144,29970.249404832008,1197.1493386781347,0.0,0.0,31167.398743510144,2962.1001102988303,0.0,3,1.300769199981005,1.4142341999977361,0,differential_evolution_staged_direct_search,True,27,-1971.8230337173668,4,True,population_collapse_convergence,36,differential_evolution_staged_direct_search,True,92,-4455.600000000001,8,False,maxiter_budget,72,differential_evolution_staged_direct_search,True,182,805.5900464999911,8,False,maxiter_budget
2025-07-20,M612,3996.0617527777786,4226.383284758157,21,60312.774487694835,57841.54510536668,55370.31572303851,2471.229382328157,0.0,0.0,57841.54510536668,8169.6202768527455,0.0,3,1.1323968999931822,1.2444911999918986,0,differential_evolution_staged_direct_search,True,17,-4379.130018160788,2,True,population_collapse_convergence,36,differential_evolution_staged_direct_search,True,52,-2855.04207500525,4,True,population_collapse_convergence,72,differential_evolution_staged_direct_search,True,182,1932.5148492721312,8,False,maxiter_budget
2025-07-21,M612,4226.383284758157,4376.772716183941,21,61566.053581663924,59715.846142042996,57865.638702422075,1850.2074396209227,0.0,0.0,59715.846142042996,6097.800646254688,0.0,3,1.2662667000113288,1.3773617999977432,0,differential_evolution_staged_direct_search,True,22,-4376.42632659248,3,True,population_collapse_convergence,36,differential_evolution_staged_direct_search,True,92,-2749.8116445997134,8,False,maxiter_budget,72,differential_evolution_staged_direct_search,True,182,1805.2916293059488,8,False,maxiter_budget
2025-07-22,M612,4376.772716183941,3609.662073649214,21,58044.26956959091,58186.75600407897,55761.8056527522,1141.2319584193583,1283.718392907411,40.115857500000274,58226.87186157897,3725.264124655155,1636.4038282785416,3,1.2480250999942655,1.36007690000406,0,differential_evolution_staged_direct_search,True,17,-4376.42632659248,2,True,population_collapse_convergence,36,differential_evolution_staged_direct_search,True,92,-2609.6976476720934,8,False,maxiter_budget,72,differential_evolution_staged_direct_search,True,182,1498.827968343638,8,False,maxiter_budget
2025-07-23,M612,3609.662073649214,3489.75081722222,21,65152.15690491394,60612.81699347118,56073.4770820284,4539.339911442769,0.0,143.01443756666677,60755.83143103784,13102.500554746388,0.0,3,1.1175101000117138,1.2299428999976953,0,differential_evolution_staged_direct_search,True,12,-4362.60446406282,1,True,population_collapse_convergence,36,differential_evolution_staged_direct_search,True,52,-3408.4491112003298,4,True,population_collapse_convergence,72,differential_evolution_staged_direct_search,True,182,2179.615933610066,8,False,maxiter_budget
2025-07-24,M612,3489.75081722222,3576.0202411111127,21,62937.4805579059,59351.98436985908,55766.48818181225,3585.4961880468186,0.0,0.0,59351.98436985908,11089.914188931416,0.0,3,1.2357833000132814,1.3565082000131952,0,differential_evolution_staged_direct_search,True,17,-4340.26475355536,2,True,population_collapse_convergence,36,differential_evolution_staged_direct_search,True,72,-3555.250115423633,6,True,population_collapse_convergence,72,differential_evolution_staged_direct_search,True,182,2093.266935785431,8,False,maxiter_budget
2025-07-25,M612,3576.0202411111127,2898.2561891180303,21,26985.122649992303,26613.337033123928,26241.551416255556,371.78561686837355,0.0,0.0,26613.337033123928,757.9242128377139,0.0,3,1.3401988000114216,1.4585479000088526,0,differential_evolution_staged_direct_search,True,47,-1687.4428610353398,8,False,maxiter_budget,36,differential_evolution_staged_direct_search,True,92,-4439.00328743742,8,False,maxiter_budget,72,differential_evolution_staged_direct_search,True,182,2015.759560357745,8,False,maxiter_budget
2025-07-26,M612,2898.2561891180303,2665.430528499857,21,26554.061292955317,26401.339230518955,26248.617168082594,152.72206243636268,0.0,0.0,26401.339230518955,312.022908384204,0.0,3,1.1176885000022594,1.2338222000107635,0,differential_evolution_staged_direct_search,True,22,-1656.089626673239,3,True,population_collapse_convergence,36,differential_evolution_staged_direct_search,True,42,-4426.912897571836,3,True,population_collapse_convergence,72,differential_evolution_staged_direct_search,True,182,1897.6350468377298,8,False,maxiter_budget
2025-07-27,M612,2665.430528499857,2467.5623553229148,21,52883.14946949063,53199.207147734465,50488.07754441514,1197.5359625377503,1513.5936407815832,0.0,53199.207147734465,3794.2411738701403,1414.6104359835558,3,1.316972100015846,1.4443679999967571,0,differential_evolution_staged_direct_search,True,22,-4350.3532881840865,3,True,population_collapse_convergence,36,differential_evolution_staged_direct_search,True,92,-2817.559974484929,8,False,maxiter_budget,72,differential_evolution_staged_direct_search,True,182,1518.0838815116895,8,False,maxiter_budget
2025-07-28,M612,2467.5623553229148,1842.6652676725937,21,53811.777714092525,53879.839872259174,52914.84042509731,448.46864449760966,516.5308026642613,9.879354300000355,53889.71922655917,1256.175024150807,541.5456067386419,3,1.31273359998886,1.4298219000047538,0,differential_evolution_staged_direct_search,True,17,-4388.313617912581,2,True,population_collapse_convergence,36,differential_evolution_staged_direct_search,True,92,-2452.6881847558825,8,False,maxiter_budget,72,differential_evolution_staged_direct_search,True,182,435.823977129673,8,False,maxiter_budget
2025-07-29,M612,1842.6652676725937,2152.4647557781773,21,52306.6828298623,55440.731492172476,51978.82405868844,163.9293855869331,3297.9780478971047,353.972057833333,55794.70355000581,723.255311044094,3499.196526147684,3,1.2667502999975113,1.386261799998465,0,differential_evolution_staged_direct_search,True,17,-4453.0765661086625,2,True,population_collapse_convergence,36,differential_evolution_staged_direct_search,True,92,-2783.111625889321,8,False,maxiter_budget,72,differential_evolution_staged_direct_search,True,182,-603.4845569621715,8,False,maxiter_budget
2025-07-30,M612,2152.4647557781773,2362.3449166872742,21,48415.33024330184,54606.84575943003,48350.39869283881,32.46577523151546,6223.981291359698,47.04765546666701,54653.893414896695,142.67534709521186,6753.6670719689555,3,1.3362656999961473,1.461315199994715,0,differential_evolution_staged_direct_search,True,22,-4453.076566108663,3,True,population_collapse_convergence,36,differential_evolution_staged_direct_search,True,92,-2822.182717633552,8,False,maxiter_budget,72,differential_evolution_staged_direct_search,True,182,-560.9620762963261,8,False,maxiter_budget
2025-07-31,M612,2362.3449166872742,1738.154654925607,21,50639.40764516556,52139.611251152535,50399.45600533166,119.97581991694769,1620.1794259039311,271.3801338583321,52410.991385010864,515.8766302902994,1629.715524928005,3,1.3833539999905042,1.5212011999974493,0,differential_evolution_staged_direct_search,True,17,-4453.076566108663,2,True,population_collapse_convergence,36,differential_evolution_staged_direct_search,True,92,-3164.702398530261,8,False,maxiter_budget,72,differential_evolution_staged_direct_search,True,182,-521.0141191137725,8,False,maxiter_budget
2025-08-01,M612,1738.154654925607,2024.7179700612587,21,25447.1630526195,24822.89027840974,24198.61750419998,624.2727742097622,0.0,0.0,24822.89027840974,1378.8786389759023,0.0,3,0.9312720000161789,1.060063099997933,0,differential_evolution_staged_direct_search,True,17,-1358.6181079913817,2,True,population_collapse_convergence,36,differential_evolution_staged_direct_search,True,92,-4455.600000000001,8,False,maxiter_budget,72,differential_evolution_staged_direct_search,True,102,-782.4507907960412,4,True,population_collapse_convergence
2025-08-02,M612,2024.7179700612587,2157.0715248474394,21,26334.554975778236,25729.62264548596,25124.69031519368,604.9323302922801,0.0,0.0,25729.62264548596,1528.2590825144566,0.0,3,1.2792300999863073,1.3959104999958072,0,differential_evolution_staged_direct_search,True,17,-1485.669638335228,2,True,population_collapse_convergence,36,differential_evolution_staged_direct_search,True,92,-4455.600000000001,8,False,maxiter_budget,72,differential_evolution_staged_direct_search,True,182,-776.2490696709197,8,False,maxiter_budget
2025-08-03,M612,2157.0715248474394,1519.5371550000004,21,44650.26386571768,44407.573707511314,44164.88354930494,242.69015820636963,0.0,2004.051685332457,46411.62539284377,718.6359062072127,0.0,3,1.4432085000007646,1.563443199993344,0,differential_evolution_staged_direct_search,True,17,-3811.3243393268067,2,True,population_collapse_convergence,36,differential_evolution_staged_direct_search,True,92,-3468.1498272564986,8,False,maxiter_budget,72,differential_evolution_staged_direct_search,True,182,-413.2256923186037,8,False,maxiter_budget
2025-08-04,M612,1519.5371550000004,1942.7616193569036,21,48739.677218783385,48692.57730881113,45821.28424946012,1459.1964846616306,1412.0965746893858,147.24793169999924,48839.82524051113,4199.018178383592,2003.0431385372085,3,1.2513151000166545,1.3790584999951534,0,differential_evolution_staged_direct_search,True,12,-4140.964349592281,1,True,population_collapse_convergence,36,differential_evolution_staged_direct_search,True,32,-3346.5229506003952,2,True,population_collapse_convergence,72,differential_evolution_staged_direct_search,True,182,-411.67736429814346,8,False,maxiter_budget
2025-08-05,M612,1942.7616193569036,1837.5518225645958,21,47362.25564315621,48508.59982636845,45953.03229365583,704.6116747501867,1850.9558579624354,244.54572746666457,48753.145553835115,2368.6501756204143,2598.4460470897793,3,1.171288999990793,1.312164400005713,0,differential_evolution_staged_direct_search,True,22,-4140.706342481372,3,True,population_collapse_convergence,36,differential_evolution_staged_direct_search,True,32,-3312.314679305956,2,True,population_collapse_convergence,72,differential_evolution_staged_direct_search,True,182,-409.5177848443312,8,False,maxiter_budget
2025-08-06,M612,1837.5518225645958,1654.6777072222217,21,53348.432467437065,51364.966523920186,49381.50058040331,1983.4659435168742,0.0,0.0,51364.966523920186,5355.9284106480645,0.0,3,1.1652589000150329,1.2843535000138218,0,differential_evolution_staged_direct_search,True,17,-4177.834694874486,2,True,population_collapse_convergence,36,differential_evolution_staged_direct_search,True,42,-3158.3347638527493,3,True,population_collapse_convergence,72,differential_evolution_staged_direct_search,True,182,-455.6270615442677,8,False,maxiter_budget
2025-08-07,M612,1654.6777072222217,1945.0626498148133,21,52213.03229620883,50048.863747916344,46596.04981018242,2808.4912430132067,644.3226947207063,57.961106208333895,50106.82485412468,11175.397157674086,501.96718576785065,3,1.253161500004353,1.369727099998272,0,differential_evolution_staged_direct_search,True,12,-4454.024652609251,1,True,population_collapse_convergence,36,differential_evolution_staged_direct_search,True,92,-3663.574251834197,8,False,maxiter_budget,72,differential_evolution_staged_direct_search,True,182,-612.9419081887318,8,False,maxiter_budget
2025-08-08,M612,1945.0626498148133,2151.857351267477,21,25067.671022837727,24898.393908170037,24729.116793502348,169.27711466768756,0.0,0.0,24898.393908170037,340.2727641703698,0.0,3,1.2623459000169532,1.382374599998002,0,differential_evolution_staged_direct_search,True,12,-1665.6779116492096,1,True,population_collapse_convergence,36,differential_evolution_staged_direct_search,True,92,-4455.600000000001,8,False,maxiter_budget,72,differential_evolution_staged_direct_search,True,182,-814.1060667077661,8,False,maxiter_budget
2025-08-09,M612,2151.857351267477,1889.1877419094615,21,24554.43146158165,24429.654949079464,24304.87843657728,124.77651250218489,0.0,0.0,24429.654949079464,212.87066539776225,0.0,3,1.2720741000230191,1.38659040001221,0,differential_evolution_staged_direct_search,True,17,-1593.365242194662,2,True,population_collapse_convergence,36,differential_evolution_staged_direct_search,True,92,-4455.600000000001,8,False,maxiter_budget,72,differential_evolution_staged_direct_search,True,182,-784.9154000500994,8,False,maxiter_budget
2025-08-10,M612,1889.1877419094615,2383.5925908980294,21,49682.84331398314,48331.101758572324,46979.36020316151,1351.7415554108165,0.0,157.41654046666756,48488.518299038995,4208.981971782249,0.0,3,1.2915231000079075,1.4105519000004278,0,differential_evolution_staged_direct_search,True,22,-4120.467643806174,3,True,population_collapse_convergence,36,differential_evolution_staged_direct_search,True,92,-3879.6006399711077,8,False,maxiter_budget,72,differential_evolution_staged_direct_search,True,182,-507.9238332976952,8,False,maxiter_budget
2025-08-11,M612,2383.5925908980294,1981.6063503703713,21,47229.56206378386,47526.77345636415,45949.31857711575,640.1217433340529,937.3331359143548,1069.282379691663,48596.05583605581,2919.597319301218,852.2847442802903,3,1.2110437000083039,1.333325200001127,0,differential_evolution_staged_direct_search,True,17,-4454.269149621008,2,True,population_collapse_convergence,36,differential_evolution_staged_direct_search,True,42,-3179.71884376652,3,True,population_collapse_convergence,72,differential_evolution_staged_direct_search,True,182,-443.00473577129446,8,False,maxiter_budget
2025-08-12,M612,1981.6063503703713,2055.684240579163,21,50351.64273223917,49029.86789290165,47311.75709701782,1519.9428176106721,198.16797827315344,1067.1021600166682,50096.970052918325,6076.5740713285595,158.65852152030845,3,1.155737400011276,1.2735706999956165,0,differential_evolution_staged_direct_search,True,17,-4454.269149621009,2,True,population_collapse_convergence,36,differential_evolution_staged_direct_search,True,42,-3375.1807590185044,3,True,population_collapse_convergence,72,differential_evolution_staged_direct_search,True,182,-522.8089682150587,8,False,maxiter_budget
2025-08-13,M612,2055.684240579163,2252.0512253561765,21,45919.749212523246,46759.03073338837,45488.10119528305,215.8240086200963,1055.1055294852185,710.6717716583321,47469.7025050467,957.576060901733,1383.3915209222257,3,1.1428772999788634,1.2600013999908697,0,differential_evolution_staged_direct_search,True,22,-4220.692441539792,3,True,population_collapse_convergence,36,differential_evolution_staged_direct_search,True,42,-3279.4731231116893,3,True,population_collapse_convergence,72,differential_evolution_staged_direct_search,True,182,-555.9268251612203,8,False,maxiter_budget
2025-08-14,M612,2252.0512253561765,2023.3609631202046,21,48047.14233460405,48919.820990137305,46083.754190097796,981.6940722531256,1854.3727277863834,1218.1395190833314,50137.96050922063,3275.1223818902226,2609.3185834282726,3,0.8967359000089345,1.0155011000024388,0,differential_evolution_staged_direct_search,True,12,-4377.43661844181,1,True,population_collapse_convergence,36,differential_evolution_staged_direct_search,True,32,-2896.073731539019,2,True,population_collapse_convergence,72,differential_evolution_staged_direct_search,True,142,-439.78376706496067,6,True,population_collapse_convergence
2025-08-15,M612,2023.3609631202046,1838.4763126123137,21,25445.68210335169,24753.613995724598,24061.5458880975,692.0681076270953,0.0,0.0,24753.613995724598,1541.9415211641929,0.0,3,1.3553536999970675,1.4711495000083232,0,differential_evolution_staged_direct_search,True,47,-1641.8184400931905,8,False,maxiter_budget,36,differential_evolution_staged_direct_search,True,92,-4455.600000000001,8,False,maxiter_budget,72,differential_evolution_staged_direct_search,True,182,-847.0014280066782,8,False,maxiter_budget
2025-08-16,M612,1838.4763126123137,1984.9516747718276,21,26949.010550811236,25557.598870495574,24166.18719017992,1391.411680315658,0.0,0.0,25557.598870495574,3335.8663382861414,0.0,3,1.231666999985464,1.3456637999915984,0,differential_evolution_staged_direct_search,True,12,-1386.6509479807357,1,True,population_collapse_convergence,36,differential_evolution_staged_direct_search,True,92,-4455.600000000001,8,False,maxiter_budget,72,differential_evolution_staged_direct_search,True,182,-835.7801367026091,8,False,maxiter_budget
2025-08-17,M612,1984.9516747718276,2212.340630067379,21,49454.92651039375,48095.12454039816,45996.4705979682,1729.2279562127762,369.42598621718656,689.5558209166664,48784.68036131482,7297.072168130442,268.71866147042766,3,1.0997463000094285,1.2181146999937482,0,differential_evolution_staged_direct_search,True,12,-4453.436545569666,1,True,population_collapse_convergence,36,differential_evolution_staged_direct_search,True,32,-3537.1867737959096,2,True,population_collapse_convergence,72,differential_evolution_staged_direct_search,True,182,-577.6338462313529,8,False,maxiter_budget
2025-08-18,M612,2212.340630067379,2276.1395431201877,21,48440.28940411638,47515.12681712071,46589.96423012504,925.1625869956686,0.0,631.9168269416684,48147.04364406238,3094.278306678635,0.0,3,1.256293899990851,1.3733164000004763,0,differential_evolution_staged_direct_search,True,17,-4453.436545569666,2,True,population_collapse_convergence,36,differential_evolution_staged_direct_search,True,92,-3417.2917121009446,8,False,maxiter_budget,72,differential_evolution_staged_direct_search,True,182,-396.5718848405519,8,False,maxiter_budget
2025-08-19,M612,2276.1395431201877,2020.0040552066193,21,47815.82758281416,47164.974880445225,46514.122178076286,650.8527023689419,0.0,1025.52834313333,48190.503223578555,2587.5155090529147,0.0,3,0.727197599990177,0.845442699996056,0,differential_evolution_staged_direct_search,True,17,-4408.091401541395,2,True,population_collapse_convergence,36,differential_evolution_staged_direct_search,True,42,-3491.1464665339445,3,True,population_collapse_convergence,72,differential_evolution_staged_direct_search,True,102,-366.7250509887134,4,True,population_collapse_convergence
2025-08-20,M612,2020.0040552066193,1856.1360174220686,21,52270.320797416796,50868.76431203462,48548.58096178212,1860.8699178173365,459.3134324351574,1057.7052918583308,51926.46960389295,6672.943336960055,392.8692873568123,3,1.2669900999899255,1.3812562999955844,0,differential_evolution_staged_direct_search,True,17,-4453.039764261318,2,True,population_collapse_convergence,36,differential_evolution_staged_direct_search,True,92,-2778.887608988347,8,False,maxiter_budget,72,differential_evolution_staged_direct_search,True,182,-559.6522444215337,8,False,maxiter_budget
2025-08-21,M612,1856.1360174220686,2166.458394270161,21,49579.46284941172,48053.030613683106,46526.59837765878,1526.4322358764653,1.478547421105987e-07,0.0,48053.030613683106,6298.733594673002,1.4287552989379975e-07,3,1.118480000004638,1.2429063000017777,0,differential_evolution_staged_direct_search,True,17,-4453.039764261318,2,True,population_collapse_convergence,36,differential_evolution_staged_direct_search,True,42,-3290.6056748258584,3,True,population_collapse_convergence,72,differential_evolution_staged_direct_search,True,182,-573.8338943297485,8,False,maxiter_budget
2025-08-22,M612,2166.458394270161,1684.339457777778,21,24847.348420512393,24491.216699829733,24135.08497914707,356.1317206826645,0.0,420.577043543032,24911.793743372764,786.7280007482918,0.0,3,1.2567573999986053,1.3699188999889884,0,differential_evolution_staged_direct_search,True,17,-1516.074123251005,2,True,population_collapse_convergence,36,differential_evolution_staged_direct_search,True,92,-4455.600000000001,8,False,maxiter_budget,72,differential_evolution_staged_direct_search,True,182,-879.9717354135984,8,False,maxiter_budget
2025-08-23,M612,1684.339457777778,2177.066069265545,21,24282.177154733967,25112.710468292127,24282.177154733967,0.0,830.5333135581614,0.0,25112.710468292127,0.0,630.0220080662422,3,1.346151000005193,1.463692200006335,0,differential_evolution_staged_direct_search,True,47,-1767.9750799612839,8,False,maxiter_budget,36,differential_evolution_staged_direct_search,True,92,-4455.600000000001,8,False,maxiter_budget,72,differential_evolution_staged_direct_search,True,182,-754.3239169636169,8,False,maxiter_budget
2025-08-24,M612,2177.066069265545,2381.369409557146,21,47340.356724974365,47188.338216568285,46769.06077810138,285.64797343649286,133.6294650304154,119.7582709333327,47308.096487501614,991.8281801637545,117.4659457690841,3,1.2723839999962365,1.390247699993779,0,differential_evolution_staged_direct_search,True,22,-4127.139859864775,3,True,population_collapse_convergence,36,differential_evolution_staged_direct_search,True,92,-3756.602040901365,8,False,maxiter_budget,72,differential_evolution_staged_direct_search,True,182,-539.9342585687978,8,False,maxiter_budget
2025-08-25,M612,2381.369409557146,2137.9192727777768,21,60464.322690116955,55288.76340240498,50113.20411469299,5175.559287711983,0.0,337.46699522499983,55626.23039762997,16330.771432514646,0.0,3,0.919576500004041,1.0329465000104392,0,differential_evolution_staged_direct_search,True,22,-4452.476752532336,3,True,population_collapse_convergence,36,differential_evolution_staged_direct_search,True,42,-3576.882714835922,3,True,population_collapse_convergence,72,differential_evolution_staged_direct_search,True,142,-425.77757482028056,6,True,population_collapse_convergence
2025-08-26,M612,2137.9192727777768,2560.398874601672,21,47803.4492614084,48180.68334414621,46957.6545959483,422.89733273005106,800.1314154678646,217.8951927750004,48398.57853692121,1090.3902709793283,1139.2268083844879,3,1.2322492000093916,1.3476108000031672,0,differential_evolution_staged_direct_search,True,17,-4125.938998203329,2,True,population_collapse_convergence,36,differential_evolution_staged_direct_search,True,92,-3420.080281852517,8,False,maxiter_budget,72,differential_evolution_staged_direct_search,True,182,-475.15561946249494,8,False,maxiter_budget
2025-08-27,M612,2560.398874601672,2288.3205185015886,21,47770.229867950235,50848.92849759708,47172.77531216957,298.727277890335,3377.42590753718,0.0,50848.92849759708,1361.9860223744472,3934.2932141584306,3,1.1264026000135345,1.2407657000003383,0,differential_evolution_staged_direct_search,True,22,-4452.476752532336,3,True,population_collapse_convergence,36,differential_evolution_staged_direct_search,True,32,-3456.36004197722,2,True,population_collapse_convergence,72,differential_evolution_staged_direct_search,True,182,-614.1464778033381,8,False,maxiter_budget
2025-08-28,M612,2288.3205185015886,2284.9723215445724,21,46677.39167468203,51017.69214190994,46677.391674682025,0.0,4340.300467227917,383.0028472499995,51400.694989159936,0.0,4691.495447593922,3,1.3760018999892054,1.4890050999965752,0,differential_evolution_staged_direct_search,True,22,-4453.421711396141,3,True,population_collapse_convergence,36,differential_evolution_staged_direct_search,True,92,-3001.871234415512,8,False,maxiter_budget,72,differential_evolution_staged_direct_search,True,182,-523.9263148988183,8,False,maxiter_budget
2025-08-29,M612,2284.9723215445724,2351.895443897261,21,26990.221674136403,26553.433885622853,26116.646097109307,436.7877885135458,0.0,0.0,26553.433885622853,996.415335361371,0.0,3,1.0612935000099242,1.1749310000013793,0,differential_evolution_staged_direct_search,True,12,-1983.1194968726431,1,True,population_collapse_convergence,36,differential_evolution_staged_direct_search,True,92,-4455.600000000001,8,False,maxiter_budget,72,differential_evolution_staged_direct_search,True,142,-858.8977875878669,6,True,population_collapse_convergence
2025-08-30,M612,2351.895443897261,1838.2006199500393,21,25887.290383398547,25386.994652190566,24886.698920982584,500.2957312079807,0.0,0.0,25386.994652190566,1286.1307275312965,0.0,3,1.3215724999899976,1.495087200004491,0,differential_evolution_staged_direct_search,True,47,-1722.2516883886738,8,False,maxiter_budget,36,differential_evolution_staged_direct_search,True,92,-4455.600000000001,8,False,maxiter_budget,72,differential_evolution_staged_direct_search,True,182,-841.7103192236772,8,False,maxiter_budget
2025-08-31,M612,1838.2006199500393,2309.28782340103,21,48058.427417631814,48533.84581254371,46871.57609656283,593.4256605344926,1068.8440554463914,636.9308183666645,49170.776630910375,1555.0525980388445,1527.5351494146585,3,1.1490759000007529,1.2664722999907099,0,differential_evolution_staged_direct_search,True,22,-4118.208593160096,3,True,population_collapse_convergence,36,differential_evolution_staged_direct_search,True,42,-2527.572965683691,3,True,population_collapse_convergence,72,differential_evolution_staged_direct_search,True,182,-408.61253496766733,8,False,maxiter_budget
2025-09-01,M612,2309.28782340103,5948.831592777777,21,52677.938892692044,49820.580571519415,46922.012664460366,2877.963114115839,20.604792943204075,0.0,49820.580571519415,10958.570218413806,17.432444835720048,3,1.3510762000078103,1.492583699990064,0,differential_evolution_staged_direct_search,True,22,-4453.875467936411,3,True,population_collapse_convergence,36,differential_evolution_staged_direct_search,True,32,-2904.5529904325876,2,True,population_collapse_convergence,72,differential_evolution_staged_direct_search,True,182,-588.8204866658615,8,False,maxiter_budget
2025-09-02,M612,5948.831592777777,5648.69228148148,21,45066.05314774171,46557.43317834493,44122.84659292489,471.60327740840773,1962.9833080116332,0.0,46557.43317834493,2144.092092092251,2385.6585648911605,3,1.2385491999884835,1.3619100999931106,0,differential_evolution_staged_direct_search,True,12,-4453.875467936411,1,True,population_collapse_convergence,36,differential_evolution_staged_direct_search,True,92,-3398.7923265350005,8,False,maxiter_budget,72,differential_evolution_staged_direct_search,True,182,-643.4016520783684,8,False,maxiter_budget
2025-09-03,M612,5648.69228148148,5596.134995370371,21,47794.95426026166,46645.268844518636,45166.07128586692,1314.4414871973634,164.7560714543446,0.0,46645.268844518636,5478.58297157089,146.70891989880164,3,1.2354477999906521,1.3527055000013206,0,differential_evolution_staged_direct_search,True,12,-4453.875467936411,1,True,population_collapse_convergence,36,differential_evolution_staged_direct_search,True,92,-3420.154437775933,8,False,maxiter_budget,72,differential_evolution_staged_direct_search,True,182,-639.0141420752472,8,False,maxiter_budget
2025-09-04,M612,5596.134995370371,5453.324734466306,21,47426.55145905861,46232.01698921305,45037.48251936749,1194.5344698455615,0.0,0.0,46232.01698921305,4250.303511223952,0.0,3,1.1105494999792427,1.2363898999901721,0,differential_evolution_staged_direct_search,True,17,-4208.074550011329,2,True,population_collapse_convergence,36,differential_evolution_staged_direct_search,True,32,-3783.8493706940667,2,True,population_collapse_convergence,72,differential_evolution_staged_direct_search,True,182,-519.1392456934338,8,False,maxiter_budget
2025-09-05,M612,5453.324734466306,5679.958943703703,21,23496.445097239524,22981.5867637822,22466.728430324874,514.8583334573258,0.0,0.0,22981.5867637822,1095.583137439163,0.0,3,1.237243200012017,1.3536329999915324,0,differential_evolution_staged_direct_search,True,12,-1911.8497649601875,1,True,population_collapse_convergence,36,differential_evolution_staged_direct_search,True,92,-4455.600000000001,8,False,maxiter_budget,72,differential_evolution_staged_direct_search,True,182,-1018.6054970267423,8,False,maxiter_budget
2025-09-06,M612,5679.958943703703,6277.360743518519,21,23613.38239334687,23321.993989453047,23030.60558555922,291.3884038938245,0.0,0.0,23321.993989453047,593.6173670740193,0.0,3,1.2306539999990491,1.348552600000403,0,differential_evolution_staged_direct_search,True,12,-1894.8612681080097,1,True,population_collapse_convergence,36,differential_evolution_staged_direct_search,True,92,-4455.600000000001,8,False,maxiter_budget,72,differential_evolution_staged_direct_search,True,182,-1018.718533132511,8,False,maxiter_budget
2025-09-07,M612,6277.360743518519,5410.496896296297,21,44043.118418365586,46338.34112675977,42724.604126612525,659.2571458765319,2954.479854270713,0.0,46338.34112675977,3011.477125562557,4028.354895068054,3,1.1648247000121046,1.2786406000086572,0,differential_evolution_staged_direct_search,True,47,-4078.563878813736,8,False,maxiter_budget,36,differential_evolution_staged_direct_search,True,32,-3458.120331342733,2,True,population_collapse_convergence,72,differential_evolution_staged_direct_search,True,182,-752.2348849016323,8,False,maxiter_budget
2025-09-08,M612,5410.496896296297,1340.9199509166046,21,39865.65627016104,40151.471801284795,37634.51069131178,1115.5727894246304,1401.3883205483814,0.0,40151.471801284795,4760.590137973413,1366.5335709967114,3,1.22381419998419,1.3400965000037104,0,differential_evolution_staged_direct_search,True,12,-4452.666419699287,1,True,population_collapse_convergence,36,differential_evolution_staged_direct_search,True,92,-3239.3116766042062,8,False,maxiter_budget,72,differential_evolution_staged_direct_search,True,182,-867.0395922037294,8,False,maxiter_budget
2025-09-09,M612,1340.9199509166046,1461.3145385185187,21,37013.41706538369,38174.77877250941,37013.417065383685,0.0,1161.36170712572,1016.0072590275042,39190.78603153691,0.0,1096.3940547848017,3,1.2295069999963744,1.34442370000761,0,differential_evolution_staged_direct_search,True,22,-3900.053855680138,3,True,population_collapse_convergence,36,differential_evolution_staged_direct_search,True,92,-3593.9759130694783,8,False,maxiter_budget,72,differential_evolution_staged_direct_search,True,182,-651.7759747955041,8,False,maxiter_budget
2025-09-10,M612,1461.3145385185187,1713.203441296295,21,43304.01277417081,42686.81622316756,41156.853828249084,1073.579472960862,456.3829219576105,24.603456924998984,42711.41968009256,3915.3022926584936,436.3237141692667,3,1.234189900016645,1.3528089000028558,0,differential_evolution_staged_direct_search,True,17,-4452.010399062933,2,True,population_collapse_convergence,36,differential_evolution_staged_direct_search,True,92,-3195.82926056738,8,False,maxiter_budget,72,differential_evolution_staged_direct_search,True,182,-699.5248704034697,8,False,maxiter_budget
2025-09-11,M612,1713.203441296295,1631.7348065471758,21,43378.254564378876,40923.956438626046,38469.658312873216,2454.2981257528277,0.0,0.0,40923.956438626046,8708.18236758677,0.0,3,1.2703238000103738,1.3868917000072543,0,differential_evolution_staged_direct_search,True,17,-4451.7522025836915,2,True,population_collapse_convergence,36,differential_evolution_staged_direct_search,True,92,-3472.4286001702926,8,False,maxiter_budget,72,differential_evolution_staged_direct_search,True,182,-770.5777086964856,8,False,maxiter_budget
2025-09-12,M612,1631.7348065471758,1677.4474641726738,21,18305.39681292967,18206.01921713427,18106.641621338877,99.37759579539639,0.0,0.0,18206.01921713427,166.46609852104496,0.0,3,0.9301271999866003,1.045097900001565,0,differential_evolution_staged_direct_search,True,17,-2098.1494191180004,2,True,population_collapse_convergence,36,differential_evolution_staged_direct_search,True,92,-4455.600000000001,8,False,maxiter_budget,72,differential_evolution_staged_direct_search,True,122,-1076.3126354118283,5,True,population_collapse_convergence
2025-09-13,M612,1677.4474641726738,1758.3085017581393,21,18212.025962477957,18113.43592054599,18014.845878614025,98.59004193196864,0.0,0.0,18113.43592054599,172.0900297033235,0.0,3,0.9214458000205923,1.0404874999949243,0,differential_evolution_staged_direct_search,True,17,-2105.955720000531,2,True,population_collapse_convergence,36,differential_evolution_staged_direct_search,True,92,-4455.600000000001,8,False,maxiter_budget,72,differential_evolution_staged_direct_search,True,122,-1270.7204691089387,5,True,population_collapse_convergence
2025-09-14,M612,1758.3085017581393,1251.820035,21,46501.494676106,43563.82541280618,40626.15614950636,2937.669263299818,0.0,546.1250333089623,44109.950446115145,9247.328618244519,0.0,3,1.135456100004376,1.2533796999923652,0,differential_evolution_staged_direct_search,True,32,-4452.936753606628,5,True,population_collapse_convergence,36,differential_evolution_staged_direct_search,True,42,-2961.1094436576204,3,True,population_collapse_convergence,72,differential_evolution_staged_direct_search,True,182,-998.2422049355127,8,False,maxiter_budget
2025-09-15,M612,1251.820035,1728.9875379629636,21,38935.42745917529,38848.135674956204,38760.8438907371,87.29178421909639,0.0,885.8577025240729,39733.99337748028,249.60057325830985,0.0,3,1.1146887999930186,1.229473200000939,0,differential_evolution_staged_direct_search,True,12,-4088.067653520743,1,True,population_collapse_convergence,36,differential_evolution_staged_direct_search,True,52,-3732.576052545837,4,True,population_collapse_convergence,72,differential_evolution_staged_direct_search,True,182,-1007.8764650050877,8,False,maxiter_budget
2025-09-16,M612,1728.9875379629636,1200.0,21,46475.794486405306,43587.34960948487,40617.1247277553,2929.334879325006,40.89000240457136,80.22263113610865,43667.572240620975,10182.3315624997,29.52605635223904,3,0.8407183999952395,0.9539201000006869,0,differential_evolution_staged_direct_search,True,17,-4452.015733144326,2,True,population_collapse_convergence,36,differential_evolution_staged_direct_search,True,22,-3294.070998707678,1,True,population_collapse_convergence,72,differential_evolution_staged_direct_search,True,142,-1031.3732185720323,6,True,population_collapse_convergence
2025-09-17,M612,1200.0,1353.464323860975,21,44739.01804055286,42860.287688417986,40981.55733628312,1878.7303521348726,0.0,0.0,42860.287688417986,5473.340796018707,0.0,3,1.149824100008118,1.2653118000016548,0,differential_evolution_staged_direct_search,True,27,-4450.458285454991,4,True,population_collapse_convergence,36,differential_evolution_staged_direct_search,True,52,-2676.3144209653155,4,True,population_collapse_convergence,72,differential_evolution_staged_direct_search,True,182,-910.5997690158609,8,False,maxiter_budget
2025-09-18,M612,1353.464323860975,1356.97632037037,21,39333.509272527546,42540.57059880936,39333.509272527546,0.0,3207.0613262818115,160.0625602740786,42700.63315908344,0.0,4340.205032172449,3,1.2378938999900129,1.3558644999866374,0,differential_evolution_staged_direct_search,True,17,-4386.153888147399,2,True,population_collapse_convergence,36,differential_evolution_staged_direct_search,True,92,-2883.607673437297,8,False,maxiter_budget,72,differential_evolution_staged_direct_search,True,182,-1101.277440434177,8,False,maxiter_budget
2025-09-19,M612,1356.97632037037,1896.672960560888,21,18992.98538764795,18787.362610167715,18581.739830687486,205.6227784802331,9.999952350625563e-07,0.0,18787.362610167715,402.66709403140453,8.721395735762746e-07,3,0.9207766000035917,1.0337652000016533,0,differential_evolution_staged_direct_search,True,17,-2043.6598026676013,2,True,population_collapse_convergence,36,differential_evolution_staged_direct_search,True,92,-4448.475394966114,8,False,maxiter_budget,72,differential_evolution_staged_direct_search,True,122,-1229.554960353053,5,True,population_collapse_convergence
2025-09-20,M612,1896.672960560888,1822.0036864814813,21,18794.89344857398,18482.900690845465,18170.90793311695,311.9927577285165,0.0,404.39195692345567,18887.29264776892,635.3453011065426,0.0,3,1.2504621999978554,1.3667152999987593,0,differential_evolution_staged_direct_search,True,12,-2134.109794934278,1,True,population_collapse_convergence,36,differential_evolution_staged_direct_search,True,92,-4446.197736393663,8,False,maxiter_budget,72,differential_evolution_staged_direct_search,True,182,-1225.5070778109748,8,False,maxiter_budget
2025-09-21,M612,1822.0036864814813,1763.1386585185187,21,43943.87838353906,42781.897357204136,41619.91633086921,1161.981026334924,0.0,251.75707890196156,43033.654436106095,4229.2968027931465,0.0,3,1.119875399992452,1.2354753999970853,0,differential_evolution_staged_direct_search,True,12,-4454.694966221913,1,True,population_collapse_convergence,36,differential_evolution_staged_direct_search,True,52,-3615.120723580243,4,True,population_collapse_convergence,72,differential_evolution_staged_direct_search,True,182,-863.4465123510154,8,False,maxiter_budget
2025-09-22,M612,1763.1386585185187,1391.0280785185184,21,46475.79490153959,43713.854134394554,40951.9133672495,2761.9407671450467,0.0,436.20954948809657,44150.063683882654,8857.170049468357,0.0,3,1.1170539999875473,1.2301214000035543,0,differential_evolution_staged_direct_search,True,22,-4454.8702579778455,3,True,population_collapse_convergence,36,differential_evolution_staged_direct_search,True,42,-3093.5651293762267,3,True,population_collapse_convergence,72,differential_evolution_staged_direct_search,True,182,-896.6319037043395,8,False,maxiter_budget
2025-09-23,M612,1391.0280785185184,1857.982322935,21,46329.54847962274,44916.78126257553,43504.014045528325,1412.767217047206,0.0,69.14849838333348,44985.92976095887,4749.39249456813,0.0,3,0.9516199000063352,1.0657939000084298,0,differential_evolution_staged_direct_search,True,17,-4455.3318654467,2,True,population_collapse_convergence,36,differential_evolution_staged_direct_search,True,62,-2964.0973939923756,5,True,population_collapse_convergence,72,differential_evolution_staged_direct_search,True,142,-856.1233762745529,6,True,population_collapse_convergence
2025-09-24,M612,1857.982322935,2112.219025555558,21,39891.936065374524,42524.8095819674,39891.936065374524,0.0,2632.8735165928715,0.0,42524.8095819674,0.0,3426.3168080289215,3,1.2558255000039935,1.371771300007822,0,differential_evolution_staged_direct_search,True,22,-4454.791250318343,3,True,population_collapse_convergence,36,differential_evolution_staged_direct_search,True,92,-2841.440033807257,8,False,maxiter_budget,72,differential_evolution_staged_direct_search,True,182,-921.7744181088658,8,False,maxiter_budget
2025-09-25,M612,2112.219025555558,1795.3442764814838,21,43938.98123838693,44267.50748117006,42614.61750938046,662.181864503236,990.7081072863699,0.0,44267.50748117006,3007.4945462313626,1265.0174309081183,3,1.0994369000109145,1.2136256000085268,0,differential_evolution_staged_direct_search,True,17,-4454.791250318343,2,True,population_collapse_convergence,36,differential_evolution_staged_direct_search,True,42,-3090.2529485336154,3,True,population_collapse_convergence,72,differential_evolution_staged_direct_search,True,182,-863.4699753710946,8,False,maxiter_budget
2025-09-26,M612,1795.3442764814838,1997.5117824360266,21,20044.9606476915,19482.347220030104,18919.733792368705,562.6134276613989,0.0,0.0,19482.347220030104,1323.9563230581298,0.0,3,1.067322700007935,1.182442399993306,0,differential_evolution_staged_direct_search,True,17,-2156.261611437469,2,True,population_collapse_convergence,36,differential_evolution_staged_direct_search,True,32,-4364.365078653157,2,True,population_collapse_convergence,72,differential_evolution_staged_direct_search,True,182,-1070.4866143002525,8,False,maxiter_budget
2025-09-27,M612,1997.5117824360266,1558.8880590740764,21,19134.059830875885,19308.50280418865,19134.059830875885,0.0,174.4429733127639,0.0,19308.50280418865,0.0,151.20191287968612,3,0.906569299986586,1.0198268000094686,0,differential_evolution_staged_direct_search,True,12,-2151.1215204601945,1,True,population_collapse_convergence,36,differential_evolution_staged_direct_search,True,92,-4455.600000000001,8,False,maxiter_budget,72,differential_evolution_staged_direct_search,True,122,-978.8144585636761,5,True,population_collapse_convergence
2025-09-28,M612,1558.8880590740764,1933.4937681481483,21,44975.292703178544,45683.40470847052,44143.7477758052,415.77246368667426,1123.8844689786558,39.44987083333338,45722.85457930386,1563.0383975857053,1464.796415643014,3,0.7192930999881355,0.8333583000057843,0,differential_evolution_staged_direct_search,True,12,-4454.791250318343,1,True,population_collapse_convergence,36,differential_evolution_staged_direct_search,True,22,-2965.970026099494,1,True,population_collapse_convergence,72,differential_evolution_staged_direct_search,True,122,-746.4675655362823,5,True,population_collapse_convergence
2025-09-29,M612,1933.4937681481483,1963.0735688609373,21,47699.5689217889,45608.78084161732,43517.99276144574,2090.7880801715796,0.0,926.3440863537088,46535.12492797103,6319.489443159,0.0,3,0.744009800022468,0.8632798000035109,0,differential_evolution_staged_direct_search,True,22,-4454.791250318343,3,True,population_collapse_convergence,36,differential_evolution_staged_direct_search,True,92,-2822.0062436645144,8,False,maxiter_budget,72,differential_evolution_staged_direct_search,True,82,-611.6639003770631,3,True,population_collapse_convergence
2025-09-30,M612,1963.0735688609373,2117.9160095750603,21,47359.70367230031,47403.244739598114,46333.064840442414,513.3194159289496,556.8604832267513,286.7718229166676,47690.01656251478,1208.95848833903,468.1017218392065,3,1.0301650000183145,1.1484692000085488,0,differential_evolution_staged_direct_search,True,22,-4454.32841682824,3,True,population_collapse_convergence,36,differential_evolution_staged_direct_search,True,92,-2418.073647135223,8,False,maxiter_budget,72,differential_evolution_staged_direct_search,True,142,-549.9903726790361,6,True,population_collapse_convergence
2025-10-01,M612,2117.9160095750603,3773.3268659034575,21,43637.293465271345,42011.23357255847,40385.17367935325,1626.0598929590537,2.4617919842497485e-07,0.0,42011.23357255847,6540.263629432653,2.37888774629149e-07,3,0.819929699995555,0.9313594999985071,0,differential_evolution_staged_direct_search,True,17,-4454.32841682824,2,True,population_collapse_convergence,36,differential_evolution_staged_direct_search,True,52,-3295.647652908673,4,True,population_collapse_convergence,72,differential_evolution_staged_direct_search,True,122,-697.8706893816213,5,True,population_collapse_convergence
2025-10-02,M612,3773.3268659034575,4009.7045494165054,21,47632.4717615732,43727.45459655931,39822.43743154543,3905.0171650138864,0.0,0.0,43727.45459655931,12120.92158687329,0.0,3,1.273730600019917,1.3876692000048934,0,differential_evolution_staged_direct_search,True,32,-4454.3065997699405,5,True,population_collapse_convergence,36,differential_evolution_staged_direct_search,True,92,-3070.3359235346998,8,False,maxiter_budget,72,differential_evolution_staged_direct_search,True,182,-729.8216413889907,8,False,maxiter_budget
2025-10-03,M612,4009.7045494165054,4317.627589814815,21,17071.570825467934,17190.595617977837,17071.570825467934,0.0,119.02479250990623,0.0,17190.595617977837,0.0,95.66047731975476,3,1.2319108999945456,1.345445800005109,0,differential_evolution_staged_direct_search,True,12,-2055.905306195975,1,True,population_collapse_convergence,36,differential_evolution_staged_direct_search,True,92,-4455.600000000001,8,False,maxiter_budget,72,differential_evolution_staged_direct_search,True,182,-975.1080814910612,8,False,maxiter_budget
2025-10-04,M612,4317.627589814815,4100.5491391843425,21,18969.603498841876,18793.23560644647,18616.86771405107,176.36789239540232,0.0,0.0,18793.23560644647,332.66705739995984,0.0,3,1.2474850000144215,1.3619584999978542,0,differential_evolution_staged_direct_search,True,17,-2388.21369457536,2,True,population_collapse_convergence,36,differential_evolution_staged_direct_search,True,92,-4455.600000000001,8,False,maxiter_budget,72,differential_evolution_staged_direct_search,True,182,-936.5791309807113,8,False,maxiter_budget
2025-10-05,M612,4100.5491391843425,3812.190293703703,21,45607.69066560922,42386.16525173307,39045.65864552726,3281.0160100409767,59.490596164830805,0.0,42386.16525173307,11438.115946357952,53.9845231833678,3,1.0922234999889042,1.2119948000035947,0,differential_evolution_staged_direct_search,True,22,-4454.326820085441,3,True,population_collapse_convergence,36,differential_evolution_staged_direct_search,True,32,-2569.59804570713,2,True,population_collapse_convergence,72,differential_evolution_staged_direct_search,True,182,-697.5748990269027,8,False,maxiter_budget
2025-10-06,M612,3812.190293703703,3468.686942222225,21,39676.435211632095,41223.55626972977,39676.435211632095,0.0,1547.1210580976763,0.0,41223.55626972977,0.0,2178.40744609224,3,1.1320027000037953,1.2532476000051247,0,differential_evolution_staged_direct_search,True,12,-4454.326820085441,1,True,population_collapse_convergence,36,differential_evolution_staged_direct_search,True,62,-2765.738153203377,5,True,population_collapse_convergence,72,differential_evolution_staged_direct_search,True,182,-836.0720231036274,8,False,maxiter_budget
2025-10-07,M612,3468.686942222225,3733.748303333332,21,42099.09109425769,42713.25434833078,40943.51115950096,577.7899673783656,1191.9532214514575,0.0,42713.25434833078,2495.173531014816,1078.4622903173859,3,1.0958945000020321,1.2081841000035638,0,differential_evolution_staged_direct_search,True,12,-4454.326820085441,1,True,population_collapse_convergence,36,differential_evolution_staged_direct_search,True,42,-2649.8623241110845,3,True,population_collapse_convergence,72,differential_evolution_staged_direct_search,True,182,-676.4468277659281,8,False,maxiter_budget
2025-10-08,M612,3733.748303333332,1618.895199814815,21,37446.43540520915,36983.44835968657,36520.46131416399,462.98704552257834,0.0,1453.8995080008513,38437.34786768742,1705.0591213883674,0.0,3,1.1211156999925151,1.2372422000044025,0,differential_evolution_staged_direct_search,True,12,-4454.326820085441,1,True,population_collapse_convergence,36,differential_evolution_staged_direct_search,True,42,-2516.983355146215,3,True,population_collapse_convergence,72,differential_evolution_staged_direct_search,True,182,-716.3720057176312,8,False,maxiter_budget
2025-10-09,M612,1618.895199814815,1507.7290553703701,21,45204.66920843841,41348.305277718704,37491.941346999,3856.3639307197,0.0,1666.4816904966488,43014.786968215354,12581.888426269008,0.0,3,1.1129013000027044,1.2273840999987442,0,differential_evolution_staged_direct_search,True,22,-4454.326820085441,3,True,population_collapse_convergence,36,differential_evolution_staged_direct_search,True,42,-2505.438298607801,3,True,population_collapse_convergence,72,differential_evolution_staged_direct_search,True,182,-749.4046090856891,8,False,maxiter_budget
2025-10-10,M612,1507.7290553703701,1330.4175396296296,21,16733.910792768052,16432.927616602676,16131.944440437297,300.9831761653776,0.0,956.0318127097114,17388.95942931239,672.137249849762,0.0,3,1.2232794000010472,1.3407507999945665,0,differential_evolution_staged_direct_search,True,12,-2298.7645418791017,1,True,population_collapse_convergence,36,differential_evolution_staged_direct_search,True,92,-4455.600000000001,8,False,maxiter_budget,72,differential_evolution_staged_direct_search,True,182,-782.4424006292271,8,False,maxiter_budget
2025-10-11,M612,1330.4175396296296,1708.9105087037033,21,17177.798402048516,17065.34060575557,16952.88280746262,112.45779729294786,9.99998677642111e-07,1108.5417608160024,18173.88236657157,214.9830823979746,9.663223439552698e-07,3,1.0718935999902897,1.1910185999877285,0,differential_evolution_staged_direct_search,True,17,-2521.1803636733,2,True,population_collapse_convergence,36,differential_evolution_staged_direct_search,True,32,-4448.751197504825,2,True,population_collapse_convergence,72,differential_evolution_staged_direct_search,True,182,-735.8162674647059,8,False,maxiter_budget
2025-10-12,M612,1708.9105087037033,1330.86288,21,40028.832923669135,39427.1933645532,38785.12633444587,621.8532946116317,20.213735495698746,4846.766759503584,44273.96012405678,2819.079248300521,16.67846521459836,3,1.1003022999939276,1.2150799999944866,0,differential_evolution_staged_direct_search,True,12,-4454.040001567707,1,True,population_collapse_convergence,36,differential_evolution_staged_direct_search,True,52,-3377.62476344837,4,True,population_collapse_convergence,72,differential_evolution_staged_direct_search,True,182,-657.9861159236524,8,False,maxiter_budget
2025-10-13,M612,1330.86288,1619.0564022879205,21,41926.591088520916,40557.01187234555,37978.79724110658,1973.8969237071678,604.3177075318035,0.0,40557.01187234555,7251.905913693027,527.1334707740928,3,1.231025300003239,1.3461940999986837,0,differential_evolution_staged_direct_search,True,22,-4454.040001567707,3,True,population_collapse_convergence,36,differential_evolution_staged_direct_search,True,92,-2599.562760967028,8,False,maxiter_budget,72,differential_evolution_staged_direct_search,True,182,-560.3072530250889,8,False,maxiter_budget
2025-10-14,M612,1619.0564022879205,1321.0899025925928,21,43643.8520255663,42659.02414161754,40740.97866094844,1451.4366823089338,466.60879836017,431.8687622615228,43090.89290387907,5130.793712340399,392.95212640064324,3,1.1122119999927236,1.2266326999961166,0,differential_evolution_staged_direct_search,True,17,-4454.541762257497,2,True,population_collapse_convergence,36,differential_evolution_staged_direct_search,True,42,-2449.2090398035625,3,True,population_collapse_convergence,72,differential_evolution_staged_direct_search,True,182,-667.4811531057484,8,False,maxiter_budget
2025-10-15,M612,1321.0899025925928,1555.4529822879754,21,45979.22262111503,43776.35316009722,41573.483699079414,2202.869461017808,0.0,0.0,43776.35316009722,6671.012691578197,0.0,3,0.8716428000043379,0.9851874000014504,0,differential_evolution_staged_direct_search,True,12,-4454.541762257497,1,True,population_collapse_convergence,36,differential_evolution_staged_direct_search,True,32,-3029.8483306467997,2,True,population_collapse_convergence,72,differential_evolution_staged_direct_search,True,142,-663.0034317413229,6,True,population_collapse_convergence
2025-10-16,M612,1555.4529822879754,1680.3727015642596,21,43324.79986057475,43270.31146412151,42090.8298368711,616.9850118518266,562.496615398584,0.0,43270.31146412151,1847.125215900856,451.05830525786945,3,1.4568989999970654,1.5877345999906538,0,differential_evolution_staged_direct_search,True,12,-4454.541762257497,1,True,population_collapse_convergence,36,differential_evolution_staged_direct_search,True,92,-2737.7381522724113,8,False,maxiter_budget,72,differential_evolution_staged_direct_search,True,182,-576.9976070584726,8,False,maxiter_budget
2025-10-17,M612,1680.3727015642596,1590.532721829299,21,16275.477756071235,17071.33786138081,16275.47775607124,0.0,795.8601053095729,0.0,17071.33786138081,0.0,643.0934093288851,3,1.3204768000141485,1.4632647000107681,0,differential_evolution_staged_direct_search,True,27,-2256.5385401475723,4,True,population_collapse_convergence,36,differential_evolution_staged_direct_search,True,92,-4455.600000000001,8,False,maxiter_budget,72,differential_evolution_staged_direct_search,True,182,-696.786625067902,8,False,maxiter_budget
2025-10-18,M612,1590.532721829299,1824.5781748581958,21,18114.847317356158,17658.773622847577,17202.699928338996,456.0736945085812,0.0,0.0,17658.773622847577,1112.1765733141774,0.0,3,1.2385020999936387,1.354689400002826,0,differential_evolution_staged_direct_search,True,17,-2303.445773128312,2,True,population_collapse_convergence,36,differential_evolution_staged_direct_search,True,92,-4414.271747795657,8,False,maxiter_budget,72,differential_evolution_staged_direct_search,True,182,-775.5181753273579,8,False,maxiter_budget
2025-10-19,M612,1824.5781748581958,1629.439522220746,21,44548.2368384234,43777.96448401498,42902.34633313607,822.9452526436694,52.67289823523914,0.0,43777.96448401498,2739.1328850625378,74.97349684629069,3,1.2200287000014214,1.3367952999979025,0,differential_evolution_staged_direct_search,True,12,-4454.541762257497,1,True,population_collapse_convergence,36,differential_evolution_staged_direct_search,True,92,-3211.2577566790446,8,False,maxiter_budget,72,differential_evolution_staged_direct_search,True,182,-636.1809777245164,8,False,maxiter_budget
2025-10-20,M612,1629.439522220746,1334.9946972207376,21,47394.202979715425,45832.82648959346,44271.4499994715,1561.3764901219627,0.0,0.0,45832.82648959346,4892.60049298509,0.0,3,0.730294099994353,0.8453767000028165,0,differential_evolution_staged_direct_search,True,12,-4454.541762257497,1,True,population_collapse_convergence,36,differential_evolution_staged_direct_search,True,62,-3299.3423733897034,5,True,population_collapse_convergence,72,differential_evolution_staged_direct_search,True,102,-651.0213424007634,4,True,population_collapse_convergence
2025-10-21,M612,1334.9946972207376,1646.4302058692222,21,46304.18775297106,46024.23961743545,44902.45521559446,700.8662686882992,420.9181331526921,0.0,46024.23961743545,1842.0061896827747,590.7348457543075,3,1.2227600000042003,1.3353473999886774,0,differential_evolution_staged_direct_search,True,17,-4454.679571820499,2,True,population_collapse_convergence,36,differential_evolution_staged_direct_search,True,92,-2541.2073671412595,8,False,maxiter_budget,72,differential_evolution_staged_direct_search,True,182,-706.8660321857251,8,False,maxiter_budget
2025-10-22,M612,1646.4302058692222,1409.4090425925926,21,44115.959120545784,44272.32805862787,44071.82754227645,22.065789134668336,178.43472721675445,0.0,44272.32805862787,65.65976091224138,277.36240990454127,3,1.22623480000766,1.3393720999883953,0,differential_evolution_staged_direct_search,True,12,-4454.332210229278,1,True,population_collapse_convergence,36,differential_evolution_staged_direct_search,True,92,-2678.7411337062754,8,False,maxiter_budget,72,differential_evolution_staged_direct_search,True,182,-722.3799611851389,8,False,maxiter_budget
2025-10-23,M612,1409.4090425925926,1668.8883670370399,21,51606.586416926024,47701.10781554393,42897.13374237227,4354.726337276877,449.24773589478383,0.0,47701.10781554393,13514.623051551522,373.35209048906677,3,1.1149069999810308,1.2299569999886444,0,differential_evolution_staged_direct_search,True,12,-4454.332210229278,1,True,population_collapse_convergence,36,differential_evolution_staged_direct_search,True,52,-3057.089644284418,4,True,population_collapse_convergence,72,differential_evolution_staged_direct_search,True,182,-643.9679387063029,8,False,maxiter_budget
2025-10-24,M612,1668.8883670370399,1531.1488116666662,21,17712.07079415267,17692.768865970145,17673.46693578762,19.3019291825272,1.0000000862930847e-06,78.61594688925729,17771.384812859404,35.9373099656064,9.663237051679805e-07,3,1.0789848000131315,1.1944371999998111,0,differential_evolution_staged_direct_search,True,12,-2641.3915985339804,1,True,population_collapse_convergence,36,differential_evolution_staged_direct_search,True,32,-4454.940615562695,2,True,population_collapse_convergence,72,differential_evolution_staged_direct_search,True,182,-784.0756616517201,8,False,maxiter_budget
2025-10-25,M612,1531.1488116666662,1501.447971111111,21,17698.01354959512,17645.871262527748,17593.72897546037,52.14228706737609,0.0,792.327294166955,18438.198556694704,115.77708423566953,0.0,3,1.1585119000083068,1.2752789000078337,0,differential_evolution_staged_direct_search,True,17,-2541.5802997609435,2,True,population_collapse_convergence,36,differential_evolution_staged_direct_search,True,62,-4428.943246477766,5,True,population_collapse_convergence,72,differential_evolution_staged_direct_search,True,182,-801.4738021703041,8,False,maxiter_budget
2025-10-26,M612,1501.447971111111,2069.88993185185,21,48430.13382637952,46222.311544352655,43926.3223876998,2251.9057193398608,44.08343731299581,0.0,46222.311544352655,6514.9105793583685,34.77278633708122,3,1.0997179000114556,1.2174522999994224,0,differential_evolution_staged_direct_search,True,17,-4454.624200607486,2,True,population_collapse_convergence,36,differential_evolution_staged_direct_search,True,42,-3000.86546120526,3,True,population_collapse_convergence,72,differential_evolution_staged_direct_search,True,182,-641.3181992232619,8,False,maxiter_budget
2025-10-27,M612,2069.88993185185,1937.646021851851,21,43978.050700671374,46004.18010833177,43236.14731531826,370.95169267655797,2397.0811003369504,89.82957419999975,46094.00968253177,1663.7645015713424,2725.711316418288,3,1.1723926000122447,1.2937585000036051,0,differential_evolution_staged_direct_search,True,17,-4454.624200607486,2,True,population_collapse_convergence,36,differential_evolution_staged_direct_search,True,52,-3150.2541780073434,4,True,population_collapse_convergence,72,differential_evolution_staged_direct_search,True,182,-620.5014789457333,8,False,maxiter_budget
2025-10-28,M612,1937.646021851851,1893.1521133333345,21,43775.69663477653,45869.196022512195,43738.456354768365,18.62014000407965,2112.1195277397455,0.0,45869.196022512195,53.979243380430944,2301.952012523039,3,1.3457255999965128,1.4650891000055708,0,differential_evolution_staged_direct_search,True,22,-4454.673132461299,3,True,population_collapse_convergence,36,differential_evolution_staged_direct_search,True,92,-3290.2697684723626,8,False,maxiter_budget,72,differential_evolution_staged_direct_search,True,182,-594.1606407162193,8,False,maxiter_budget
2025-10-29,M612,1893.1521133333345,1725.847069074076,21,49344.180794575994,48429.15474445411,47481.4715495662,931.3546225048975,16.328572383007014,0.0,48429.15474445411,2869.719933491148,13.51423329857812,3,1.1093349999864586,1.2297396000067238,0,differential_evolution_staged_direct_search,True,17,-4454.673132461299,2,True,population_collapse_convergence,36,differential_evolution_staged_direct_search,True,32,-2531.52171489991,2,True,population_collapse_convergence,72,differential_evolution_staged_direct_search,True,182,-627.9681735462427,8,False,maxiter_budget
2025-10-30,M612,1725.847069074076,1696.0298246296331,21,43384.02354511646,44775.612381997955,43251.728750350594,66.14739738293383,1457.7362342644253,16.568520749999568,44792.180902747954,290.6939019245609,1349.7735121227447,3,1.1637271999934455,1.2853793999966001,0,differential_evolution_staged_direct_search,True,12,-4454.673132461299,1,True,population_collapse_convergence,36,differential_evolution_staged_direct_search,True,52,-3303.9989313145843,4,True,population_collapse_convergence,72,differential_evolution_staged_direct_search,True,182,-592.6222363173216,8,False,maxiter_budget
2025-10-31,M612,1696.0298246296331,2002.5343861544743,21,19862.679316213005,19433.478900856637,19004.27848550027,429.2004153563696,0.0,0.0,19433.478900856637,1144.4044708946994,0.0,3,1.3010113000054844,1.4211280000017723,0,differential_evolution_staged_direct_search,True,22,-2752.7262647592515,3,True,population_collapse_convergence,36,differential_evolution_staged_direct_search,True,92,-4112.999062287553,8,False,maxiter_budget,72,differential_evolution_staged_direct_search,True,182,-715.5019384874824,8,False,maxiter_budget
2025-11-01,M612,2002.5343861544743,2168.3586872666388,21,18757.17007960908,18617.995053603234,18478.820027597387,139.1750260058467,0.0,0.0,18617.995053603234,356.95259574421266,0.0,3,1.309210899999016,1.4257799000042723,0,differential_evolution_staged_direct_search,True,22,-2691.5483171917554,3,True,population_collapse_convergence,36,differential_evolution_staged_direct_search,True,92,-4089.23901552011,8,False,maxiter_budget,72,differential_evolution_staged_direct_search,True,182,-706.5028393431927,8,False,maxiter_budget
2025-11-02,M612,2168.3586872666388,1592.7562955555557,21,47822.99036741122,48755.957427323534,45935.2035203767,943.8934235172638,1876.8604834295693,1129.1973149132828,49885.15474223682,2587.9640880829215,2073.4366032080743,3,1.149181899992982,1.2681987000105437,0,differential_evolution_staged_direct_search,True,17,-4454.673132461299,2,True,population_collapse_convergence,36,differential_evolution_staged_direct_search,True,52,-2851.5931760001467,4,True,population_collapse_convergence,72,differential_evolution_staged_direct_search,True,182,-632.7539180669289,8,False,maxiter_budget
2025-11-03,M612,1592.7562955555557,1870.2324837037045,21,51160.365938233736,49285.319988371135,47410.274038508534,1875.045949862602,0.0,0.0,49285.319988371135,5428.512128397654,0.0,3,1.0528606999869226,1.1647726999945007,0,differential_evolution_staged_direct_search,True,17,-4454.673132461299,2,True,population_collapse_convergence,36,differential_evolution_staged_direct_search,True,22,-2887.061294280825,1,True,population_collapse_convergence,72,differential_evolution_staged_direct_search,True,182,-614.04273328766,8,False,maxiter_budget
2025-11-04,M612,1870.2324837037045,1473.769461666667,21,47251.45693755185,46921.49576215034,45928.14609113986,661.6554232059988,331.6942478044926,358.6744351978446,47280.17019734818,2518.4876605349737,336.3169436026566,3,1.1648992999835173,1.284674200011068,0,differential_evolution_staged_direct_search,True,17,-4454.496104654127,2,True,population_collapse_convergence,36,differential_evolution_staged_direct_search,True,62,-2814.2234538949738,5,True,population_collapse_convergence,72,differential_evolution_staged_direct_search,True,182,-701.403998480632,8,False,maxiter_budget
2025-11-05,M612,1473.769461666667,1890.2193455555541,21,53091.32906944047,50295.67441788885,47500.01976633722,2795.6546515516275,0.0,109.22909814908047,50404.90351603793,8097.673732913766,0.0,3,1.2759385000099428,1.3962669000029564,0,differential_evolution_staged_direct_search,True,17,-4454.496104654127,2,True,population_collapse_convergence,36,differential_evolution_staged_direct_search,True,92,-2637.169359522146,8,False,maxiter_budget,72,differential_evolution_staged_direct_search,True,182,-610.709799095434,8,False,maxiter_budget
2025-11-06,M612,1890.2193455555541,1579.6060258182654,21,48968.147729347984,48835.278074848946,48312.12109363031,328.01331785883605,195.1436633597983,0.0,48835.278074848946,1014.8927945962818,163.74341255770116,3,1.2659846000169637,1.386352599991369,0,differential_evolution_staged_direct_search,True,17,-4454.496104654127,2,True,population_collapse_convergence,36,differential_evolution_staged_direct_search,True,92,-2779.528912014264,8,False,maxiter_budget,72,differential_evolution_staged_direct_search,True,182,-644.6431577491867,8,False,maxiter_budget
2025-11-07,M612,1579.6060258182654,1784.3855496564884,21,18798.029302880135,18793.108241588983,18788.187180297835,4.921061291151359,0.0,0.0,18793.108241588983,9.162281309162836,0.0,3,0.9292818000249099,1.044534599990584,0,differential_evolution_staged_direct_search,True,17,-3130.731752708728,2,True,population_collapse_convergence,36,differential_evolution_staged_direct_search,True,42,-2896.2469595094017,3,True,population_collapse_convergence,72,differential_evolution_staged_direct_search,True,142,-787.6388727461926,6,True,population_collapse_convergence
2025-11-08,M612,1784.3855496564884,1765.8223211778673,21,18861.724512105706,18788.534773813477,18715.345035521255,73.18973829222516,0.0,0.0,18788.534773813477,149.28629952454253,0.0,3,1.350181399990106,1.477994700006093,0,differential_evolution_staged_direct_search,True,22,-3011.2539185522037,3,True,population_collapse_convergence,36,differential_evolution_staged_direct_search,True,92,-4179.242944440713,8,False,maxiter_budget,72,differential_evolution_staged_direct_search,True,182,-700.1855541598987,8,False,maxiter_budget
2025-11-09,M612,1765.8223211778673,1874.908250370369,21,50603.61067019186,49663.49959100636,48711.27079022561,946.169939983124,6.058860797625712,0.0,49663.49959100636,3030.9755512070337,5.014575458411514,3,1.4338598999893293,1.5763755000079982,0,differential_evolution_staged_direct_search,True,17,-4454.496104654127,2,True,population_collapse_convergence,36,differential_evolution_staged_direct_search,True,92,-2791.1129905446082,8,False,maxiter_budget,72,differential_evolution_staged_direct_search,True,182,-716.9064690812162,8,False,maxiter_budget
2025-11-10,M612,1874.908250370369,1560.7530211111111,21,50885.793940011616,51900.61363955725,48966.690011131795,959.5519644399068,1974.371663985542,228.15422833717767,52128.76786789442,2697.971960360817,2001.29556126049,3,1.2634058999974513,1.3887726999964798,0,differential_evolution_staged_direct_search,True,12,-4453.824373985893,1,True,population_collapse_convergence,36,differential_evolution_staged_direct_search,True,92,-2431.268387266003,8,False,maxiter_budget,72,differential_evolution_staged_direct_search,True,182,-637.9511641331253,8,False,maxiter_budget
2025-11-11,M612,1560.7530211111111,1737.1798738888906,21,52947.87328551327,50999.80871418868,49051.74414286409,1948.0645713245926,0.0,0.0,50999.80871418868,5206.783297039985,0.0,3,1.1436180000018794,1.2612656999990577,0,differential_evolution_staged_direct_search,True,17,-4453.824373985893,2,True,population_collapse_convergence,36,differential_evolution_staged_direct_search,True,32,-2857.658678930191,2,True,population_collapse_convergence,72,differential_evolution_staged_direct_search,True,182,-622.7128519843695,8,False,maxiter_budget
2025-11-12,M612,1737.1798738888906,1603.8799725925926,21,50148.482764311164,50862.40722049968,48098.23071366616,1025.1260253225007,1739.050481511007,132.1835795786577,50994.59080007834,3511.7752467412156,1609.2537581827894,3,1.2631790000014007,1.3819176000106381,0,differential_evolution_staged_direct_search,True,12,-4454.497923682149,1,True,population_collapse_convergence,36,differential_evolution_staged_direct_search,True,92,-2815.2967032114843,8,False,maxiter_budget,72,differential_evolution_staged_direct_search,True,182,-626.2882982678191,8,False,maxiter_budget
2025-11-13,M612,1603.8799725925926,1779.5870507407406,21,48959.60018111652,49711.610442658704,48088.62268109231,435.4887500121045,1187.4990115542823,1351.2988900235468,51062.90933268225,1743.928696762637,1082.3858671265016,3,0.7099602000089362,0.8342720999935409,0,differential_evolution_staged_direct_search,True,17,-4453.722690319422,2,True,population_collapse_convergence,36,differential_evolution_staged_direct_search,True,42,-3292.4486298632864,3,True,population_collapse_convergence,72,differential_evolution_staged_direct_search,True,102,-709.8264025748301,4,True,population_collapse_convergence
2025-11-14,M612,1779.5870507407406,1924.1321554618378,21,19755.22954002845,19591.72006668505,19428.210593341657,163.5094733433958,0.0,0.0,19591.72006668505,388.7639926641201,0.0,3,0.6802715000230819,0.8003748999908566,0,differential_evolution_staged_direct_search,True,17,-3073.270706530235,2,True,population_collapse_convergence,36,differential_evolution_staged_direct_search,True,32,-4032.9980187243805,2,True,population_collapse_convergence,72,differential_evolution_staged_direct_search,True,102,-681.5908040870888,4,True,population_collapse_convergence
2025-11-15,M612,1924.1321554618378,1650.1550670803888,21,21178.615917033494,20782.411865217022,20386.207813400557,396.20405181646674,0.0,0.0,20782.411865217022,1216.4307848612368,0.0,3,1.0950668000004953,1.2110881999979028,0,differential_evolution_staged_direct_search,True,12,-4209.339504896219,1,True,population_collapse_convergence,36,differential_evolution_staged_direct_search,True,32,-4309.252938019819,2,True,population_collapse_convergence,72,differential_evolution_staged_direct_search,True,182,-653.2025584925423,8,False,maxiter_budget
2025-11-16,M612,1650.1550670803888,1665.063351851851,21,50863.16971372698,51954.038431923334,50211.623821308734,325.7729462091214,1416.6416644054748,0.0,51954.038431923334,1256.7883450135287,1248.4926667523284,3,1.1697564999922179,1.2906930000026478,0,differential_evolution_staged_direct_search,True,17,-4454.421524505195,2,True,population_collapse_convergence,36,differential_evolution_staged_direct_search,True,52,-2873.063166775907,4,True,population_collapse_convergence,72,differential_evolution_staged_direct_search,True,182,-663.4986564254311,8,False,maxiter_budget
2025-11-17,M612,1665.063351851851,1929.00663277778,21,49414.66979540305,52666.6476595469,48906.38087569759,254.14445985273323,3506.122323996582,0.0,52666.6476595469,939.7514176454987,3400.8204689014447,3,1.1522496000106912,1.2738265999942087,0,differential_evolution_staged_direct_search,True,22,-4454.436804340586,3,True,population_collapse_convergence,36,differential_evolution_staged_direct_search,True,42,-2849.4800131836014,3,True,population_collapse_convergence,72,differential_evolution_staged_direct_search,True,182,-683.821974046726,8,False,maxiter_budget
2025-11-18,M612,1929.00663277778,1772.6255641758976,21,51583.54842927208,51137.757836146404,50691.967243020736,445.7905931256669,0.0,0.0,51137.757836146404,1176.9754487073524,0.0,3,1.2157569999835687,1.339874500001315,0,differential_evolution_staged_direct_search,True,17,-4454.78845883794,2,True,population_collapse_convergence,36,differential_evolution_staged_direct_search,True,62,-2653.353889542602,5,True,population_collapse_convergence,72,differential_evolution_staged_direct_search,True,182,-602.613402794255,8,False,maxiter_budget
2025-11-19,M612,1772.6255641758976,1586.7689261111127,21,50662.93960688182,52997.97391934006,50002.06740347838,330.4361017017211,2665.470414159967,0.0,52997.97391934006,1250.0825478808015,2502.377056453169,3,1.2865689999889582,1.4054064999945695,0,differential_evolution_staged_direct_search,True,22,-4454.788458837939,3,True,population_collapse_convergence,36,differential_evolution_staged_direct_search,True,92,-2582.1746005726286,8,False,maxiter_budget,72,differential_evolution_staged_direct_search,True,182,-701.868983923266,8,False,maxiter_budget
2025-11-20,M612,1586.7689261111127,1826.3693181481494,21,50971.73715853931,51824.09930064655,50548.77780823615,211.47967515158157,1063.8418172588226,0.0,51824.09930064655,739.8914061415821,933.3500620978201,3,0.8723500999913085,0.9973346000042511,0,differential_evolution_staged_direct_search,True,27,-4453.917944787381,4,True,population_collapse_convergence,36,differential_evolution_staged_direct_search,True,92,-3026.0036908968955,8,False,maxiter_budget,72,differential_evolution_staged_direct_search,True,102,-690.1193713462853,4,True,population_collapse_convergence
2025-11-21,M612,1826.3693181481494,1948.2591287322705,21,19788.568808540404,19747.86579706258,19707.162785584762,40.70301147782092,0.0,0.0,19747.86579706258,76.44493788963433,0.0,3,1.0645604000019375,1.176820399996359,0,differential_evolution_staged_direct_search,True,17,-3245.9759439164927,2,True,population_collapse_convergence,36,differential_evolution_staged_direct_search,True,32,-2945.758782565041,2,True,population_collapse_convergence,72,differential_evolution_staged_direct_search,True,182,-757.5851028425684,8,False,maxiter_budget
2025-11-22,M612,1948.2591287322705,1786.4759504949714,21,22297.07659382226,21656.871398631432,21016.66620344061,640.205195190825,0.0,0.0,21656.871398631432,2577.2495017037413,0.0,3,1.248067299995455,1.3640306000015698,0,differential_evolution_staged_direct_search,True,22,-4250.278754766006,3,True,population_collapse_convergence,36,differential_evolution_staged_direct_search,True,92,-3784.1160324084167,8,False,maxiter_budget,72,differential_evolution_staged_direct_search,True,182,-688.8727761380563,8,False,maxiter_budget
2025-11-23,M612,1786.4759504949714,1823.4543141608954,21,51968.83215426269,52765.17731344545,51118.817487042295,425.0073336101963,1221.35249279296,0.0,52765.17731344545,1347.6074960304159,1151.3405897270854,3,1.2598391999927117,1.3731244999944465,0,differential_evolution_staged_direct_search,True,12,-4453.722035469333,1,True,population_collapse_convergence,36,differential_evolution_staged_direct_search,True,92,-2668.8584607469625,8,False,maxiter_budget,72,differential_evolution_staged_direct_search,True,182,-599.9757708686734,8,False,maxiter_budget
2025-11-24,M612,1823.4543141608954,1377.136607592595,21,50384.833202132475,50378.4299383777,49748.18426388634,318.3244691230694,311.9212053682918,85.71106349999933,50464.1410018777,1006.3550212902794,294.46430078351557,3,0.6435399999900255,0.7543098000023747,0,differential_evolution_staged_direct_search,True,17,-4453.722035469333,2,True,population_collapse_convergence,36,differential_evolution_staged_direct_search,True,32,-3036.632861078539,2,True,population_collapse_convergence,72,differential_evolution_staged_direct_search,True,102,-712.7083143257007,4,True,population_collapse_convergence
2025-11-25,M612,1377.136607592595,1642.126568888888,21,59179.57717951614,55933.54290347012,52687.508627424104,3246.0342760460185,0.0,0.0,55933.54290347012,9316.366406149817,0.0,3,0.7433025000063935,0.8515309999929741,0,differential_evolution_staged_direct_search,True,17,-4453.690493523419,2,True,population_collapse_convergence,36,differential_evolution_staged_direct_search,True,62,-2885.4769288998496,5,True,population_collapse_convergence,72,differential_evolution_staged_direct_search,True,102,-630.5684718849518,4,True,population_collapse_convergence
2025-11-26,M612,1642.126568888888,2094.2256727557924,21,55457.029703547596,54685.23071411099,53095.6946837304,1180.6675099086033,408.86852047199386,209.30622008333327,54894.53693419432,3457.254922729339,323.7652090661635,3,1.2578788000100758,1.380617999995593,0,differential_evolution_staged_direct_search,True,17,-4452.93916218891,2,True,population_collapse_convergence,36,differential_evolution_staged_direct_search,True,92,-2523.5598875548803,8,False,maxiter_budget,72,differential_evolution_staged_direct_search,True,182,-655.4116062363815,8,False,maxiter_budget
2025-11-27,M612,2094.2256727557924,1912.4624604739026,21,53693.27839878236,53235.4131610847,52339.40219649275,676.9381011448073,219.07286344714862,0.0,53235.4131610847,2258.845385637071,304.59120112510504,3,1.1041077000118094,1.229059999997844,0,differential_evolution_staged_direct_search,True,22,-4452.93916218891,3,True,population_collapse_convergence,36,differential_evolution_staged_direct_search,True,42,-2811.9473243666325,3,True,population_collapse_convergence,72,differential_evolution_staged_direct_search,True,182,-641.8421023336934,8,False,maxiter_budget
2025-11-28,M612,1912.4624604739026,1815.8957439343117,21,20502.16739014146,20314.138988876355,20126.11058761125,188.0284012651042,0.0,541.1511854499962,20855.29017432635,599.2390164974092,0.0,3,1.0733369999943534,1.1862879999971483,0,differential_evolution_staged_direct_search,True,17,-3609.4686733346302,2,True,population_collapse_convergence,36,differential_evolution_staged_direct_search,True,42,-3096.8767378451585,3,True,population_collapse_convergence,72,differential_evolution_staged_direct_search,True,182,-734.6036320567976,8,False,maxiter_budget
2025-11-29,M612,1815.8957439343117,1778.6461694931736,21,25925.352799611745,24024.38823277733,22123.423665942923,1900.964566834411,0.0,0.0,24024.38823277733,7989.991309515933,0.0,3,1.2041653000051156,1.320653200004017,0,differential_evolution_staged_direct_search,True,32,-4454.168424946111,5,True,population_collapse_convergence,36,differential_evolution_staged_direct_search,True,52,-3458.2307731092405,4,True,population_collapse_convergence,72,differential_evolution_staged_direct_search,True,182,-720.7709901408039,8,False,maxiter_budget
2025-11-30,M612,1778.6461694931736,1648.8514277777758,21,55389.76894138676,55557.490039539596,54742.866557709,323.4511918388836,491.1722899917187,27.58286025000031,55585.07289978959,1194.7899078144105,458.4528276801509,3,1.0786714000132633,1.1945640000049025,0,differential_evolution_staged_direct_search,True,17,-4454.168424946112,2,True,population_collapse_convergence,36,differential_evolution_staged_direct_search,True,32,-2860.3523964144833,2,True,population_collapse_convergence,72,differential_evolution_staged_direct_search,True,182,-670.158357102955,8,False,maxiter_budget
2025-12-01,M612,1648.8514277777758,1577.2410965872036,21,58816.74926552173,57556.64568838877,56296.54211125581,1260.103577132958,0.0,13563.41854948569,71120.06423787447,3575.1942323479457,0.0,3,1.2404760999925202,1.3570087999978568,0,differential_evolution_staged_direct_search,True,12,-4454.168424946112,1,True,population_collapse_convergence,36,differential_evolution_staged_direct_search,True,92,-2807.4747037159955,8,False,maxiter_budget,72,differential_evolution_staged_direct_search,True,182,-619.6040313708577,8,False,maxiter_budget
2025-12-02,M612,1577.2410965872036,1413.8043714814814,21,60468.31269888425,59349.841083683685,57843.918147722914,1312.1972755806648,193.7256603801113,13400.370377861116,72750.2114615448,4020.9613821131315,141.8417700828578,3,1.22627799998736,1.3386367999919457,0,differential_evolution_staged_direct_search,True,22,-4420.88272198133,3,True,population_collapse_convergence,36,differential_evolution_staged_direct_search,True,92,-1927.4310215334242,8,False,maxiter_budget,72,differential_evolution_staged_direct_search,True,182,-608.7088491147373,8,False,maxiter_budget
2025-12-03,M612,1413.8043714814814,1422.196876481481,21,54084.15161271459,59642.26602138135,54063.132068874,10.50977192029248,5568.624180587059,7034.532048384182,66676.79806976553,30.467522598325786,5440.080684624194,3,1.233412399989902,1.3508656000049086,0,differential_evolution_staged_direct_search,True,22,-4397.276605488675,3,True,population_collapse_convergence,36,differential_evolution_staged_direct_search,True,92,-1450.308656167738,8,False,maxiter_budget,72,differential_evolution_staged_direct_search,True,182,-601.2307464641457,8,False,maxiter_budget
2025-12-04,M612,1422.196876481481,1336.5760529629638,21,59837.33856523927,58886.0528945986,56251.3142728877,1793.012146175783,841.7264755351159,12444.003261161808,71330.05615576041,4681.610489400148,615.9709426110697,3,1.0611129000171786,1.1710741999995662,0,differential_evolution_staged_direct_search,True,17,-4383.8961615161,2,True,population_collapse_convergence,36,differential_evolution_staged_direct_search,True,32,-1278.553882348138,2,True,population_collapse_convergence,72,differential_evolution_staged_direct_search,True,182,-588.4676656212825,8,False,maxiter_budget
2025-12-05,M612,1336.5760529629638,1532.8297192592522,21,24395.462239600813,24449.16087705795,24272.79770984126,61.33226487977493,115.03090233691601,0.0,24449.16087705795,280.30982255222347,135.29885886267186,3,0.9294757000025129,1.0508422999992035,0,differential_evolution_staged_direct_search,True,17,-4377.20815148062,2,True,population_collapse_convergence,36,differential_evolution_staged_direct_search,True,52,-2740.241470318117,4,True,population_collapse_convergence,72,differential_evolution_staged_direct_search,True,142,-724.5652677037231,6,True,population_collapse_convergence
2025-12-06,M612,1532.8297192592522,1565.3945690149899,21,25908.356540801095,26157.64923667893,24780.443956547395,563.9562921268495,813.2489880046892,0.0,26157.64923667893,2358.3382140881463,894.5491858725644,3,1.196511999994982,1.3114052000019,0,differential_evolution_staged_direct_search,True,17,-4387.1302108920045,2,True,population_collapse_convergence,36,differential_evolution_staged_direct_search,True,92,-1630.1551289733713,8,False,maxiter_budget,72,differential_evolution_staged_direct_search,True,182,-785.7237568784942,8,False,maxiter_budget
2025-12-07,M612,1565.3945690149899,1480.1112527777782,21,62781.90658621061,60794.19479596087,58806.483005711125,1987.7117902497448,0.0,4832.047566724282,65626.24236268515,5562.825017743416,0.0,3,1.2179728000046453,1.3280783999944106,0,differential_evolution_staged_direct_search,True,17,-4394.998961283168,2,True,population_collapse_convergence,36,differential_evolution_staged_direct_search,True,92,-1840.7975678837008,8,False,maxiter_budget,72,differential_evolution_staged_direct_search,True,182,-583.0139801343112,8,False,maxiter_budget
2025-12-08,M612,1480.1112527777782,1931.8139215618187,21,67614.9540493759,65922.44783876286,64229.94162814981,1692.506210613043,0.0,0.0,65922.44783876286,5579.07483418038,0.0,3,1.2133990000002086,1.3259030000044731,0,differential_evolution_staged_direct_search,True,17,-4410.774206223926,2,True,population_collapse_convergence,36,differential_evolution_staged_direct_search,True,92,-2970.1486255718246,8,False,maxiter_budget,72,differential_evolution_staged_direct_search,True,182,-555.3545203500441,8,False,maxiter_budget
2025-12-09,M612,1931.8139215618187,1943.0117322971912,21,66885.4360136402,64854.581126572186,62823.72623950416,2030.8548870680133,0.0,0.0,64854.581126572186,5572.711914143242,0.0,3,1.117000000027474,1.2263432999898214,0,differential_evolution_staged_direct_search,True,17,-4410.763743636772,2,True,population_collapse_convergence,36,differential_evolution_staged_direct_search,True,62,-1805.9696792945124,5,True,population_collapse_convergence,72,differential_evolution_staged_direct_search,True,182,-605.8418227657357,8,False,maxiter_budget
2025-12-10,M612,1943.0117322971912,1754.4462529629623,21,63169.713606920646,63642.60475841917,62207.08900597957,481.31230047053856,954.203451969069,0.0,63642.60475841917,1051.3897349230695,1097.8425720399125,3,1.0715337000001455,1.1798037999978988,0,differential_evolution_staged_direct_search,True,22,-4411.077078933642,3,True,population_collapse_convergence,36,differential_evolution_staged_direct_search,True,42,-1103.7973661552237,3,True,population_collapse_convergence,72,differential_evolution_staged_direct_search,True,182,-620.9196342344015,8,False,maxiter_budget
2025-12-11,M612,1754.4462529629623,2006.6806892592579,21,66138.35027619333,64129.02569454158,62119.70111288983,2009.3245816517478,0.0,0.0,64129.02569454158,5588.061168675567,0.0,3,1.1800894999905722,1.2904636000021128,0,differential_evolution_staged_direct_search,True,17,-4409.879325427146,2,True,population_collapse_convergence,36,differential_evolution_staged_direct_search,True,92,-1385.0694956145603,8,False,maxiter_budget,72,differential_evolution_staged_direct_search,True,182,-631.1426719185715,8,False,maxiter_budget
2025-12-12,M612,2006.6806892592579,2069.2988518518528,21,28736.55810139082,28881.353883002557,27395.90422556338,670.3269379137212,815.1227195254585,0.0,28881.353883002557,2954.3751511395644,967.2870593976215,3,1.097236100002192,1.2112258999986807,0,differential_evolution_staged_direct_search,True,22,-4410.562491316818,3,True,population_collapse_convergence,36,differential_evolution_staged_direct_search,True,52,-2081.7783601169713,4,True,population_collapse_convergence,72,differential_evolution_staged_direct_search,True,182,-666.9581528833311,8,False,maxiter_budget
2025-12-13,M612,2069.2988518518528,2211.512335185183,21,29796.508499904245,29016.04854627669,27499.880287011758,1148.3141064462425,367.854152818688,0.0,29016.04854627669,3796.41888617925,349.55441019170803,3,1.2065575000160607,1.321679700005916,0,differential_evolution_staged_direct_search,True,17,-4408.8902855224715,2,True,population_collapse_convergence,36,differential_evolution_staged_direct_search,True,92,-2578.7324459848082,8,False,maxiter_budget,72,differential_evolution_staged_direct_search,True,182,-613.2780617271999,8,False,maxiter_budget
2025-12-14,M612,2211.512335185183,1956.6254761111122,21,62368.00098971331,64507.40534840811,62368.00098971331,0.0,2139.4043586947955,0.0,64507.40534840811,0.0,2424.042023567872,3,1.2025057999999262,1.311537400004454,0,differential_evolution_staged_direct_search,True,17,-4409.646186902948,2,True,population_collapse_convergence,36,differential_evolution_staged_direct_search,True,92,-1130.3741239577696,8,False,maxiter_budget,72,differential_evolution_staged_direct_search,True,182,-693.5696689658364,8,False,maxiter_budget
2025-12-15,M612,1956.6254761111122,1866.3011662592928,21,61978.43008848575,64357.60127761496,61886.50161861907,45.964234933338744,2425.1354240625546,0.0,64357.60127761496,71.36749890852906,2326.07259419391,3,1.1757056999922497,1.2867803999979515,0,differential_evolution_staged_direct_search,True,12,-4408.8902855224715,1,True,population_collapse_convergence,36,differential_evolution_staged_direct_search,True,92,-1210.0897848929385,8,False,maxiter_budget,72,differential_evolution_staged_direct_search,True,182,-695.38843964247,8,False,maxiter_budget
2025-12-16,M612,1866.3011662592928,1792.145909629629,21,66615.44754050861,65166.93405253123,63718.420564553846,1448.5134879773855,0.0,0.0,65166.93405253123,3566.1231442605076,0.0,3,1.2032089000131236,1.3127494000073057,0,differential_evolution_staged_direct_search,True,12,-4408.439913945964,1,True,population_collapse_convergence,36,differential_evolution_staged_direct_search,True,92,-1498.543539313725,8,False,maxiter_budget,72,differential_evolution_staged_direct_search,True,182,-649.2632232307415,8,False,maxiter_budget
2025-12-17,M612,1792.145909629629,1886.0764896296314,21,66270.23146951513,64193.70210030569,62117.172731096216,2076.5293692094624,0.0,0.0,64193.70210030569,5426.550872017327,0.0,3,1.197614100005012,1.310510700001032,0,differential_evolution_staged_direct_search,True,17,-4406.1910199799595,2,True,population_collapse_convergence,36,differential_evolution_staged_direct_search,True,52,-1797.1287930050373,4,True,population_collapse_convergence,72,differential_evolution_staged_direct_search,True,182,-634.5781620316859,8,False,maxiter_budget
2025-12-18,M612,1886.0764896296314,1821.331427918762,21,63208.15415065551,62864.089410200875,62215.201783052216,496.4761838016442,152.41144334701875,0.0,62864.089410200875,1618.0983248804878,193.16824387380245,3,1.130430899997009,1.2523526000004495,0,differential_evolution_staged_direct_search,True,17,-4407.694146869016,2,True,population_collapse_convergence,36,differential_evolution_staged_direct_search,True,42,-2116.910351811115,3,True,population_collapse_convergence,72,differential_evolution_staged_direct_search,True,182,-629.910756751396,8,False,maxiter_budget
2025-12-19,M612,1821.331427918762,1741.0595050244085,21,28001.98776838635,28301.784558012267,26438.301132422628,781.8433179818599,1081.6401076077775,0.0,28301.784558012267,3079.1016676678755,1469.5454830916324,3,1.045755300001474,1.1616032000019914,0,differential_evolution_staged_direct_search,True,17,-4408.598807243439,2,True,population_collapse_convergence,36,differential_evolution_staged_direct_search,True,22,-2811.4947416724312,1,True,population_collapse_convergence,72,differential_evolution_staged_direct_search,True,182,-746.8402309257516,8,False,maxiter_budget
2025-12-20,M612,1741.0595050244085,1855.604051803787,21,29810.62174756707,28433.84383520147,27057.06592283587,1376.7779123655991,0.0,0.0,28433.84383520147,4615.0597478572845,0.0,3,0.9719230000046082,1.086670700009563,0,differential_evolution_staged_direct_search,True,12,-4407.965456979575,1,True,population_collapse_convergence,36,differential_evolution_staged_direct_search,True,92,-1905.9488061280526,8,False,maxiter_budget,72,differential_evolution_staged_direct_search,True,142,-745.4174527771066,6,True,population_collapse_convergence
2025-12-21,M612,1855.604051803787,2008.4598086286355,21,65509.02811807708,64602.15373948933,63695.27936090159,906.874378587746,0.0,0.0,64602.15373948933,2297.1364266062087,0.0,3,1.0786222999886377,1.1872638000058942,0,differential_evolution_staged_direct_search,True,12,-4409.03769010082,1,True,population_collapse_convergence,36,differential_evolution_staged_direct_search,True,42,-1710.4394709963901,3,True,population_collapse_convergence,72,differential_evolution_staged_direct_search,True,182,-697.6465728926385,8,False,maxiter_budget
2025-12-22,M612,2008.4598086286355,1646.0806731481478,21,63834.02593964341,63312.33658588714,62775.27832169763,529.3738089728847,7.6844552166113695,102.03094026664873,63414.36752615379,1331.1866329219279,4.409890801762572,3,1.0698461999854771,1.183260000005248,0,differential_evolution_staged_direct_search,True,17,-4409.244675677897,2,True,population_collapse_convergence,36,differential_evolution_staged_direct_search,True,32,-1679.0017395145783,2,True,population_collapse_convergence,72,differential_evolution_staged_direct_search,True,182,-701.5235618093088,8,False,maxiter_budget
2025-12-23,M612,1646.0806731481478,1962.5693014309484,21,65674.72048137692,63871.85795998871,62068.99543860048,1802.862521388227,0.0,0.0,63871.85795998871,4767.209341570656,0.0,3,1.15489560001879,1.2648090000002412,0,differential_evolution_staged_direct_search,True,22,-4397.703225383269,3,True,population_collapse_convergence,36,differential_evolution_staged_direct_search,True,72,-1783.11647569805,6,True,population_collapse_convergence,72,differential_evolution_staged_direct_search,True,182,-673.3496492655618,8,False,maxiter_budget
2025-12-24,M612,1962.5693014309484,1741.369682592596,21,64357.696536740885,63192.46900192922,62020.94942132635,1168.3735577072684,3.146022895602861,0.0,63192.46900192922,3111.3938062705797,1.7952140692190142,3,1.0403264000051422,1.147767100002966,0,differential_evolution_staged_direct_search,True,17,-4376.136283313662,2,True,population_collapse_convergence,36,differential_evolution_staged_direct_search,True,32,-1615.7358723807479,2,True,population_collapse_convergence,72,differential_evolution_staged_direct_search,True,182,-696.365508098072,8,False,maxiter_budget
2025-12-25,M612,1741.369682592596,1877.3836150000009,21,60758.183407229066,61678.716790087536,60758.183407229066,0.0,920.5333828584642,0.0,61678.716790087536,0.0,1100.7453827941301,3,0.7379218999994919,0.8444409999938216,0,differential_evolution_staged_direct_search,True,17,-4372.370497550663,2,True,population_collapse_convergence,36,differential_evolution_staged_direct_search,True,32,-1817.3891236330933,2,True,population_collapse_convergence,72,differential_evolution_staged_direct_search,True,122,-628.4855450254761,5,True,population_collapse_convergence
2025-12-26,M612,1877.3836150000009,2389.823730604301,21,26727.35533332061,26589.250552146194,26214.47629074434,256.43952128813703,118.33474011371713,0.0,26589.250552146194,823.2786578278456,114.34965464919276,3,1.2171311999991303,1.3284070999943651,0,differential_evolution_staged_direct_search,True,22,-4385.9429455918535,3,True,population_collapse_convergence,36,differential_evolution_staged_direct_search,True,92,-2005.4855139228425,8,False,maxiter_budget,72,differential_evolution_staged_direct_search,True,182,-764.3851270846361,8,False,maxiter_budget
2025-12-27,M612,2389.823730604301,2082.068121930994,21,26984.34452166384,26595.38442375583,26206.424325847816,388.960097908011,0.0,0.0,26595.38442375583,1470.7979323061509,0.0,3,1.22233679999772,1.3360484000004362,0,differential_evolution_staged_direct_search,True,22,-4397.911488633772,3,True,population_collapse_convergence,36,differential_evolution_staged_direct_search,True,92,-2451.6993697568487,8,False,maxiter_budget,72,differential_evolution_staged_direct_search,True,182,-695.4745621348253,8,False,maxiter_budget
2025-12-28,M612,2082.068121930994,2031.9443075470492,21,62020.734088337544,60946.64817926805,59872.562270198556,1074.0859090694942,0.0,58.99481686553992,61005.64299613359,2681.9809975039475,0.0,3,1.2655348999978742,1.3794254999957047,0,differential_evolution_staged_direct_search,True,27,-4424.649730778734,4,True,population_collapse_convergence,36,differential_evolution_staged_direct_search,True,92,-1929.4357752904293,8,False,maxiter_budget,72,differential_evolution_staged_direct_search,True,182,-732.2940112699789,8,False,maxiter_budget
2025-12-29,M612,2031.9443075470492,1722.5844219485393,21,60947.73984232744,61355.52022846002,60736.995104686896,105.37236882027499,513.1527549528448,0.0,61355.52022846002,255.1299427446893,627.9212856192433,3,1.2018086000025505,1.3143913999956567,0,differential_evolution_staged_direct_search,True,17,-4454.56766521654,2,True,population_collapse_convergence,36,differential_evolution_staged_direct_search,True,92,-2438.3091875799196,8,False,maxiter_budget,72,differential_evolution_staged_direct_search,True,182,-720.9116428544361,8,False,maxiter_budget
2025-12-30,M612,1722.5844219485393,1797.3393629187167,21,61535.09800540167,60572.08725841102,59560.32132912374,987.3883381389628,24.377591148310767,442.8794369926065,61014.96669540362,2938.8190027817686,16.196881347988892,3,1.0617631000059191,1.1748457999929087,0,differential_evolution_staged_direct_search,True,12,-4454.56766521654,1,True,population_collapse_convergence,36,differential_evolution_staged_direct_search,True,42,-2467.1869320917835,3,True,population_collapse_convergence,72,differential_evolution_staged_direct_search,True,182,-717.9791157395439,8,False,maxiter_budget
2025-12-31,M612,1797.3393629187167,1543.9800936760423,21,62958.9603574302,62212.812067821156,61466.663778212096,746.148289609052,0.0,43.49605411518379,62256.30812193634,2166.0887170756305,0.0,3,0.6211402999906568,0.7316357999952743,0,differential_evolution_staged_direct_search,True,17,-4454.56766521654,2,True,population_collapse_convergence,36,differential_evolution_staged_direct_search,True,62,-2651.32181735287,5,True,population_collapse_convergence,72,differential_evolution_staged_direct_search,True,82,-726.197463440483,3,True,population_collapse_convergence
