calibrations,residual_count,candidate_ops,initial_soc_kwh,final_soc_kwh,calibration_seconds,day_seconds
"[{'theta': array([-3528.2261098]), 'n_active': 1, 'beta1_train': -4008.981338175454, 'beta0_train': -4037.143703453317, 'beta1_val': -4054.261593004115, 'beta0_val': -4054.261593004115, 'selected_score': -4037.143703453317, 'evaluations': 20, 'seconds': 0.025028899995959364, 'method': 'differential_evolution_v2', 'accepted_search': True, 'solver_message': 'Optimization terminated successfully.'}, {'theta': array([-4729.54557264,     0.        ]), 'n_active': 1, 'beta1_train': -959.597978931321, 'beta0_train': -3206.593394339358, 'beta1_val': -652.4872916386535, 'beta0_val': -3238.0044044471056, 'selected_score': -3206.593394339358, 'evaluations': 35, 'seconds': 0.04040520000853576, 'method': 'differential_evolution_v2', 'accepted_search': True, 'solver_message': 'Optimization terminated successfully.'}, {'theta': array([-5364.18452455,     0.        , -3547.08035279,     0.        ]), 'n_active': 2, 'beta1_train': -3382.5559507910257, 'beta0_train': -3630.64019942845, 'beta1_val': -3403.5533910297095, 'beta0_val': -3656.2841910947805, 'selected_score': -3630.64019942845, 'evaluations': 95, 'seconds': 0.10131110000656918, 'method': 'differential_evolution_v2', 'accepted_search': True, 'solver_message': 'Maximum number of iterations has been exceeded.'}]",24,"[{'update_slot': 78, 'hour': 13, 'info': 'both', 'lp_status': 'optimal', 'lp_message': '', 'fallback': False}]",2122.4825093090917,9645.73653766205,0.1667452000110643,0.30533119999745395
"[{'theta': array([-1917.12119212]), 'n_active': 1, 'beta1_train': -4427.319363845117, 'beta0_train': -4643.508429694352, 'beta1_val': -4645.2, 'beta0_val': -4645.2, 'selected_score': -4643.508429694352, 'evaluations': 15, 'seconds': 0.023523299998487346, 'method': 'differential_evolution_v2', 'accepted_search': True, 'solver_message': 'Optimization terminated successfully.'}, {'theta': array([-3997.46869597,     0.        ]), 'n_active': 1, 'beta1_train': -2775.886627585895, 'beta0_train': -2939.2176146225825, 'beta1_val': -2778.4871727218174, 'beta0_val': -2778.4871727218174, 'selected_score': -2939.2176146225825, 'evaluations': 20, 'seconds': 0.02723629999672994, 'method': 'differential_evolution_v2', 'accepted_search': True, 'solver_message': 'Optimization terminated successfully.'}, {'theta': array([-2093.86489361,     0.        ,  -565.64496697,     0.        ]), 'n_active': 2, 'beta1_train': -450.5109099947355, 'beta0_train': -1058.0382983257111, 'beta1_val': -1244.5556291106493, 'beta0_val': -1244.5556291106493, 'selected_score': -1058.0382983257111, 'evaluations': 85, 'seconds': 0.09342350000224542, 'method': 'differential_evolution_v2', 'accepted_search': True, 'solver_message': 'Optimization terminated successfully.'}]",25,"[{'update_slot': 78, 'hour': 13, 'info': 'both', 'lp_status': 'optimal', 'lp_message': '', 'fallback': False}]",9645.73653766205,3052.633113594145,0.1441830999974627,0.27860010000586044
"[{'theta': array([-6318.39664348]), 'n_active': 1, 'beta1_train': -3681.6758786833234, 'beta0_train': -3863.251696704948, 'beta1_val': -3873.155861666667, 'beta0_val': -3913.2000000000003, 'selected_score': -3863.251696704948, 'evaluations': 20, 'seconds': 0.02619540000159759, 'method': 'differential_evolution_v2', 'accepted_search': True, 'solver_message': 'Optimization terminated successfully.'}, {'theta': array([-4298.59181052,     0.        ]), 'n_active': 1, 'beta1_train': -2505.172681357334, 'beta0_train': -2525.332793139326, 'beta1_val': -2934.3293403854955, 'beta0_val': -2934.3293403854955, 'selected_score': -2525.332793139326, 'evaluations': 20, 'seconds': 0.027450699999462813, 'method': 'differential_evolution_v2', 'accepted_search': True, 'solver_message': 'Optimization terminated successfully.'}, {'theta': array([-3061.91872501,     0.        ,  -649.32617427,     0.        ]), 'n_active': 2, 'beta1_train': -57.81583515168395, 'beta0_train': -617.1954359432442, 'beta1_val': -806.1312322721609, 'beta0_val': -853.3551947721604, 'selected_score': -617.1954359432442, 'evaluations': 95, 'seconds': 0.10220540000591427, 'method': 'differential_evolution_v2', 'accepted_search': True, 'solver_message': 'Maximum number of iterations has been exceeded.'}]",26,"[{'update_slot': 78, 'hour': 13, 'info': 'both', 'lp_status': 'optimal', 'lp_message': '', 'fallback': False}]",3052.633113594145,2328.369625185186,0.15585150000697467,0.28384750000259373
"[{'theta': array([-7498.38649487]), 'n_active': 1, 'beta1_train': -4399.148988762295, 'beta0_train': -4425.578828893637, 'beta1_val': -4426.799999999999, 'beta0_val': -4426.799999999999, 'selected_score': -4425.578828893637, 'evaluations': 15, 'seconds': 0.02171430000453256, 'method': 'differential_evolution_v2', 'accepted_search': True, 'solver_message': 'Optimization terminated successfully.'}, {'theta': array([-7627.6157581,     0.       ]), 'n_active': 1, 'beta1_train': -2230.467810733744, 'beta0_train': -2328.180214543201, 'beta1_val': -2443.854266313643, 'beta0_val': -2443.854266313643, 'selected_score': -2328.180214543201, 'evaluations': 15, 'seconds': 0.022956500004511327, 'method': 'differential_evolution_v2', 'accepted_search': True, 'solver_message': 'Optimization terminated successfully.'}, {'theta': array([-5016.37063362,     0.        , -2797.85231068,     0.        ]), 'n_active': 2, 'beta1_train': 7.905277599814449, 'beta0_train': -677.944950306024, 'beta1_val': -909.9350437585977, 'beta0_val': -942.397053845727, 'selected_score': -677.944950306024, 'evaluations': 65, 'seconds': 0.07967160000407603, 'method': 'differential_evolution_v2', 'accepted_search': True, 'solver_message': 'Optimization terminated successfully.'}]",27,"[{'update_slot': 78, 'hour': 13, 'info': 'both', 'lp_status': 'optimal', 'lp_message': '', 'fallback': False}]",2328.369625185186,2270.814585064419,0.12434240001311991,0.2600533000077121
"[{'theta': array([-8034.15497142]), 'n_active': 1, 'beta1_train': -4364.95121647454, 'beta0_train': -4396.831707933242, 'beta1_val': -4398.0, 'beta0_val': -4398.0, 'selected_score': -4396.831707933242, 'evaluations': 20, 'seconds': 0.02674739999929443, 'method': 'differential_evolution_v2', 'accepted_search': True, 'solver_message': 'Optimization terminated successfully.'}, {'theta': array([-1244.75081456,     0.        ]), 'n_active': 1, 'beta1_train': -1875.4034108749197, 'beta0_train': -2081.2405202940167, 'beta1_val': -2992.1780471079896, 'beta0_val': -2992.1780471079896, 'selected_score': -2081.2405202940167, 'evaluations': 25, 'seconds': 0.03179629999794997, 'method': 'differential_evolution_v2', 'accepted_search': True, 'solver_message': 'Optimization terminated successfully.'}, {'theta': array([-5831.7508682 ,     0.        , -6826.23219922,     0.        ]), 'n_active': 2, 'beta1_train': -544.2984041004366, 'beta0_train': -951.1929798059078, 'beta1_val': -1169.06691505836, 'beta0_val': -1184.565501546914, 'selected_score': -951.1929798059078, 'evaluations': 75, 'seconds': 0.09050180000485852, 'method': 'differential_evolution_v2', 'accepted_search': True, 'solver_message': 'Optimization terminated successfully.'}]",28,"[{'update_slot': 78, 'hour': 13, 'info': 'both', 'lp_status': 'optimal', 'lp_message': '', 'fallback': False}]",2270.814585064419,2729.94312074074,0.14904550000210293,0.284266500006197
"[{'theta': array([-9202.45149599]), 'n_active': 1, 'beta1_train': -2025.0200850587596, 'beta0_train': -2852.7751438152604, 'beta1_val': -2512.815316734009, 'beta0_val': -2918.3999999999996, 'selected_score': -2852.7751438152604, 'evaluations': 20, 'seconds': 0.026714399995398708, 'method': 'differential_evolution_v2', 'accepted_search': True, 'solver_message': 'Optimization terminated successfully.'}, {'theta': array([-2646.88312443,     0.        ]), 'n_active': 1, 'beta1_train': -1546.4541530494716, 'beta0_train': -1571.2816550036332, 'beta1_val': -1766.856782610144, 'beta0_val': -1766.8567826101478, 'selected_score': -1571.2816550036332, 'evaluations': 20, 'seconds': 0.028156400003354065, 'method': 'differential_evolution_v2', 'accepted_search': True, 'solver_message': 'Optimization terminated successfully.'}, {'theta': array([-6075.39496085,     0.        , -6246.99085209,     0.        ]), 'n_active': 2, 'beta1_train': -6.767477596780846, 'beta0_train': -459.1101202595195, 'beta1_val': -382.06053651545915, 'beta0_val': -553.4291652187655, 'selected_score': -459.1101202595195, 'evaluations': 95, 'seconds': 0.1094706000003498, 'method': 'differential_evolution_v2', 'accepted_search': True, 'solver_message': 'Maximum number of iterations has been exceeded.'}]",29,"[{'update_slot': 78, 'hour': 13, 'info': 'both', 'lp_status': 'optimal', 'lp_message': '', 'fallback': False}]",2729.94312074074,2269.6233770370372,0.16434139999910258,0.2936455000017304
"[{'theta': array([-4952.48730465]), 'n_active': 1, 'beta1_train': -2976.139769092208, 'beta0_train': -3042.3196311036877, 'beta1_val': -3044.3999999999996, 'beta0_val': -3044.3999999999996, 'selected_score': -3042.3196311036877, 'evaluations': 20, 'seconds': 0.027465199993457645, 'method': 'differential_evolution_v2', 'accepted_search': True, 'solver_message': 'Optimization terminated successfully.'}, {'theta': array([-5694.75655865,     0.        ]), 'n_active': 1, 'beta1_train': 350.9422649237442, 'beta0_train': -1905.541022092399, 'beta1_val': -180.8794243160819, 'beta0_val': -2212.8281976449625, 'selected_score': -1905.541022092399, 'evaluations': 15, 'seconds': 0.02332919999025762, 'method': 'differential_evolution_v2', 'accepted_search': True, 'solver_message': 'Optimization terminated successfully.'}, {'theta': array([-3725.35528353,     0.        , -7225.15135383,     0.        ]), 'n_active': 2, 'beta1_train': -216.64119654956755, 'beta0_train': -498.2645082218147, 'beta1_val': -645.2847933465798, 'beta0_val': -645.2847933465798, 'selected_score': -498.2645082218147, 'evaluations': 95, 'seconds': 0.10529629999655299, 'method': 'differential_evolution_v2', 'accepted_search': True, 'solver_message': 'Maximum number of iterations has been exceeded.'}]",30,"[{'update_slot': 78, 'hour': 13, 'info': 'both', 'lp_status': 'optimal', 'lp_message': '', 'fallback': False}]",2269.6233770370372,1687.595018153556,0.15609069998026825,0.29048039999906905
"[{'theta': array([-1155.03181132]), 'n_active': 1, 'beta1_train': -3358.726941108821, 'beta0_train': -3391.73735351865, 'beta1_val': -3652.201940381132, 'beta0_val': -3652.201940381132, 'selected_score': -3391.73735351865, 'evaluations': 15, 'seconds': 0.022098000001278706, 'method': 'differential_evolution_v2', 'accepted_search': True, 'solver_message': 'Optimization terminated successfully.'}, {'theta': array([-4868.13338244,     0.        ]), 'n_active': 1, 'beta1_train': -1236.457468227358, 'beta0_train': -3302.591306741329, 'beta1_val': -2429.153873406475, 'beta0_val': -4009.328422764277, 'selected_score': -3302.591306741329, 'evaluations': 15, 'seconds': 0.02399370000057388, 'method': 'differential_evolution_v2', 'accepted_search': True, 'solver_message': 'Optimization terminated successfully.'}, {'theta': array([-4291.337201  ,     0.        , -7953.39566476,     0.        ]), 'n_active': 2, 'beta1_train': -3928.0560032312655, 'beta0_train': -4064.7711105037456, 'beta1_val': -4096.646503374835, 'beta0_val': -4096.646503374835, 'selected_score': -4064.7711105037456, 'evaluations': 95, 'seconds': 0.10392510000383481, 'method': 'differential_evolution_v2', 'accepted_search': True, 'solver_message': 'Maximum number of iterations has been exceeded.'}]",31,"[{'update_slot': 78, 'hour': 13, 'info': 'both', 'lp_status': 'optimal', 'lp_message': '', 'fallback': False}]",1687.595018153556,9733.626704999999,0.1500168000056874,0.2855412999924738
"[{'theta': array([-8291.05388486]), 'n_active': 1, 'beta1_train': -4341.314841356132, 'beta0_train': -4444.081109013645, 'beta1_val': -4450.8, 'beta0_val': -4450.8, 'selected_score': -4444.081109013645, 'evaluations': 15, 'seconds': 0.022860099998069927, 'method': 'differential_evolution_v2', 'accepted_search': True, 'solver_message': 'Optimization terminated successfully.'}, {'theta': array([-398.73434436,    0.        ]), 'n_active': 1, 'beta1_train': -3060.361621960014, 'beta0_train': -3111.0556412622905, 'beta1_val': -2935.630076868915, 'beta0_val': -2935.630076868915, 'selected_score': -3111.0556412622905, 'evaluations': 15, 'seconds': 0.02244829999108333, 'method': 'differential_evolution_v2', 'accepted_search': True, 'solver_message': 'Optimization terminated successfully.'}, {'theta': array([-1833.13375416,     0.        ,  -219.45115136,     0.        ]), 'n_active': 2, 'beta1_train': -187.33043591659242, 'beta0_train': -735.802807343766, 'beta1_val': -512.6873530186332, 'beta0_val': -746.9080518850002, 'selected_score': -735.802807343766, 'evaluations': 95, 'seconds': 0.10547850000148173, 'method': 'differential_evolution_v2', 'accepted_search': True, 'solver_message': 'Maximum number of iterations has been exceeded.'}]",32,"[{'update_slot': 78, 'hour': 13, 'info': 'both', 'lp_status': 'optimal', 'lp_message': '', 'fallback': False}]",9733.626704999999,1655.9640316588384,0.150786899990635,0.2812487000046531
"[{'theta': array([-1448.04256854]), 'n_active': 1, 'beta1_train': -4476.140684510493, 'beta0_train': -4564.953514270467, 'beta1_val': -4572.0, 'beta0_val': -4572.0, 'selected_score': -4564.953514270467, 'evaluations': 25, 'seconds': 0.032957699993858114, 'method': 'differential_evolution_v2', 'accepted_search': True, 'solver_message': 'Optimization terminated successfully.'}, {'theta': array([-6328.50923048,     0.        ]), 'n_active': 1, 'beta1_train': -2663.0113565729216, 'beta0_train': -2694.4972386384316, 'beta1_val': -2586.718974942136, 'beta0_val': -2696.41273930438, 'selected_score': -2694.4972386384316, 'evaluations': 20, 'seconds': 0.028105999997933395, 'method': 'differential_evolution_v2', 'accepted_search': True, 'solver_message': 'Optimization terminated successfully.'}, {'theta': array([-1234.59700286,     0.        , -5980.02172603,     0.        ]), 'n_active': 2, 'beta1_train': -835.654449920153, 'beta0_train': -1095.4096883085413, 'beta1_val': -865.4864532375432, 'beta0_val': -1023.3897088362985, 'selected_score': -1095.4096883085413, 'evaluations': 95, 'seconds': 0.10567699999955948, 'method': 'differential_evolution_v2', 'accepted_search': True, 'solver_message': 'Maximum number of iterations has been exceeded.'}]",33,"[{'update_slot': 78, 'hour': 13, 'info': 'both', 'lp_status': 'optimal', 'lp_message': '', 'fallback': False}]",1655.9640316588384,2370.889200920522,0.166740699991351,0.29803020000690594
"[{'theta': array([-3800.65262176]), 'n_active': 1, 'beta1_train': -4036.858861553467, 'beta0_train': -4104.2089782004305, 'beta1_val': -4055.125409089585, 'beta0_val': -4107.599999999999, 'selected_score': -4104.2089782004305, 'evaluations': 20, 'seconds': 0.027058899999246933, 'method': 'differential_evolution_v2', 'accepted_search': True, 'solver_message': 'Optimization terminated successfully.'}, {'theta': array([-8649.30060149,     0.        ]), 'n_active': 1, 'beta1_train': -2291.040445964184, 'beta0_train': -2352.1407917190527, 'beta1_val': -2397.569564113395, 'beta0_val': -2397.569564113395, 'selected_score': -2352.1407917190527, 'evaluations': 20, 'seconds': 0.027244299999438226, 'method': 'differential_evolution_v2', 'accepted_search': True, 'solver_message': 'Optimization terminated successfully.'}, {'theta': array([-7381.07464006,     0.        , -1624.03121395,     0.        ]), 'n_active': 2, 'beta1_train': -484.49041384416154, 'beta0_train': -698.7631661689418, 'beta1_val': -630.8216551540124, 'beta0_val': -630.8216551540124, 'selected_score': -698.7631661689418, 'evaluations': 65, 'seconds': 0.0825053000007756, 'method': 'differential_evolution_v2', 'accepted_search': True, 'solver_message': 'Optimization terminated successfully.'}]",34,"[{'update_slot': 78, 'hour': 13, 'info': 'both', 'lp_status': 'optimal', 'lp_message': '', 'fallback': False}]",2370.889200920522,1551.0964688888882,0.13680849999946076,0.2689589999936288
"[{'theta': array([-2891.92080684]), 'n_active': 1, 'beta1_train': -3987.15071707988, 'beta0_train': -4056.34145975107, 'beta1_val': -4059.6, 'beta0_val': -4059.6, 'selected_score': -4056.34145975107, 'evaluations': 25, 'seconds': 0.03125230000296142, 'method': 'differential_evolution_v2', 'accepted_search': True, 'solver_message': 'Optimization terminated successfully.'}, {'theta': array([-3246.68769564,     0.        ]), 'n_active': 1, 'beta1_train': -2416.982684677523, 'beta0_train': -2455.4005607355734, 'beta1_val': -1280.650090070689, 'beta0_val': -1299.5290417748681, 'selected_score': -2455.4005607355734, 'evaluations': 15, 'seconds': 0.022821599995950237, 'method': 'differential_evolution_v2', 'accepted_search': True, 'solver_message': 'Optimization terminated successfully.'}, {'theta': array([-9254.24108782,     0.        , -2901.18033136,     0.        ]), 'n_active': 2, 'beta1_train': -718.3308990375745, 'beta0_train': -947.4140427540556, 'beta1_val': -727.0938452797252, 'beta0_val': -815.7842265009759, 'selected_score': -947.4140427540556, 'evaluations': 95, 'seconds': 0.1063772999914363, 'method': 'differential_evolution_v2', 'accepted_search': True, 'solver_message': 'Maximum number of iterations has been exceeded.'}]",35,"[{'update_slot': 78, 'hour': 13, 'info': 'both', 'lp_status': 'optimal', 'lp_message': '', 'fallback': False}]",1551.0964688888882,2198.0389498148143,0.16045119999034796,0.29415429999062326
"[{'theta': array([-7680.36237312]), 'n_active': 1, 'beta1_train': -1977.8009001079763, 'beta0_train': -3060.3866650966966, 'beta1_val': -2459.223164649002, 'beta0_val': -3123.2297888769754, 'selected_score': -3060.3866650966966, 'evaluations': 15, 'seconds': 0.023243699994054623, 'method': 'differential_evolution_v2', 'accepted_search': True, 'solver_message': 'Optimization terminated successfully.'}, {'theta': array([0., 0.]), 'n_active': 1, 'beta1_train': 2094.035827115728, 'beta0_train': 200.28794923057916, 'beta1_val': 2587.7184960136815, 'beta0_val': 2735.7874504165056, 'selected_score': 2094.035827115728, 'evaluations': 40, 'seconds': 0.04575249999470543, 'method': 'differential_evolution_v2', 'accepted_search': False, 'solver_message': 'Optimization terminated successfully.'}, {'theta': array([-4637.68172018,     0.        , -1986.24685058,     0.        ]), 'n_active': 2, 'beta1_train': -496.60026094768455, 'beta0_train': -571.7119995891471, 'beta1_val': -491.900462113704, 'beta0_val': -491.900462113704, 'selected_score': -571.7119995891471, 'evaluations': 75, 'seconds': 0.08752210000238847, 'method': 'differential_evolution_v2', 'accepted_search': True, 'solver_message': 'Optimization terminated successfully.'}]",36,"[{'update_slot': 78, 'hour': 13, 'info': 'both', 'lp_status': 'optimal', 'lp_message': '', 'fallback': False}]",2198.0389498148143,1814.690149444447,0.15651829999114852,0.29211740000755526
"[{'theta': array([-6263.19252788]), 'n_active': 1, 'beta1_train': -2468.336065087987, 'beta0_train': -2516.5867856165996, 'beta1_val': -2465.774665231276, 'beta0_val': -2465.774665231276, 'selected_score': -2516.5867856165996, 'evaluations': 30, 'seconds': 0.036975600000005215, 'method': 'differential_evolution_v2', 'accepted_search': True, 'solver_message': 'Optimization terminated successfully.'}, {'theta': array([-7279.4940715,     0.       ]), 'n_active': 1, 'beta1_train': -530.9244090358609, 'beta0_train': -2418.4280251587597, 'beta1_val': -230.9191550031146, 'beta0_val': -2183.0655774137817, 'selected_score': -2418.4280251587597, 'evaluations': 20, 'seconds': 0.0270672999904491, 'method': 'differential_evolution_v2', 'accepted_search': True, 'solver_message': 'Optimization terminated successfully.'}, {'theta': array([-3238.16166399,     0.        , -7885.52156908,     0.        ]), 'n_active': 2, 'beta1_train': -415.67614137628107, 'beta0_train': -585.2774150199114, 'beta1_val': -555.7675981729409, 'beta0_val': -555.7675981729409, 'selected_score': -585.2774150199114, 'evaluations': 55, 'seconds': 0.07098319999931846, 'method': 'differential_evolution_v2', 'accepted_search': True, 'solver_message': 'Optimization terminated successfully.'}]",37,"[{'update_slot': 78, 'hour': 13, 'info': 'both', 'lp_status': 'optimal', 'lp_message': '', 'fallback': False}]",1814.690149444447,1743.4012020202122,0.13502609998977277,0.2732477999961702
"[{'theta': array([-8153.81526209]), 'n_active': 1, 'beta1_train': -2421.9494428358494, 'beta0_train': -2447.532394862304, 'beta1_val': -2404.2964740777616, 'beta0_val': -2404.2964740777616, 'selected_score': -2447.532394862304, 'evaluations': 15, 'seconds': 0.02324399999633897, 'method': 'differential_evolution_v2', 'accepted_search': True, 'solver_message': 'Optimization terminated successfully.'}, {'theta': array([-5880.4748993,     0.       ]), 'n_active': 1, 'beta1_train': -891.3757948915028, 'beta0_train': -2636.7490558148606, 'beta1_val': -78.0626067649373, 'beta0_val': -2335.8808797834245, 'selected_score': -2636.7490558148606, 'evaluations': 35, 'seconds': 0.040217500005383044, 'method': 'differential_evolution_v2', 'accepted_search': True, 'solver_message': 'Optimization terminated successfully.'}, {'theta': array([-2679.18525432,     0.        , -4980.50158721,     0.        ]), 'n_active': 2, 'beta1_train': -912.3137713810065, 'beta0_train': -1098.1056747638181, 'beta1_val': -558.8174175578499, 'beta0_val': -1059.0500856942328, 'selected_score': -1098.1056747638181, 'evaluations': 65, 'seconds': 0.08435309999913443, 'method': 'differential_evolution_v2', 'accepted_search': True, 'solver_message': 'Optimization terminated successfully.'}]",38,"[{'update_slot': 78, 'hour': 13, 'info': 'both', 'lp_status': 'optimal', 'lp_message': '', 'fallback': False}]",1743.4012020202122,2765.5314612962957,0.14781460000085644,0.28282019999460317
"[{'theta': array([-4792.98374781]), 'n_active': 1, 'beta1_train': -4260.774702141942, 'beta0_train': -4362.12211947283, 'beta1_val': -4262.969309005, 'beta0_val': -4359.695098971194, 'selected_score': -4362.12211947283, 'evaluations': 20, 'seconds': 0.027375000005122274, 'method': 'differential_evolution_v2', 'accepted_search': True, 'solver_message': 'Optimization terminated successfully.'}, {'theta': array([-8425.36834686,     0.        ]), 'n_active': 1, 'beta1_train': 1216.997315429923, 'beta0_train': -2278.557704015158, 'beta1_val': 2357.3827036293555, 'beta0_val': -1749.5804253540196, 'selected_score': -2278.557704015158, 'evaluations': 20, 'seconds': 0.02721929999825079, 'method': 'differential_evolution_v2', 'accepted_search': True, 'solver_message': 'Optimization terminated successfully.'}, {'theta': array([-6966.23770258,     0.        , -5403.9806705 ,     0.        ]), 'n_active': 2, 'beta1_train': -1118.5398057682346, 'beta0_train': -1336.0085440882267, 'beta1_val': -1083.3730311497823, 'beta0_val': -1144.44661776895, 'selected_score': -1336.0085440882267, 'evaluations': 85, 'seconds': 0.10136620000412222, 'method': 'differential_evolution_v2', 'accepted_search': True, 'solver_message': 'Optimization terminated successfully.'}]",39,"[{'update_slot': 78, 'hour': 13, 'info': 'both', 'lp_status': 'optimal', 'lp_message': '', 'fallback': False}]",2765.5314612962957,3003.832655113677,0.15596050000749528,0.29161160001240205
"[{'theta': array([-4604.68314138]), 'n_active': 1, 'beta1_train': -4225.5049940495755, 'beta0_train': -4321.7473709628875, 'beta1_val': -4160.877848191666, 'beta0_val': -4323.401316049382, 'selected_score': -4321.7473709628875, 'evaluations': 20, 'seconds': 0.026809299990418367, 'method': 'differential_evolution_v2', 'accepted_search': True, 'solver_message': 'Optimization terminated successfully.'}, {'theta': array([-3313.85892321,     0.        ]), 'n_active': 1, 'beta1_train': 351.68976007700707, 'beta0_train': -2169.933795567868, 'beta1_val': 939.718374500711, 'beta0_val': -391.7002519357666, 'selected_score': -2169.933795567868, 'evaluations': 20, 'seconds': 0.026894899987382814, 'method': 'differential_evolution_v2', 'accepted_search': True, 'solver_message': 'Optimization terminated successfully.'}, {'theta': array([-938.85949456,    0.        , -898.9926465 ,    0.        ]), 'n_active': 2, 'beta1_train': -717.2646655416305, 'beta0_train': -1003.0997672093087, 'beta1_val': -19.065550600595884, 'beta0_val': -898.5288366285879, 'selected_score': -1003.0997672093087, 'evaluations': 75, 'seconds': 0.08824470000399742, 'method': 'differential_evolution_v2', 'accepted_search': True, 'solver_message': 'Optimization terminated successfully.'}]",40,"[{'update_slot': 78, 'hour': 13, 'info': 'both', 'lp_status': 'optimal', 'lp_message': '', 'fallback': False}]",3003.832655113677,2240.9808827777824,0.1419488999817986,0.2763759000081336
"[{'theta': array([-8231.2591068]), 'n_active': 1, 'beta1_train': -4054.1242076293515, 'beta0_train': -4228.777687257408, 'beta1_val': -4136.56244402222, 'beta0_val': -4246.582119407405, 'selected_score': -4228.777687257408, 'evaluations': 20, 'seconds': 0.02689390000887215, 'method': 'differential_evolution_v2', 'accepted_search': True, 'solver_message': 'Optimization terminated successfully.'}, {'theta': array([-5346.59993215,     0.        ]), 'n_active': 1, 'beta1_train': -2472.5097299644067, 'beta0_train': -2512.6535457655546, 'beta1_val': -2547.4793621274443, 'beta0_val': -2610.6891757586272, 'selected_score': -2512.6535457655546, 'evaluations': 30, 'seconds': 0.03589089999150019, 'method': 'differential_evolution_v2', 'accepted_search': True, 'solver_message': 'Optimization terminated successfully.'}, {'theta': array([-7347.3766041 ,     0.        , -2165.51856317,     0.        ]), 'n_active': 2, 'beta1_train': -914.3933761635348, 'beta0_train': -1050.5714361769349, 'beta1_val': -349.56918021271053, 'beta0_val': -945.2355922851831, 'selected_score': -1050.5714361769349, 'evaluations': 45, 'seconds': 0.06288900000799913, 'method': 'differential_evolution_v2', 'accepted_search': True, 'solver_message': 'Optimization terminated successfully.'}]",41,"[{'update_slot': 78, 'hour': 13, 'info': 'both', 'lp_status': 'optimal', 'lp_message': '', 'fallback': False}]",2240.9808827777824,2605.155687926879,0.12567380000837147,0.26391749999311287
"[{'theta': array([-2657.33346522]), 'n_active': 1, 'beta1_train': -4152.131062251016, 'beta0_train': -4292.278789896807, 'beta1_val': -4136.898272433333, 'beta0_val': -4293.422547325103, 'selected_score': -4292.278789896807, 'evaluations': 20, 'seconds': 0.030192099991836585, 'method': 'differential_evolution_v2', 'accepted_search': True, 'solver_message': 'Optimization terminated successfully.'}, {'theta': array([-9.47413325e+02,  1.24073278e-01]), 'n_active': 2, 'beta1_train': 1725.4620880965483, 'beta0_train': -600.4340047211194, 'beta1_val': 1035.0400822754837, 'beta0_val': -2718.7466537308946, 'selected_score': -600.5862323558816, 'evaluations': 95, 'seconds': 0.05659180000657216, 'method': 'differential_evolution_v2', 'accepted_search': True, 'solver_message': 'Maximum number of iterations has been exceeded.'}, {'theta': array([-2.82331464e+03,  4.05470984e-01, -7.13752596e+03,  1.48525826e+00]), 'n_active': 4, 'beta1_train': -722.1101460688694, 'beta0_train': -777.762223489977, 'beta1_val': 157.91932370095424, 'beta0_val': -678.1519730583569, 'selected_score': -777.762223489977, 'evaluations': 125, 'seconds': 0.10047530000156257, 'method': 'differential_evolution_v2', 'accepted_search': True, 'solver_message': 'Optimization terminated successfully.'}]",42,"[{'update_slot': 78, 'hour': 13, 'info': 'both', 'lp_status': 'optimal', 'lp_message': '', 'fallback': False}]",2605.155687926879,1482.6722181481493,0.18725919999997132,0.320539699998335
"[{'theta': array([-2474.37472864]), 'n_active': 1, 'beta1_train': -2668.1636505625283, 'beta0_train': -2696.212817660343, 'beta1_val': -2627.193566611668, 'beta0_val': -2696.4, 'selected_score': -2696.212817660343, 'evaluations': 20, 'seconds': 0.02694070000143256, 'method': 'differential_evolution_v2', 'accepted_search': True, 'solver_message': 'Optimization terminated successfully.'}, {'theta': array([-3.64734285e+03,  1.67478099e+00]), 'n_active': 2, 'beta1_train': 1594.70081634949, 'beta0_train': -1277.4655568940584, 'beta1_val': 1943.2485627460442, 'beta0_val': 143.45023669631246, 'selected_score': -1277.4655568940584, 'evaluations': 55, 'seconds': 0.040810999998939224, 'method': 'differential_evolution_v2', 'accepted_search': True, 'solver_message': 'Optimization terminated successfully.'}, {'theta': array([-6.50439492e+03, -1.97195718e+00, -5.87031285e+03, -2.92770647e-01]), 'n_active': 4, 'beta1_train': -309.19016873227224, 'beta0_train': -471.00617777871514, 'beta1_val': -254.64010437345587, 'beta0_val': -371.55537166175236, 'selected_score': -471.00617777871514, 'evaluations': 185, 'seconds': 0.13009590000729077, 'method': 'differential_evolution_v2', 'accepted_search': True, 'solver_message': 'Maximum number of iterations has been exceeded.'}]",42,"[{'update_slot': 78, 'hour': 13, 'info': 'both', 'lp_status': 'optimal', 'lp_message': '', 'fallback': False}]",1482.6722181481493,1685.9623170270904,0.19784760000766255,0.3368294999963837
"[{'theta': array([-2047.1112966]), 'n_active': 1, 'beta1_train': -2396.9907571439344, 'beta0_train': -2421.4655057997593, 'beta1_val': -2435.9370549809532, 'beta0_val': -2435.9370549809532, 'selected_score': -2421.4655057997593, 'evaluations': 20, 'seconds': 0.02713110001059249, 'method': 'differential_evolution_v2', 'accepted_search': True, 'solver_message': 'Optimization terminated successfully.'}, {'theta': array([-2.30549079e+03, -1.53168722e-01]), 'n_active': 2, 'beta1_train': -582.2653470769231, 'beta0_train': -2566.938074802848, 'beta1_val': 118.86548347004054, 'beta0_val': -2268.2387283697085, 'selected_score': -2566.938074802848, 'evaluations': 35, 'seconds': 0.03057450000778772, 'method': 'differential_evolution_v2', 'accepted_search': True, 'solver_message': 'Optimization terminated successfully.'}, {'theta': array([-3.13483852e+02,  1.05561170e+00, -3.49745453e+03,  1.82140129e-01]), 'n_active': 4, 'beta1_train': -618.3003456644661, 'beta0_train': -759.9778663350063, 'beta1_val': -539.9720246439973, 'beta0_val': -718.7677712032904, 'selected_score': -759.9778663350063, 'evaluations': 185, 'seconds': 0.12776920000032987, 'method': 'differential_evolution_v2', 'accepted_search': True, 'solver_message': 'Maximum number of iterations has been exceeded.'}]",42,"[{'update_slot': 78, 'hour': 13, 'info': 'both', 'lp_status': 'optimal', 'lp_message': '', 'fallback': False}]",1685.9623170270904,2287.7166970268718,0.18547480001871008,0.32148520000919234
"[{'theta': array([-759.93121817]), 'n_active': 1, 'beta1_train': -2651.8839716149046, 'beta0_train': -2669.020675841999, 'beta1_val': -2635.0273356031253, 'beta0_val': -2635.0273356031253, 'selected_score': -2669.020675841999, 'evaluations': 20, 'seconds': 0.02814589999616146, 'method': 'differential_evolution_v2', 'accepted_search': True, 'solver_message': 'Optimization terminated successfully.'}, {'theta': array([-5.34594620e+03,  6.61602023e-01]), 'n_active': 2, 'beta1_train': -1147.2867323455084, 'beta0_train': -3187.473917910944, 'beta1_val': -1663.026512836394, 'beta0_val': -3434.68024955957, 'selected_score': -3187.473917910944, 'evaluations': 95, 'seconds': 0.05939650000073016, 'method': 'differential_evolution_v2', 'accepted_search': True, 'solver_message': 'Maximum number of iterations has been exceeded.'}, {'theta': array([-8.60931219e+03, -2.46024071e-01, -9.68231705e+02,  1.72260359e+00]), 'n_active': 4, 'beta1_train': -2284.975145722416, 'beta0_train': -2385.3873062912317, 'beta1_val': -2380.517590708974, 'beta0_val': -2385.3925396756413, 'selected_score': -2385.3873062912317, 'evaluations': 165, 'seconds': 0.1219526000058977, 'method': 'differential_evolution_v2', 'accepted_search': True, 'solver_message': 'Optimization terminated successfully.'}]",42,"[{'update_slot': 78, 'hour': 13, 'info': 'both', 'lp_status': 'optimal', 'lp_message': '', 'fallback': False}]",2287.7166970268718,6362.775812282487,0.2094950000027893,0.3473244000051636
"[{'theta': array([-4511.83214343]), 'n_active': 1, 'beta1_train': -4083.056826766098, 'beta0_train': -4265.143823508142, 'beta1_val': -4191.405388431111, 'beta0_val': -4249.51649318574, 'selected_score': -4265.143823508142, 'evaluations': 20, 'seconds': 0.02701419999357313, 'method': 'differential_evolution_v2', 'accepted_search': True, 'solver_message': 'Optimization terminated successfully.'}, {'theta': array([-5.29495872e+03, -1.10482979e+00]), 'n_active': 2, 'beta1_train': 1604.3158306442067, 'beta0_train': -1155.8526955149584, 'beta1_val': 2084.496239868809, 'beta0_val': 1350.1801278693615, 'selected_score': -1155.8526955149584, 'evaluations': 95, 'seconds': 0.05954909999854863, 'method': 'differential_evolution_v2', 'accepted_search': True, 'solver_message': 'Maximum number of iterations has been exceeded.'}, {'theta': array([-7.20585081e+03, -8.02514069e-01, -3.57754185e+03, -3.12746447e-01]), 'n_active': 4, 'beta1_train': -562.9568299145449, 'beta0_train': -732.1379596151565, 'beta1_val': -271.2926434260237, 'beta0_val': -740.3592897600705, 'selected_score': -732.1379596151565, 'evaluations': 145, 'seconds': 0.10585610000998713, 'method': 'differential_evolution_v2', 'accepted_search': True, 'solver_message': 'Optimization terminated successfully.'}]",42,"[{'update_slot': 78, 'hour': 13, 'info': 'both', 'lp_status': 'optimal', 'lp_message': '', 'fallback': False}]",6362.775812282487,1649.410825111856,0.1924194000021089,0.3284868000046117
"[{'theta': array([-8434.12335939]), 'n_active': 1, 'beta1_train': -4416.006317328252, 'beta0_train': -4448.178223692662, 'beta1_val': -4448.4, 'beta0_val': -4448.4, 'selected_score': -4448.178223692662, 'evaluations': 15, 'seconds': 0.023389800000586547, 'method': 'differential_evolution_v2', 'accepted_search': True, 'solver_message': 'Optimization terminated successfully.'}, {'theta': array([-9.44406520e+03,  4.44050729e-02]), 'n_active': 2, 'beta1_train': 1067.91025489505, 'beta0_train': -2756.051367593189, 'beta1_val': 1340.3286517174092, 'beta0_val': -2504.3055178312775, 'selected_score': -2756.051367593189, 'evaluations': 95, 'seconds': 0.05821950000245124, 'method': 'differential_evolution_v2', 'accepted_search': True, 'solver_message': 'Maximum number of iterations has been exceeded.'}, {'theta': array([-8.65680012e+03, -1.97918382e+00, -8.80457895e+03, -1.95408325e+00]), 'n_active': 4, 'beta1_train': -730.7623590316166, 'beta0_train': -1039.014717602311, 'beta1_val': -559.9914956834803, 'beta0_val': -960.8168879059265, 'selected_score': -1039.014717602311, 'evaluations': 185, 'seconds': 0.12542240000038873, 'method': 'differential_evolution_v2', 'accepted_search': True, 'solver_message': 'Maximum number of iterations has been exceeded.'}]",42,"[{'update_slot': 78, 'hour': 13, 'info': 'both', 'lp_status': 'optimal', 'lp_message': '', 'fallback': False}]",1649.410825111856,2485.958744475694,0.20703170000342652,0.3389872999978252
"[{'theta': array([-4629.09971005]), 'n_active': 1, 'beta1_train': -4255.040337290908, 'beta0_train': -4405.09905060063, 'beta1_val': -4467.774424166667, 'beta0_val': -4483.2, 'selected_score': -4405.09905060063, 'evaluations': 20, 'seconds': 0.027836000008392148, 'method': 'differential_evolution_v2', 'accepted_search': True, 'solver_message': 'Optimization terminated successfully.'}, {'theta': array([-3.37918767e+03,  8.76149183e-01]), 'n_active': 2, 'beta1_train': 867.0228975163924, 'beta0_train': -2588.916975310141, 'beta1_val': 1026.212911758702, 'beta0_val': -2652.8148426478992, 'selected_score': -2588.916975310141, 'evaluations': 45, 'seconds': 0.03764959999534767, 'method': 'differential_evolution_v2', 'accepted_search': True, 'solver_message': 'Optimization terminated successfully.'}, {'theta': array([-4.69640065e+02, -1.23860414e+00, -2.29607685e+03, -9.71193640e-01]), 'n_active': 4, 'beta1_train': -833.3655725776996, 'beta0_train': -1081.1274195540095, 'beta1_val': -803.3260901457631, 'beta0_val': -1073.5013015484365, 'selected_score': -1081.1274195540095, 'evaluations': 185, 'seconds': 0.1311719999939669, 'method': 'differential_evolution_v2', 'accepted_search': True, 'solver_message': 'Maximum number of iterations has been exceeded.'}]",42,"[{'update_slot': 78, 'hour': 13, 'info': 'both', 'lp_status': 'optimal', 'lp_message': '', 'fallback': False}]",2485.958744475694,2290.982838529093,0.1966575999977067,0.32973630000196863
"[{'theta': array([-2150.20718588]), 'n_active': 1, 'beta1_train': -3897.633361815137, 'beta0_train': -3954.5321797409133, 'beta1_val': -3908.462959638083, 'beta0_val': -3955.2000000000003, 'selected_score': -3954.5321797409133, 'evaluations': 20, 'seconds': 0.028113799999118783, 'method': 'differential_evolution_v2', 'accepted_search': True, 'solver_message': 'Optimization terminated successfully.'}, {'theta': array([-2.49782039e+03,  1.10554354e+00]), 'n_active': 2, 'beta1_train': 1221.4731722116553, 'beta0_train': -2504.1155085651767, 'beta1_val': 2434.7723546263755, 'beta0_val': -2053.5940188539953, 'selected_score': -2504.1155085651767, 'evaluations': 45, 'seconds': 0.03644690000510309, 'method': 'differential_evolution_v2', 'accepted_search': True, 'solver_message': 'Optimization terminated successfully.'}, {'theta': array([-2.48679994e+03, -1.79516153e+00, -6.33573867e+03, -2.25890118e-02]), 'n_active': 4, 'beta1_train': -510.4041293434215, 'beta0_train': -715.224147741214, 'beta1_val': -473.9073018273698, 'beta0_val': -611.5765820582718, 'selected_score': -715.224147741214, 'evaluations': 185, 'seconds': 0.12925510000786744, 'method': 'differential_evolution_v2', 'accepted_search': True, 'solver_message': 'Maximum number of iterations has been exceeded.'}]",42,"[{'update_slot': 78, 'hour': 13, 'info': 'both', 'lp_status': 'optimal', 'lp_message': '', 'fallback': False}]",2290.982838529093,2277.455823259962,0.1938158000120893,0.33091479999711737
"[{'theta': array([-4052.2168001]), 'n_active': 1, 'beta1_train': -2868.53509624925, 'beta0_train': -2965.633261110926, 'beta1_val': -2841.7859192499996, 'beta0_val': -2967.6, 'selected_score': -2965.633261110926, 'evaluations': 15, 'seconds': 0.024055800007772632, 'method': 'differential_evolution_v2', 'accepted_search': True, 'solver_message': 'Optimization terminated successfully.'}, {'theta': array([-5.09632942e+03, -1.35270304e+00]), 'n_active': 2, 'beta1_train': 2491.8295892614733, 'beta0_train': -618.9350013697357, 'beta1_val': 2696.6739720212463, 'beta0_val': 1038.405248587767, 'selected_score': -618.9350013697357, 'evaluations': 45, 'seconds': 0.03340879999450408, 'method': 'differential_evolution_v2', 'accepted_search': True, 'solver_message': 'Optimization terminated successfully.'}, {'theta': array([-7.13346490e+03,  1.14440687e+00, -4.43594117e+03,  1.81876508e+00]), 'n_active': 4, 'beta1_train': -411.4321953211062, 'beta0_train': -531.7613803922251, 'beta1_val': -619.712887282549, 'beta0_val': -619.712887282549, 'selected_score': -531.7613803922251, 'evaluations': 85, 'seconds': 0.07462400000076741, 'method': 'differential_evolution_v2', 'accepted_search': True, 'solver_message': 'Optimization terminated successfully.'}]",42,"[{'update_slot': 78, 'hour': 13, 'info': 'both', 'lp_status': 'optimal', 'lp_message': '', 'fallback': False}]",2277.455823259962,1848.4076083333334,0.13208860000304412,0.2714780999958748
"[{'theta': array([-4930.34899448]), 'n_active': 1, 'beta1_train': -1821.1247491924987, 'beta0_train': -1832.0622483887794, 'beta1_val': -1879.1649550268055, 'beta0_val': -1879.1649550268055, 'selected_score': -1832.0622483887794, 'evaluations': 15, 'seconds': 0.023267799988389015, 'method': 'differential_evolution_v2', 'accepted_search': True, 'solver_message': 'Optimization terminated successfully.'}, {'theta': array([-2.85219159e+03,  2.72627219e-01]), 'n_active': 2, 'beta1_train': -817.9696216507613, 'beta0_train': -2544.852930865384, 'beta1_val': -708.6892739136817, 'beta0_val': -2436.1260779425884, 'selected_score': -2544.852930865384, 'evaluations': 65, 'seconds': 0.04587739999988116, 'method': 'differential_evolution_v2', 'accepted_search': True, 'solver_message': 'Optimization terminated successfully.'}, {'theta': array([-6.30147840e+03, -1.30148606e+00, -4.50666323e+03,  4.29596315e-02]), 'n_active': 4, 'beta1_train': -377.165323543063, 'beta0_train': -516.8818209894409, 'beta1_val': -449.138382393316, 'beta0_val': -480.27911423383205, 'selected_score': -516.8818209894409, 'evaluations': 185, 'seconds': 0.1273596999963047, 'method': 'differential_evolution_v2', 'accepted_search': True, 'solver_message': 'Maximum number of iterations has been exceeded.'}]",42,"[{'update_slot': 78, 'hour': 13, 'info': 'both', 'lp_status': 'optimal', 'lp_message': '', 'fallback': False}]",1848.4076083333334,1719.2837774872826,0.19650489998457488,0.33186039999418426
"[{'theta': array([-7646.68318902]), 'n_active': 1, 'beta1_train': -3159.533824126287, 'beta0_train': -3178.8119775820437, 'beta1_val': -3152.6410321957214, 'beta0_val': -3153.3274153492853, 'selected_score': -3178.8119775820437, 'evaluations': 20, 'seconds': 0.02763539999432396, 'method': 'differential_evolution_v2', 'accepted_search': True, 'solver_message': 'Optimization terminated successfully.'}, {'theta': array([-1.66511565e+03, -9.00388566e-01]), 'n_active': 2, 'beta1_train': -2313.1529535801455, 'beta0_train': -4282.326791821609, 'beta1_val': -2104.5834611700766, 'beta0_val': -4494.669801923342, 'selected_score': -4282.326791821609, 'evaluations': 55, 'seconds': 0.03919300000416115, 'method': 'differential_evolution_v2', 'accepted_search': True, 'solver_message': 'Optimization terminated successfully.'}, {'theta': array([-4.10383686e+02, -4.99736405e-01, -1.98329398e+03, -1.86078127e-01]), 'n_active': 4, 'beta1_train': -4160.050137685438, 'beta0_train': -4295.552437399737, 'beta1_val': -4197.214274979259, 'beta0_val': -4197.894270040988, 'selected_score': -4295.552437399737, 'evaluations': 185, 'seconds': 0.13002910000795964, 'method': 'differential_evolution_v2', 'accepted_search': True, 'solver_message': 'Maximum number of iterations has been exceeded.'}]",42,"[{'update_slot': 78, 'hour': 13, 'info': 'both', 'lp_status': 'optimal', 'lp_message': '', 'fallback': False}]",1719.2837774872826,9905.311499849087,0.19685750000644475,0.3343456000002334
"[{'theta': array([-7571.55193198]), 'n_active': 1, 'beta1_train': -4263.515285549422, 'beta0_train': -4373.414533027818, 'beta1_val': -4378.8, 'beta0_val': -4378.8, 'selected_score': -4373.414533027818, 'evaluations': 25, 'seconds': 0.03400879999389872, 'method': 'differential_evolution_v2', 'accepted_search': True, 'solver_message': 'Optimization terminated successfully.'}, {'theta': array([-3.17608433e+03, -3.45038919e-01]), 'n_active': 2, 'beta1_train': -2487.6196543261954, 'beta0_train': -2560.1580571099666, 'beta1_val': -2593.3196214489067, 'beta0_val': -2593.3196214489067, 'selected_score': -2560.1580571099666, 'evaluations': 45, 'seconds': 0.0337569999974221, 'method': 'differential_evolution_v2', 'accepted_search': True, 'solver_message': 'Optimization terminated successfully.'}, {'theta': array([-4.39510607e+03, -1.27726448e-01, -6.31659755e+02,  9.13187601e-01]), 'n_active': 4, 'beta1_train': -502.4927202169943, 'beta0_train': -763.9720955844015, 'beta1_val': -211.81766497852027, 'beta0_val': -678.3989493193628, 'selected_score': -763.9720955844015, 'evaluations': 185, 'seconds': 0.1420157999964431, 'method': 'differential_evolution_v2', 'accepted_search': True, 'solver_message': 'Maximum number of iterations has been exceeded.'}]",42,"[{'update_slot': 78, 'hour': 13, 'info': 'both', 'lp_status': 'optimal', 'lp_message': '', 'fallback': False}]",9905.311499849087,1652.9640835086802,0.2097815999877639,0.34356509998906404
"[{'theta': array([-2755.06951904]), 'n_active': 1, 'beta1_train': -4730.120569779381, 'beta0_train': -4748.878893561175, 'beta1_val': -4750.799999999999, 'beta0_val': -4750.799999999999, 'selected_score': -4748.878893561175, 'evaluations': 25, 'seconds': 0.03288149999571033, 'method': 'differential_evolution_v2', 'accepted_search': True, 'solver_message': 'Optimization terminated successfully.'}, {'theta': array([-3.12617270e+03, -3.97644282e-01]), 'n_active': 2, 'beta1_train': -3090.9178627566944, 'beta0_train': -3149.2641922926514, 'beta1_val': -3983.3771213597784, 'beta0_val': -3983.3771213597784, 'selected_score': -3149.2641922926514, 'evaluations': 45, 'seconds': 0.03395910000836011, 'method': 'differential_evolution_v2', 'accepted_search': True, 'solver_message': 'Optimization terminated successfully.'}, {'theta': array([-5.82237841e+03, -1.43766271e+00, -7.88547144e+02,  1.89727206e+00]), 'n_active': 4, 'beta1_train': -1109.685608917612, 'beta0_train': -1494.8282098873299, 'beta1_val': -1239.2222752311354, 'beta0_val': -1432.6286476666237, 'selected_score': -1494.8282098873299, 'evaluations': 185, 'seconds': 0.13284910000220407, 'method': 'differential_evolution_v2', 'accepted_search': True, 'solver_message': 'Maximum number of iterations has been exceeded.'}]",42,"[{'update_slot': 78, 'hour': 13, 'info': 'both', 'lp_status': 'optimal', 'lp_message': '', 'fallback': False}]",1652.9640835086802,3223.4333276331513,0.1996897000062745,0.33217080000031274
"[{'theta': array([-4989.44151168]), 'n_active': 1, 'beta1_train': -4017.9922511902237, 'beta0_train': -4051.652029371466, 'beta1_val': -4053.5999999999995, 'beta0_val': -4053.5999999999995, 'selected_score': -4051.652029371466, 'evaluations': 20, 'seconds': 0.027061899992986582, 'method': 'differential_evolution_v2', 'accepted_search': True, 'solver_message': 'Optimization terminated successfully.'}, {'theta': array([-4.24070953e+03, -5.67174032e-01]), 'n_active': 2, 'beta1_train': 1362.607902679318, 'beta0_train': -1901.29276600012, 'beta1_val': 737.772201513962, 'beta0_val': -2563.8521065957857, 'selected_score': -1901.29276600012, 'evaluations': 95, 'seconds': 0.0580645000009099, 'method': 'differential_evolution_v2', 'accepted_search': True, 'solver_message': 'Maximum number of iterations has been exceeded.'}, {'theta': array([-5.73713004e+03,  1.07754370e+00, -7.18576016e+03, -8.36731072e-01]), 'n_active': 4, 'beta1_train': -315.64939702072996, 'beta0_train': -720.719607733928, 'beta1_val': -374.06048337677714, 'beta0_val': -624.7176404954588, 'selected_score': -720.719607733928, 'evaluations': 185, 'seconds': 0.12538049998693168, 'method': 'differential_evolution_v2', 'accepted_search': True, 'solver_message': 'Maximum number of iterations has been exceeded.'}]",42,"[{'update_slot': 78, 'hour': 13, 'info': 'both', 'lp_status': 'optimal', 'lp_message': '', 'fallback': False}]",3223.4333276331513,1760.610518411723,0.21050689998082817,0.3421165000036126
"[{'theta': array([-9115.62369494]), 'n_active': 1, 'beta1_train': -4421.98284944741, 'beta0_train': -4455.108625835592, 'beta1_val': -4361.3202956625, 'beta0_val': -4456.8, 'selected_score': -4455.108625835592, 'evaluations': 20, 'seconds': 0.026891499990597367, 'method': 'differential_evolution_v2', 'accepted_search': True, 'solver_message': 'Optimization terminated successfully.'}, {'theta': array([-1.29076979e+03, -3.89029935e-01]), 'n_active': 2, 'beta1_train': 1213.2640791000595, 'beta0_train': -1915.3601529504667, 'beta1_val': 352.68141123383066, 'beta0_val': -3304.8865162209095, 'selected_score': -1915.3601529504667, 'evaluations': 55, 'seconds': 0.040569199991296045, 'method': 'differential_evolution_v2', 'accepted_search': True, 'solver_message': 'Optimization terminated successfully.'}, {'theta': array([-5.75138725e+03,  4.41223067e-01, -5.93763623e+03,  9.39503479e-01]), 'n_active': 4, 'beta1_train': -869.6263130459749, 'beta0_train': -1090.821996251391, 'beta1_val': -300.04381641186114, 'beta0_val': -1039.7743323469365, 'selected_score': -1090.821996251391, 'evaluations': 185, 'seconds': 0.12950249999994412, 'method': 'differential_evolution_v2', 'accepted_search': True, 'solver_message': 'Maximum number of iterations has been exceeded.'}]",42,"[{'update_slot': 78, 'hour': 13, 'info': 'both', 'lp_status': 'optimal', 'lp_message': '', 'fallback': False}]",1760.610518411723,2446.284924442753,0.19696319998183753,0.33100849999755155
"[{'theta': array([-5022.54961628]), 'n_active': 1, 'beta1_train': -2834.607084607665, 'beta0_train': -2887.6377593167526, 'beta1_val': -2890.8, 'beta0_val': -2890.8, 'selected_score': -2887.6377593167526, 'evaluations': 15, 'seconds': 0.023284599999897182, 'method': 'differential_evolution_v2', 'accepted_search': True, 'solver_message': 'Optimization terminated successfully.'}, {'theta': array([-7.00580665e+03,  1.49586672e+00]), 'n_active': 2, 'beta1_train': 2238.177547593088, 'beta0_train': -1173.6848854647142, 'beta1_val': 1530.4326906034817, 'beta0_val': -2102.603437491717, 'selected_score': -1173.6848854647142, 'evaluations': 45, 'seconds': 0.03609760000836104, 'method': 'differential_evolution_v2', 'accepted_search': True, 'solver_message': 'Optimization terminated successfully.'}, {'theta': array([-691.08665275,   -1.12165807, -915.89546212,   -1.06061047]), 'n_active': 4, 'beta1_train': -141.77115688584712, 'beta0_train': -507.5111688984547, 'beta1_val': 193.89300261389297, 'beta0_val': -451.551616686975, 'selected_score': -507.5111688984547, 'evaluations': 185, 'seconds': 0.12867000000551343, 'method': 'differential_evolution_v2', 'accepted_search': True, 'solver_message': 'Maximum number of iterations has been exceeded.'}]",42,"[{'update_slot': 78, 'hour': 13, 'info': 'both', 'lp_status': 'optimal', 'lp_message': '', 'fallback': False}]",2446.284924442753,1736.6357555447064,0.18805220001377165,0.3225339999917196
"[{'theta': array([-8516.20233222]), 'n_active': 1, 'beta1_train': -1700.0126664499073, 'beta0_train': -1717.9278424743093, 'beta1_val': -1751.3683005960822, 'beta0_val': -1772.1418619129547, 'selected_score': -1717.9278424743093, 'evaluations': 20, 'seconds': 0.027253100008238107, 'method': 'differential_evolution_v2', 'accepted_search': True, 'solver_message': 'Optimization terminated successfully.'}, {'theta': array([-6.86637314e+03,  1.24086294e+00]), 'n_active': 2, 'beta1_train': -853.4809534573038, 'beta0_train': -2772.2445069027817, 'beta1_val': -1537.3455719062624, 'beta0_val': -2885.9999999999995, 'selected_score': -2772.2445069027817, 'evaluations': 35, 'seconds': 0.028690799998003058, 'method': 'differential_evolution_v2', 'accepted_search': True, 'solver_message': 'Optimization terminated successfully.'}, {'theta': array([-5.34762989e+02,  3.35353025e-01, -5.89752323e+03, -3.19528808e-01]), 'n_active': 4, 'beta1_train': -336.5127471381218, 'beta0_train': -503.13557278050115, 'beta1_val': -412.9470004971421, 'beta0_val': -478.1014172857036, 'selected_score': -503.13557278050115, 'evaluations': 185, 'seconds': 0.12753159999556374, 'method': 'differential_evolution_v2', 'accepted_search': True, 'solver_message': 'Maximum number of iterations has been exceeded.'}]",42,"[{'update_slot': 78, 'hour': 13, 'info': 'both', 'lp_status': 'optimal', 'lp_message': '', 'fallback': False}]",1736.6357555447064,1811.4852118518497,0.1834755000018049,0.317581399998744
"[{'theta': array([-5944.93460843]), 'n_active': 1, 'beta1_train': -1876.0793026617744, 'beta0_train': -1888.0417782801808, 'beta1_val': -2143.962488360518, 'beta0_val': -2143.962488360518, 'selected_score': -1888.0417782801808, 'evaluations': 20, 'seconds': 0.027636600003461353, 'method': 'differential_evolution_v2', 'accepted_search': True, 'solver_message': 'Optimization terminated successfully.'}, {'theta': array([-6.88157379e+03, -6.09206885e-01]), 'n_active': 2, 'beta1_train': -1688.2245196116792, 'beta0_train': -3490.81618585257, 'beta1_val': -2408.216698763552, 'beta0_val': -3711.6, 'selected_score': -3490.81618585257, 'evaluations': 45, 'seconds': 0.03328380000311881, 'method': 'differential_evolution_v2', 'accepted_search': True, 'solver_message': 'Optimization terminated successfully.'}, {'theta': array([-9.45309864e+03, -1.59504271e+00, -7.51268528e+02,  7.13849890e-01]), 'n_active': 4, 'beta1_train': -1176.512929089242, 'beta0_train': -1390.6293217096984, 'beta1_val': -1091.705468987047, 'beta0_val': -1403.850760621545, 'selected_score': -1390.6293217096984, 'evaluations': 185, 'seconds': 0.12852640000346582, 'method': 'differential_evolution_v2', 'accepted_search': True, 'solver_message': 'Maximum number of iterations has been exceeded.'}]",42,"[{'update_slot': 78, 'hour': 13, 'info': 'both', 'lp_status': 'optimal', 'lp_message': '', 'fallback': False}]",1811.4852118518497,4119.776019622606,0.189446800010046,0.32133109999995213
"[{'theta': array([-4100.54679825]), 'n_active': 1, 'beta1_train': -3279.84138791051, 'beta0_train': -3845.0574800088643, 'beta1_val': -2602.1597599945835, 'beta0_val': -3713.5256516069144, 'selected_score': -3845.0574800088643, 'evaluations': 20, 'seconds': 0.026931500004138798, 'method': 'differential_evolution_v2', 'accepted_search': True, 'solver_message': 'Optimization terminated successfully.'}, {'theta': array([-1110.07121529,    -1.12390568]), 'n_active': 2, 'beta1_train': 1364.9941168762011, 'beta0_train': -1266.6308441120211, 'beta1_val': 1297.13088045412, 'beta0_val': -852.8918300856735, 'selected_score': -1268.4061064322773, 'evaluations': 95, 'seconds': 0.06008619999920484, 'method': 'differential_evolution_v2', 'accepted_search': True, 'solver_message': 'Maximum number of iterations has been exceeded.'}, {'theta': array([-8.14558289e+03,  1.82020705e+00, -3.27761809e+03, -8.63231224e-01]), 'n_active': 4, 'beta1_train': -428.2071352802062, 'beta0_train': -666.1650841368142, 'beta1_val': -463.03029049135847, 'beta0_val': -691.1724206507739, 'selected_score': -666.1650841368142, 'evaluations': 185, 'seconds': 0.1304288999963319, 'method': 'differential_evolution_v2', 'accepted_search': True, 'solver_message': 'Maximum number of iterations has been exceeded.'}]",42,"[{'update_slot': 78, 'hour': 13, 'info': 'both', 'lp_status': 'optimal', 'lp_message': '', 'fallback': False}]",4119.776019622606,1811.0024666516697,0.21744659999967553,0.3527254000073299
"[{'theta': array([-8975.43307571]), 'n_active': 1, 'beta1_train': -4013.940254353569, 'beta0_train': -4054.2774185335743, 'beta1_val': -4057.2, 'beta0_val': -4057.2, 'selected_score': -4054.2774185335743, 'evaluations': 20, 'seconds': 0.028136099994299002, 'method': 'differential_evolution_v2', 'accepted_search': True, 'solver_message': 'Optimization terminated successfully.'}, {'theta': array([-5.40522987e+03, -8.79135709e-01]), 'n_active': 2, 'beta1_train': 1508.659637880335, 'beta0_train': -1840.180918282857, 'beta1_val': 1339.8767156466251, 'beta0_val': -2092.149946167927, 'selected_score': -1840.180918282857, 'evaluations': 95, 'seconds': 0.057787900004768744, 'method': 'differential_evolution_v2', 'accepted_search': True, 'solver_message': 'Maximum number of iterations has been exceeded.'}, {'theta': array([-4.68365495e+03, -1.68154863e+00, -2.68850828e+03, -9.89004430e-01]), 'n_active': 4, 'beta1_train': -680.1903393726201, 'beta0_train': -725.957158278683, 'beta1_val': -698.2513714101852, 'beta0_val': -698.2513714101852, 'selected_score': -725.957158278683, 'evaluations': 145, 'seconds': 0.10633149999193847, 'method': 'differential_evolution_v2', 'accepted_search': True, 'solver_message': 'Optimization terminated successfully.'}]",42,"[{'update_slot': 78, 'hour': 13, 'info': 'both', 'lp_status': 'optimal', 'lp_message': '', 'fallback': False}]",1811.0024666516697,1833.9935024074089,0.19225549999100622,0.33100560000457335
"[{'theta': array([-7733.00237618]), 'n_active': 1, 'beta1_train': -4342.379708469066, 'beta0_train': -4369.650077827962, 'beta1_val': -4325.6668488635, 'beta0_val': -4372.799999999999, 'selected_score': -4369.650077827962, 'evaluations': 15, 'seconds': 0.023624699999345466, 'method': 'differential_evolution_v2', 'accepted_search': True, 'solver_message': 'Optimization terminated successfully.'}, {'theta': array([-1025.54880284,     1.78545308]), 'n_active': 2, 'beta1_train': 1062.5948374316204, 'beta0_train': -2361.284114658663, 'beta1_val': 2067.866240225778, 'beta0_val': -1100.257016819106, 'selected_score': -2363.349378222851, 'evaluations': 95, 'seconds': 0.06297050000284798, 'method': 'differential_evolution_v2', 'accepted_search': True, 'solver_message': 'Maximum number of iterations has been exceeded.'}, {'theta': array([-5.69484620e+02, -9.96194522e-02, -6.65790955e+03,  4.21155051e-01]), 'n_active': 4, 'beta1_train': -778.453568214738, 'beta0_train': -789.6346008765368, 'beta1_val': -737.8888089403293, 'beta0_val': -737.8888089403293, 'selected_score': -789.6346008765368, 'evaluations': 185, 'seconds': 0.12870489999477286, 'method': 'differential_evolution_v2', 'accepted_search': True, 'solver_message': 'Maximum number of iterations has been exceeded.'}]",42,"[{'update_slot': 78, 'hour': 13, 'info': 'both', 'lp_status': 'optimal', 'lp_message': '', 'fallback': False}]",1833.9935024074089,2169.1571899332926,0.2153000999969663,0.35502010000345763
"[{'theta': array([-5580.00232552]), 'n_active': 1, 'beta1_train': -4044.6786768517986, 'beta0_train': -4147.094760874914, 'beta1_val': -4103.97818, 'beta0_val': -4154.4, 'selected_score': -4147.094760874914, 'evaluations': 25, 'seconds': 0.031434300006367266, 'method': 'differential_evolution_v2', 'accepted_search': True, 'solver_message': 'Optimization terminated successfully.'}, {'theta': array([-4.52165221e+03,  3.15277226e-01]), 'n_active': 2, 'beta1_train': 1203.9937422775547, 'beta0_train': -571.9317868637834, 'beta1_val': 1556.7022679389265, 'beta0_val': 1176.2824367649678, 'selected_score': -571.9317868637834, 'evaluations': 55, 'seconds': 0.03858130000298843, 'method': 'differential_evolution_v2', 'accepted_search': True, 'solver_message': 'Optimization terminated successfully.'}, {'theta': array([-5.54853924e+03,  2.64086311e-01, -4.24658080e+03,  9.87001334e-01]), 'n_active': 4, 'beta1_train': -748.2611328531722, 'beta0_train': -976.8893177099467, 'beta1_val': -399.4942128989918, 'beta0_val': -1038.8880589375597, 'selected_score': -976.8893177099467, 'evaluations': 185, 'seconds': 0.12973040000360925, 'method': 'differential_evolution_v2', 'accepted_search': True, 'solver_message': 'Maximum number of iterations has been exceeded.'}]",42,"[{'update_slot': 78, 'hour': 13, 'info': 'both', 'lp_status': 'optimal', 'lp_message': '', 'fallback': False}]",2169.1571899332926,2288.0464025816564,0.19974600001296494,0.3324819999979809
"[{'theta': array([-7967.33517315]), 'n_active': 1, 'beta1_train': -1667.336376219694, 'beta0_train': -1819.0727463743522, 'beta1_val': -1591.276296266606, 'beta0_val': -1792.8039394771004, 'selected_score': -1819.0727463743522, 'evaluations': 20, 'seconds': 0.028015800009598024, 'method': 'differential_evolution_v2', 'accepted_search': True, 'solver_message': 'Optimization terminated successfully.'}, {'theta': array([-6.75347333e+03,  9.66808650e-01]), 'n_active': 2, 'beta1_train': 2283.3483557758127, 'beta0_train': -1121.1483083488752, 'beta1_val': 2457.665693422482, 'beta0_val': -1093.303449213509, 'selected_score': -1121.1483083488752, 'evaluations': 65, 'seconds': 0.044486699989647605, 'method': 'differential_evolution_v2', 'accepted_search': True, 'solver_message': 'Optimization terminated successfully.'}, {'theta': array([-6.19749372e+03, -1.18875366e+00, -9.41610005e+01, -4.89231360e-01]), 'n_active': 4, 'beta1_train': -300.7842064452928, 'beta0_train': -333.66896252544586, 'beta1_val': -293.23223892622514, 'beta0_val': -293.23223892622514, 'selected_score': -333.66896252544586, 'evaluations': 185, 'seconds': 0.12852929999644402, 'method': 'differential_evolution_v2', 'accepted_search': True, 'solver_message': 'Optimization terminated successfully.'}]",42,"[{'update_slot': 78, 'hour': 13, 'info': 'both', 'lp_status': 'optimal', 'lp_message': '', 'fallback': False}]",2288.0464025816564,1612.8816688888887,0.20103179999568965,0.3418417000066256
"[{'theta': array([-8966.67644241]), 'n_active': 1, 'beta1_train': -1298.9894978158352, 'beta0_train': -1301.7098021854795, 'beta1_val': -1240.0879941049322, 'beta0_val': -1240.0879941049322, 'selected_score': -1301.7098021854795, 'evaluations': 15, 'seconds': 0.023111100003006868, 'method': 'differential_evolution_v2', 'accepted_search': True, 'solver_message': 'Optimization terminated successfully.'}, {'theta': array([-8.21110294e+03,  5.99517689e-01]), 'n_active': 2, 'beta1_train': -967.096629005868, 'beta0_train': -2519.9999999999995, 'beta1_val': -499.8891163073631, 'beta0_val': -2519.9999999999995, 'selected_score': -2519.9999999999995, 'evaluations': 55, 'seconds': 0.04001389999757521, 'method': 'differential_evolution_v2', 'accepted_search': True, 'solver_message': 'Optimization terminated successfully.'}, {'theta': array([-5.75682929e+03, -1.34385565e+00, -7.93788168e+03, -4.76446803e-01]), 'n_active': 4, 'beta1_train': -420.58140776525966, 'beta0_train': -574.0905174358556, 'beta1_val': -438.5483902063827, 'beta0_val': -493.5290486172841, 'selected_score': -574.0905174358556, 'evaluations': 145, 'seconds': 0.10974409998743795, 'method': 'differential_evolution_v2', 'accepted_search': True, 'solver_message': 'Optimization terminated successfully.'}]",42,"[{'update_slot': 78, 'hour': 13, 'info': 'both', 'lp_status': 'optimal', 'lp_message': '', 'fallback': False}]",1612.8816688888887,2508.4753910884356,0.17286909998802003,0.3148205000034068
"[{'theta': array([-9584.0474343]), 'n_active': 1, 'beta1_train': -1821.4843666470874, 'beta0_train': -2107.2240784546893, 'beta1_val': -1758.8992990371498, 'beta0_val': -1940.8829781011862, 'selected_score': -2107.2240784546893, 'evaluations': 15, 'seconds': 0.023182200005976483, 'method': 'differential_evolution_v2', 'accepted_search': True, 'solver_message': 'Optimization terminated successfully.'}, {'theta': array([-7.34750822e+03, -7.77283184e-01]), 'n_active': 2, 'beta1_train': -1826.3942982963067, 'beta0_train': -3248.596712091518, 'beta1_val': -602.9631900970876, 'beta0_val': -2254.6577496199166, 'selected_score': -3248.596712091518, 'evaluations': 95, 'seconds': 0.05962820000422653, 'method': 'differential_evolution_v2', 'accepted_search': True, 'solver_message': 'Maximum number of iterations has been exceeded.'}, {'theta': array([-9.02654429e+03, -1.14578843e+00, -3.59022545e+03,  1.17032762e+00]), 'n_active': 4, 'beta1_train': -3941.8067211582143, 'beta0_train': -4034.485336840823, 'beta1_val': -4005.9187647676463, 'beta0_val': -4089.0946626772375, 'selected_score': -4034.485336840823, 'evaluations': 105, 'seconds': 0.0842216000019107, 'method': 'differential_evolution_v2', 'accepted_search': True, 'solver_message': 'Optimization terminated successfully.'}]",42,"[{'update_slot': 78, 'hour': 13, 'info': 'both', 'lp_status': 'optimal', 'lp_message': '', 'fallback': False}]",2508.4753910884356,9572.336512962962,0.1670320000121137,0.30879019999701995
"[{'theta': array([-6061.02020287]), 'n_active': 1, 'beta1_train': -4411.375989522964, 'beta0_train': -4428.81398801064, 'beta1_val': -4372.873350308333, 'beta0_val': -4429.2, 'selected_score': -4428.81398801064, 'evaluations': 25, 'seconds': 0.03408610000042245, 'method': 'differential_evolution_v2', 'accepted_search': True, 'solver_message': 'Optimization terminated successfully.'}, {'theta': array([-6.73958012e+03,  9.01740651e-01]), 'n_active': 2, 'beta1_train': 477.9738767713812, 'beta0_train': -2735.321862794707, 'beta1_val': 281.5126140161642, 'beta0_val': -2986.361684600338, 'selected_score': -2735.321862794707, 'evaluations': 55, 'seconds': 0.039871400003903545, 'method': 'differential_evolution_v2', 'accepted_search': True, 'solver_message': 'Optimization terminated successfully.'}, {'theta': array([-1.63816561e+03,  1.06277125e+00, -5.99760902e+03,  7.54819875e-01]), 'n_active': 4, 'beta1_train': -1234.1311615936277, 'beta0_train': -1391.468125936039, 'beta1_val': -1135.9968889748789, 'beta0_val': -1166.326764426822, 'selected_score': -1391.468125936039, 'evaluations': 185, 'seconds': 0.1284548999974504, 'method': 'differential_evolution_v2', 'accepted_search': True, 'solver_message': 'Maximum number of iterations has been exceeded.'}]",42,"[{'update_slot': 78, 'hour': 13, 'info': 'both', 'lp_status': 'optimal', 'lp_message': '', 'fallback': False}]",9572.336512962962,3490.236382446202,0.2024124000017764,0.3404815999965649
"[{'theta': array([-7249.87964122]), 'n_active': 1, 'beta1_train': -4580.372616433051, 'beta0_train': -4586.39445669979, 'beta1_val': -4567.472936666666, 'beta0_val': -4583.6994345679, 'selected_score': -4586.39445669979, 'evaluations': 30, 'seconds': 0.03782489999139216, 'method': 'differential_evolution_v2', 'accepted_search': True, 'solver_message': 'Optimization terminated successfully.'}, {'theta': array([-7.89950872e+03, -1.22375123e+00]), 'n_active': 2, 'beta1_train': 349.371534875931, 'beta0_train': -3198.5996765362415, 'beta1_val': 1045.6007160324266, 'beta0_val': -3126.439134872777, 'selected_score': -3198.5996765362415, 'evaluations': 95, 'seconds': 0.0585579000035068, 'method': 'differential_evolution_v2', 'accepted_search': True, 'solver_message': 'Maximum number of iterations has been exceeded.'}, {'theta': array([-8.91037705e+03, -1.82816175e+00, -4.60879611e+03,  1.14583181e+00]), 'n_active': 4, 'beta1_train': -936.6429564055728, 'beta0_train': -1122.7836158885416, 'beta1_val': -1193.024142489754, 'beta0_val': -1193.024142489754, 'selected_score': -1122.7836158885416, 'evaluations': 185, 'seconds': 0.129265999989002, 'method': 'differential_evolution_v2', 'accepted_search': True, 'solver_message': 'Maximum number of iterations has been exceeded.'}]",42,"[{'update_slot': 78, 'hour': 13, 'info': 'both', 'lp_status': 'optimal', 'lp_message': '', 'fallback': False}]",3490.236382446202,2951.884191111115,0.22564879998390097,0.3614435999916168
"[{'theta': array([-2045.28739423]), 'n_active': 1, 'beta1_train': -3252.8349105581674, 'beta0_train': -4129.827473609104, 'beta1_val': -3490.4928394725844, 'beta0_val': -4199.23191441358, 'selected_score': -4129.827473609104, 'evaluations': 25, 'seconds': 0.03084800000942778, 'method': 'differential_evolution_v2', 'accepted_search': True, 'solver_message': 'Optimization terminated successfully.'}, {'theta': array([-4.88445163e+03, -1.33690963e+00]), 'n_active': 2, 'beta1_train': 878.1459529680088, 'beta0_train': -2491.365806551333, 'beta1_val': 1561.8293376074885, 'beta0_val': -879.9486555781168, 'selected_score': -2491.365806551333, 'evaluations': 55, 'seconds': 0.03825689999212045, 'method': 'differential_evolution_v2', 'accepted_search': True, 'solver_message': 'Optimization terminated successfully.'}, {'theta': array([-7.14050358e+03, -1.25177489e+00, -4.63799301e+03, -6.58211663e-02]), 'n_active': 4, 'beta1_train': -391.0871905364588, 'beta0_train': -709.1977487168125, 'beta1_val': -603.7908773974482, 'beta0_val': -833.488002047325, 'selected_score': -709.1977487168125, 'evaluations': 185, 'seconds': 0.1268337000074098, 'method': 'differential_evolution_v2', 'accepted_search': True, 'solver_message': 'Maximum number of iterations has been exceeded.'}]",42,"[{'update_slot': 78, 'hour': 13, 'info': 'both', 'lp_status': 'optimal', 'lp_message': '', 'fallback': False}]",2951.884191111115,1730.0968912962976,0.19593860000895802,0.3317982999869855
"[{'theta': array([-97.57118487]), 'n_active': 1, 'beta1_train': -4292.162855475554, 'beta0_train': -4322.904650997436, 'beta1_val': -4324.8, 'beta0_val': -4324.8, 'selected_score': -4322.904650997436, 'evaluations': 20, 'seconds': 0.028738399996655062, 'method': 'differential_evolution_v2', 'accepted_search': True, 'solver_message': 'Optimization terminated successfully.'}, {'theta': array([-4.50511142e+03,  1.19915384e+00]), 'n_active': 2, 'beta1_train': 714.0662662872187, 'beta0_train': -2613.8741153196947, 'beta1_val': 575.4843140476005, 'beta0_val': -2893.676801911913, 'selected_score': -2613.8741153196947, 'evaluations': 95, 'seconds': 0.061564600007841364, 'method': 'differential_evolution_v2', 'accepted_search': True, 'solver_message': 'Maximum number of iterations has been exceeded.'}, {'theta': array([-6.32232836e+03,  1.76497180e-01, -7.52656936e+03, -4.90923102e-01]), 'n_active': 4, 'beta1_train': -1035.9680961872068, 'beta0_train': -1066.2611109224936, 'beta1_val': -1036.7341639803299, 'beta0_val': -1036.7341639803299, 'selected_score': -1066.2611109224936, 'evaluations': 185, 'seconds': 0.13428519999433775, 'method': 'differential_evolution_v2', 'accepted_search': True, 'solver_message': 'Maximum number of iterations has been exceeded.'}]",42,"[{'update_slot': 78, 'hour': 13, 'info': 'both', 'lp_status': 'optimal', 'lp_message': '', 'fallback': False}]",1730.0968912962976,3047.757158518518,0.22458819999883417,0.369426499994006
"[{'theta': array([-3890.47425553]), 'n_active': 1, 'beta1_train': -1890.8137476633133, 'beta0_train': -1921.4012305618521, 'beta1_val': -1922.4000000000003, 'beta0_val': -1922.4000000000003, 'selected_score': -1921.4012305618521, 'evaluations': 15, 'seconds': 0.02328579999448266, 'method': 'differential_evolution_v2', 'accepted_search': True, 'solver_message': 'Optimization terminated successfully.'}, {'theta': array([-4.46979735e+03, -3.24293825e-01]), 'n_active': 2, 'beta1_train': 2771.7335602749167, 'beta0_train': -1063.3178047886568, 'beta1_val': 3220.1573006403883, 'beta0_val': -958.7446497995304, 'selected_score': -1063.3178047886568, 'evaluations': 95, 'seconds': 0.0595169000007445, 'method': 'differential_evolution_v2', 'accepted_search': True, 'solver_message': 'Maximum number of iterations has been exceeded.'}, {'theta': array([-8.28260309e+03, -3.83398331e-01, -5.75460838e+03, -4.91397102e-02]), 'n_active': 4, 'beta1_train': -73.47253895397114, 'beta0_train': -302.7308133475083, 'beta1_val': -393.7829631260271, 'beta0_val': -393.7829631260271, 'selected_score': -302.7308133475083, 'evaluations': 185, 'seconds': 0.12839000001258682, 'method': 'differential_evolution_v2', 'accepted_search': True, 'solver_message': 'Maximum number of iterations has been exceeded.'}]",42,"[{'update_slot': 78, 'hour': 13, 'info': 'both', 'lp_status': 'optimal', 'lp_message': '', 'fallback': False}]",3047.757158518518,2037.822050870656,0.21119270000781398,0.3517534999991767
"[{'theta': array([-1954.08339547]), 'n_active': 1, 'beta1_train': -1434.8032745686262, 'beta0_train': -1437.7897418397345, 'beta1_val': -1348.4302189471628, 'beta0_val': -1348.4302189471628, 'selected_score': -1437.7897418397345, 'evaluations': 20, 'seconds': 0.026932199994917028, 'method': 'differential_evolution_v2', 'accepted_search': True, 'solver_message': 'Optimization terminated successfully.'}, {'theta': array([-3.34291204e+03,  8.32094656e-01]), 'n_active': 2, 'beta1_train': -1491.9497288836105, 'beta0_train': -3238.7999999999997, 'beta1_val': -1760.2491130504277, 'beta0_val': -3238.7999999999997, 'selected_score': -3238.7999999999997, 'evaluations': 35, 'seconds': 0.028844799991929904, 'method': 'differential_evolution_v2', 'accepted_search': True, 'solver_message': 'Optimization terminated successfully.'}, {'theta': array([-5.75591413e+03, -1.45947068e-02, -1.77652255e+03, -1.65870726e+00]), 'n_active': 4, 'beta1_train': -437.9423516518979, 'beta0_train': -673.7110273419593, 'beta1_val': -775.8200413606278, 'beta0_val': -775.8200413606278, 'selected_score': -673.7110273419593, 'evaluations': 185, 'seconds': 0.1276785999943968, 'method': 'differential_evolution_v2', 'accepted_search': True, 'solver_message': 'Maximum number of iterations has been exceeded.'}]",42,"[{'update_slot': 78, 'hour': 13, 'info': 'both', 'lp_status': 'optimal', 'lp_message': '', 'fallback': False}]",2037.822050870656,2023.1789134347264,0.18345559998124372,0.3191581999999471
"[{'theta': array([-1055.30647182]), 'n_active': 1, 'beta1_train': -1611.4228520311835, 'beta0_train': -1908.3298456223295, 'beta1_val': -1155.6296681557806, 'beta0_val': -1786.4085266600598, 'selected_score': -1908.3298456223295, 'evaluations': 50, 'seconds': 0.053638299999875017, 'method': 'differential_evolution_v2', 'accepted_search': True, 'solver_message': 'Maximum number of iterations has been exceeded.'}, {'theta': array([-1.40740978e+03,  3.73187908e-01]), 'n_active': 2, 'beta1_train': -2654.8059258536005, 'beta0_train': -4306.151659341165, 'beta1_val': -2773.722548136737, 'beta0_val': -4317.6, 'selected_score': -4306.151659341165, 'evaluations': 35, 'seconds': 0.027530499995918944, 'method': 'differential_evolution_v2', 'accepted_search': True, 'solver_message': 'Optimization terminated successfully.'}, {'theta': array([-9.37722301e+03,  1.43649639e+00, -5.17230797e+03,  7.88568184e-01]), 'n_active': 4, 'beta1_train': -4089.355545886657, 'beta0_train': -4214.40427491134, 'beta1_val': -4136.685014445228, 'beta0_val': -4136.685014445228, 'selected_score': -4214.40427491134, 'evaluations': 185, 'seconds': 0.12849930000083987, 'method': 'differential_evolution_v2', 'accepted_search': True, 'solver_message': 'Maximum number of iterations has been exceeded.'}]",42,"[{'update_slot': 78, 'hour': 13, 'info': 'both', 'lp_status': 'optimal', 'lp_message': '', 'fallback': False}]",2023.1789134347264,10800.0,0.20966809999663383,0.3426993000030052
"[{'theta': array([-7983.76733911]), 'n_active': 1, 'beta1_train': -3730.355364357645, 'beta0_train': -4389.556109895719, 'beta1_val': -4248.853283156668, 'beta0_val': -4404.0, 'selected_score': -4389.556109895719, 'evaluations': 25, 'seconds': 0.031067200005054474, 'method': 'differential_evolution_v2', 'accepted_search': True, 'solver_message': 'Optimization terminated successfully.'}, {'theta': array([-1.21213110e+03,  3.91275233e-02]), 'n_active': 2, 'beta1_train': 1071.9009522184479, 'beta0_train': -2764.832278388765, 'beta1_val': 728.4488369272308, 'beta0_val': -2803.7280629412644, 'selected_score': -2765.754041570823, 'evaluations': 95, 'seconds': 0.06176839998806827, 'method': 'differential_evolution_v2', 'accepted_search': True, 'solver_message': 'Maximum number of iterations has been exceeded.'}, {'theta': array([-7.35292858e+03, -1.11617440e+00, -8.06811935e+03,  9.87530158e-01]), 'n_active': 4, 'beta1_train': -294.9692192249551, 'beta0_train': -704.3011960305399, 'beta1_val': -924.6491644552372, 'beta0_val': -924.6491644552372, 'selected_score': -704.3011960305399, 'evaluations': 185, 'seconds': 0.12894419999793172, 'method': 'differential_evolution_v2', 'accepted_search': True, 'solver_message': 'Maximum number of iterations has been exceeded.'}]",42,"[{'update_slot': 78, 'hour': 13, 'info': 'both', 'lp_status': 'optimal', 'lp_message': '', 'fallback': False}]",10800.0,1673.3130689204268,0.22177979999105446,0.3562726000091061
"[{'theta': array([-376.11354439]), 'n_active': 1, 'beta1_train': -4434.595084980473, 'beta0_train': -4447.672608687143, 'beta1_val': -4448.4, 'beta0_val': -4448.4, 'selected_score': -4447.672608687143, 'evaluations': 20, 'seconds': 0.027409299989813007, 'method': 'differential_evolution_v2', 'accepted_search': True, 'solver_message': 'Optimization terminated successfully.'}, {'theta': array([-8.77538486e+03, -4.95982672e-01]), 'n_active': 2, 'beta1_train': 502.4289166122199, 'beta0_train': -3017.70540007455, 'beta1_val': 303.4071807493933, 'beta0_val': -3330.1996113963673, 'selected_score': -3017.70540007455, 'evaluations': 95, 'seconds': 0.05968609999399632, 'method': 'differential_evolution_v2', 'accepted_search': True, 'solver_message': 'Maximum number of iterations has been exceeded.'}, {'theta': array([-2.43515947e+03, -9.79438045e-01, -6.86788588e+03,  1.10965513e-01]), 'n_active': 4, 'beta1_train': -614.5215001831522, 'beta0_train': -1044.7823188302814, 'beta1_val': -1031.9642933890177, 'beta0_val': -1031.9642933890177, 'selected_score': -1044.7823188302814, 'evaluations': 185, 'seconds': 0.12553849999676459, 'method': 'differential_evolution_v2', 'accepted_search': True, 'solver_message': 'Maximum number of iterations has been exceeded.'}]",42,"[{'update_slot': 78, 'hour': 13, 'info': 'both', 'lp_status': 'optimal', 'lp_message': '', 'fallback': False}]",1673.3130689204268,2593.81027002101,0.21263389998057391,0.34745139999722596
"[{'theta': array([-5080.65512127]), 'n_active': 1, 'beta1_train': -4057.160635895025, 'beta0_train': -4079.949655445148, 'beta1_val': -4081.2, 'beta0_val': -4081.2, 'selected_score': -4079.949655445148, 'evaluations': 25, 'seconds': 0.03172870000707917, 'method': 'differential_evolution_v2', 'accepted_search': True, 'solver_message': 'Optimization terminated successfully.'}, {'theta': array([-1048.59605176,     1.95882418]), 'n_active': 2, 'beta1_train': 1339.1941946173795, 'beta0_train': -1300.8396011830114, 'beta1_val': 1639.8187499459327, 'beta0_val': -991.6069410758796, 'selected_score': -1301.0547194790024, 'evaluations': 95, 'seconds': 0.05696059999172576, 'method': 'differential_evolution_v2', 'accepted_search': True, 'solver_message': 'Maximum number of iterations has been exceeded.'}, {'theta': array([-6.19172567e+03,  3.17559094e-01, -1.60278943e+03,  2.40860022e-01]), 'n_active': 4, 'beta1_train': -200.54993523837805, 'beta0_train': -674.2146273347334, 'beta1_val': -596.2821583694922, 'beta0_val': -679.2349907577426, 'selected_score': -674.2146273347334, 'evaluations': 125, 'seconds': 0.0930612999945879, 'method': 'differential_evolution_v2', 'accepted_search': True, 'solver_message': 'Optimization terminated successfully.'}]",42,"[{'update_slot': 78, 'hour': 13, 'info': 'both', 'lp_status': 'optimal', 'lp_message': '', 'fallback': False}]",2593.81027002101,1544.3137588349139,0.18175059999339283,0.3128081999893766
"[{'theta': array([-92.69989966]), 'n_active': 1, 'beta1_train': -4157.592385872527, 'beta0_train': -4179.519141302819, 'beta1_val': -4175.115525411165, 'beta0_val': -4180.799999999999, 'selected_score': -4179.519141302819, 'evaluations': 15, 'seconds': 0.02211830001033377, 'method': 'differential_evolution_v2', 'accepted_search': True, 'solver_message': 'Optimization terminated successfully.'}, {'theta': array([-9.53601042e+03, -6.04015333e-01]), 'n_active': 2, 'beta1_train': 1367.6323447207246, 'beta0_train': -2306.1699228751336, 'beta1_val': 1659.3477745185096, 'beta0_val': -2135.6259222134895, 'selected_score': -2306.1699228751336, 'evaluations': 95, 'seconds': 0.05886020000616554, 'method': 'differential_evolution_v2', 'accepted_search': True, 'solver_message': 'Maximum number of iterations has been exceeded.'}, {'theta': array([-3.00365093e+02,  6.15332157e-01, -7.34045537e+02, -4.15113060e-01]), 'n_active': 4, 'beta1_train': -526.8726660164134, 'beta0_train': -956.3095981015766, 'beta1_val': -585.7609300964425, 'beta0_val': -855.539464779626, 'selected_score': -956.3095981015766, 'evaluations': 185, 'seconds': 0.12577719999535475, 'method': 'differential_evolution_v2', 'accepted_search': True, 'solver_message': 'Maximum number of iterations has been exceeded.'}]",42,"[{'update_slot': 78, 'hour': 13, 'info': 'both', 'lp_status': 'optimal', 'lp_message': '', 'fallback': False}]",1544.3137588349139,2343.4520775102624,0.20675570001185406,0.34041370000340976
"[{'theta': array([-1317.13264089]), 'n_active': 1, 'beta1_train': -1473.1803844325668, 'beta0_train': -1599.846877091363, 'beta1_val': -1493.955233853941, 'beta0_val': -1590.7449084141315, 'selected_score': -1599.846877091363, 'evaluations': 25, 'seconds': 0.03147760000138078, 'method': 'differential_evolution_v2', 'accepted_search': True, 'solver_message': 'Optimization terminated successfully.'}, {'theta': array([-1.13773265e+03, -5.57386367e-01]), 'n_active': 2, 'beta1_train': 2662.598392643782, 'beta0_train': -1164.5759114710645, 'beta1_val': 2124.3576108258285, 'beta0_val': -1189.4455035334936, 'selected_score': -1164.5759114710645, 'evaluations': 95, 'seconds': 0.058906499994918704, 'method': 'differential_evolution_v2', 'accepted_search': True, 'solver_message': 'Maximum number of iterations has been exceeded.'}, {'theta': array([-4.27464362e+03,  1.76658278e+00, -5.30724537e+03,  6.12927831e-01]), 'n_active': 4, 'beta1_train': 247.49204535312913, 'beta0_train': -265.22575574560216, 'beta1_val': -253.84197454539935, 'beta0_val': -253.84197454539935, 'selected_score': -265.22575574560216, 'evaluations': 185, 'seconds': 0.12649809999857098, 'method': 'differential_evolution_v2', 'accepted_search': True, 'solver_message': 'Maximum number of iterations has been exceeded.'}]",42,"[{'update_slot': 78, 'hour': 13, 'info': 'both', 'lp_status': 'optimal', 'lp_message': '', 'fallback': False}]",2343.4520775102624,1759.168167000829,0.21688219999487046,0.3551563999935752
"[{'theta': array([-7062.55181748]), 'n_active': 1, 'beta1_train': -962.962330602944, 'beta0_train': -966.1938796997913, 'beta1_val': -924.4323396719773, 'beta0_val': -924.4323396719773, 'selected_score': -966.1938796997913, 'evaluations': 15, 'seconds': 0.02293140000256244, 'method': 'differential_evolution_v2', 'accepted_search': True, 'solver_message': 'Optimization terminated successfully.'}, {'theta': array([-7.26237086e+03, -1.85227415e+00]), 'n_active': 2, 'beta1_train': -221.2354967730469, 'beta0_train': -1855.1999999999998, 'beta1_val': -510.7547710482406, 'beta0_val': -1855.1999999999998, 'selected_score': -1855.1999999999998, 'evaluations': 95, 'seconds': 0.06016249999811407, 'method': 'differential_evolution_v2', 'accepted_search': True, 'solver_message': 'Maximum number of iterations has been exceeded.'}, {'theta': array([-7.71988760e+03, -2.01006476e-02, -6.44630838e+03,  1.27357983e+00]), 'n_active': 4, 'beta1_train': -112.67415209739715, 'beta0_train': -311.13021658847134, 'beta1_val': -234.58865927448153, 'beta0_val': -312.5264075904435, 'selected_score': -311.13021658847134, 'evaluations': 185, 'seconds': 0.13080749999789987, 'method': 'differential_evolution_v2', 'accepted_search': True, 'solver_message': 'Maximum number of iterations has been exceeded.'}]",42,"[{'update_slot': 78, 'hour': 13, 'info': 'both', 'lp_status': 'optimal', 'lp_message': '', 'fallback': False}]",1759.168167000829,1980.5107057601397,0.21390139999857638,0.34979539999039844
"[{'theta': array([-814.93371295]), 'n_active': 1, 'beta1_train': -1818.8519237914797, 'beta0_train': -1822.5774552368512, 'beta1_val': -1773.4114119746578, 'beta0_val': -1773.4114119746578, 'selected_score': -1822.5774552368512, 'evaluations': 20, 'seconds': 0.027483600002597086, 'method': 'differential_evolution_v2', 'accepted_search': True, 'solver_message': 'Optimization terminated successfully.'}, {'theta': array([-2.91181688e+03, -4.14657648e-01]), 'n_active': 2, 'beta1_train': -2546.8316887366104, 'beta0_train': -4084.7999999999997, 'beta1_val': -2650.9930877352094, 'beta0_val': -4084.7999999999997, 'selected_score': -4084.7999999999997, 'evaluations': 95, 'seconds': 0.06061590000172146, 'method': 'differential_evolution_v2', 'accepted_search': True, 'solver_message': 'Maximum number of iterations has been exceeded.'}, {'theta': array([-3.62932133e+02, -8.76072694e-01, -3.96753837e+03, -2.24984089e-01]), 'n_active': 4, 'beta1_train': -2128.0165817723105, 'beta0_train': -2358.6309886027575, 'beta1_val': -2448.189756635218, 'beta0_val': -2448.189756635218, 'selected_score': -2358.953143645707, 'evaluations': 185, 'seconds': 0.12776200000371318, 'method': 'differential_evolution_v2', 'accepted_search': True, 'solver_message': 'Maximum number of iterations has been exceeded.'}]",42,"[{'update_slot': 78, 'hour': 13, 'info': 'both', 'lp_status': 'optimal', 'lp_message': '', 'fallback': False}]",1980.5107057601397,6031.813994652026,0.21586150000803173,0.35408770000503864
"[{'theta': array([-9158.1649971]), 'n_active': 1, 'beta1_train': -3988.3458631577782, 'beta0_train': -4001.973631754291, 'beta1_val': -4003.2, 'beta0_val': -4003.2, 'selected_score': -4001.973631754291, 'evaluations': 20, 'seconds': 0.02706680000119377, 'method': 'differential_evolution_v2', 'accepted_search': True, 'solver_message': 'Optimization terminated successfully.'}, {'theta': array([-7.99677121e+03,  4.15329476e-01]), 'n_active': 2, 'beta1_train': 1194.6265812536938, 'beta0_train': -2546.558018807857, 'beta1_val': 692.4081259796649, 'beta0_val': -2614.501390635728, 'selected_score': -2546.558018807857, 'evaluations': 55, 'seconds': 0.03950139999506064, 'method': 'differential_evolution_v2', 'accepted_search': True, 'solver_message': 'Optimization terminated successfully.'}, {'theta': array([-3.20442878e+03,  1.11276058e+00, -7.50972084e+03,  2.25140959e-01]), 'n_active': 4, 'beta1_train': -307.0256044678484, 'beta0_train': -679.8373421858529, 'beta1_val': -417.2325997044605, 'beta0_val': -643.9384938097865, 'selected_score': -679.8373421858529, 'evaluations': 185, 'seconds': 0.12733550000120886, 'method': 'differential_evolution_v2', 'accepted_search': True, 'solver_message': 'Maximum number of iterations has been exceeded.'}]",42,"[{'update_slot': 78, 'hour': 13, 'info': 'both', 'lp_status': 'optimal', 'lp_message': '', 'fallback': False}]",6031.813994652026,1956.8229997644603,0.19390369999746326,0.32985810001264326
"[{'theta': array([-443.67790334]), 'n_active': 1, 'beta1_train': -4080.968576081276, 'beta0_train': -4095.16361591902, 'beta1_val': -4104.7914657448555, 'beta0_val': -4104.7914657448555, 'selected_score': -4095.16361591902, 'evaluations': 50, 'seconds': 0.053563200010103174, 'method': 'differential_evolution_v2', 'accepted_search': True, 'solver_message': 'Maximum number of iterations has been exceeded.'}, {'theta': array([-5.80142098e+03,  1.96241790e+00]), 'n_active': 2, 'beta1_train': 577.9002154940968, 'beta0_train': -3062.8788937924446, 'beta1_val': 429.92564642969137, 'beta0_val': -2718.292331348641, 'selected_score': -3062.8788937924446, 'evaluations': 35, 'seconds': 0.029138400001102127, 'method': 'differential_evolution_v2', 'accepted_search': True, 'solver_message': 'Optimization terminated successfully.'}, {'theta': array([-7.42521215e+03,  7.33804819e-01, -1.42673639e+03, -1.74816207e+00]), 'n_active': 4, 'beta1_train': -810.5728107138701, 'beta0_train': -1041.5607918422509, 'beta1_val': 1405.6012163474634, 'beta0_val': -1015.731636818215, 'selected_score': -1041.5607918422509, 'evaluations': 185, 'seconds': 0.12922519999847282, 'method': 'differential_evolution_v2', 'accepted_search': True, 'solver_message': 'Maximum number of iterations has been exceeded.'}]",42,"[{'update_slot': 78, 'hour': 13, 'info': 'both', 'lp_status': 'optimal', 'lp_message': '', 'fallback': False}]",1956.8229997644603,2705.600834834791,0.21192680000967812,0.3507714000006672
"[{'theta': array([-6171.58400064]), 'n_active': 1, 'beta1_train': -4223.203597401932, 'beta0_train': -4330.073808550949, 'beta1_val': -4240.900791316808, 'beta0_val': -4275.048150113104, 'selected_score': -4330.073808550949, 'evaluations': 25, 'seconds': 0.031783400001586415, 'method': 'differential_evolution_v2', 'accepted_search': True, 'solver_message': 'Optimization terminated successfully.'}, {'theta': array([-4.06239612e+03, -6.35632446e-01]), 'n_active': 2, 'beta1_train': 606.1506587305595, 'beta0_train': -2701.3922256648048, 'beta1_val': -129.2553084471997, 'beta0_val': -2809.046508130603, 'selected_score': -2701.3922256648048, 'evaluations': 45, 'seconds': 0.03239190000749659, 'method': 'differential_evolution_v2', 'accepted_search': True, 'solver_message': 'Optimization terminated successfully.'}, {'theta': array([-7.26735307e+02, -3.62889589e-01, -4.35783891e+03, -1.32163948e+00]), 'n_active': 4, 'beta1_train': -409.7228154882158, 'beta0_train': -754.1092675554991, 'beta1_val': 630.1795089472023, 'beta0_val': -781.7861529140182, 'selected_score': -754.1092675554991, 'evaluations': 105, 'seconds': 0.08233199999085627, 'method': 'differential_evolution_v2', 'accepted_search': True, 'solver_message': 'Optimization terminated successfully.'}]",42,"[{'update_slot': 78, 'hour': 13, 'info': 'both', 'lp_status': 'optimal', 'lp_message': '', 'fallback': False}]",2705.600834834791,2038.255201802882,0.14650729999993928,0.2798469999979716
"[{'theta': array([-2267.6406634]), 'n_active': 1, 'beta1_train': -4068.364109275193, 'beta0_train': -4084.8246740070767, 'beta1_val': -4086.0000000000005, 'beta0_val': -4086.0000000000005, 'selected_score': -4084.8246740070767, 'evaluations': 20, 'seconds': 0.028178399996249937, 'method': 'differential_evolution_v2', 'accepted_search': True, 'solver_message': 'Optimization terminated successfully.'}, {'theta': array([-6.86451848e+03,  8.98809902e-01]), 'n_active': 2, 'beta1_train': 812.6462735806027, 'beta0_train': -2623.592486001445, 'beta1_val': -16.937601796889794, 'beta0_val': -3054.9501751538737, 'selected_score': -2623.592486001445, 'evaluations': 35, 'seconds': 0.02866630000062287, 'method': 'differential_evolution_v2', 'accepted_search': True, 'solver_message': 'Optimization terminated successfully.'}, {'theta': array([-7.74667040e+03,  1.26791698e+00, -3.21823992e+02,  1.69199669e+00]), 'n_active': 4, 'beta1_train': -490.3098334192052, 'beta0_train': -703.8331930688255, 'beta1_val': -596.2748645330402, 'beta0_val': -746.6262932696039, 'selected_score': -703.8331930688255, 'evaluations': 185, 'seconds': 0.12526559999969322, 'method': 'differential_evolution_v2', 'accepted_search': True, 'solver_message': 'Maximum number of iterations has been exceeded.'}]",42,"[{'update_slot': 78, 'hour': 13, 'info': 'both', 'lp_status': 'optimal', 'lp_message': '', 'fallback': False}]",2038.255201802882,1741.6250857781813,0.18211029999656603,0.3213067999895429
"[{'theta': array([-7980.33993264]), 'n_active': 1, 'beta1_train': -1505.4244952948216, 'beta0_train': -1522.4015939918702, 'beta1_val': -1522.8000000000002, 'beta0_val': -1522.8000000000002, 'selected_score': -1522.4015939918702, 'evaluations': 15, 'seconds': 0.022841300000436604, 'method': 'differential_evolution_v2', 'accepted_search': True, 'solver_message': 'Optimization terminated successfully.'}, {'theta': array([-4.72219861e+03,  1.70107283e+00]), 'n_active': 2, 'beta1_train': 2336.4418210059594, 'beta0_train': -946.9400648754697, 'beta1_val': 2356.2442318277544, 'beta0_val': -1061.9211260683471, 'selected_score': -946.9400648754697, 'evaluations': 95, 'seconds': 0.05988390000129584, 'method': 'differential_evolution_v2', 'accepted_search': True, 'solver_message': 'Maximum number of iterations has been exceeded.'}, {'theta': array([-1.32807618e+03,  1.31063358e+00, -3.93281393e+03, -1.42024086e+00]), 'n_active': 4, 'beta1_train': 64.28192425588112, 'beta0_train': -255.670554771918, 'beta1_val': 259.82749706450045, 'beta0_val': -235.77596017857024, 'selected_score': -255.670554771918, 'evaluations': 185, 'seconds': 0.127551500001573, 'method': 'differential_evolution_v2', 'accepted_search': True, 'solver_message': 'Maximum number of iterations has been exceeded.'}]",42,"[{'update_slot': 78, 'hour': 13, 'info': 'both', 'lp_status': 'optimal', 'lp_message': '', 'fallback': False}]",1741.6250857781813,1783.1792339156411,0.21027670000330545,0.34687819999817293
"[{'theta': array([-2523.36554448]), 'n_active': 1, 'beta1_train': -455.56389796331337, 'beta0_train': -459.3196832581596, 'beta1_val': -427.1641972823905, 'beta0_val': -427.1641972823905, 'selected_score': -459.3196832581596, 'evaluations': 20, 'seconds': 0.026054400004795752, 'method': 'differential_evolution_v2', 'accepted_search': True, 'solver_message': 'Optimization terminated successfully.'}, {'theta': array([-4.53551465e+03, -1.45765074e+00]), 'n_active': 2, 'beta1_train': 379.6663397318761, 'beta0_train': -1095.6000000000001, 'beta1_val': 235.0104490952117, 'beta0_val': -1095.6000000000001, 'selected_score': -1095.6000000000001, 'evaluations': 55, 'seconds': 0.040682699996978045, 'method': 'differential_evolution_v2', 'accepted_search': True, 'solver_message': 'Optimization terminated successfully.'}, {'theta': array([-5.27014821e+03,  1.50116198e+00, -3.45647833e+03, -5.79106519e-02]), 'n_active': 4, 'beta1_train': 20.043085948560783, 'beta0_train': -186.50252631396262, 'beta1_val': -177.8820184787852, 'beta0_val': -185.86903314029078, 'selected_score': -186.50252631396262, 'evaluations': 185, 'seconds': 0.12554660000023432, 'method': 'differential_evolution_v2', 'accepted_search': True, 'solver_message': 'Maximum number of iterations has been exceeded.'}]",42,"[{'update_slot': 78, 'hour': 13, 'info': 'both', 'lp_status': 'optimal', 'lp_message': '', 'fallback': False}]",1783.1792339156411,1813.5930836877073,0.19228370000200812,0.32765579999249894
"[{'theta': array([-2659.71155132]), 'n_active': 1, 'beta1_train': -1611.0332088896857, 'beta0_train': -1613.2219983381028, 'beta1_val': -1537.817786252723, 'beta0_val': -1537.817786252723, 'selected_score': -1613.2219983381028, 'evaluations': 25, 'seconds': 0.03202850000525359, 'method': 'differential_evolution_v2', 'accepted_search': True, 'solver_message': 'Optimization terminated successfully.'}, {'theta': array([-2.74761377e+03,  5.17404517e-03]), 'n_active': 2, 'beta1_train': -2857.074525821299, 'beta0_train': -4165.200000000001, 'beta1_val': -2782.6187045725155, 'beta0_val': -4165.2, 'selected_score': -4165.200000000001, 'evaluations': 95, 'seconds': 0.057810799989965744, 'method': 'differential_evolution_v2', 'accepted_search': True, 'solver_message': 'Maximum number of iterations has been exceeded.'}, {'theta': array([-2.50206428e+02, -2.82699840e-01, -7.86656233e+03,  9.67872786e-01]), 'n_active': 4, 'beta1_train': -4032.215964552643, 'beta0_train': -4117.9106844418375, 'beta1_val': -4114.352702452828, 'beta0_val': -4114.352702452828, 'selected_score': -4117.9106844418375, 'evaluations': 185, 'seconds': 0.13932930000009947, 'method': 'differential_evolution_v2', 'accepted_search': True, 'solver_message': 'Maximum number of iterations has been exceeded.'}]",42,"[{'update_slot': 78, 'hour': 13, 'info': 'both', 'lp_status': 'optimal', 'lp_message': '', 'fallback': False}]",1813.5930836877073,10561.291743698426,0.2291685999953188,0.36626650000107475
"[{'theta': array([-5186.02870864]), 'n_active': 1, 'beta1_train': -3132.1909532525738, 'beta0_train': -4156.066897056219, 'beta1_val': -3187.1398178077197, 'beta0_val': -4157.881374697324, 'selected_score': -4156.066897056219, 'evaluations': 20, 'seconds': 0.027106299996376038, 'method': 'differential_evolution_v2', 'accepted_search': True, 'solver_message': 'Optimization terminated successfully.'}, {'theta': array([-3.84468105e+03, -5.08936821e-01]), 'n_active': 2, 'beta1_train': 992.5717848227418, 'beta0_train': -2483.479944678602, 'beta1_val': 958.8995265601247, 'beta0_val': -2418.8962401884737, 'selected_score': -2483.479944678602, 'evaluations': 45, 'seconds': 0.033842899996670894, 'method': 'differential_evolution_v2', 'accepted_search': True, 'solver_message': 'Optimization terminated successfully.'}, {'theta': array([-8.01605585e+03, -2.04081397e-01, -3.89838102e+03, -1.29356470e+00]), 'n_active': 4, 'beta1_train': -202.31279451253178, 'beta0_train': -762.6453806526517, 'beta1_val': 2624.3741393778646, 'beta0_val': 1941.7842599960136, 'selected_score': -762.6453806526517, 'evaluations': 125, 'seconds': 0.09357070000260137, 'method': 'differential_evolution_v2', 'accepted_search': True, 'solver_message': 'Optimization terminated successfully.'}]",42,"[{'update_slot': 78, 'hour': 13, 'info': 'both', 'lp_status': 'optimal', 'lp_message': '', 'fallback': False}]",10561.291743698426,2015.9657140456718,0.1545198999956483,0.2923843000025954
"[{'theta': array([-4859.27379744]), 'n_active': 1, 'beta1_train': -3938.145782410744, 'beta0_train': -3964.5776028041473, 'beta1_val': -3946.871208185185, 'beta0_val': -3957.863343185185, 'selected_score': -3964.5776028041473, 'evaluations': 20, 'seconds': 0.028178499997011386, 'method': 'differential_evolution_v2', 'accepted_search': True, 'solver_message': 'Optimization terminated successfully.'}, {'theta': array([-4.33142519e+03,  6.72557810e-01]), 'n_active': 2, 'beta1_train': -322.32002604898724, 'beta0_train': -3559.935465015016, 'beta1_val': -1091.035838710406, 'beta0_val': -3749.2305538747905, 'selected_score': -3559.935465015016, 'evaluations': 95, 'seconds': 0.06106569999246858, 'method': 'differential_evolution_v2', 'accepted_search': True, 'solver_message': 'Maximum number of iterations has been exceeded.'}, {'theta': array([-4.70382522e+02,  7.96119768e-02, -9.23022231e+03,  1.18930861e+00]), 'n_active': 4, 'beta1_train': -513.8084382903859, 'beta0_train': -933.4848427766682, 'beta1_val': -994.1241839964079, 'beta0_val': -994.1241839964079, 'selected_score': -945.9489306039673, 'evaluations': 185, 'seconds': 0.1301582000014605, 'method': 'differential_evolution_v2', 'accepted_search': True, 'solver_message': 'Maximum number of iterations has been exceeded.'}]",42,"[{'update_slot': 78, 'hour': 13, 'info': 'both', 'lp_status': 'optimal', 'lp_message': '', 'fallback': False}]",2015.9657140456718,2375.2106343594455,0.21940239999094047,0.35849009999947157
"[{'theta': array([-5183.10559471]), 'n_active': 1, 'beta1_train': -4291.141043768069, 'beta0_train': -4377.573986734894, 'beta1_val': -4267.871823661484, 'beta0_val': -4313.634128019299, 'selected_score': -4377.573986734894, 'evaluations': 20, 'seconds': 0.02831579999474343, 'method': 'differential_evolution_v2', 'accepted_search': True, 'solver_message': 'Optimization terminated successfully.'}, {'theta': array([-7.05074254e+03, -1.37267704e+00]), 'n_active': 2, 'beta1_train': 801.9233892768658, 'beta0_train': -2559.8703804286, 'beta1_val': 1887.0518385180253, 'beta0_val': -2315.1854896310747, 'selected_score': -2559.8703804286, 'evaluations': 95, 'seconds': 0.060803000000305474, 'method': 'differential_evolution_v2', 'accepted_search': True, 'solver_message': 'Maximum number of iterations has been exceeded.'}, {'theta': array([-3.16862112e+02,  2.04306018e-01, -4.03047697e+03,  1.33972730e+00]), 'n_active': 4, 'beta1_train': -691.9581642682142, 'beta0_train': -1040.39660531392, 'beta1_val': -931.8581915958785, 'beta0_val': -1002.957739822277, 'selected_score': -1046.3735028008173, 'evaluations': 185, 'seconds': 0.13520859999698587, 'method': 'differential_evolution_v2', 'accepted_search': True, 'solver_message': 'Maximum number of iterations has been exceeded.'}]",42,"[{'update_slot': 78, 'hour': 13, 'info': 'both', 'lp_status': 'optimal', 'lp_message': '', 'fallback': False}]",2375.2106343594455,2313.8136311978055,0.22432739999203477,0.36749809999309946
"[{'theta': array([-8002.61565682]), 'n_active': 1, 'beta1_train': -4251.632136854155, 'beta0_train': -4341.1306788477605, 'beta1_val': -4402.8, 'beta0_val': -4402.8, 'selected_score': -4341.1306788477605, 'evaluations': 20, 'seconds': 0.028990300008445047, 'method': 'differential_evolution_v2', 'accepted_search': True, 'solver_message': 'Optimization terminated successfully.'}, {'theta': array([-6.20134100e+03, -8.61427155e-01]), 'n_active': 2, 'beta1_train': 795.0399138218594, 'beta0_train': -2610.2989701249676, 'beta1_val': 1065.5632058685387, 'beta0_val': -2704.8105328041024, 'selected_score': -2610.2989701249676, 'evaluations': 55, 'seconds': 0.04125210001075175, 'method': 'differential_evolution_v2', 'accepted_search': True, 'solver_message': 'Optimization terminated successfully.'}, {'theta': array([-2.27583025e+03, -1.28383195e+00, -8.61487095e+03,  1.18047672e+00]), 'n_active': 4, 'beta1_train': -827.200889360544, 'beta0_train': -1063.8529870311845, 'beta1_val': -568.3418403980106, 'beta0_val': -969.1996323330903, 'selected_score': -1063.8529870311845, 'evaluations': 185, 'seconds': 0.1351286999997683, 'method': 'differential_evolution_v2', 'accepted_search': True, 'solver_message': 'Maximum number of iterations has been exceeded.'}]",42,"[{'update_slot': 78, 'hour': 13, 'info': 'both', 'lp_status': 'optimal', 'lp_message': '', 'fallback': False}]",2313.8136311978055,2479.1676376313203,0.20537110001896508,0.35718189999170136
"[{'theta': array([-432.27054699]), 'n_active': 1, 'beta1_train': -1055.8315940109849, 'beta0_train': -1085.6649773660042, 'beta1_val': -1086.0, 'beta0_val': -1086.0, 'selected_score': -1085.6649773660042, 'evaluations': 20, 'seconds': 0.029800699994666502, 'method': 'differential_evolution_v2', 'accepted_search': True, 'solver_message': 'Optimization terminated successfully.'}, {'theta': array([-8.0196260e+03,  1.3594096e-01]), 'n_active': 2, 'beta1_train': 2790.4248615660254, 'beta0_train': -705.4171766600066, 'beta1_val': 2546.231254834548, 'beta0_val': -688.3474804335032, 'selected_score': -705.4171766600066, 'evaluations': 45, 'seconds': 0.036936200005584396, 'method': 'differential_evolution_v2', 'accepted_search': True, 'solver_message': 'Optimization terminated successfully.'}, {'theta': array([-7.83180193e+03, -1.61785911e+00, -2.52002500e+03,  5.06054558e-01]), 'n_active': 4, 'beta1_train': 97.65401102129088, 'beta0_train': -186.90391905073312, 'beta1_val': 100.05774560768705, 'beta0_val': -174.73468606939804, 'selected_score': -186.90391905073312, 'evaluations': 185, 'seconds': 0.1438376000005519, 'method': 'differential_evolution_v2', 'accepted_search': True, 'solver_message': 'Maximum number of iterations has been exceeded.'}]",42,"[{'update_slot': 78, 'hour': 13, 'info': 'both', 'lp_status': 'optimal', 'lp_message': '', 'fallback': False}]",2479.1676376313203,1902.5750462003555,0.2105745000008028,0.3538189999962924
"[{'theta': array([-8625.58028105]), 'n_active': 1, 'beta1_train': -607.6865859205261, 'beta0_train': -611.3786500665343, 'beta1_val': -595.9714323927084, 'beta0_val': -595.9714323927084, 'selected_score': -611.3786500665343, 'evaluations': 20, 'seconds': 0.028819300001487136, 'method': 'differential_evolution_v2', 'accepted_search': True, 'solver_message': 'Optimization terminated successfully.'}, {'theta': array([-8.83615059e+02, -3.50017338e-01]), 'n_active': 2, 'beta1_train': -573.743148089204, 'beta0_train': -1778.3999999999999, 'beta1_val': -186.3225084289336, 'beta0_val': -1778.3999999999999, 'selected_score': -1778.3999999999999, 'evaluations': 95, 'seconds': 0.06415950000518933, 'method': 'differential_evolution_v2', 'accepted_search': True, 'solver_message': 'Maximum number of iterations has been exceeded.'}, {'theta': array([-8.62941527e+02,  6.62414431e-01, -2.79451772e+03,  4.92899978e-01]), 'n_active': 4, 'beta1_train': -160.6765742748265, 'beta0_train': -312.9296029435261, 'beta1_val': 21.305759141592944, 'beta0_val': -314.44977809733183, 'selected_score': -312.9296029435261, 'evaluations': 185, 'seconds': 0.13564249999762978, 'method': 'differential_evolution_v2', 'accepted_search': True, 'solver_message': 'Maximum number of iterations has been exceeded.'}]",42,"[{'update_slot': 78, 'hour': 13, 'info': 'both', 'lp_status': 'optimal', 'lp_message': '', 'fallback': False}]",1902.5750462003555,1534.515942736415,0.22862130000430625,0.4370864999946207
"[{'theta': array([-345.2167165]), 'n_active': 1, 'beta1_train': -1534.0844283102906, 'beta0_train': -1538.8914359124583, 'beta1_val': -1407.3382840238496, 'beta0_val': -1407.3382840238496, 'selected_score': -1538.8914359124583, 'evaluations': 25, 'seconds': 0.030516799990436994, 'method': 'differential_evolution_v2', 'accepted_search': True, 'solver_message': 'Optimization terminated successfully.'}, {'theta': array([-4.46678991e+03,  1.36990734e+00]), 'n_active': 2, 'beta1_train': -3070.5792454072307, 'beta0_train': -4294.799999999999, 'beta1_val': -2525.0294890331024, 'beta0_val': -4294.8, 'selected_score': -4294.799999999999, 'evaluations': 95, 'seconds': 0.06242859999474604, 'method': 'differential_evolution_v2', 'accepted_search': True, 'solver_message': 'Maximum number of iterations has been exceeded.'}, {'theta': array([-6.51661157e+03, -4.90821892e-01, -6.30317487e+03, -9.92202338e-02]), 'n_active': 4, 'beta1_train': -3577.3163919230597, 'beta0_train': -3686.641718975316, 'beta1_val': -3036.7926422894116, 'beta0_val': -3660.7901186627464, 'selected_score': -3686.641718975316, 'evaluations': 185, 'seconds': 0.1353266999940388, 'method': 'differential_evolution_v2', 'accepted_search': True, 'solver_message': 'Maximum number of iterations has been exceeded.'}]",42,"[{'update_slot': 78, 'hour': 13, 'info': 'both', 'lp_status': 'optimal', 'lp_message': '', 'fallback': False}]",1534.515942736415,9457.414774174918,0.22827209997922182,0.36737979999452364
"[{'theta': array([-2334.84048275]), 'n_active': 1, 'beta1_train': -4237.308113295289, 'beta0_train': -4318.146010706332, 'beta1_val': -4295.31962504419, 'beta0_val': -4306.435580400217, 'selected_score': -4318.146010706332, 'evaluations': 25, 'seconds': 0.03379420000419486, 'method': 'differential_evolution_v2', 'accepted_search': True, 'solver_message': 'Optimization terminated successfully.'}, {'theta': array([-3.56970448e+03,  1.20138149e+00]), 'n_active': 2, 'beta1_train': 311.6673831759592, 'beta0_train': -2841.3243562247294, 'beta1_val': -392.0212887399275, 'beta0_val': -2998.609182865602, 'selected_score': -2841.3243562247294, 'evaluations': 55, 'seconds': 0.0409879000071669, 'method': 'differential_evolution_v2', 'accepted_search': True, 'solver_message': 'Optimization terminated successfully.'}, {'theta': array([-8.66865712e+02,  3.96073997e-01, -2.25683938e+02, -1.64495084e-01]), 'n_active': 4, 'beta1_train': -524.0351548713408, 'beta0_train': -752.9419371998389, 'beta1_val': -449.14512022204457, 'beta0_val': -848.9398889205977, 'selected_score': -753.5157508111582, 'evaluations': 185, 'seconds': 0.1339429000072414, 'method': 'differential_evolution_v2', 'accepted_search': True, 'solver_message': 'Maximum number of iterations has been exceeded.'}]",42,"[{'update_slot': 78, 'hour': 13, 'info': 'both', 'lp_status': 'optimal', 'lp_message': '', 'fallback': False}]",9457.414774174918,1970.1345324348367,0.20872500001860317,0.3527767999912612
"[{'theta': array([-6553.98120593]), 'n_active': 1, 'beta1_train': -3875.8469962902777, 'beta0_train': -3893.9264146486003, 'beta1_val': -3895.2, 'beta0_val': -3895.2, 'selected_score': -3893.9264146486003, 'evaluations': 50, 'seconds': 0.05330480000702664, 'method': 'differential_evolution_v2', 'accepted_search': True, 'solver_message': 'Maximum number of iterations has been exceeded.'}, {'theta': array([-1.89176807e+03,  2.03611373e-01]), 'n_active': 2, 'beta1_train': 466.7818298163291, 'beta0_train': -2641.951610349803, 'beta1_val': 449.88041778193474, 'beta0_val': -2513.342465639931, 'selected_score': -2641.951610349803, 'evaluations': 55, 'seconds': 0.03921670001000166, 'method': 'differential_evolution_v2', 'accepted_search': True, 'solver_message': 'Optimization terminated successfully.'}, {'theta': array([-1.51881017e+03, -1.63183190e+00, -1.21727811e+03,  3.03320098e-02]), 'n_active': 4, 'beta1_train': -454.68429108116294, 'beta0_train': -648.7336544718555, 'beta1_val': -454.77742963314483, 'beta0_val': -690.6751874692251, 'selected_score': -648.7336544718555, 'evaluations': 185, 'seconds': 0.13074420001066756, 'method': 'differential_evolution_v2', 'accepted_search': True, 'solver_message': 'Maximum number of iterations has been exceeded.'}]",42,"[{'update_slot': 78, 'hour': 13, 'info': 'both', 'lp_status': 'optimal', 'lp_message': '', 'fallback': False}]",1970.1345324348367,1765.0717157407403,0.22326570002769586,0.36174180000671186
"[{'theta': array([-912.06034018]), 'n_active': 1, 'beta1_train': -3996.9387136602572, 'beta0_train': -4001.0268583423863, 'beta1_val': -3909.268755858041, 'beta0_val': -3909.268755858041, 'selected_score': -4001.0268583423863, 'evaluations': 50, 'seconds': 0.05718289999640547, 'method': 'differential_evolution_v2', 'accepted_search': True, 'solver_message': 'Maximum number of iterations has been exceeded.'}, {'theta': array([-8.35192738e+03,  1.88600514e+00]), 'n_active': 2, 'beta1_train': -324.295940999197, 'beta0_train': -3518.1759097716854, 'beta1_val': -207.8104274418215, 'beta0_val': -3340.640416739865, 'selected_score': -3518.1759097716854, 'evaluations': 95, 'seconds': 0.06046299998706672, 'method': 'differential_evolution_v2', 'accepted_search': True, 'solver_message': 'Maximum number of iterations has been exceeded.'}, {'theta': array([0., 0., 0., 0.]), 'n_active': 4, 'beta1_train': -1110.2380511157812, 'beta0_train': -1371.5727186955246, 'beta1_val': 328.9304640095968, 'beta0_val': 1223.6997331357438, 'selected_score': -1110.2380511157812, 'evaluations': 185, 'seconds': 0.12964260000444483, 'method': 'differential_evolution_v2', 'accepted_search': False, 'solver_message': 'Maximum number of iterations has been exceeded.'}]",42,"[{'update_slot': 78, 'hour': 13, 'info': 'both', 'lp_status': 'optimal', 'lp_message': '', 'fallback': False}]",1765.0717157407403,3524.291860522731,0.24728849998791702,0.38677240000106394
"[{'theta': array([-7114.5283467]), 'n_active': 1, 'beta1_train': -3996.470981071232, 'beta0_train': -4008.2933167171536, 'beta1_val': -4009.2000000000003, 'beta0_val': -4009.2000000000003, 'selected_score': -4008.2933167171536, 'evaluations': 50, 'seconds': 0.05339230000390671, 'method': 'differential_evolution_v2', 'accepted_search': True, 'solver_message': 'Maximum number of iterations has been exceeded.'}, {'theta': array([-1.66491966e+03, -1.65338680e+00]), 'n_active': 2, 'beta1_train': 454.3775842601543, 'beta0_train': -2802.4070563735627, 'beta1_val': -390.35284401743775, 'beta0_val': -3052.335562675381, 'selected_score': -2802.4070563735627, 'evaluations': 55, 'seconds': 0.03859100000408944, 'method': 'differential_evolution_v2', 'accepted_search': True, 'solver_message': 'Optimization terminated successfully.'}, {'theta': array([-3.36496496e+02,  1.84226138e+00, -2.93092110e+03, -1.22095959e+00]), 'n_active': 4, 'beta1_train': -303.01057083853067, 'beta0_train': -624.8430390248842, 'beta1_val': -342.3191974548091, 'beta0_val': -746.497440091892, 'selected_score': -634.1207607397142, 'evaluations': 185, 'seconds': 0.12805329999537207, 'method': 'differential_evolution_v2', 'accepted_search': True, 'solver_message': 'Maximum number of iterations has been exceeded.'}]",42,"[{'update_slot': 78, 'hour': 13, 'info': 'both', 'lp_status': 'optimal', 'lp_message': '', 'fallback': False}]",3524.291860522731,1963.003778100702,0.22003660000336822,0.3565424999978859
"[{'theta': array([-394.16092829]), 'n_active': 1, 'beta1_train': -1038.7974017420331, 'beta0_train': -1048.4553572298241, 'beta1_val': -933.2946585504841, 'beta0_val': -1022.5072645797925, 'selected_score': -1048.4553572298241, 'evaluations': 20, 'seconds': 0.027743200000259094, 'method': 'differential_evolution_v2', 'accepted_search': True, 'solver_message': 'Optimization terminated successfully.'}, {'theta': array([-8.52326794e+02,  2.71812579e-01]), 'n_active': 2, 'beta1_train': 2445.835825117456, 'beta0_train': -575.7131974216207, 'beta1_val': 2447.1126436371733, 'beta0_val': 439.53891445546515, 'selected_score': -577.8606938811953, 'evaluations': 95, 'seconds': 0.059703999999328516, 'method': 'differential_evolution_v2', 'accepted_search': True, 'solver_message': 'Maximum number of iterations has been exceeded.'}, {'theta': array([-5.50359720e+03,  5.52134870e-01, -5.17288125e+02, -4.07020688e-01]), 'n_active': 4, 'beta1_train': -64.54478883881029, 'beta0_train': -230.43530196475393, 'beta1_val': -229.4755611922543, 'beta0_val': -229.4755611922543, 'selected_score': -230.43530196475393, 'evaluations': 105, 'seconds': 0.08657499999389984, 'method': 'differential_evolution_v2', 'accepted_search': True, 'solver_message': 'Optimization terminated successfully.'}]",42,"[{'update_slot': 78, 'hour': 13, 'info': 'both', 'lp_status': 'optimal', 'lp_message': '', 'fallback': False}]",1963.003778100702,1952.9898850240959,0.17402219999348745,0.31813609998789616
"[{'theta': array([-8946.26829521]), 'n_active': 1, 'beta1_train': -864.0164357995463, 'beta0_train': -869.4700926864458, 'beta1_val': -844.3730634404344, 'beta0_val': -844.3730634404344, 'selected_score': -869.4700926864458, 'evaluations': 20, 'seconds': 0.028993100000661798, 'method': 'differential_evolution_v2', 'accepted_search': True, 'solver_message': 'Optimization terminated successfully.'}, {'theta': array([-4.86660655e+03,  4.41763665e-01]), 'n_active': 2, 'beta1_train': -1183.196030213375, 'beta0_train': -2567.9999999999995, 'beta1_val': -1312.9976128893074, 'beta0_val': -2567.9999999999995, 'selected_score': -2567.9999999999995, 'evaluations': 55, 'seconds': 0.04539400000066962, 'method': 'differential_evolution_v2', 'accepted_search': True, 'solver_message': 'Optimization terminated successfully.'}, {'theta': array([-8.73029701e+01,  1.50540434e-01, -4.68985446e+02,  7.45659845e-01]), 'n_active': 4, 'beta1_train': -312.16121999860184, 'beta0_train': -447.58810518991027, 'beta1_val': -448.18295716704716, 'beta0_val': -470.34298732900334, 'selected_score': -447.71121686439125, 'evaluations': 185, 'seconds': 0.1372350000019651, 'method': 'differential_evolution_v2', 'accepted_search': True, 'solver_message': 'Maximum number of iterations has been exceeded.'}]",42,"[{'update_slot': 78, 'hour': 13, 'info': 'both', 'lp_status': 'optimal', 'lp_message': '', 'fallback': False}]",1952.9898850240959,2289.482353505961,0.2116221000032965,0.3602363999962108
"[{'theta': array([-4653.9903489]), 'n_active': 1, 'beta1_train': -1377.5685003558604, 'beta0_train': -1386.3707042261453, 'beta1_val': -1336.9727693017246, 'beta0_val': -1336.9727693017246, 'selected_score': -1386.3707042261453, 'evaluations': 15, 'seconds': 0.02601009998761583, 'method': 'differential_evolution_v2', 'accepted_search': True, 'solver_message': 'Optimization terminated successfully.'}, {'theta': array([-9.16889918e+03,  7.07595352e-02]), 'n_active': 2, 'beta1_train': -3051.9161994791557, 'beta0_train': -4189.91714371371, 'beta1_val': -3560.241585332178, 'beta0_val': -4191.599999999999, 'selected_score': -4189.91714371371, 'evaluations': 45, 'seconds': 0.03647130000172183, 'method': 'differential_evolution_v2', 'accepted_search': True, 'solver_message': 'Optimization terminated successfully.'}, {'theta': array([-1.21735567e+03, -1.75152446e+00, -6.57555284e+03, -5.02722698e-01]), 'n_active': 4, 'beta1_train': -2320.3727943655563, 'beta0_train': -2465.9394991624213, 'beta1_val': -2508.1001580593775, 'beta0_val': -2535.682616454642, 'selected_score': -2465.9394991624213, 'evaluations': 185, 'seconds': 0.13314240000909194, 'method': 'differential_evolution_v2', 'accepted_search': True, 'solver_message': 'Maximum number of iterations has been exceeded.'}]",42,"[{'update_slot': 78, 'hour': 13, 'info': 'both', 'lp_status': 'optimal', 'lp_message': '', 'fallback': False}]",2289.482353505961,6419.811427851255,0.1956237999984296,0.3366664000059245
"[{'theta': array([-2596.1476511]), 'n_active': 1, 'beta1_train': -2600.8606791688308, 'beta0_train': -3762.964506440673, 'beta1_val': -2444.929522121377, 'beta0_val': -3744.9871298203607, 'selected_score': -3762.964506440673, 'evaluations': 20, 'seconds': 0.02865110000129789, 'method': 'differential_evolution_v2', 'accepted_search': True, 'solver_message': 'Optimization terminated successfully.'}, {'theta': array([-3.18423458e+03, -3.92512555e-01]), 'n_active': 2, 'beta1_train': 478.82921723664964, 'beta0_train': -2557.4582979923107, 'beta1_val': -44.792319881473304, 'beta0_val': -2895.388971663733, 'selected_score': -2557.4582979923107, 'evaluations': 55, 'seconds': 0.039503899999544956, 'method': 'differential_evolution_v2', 'accepted_search': True, 'solver_message': 'Optimization terminated successfully.'}, {'theta': array([-2.44811453e+03, -1.57599001e+00, -7.42273503e+03,  4.65669430e-01]), 'n_active': 4, 'beta1_train': -557.8622056429377, 'beta0_train': -699.1460121410798, 'beta1_val': -720.2251304459068, 'beta0_val': -720.2251304459068, 'selected_score': -699.1460121410798, 'evaluations': 185, 'seconds': 0.13831449999997858, 'method': 'differential_evolution_v2', 'accepted_search': True, 'solver_message': 'Maximum number of iterations has been exceeded.'}]",42,"[{'update_slot': 78, 'hour': 13, 'info': 'both', 'lp_status': 'optimal', 'lp_message': '', 'fallback': False}]",6419.811427851255,2098.804057136603,0.20646950000082143,0.3471089000086067
"[{'theta': array([-2700.51606345]), 'n_active': 1, 'beta1_train': -3905.0396331995853, 'beta0_train': -3929.1038595114424, 'beta1_val': -3923.4232158666664, 'beta0_val': -3930.0, 'selected_score': -3929.1038595114424, 'evaluations': 50, 'seconds': 0.05495890000020154, 'method': 'differential_evolution_v2', 'accepted_search': True, 'solver_message': 'Maximum number of iterations has been exceeded.'}, {'theta': array([-3.42356944e+03,  2.07245216e-01]), 'n_active': 2, 'beta1_train': -582.2293434197913, 'beta0_train': -3561.2789488181083, 'beta1_val': -206.21191304342346, 'beta0_val': -3484.477727521621, 'selected_score': -3561.2789488181083, 'evaluations': 95, 'seconds': 0.0608156000089366, 'method': 'differential_evolution_v2', 'accepted_search': True, 'solver_message': 'Maximum number of iterations has been exceeded.'}, {'theta': array([-4.22395850e+03, -7.77792742e-01, -8.29622405e+03, -9.25239159e-01]), 'n_active': 4, 'beta1_train': -489.31965813759365, 'beta0_train': -671.5549951836292, 'beta1_val': -739.1544214945221, 'beta0_val': -739.1544214945242, 'selected_score': -671.5549951836292, 'evaluations': 105, 'seconds': 0.08890649999375455, 'method': 'differential_evolution_v2', 'accepted_search': True, 'solver_message': 'Optimization terminated successfully.'}]",42,"[{'update_slot': 78, 'hour': 13, 'info': 'both', 'lp_status': 'optimal', 'lp_message': '', 'fallback': False}]",2098.804057136603,1660.6565981967606,0.2046810000028927,0.34453669999493286
"[{'theta': array([-4149.28012725]), 'n_active': 1, 'beta1_train': -4219.225168577841, 'beta0_train': -4225.558124014311, 'beta1_val': -4161.673001538086, 'beta0_val': -4161.673001538086, 'selected_score': -4225.558124014311, 'evaluations': 25, 'seconds': 0.03172970000014175, 'method': 'differential_evolution_v2', 'accepted_search': True, 'solver_message': 'Optimization terminated successfully.'}, {'theta': array([-6.11659240e+03,  1.36218246e+00]), 'n_active': 2, 'beta1_train': -215.94476050309504, 'beta0_train': -3038.6480393260335, 'beta1_val': 1884.8595137583302, 'beta0_val': -2346.2242076190173, 'selected_score': -3038.6480393260335, 'evaluations': 95, 'seconds': 0.060391699997126125, 'method': 'differential_evolution_v2', 'accepted_search': True, 'solver_message': 'Maximum number of iterations has been exceeded.'}, {'theta': array([-2.96396387e+02,  6.24848540e-01, -5.32128133e+03, -4.17904818e-01]), 'n_active': 4, 'beta1_train': -1039.2262095733568, 'beta0_train': -1341.9602961915505, 'beta1_val': -997.8817896728763, 'beta0_val': -1341.1551137947001, 'selected_score': -1346.574848626136, 'evaluations': 185, 'seconds': 0.13335600000573322, 'method': 'differential_evolution_v2', 'accepted_search': True, 'solver_message': 'Maximum number of iterations has been exceeded.'}]",42,"[{'update_slot': 78, 'hour': 13, 'info': 'both', 'lp_status': 'optimal', 'lp_message': '', 'fallback': False}]",1660.6565981967606,3377.862406608153,0.2254774000030011,0.36596030001237523
"[{'theta': array([-5120.01229858]), 'n_active': 1, 'beta1_train': -3758.24246276117, 'beta0_train': -3761.5321690590026, 'beta1_val': -3688.8659486674005, 'beta0_val': -3702.6114136325236, 'selected_score': -3761.5321690590026, 'evaluations': 15, 'seconds': 0.02384140000503976, 'method': 'differential_evolution_v2', 'accepted_search': True, 'solver_message': 'Optimization terminated successfully.'}, {'theta': array([-9.01686416e+03, -1.12674550e+00]), 'n_active': 2, 'beta1_train': 11.500446475764974, 'beta0_train': -2692.301502188483, 'beta1_val': -461.0038082598644, 'beta0_val': -2788.330597604281, 'selected_score': -2692.301502188483, 'evaluations': 35, 'seconds': 0.029672800010303035, 'method': 'differential_evolution_v2', 'accepted_search': True, 'solver_message': 'Optimization terminated successfully.'}, {'theta': array([-4.61549158e+02,  1.32853870e+00, -4.10764917e+03,  9.77135146e-01]), 'n_active': 4, 'beta1_train': -325.23256828850845, 'beta0_train': -623.838903147119, 'beta1_val': 233.77838927451967, 'beta0_val': -691.1820228606337, 'selected_score': -626.8227072128163, 'evaluations': 185, 'seconds': 0.13108099999953993, 'method': 'differential_evolution_v2', 'accepted_search': True, 'solver_message': 'Maximum number of iterations has been exceeded.'}]",42,"[{'update_slot': 78, 'hour': 13, 'info': 'both', 'lp_status': 'optimal', 'lp_message': '', 'fallback': False}]",3377.862406608153,2149.2551298838825,0.18459520001488272,0.3246388000115985
"[{'theta': array([-1326.57132708]), 'n_active': 1, 'beta1_train': -2166.198063250449, 'beta0_train': -2166.619878293872, 'beta1_val': -2164.3119226990566, 'beta0_val': -2164.3119226990566, 'selected_score': -2166.619878293872, 'evaluations': 20, 'seconds': 0.029431899994960986, 'method': 'differential_evolution_v2', 'accepted_search': True, 'solver_message': 'Optimization terminated successfully.'}, {'theta': array([-7.70833131e+03,  2.94606967e-01]), 'n_active': 2, 'beta1_train': 1101.4108578825987, 'beta0_train': -1848.8822035030362, 'beta1_val': 1024.572437559068, 'beta0_val': -1973.148912927485, 'selected_score': -1848.8822035030362, 'evaluations': 95, 'seconds': 0.06153519998770207, 'method': 'differential_evolution_v2', 'accepted_search': True, 'solver_message': 'Maximum number of iterations has been exceeded.'}, {'theta': array([-3.06656767e+02,  4.77393290e-01, -7.49146809e+03,  1.45210285e+00]), 'n_active': 4, 'beta1_train': -83.05873001742411, 'beta0_train': -347.3439244873669, 'beta1_val': -292.64679456190686, 'beta0_val': -450.1400458679766, 'selected_score': -347.83300083700436, 'evaluations': 185, 'seconds': 0.1324250000034226, 'method': 'differential_evolution_v2', 'accepted_search': True, 'solver_message': 'Maximum number of iterations has been exceeded.'}]",42,"[{'update_slot': 78, 'hour': 13, 'info': 'both', 'lp_status': 'optimal', 'lp_message': '', 'fallback': False}]",2149.2551298838825,1878.1962860407689,0.22339209998608567,0.3647891000000527
"[{'theta': array([-7302.73389935]), 'n_active': 1, 'beta1_train': -362.0929730311577, 'beta0_train': -364.0925889764706, 'beta1_val': -360.8791033805735, 'beta0_val': -360.8791033805735, 'selected_score': -364.0925889764706, 'evaluations': 20, 'seconds': 0.027606300005572848, 'method': 'differential_evolution_v2', 'accepted_search': True, 'solver_message': 'Optimization terminated successfully.'}, {'theta': array([-5.83709871e+03,  1.11283098e+00]), 'n_active': 2, 'beta1_train': -541.1275137372611, 'beta0_train': -1335.6, 'beta1_val': -216.8020049471072, 'beta0_val': -1335.6, 'selected_score': -1335.6, 'evaluations': 65, 'seconds': 0.043539000005694106, 'method': 'differential_evolution_v2', 'accepted_search': True, 'solver_message': 'Optimization terminated successfully.'}, {'theta': array([-4.10230686e+03,  5.87541880e-01, -2.36880224e+03,  7.37649896e-02]), 'n_active': 4, 'beta1_train': -115.06074464260524, 'beta0_train': -225.29548490135178, 'beta1_val': -165.59034134371615, 'beta0_val': -217.49012176189697, 'selected_score': -225.29548490135178, 'evaluations': 185, 'seconds': 0.13455119999707676, 'method': 'differential_evolution_v2', 'accepted_search': True, 'solver_message': 'Maximum number of iterations has been exceeded.'}]",42,"[{'update_slot': 78, 'hour': 13, 'info': 'both', 'lp_status': 'optimal', 'lp_message': '', 'fallback': False}]",1878.1962860407689,1445.3781030040493,0.20569650000834372,0.34648760000709444
"[{'theta': array([-2114.62438077]), 'n_active': 1, 'beta1_train': -1220.2629049742873, 'beta0_train': -1222.572086701025, 'beta1_val': -1316.3169930005947, 'beta0_val': -1316.3169930005947, 'selected_score': -1222.572086701025, 'evaluations': 15, 'seconds': 0.0239140000048792, 'method': 'differential_evolution_v2', 'accepted_search': True, 'solver_message': 'Optimization terminated successfully.'}, {'theta': array([-4.95754126e+03, -2.35925538e-01]), 'n_active': 2, 'beta1_train': -3515.4720367101554, 'beta0_train': -4341.6, 'beta1_val': -3246.372758439064, 'beta0_val': -4341.6, 'selected_score': -4341.6, 'evaluations': 55, 'seconds': 0.039754700002959, 'method': 'differential_evolution_v2', 'accepted_search': True, 'solver_message': 'Optimization terminated successfully.'}, {'theta': array([-7.85709651e+03,  1.79523768e-01, -3.72204250e+02,  1.10969241e+00]), 'n_active': 4, 'beta1_train': -3979.6688158119937, 'beta0_train': -4046.5128428507896, 'beta1_val': -3952.0748665581905, 'beta0_val': -3952.0748665581905, 'selected_score': -4046.5128428507896, 'evaluations': 165, 'seconds': 0.12115079999784939, 'method': 'differential_evolution_v2', 'accepted_search': True, 'solver_message': 'Optimization terminated successfully.'}]",42,"[{'update_slot': 78, 'hour': 13, 'info': 'both', 'lp_status': 'optimal', 'lp_message': '', 'fallback': False}]",1445.3781030040493,9797.445999456635,0.1848195000056876,0.3232964000053471
"[{'theta': array([-4841.22483309]), 'n_active': 1, 'beta1_train': -3229.225461534109, 'beta0_train': -3232.870642511292, 'beta1_val': -3210.8969228518517, 'beta0_val': -3210.8969228518517, 'selected_score': -3232.870642511292, 'evaluations': 15, 'seconds': 0.02374479999707546, 'method': 'differential_evolution_v2', 'accepted_search': True, 'solver_message': 'Optimization terminated successfully.'}, {'theta': array([-3.79930097e+03, -1.26168729e+00]), 'n_active': 2, 'beta1_train': 763.6895302082954, 'beta0_train': -2119.48015421811, 'beta1_val': 294.5324465166841, 'beta0_val': -2386.459428567618, 'selected_score': -2119.48015421811, 'evaluations': 95, 'seconds': 0.060476300001027994, 'method': 'differential_evolution_v2', 'accepted_search': True, 'solver_message': 'Maximum number of iterations has been exceeded.'}, {'theta': array([-1.97874540e+03, -1.13000977e+00, -3.09332516e+03,  1.21778816e-01]), 'n_active': 4, 'beta1_train': -298.327292990786, 'beta0_train': -592.5955893057627, 'beta1_val': -440.05475740628924, 'beta0_val': -527.2870039729083, 'selected_score': -592.5955893057627, 'evaluations': 185, 'seconds': 0.13123909999558236, 'method': 'differential_evolution_v2', 'accepted_search': True, 'solver_message': 'Maximum number of iterations has been exceeded.'}]",42,"[{'update_slot': 78, 'hour': 13, 'info': 'both', 'lp_status': 'optimal', 'lp_message': '', 'fallback': False}]",9797.445999456635,1560.0683159259256,0.21546019999368582,0.35608420000062324
"[{'theta': array([-7509.02829347]), 'n_active': 1, 'beta1_train': -3917.2119891445086, 'beta0_train': -3939.0691043090087, 'beta1_val': -3934.1896339386503, 'beta0_val': -3934.1896339386503, 'selected_score': -3939.0691043090087, 'evaluations': 50, 'seconds': 0.05737190000945702, 'method': 'differential_evolution_v2', 'accepted_search': True, 'solver_message': 'Maximum number of iterations has been exceeded.'}, {'theta': array([-2.35730141e+03,  7.26466179e-01]), 'n_active': 2, 'beta1_train': 486.8011030450009, 'beta0_train': -2485.4871320103775, 'beta1_val': -794.2171218832091, 'beta0_val': -3154.392908205198, 'selected_score': -2485.4871320103775, 'evaluations': 35, 'seconds': 0.03151259999140166, 'method': 'differential_evolution_v2', 'accepted_search': True, 'solver_message': 'Optimization terminated successfully.'}, {'theta': array([-3.65044173e+02,  7.05998489e-01, -6.15621415e+03,  8.63133405e-01]), 'n_active': 4, 'beta1_train': -438.86928449300484, 'beta0_train': -736.5247950083226, 'beta1_val': 67.51252804846536, 'beta0_val': -629.1175527068784, 'selected_score': -739.283805961629, 'evaluations': 185, 'seconds': 0.1359701000037603, 'method': 'differential_evolution_v2', 'accepted_search': True, 'solver_message': 'Maximum number of iterations has been exceeded.'}]",42,"[{'update_slot': 78, 'hour': 13, 'info': 'both', 'lp_status': 'optimal', 'lp_message': '', 'fallback': False}]",1560.0683159259256,2072.069425126452,0.224854600004619,0.36695830000098795
"[{'theta': array([-3158.77514849]), 'n_active': 1, 'beta1_train': -3390.7565778367043, 'beta0_train': -3395.1644521783314, 'beta1_val': -3446.5297276686474, 'beta0_val': -3446.5297276686474, 'selected_score': -3395.1644521783314, 'evaluations': 50, 'seconds': 0.054741600004490465, 'method': 'differential_evolution_v2', 'accepted_search': True, 'solver_message': 'Maximum number of iterations has been exceeded.'}, {'theta': array([-4.42361918e+03,  2.88951368e-01]), 'n_active': 2, 'beta1_train': -474.3764465832833, 'beta0_train': -3073.0092356320456, 'beta1_val': -1417.8076772683999, 'beta0_val': -3478.3414487260725, 'selected_score': -3073.0092356320456, 'evaluations': 55, 'seconds': 0.041376699999091215, 'method': 'differential_evolution_v2', 'accepted_search': True, 'solver_message': 'Optimization terminated successfully.'}, {'theta': array([-5.22879990e+03,  1.15762303e+00, -9.01447583e+03, -6.32429018e-01]), 'n_active': 4, 'beta1_train': -258.4478515231313, 'beta0_train': -603.3180501229597, 'beta1_val': -756.5593789322638, 'beta0_val': -756.5593789322638, 'selected_score': -603.3180501229597, 'evaluations': 105, 'seconds': 0.0858548999967752, 'method': 'differential_evolution_v2', 'accepted_search': True, 'solver_message': 'Optimization terminated successfully.'}]",42,"[{'update_slot': 78, 'hour': 13, 'info': 'both', 'lp_status': 'optimal', 'lp_message': '', 'fallback': False}]",2072.069425126452,2075.6280781036157,0.18197320000035688,0.32096029999956954
"[{'theta': array([-5871.81846474]), 'n_active': 1, 'beta1_train': -2785.1151138121036, 'beta0_train': -2789.5457934033334, 'beta1_val': -2865.420472431479, 'beta0_val': -2865.420472431479, 'selected_score': -2789.5457934033334, 'evaluations': 20, 'seconds': 0.027569300000322983, 'method': 'differential_evolution_v2', 'accepted_search': True, 'solver_message': 'Optimization terminated successfully.'}, {'theta': array([-7.61274231e+03, -8.49690612e-01]), 'n_active': 2, 'beta1_train': -7.287174354881855, 'beta0_train': -2708.734722296953, 'beta1_val': -512.2113113959253, 'beta0_val': -3030.9066571161493, 'selected_score': -2708.734722296953, 'evaluations': 95, 'seconds': 0.05984459999308456, 'method': 'differential_evolution_v2', 'accepted_search': True, 'solver_message': 'Maximum number of iterations has been exceeded.'}, {'theta': array([-8.37286277e+03,  1.87946315e+00, -6.26842512e+03, -9.96746213e-01]), 'n_active': 4, 'beta1_train': -789.780051275443, 'beta0_train': -911.5248124234406, 'beta1_val': -882.7653015998255, 'beta0_val': -977.774341031071, 'selected_score': -911.5248124234406, 'evaluations': 185, 'seconds': 0.12703679999685846, 'method': 'differential_evolution_v2', 'accepted_search': True, 'solver_message': 'Maximum number of iterations has been exceeded.'}]",42,"[{'update_slot': 78, 'hour': 13, 'info': 'both', 'lp_status': 'optimal', 'lp_message': '', 'fallback': False}]",2075.6280781036157,2335.5267359791947,0.214450699990266,0.35469630001171026
"[{'theta': array([-932.54632045]), 'n_active': 1, 'beta1_train': -554.7862220409091, 'beta0_train': -1064.2315838126767, 'beta1_val': -967.2411197819811, 'beta0_val': -1104.589942525808, 'selected_score': -1064.2315838126767, 'evaluations': 20, 'seconds': 0.027151500005857088, 'method': 'differential_evolution_v2', 'accepted_search': True, 'solver_message': 'Optimization terminated successfully.'}, {'theta': array([-662.03476451,   -1.18381827]), 'n_active': 2, 'beta1_train': 2345.853306547511, 'beta0_train': 851.6625975365314, 'beta1_val': 2647.153522678629, 'beta0_val': 2522.2759693518306, 'selected_score': 842.388442102814, 'evaluations': 95, 'seconds': 0.05858009999792557, 'method': 'differential_evolution_v2', 'accepted_search': True, 'solver_message': 'Maximum number of iterations has been exceeded.'}, {'theta': array([-3.78724584e+03,  5.24130393e-01, -7.55969899e+03, -1.62307711e+00]), 'n_active': 4, 'beta1_train': 59.55882683832244, 'beta0_train': -219.4997465286716, 'beta1_val': -143.80325201732722, 'beta0_val': -205.55146184667248, 'selected_score': -219.4997465286716, 'evaluations': 185, 'seconds': 0.12866679999569897, 'method': 'differential_evolution_v2', 'accepted_search': True, 'solver_message': 'Maximum number of iterations has been exceeded.'}]",42,"[{'update_slot': 78, 'hour': 13, 'info': 'both', 'lp_status': 'optimal', 'lp_message': '', 'fallback': False}]",2335.5267359791947,1213.1835,0.21439839999948163,0.3549992000043858
"[{'theta': array([-8872.57641711]), 'n_active': 1, 'beta1_train': -26.278005033086156, 'beta0_train': -29.95185061050686, 'beta1_val': -30.163782487281676, 'beta0_val': -30.163782487281676, 'selected_score': -29.95185061050686, 'evaluations': 20, 'seconds': 0.027926599999773316, 'method': 'differential_evolution_v2', 'accepted_search': True, 'solver_message': 'Optimization terminated successfully.'}, {'theta': array([-2.36184672e+03, -5.68974152e-01]), 'n_active': 2, 'beta1_train': 828.8372250281008, 'beta0_train': -90.60386436983921, 'beta1_val': 576.622215415237, 'beta0_val': -91.19999999999999, 'selected_score': -90.60386436983921, 'evaluations': 45, 'seconds': 0.03610810000100173, 'method': 'differential_evolution_v2', 'accepted_search': True, 'solver_message': 'Optimization terminated successfully.'}, {'theta': array([-2.13421460e+03, -3.56170881e-01, -4.09900492e+03, -1.21646768e+00]), 'n_active': 4, 'beta1_train': 43.92588315860023, 'beta0_train': -17.46395174688044, 'beta1_val': 7787.026980619019, 'beta0_val': 7484.865533904845, 'selected_score': -17.46395174688044, 'evaluations': 185, 'seconds': 0.13030790000630077, 'method': 'differential_evolution_v2', 'accepted_search': True, 'solver_message': 'Maximum number of iterations has been exceeded.'}]",42,"[{'update_slot': 78, 'hour': 13, 'info': 'both', 'lp_status': 'optimal', 'lp_message': '', 'fallback': False}]",1213.1835,1200.0,0.19434260000707582,0.333247400005348
"[{'theta': array([-1313.98823006]), 'n_active': 1, 'beta1_train': -1083.731060708119, 'beta0_train': -1085.427246824392, 'beta1_val': -990.9752209762361, 'beta0_val': -990.9752209762361, 'selected_score': -1085.427246824392, 'evaluations': 25, 'seconds': 0.032967299994197674, 'method': 'differential_evolution_v2', 'accepted_search': True, 'solver_message': 'Optimization terminated successfully.'}, {'theta': array([-7.99317588e+03,  4.75556341e-01]), 'n_active': 2, 'beta1_train': -2217.6690409337207, 'beta0_train': -3264.0, 'beta1_val': -1950.0011010607363, 'beta0_val': -3264.0, 'selected_score': -3264.0, 'evaluations': 55, 'seconds': 0.0370489000051748, 'method': 'differential_evolution_v2', 'accepted_search': True, 'solver_message': 'Optimization terminated successfully.'}, {'theta': array([-9600.,     0., -9600.,     0.]), 'n_active': 4, 'beta1_train': -623.7131091178262, 'beta0_train': -676.9295717784265, 'beta1_val': 4551.074936022079, 'beta0_val': 3874.7919028120536, 'selected_score': -676.9295717784265, 'evaluations': 185, 'seconds': 0.12783399999898393, 'method': 'differential_evolution_v2', 'accepted_search': False, 'solver_message': 'Maximum number of iterations has been exceeded.'}]",42,"[{'update_slot': 78, 'hour': 13, 'info': 'both', 'lp_status': 'optimal', 'lp_message': '', 'fallback': False}]",1200.0,1859.936758888889,0.1978501999983564,0.33797340000455733
"[{'theta': array([-6114.24430863]), 'n_active': 1, 'beta1_train': -3482.042546237222, 'beta0_train': -3923.0090716700433, 'beta1_val': -3495.7554463685838, 'beta0_val': -3917.7745018010464, 'selected_score': -3923.0090716700433, 'evaluations': 20, 'seconds': 0.02839700000185985, 'method': 'differential_evolution_v2', 'accepted_search': True, 'solver_message': 'Optimization terminated successfully.'}, {'theta': array([-7.59694963e+03, -9.63705273e-01]), 'n_active': 2, 'beta1_train': -1456.251086719058, 'beta0_train': -4202.618656224874, 'beta1_val': -1950.0325063097994, 'beta0_val': -4310.400000000001, 'selected_score': -4202.618656224874, 'evaluations': 95, 'seconds': 0.06578089999675285, 'method': 'differential_evolution_v2', 'accepted_search': True, 'solver_message': 'Maximum number of iterations has been exceeded.'}, {'theta': array([-9600.,     0., -9600.,     0.]), 'n_active': 4, 'beta1_train': -604.9923869717189, 'beta0_train': -695.7596971980009, 'beta1_val': 4474.081786059464, 'beta0_val': 4444.085096302074, 'selected_score': -695.7596971980009, 'evaluations': 185, 'seconds': 0.13225869998859707, 'method': 'differential_evolution_v2', 'accepted_search': False, 'solver_message': 'Maximum number of iterations has been exceeded.'}]",42,"[{'update_slot': 78, 'hour': 13, 'info': 'both', 'lp_status': 'optimal', 'lp_message': '', 'fallback': False}]",1859.936758888889,1276.37601,0.22643659998720977,0.36844740000378806
"[{'theta': array([-6549.32988358]), 'n_active': 1, 'beta1_train': -3683.44448185839, 'beta0_train': -3704.383225215948, 'beta1_val': -3696.8428466744185, 'beta0_val': -3706.7999999999997, 'selected_score': -3704.383225215948, 'evaluations': 20, 'seconds': 0.029228200000943616, 'method': 'differential_evolution_v2', 'accepted_search': True, 'solver_message': 'Optimization terminated successfully.'}, {'theta': array([-1281.49882958,     1.307689  ]), 'n_active': 2, 'beta1_train': 25.141057093878505, 'beta0_train': -2667.360734284013, 'beta1_val': 1859.9627559740288, 'beta0_val': -1842.6464394586208, 'selected_score': -2667.360734284013, 'evaluations': 95, 'seconds': 0.06259780000254977, 'method': 'differential_evolution_v2', 'accepted_search': True, 'solver_message': 'Maximum number of iterations has been exceeded.'}, {'theta': array([-4.68107015e+03,  1.62062489e-01, -2.23104024e+01,  1.91968068e-01]), 'n_active': 4, 'beta1_train': -481.67720678328686, 'beta0_train': -560.1636019459481, 'beta1_val': 5509.444169713455, 'beta0_val': 5433.371304618837, 'selected_score': -566.0096603048563, 'evaluations': 185, 'seconds': 0.1303975999908289, 'method': 'differential_evolution_v2', 'accepted_search': True, 'solver_message': 'Maximum number of iterations has been exceeded.'}]",42,"[{'update_slot': 78, 'hour': 13, 'info': 'both', 'lp_status': 'optimal', 'lp_message': '', 'fallback': False}]",1276.37601,1230.6944999999998,0.22222359999432229,0.3599533000087831
"[{'theta': array([-7129.71145406]), 'n_active': 1, 'beta1_train': -2873.06152380255, 'beta0_train': -2876.5691242274384, 'beta1_val': -2838.708807426048, 'beta0_val': -2884.0285156418167, 'selected_score': -2876.5691242274384, 'evaluations': 25, 'seconds': 0.03213289999985136, 'method': 'differential_evolution_v2', 'accepted_search': True, 'solver_message': 'Optimization terminated successfully.'}, {'theta': array([-1096.20466631,     1.28452972]), 'n_active': 2, 'beta1_train': 260.6674125545018, 'beta0_train': -1107.7782991417994, 'beta1_val': -25.315018557866097, 'beta0_val': -2254.197684895436, 'selected_score': -1107.7782991417994, 'evaluations': 45, 'seconds': 0.0338052000006428, 'method': 'differential_evolution_v2', 'accepted_search': True, 'solver_message': 'Optimization terminated successfully.'}, {'theta': array([0., 0., 0., 0.]), 'n_active': 4, 'beta1_train': -427.18087299719815, 'beta0_train': -571.2339717724757, 'beta1_val': 4564.14108155087, 'beta0_val': 5321.0920987056115, 'selected_score': -427.18087299719815, 'evaluations': 185, 'seconds': 0.12750509999750648, 'method': 'differential_evolution_v2', 'accepted_search': False, 'solver_message': 'Maximum number of iterations has been exceeded.'}]",42,"[{'update_slot': 78, 'hour': 13, 'info': 'both', 'lp_status': 'optimal', 'lp_message': '', 'fallback': False}]",1230.6944999999998,1251.4279825925926,0.19344319999800064,0.32959789999586064
"[{'theta': array([-7472.15924529]), 'n_active': 1, 'beta1_train': -3791.1543956467913, 'beta0_train': -3808.457237077688, 'beta1_val': -3744.6955149862665, 'beta0_val': -3803.081688765432, 'selected_score': -3808.457237077688, 'evaluations': 50, 'seconds': 0.05654570000478998, 'method': 'differential_evolution_v2', 'accepted_search': True, 'solver_message': 'Maximum number of iterations has been exceeded.'}, {'theta': array([-8.42343750e+03, -1.29006687e+00]), 'n_active': 2, 'beta1_train': 243.23308424207744, 'beta0_train': -2622.7501941228766, 'beta1_val': 555.6159361528657, 'beta0_val': -2363.007768328943, 'selected_score': -2622.7501941228766, 'evaluations': 45, 'seconds': 0.03368909998971503, 'method': 'differential_evolution_v2', 'accepted_search': True, 'solver_message': 'Optimization terminated successfully.'}, {'theta': array([-3.68916307e+03,  1.07243136e+00, -1.85044009e+03,  6.35934139e-01]), 'n_active': 4, 'beta1_train': -1165.7465706492262, 'beta0_train': -1186.2087878113855, 'beta1_val': 827.2484689536446, 'beta0_val': 816.4294826270808, 'selected_score': -1186.2087878113855, 'evaluations': 145, 'seconds': 0.10389660000510048, 'method': 'differential_evolution_v2', 'accepted_search': True, 'solver_message': 'Optimization terminated successfully.'}]",42,"[{'update_slot': 78, 'hour': 13, 'info': 'both', 'lp_status': 'optimal', 'lp_message': '', 'fallback': False}]",1251.4279825925926,2080.202753233508,0.1941313999996055,0.3354325000109384
"[{'theta': array([-641.39151957]), 'n_active': 1, 'beta1_train': -2290.8767564900973, 'beta0_train': -2879.4680501908856, 'beta1_val': -2079.2426055792553, 'beta0_val': -2691.5626040454604, 'selected_score': -2879.554239606985, 'evaluations': 50, 'seconds': 0.053757899993797764, 'method': 'differential_evolution_v2', 'accepted_search': True, 'solver_message': 'Maximum number of iterations has been exceeded.'}, {'theta': array([-7.38825897e+03,  1.10096801e+00]), 'n_active': 2, 'beta1_train': 660.7935753098684, 'beta0_train': -2193.443762819145, 'beta1_val': -84.12617365919641, 'beta0_val': -2175.8394393298095, 'selected_score': -2193.443762819145, 'evaluations': 45, 'seconds': 0.041433300008066, 'method': 'differential_evolution_v2', 'accepted_search': True, 'solver_message': 'Optimization terminated successfully.'}, {'theta': array([0., 0., 0., 0.]), 'n_active': 4, 'beta1_train': -222.1279440472424, 'beta0_train': -518.7011068482828, 'beta1_val': 1895.2697064528004, 'beta0_val': 2138.488726661642, 'selected_score': -222.1279440472424, 'evaluations': 185, 'seconds': 0.1294678000122076, 'method': 'differential_evolution_v2', 'accepted_search': False, 'solver_message': 'Maximum number of iterations has been exceeded.'}]",42,"[{'update_slot': 78, 'hour': 13, 'info': 'both', 'lp_status': 'optimal', 'lp_message': '', 'fallback': False}]",2080.202753233508,3518.087639029938,0.22465900001407135,0.35825150000164285
"[{'theta': array([-3316.67642155]), 'n_active': 1, 'beta1_train': -554.5177957560746, 'beta0_train': -556.2029835684971, 'beta1_val': -548.1440529185708, 'beta0_val': -550.5149977047435, 'selected_score': -556.2029835684971, 'evaluations': 20, 'seconds': 0.02750219999870751, 'method': 'differential_evolution_v2', 'accepted_search': True, 'solver_message': 'Optimization terminated successfully.'}, {'theta': array([-7.97921166e+03, -6.73885940e-01]), 'n_active': 2, 'beta1_train': -647.0343733076559, 'beta0_train': -1680.0, 'beta1_val': -851.8174169496683, 'beta0_val': -1680.0, 'selected_score': -1680.0, 'evaluations': 35, 'seconds': 0.02872070000739768, 'method': 'differential_evolution_v2', 'accepted_search': True, 'solver_message': 'Optimization terminated successfully.'}, {'theta': array([-9600.,     0., -9600.,     0.]), 'n_active': 4, 'beta1_train': -81.17651411514527, 'beta0_train': -45.9599467891409, 'beta1_val': -521.0506879957213, 'beta0_val': -537.8479522965513, 'selected_score': -45.9599467891409, 'evaluations': 185, 'seconds': 0.12713649999932386, 'method': 'differential_evolution_v2', 'accepted_search': False, 'solver_message': 'Maximum number of iterations has been exceeded.'}]",42,"[{'update_slot': 78, 'hour': 13, 'info': 'both', 'lp_status': 'optimal', 'lp_message': '', 'fallback': False}]",3518.087639029938,3703.6017188782544,0.18335940000542905,0.32140320001053624
"[{'theta': array([-5206.37099409]), 'n_active': 1, 'beta1_train': -1467.8533632491205, 'beta0_train': -1469.5394877298072, 'beta1_val': -1510.417380378708, 'beta0_val': -1510.417380378708, 'selected_score': -1469.5394877298072, 'evaluations': 20, 'seconds': 0.027252300002146512, 'method': 'differential_evolution_v2', 'accepted_search': True, 'solver_message': 'Optimization terminated successfully.'}, {'theta': array([-7.67155156e+03,  1.80960898e+00]), 'n_active': 2, 'beta1_train': -3660.5864754115273, 'beta0_train': -4478.4, 'beta1_val': -4034.3315108132774, 'beta0_val': -4478.4, 'selected_score': -4478.4, 'evaluations': 35, 'seconds': 0.028498200001195073, 'method': 'differential_evolution_v2', 'accepted_search': True, 'solver_message': 'Optimization terminated successfully.'}, {'theta': array([-4.09905725e+01, -9.01825517e-01, -1.99958939e+03,  2.51039686e-01]), 'n_active': 4, 'beta1_train': -3431.098015413153, 'beta0_train': -3391.6583269160537, 'beta1_val': -4012.6134607661666, 'beta0_val': -4012.6134607661666, 'selected_score': -3444.15850080606, 'evaluations': 185, 'seconds': 0.12643910000042524, 'method': 'differential_evolution_v2', 'accepted_search': True, 'solver_message': 'Maximum number of iterations has been exceeded.'}]",42,"[{'update_slot': 78, 'hour': 13, 'info': 'both', 'lp_status': 'optimal', 'lp_message': '', 'fallback': False}]",3703.6017188782544,9768.677551680827,0.18218960000376683,0.31631880000350066
"[{'theta': array([-471.02864858]), 'n_active': 1, 'beta1_train': -4028.5120174858803, 'beta0_train': -4047.3501161924114, 'beta1_val': -4050.0, 'beta0_val': -4050.0, 'selected_score': -4047.3501161924114, 'evaluations': 15, 'seconds': 0.02360709999629762, 'method': 'differential_evolution_v2', 'accepted_search': True, 'solver_message': 'Optimization terminated successfully.'}, {'theta': array([-4.51031078e+03,  1.13111447e+00]), 'n_active': 2, 'beta1_train': -516.3206637263303, 'beta0_train': -2962.6575699081486, 'beta1_val': -185.78672012558627, 'beta0_val': -3053.749283045636, 'selected_score': -2962.6575699081486, 'evaluations': 65, 'seconds': 0.04388949999702163, 'method': 'differential_evolution_v2', 'accepted_search': True, 'solver_message': 'Optimization terminated successfully.'}, {'theta': array([-8.54844657e+03, -1.03718807e+00, -7.83600109e+03, -1.25452757e+00]), 'n_active': 4, 'beta1_train': 51.76983129062317, 'beta0_train': -308.9182460105261, 'beta1_val': -973.8198799057307, 'beta0_val': -1129.189857222222, 'selected_score': -308.9182460105261, 'evaluations': 185, 'seconds': 0.1265661000070395, 'method': 'differential_evolution_v2', 'accepted_search': True, 'solver_message': 'Maximum number of iterations has been exceeded.'}]",42,"[{'update_slot': 78, 'hour': 13, 'info': 'both', 'lp_status': 'optimal', 'lp_message': '', 'fallback': False}]",9768.677551680827,2992.9300824074057,0.19406270000035875,0.3279387999937171
"[{'theta': array([-8222.69973338]), 'n_active': 1, 'beta1_train': -2558.173373204738, 'beta0_train': -2562.1417894315955, 'beta1_val': -2484.6643162668415, 'beta0_val': -2484.6643162668415, 'selected_score': -2562.1417894315955, 'evaluations': 25, 'seconds': 0.031382000001030974, 'method': 'differential_evolution_v2', 'accepted_search': True, 'solver_message': 'Optimization terminated successfully.'}, {'theta': array([-5.80385411e+03,  3.50297381e-01]), 'n_active': 2, 'beta1_train': -371.4850083805506, 'beta0_train': -2851.960167320225, 'beta1_val': -1.3879416853392286, 'beta0_val': -2611.169847680173, 'selected_score': -2851.960167320225, 'evaluations': 95, 'seconds': 0.059133000002475455, 'method': 'differential_evolution_v2', 'accepted_search': True, 'solver_message': 'Maximum number of iterations has been exceeded.'}, {'theta': array([-544.4437051 ,    1.23983811,    0.        ,    0.        ]), 'n_active': 4, 'beta1_train': 10.61509018846897, 'beta0_train': -101.10503209529314, 'beta1_val': -1084.7896741416153, 'beta0_val': -1084.7896741416153, 'selected_score': -112.93014834501793, 'evaluations': 185, 'seconds': 0.12662800001271535, 'method': 'differential_evolution_v2', 'accepted_search': True, 'solver_message': 'Maximum number of iterations has been exceeded.'}]",42,"[{'update_slot': 78, 'hour': 13, 'info': 'both', 'lp_status': 'optimal', 'lp_message': '', 'fallback': False}]",2992.9300824074057,3269.289573977988,0.21714300001622178,0.351499899988994
"[{'theta': array([-3116.63503837]), 'n_active': 1, 'beta1_train': -4139.916411852294, 'beta0_train': -4161.4730291839805, 'beta1_val': -4084.0000818166664, 'beta0_val': -4149.832339855967, 'selected_score': -4161.4730291839805, 'evaluations': 20, 'seconds': 0.027011700003640726, 'method': 'differential_evolution_v2', 'accepted_search': True, 'solver_message': 'Optimization terminated successfully.'}, {'theta': array([-3.45443196e+03, -1.19873798e+00]), 'n_active': 2, 'beta1_train': -706.2575584613231, 'beta0_train': -3321.338275083078, 'beta1_val': -268.76476384376474, 'beta0_val': -3454.520575309382, 'selected_score': -3321.338275083078, 'evaluations': 45, 'seconds': 0.03393289999803528, 'method': 'differential_evolution_v2', 'accepted_search': True, 'solver_message': 'Optimization terminated successfully.'}, {'theta': array([-8.34167664e+03, -1.77166448e+00, -1.43384766e+02, -6.49828225e-01]), 'n_active': 4, 'beta1_train': -91.58363417380035, 'beta0_train': -270.71280354979837, 'beta1_val': -1241.644258796241, 'beta0_val': -1241.644258796241, 'selected_score': -273.4014494622224, 'evaluations': 185, 'seconds': 0.12613879999844357, 'method': 'differential_evolution_v2', 'accepted_search': True, 'solver_message': 'Maximum number of iterations has been exceeded.'}]",42,"[{'update_slot': 78, 'hour': 13, 'info': 'both', 'lp_status': 'optimal', 'lp_message': '', 'fallback': False}]",3269.289573977988,3402.0443318862403,0.18708340000011958,0.3193069999979343
"[{'theta': array([-5091.24988829]), 'n_active': 1, 'beta1_train': -4034.346735732474, 'beta0_train': -4045.5374897117717, 'beta1_val': -4028.4096881292962, 'beta0_val': -4028.4096881292962, 'selected_score': -4045.5374897117717, 'evaluations': 25, 'seconds': 0.03140989999519661, 'method': 'differential_evolution_v2', 'accepted_search': True, 'solver_message': 'Optimization terminated successfully.'}, {'theta': array([-4.32337735e+03, -9.09920860e-02]), 'n_active': 2, 'beta1_train': -90.23099444742914, 'beta0_train': -2693.0488865312427, 'beta1_val': 448.64243751271306, 'beta0_val': -2176.207374874173, 'selected_score': -2693.0488865312427, 'evaluations': 55, 'seconds': 0.03857920000154991, 'method': 'differential_evolution_v2', 'accepted_search': True, 'solver_message': 'Optimization terminated successfully.'}, {'theta': array([-7.47677709e+03,  1.26070271e+00, -8.04601535e+01,  1.28189779e-01]), 'n_active': 4, 'beta1_train': -101.00095176321813, 'beta0_train': -240.6000901488723, 'beta1_val': -1151.4482496840296, 'beta0_val': -1151.4482496840296, 'selected_score': -245.46202076139153, 'evaluations': 185, 'seconds': 0.13212429999839514, 'method': 'differential_evolution_v2', 'accepted_search': True, 'solver_message': 'Maximum number of iterations has been exceeded.'}]",42,"[{'update_slot': 78, 'hour': 13, 'info': 'both', 'lp_status': 'optimal', 'lp_message': '', 'fallback': False}]",3402.0443318862403,2797.6122804545635,0.20211339999514166,0.33525819999340456
"[{'theta': array([-2787.72910837]), 'n_active': 1, 'beta1_train': -1881.3249718730797, 'beta0_train': -1913.7326819423338, 'beta1_val': -1913.5656145319153, 'beta0_val': -1913.5656145319153, 'selected_score': -1913.7326819423338, 'evaluations': 15, 'seconds': 0.021989400003803894, 'method': 'differential_evolution_v2', 'accepted_search': True, 'solver_message': 'Optimization terminated successfully.'}, {'theta': array([-5.94190893e+03,  3.61389671e-01]), 'n_active': 2, 'beta1_train': 1064.163832486371, 'beta0_train': -1533.5849769580443, 'beta1_val': 936.5367287497279, 'beta0_val': -1727.6963768010316, 'selected_score': -1533.5849769580443, 'evaluations': 95, 'seconds': 0.05839780000678729, 'method': 'differential_evolution_v2', 'accepted_search': True, 'solver_message': 'Maximum number of iterations has been exceeded.'}, {'theta': array([-7.62322589e+03,  7.22933051e-03, -5.17199097e+02, -5.64188368e-01]), 'n_active': 4, 'beta1_train': 406.27300850941253, 'beta0_train': 303.2008715763428, 'beta1_val': -535.0017817491047, 'beta0_val': -535.0017817491047, 'selected_score': 303.2008715763428, 'evaluations': 185, 'seconds': 0.12440820000483654, 'method': 'differential_evolution_v2', 'accepted_search': True, 'solver_message': 'Maximum number of iterations has been exceeded.'}]",42,"[{'update_slot': 78, 'hour': 13, 'info': 'both', 'lp_status': 'optimal', 'lp_message': '', 'fallback': False}]",2797.6122804545635,3283.35867398255,0.20479540001542773,0.3408443999942392
"[{'theta': array([-1033.48140488]), 'n_active': 1, 'beta1_train': -353.16929457721875, 'beta0_train': -364.2648671597661, 'beta1_val': -385.3886122937063, 'beta0_val': -385.3886122937063, 'selected_score': -364.2648671597661, 'evaluations': 20, 'seconds': 0.026120299997273833, 'method': 'differential_evolution_v2', 'accepted_search': True, 'solver_message': 'Optimization terminated successfully.'}, {'theta': array([-1.97838627e+03,  9.14358767e-01]), 'n_active': 2, 'beta1_train': -832.3206624537545, 'beta0_train': -1489.1999999999998, 'beta1_val': -832.0973395190456, 'beta0_val': -1489.2, 'selected_score': -1489.1999999999998, 'evaluations': 95, 'seconds': 0.05888680000498425, 'method': 'differential_evolution_v2', 'accepted_search': True, 'solver_message': 'Maximum number of iterations has been exceeded.'}, {'theta': array([-3.98133568e+03, -1.73187397e-01, -5.34281258e+01,  7.85585606e-01]), 'n_active': 4, 'beta1_train': 416.25810928555546, 'beta0_train': 399.3561893783607, 'beta1_val': -384.63531876113007, 'beta0_val': -455.69062123319156, 'selected_score': 393.7415688039291, 'evaluations': 185, 'seconds': 0.12704310000117403, 'method': 'differential_evolution_v2', 'accepted_search': True, 'solver_message': 'Maximum number of iterations has been exceeded.'}]",42,"[{'update_slot': 78, 'hour': 13, 'info': 'both', 'lp_status': 'optimal', 'lp_message': '', 'fallback': False}]",3283.35867398255,2196.8336052543555,0.2120502000034321,0.3408309000078589
"[{'theta': array([-4093.71353865]), 'n_active': 1, 'beta1_train': -937.6983232161466, 'beta0_train': -946.8144031106298, 'beta1_val': -953.3227959596122, 'beta0_val': -970.5517053011761, 'selected_score': -946.8144031106298, 'evaluations': 20, 'seconds': 0.027693700001691468, 'method': 'differential_evolution_v2', 'accepted_search': True, 'solver_message': 'Optimization terminated successfully.'}, {'theta': array([-8.70165930e+03,  1.32306848e+00]), 'n_active': 2, 'beta1_train': -3014.5090927608803, 'beta0_train': -3706.7999999999997, 'beta1_val': -3131.276726078057, 'beta0_val': -3706.7999999999997, 'selected_score': -3706.7999999999997, 'evaluations': 95, 'seconds': 0.05834060000779573, 'method': 'differential_evolution_v2', 'accepted_search': True, 'solver_message': 'Maximum number of iterations has been exceeded.'}, {'theta': array([-9600.,     0., -9600.,     0.]), 'n_active': 4, 'beta1_train': -193.41553658277428, 'beta0_train': -210.7413055419287, 'beta1_val': -951.8454249790051, 'beta0_val': -956.6060946742975, 'selected_score': -210.7413055419287, 'evaluations': 65, 'seconds': 0.06072680000215769, 'method': 'differential_evolution_v2', 'accepted_search': False, 'solver_message': 'Optimization terminated successfully.'}]",42,"[{'update_slot': 78, 'hour': 13, 'info': 'both', 'lp_status': 'optimal', 'lp_message': '', 'fallback': False}]",2196.8336052543555,3024.125444564108,0.14676110001164488,0.28382630000123754
"[{'theta': array([-1301.51444041]), 'n_active': 1, 'beta1_train': -3667.009206784366, 'beta0_train': -3815.651282597976, 'beta1_val': -3515.0453154229976, 'beta0_val': -3762.8388937511213, 'selected_score': -3815.651282597976, 'evaluations': 20, 'seconds': 0.0278756999905454, 'method': 'differential_evolution_v2', 'accepted_search': True, 'solver_message': 'Optimization terminated successfully.'}, {'theta': array([-6.80630635e+03,  9.93706472e-01]), 'n_active': 2, 'beta1_train': -113.02701840362786, 'beta0_train': -2715.976985872574, 'beta1_val': -707.7095148147678, 'beta0_val': -3123.4178384284205, 'selected_score': -2715.976985872574, 'evaluations': 35, 'seconds': 0.02882300000055693, 'method': 'differential_evolution_v2', 'accepted_search': True, 'solver_message': 'Optimization terminated successfully.'}, {'theta': array([-8.99372059e+03,  1.65094254e+00, -1.15525319e+02, -9.96695495e-01]), 'n_active': 4, 'beta1_train': 484.96723241595765, 'beta0_train': 305.9863917547297, 'beta1_val': -607.7483553726671, 'beta0_val': -703.5794699260119, 'selected_score': 292.9521412594774, 'evaluations': 185, 'seconds': 0.13117090000014286, 'method': 'differential_evolution_v2', 'accepted_search': True, 'solver_message': 'Maximum number of iterations has been exceeded.'}]",42,"[{'update_slot': 78, 'hour': 13, 'info': 'both', 'lp_status': 'optimal', 'lp_message': '', 'fallback': False}]",3024.125444564108,2804.163970544225,0.1878695999912452,0.32413069999893196
"[{'theta': array([-1931.19063416]), 'n_active': 1, 'beta1_train': -3372.964641943283, 'beta0_train': -3408.1453250164113, 'beta1_val': -3409.2000000000003, 'beta0_val': -3409.2000000000003, 'selected_score': -3408.1453250164113, 'evaluations': 20, 'seconds': 0.026975899992976338, 'method': 'differential_evolution_v2', 'accepted_search': True, 'solver_message': 'Optimization terminated successfully.'}, {'theta': array([-8.11275248e+03,  1.05448197e+00]), 'n_active': 2, 'beta1_train': -135.81199402202395, 'beta0_train': -2880.4309739219, 'beta1_val': -848.642019621172, 'beta0_val': -3106.7072859952827, 'selected_score': -2880.4309739219, 'evaluations': 95, 'seconds': 0.06376649999583606, 'method': 'differential_evolution_v2', 'accepted_search': True, 'solver_message': 'Maximum number of iterations has been exceeded.'}, {'theta': array([-4.22696702e+02,  1.07751666e+00, -2.46953992e+02,  3.51336123e-01]), 'n_active': 4, 'beta1_train': 461.8892360276767, 'beta0_train': 333.1598467952694, 'beta1_val': -954.1288335317267, 'beta0_val': -954.1288335317267, 'selected_score': 318.15494092348877, 'evaluations': 185, 'seconds': 0.1339845000038622, 'method': 'differential_evolution_v2', 'accepted_search': True, 'solver_message': 'Maximum number of iterations has been exceeded.'}]",42,"[{'update_slot': 78, 'hour': 13, 'info': 'both', 'lp_status': 'optimal', 'lp_message': '', 'fallback': False}]",2804.163970544225,2330.837111328624,0.2247268999926746,0.368151200003922
"[{'theta': array([-3388.62357094]), 'n_active': 1, 'beta1_train': -3235.567872607963, 'beta0_train': -3265.389501828465, 'beta1_val': -3266.4, 'beta0_val': -3266.4, 'selected_score': -3265.389501828465, 'evaluations': 20, 'seconds': 0.028611600006115623, 'method': 'differential_evolution_v2', 'accepted_search': True, 'solver_message': 'Optimization terminated successfully.'}, {'theta': array([-4.24052779e+03, -1.06587169e+00]), 'n_active': 2, 'beta1_train': -63.50390585239924, 'beta0_train': -2557.0140343600387, 'beta1_val': -614.1421842614996, 'beta0_val': -2733.3806509634023, 'selected_score': -2557.0140343600387, 'evaluations': 45, 'seconds': 0.03677219999372028, 'method': 'differential_evolution_v2', 'accepted_search': True, 'solver_message': 'Optimization terminated successfully.'}, {'theta': array([-3.03277821e+03,  6.07428012e-01, -5.07830489e+02,  6.10476268e-01]), 'n_active': 4, 'beta1_train': 484.7673864991845, 'beta0_train': 204.5856062563203, 'beta1_val': -232.51159373249362, 'beta0_val': -232.51159373249362, 'selected_score': 204.09571639668417, 'evaluations': 185, 'seconds': 0.1359365000098478, 'method': 'differential_evolution_v2', 'accepted_search': True, 'solver_message': 'Maximum number of iterations has been exceeded.'}]",42,"[{'update_slot': 78, 'hour': 13, 'info': 'both', 'lp_status': 'optimal', 'lp_message': '', 'fallback': False}]",2330.837111328624,2212.1825918271347,0.2013203000096837,0.34077219999744557
"[{'theta': array([-3675.84504876]), 'n_active': 1, 'beta1_train': -2962.07144874762, 'beta0_train': -2972.1131506731485, 'beta1_val': -2992.823402889971, 'beta0_val': -2992.823402889971, 'selected_score': -2972.1131506731485, 'evaluations': 20, 'seconds': 0.027653899989672936, 'method': 'differential_evolution_v2', 'accepted_search': True, 'solver_message': 'Optimization terminated successfully.'}, {'theta': array([-7.58341955e+03, -9.91563372e-01]), 'n_active': 2, 'beta1_train': 184.15378174573073, 'beta0_train': -2289.625818136765, 'beta1_val': -111.56332819756335, 'beta0_val': -2367.068571848214, 'selected_score': -2289.625818136765, 'evaluations': 95, 'seconds': 0.05950979999033734, 'method': 'differential_evolution_v2', 'accepted_search': True, 'solver_message': 'Maximum number of iterations has been exceeded.'}, {'theta': array([-7.92190197e+03,  1.57410222e+00, -1.54199868e+02, -5.93012923e-01]), 'n_active': 4, 'beta1_train': 488.44060256710964, 'beta0_train': 366.14078288795696, 'beta1_val': -137.00992421021192, 'beta0_val': -710.9260308802036, 'selected_score': 340.81201105654475, 'evaluations': 185, 'seconds': 0.12809240000206046, 'method': 'differential_evolution_v2', 'accepted_search': True, 'solver_message': 'Maximum number of iterations has been exceeded.'}]",42,"[{'update_slot': 78, 'hour': 13, 'info': 'both', 'lp_status': 'optimal', 'lp_message': '', 'fallback': False}]",2212.1825918271347,2479.7860033875604,0.21525609998207074,0.3509663000004366
"[{'theta': array([-6708.01107255]), 'n_active': 1, 'beta1_train': -1090.5529537031755, 'beta0_train': -1102.9947587648128, 'beta1_val': -1114.6478346008232, 'beta0_val': -1114.6478346008232, 'selected_score': -1102.9947587648128, 'evaluations': 15, 'seconds': 0.022874899994349107, 'method': 'differential_evolution_v2', 'accepted_search': True, 'solver_message': 'Optimization terminated successfully.'}, {'theta': array([-9.29945894e+03,  2.73752890e-01]), 'n_active': 2, 'beta1_train': 2055.90921061745, 'beta0_train': -941.7270805764455, 'beta1_val': 1655.1459093416458, 'beta0_val': -1037.3117109425898, 'selected_score': -941.7270805764455, 'evaluations': 95, 'seconds': 0.058876900002360344, 'method': 'differential_evolution_v2', 'accepted_search': True, 'solver_message': 'Maximum number of iterations has been exceeded.'}, {'theta': array([-3.45449200e+03,  1.21215392e+00, -1.66897596e+02,  5.53284044e-01]), 'n_active': 4, 'beta1_train': 895.2601814328524, 'beta0_train': 673.9659448583283, 'beta1_val': -253.5989695714863, 'beta0_val': -253.5989695714863, 'selected_score': 671.6383751334133, 'evaluations': 185, 'seconds': 0.1284956999879796, 'method': 'differential_evolution_v2', 'accepted_search': True, 'solver_message': 'Maximum number of iterations has been exceeded.'}]",42,"[{'update_slot': 78, 'hour': 13, 'info': 'both', 'lp_status': 'optimal', 'lp_message': '', 'fallback': False}]",2479.7860033875604,2576.3247712256693,0.21024749998468906,0.3450779999984661
"[{'theta': array([-9315.71853054]), 'n_active': 1, 'beta1_train': -630.5224405793394, 'beta0_train': -640.7333167535401, 'beta1_val': -683.8600150089997, 'beta0_val': -683.8600150089997, 'selected_score': -640.7333167535401, 'evaluations': 15, 'seconds': 0.022876199989696033, 'method': 'differential_evolution_v2', 'accepted_search': True, 'solver_message': 'Optimization terminated successfully.'}, {'theta': array([-2.13106184e+03, -1.39230963e+00]), 'n_active': 2, 'beta1_train': -1843.5183206062957, 'beta0_train': -2560.7999999999997, 'beta1_val': -1993.1578039518622, 'beta0_val': -2560.7999999999997, 'selected_score': -2560.7999999999997, 'evaluations': 45, 'seconds': 0.033861899995827116, 'method': 'differential_evolution_v2', 'accepted_search': True, 'solver_message': 'Optimization terminated successfully.'}, {'theta': array([-9.61603643e+01,  1.03906269e+00, -2.87870107e+03, -1.20367429e+00]), 'n_active': 4, 'beta1_train': 605.6073908833287, 'beta0_train': 686.4414211220163, 'beta1_val': -567.875814239458, 'beta0_val': -595.7296217394583, 'selected_score': 575.2050612827124, 'evaluations': 185, 'seconds': 0.13089529999706428, 'method': 'differential_evolution_v2', 'accepted_search': True, 'solver_message': 'Maximum number of iterations has been exceeded.'}]",42,"[{'update_slot': 78, 'hour': 13, 'info': 'both', 'lp_status': 'optimal', 'lp_message': '', 'fallback': False}]",2576.3247712256693,3025.467498337491,0.18763339998258743,0.32254560000728816
"[{'theta': array([-2079.26823176]), 'n_active': 1, 'beta1_train': -1027.1998356243635, 'beta0_train': -1031.8110920653992, 'beta1_val': -1008.2621670225946, 'beta0_val': -1008.2621670225946, 'selected_score': -1031.8110920653992, 'evaluations': 20, 'seconds': 0.02798389999952633, 'method': 'differential_evolution_v2', 'accepted_search': True, 'solver_message': 'Optimization terminated successfully.'}, {'theta': array([-3.88214297e+03, -2.85849840e-01]), 'n_active': 2, 'beta1_train': -4034.6199010313026, 'beta0_train': -4524.0, 'beta1_val': -3896.7516560418694, 'beta0_val': -4524.0, 'selected_score': -4524.0, 'evaluations': 45, 'seconds': 0.03395659998932388, 'method': 'differential_evolution_v2', 'accepted_search': True, 'solver_message': 'Optimization terminated successfully.'}, {'theta': array([-7.41688508e+03, -1.69158619e+00, -8.58719601e+01,  2.81227287e-01]), 'n_active': 4, 'beta1_train': -3072.7922521248406, 'beta0_train': -3099.98294325455, 'beta1_val': -4088.3271038010976, 'beta0_val': -4088.3271038010976, 'selected_score': -3108.259983345463, 'evaluations': 185, 'seconds': 0.12805030000163242, 'method': 'differential_evolution_v2', 'accepted_search': True, 'solver_message': 'Maximum number of iterations has been exceeded.'}]",42,"[{'update_slot': 78, 'hour': 13, 'info': 'both', 'lp_status': 'optimal', 'lp_message': '', 'fallback': False}]",3025.467498337491,9981.168121671024,0.18999079999048263,0.32341660000383854
"[{'theta': array([-777.95779286]), 'n_active': 1, 'beta1_train': -3152.325082821153, 'beta0_train': -3182.0775111385356, 'beta1_val': -3183.6, 'beta0_val': -3183.6, 'selected_score': -3182.0775111385356, 'evaluations': 15, 'seconds': 0.023341799998888746, 'method': 'differential_evolution_v2', 'accepted_search': True, 'solver_message': 'Optimization terminated successfully.'}, {'theta': array([-4.42791210e+03,  6.79496985e-02]), 'n_active': 2, 'beta1_train': -565.0635224052749, 'beta0_train': -2795.921161567999, 'beta1_val': -125.94567402267285, 'beta0_val': -2646.900523129796, 'selected_score': -2795.921161567999, 'evaluations': 35, 'seconds': 0.029004199997871183, 'method': 'differential_evolution_v2', 'accepted_search': True, 'solver_message': 'Optimization terminated successfully.'}, {'theta': array([-2.77075657e+02, -1.31974716e+00, -4.10753796e+03,  6.57858473e-01]), 'n_active': 4, 'beta1_train': 828.2251654237151, 'beta0_train': 792.2808594340165, 'beta1_val': -734.4080298837875, 'beta0_val': -734.4080298837875, 'selected_score': 741.4595310755532, 'evaluations': 185, 'seconds': 0.12262429999827873, 'method': 'differential_evolution_v2', 'accepted_search': True, 'solver_message': 'Maximum number of iterations has been exceeded.'}]",42,"[{'update_slot': 78, 'hour': 13, 'info': 'both', 'lp_status': 'optimal', 'lp_message': '', 'fallback': False}]",9981.168121671024,2359.5301631354087,0.17497029999503866,0.30797680000250693
"[{'theta': array([-8352.54154678]), 'n_active': 1, 'beta1_train': -2668.336908142542, 'beta0_train': -2680.0267795661375, 'beta1_val': -2843.2042252575043, 'beta0_val': -2843.2042252575043, 'selected_score': -2680.0267795661375, 'evaluations': 20, 'seconds': 0.02798620000248775, 'method': 'differential_evolution_v2', 'accepted_search': True, 'solver_message': 'Optimization terminated successfully.'}, {'theta': array([-6.73533592e+02, -4.49821428e-01]), 'n_active': 2, 'beta1_train': 805.2479089258767, 'beta0_train': -805.7092336749585, 'beta1_val': 381.2885674157342, 'beta0_val': -2071.52179066616, 'selected_score': -816.7248814349716, 'evaluations': 95, 'seconds': 0.059505900004296564, 'method': 'differential_evolution_v2', 'accepted_search': True, 'solver_message': 'Maximum number of iterations has been exceeded.'}, {'theta': array([0., 0., 0., 0.]), 'n_active': 4, 'beta1_train': 142.07257958246979, 'beta0_train': 156.1693818886746, 'beta1_val': -742.745517149836, 'beta0_val': -742.745517149836, 'selected_score': 142.07257958246979, 'evaluations': 185, 'seconds': 0.12949769999249838, 'method': 'differential_evolution_v2', 'accepted_search': True, 'solver_message': 'Maximum number of iterations has been exceeded.'}]",42,"[{'update_slot': 78, 'hour': 13, 'info': 'both', 'lp_status': 'optimal', 'lp_message': '', 'fallback': False}]",2359.5301631354087,2578.265630555557,0.2169897999992827,0.35413740000512917
"[{'theta': array([-6382.47251602]), 'n_active': 1, 'beta1_train': -3231.937960627886, 'beta0_train': -3255.8579121494763, 'beta1_val': -3252.851537180529, 'beta0_val': -3252.851537180529, 'selected_score': -3255.8579121494763, 'evaluations': 15, 'seconds': 0.023209799997857772, 'method': 'differential_evolution_v2', 'accepted_search': True, 'solver_message': 'Optimization terminated successfully.'}, {'theta': array([-3.87225276e+03,  9.00525595e-01]), 'n_active': 2, 'beta1_train': -841.4597235328606, 'beta0_train': -3060.0844161145997, 'beta1_val': -1451.6408911630015, 'beta0_val': -3233.8060088736506, 'selected_score': -3060.0844161145997, 'evaluations': 95, 'seconds': 0.058375200009322725, 'method': 'differential_evolution_v2', 'accepted_search': True, 'solver_message': 'Maximum number of iterations has been exceeded.'}, {'theta': array([0., 0., 0., 0.]), 'n_active': 4, 'beta1_train': 314.025774978759, 'beta0_train': 341.7788225117362, 'beta1_val': -913.1626358696941, 'beta0_val': -913.1626358696941, 'selected_score': 314.025774978759, 'evaluations': 185, 'seconds': 0.12670429999707267, 'method': 'differential_evolution_v2', 'accepted_search': True, 'solver_message': 'Maximum number of iterations has been exceeded.'}]",42,"[{'update_slot': 78, 'hour': 13, 'info': 'both', 'lp_status': 'optimal', 'lp_message': '', 'fallback': False}]",2578.265630555557,2299.672071846946,0.20828930000425316,0.34431929999846034
"[{'theta': array([-6027.98237891]), 'n_active': 1, 'beta1_train': -3849.9531659798286, 'beta0_train': -3885.2879200061725, 'beta1_val': -3886.8, 'beta0_val': -3886.8, 'selected_score': -3885.2879200061725, 'evaluations': 15, 'seconds': 0.020915899993269704, 'method': 'differential_evolution_v2', 'accepted_search': True, 'solver_message': 'Optimization terminated successfully.'}, {'theta': array([-6.09778797e+03,  4.47825417e-01]), 'n_active': 2, 'beta1_train': 475.9562069984321, 'beta0_train': -1997.4929433150346, 'beta1_val': 2091.729396634014, 'beta0_val': -1838.713407824256, 'selected_score': -1997.4929433150346, 'evaluations': 95, 'seconds': 0.05832609999924898, 'method': 'differential_evolution_v2', 'accepted_search': True, 'solver_message': 'Maximum number of iterations has been exceeded.'}, {'theta': array([-3.04096169e+02,  4.60327984e-01, -1.89463456e+03, -7.85699771e-01]), 'n_active': 4, 'beta1_train': 736.0422202239781, 'beta0_train': 683.8020113047313, 'beta1_val': -826.7286202822805, 'beta0_val': -1013.8655067031011, 'selected_score': 638.9971679150084, 'evaluations': 185, 'seconds': 0.1263195000065025, 'method': 'differential_evolution_v2', 'accepted_search': True, 'solver_message': 'Maximum number of iterations has been exceeded.'}]",42,"[{'update_slot': 78, 'hour': 13, 'info': 'both', 'lp_status': 'optimal', 'lp_message': '', 'fallback': False}]",2299.672071846946,2937.3720342942133,0.20556149999902118,0.34146989999862853
"[{'theta': array([-2720.50044224]), 'n_active': 1, 'beta1_train': -1885.4232142721949, 'beta0_train': -1910.6679846565098, 'beta1_val': -1911.6, 'beta0_val': -1911.6, 'selected_score': -1910.6679846565098, 'evaluations': 15, 'seconds': 0.023653499985812232, 'method': 'differential_evolution_v2', 'accepted_search': True, 'solver_message': 'Optimization terminated successfully.'}, {'theta': array([-6.92376200e+03,  7.63910548e-02]), 'n_active': 2, 'beta1_train': 1502.4322872827445, 'beta0_train': -1264.9303888863105, 'beta1_val': 786.9331273071712, 'beta0_val': -1427.6933100257102, 'selected_score': -1264.9303888863105, 'evaluations': 65, 'seconds': 0.04381009998905938, 'method': 'differential_evolution_v2', 'accepted_search': True, 'solver_message': 'Optimization terminated successfully.'}, {'theta': array([-340.4251706 ,   -0.86640033, -544.26085806,    0.76356869]), 'n_active': 4, 'beta1_train': 1053.6095679101916, 'beta0_train': 857.0093911675447, 'beta1_val': -488.117026371838, 'beta0_val': -488.117026371838, 'selected_score': 850.3380393916962, 'evaluations': 185, 'seconds': 0.12928670000110287, 'method': 'differential_evolution_v2', 'accepted_search': True, 'solver_message': 'Maximum number of iterations has been exceeded.'}]",42,"[{'update_slot': 78, 'hour': 13, 'info': 'both', 'lp_status': 'optimal', 'lp_message': '', 'fallback': False}]",2937.3720342942133,2185.4866320800043,0.19675029997597449,0.33521180000388995
"[{'theta': array([-2977.46012599]), 'n_active': 1, 'beta1_train': -396.38695713504757, 'beta0_train': -402.0841545640555, 'beta1_val': -363.8014580412142, 'beta0_val': -363.8014580412142, 'selected_score': -402.0841545640555, 'evaluations': 25, 'seconds': 0.03149689998826943, 'method': 'differential_evolution_v2', 'accepted_search': True, 'solver_message': 'Optimization terminated successfully.'}, {'theta': array([-6.83280104e+03,  8.36726372e-01]), 'n_active': 2, 'beta1_train': -890.384580132387, 'beta0_train': -1530.0, 'beta1_val': -731.3086630473472, 'beta0_val': -1530.0, 'selected_score': -1530.0, 'evaluations': 35, 'seconds': 0.02906539999821689, 'method': 'differential_evolution_v2', 'accepted_search': True, 'solver_message': 'Optimization terminated successfully.'}, {'theta': array([-9600.,     0., -9600.,     0.]), 'n_active': 4, 'beta1_train': 883.696642864224, 'beta0_train': 929.2647837408168, 'beta1_val': 419.23419428980105, 'beta0_val': -272.1909449644161, 'selected_score': 929.2647837408168, 'evaluations': 185, 'seconds': 0.12843659998907242, 'method': 'differential_evolution_v2', 'accepted_search': False, 'solver_message': 'Maximum number of iterations has been exceeded.'}]",42,"[{'update_slot': 78, 'hour': 13, 'info': 'both', 'lp_status': 'optimal', 'lp_message': '', 'fallback': False}]",2185.4866320800043,2554.7063573790315,0.18899889997555874,0.32265289999486413
"[{'theta': array([-4243.13419217]), 'n_active': 1, 'beta1_train': -1420.4618834898665, 'beta0_train': -1428.2257295904574, 'beta1_val': -1545.7845516881519, 'beta0_val': -1545.7845516881519, 'selected_score': -1428.2257295904574, 'evaluations': 15, 'seconds': 0.023300000000745058, 'method': 'differential_evolution_v2', 'accepted_search': True, 'solver_message': 'Optimization terminated successfully.'}, {'theta': array([-3.29839455e+03, -1.47389065e+00]), 'n_active': 2, 'beta1_train': -3611.153232864983, 'beta0_train': -4329.6, 'beta1_val': -3574.8904655171127, 'beta0_val': -4329.6, 'selected_score': -4329.6, 'evaluations': 35, 'seconds': 0.028355199989164248, 'method': 'differential_evolution_v2', 'accepted_search': True, 'solver_message': 'Optimization terminated successfully.'}, {'theta': array([-557.75716932,    0.8901473 , -216.59692135,   -1.74201317]), 'n_active': 4, 'beta1_train': -2338.9712733628735, 'beta0_train': -2407.386222381539, 'beta1_val': -3627.086591721382, 'beta0_val': -3627.086591721382, 'selected_score': -2418.0380458671125, 'evaluations': 185, 'seconds': 0.1247358999971766, 'method': 'differential_evolution_v2', 'accepted_search': True, 'solver_message': 'Maximum number of iterations has been exceeded.'}]",42,"[{'update_slot': 78, 'hour': 13, 'info': 'both', 'lp_status': 'optimal', 'lp_message': '', 'fallback': False}]",2554.7063573790315,8922.035944607906,0.1763910999870859,0.3138524999958463
"[{'theta': array([-278.81857704]), 'n_active': 1, 'beta1_train': -3895.241511830869, 'beta0_train': -3943.082485310042, 'beta1_val': -3946.8, 'beta0_val': -3946.8, 'selected_score': -3943.082485310042, 'evaluations': 35, 'seconds': 0.041204900000593625, 'method': 'differential_evolution_v2', 'accepted_search': True, 'solver_message': 'Optimization terminated successfully.'}, {'theta': array([-2.04136859e+03,  8.31398981e-01]), 'n_active': 2, 'beta1_train': 280.4413990493769, 'beta0_train': -2524.839142891882, 'beta1_val': 206.34336202303257, 'beta0_val': -2512.1607077897916, 'selected_score': -2524.839142891882, 'evaluations': 95, 'seconds': 0.05977349999011494, 'method': 'differential_evolution_v2', 'accepted_search': True, 'solver_message': 'Maximum number of iterations has been exceeded.'}, {'theta': array([-6.54539018e+03,  4.62229145e-02, -6.30841481e+03, -6.39611335e-01]), 'n_active': 4, 'beta1_train': 740.2990819648198, 'beta0_train': 510.0575103785671, 'beta1_val': -584.902976505178, 'beta0_val': -789.9443242938244, 'selected_score': 510.0575103785671, 'evaluations': 105, 'seconds': 0.08369990000210237, 'method': 'differential_evolution_v2', 'accepted_search': True, 'solver_message': 'Optimization terminated successfully.'}]",42,"[{'update_slot': 78, 'hour': 13, 'info': 'both', 'lp_status': 'optimal', 'lp_message': '', 'fallback': False}]",8922.035944607906,1200.0,0.18467829999281093,0.3243522999982815
"[{'theta': array([-1408.5837593]), 'n_active': 1, 'beta1_train': -3952.706878807807, 'beta0_train': -3965.0011535931576, 'beta1_val': -2389.9491337796417, 'beta0_val': -3415.5524914416783, 'selected_score': -3965.0011535931576, 'evaluations': 20, 'seconds': 0.028386499994667247, 'method': 'differential_evolution_v2', 'accepted_search': True, 'solver_message': 'Optimization terminated successfully.'}, {'theta': array([-6.54582294e+03, -1.67002132e+00]), 'n_active': 2, 'beta1_train': -220.1016200931344, 'beta0_train': -2801.6599583047655, 'beta1_val': -509.51903416874075, 'beta0_val': -3047.1674761237264, 'selected_score': -2801.6599583047655, 'evaluations': 45, 'seconds': 0.03560839999408927, 'method': 'differential_evolution_v2', 'accepted_search': True, 'solver_message': 'Optimization terminated successfully.'}, {'theta': array([-210.46204212,    0.57621681, -102.46072016,   -1.01423013]), 'n_active': 4, 'beta1_train': 111.72160411446013, 'beta0_train': -32.764403168558076, 'beta1_val': 13929.699507591136, 'beta0_val': 13660.465882426026, 'selected_score': -40.31488422530213, 'evaluations': 185, 'seconds': 0.12623989999701735, 'method': 'differential_evolution_v2', 'accepted_search': True, 'solver_message': 'Maximum number of iterations has been exceeded.'}]",42,"[{'update_slot': 78, 'hour': 13, 'info': 'both', 'lp_status': 'optimal', 'lp_message': '', 'fallback': False}]",1200.0,1745.4489075948004,0.19023479998577386,0.32864609999523964
"[{'theta': array([-6706.07898864]), 'n_active': 1, 'beta1_train': -2311.8499094021367, 'beta0_train': -2412.921335406821, 'beta1_val': -1389.7312130756877, 'beta0_val': -1919.1612490283633, 'selected_score': -2412.921335406821, 'evaluations': 30, 'seconds': 0.03462200000649318, 'method': 'differential_evolution_v2', 'accepted_search': True, 'solver_message': 'Optimization terminated successfully.'}, {'theta': array([-8.71714112e+02,  2.07138066e-02]), 'n_active': 2, 'beta1_train': 1437.2816892035014, 'beta0_train': -1322.7462198053138, 'beta1_val': 3809.6624442518205, 'beta0_val': 1250.9667756730505, 'selected_score': -1328.5058904583884, 'evaluations': 95, 'seconds': 0.058880300013697706, 'method': 'differential_evolution_v2', 'accepted_search': True, 'solver_message': 'Maximum number of iterations has been exceeded.'}, {'theta': array([0., 0., 0., 0.]), 'n_active': 4, 'beta1_train': 967.685743149393, 'beta0_train': 815.2446626738953, 'beta1_val': 12759.105196128194, 'beta0_val': 14995.004998278115, 'selected_score': 967.685743149393, 'evaluations': 185, 'seconds': 0.1365514999924926, 'method': 'differential_evolution_v2', 'accepted_search': False, 'solver_message': 'Maximum number of iterations has been exceeded.'}]",42,"[{'update_slot': 78, 'hour': 13, 'info': 'both', 'lp_status': 'optimal', 'lp_message': '', 'fallback': False}]",1745.4489075948004,1200.0,0.2300538000126835,0.3647357000008924
"[{'theta': array([-942.62935519]), 'n_active': 1, 'beta1_train': -3753.755126760975, 'beta0_train': -3785.5107635060913, 'beta1_val': -3378.5662482333346, 'beta0_val': -3698.5904062260033, 'selected_score': -3785.5107635060913, 'evaluations': 25, 'seconds': 0.03223069998784922, 'method': 'differential_evolution_v2', 'accepted_search': True, 'solver_message': 'Optimization terminated successfully.'}, {'theta': array([-1.99540226e+03,  3.97610904e-01]), 'n_active': 2, 'beta1_train': 580.1671648532079, 'beta0_train': -2135.5673654155544, 'beta1_val': -327.14113567541744, 'beta0_val': -2732.0174888760434, 'selected_score': -2135.5673654155544, 'evaluations': 55, 'seconds': 0.04003789999114815, 'method': 'differential_evolution_v2', 'accepted_search': True, 'solver_message': 'Optimization terminated successfully.'}, {'theta': array([0., 0., 0., 0.]), 'n_active': 4, 'beta1_train': -372.18252035371887, 'beta0_train': -415.9586302352757, 'beta1_val': 6485.190815023801, 'beta0_val': 7655.809200536948, 'selected_score': -372.18252035371887, 'evaluations': 185, 'seconds': 0.12877330000628717, 'method': 'differential_evolution_v2', 'accepted_search': False, 'solver_message': 'Maximum number of iterations has been exceeded.'}]",42,"[{'update_slot': 78, 'hour': 13, 'info': 'both', 'lp_status': 'optimal', 'lp_message': '', 'fallback': False}]",1200.0,1954.6322250000003,0.20104189998528454,0.3378124999871943
"[{'theta': array([-999.94988871]), 'n_active': 1, 'beta1_train': -424.21810407913586, 'beta0_train': -460.2453896287726, 'beta1_val': 173.5404259811561, 'beta0_val': -425.1921424258589, 'selected_score': -460.2453896287726, 'evaluations': 15, 'seconds': 0.023402799997711554, 'method': 'differential_evolution_v2', 'accepted_search': True, 'solver_message': 'Optimization terminated successfully.'}, {'theta': array([-8.20851752e+03, -1.25928296e+00]), 'n_active': 2, 'beta1_train': 2834.8574526080683, 'beta0_train': -123.76705122647921, 'beta1_val': 2436.0630624554215, 'beta0_val': -276.57529368120464, 'selected_score': -123.76705122647921, 'evaluations': 95, 'seconds': 0.05980479999561794, 'method': 'differential_evolution_v2', 'accepted_search': True, 'solver_message': 'Maximum number of iterations has been exceeded.'}, {'theta': array([-9600.,     0., -9600.,     0.]), 'n_active': 4, 'beta1_train': 1042.4037694139822, 'beta0_train': 1076.5214617164722, 'beta1_val': 6239.575675235459, 'beta0_val': 4796.118674086337, 'selected_score': 1076.5214617164722, 'evaluations': 185, 'seconds': 0.12691750000522006, 'method': 'differential_evolution_v2', 'accepted_search': False, 'solver_message': 'Maximum number of iterations has been exceeded.'}]",42,"[{'update_slot': 78, 'hour': 13, 'info': 'both', 'lp_status': 'optimal', 'lp_message': '', 'fallback': False}]",1954.6322250000003,1200.0,0.21012509999854956,0.3478616999927908
"[{'theta': array([-3022.9091805]), 'n_active': 1, 'beta1_train': -686.1172326518258, 'beta0_train': -699.8947395446011, 'beta1_val': -387.03139355418205, 'beta0_val': -461.07063979592573, 'selected_score': -699.8947395446011, 'evaluations': 20, 'seconds': 0.027795899994089268, 'method': 'differential_evolution_v2', 'accepted_search': True, 'solver_message': 'Optimization terminated successfully.'}, {'theta': array([-1.88263653e+03,  9.09758931e-01]), 'n_active': 2, 'beta1_train': -712.3169403895621, 'beta0_train': -1620.2791264608486, 'beta1_val': -1012.6157241160421, 'beta0_val': -1685.7416062052266, 'selected_score': -1620.2791264608486, 'evaluations': 95, 'seconds': 0.0627332000003662, 'method': 'differential_evolution_v2', 'accepted_search': True, 'solver_message': 'Maximum number of iterations has been exceeded.'}, {'theta': array([-9.20892057e+03,  1.27644698e+00, -5.41625435e+03,  8.45753127e-02]), 'n_active': 4, 'beta1_train': 51.08121789339598, 'beta0_train': -10.510819603519018, 'beta1_val': 3144.226047276892, 'beta0_val': 3026.097077085644, 'selected_score': -10.510819603519018, 'evaluations': 185, 'seconds': 0.13112140000157524, 'method': 'differential_evolution_v2', 'accepted_search': True, 'solver_message': 'Maximum number of iterations has been exceeded.'}]",42,"[{'update_slot': 78, 'hour': 13, 'info': 'both', 'lp_status': 'optimal', 'lp_message': '', 'fallback': False}]",1200.0,1312.575722777778,0.2216504999960307,0.36263340000004973
"[{'theta': array([-2526.95596522]), 'n_active': 1, 'beta1_train': -1986.3850199517883, 'beta0_train': -1991.7057156404412, 'beta1_val': -1418.5670503211038, 'beta0_val': -1581.0611648715271, 'selected_score': -1991.7057156404412, 'evaluations': 20, 'seconds': 0.02778550000221003, 'method': 'differential_evolution_v2', 'accepted_search': True, 'solver_message': 'Optimization terminated successfully.'}, {'theta': array([-5.68915606e+03,  3.55455628e-01]), 'n_active': 2, 'beta1_train': -3063.3131079572995, 'beta0_train': -3801.9242205703476, 'beta1_val': -2560.3725668323054, 'beta0_val': -3255.9000276011475, 'selected_score': -3801.9242205703476, 'evaluations': 35, 'seconds': 0.03217259999655653, 'method': 'differential_evolution_v2', 'accepted_search': True, 'solver_message': 'Optimization terminated successfully.'}, {'theta': array([ 9.82462276e+01, -1.43724198e+00, -1.28319390e+03, -1.11945569e+00]), 'n_active': 4, 'beta1_train': -3490.4035902621504, 'beta0_train': -3439.0527131201893, 'beta1_val': 2091.1914764554904, 'beta0_val': 3051.1753445911445, 'selected_score': -3505.012903836243, 'evaluations': 185, 'seconds': 0.1363495999976294, 'method': 'differential_evolution_v2', 'accepted_search': True, 'solver_message': 'Maximum number of iterations has been exceeded.'}]",42,"[{'update_slot': 78, 'hour': 13, 'info': 'both', 'lp_status': 'optimal', 'lp_message': '', 'fallback': False}]",1312.575722777778,7277.330932037037,0.19630769999639597,0.3396677999990061
"[{'theta': array([-4508.03840145]), 'n_active': 1, 'beta1_train': -2490.5872576901734, 'beta0_train': -4206.044448932636, 'beta1_val': -1898.1348720000015, 'beta0_val': -4122.4624057700785, 'selected_score': -4206.044448932636, 'evaluations': 15, 'seconds': 0.024935800000093877, 'method': 'differential_evolution_v2', 'accepted_search': True, 'solver_message': 'Optimization terminated successfully.'}, {'theta': array([-7.30984798e+03,  1.55668362e+00]), 'n_active': 2, 'beta1_train': -961.1130935388685, 'beta0_train': -3626.8656868772487, 'beta1_val': -594.305685591497, 'beta0_val': -3207.8910048109187, 'selected_score': -3626.8656868772487, 'evaluations': 45, 'seconds': 0.03615299999364652, 'method': 'differential_evolution_v2', 'accepted_search': True, 'solver_message': 'Optimization terminated successfully.'}, {'theta': array([-2.27341167e+02, -3.22229835e-01, -4.99719356e+03, -3.63799096e-01]), 'n_active': 4, 'beta1_train': -845.9003562855743, 'beta0_train': -912.3620037491871, 'beta1_val': 1811.4451851760036, 'beta0_val': 1926.0928435916412, 'selected_score': -950.0894599721245, 'evaluations': 185, 'seconds': 0.13617599999997765, 'method': 'differential_evolution_v2', 'accepted_search': True, 'solver_message': 'Maximum number of iterations has been exceeded.'}]",42,"[{'update_slot': 78, 'hour': 13, 'info': 'both', 'lp_status': 'optimal', 'lp_message': '', 'fallback': False}]",7277.330932037037,4344.937440377812,0.19726479999371804,0.34105259999341797
"[{'theta': array([-1042.43933561]), 'n_active': 1, 'beta1_train': -4271.26934308849, 'beta0_train': -4299.9374605687335, 'beta1_val': -4303.199999999999, 'beta0_val': -4303.199999999999, 'selected_score': -4299.9374605687335, 'evaluations': 15, 'seconds': 0.0244581000006292, 'method': 'differential_evolution_v2', 'accepted_search': True, 'solver_message': 'Optimization terminated successfully.'}, {'theta': array([-6.03995769e+03, -1.50143664e+00]), 'n_active': 2, 'beta1_train': -748.8840637801025, 'beta0_train': -3338.7655151263916, 'beta1_val': -1237.978536707525, 'beta0_val': -3535.108619972331, 'selected_score': -3338.7655151263916, 'evaluations': 95, 'seconds': 0.06337670001084916, 'method': 'differential_evolution_v2', 'accepted_search': True, 'solver_message': 'Maximum number of iterations has been exceeded.'}, {'theta': array([-6.10241364e+03,  6.87972366e-01, -8.69656638e+03,  4.83991570e-01]), 'n_active': 4, 'beta1_train': -704.1987309087513, 'beta0_train': -906.0013446346305, 'beta1_val': -1206.298308378286, 'beta0_val': -1741.9655898279636, 'selected_score': -906.0013446346305, 'evaluations': 105, 'seconds': 0.08903190000273753, 'method': 'differential_evolution_v2', 'accepted_search': True, 'solver_message': 'Optimization terminated successfully.'}]",42,"[{'update_slot': 78, 'hour': 13, 'info': 'both', 'lp_status': 'optimal', 'lp_message': '', 'fallback': False}]",4344.937440377812,4196.872528793704,0.1768667000142159,0.3189890999929048
"[{'theta': array([-8209.06746871]), 'n_active': 1, 'beta1_train': -4280.894736544874, 'beta0_train': -4314.594427175667, 'beta1_val': -4317.6, 'beta0_val': -4317.6, 'selected_score': -4314.594427175667, 'evaluations': 20, 'seconds': 0.028988999998546205, 'method': 'differential_evolution_v2', 'accepted_search': True, 'solver_message': 'Optimization terminated successfully.'}, {'theta': array([-7.99321196e+03, -1.22906618e+00]), 'n_active': 2, 'beta1_train': -444.87221756398634, 'beta0_train': -3012.3749036565464, 'beta1_val': -379.7878255043297, 'beta0_val': -2890.142065078795, 'selected_score': -3012.3749036565464, 'evaluations': 55, 'seconds': 0.04090169999108184, 'method': 'differential_evolution_v2', 'accepted_search': True, 'solver_message': 'Optimization terminated successfully.'}, {'theta': array([-6.78581946e+01, -2.00971997e-02, -1.27857068e+03, -6.10731354e-01]), 'n_active': 4, 'beta1_train': -557.3325543058501, 'beta0_train': -497.4638433744508, 'beta1_val': -1660.8544938683128, 'beta0_val': -1660.8544938683128, 'selected_score': -589.1937977447776, 'evaluations': 185, 'seconds': 0.13358129998960067, 'method': 'differential_evolution_v2', 'accepted_search': True, 'solver_message': 'Maximum number of iterations has been exceeded.'}]",42,"[{'update_slot': 78, 'hour': 13, 'info': 'both', 'lp_status': 'optimal', 'lp_message': '', 'fallback': False}]",4196.872528793704,4003.2166585378573,0.2034719999792287,0.3431064000033075
"[{'theta': array([-2078.98530164]), 'n_active': 1, 'beta1_train': -4015.271324775682, 'beta0_train': -4079.026552372403, 'beta1_val': -4083.5999999999995, 'beta0_val': -4083.5999999999995, 'selected_score': -4079.026552372403, 'evaluations': 50, 'seconds': 0.057270699995569885, 'method': 'differential_evolution_v2', 'accepted_search': True, 'solver_message': 'Maximum number of iterations has been exceeded.'}, {'theta': array([-9.42636706e+03,  5.57322572e-01]), 'n_active': 2, 'beta1_train': 674.9298836356944, 'beta0_train': -1198.9340665644827, 'beta1_val': 752.9364678637803, 'beta0_val': -1232.4122580800386, 'selected_score': -1198.9340665644827, 'evaluations': 45, 'seconds': 0.03439470000739675, 'method': 'differential_evolution_v2', 'accepted_search': True, 'solver_message': 'Optimization terminated successfully.'}, {'theta': array([-5.66462202e+03,  1.51609606e+00, -2.02149456e+03,  8.35372320e-02]), 'n_active': 4, 'beta1_train': -781.762361720626, 'beta0_train': -807.3635760897761, 'beta1_val': -1387.2166620768216, 'beta0_val': -1387.2166620768216, 'selected_score': -807.3635760897761, 'evaluations': 105, 'seconds': 0.08663360000355169, 'method': 'differential_evolution_v2', 'accepted_search': True, 'solver_message': 'Optimization terminated successfully.'}]",42,"[{'update_slot': 78, 'hour': 13, 'info': 'both', 'lp_status': 'optimal', 'lp_message': '', 'fallback': False}]",4003.2166585378573,3741.7213163891092,0.17829900000651833,0.3166261000005761
"[{'theta': array([-1918.23538111]), 'n_active': 1, 'beta1_train': -2842.492598323185, 'beta0_train': -2927.6977577857306, 'beta1_val': -2934.0, 'beta0_val': -2934.0, 'selected_score': -2927.6977577857306, 'evaluations': 15, 'seconds': 0.02343990000372287, 'method': 'differential_evolution_v2', 'accepted_search': True, 'solver_message': 'Optimization terminated successfully.'}, {'theta': array([-6.71320160e+03, -5.21959417e-01]), 'n_active': 2, 'beta1_train': 465.5589458070491, 'beta0_train': -2210.8096944934964, 'beta1_val': 597.6030999483683, 'beta0_val': -2222.2769574657113, 'selected_score': -2210.8096944934964, 'evaluations': 95, 'seconds': 0.06598109999322332, 'method': 'differential_evolution_v2', 'accepted_search': True, 'solver_message': 'Maximum number of iterations has been exceeded.'}, {'theta': array([-441.24017877,   -0.87246336, -413.35298815,   -1.72584256]), 'n_active': 4, 'beta1_train': 700.166542696736, 'beta0_train': 297.79867097354366, 'beta1_val': -1057.56736117403, 'beta0_val': -1057.56736117403, 'selected_score': 285.5057898201115, 'evaluations': 185, 'seconds': 0.1369233000004897, 'method': 'differential_evolution_v2', 'accepted_search': True, 'solver_message': 'Maximum number of iterations has been exceeded.'}]",42,"[{'update_slot': 78, 'hour': 13, 'info': 'both', 'lp_status': 'optimal', 'lp_message': '', 'fallback': False}]",3741.7213163891092,4380.640879110794,0.22634429999743588,0.36061550000158604
"[{'theta': array([-1140.69759586]), 'n_active': 1, 'beta1_train': -1443.0384268213872, 'beta0_train': -1443.4692211730319, 'beta1_val': -1739.6619507520313, 'beta0_val': -1739.6619507520313, 'selected_score': -1443.4692211730319, 'evaluations': 25, 'seconds': 0.03253649998805486, 'method': 'differential_evolution_v2', 'accepted_search': True, 'solver_message': 'Optimization terminated successfully.'}, {'theta': array([-5.92743337e+03, -4.56022092e-01]), 'n_active': 2, 'beta1_train': -2477.2913106350916, 'beta0_train': -3123.107525532271, 'beta1_val': -2612.824091592178, 'beta0_val': -3168.745978304702, 'selected_score': -3123.107525532271, 'evaluations': 55, 'seconds': 0.040107099994202144, 'method': 'differential_evolution_v2', 'accepted_search': True, 'solver_message': 'Optimization terminated successfully.'}, {'theta': array([-2.23698722e+01, -4.53006193e-01, -1.23715535e+03, -1.39713838e+00]), 'n_active': 4, 'beta1_train': 299.6489336284921, 'beta0_train': 356.9225824722037, 'beta1_val': -1363.670251583503, 'beta0_val': -1380.0065833898163, 'selected_score': 268.7798903020401, 'evaluations': 185, 'seconds': 0.13186910000513308, 'method': 'differential_evolution_v2', 'accepted_search': True, 'solver_message': 'Maximum number of iterations has been exceeded.'}]",42,"[{'update_slot': 78, 'hour': 13, 'info': 'both', 'lp_status': 'optimal', 'lp_message': '', 'fallback': False}]",4380.640879110794,4047.3835942670153,0.20451269998739008,0.3382696000044234
"[{'theta': array([-9144.2973744]), 'n_active': 1, 'beta1_train': -2082.4116001939233, 'beta0_train': -2099.4401882554735, 'beta1_val': -2376.0576303229677, 'beta0_val': -2376.0576303229677, 'selected_score': -2099.4401882554735, 'evaluations': 20, 'seconds': 0.029462400008924305, 'method': 'differential_evolution_v2', 'accepted_search': True, 'solver_message': 'Optimization terminated successfully.'}, {'theta': array([-7.85300112e+03, -1.33507682e+00]), 'n_active': 2, 'beta1_train': -3663.990142209625, 'beta0_train': -4367.240692386408, 'beta1_val': -3731.81443762228, 'beta0_val': -4370.4, 'selected_score': -4367.240692386408, 'evaluations': 95, 'seconds': 0.060345899997628294, 'method': 'differential_evolution_v2', 'accepted_search': True, 'solver_message': 'Maximum number of iterations has been exceeded.'}, {'theta': array([-6.06898146e+03, -1.85275526e+00, -1.16442424e+02, -7.74101122e-01]), 'n_active': 4, 'beta1_train': -304.75020723979424, 'beta0_train': -401.72270896164133, 'beta1_val': -1808.3043556290916, 'beta0_val': -1808.3043556290916, 'selected_score': -416.3504956470027, 'evaluations': 185, 'seconds': 0.1382764000009047, 'method': 'differential_evolution_v2', 'accepted_search': True, 'solver_message': 'Maximum number of iterations has been exceeded.'}]",42,"[{'update_slot': 78, 'hour': 13, 'info': 'both', 'lp_status': 'optimal', 'lp_message': '', 'fallback': False}]",4047.3835942670153,4371.748850314325,0.22808470000745729,0.3690476000047056
"[{'theta': array([-3284.7134948]), 'n_active': 1, 'beta1_train': -3788.8896167095468, 'beta0_train': -4153.835796746404, 'beta1_val': -4226.4, 'beta0_val': -4226.4, 'selected_score': -4153.835796746404, 'evaluations': 20, 'seconds': 0.02904619999753777, 'method': 'differential_evolution_v2', 'accepted_search': True, 'solver_message': 'Optimization terminated successfully.'}, {'theta': array([-2.74458420e+03,  1.00271563e+00]), 'n_active': 2, 'beta1_train': -119.33252134334828, 'beta0_train': -2780.41694108346, 'beta1_val': -602.3133686380311, 'beta0_val': -2916.550422105775, 'selected_score': -2780.41694108346, 'evaluations': 95, 'seconds': 0.06055700000433717, 'method': 'differential_evolution_v2', 'accepted_search': True, 'solver_message': 'Maximum number of iterations has been exceeded.'}, {'theta': array([0., 0., 0., 0.]), 'n_active': 4, 'beta1_train': -42.739708002485386, 'beta0_train': -8.740967432480502, 'beta1_val': -1332.3047570221358, 'beta0_val': -1332.3047570221358, 'selected_score': -42.739708002485386, 'evaluations': 185, 'seconds': 0.13010399999620859, 'method': 'differential_evolution_v2', 'accepted_search': True, 'solver_message': 'Maximum number of iterations has been exceeded.'}]",42,"[{'update_slot': 78, 'hour': 13, 'info': 'both', 'lp_status': 'optimal', 'lp_message': '', 'fallback': False}]",4371.748850314325,3720.4435339193265,0.21970719999808352,0.3558755999983987
"[{'theta': array([-5770.65725396]), 'n_active': 1, 'beta1_train': -4338.203091229732, 'beta0_train': -4497.724112432036, 'beta1_val': -4524.0, 'beta0_val': -4524.0, 'selected_score': -4497.724112432036, 'evaluations': 20, 'seconds': 0.028291900001931936, 'method': 'differential_evolution_v2', 'accepted_search': True, 'solver_message': 'Optimization terminated successfully.'}, {'theta': array([-3.18779737e+03,  6.25620199e-01]), 'n_active': 2, 'beta1_train': 109.38624012506223, 'beta0_train': -2761.462586515448, 'beta1_val': -177.10717272644024, 'beta0_val': -2647.8535149781183, 'selected_score': -2761.462586515448, 'evaluations': 55, 'seconds': 0.039749399991706014, 'method': 'differential_evolution_v2', 'accepted_search': True, 'solver_message': 'Optimization terminated successfully.'}, {'theta': array([ 2.72928144e+02,  1.10852388e+00, -8.63244810e+03,  1.54304972e+00]), 'n_active': 4, 'beta1_train': -75.55352358569507, 'beta0_train': -91.65923960263216, 'beta1_val': -1623.166108992356, 'beta0_val': -1623.166108992356, 'selected_score': -124.65130627326535, 'evaluations': 185, 'seconds': 0.13520170000265352, 'method': 'differential_evolution_v2', 'accepted_search': True, 'solver_message': 'Maximum number of iterations has been exceeded.'}]",42,"[{'update_slot': 78, 'hour': 13, 'info': 'both', 'lp_status': 'optimal', 'lp_message': '', 'fallback': False}]",3720.4435339193265,3444.4302458764287,0.20324299999629147,0.34320109999680426
"[{'theta': array([-5522.57270006]), 'n_active': 1, 'beta1_train': -3271.0613641013488, 'beta0_train': -3445.365389101425, 'beta1_val': -3466.8, 'beta0_val': -3466.8, 'selected_score': -3445.365389101425, 'evaluations': 50, 'seconds': 0.05943400000978727, 'method': 'differential_evolution_v2', 'accepted_search': True, 'solver_message': 'Maximum number of iterations has been exceeded.'}, {'theta': array([-8.04573647e+03,  2.21725831e-02]), 'n_active': 2, 'beta1_train': 356.77438281954517, 'beta0_train': -2363.9414696729923, 'beta1_val': 663.5394431447398, 'beta0_val': -2281.037559882089, 'selected_score': -2363.9414696729923, 'evaluations': 95, 'seconds': 0.06469339999603108, 'method': 'differential_evolution_v2', 'accepted_search': True, 'solver_message': 'Maximum number of iterations has been exceeded.'}, {'theta': array([ 0.        , -1.18683895,  0.        ,  0.        ]), 'n_active': 4, 'beta1_train': 870.4151553291518, 'beta0_train': 1070.2163519874243, 'beta1_val': -1223.9275351479191, 'beta0_val': -1223.9275351479191, 'selected_score': 870.3461835479092, 'evaluations': 185, 'seconds': 0.1355658999964362, 'method': 'differential_evolution_v2', 'accepted_search': True, 'solver_message': 'Maximum number of iterations has been exceeded.'}]",42,"[{'update_slot': 78, 'hour': 13, 'info': 'both', 'lp_status': 'optimal', 'lp_message': '', 'fallback': False}]",3444.4302458764287,3420.3648463551144,0.25969330000225455,0.40232799999648705
"[{'theta': array([-1990.86151921]), 'n_active': 1, 'beta1_train': -3419.412792089395, 'beta0_train': -3649.8623944585775, 'beta1_val': -3682.8, 'beta0_val': -3682.8, 'selected_score': -3649.8623944585775, 'evaluations': 50, 'seconds': 0.05951539998932276, 'method': 'differential_evolution_v2', 'accepted_search': True, 'solver_message': 'Maximum number of iterations has been exceeded.'}, {'theta': array([-6.94442693e+03, -1.16556408e+00]), 'n_active': 2, 'beta1_train': 65.8871986932268, 'beta0_train': -2684.8059676564585, 'beta1_val': 389.7605567168248, 'beta0_val': -2535.139773705786, 'selected_score': -2684.8059676564585, 'evaluations': 75, 'seconds': 0.05251360000693239, 'method': 'differential_evolution_v2', 'accepted_search': True, 'solver_message': 'Optimization terminated successfully.'}, {'theta': array([-1.41670434e+02, -2.73422291e-01, -8.35979553e+03,  9.13293413e-01]), 'n_active': 4, 'beta1_train': 1384.7743434456343, 'beta0_train': 1263.7048118644518, 'beta1_val': -665.5956764160529, 'beta0_val': -1029.0438385141697, 'selected_score': 1082.6101023882234, 'evaluations': 185, 'seconds': 0.14612219999253284, 'method': 'differential_evolution_v2', 'accepted_search': True, 'solver_message': 'Maximum number of iterations has been exceeded.'}]",42,"[{'update_slot': 78, 'hour': 13, 'info': 'both', 'lp_status': 'optimal', 'lp_message': '', 'fallback': False}]",3420.3648463551144,3886.6388832229322,0.258151199988788,0.40416770000592805
"[{'theta': array([-9349.32970551]), 'n_active': 1, 'beta1_train': -2757.9164572982545, 'beta0_train': -3011.256949989144, 'beta1_val': -3077.9999999999995, 'beta0_val': -3077.9999999999995, 'selected_score': -3011.256949989144, 'evaluations': 15, 'seconds': 0.023401900005410425, 'method': 'differential_evolution_v2', 'accepted_search': True, 'solver_message': 'Optimization terminated successfully.'}, {'theta': array([-8.72683389e+03,  2.68305811e-01]), 'n_active': 2, 'beta1_train': 41.462741373492996, 'beta0_train': -2364.1806460775274, 'beta1_val': -131.93393576779727, 'beta0_val': -2595.2989999619103, 'selected_score': -2364.1806460775274, 'evaluations': 95, 'seconds': 0.061915300000691786, 'method': 'differential_evolution_v2', 'accepted_search': True, 'solver_message': 'Maximum number of iterations has been exceeded.'}, {'theta': array([0., 0., 0., 0.]), 'n_active': 4, 'beta1_train': 2055.438202160973, 'beta0_train': 2347.7220358336626, 'beta1_val': -919.1948353698677, 'beta0_val': -919.1948353698677, 'selected_score': 2055.438202160973, 'evaluations': 185, 'seconds': 0.13684410000860225, 'method': 'differential_evolution_v2', 'accepted_search': True, 'solver_message': 'Maximum number of iterations has been exceeded.'}]",42,"[{'update_slot': 78, 'hour': 13, 'info': 'both', 'lp_status': 'optimal', 'lp_message': '', 'fallback': False}]",3886.6388832229322,2963.8726284423133,0.22216130001470447,0.3572204999945825
"[{'theta': array([-5070.56939293]), 'n_active': 1, 'beta1_train': -746.6490226569994, 'beta0_train': -879.0615272085647, 'beta1_val': -1042.4226483132038, 'beta0_val': -1042.4226483132038, 'selected_score': -879.0615272085647, 'evaluations': 50, 'seconds': 0.05427090000011958, 'method': 'differential_evolution_v2', 'accepted_search': True, 'solver_message': 'Maximum number of iterations has been exceeded.'}, {'theta': array([-5.36804302e+03, -4.55240850e-01]), 'n_active': 2, 'beta1_train': -2512.5618219122157, 'beta0_train': -3094.6540404142524, 'beta1_val': -1703.2548720451193, 'beta0_val': -2935.156627320511, 'selected_score': -3094.6540404142524, 'evaluations': 95, 'seconds': 0.0608634000091115, 'method': 'differential_evolution_v2', 'accepted_search': True, 'solver_message': 'Maximum number of iterations has been exceeded.'}, {'theta': array([-2.83077563e+02,  4.52690398e-02, -2.23410559e+02, -8.88015391e-01]), 'n_active': 4, 'beta1_train': 973.3712052216891, 'beta0_train': 1017.3806024142949, 'beta1_val': -819.2939272717072, 'beta0_val': -819.2939272717072, 'selected_score': 935.3773210833499, 'evaluations': 185, 'seconds': 0.1333061000041198, 'method': 'differential_evolution_v2', 'accepted_search': True, 'solver_message': 'Maximum number of iterations has been exceeded.'}]",42,"[{'update_slot': 78, 'hour': 13, 'info': 'both', 'lp_status': 'optimal', 'lp_message': '', 'fallback': False}]",2963.8726284423133,3046.623128795457,0.24844040001335088,0.39315660001011565
"[{'theta': array([-225.90136994]), 'n_active': 1, 'beta1_train': -1169.8867206192572, 'beta0_train': -1170.6419408081574, 'beta1_val': -1608.561878968061, 'beta0_val': -1608.561878968061, 'selected_score': -1191.3576656930863, 'evaluations': 50, 'seconds': 0.05747270000574645, 'method': 'differential_evolution_v2', 'accepted_search': True, 'solver_message': 'Maximum number of iterations has been exceeded.'}, {'theta': array([-3.46605424e+03,  1.57616303e+00]), 'n_active': 2, 'beta1_train': -3290.414721869588, 'beta0_train': -4283.4705321383, 'beta1_val': -3173.339799432483, 'beta0_val': -4285.2, 'selected_score': -4283.4705321383, 'evaluations': 25, 'seconds': 0.026919700001599267, 'method': 'differential_evolution_v2', 'accepted_search': True, 'solver_message': 'Optimization terminated successfully.'}, {'theta': array([-1.16987212e+02,  1.02165665e+00, -2.27423594e+03,  1.79792964e+00]), 'n_active': 4, 'beta1_train': 807.6706873966662, 'beta0_train': 804.6436572828613, 'beta1_val': -1460.4528551497176, 'beta0_val': -1460.4528551497176, 'selected_score': 628.3467504843242, 'evaluations': 185, 'seconds': 0.1294213000073796, 'method': 'differential_evolution_v2', 'accepted_search': True, 'solver_message': 'Maximum number of iterations has been exceeded.'}]",42,"[{'update_slot': 78, 'hour': 13, 'info': 'both', 'lp_status': 'optimal', 'lp_message': '', 'fallback': False}]",3046.623128795457,4293.839157528009,0.21381370001472533,0.35141670001030434
"[{'theta': array([-3039.1226906]), 'n_active': 1, 'beta1_train': -2859.782100027002, 'beta0_train': -3529.0809605415843, 'beta1_val': -3416.721822153002, 'beta0_val': -3627.6000000000004, 'selected_score': -3529.0809605415843, 'evaluations': 20, 'seconds': 0.028034399991156533, 'method': 'differential_evolution_v2', 'accepted_search': True, 'solver_message': 'Optimization terminated successfully.'}, {'theta': array([-3.5719941e+03,  1.3235824e+00]), 'n_active': 2, 'beta1_train': -631.9420535709671, 'beta0_train': -2845.754493056773, 'beta1_val': -742.0572800994732, 'beta0_val': -2895.172024355384, 'selected_score': -2845.754493056773, 'evaluations': 95, 'seconds': 0.06029490000219084, 'method': 'differential_evolution_v2', 'accepted_search': True, 'solver_message': 'Maximum number of iterations has been exceeded.'}, {'theta': array([-3.24776014e+02,  5.23930804e-01, -2.87398476e+03, -5.64317620e-01]), 'n_active': 4, 'beta1_train': 2880.3855240716307, 'beta0_train': 2797.6045813999913, 'beta1_val': -1013.299071908061, 'beta0_val': -1107.8342581391992, 'selected_score': 2515.352642520487, 'evaluations': 185, 'seconds': 0.13044670000090264, 'method': 'differential_evolution_v2', 'accepted_search': True, 'solver_message': 'Maximum number of iterations has been exceeded.'}]",42,"[{'update_slot': 78, 'hour': 13, 'info': 'both', 'lp_status': 'optimal', 'lp_message': '', 'fallback': False}]",4293.839157528009,2705.0864242349194,0.21877599999425001,0.3529790000029607
"[{'theta': array([-8566.83144043]), 'n_active': 1, 'beta1_train': -3881.4963581445663, 'beta0_train': -4110.734955678642, 'beta1_val': -4157.999999999999, 'beta0_val': -4157.999999999999, 'selected_score': -4110.734955678642, 'evaluations': 20, 'seconds': 0.028185799994389527, 'method': 'differential_evolution_v2', 'accepted_search': True, 'solver_message': 'Optimization terminated successfully.'}, {'theta': array([-3.92522843e+03, -1.41643223e-01]), 'n_active': 2, 'beta1_train': -818.1496801943563, 'beta0_train': -3416.7163482150163, 'beta1_val': 1650.832037742488, 'beta0_val': -2936.7351443347807, 'selected_score': -3416.7163482150163, 'evaluations': 45, 'seconds': 0.03476080000109505, 'method': 'differential_evolution_v2', 'accepted_search': True, 'solver_message': 'Optimization terminated successfully.'}, {'theta': array([-3.18786781e+02, -1.20386783e+00, -5.07112554e+03, -2.04489560e-01]), 'n_active': 4, 'beta1_train': 2381.0377297494415, 'beta0_train': 2190.961118636124, 'beta1_val': -636.9495206058963, 'beta0_val': -835.4068802456223, 'selected_score': 2043.3191595768217, 'evaluations': 185, 'seconds': 0.1304482999985339, 'method': 'differential_evolution_v2', 'accepted_search': True, 'solver_message': 'Maximum number of iterations has been exceeded.'}]",42,"[{'update_slot': 78, 'hour': 13, 'info': 'both', 'lp_status': 'optimal', 'lp_message': '', 'fallback': False}]",2705.0864242349194,2352.4088614063053,0.1933948999940185,0.3281979999883333
"[{'theta': array([-5361.36009336]), 'n_active': 1, 'beta1_train': -3830.5535757935327, 'beta0_train': -4141.207248723069, 'beta1_val': -4198.8, 'beta0_val': -4198.8, 'selected_score': -4141.207248723069, 'evaluations': 25, 'seconds': 0.03227070000139065, 'method': 'differential_evolution_v2', 'accepted_search': True, 'solver_message': 'Optimization terminated successfully.'}, {'theta': array([-8.33759626e+03,  1.27989736e+00]), 'n_active': 2, 'beta1_train': 20.513689017451767, 'beta0_train': -2804.164330969526, 'beta1_val': -934.3391482436004, 'beta0_val': -3203.53200212042, 'selected_score': -2804.164330969526, 'evaluations': 95, 'seconds': 0.06200770000577904, 'method': 'differential_evolution_v2', 'accepted_search': True, 'solver_message': 'Maximum number of iterations has been exceeded.'}, {'theta': array([ 8.76395635e+01, -5.25099402e-01, -8.03261301e+02,  7.57469696e-01]), 'n_active': 4, 'beta1_train': 1925.1841175919558, 'beta0_train': 1981.429527570798, 'beta1_val': -909.0917007281209, 'beta0_val': -909.0917007281209, 'selected_score': 1882.7683121905538, 'evaluations': 185, 'seconds': 0.13195190000988077, 'method': 'differential_evolution_v2', 'accepted_search': True, 'solver_message': 'Maximum number of iterations has been exceeded.'}]",42,"[{'update_slot': 78, 'hour': 13, 'info': 'both', 'lp_status': 'optimal', 'lp_message': '', 'fallback': False}]",2352.4088614063053,2718.0954236273146,0.22623030001705047,0.3651949000050081
"[{'theta': array([-9191.36120374]), 'n_active': 1, 'beta1_train': -4007.6698377679654, 'beta0_train': -4217.459893670301, 'beta1_val': -4232.886648016666, 'beta0_val': -4259.846001884773, 'selected_score': -4217.459893670301, 'evaluations': 20, 'seconds': 0.02983949999907054, 'method': 'differential_evolution_v2', 'accepted_search': True, 'solver_message': 'Optimization terminated successfully.'}, {'theta': array([-7.88504609e+03,  6.63058637e-01]), 'n_active': 2, 'beta1_train': -667.0937502303465, 'beta0_train': -3222.1516027133252, 'beta1_val': -853.0024312960581, 'beta0_val': -3057.07213573087, 'selected_score': -3222.1516027133252, 'evaluations': 35, 'seconds': 0.03035220000310801, 'method': 'differential_evolution_v2', 'accepted_search': True, 'solver_message': 'Optimization terminated successfully.'}, {'theta': array([-2.99575753e+02, -8.03417393e-01, -5.18967225e+03, -8.04384267e-01]), 'n_active': 4, 'beta1_train': 3256.5289115527335, 'beta0_train': 3185.1998141910344, 'beta1_val': -270.6173930368748, 'beta0_val': -1121.0000735003273, 'selected_score': 2806.6992269023285, 'evaluations': 185, 'seconds': 0.1342058000009274, 'method': 'differential_evolution_v2', 'accepted_search': True, 'solver_message': 'Maximum number of iterations has been exceeded.'}]",42,"[{'update_slot': 78, 'hour': 13, 'info': 'both', 'lp_status': 'optimal', 'lp_message': '', 'fallback': False}]",2718.0954236273146,2525.473435310001,0.19439750000310596,0.3344192000076873
"[{'theta': array([-6008.57562691]), 'n_active': 1, 'beta1_train': -2869.4238024492347, 'beta0_train': -3159.445992295881, 'beta1_val': -3201.5999999999995, 'beta0_val': -3201.5999999999995, 'selected_score': -3159.445992295881, 'evaluations': 20, 'seconds': 0.029180099998484366, 'method': 'differential_evolution_v2', 'accepted_search': True, 'solver_message': 'Optimization terminated successfully.'}, {'theta': array([-4.81492878e+03,  8.54301638e-01]), 'n_active': 2, 'beta1_train': 353.64464218394454, 'beta0_train': -2589.7171013344678, 'beta1_val': -216.29525758502496, 'beta0_val': -2770.133652175732, 'selected_score': -2589.7171013344678, 'evaluations': 35, 'seconds': 0.027767200008383952, 'method': 'differential_evolution_v2', 'accepted_search': True, 'solver_message': 'Optimization terminated successfully.'}, {'theta': array([-9600.,     0., -9600.,     0.]), 'n_active': 4, 'beta1_train': 2811.25702690804, 'beta0_train': 2801.163321574206, 'beta1_val': 741.8804272047214, 'beta0_val': -746.7201691686232, 'selected_score': 2801.163321574206, 'evaluations': 185, 'seconds': 0.13559189999068622, 'method': 'differential_evolution_v2', 'accepted_search': False, 'solver_message': 'Maximum number of iterations has been exceeded.'}]",42,"[{'update_slot': 78, 'hour': 13, 'info': 'both', 'lp_status': 'optimal', 'lp_message': '', 'fallback': False}]",2525.473435310001,2391.789527466583,0.19253919999755453,0.3281996000005165
"[{'theta': array([-693.06499279]), 'n_active': 1, 'beta1_train': -648.9698448087057, 'beta0_train': -680.3203313513883, 'beta1_val': -1008.6607519691157, 'beta0_val': -1008.6607519691157, 'selected_score': -681.8641104634639, 'evaluations': 50, 'seconds': 0.0540327999915462, 'method': 'differential_evolution_v2', 'accepted_search': True, 'solver_message': 'Maximum number of iterations has been exceeded.'}, {'theta': array([-3.40079597e+03, -1.56720080e-01]), 'n_active': 2, 'beta1_train': -1308.681346478063, 'beta0_train': -2193.6000000000004, 'beta1_val': -1048.651735466775, 'beta0_val': -2193.6, 'selected_score': -2193.6000000000004, 'evaluations': 95, 'seconds': 0.060048799990909174, 'method': 'differential_evolution_v2', 'accepted_search': True, 'solver_message': 'Maximum number of iterations has been exceeded.'}, {'theta': array([ 1.45103750e+03,  7.58191695e-01, -1.52857889e+02,  7.43343981e-01]), 'n_active': 4, 'beta1_train': 1904.2073195003852, 'beta0_train': 1981.2911220833212, 'beta1_val': -486.30544625447163, 'beta0_val': -486.30544625447163, 'selected_score': 1824.020853790404, 'evaluations': 185, 'seconds': 0.12994590000016615, 'method': 'differential_evolution_v2', 'accepted_search': True, 'solver_message': 'Maximum number of iterations has been exceeded.'}]",42,"[{'update_slot': 78, 'hour': 13, 'info': 'both', 'lp_status': 'optimal', 'lp_message': '', 'fallback': False}]",2391.789527466583,2732.9768605421577,0.24402749998262152,0.38345069999923
"[{'theta': array([-278.1062631]), 'n_active': 1, 'beta1_train': -1001.6489447676321, 'beta0_train': -1007.6885594911661, 'beta1_val': -1392.395798606607, 'beta0_val': -1392.395798606607, 'selected_score': -1013.9115155014307, 'evaluations': 50, 'seconds': 0.05541339999763295, 'method': 'differential_evolution_v2', 'accepted_search': True, 'solver_message': 'Maximum number of iterations has been exceeded.'}, {'theta': array([-2.51489558e+03,  1.67927166e+00]), 'n_active': 2, 'beta1_train': -3175.9301635552015, 'beta0_train': -3969.593606425882, 'beta1_val': -3217.7159250795603, 'beta0_val': -3804.4344012990737, 'selected_score': -3969.593606425882, 'evaluations': 95, 'seconds': 0.059870700002647936, 'method': 'differential_evolution_v2', 'accepted_search': True, 'solver_message': 'Maximum number of iterations has been exceeded.'}, {'theta': array([-178.31987293,   -1.13350377, -238.19848722,   -1.18084767]), 'n_active': 4, 'beta1_train': 1390.68600774822, 'beta0_train': 1574.4624019457021, 'beta1_val': -1194.4783606041888, 'beta0_val': -1226.764280172479, 'selected_score': 1274.794189229923, 'evaluations': 185, 'seconds': 0.12916060000134166, 'method': 'differential_evolution_v2', 'accepted_search': True, 'solver_message': 'Maximum number of iterations has been exceeded.'}]",42,"[{'update_slot': 78, 'hour': 13, 'info': 'both', 'lp_status': 'optimal', 'lp_message': '', 'fallback': False}]",2732.9768605421577,3131.6073549692387,0.24444470000162255,0.38349249999737367
"[{'theta': array([-3366.31415181]), 'n_active': 1, 'beta1_train': -2140.422818822103, 'beta0_train': -3305.760698258915, 'beta1_val': -2817.564372662807, 'beta0_val': -4066.704862602503, 'selected_score': -3305.760698258915, 'evaluations': 50, 'seconds': 0.05558000000019092, 'method': 'differential_evolution_v2', 'accepted_search': True, 'solver_message': 'Maximum number of iterations has been exceeded.'}, {'theta': array([-4.26860807e+03, -1.25157733e+00]), 'n_active': 2, 'beta1_train': -323.74602039567236, 'beta0_train': -2879.4091461186395, 'beta1_val': -1066.1342095074147, 'beta0_val': -3100.803072689402, 'selected_score': -2879.4091461186395, 'evaluations': 55, 'seconds': 0.04031689999101218, 'method': 'differential_evolution_v2', 'accepted_search': True, 'solver_message': 'Optimization terminated successfully.'}, {'theta': array([-3.04883455e+02,  9.95007809e-01, -1.17572593e+03, -1.97260367e+00]), 'n_active': 4, 'beta1_train': 2822.416905767927, 'beta0_train': 2898.3299484844747, 'beta1_val': -232.70129405408125, 'beta0_val': -410.822787856393, 'selected_score': 2652.54666038279, 'evaluations': 185, 'seconds': 0.13143599999602884, 'method': 'differential_evolution_v2', 'accepted_search': True, 'solver_message': 'Maximum number of iterations has been exceeded.'}]",42,"[{'update_slot': 78, 'hour': 13, 'info': 'both', 'lp_status': 'optimal', 'lp_message': '', 'fallback': False}]",3131.6073549692387,2480.800018581268,0.22733289998723194,0.3656038999906741
"[{'theta': array([-7675.30729201]), 'n_active': 1, 'beta1_train': -4103.376010631113, 'beta0_train': -4282.801490512279, 'beta1_val': -4333.2, 'beta0_val': -4333.2, 'selected_score': -4282.801490512279, 'evaluations': 25, 'seconds': 0.03244200001063291, 'method': 'differential_evolution_v2', 'accepted_search': True, 'solver_message': 'Optimization terminated successfully.'}, {'theta': array([-1.55561212e+03,  1.07275925e+00]), 'n_active': 2, 'beta1_train': -378.2555423133732, 'beta0_train': -3010.615763752174, 'beta1_val': -242.37590120782716, 'beta0_val': -2676.7805238277097, 'selected_score': -3010.615763752174, 'evaluations': 95, 'seconds': 0.061225800003740005, 'method': 'differential_evolution_v2', 'accepted_search': True, 'solver_message': 'Maximum number of iterations has been exceeded.'}, {'theta': array([-9600.,     0., -9600.,     0.]), 'n_active': 4, 'beta1_train': 2741.9266963268133, 'beta0_train': 2820.1322710500335, 'beta1_val': -134.0805417847239, 'beta0_val': -955.68425236406, 'selected_score': 2820.1322710500335, 'evaluations': 185, 'seconds': 0.13233139998919796, 'method': 'differential_evolution_v2', 'accepted_search': False, 'solver_message': 'Maximum number of iterations has been exceeded.'}]",42,"[{'update_slot': 78, 'hour': 13, 'info': 'both', 'lp_status': 'optimal', 'lp_message': '', 'fallback': False}]",2480.800018581268,2231.457007615509,0.22599920000357088,0.362160299991956
"[{'theta': array([-5764.71098478]), 'n_active': 1, 'beta1_train': -3686.1949049627733, 'beta0_train': -4002.5084561925414, 'beta1_val': -4060.7999999999993, 'beta0_val': -4060.7999999999993, 'selected_score': -4002.5084561925414, 'evaluations': 50, 'seconds': 0.05720599999767728, 'method': 'differential_evolution_v2', 'accepted_search': True, 'solver_message': 'Maximum number of iterations has been exceeded.'}, {'theta': array([-3.33559477e+03,  6.12136055e-01]), 'n_active': 2, 'beta1_train': 17.429279101719036, 'beta0_train': -2574.043420976996, 'beta1_val': 77.00284685508996, 'beta0_val': -2488.565212818166, 'selected_score': -2574.043420976996, 'evaluations': 55, 'seconds': 0.040113499999279156, 'method': 'differential_evolution_v2', 'accepted_search': True, 'solver_message': 'Optimization terminated successfully.'}, {'theta': array([76.21785852, -0.99590413,  0.        ,  0.        ]), 'n_active': 4, 'beta1_train': 2500.433436220841, 'beta0_train': 2817.1847272911805, 'beta1_val': -523.8364585515957, 'beta0_val': -523.8364585515957, 'selected_score': 2500.140358679795, 'evaluations': 185, 'seconds': 0.13188679999439046, 'method': 'differential_evolution_v2', 'accepted_search': True, 'solver_message': 'Maximum number of iterations has been exceeded.'}]",42,"[{'update_slot': 78, 'hour': 13, 'info': 'both', 'lp_status': 'optimal', 'lp_message': '', 'fallback': False}]",2231.457007615509,1200.0,0.2292062999913469,0.3723965999961365
"[{'theta': array([-9600.]), 'n_active': 1, 'beta1_train': -3818.6194183569473, 'beta0_train': -3890.2811645186894, 'beta1_val': -651.3645882938622, 'beta0_val': -2508.701325468814, 'selected_score': -3890.2811645186894, 'evaluations': 25, 'seconds': 0.03257860000303481, 'method': 'differential_evolution_v2', 'accepted_search': False, 'solver_message': 'Optimization terminated successfully.'}, {'theta': array([-2.99312370e+03,  1.03788773e+00]), 'n_active': 2, 'beta1_train': -394.1580534882124, 'beta0_train': -2802.1841711391303, 'beta1_val': 2477.3479202324565, 'beta0_val': -1926.0680874723457, 'selected_score': -2802.1841711391303, 'evaluations': 95, 'seconds': 0.06209220000891946, 'method': 'differential_evolution_v2', 'accepted_search': True, 'solver_message': 'Maximum number of iterations has been exceeded.'}, {'theta': array([0., 0., 0., 0.]), 'n_active': 4, 'beta1_train': 730.7975449577492, 'beta0_train': 741.4912606847014, 'beta1_val': 15730.450213611424, 'beta0_val': 17987.542443779133, 'selected_score': 730.7975449577492, 'evaluations': 185, 'seconds': 0.1331489000003785, 'method': 'differential_evolution_v2', 'accepted_search': False, 'solver_message': 'Maximum number of iterations has been exceeded.'}]",42,"[{'update_slot': 78, 'hour': 13, 'info': 'both', 'lp_status': 'optimal', 'lp_message': '', 'fallback': False}]",1200.0,1200.0,0.22781970001233276,0.3699684999883175
"[{'theta': array([-9129.27180553]), 'n_active': 1, 'beta1_train': -1903.9056926308858, 'beta0_train': -1949.5871779235777, 'beta1_val': 1019.328107398688, 'beta0_val': -446.20027436821806, 'selected_score': -1949.5871779235777, 'evaluations': 50, 'seconds': 0.05436850000114646, 'method': 'differential_evolution_v2', 'accepted_search': True, 'solver_message': 'Maximum number of iterations has been exceeded.'}, {'theta': array([-6.41465243e+03,  7.40408153e-01]), 'n_active': 2, 'beta1_train': 1273.818690752258, 'beta0_train': -1057.112039358735, 'beta1_val': 10652.657953754566, 'beta0_val': 9940.095186812438, 'selected_score': -1057.112039358735, 'evaluations': 65, 'seconds': 0.043910299995332025, 'method': 'differential_evolution_v2', 'accepted_search': True, 'solver_message': 'Optimization terminated successfully.'}, {'theta': array([ 3.66521109e+02, -9.83769226e-01, -9.12580225e+03, -8.07762970e-01]), 'n_active': 4, 'beta1_train': 1078.234496704609, 'beta0_train': 1207.0248849332143, 'beta1_val': 13388.709435597395, 'beta0_val': 15442.954477686275, 'selected_score': 1023.6409518226179, 'evaluations': 185, 'seconds': 0.12948079999478068, 'method': 'differential_evolution_v2', 'accepted_search': True, 'solver_message': 'Maximum number of iterations has been exceeded.'}]",42,"[{'update_slot': 78, 'hour': 13, 'info': 'both', 'lp_status': 'optimal', 'lp_message': '', 'fallback': False}]",1200.0,1254.182055,0.22775959999125917,0.3634506000089459
"[{'theta': array([-3248.20459831]), 'n_active': 1, 'beta1_train': -1021.83456392426, 'beta0_train': -1026.7522860756517, 'beta1_val': 1512.1437613316796, 'beta0_val': 1217.4207538647622, 'selected_score': -1026.7522860756517, 'evaluations': 20, 'seconds': 0.02780160000838805, 'method': 'differential_evolution_v2', 'accepted_search': True, 'solver_message': 'Optimization terminated successfully.'}, {'theta': array([-4.79880687e+03,  1.84766331e+00]), 'n_active': 2, 'beta1_train': -1760.4790774292132, 'beta0_train': -2380.626566595987, 'beta1_val': -1631.9848639533202, 'beta0_val': -2394.0, 'selected_score': -2380.626566595987, 'evaluations': 25, 'seconds': 0.025766299993847497, 'method': 'differential_evolution_v2', 'accepted_search': True, 'solver_message': 'Optimization terminated successfully.'}, {'theta': array([0., 0., 0., 0.]), 'n_active': 4, 'beta1_train': 515.6596585528324, 'beta0_train': 691.4419834946578, 'beta1_val': 8828.330872085637, 'beta0_val': 11941.871379158256, 'selected_score': 515.6596585528324, 'evaluations': 185, 'seconds': 0.1303211999911582, 'method': 'differential_evolution_v2', 'accepted_search': True, 'solver_message': 'Maximum number of iterations has been exceeded.'}]",42,"[{'update_slot': 78, 'hour': 13, 'info': 'both', 'lp_status': 'optimal', 'lp_message': '', 'fallback': False}]",1254.182055,1200.0000029790713,0.18388909999339376,0.31946830000379123
"[{'theta': array([0.]), 'n_active': 1, 'beta1_train': -2029.393354901036, 'beta0_train': -2033.902347280406, 'beta1_val': 258.6632811989259, 'beta0_val': 312.9153135088061, 'selected_score': -2029.393354901036, 'evaluations': 15, 'seconds': 0.024505399996996857, 'method': 'differential_evolution_v2', 'accepted_search': False, 'solver_message': 'Optimization terminated successfully.'}, {'theta': array([-1.60454908e+03, -1.35452183e+00]), 'n_active': 2, 'beta1_train': -3471.421515390145, 'beta0_train': -4206.6730497720755, 'beta1_val': -1733.4699953778336, 'beta0_val': -3588.35512847176, 'selected_score': -4206.6730497720755, 'evaluations': 95, 'seconds': 0.06495410000206903, 'method': 'differential_evolution_v2', 'accepted_search': True, 'solver_message': 'Maximum number of iterations has been exceeded.'}, {'theta': array([0., 0., 0., 0.]), 'n_active': 4, 'beta1_train': -964.8069839286804, 'beta0_train': -1109.608883294828, 'beta1_val': 6434.846885533065, 'beta0_val': 7293.643378328275, 'selected_score': -964.8069839286804, 'evaluations': 185, 'seconds': 0.13371769999503158, 'method': 'differential_evolution_v2', 'accepted_search': False, 'solver_message': 'Maximum number of iterations has been exceeded.'}]",42,"[{'update_slot': 78, 'hour': 13, 'info': 'both', 'lp_status': 'optimal', 'lp_message': '', 'fallback': False}]",1200.0000029790713,2108.6610561220878,0.22317719999409746,0.36353719999897294
"[{'theta': array([-4854.64213372]), 'n_active': 1, 'beta1_train': -3844.181459557691, 'beta0_train': -3924.393806787, 'beta1_val': -2995.198616292599, 'beta0_val': -3602.2824067166234, 'selected_score': -3924.393806787, 'evaluations': 50, 'seconds': 0.055126799998106435, 'method': 'differential_evolution_v2', 'accepted_search': True, 'solver_message': 'Maximum number of iterations has been exceeded.'}, {'theta': array([-5.24012463e+03, -6.01353986e-01]), 'n_active': 2, 'beta1_train': -274.20388499600784, 'beta0_train': -2892.351385653385, 'beta1_val': 4240.442086225789, 'beta0_val': -2082.3971192512495, 'selected_score': -2892.351385653385, 'evaluations': 95, 'seconds': 0.06338289999985136, 'method': 'differential_evolution_v2', 'accepted_search': True, 'solver_message': 'Maximum number of iterations has been exceeded.'}, {'theta': array([0., 0., 0., 0.]), 'n_active': 4, 'beta1_train': -540.0474949022235, 'beta0_train': -597.3600385727618, 'beta1_val': 6901.608035453908, 'beta0_val': 9365.97277852488, 'selected_score': -540.0474949022235, 'evaluations': 185, 'seconds': 0.1291579999960959, 'method': 'differential_evolution_v2', 'accepted_search': False, 'solver_message': 'Maximum number of iterations has been exceeded.'}]",42,"[{'update_slot': 78, 'hour': 13, 'info': 'both', 'lp_status': 'optimal', 'lp_message': '', 'fallback': False}]",2108.6610561220878,1200.0,0.2476676999940537,0.38567109999712557
"[{'theta': array([-6868.60324902]), 'n_active': 1, 'beta1_train': -4574.478195252762, 'beta0_train': -4620.300695296647, 'beta1_val': -4634.819965666927, 'beta0_val': -4634.819965666927, 'selected_score': -4620.300695296647, 'evaluations': 20, 'seconds': 0.02778770000441, 'method': 'differential_evolution_v2', 'accepted_search': True, 'solver_message': 'Optimization terminated successfully.'}, {'theta': array([-2.52554933e+03,  1.94748786e+00]), 'n_active': 2, 'beta1_train': -1749.5347754433897, 'beta0_train': -4513.423540307544, 'beta1_val': 608.5102670490323, 'beta0_val': -4119.232552244654, 'selected_score': -4513.423540307544, 'evaluations': 45, 'seconds': 0.03537800000049174, 'method': 'differential_evolution_v2', 'accepted_search': True, 'solver_message': 'Optimization terminated successfully.'}, {'theta': array([ 0.00000000e+00, -1.44810561e+00, -9.56300116e+03, -7.96726721e-01]), 'n_active': 4, 'beta1_train': -1577.1358758687684, 'beta0_train': -1556.0096964298737, 'beta1_val': 898.7264578643908, 'beta0_val': 757.2869527866021, 'selected_score': -1607.3353351900714, 'evaluations': 185, 'seconds': 0.1320038999983808, 'method': 'differential_evolution_v2', 'accepted_search': True, 'solver_message': 'Maximum number of iterations has been exceeded.'}]",42,"[{'update_slot': 78, 'hour': 13, 'info': 'both', 'lp_status': 'optimal', 'lp_message': '', 'fallback': False}]",1200.0,2404.447321481482,0.19516960000328254,0.32799980000709184
"[{'theta': array([-3995.10887837]), 'n_active': 1, 'beta1_train': -4863.072652991954, 'beta0_train': -4953.891099159175, 'beta1_val': -3429.529636361661, 'beta0_val': -4457.664245700961, 'selected_score': -4953.891099159175, 'evaluations': 25, 'seconds': 0.033530899992911145, 'method': 'differential_evolution_v2', 'accepted_search': True, 'solver_message': 'Optimization terminated successfully.'}, {'theta': array([-7.59583916e+03, -4.79910846e-01]), 'n_active': 2, 'beta1_train': -448.660466181676, 'beta0_train': -3146.907218485633, 'beta1_val': 8244.907533511556, 'beta0_val': 4482.796610771089, 'selected_score': -3146.907218485633, 'evaluations': 35, 'seconds': 0.029131000002962537, 'method': 'differential_evolution_v2', 'accepted_search': True, 'solver_message': 'Optimization terminated successfully.'}, {'theta': array([-1.68225025e+02,  7.57325323e-01, -2.64117067e+03, -1.85370953e+00]), 'n_active': 4, 'beta1_train': -409.118523495861, 'beta0_train': -634.2064942645223, 'beta1_val': 1773.0304002083512, 'beta0_val': 1623.7888399998628, 'selected_score': -725.6944197260835, 'evaluations': 185, 'seconds': 0.13204070000210777, 'method': 'differential_evolution_v2', 'accepted_search': True, 'solver_message': 'Maximum number of iterations has been exceeded.'}]",42,"[{'update_slot': 78, 'hour': 13, 'info': 'both', 'lp_status': 'optimal', 'lp_message': '', 'fallback': False}]",2404.447321481482,4451.763676802717,0.19470259999798145,0.3255990000034217
"[{'theta': array([-3070.90377627]), 'n_active': 1, 'beta1_train': -4421.423766386355, 'beta0_train': -4475.626249168426, 'beta1_val': -4484.4, 'beta0_val': -4484.4, 'selected_score': -4475.626249168426, 'evaluations': 20, 'seconds': 0.02836830000160262, 'method': 'differential_evolution_v2', 'accepted_search': True, 'solver_message': 'Optimization terminated successfully.'}, {'theta': array([-8.02825904e+03, -1.96508807e+00]), 'n_active': 2, 'beta1_train': -295.08483744240027, 'beta0_train': -3238.5944534797964, 'beta1_val': -747.1222402263379, 'beta0_val': -3458.978299192397, 'selected_score': -3238.5944534797964, 'evaluations': 35, 'seconds': 0.029679900006158277, 'method': 'differential_evolution_v2', 'accepted_search': True, 'solver_message': 'Optimization terminated successfully.'}, {'theta': array([-1.60640319e+02,  8.97545499e-01, -8.14562326e+03, -1.29294393e+00]), 'n_active': 4, 'beta1_train': -140.63019241268998, 'beta0_train': -292.01703396219716, 'beta1_val': -1876.4359344763718, 'beta0_val': -1876.4359344763718, 'selected_score': -415.3807726042766, 'evaluations': 185, 'seconds': 0.1367132000013953, 'method': 'differential_evolution_v2', 'accepted_search': True, 'solver_message': 'Maximum number of iterations has been exceeded.'}]",42,"[{'update_slot': 78, 'hour': 13, 'info': 'both', 'lp_status': 'optimal', 'lp_message': '', 'fallback': False}]",4451.763676802717,4697.198208093282,0.1947614000091562,0.3237976999953389
"[{'theta': array([-2091.78551099]), 'n_active': 1, 'beta1_train': -1519.35095206504, 'beta0_train': -1600.2610984260923, 'beta1_val': -1604.4000000000003, 'beta0_val': -1604.4000000000003, 'selected_score': -1600.2610984260923, 'evaluations': 30, 'seconds': 0.03515950001019519, 'method': 'differential_evolution_v2', 'accepted_search': True, 'solver_message': 'Optimization terminated successfully.'}, {'theta': array([-3.46199211e+03, -9.49556639e-01]), 'n_active': 2, 'beta1_train': 1992.383905909276, 'beta0_train': -1151.0290670480558, 'beta1_val': 1532.4553009351778, 'beta0_val': -1377.9844887491058, 'selected_score': -1151.0290670480558, 'evaluations': 55, 'seconds': 0.04457000001275446, 'method': 'differential_evolution_v2', 'accepted_search': True, 'solver_message': 'Optimization terminated successfully.'}, {'theta': array([-282.77321997,   -0.8515838 , -148.43345164,   -1.82916352]), 'n_active': 4, 'beta1_train': 987.0184272668782, 'beta0_train': 656.4664179536152, 'beta1_val': -694.5339158828192, 'beta0_val': -694.5339158828192, 'selected_score': 592.3774399500668, 'evaluations': 185, 'seconds': 0.13409979999414645, 'method': 'differential_evolution_v2', 'accepted_search': True, 'solver_message': 'Maximum number of iterations has been exceeded.'}]",42,"[{'update_slot': 78, 'hour': 13, 'info': 'both', 'lp_status': 'optimal', 'lp_message': '', 'fallback': False}]",4697.198208093282,4399.206970311167,0.2138293000170961,0.34987799999362323
"[{'theta': array([-8141.17450372]), 'n_active': 1, 'beta1_train': -1148.9476157281172, 'beta0_train': -1165.0414866678225, 'beta1_val': -1456.871857787507, 'beta0_val': -1456.871857787507, 'selected_score': -1165.0414866678225, 'evaluations': 15, 'seconds': 0.02500950000830926, 'method': 'differential_evolution_v2', 'accepted_search': True, 'solver_message': 'Optimization terminated successfully.'}, {'theta': array([-2.61404433e+03, -1.37772756e+00]), 'n_active': 2, 'beta1_train': -847.3292571420848, 'beta0_train': -2008.4552037795315, 'beta1_val': -788.5923121658225, 'beta0_val': -2016.0, 'selected_score': -2008.4552037795315, 'evaluations': 95, 'seconds': 0.06659459999355022, 'method': 'differential_evolution_v2', 'accepted_search': True, 'solver_message': 'Maximum number of iterations has been exceeded.'}, {'theta': array([-3.62002829e+03, -9.72146245e-01, -3.05617734e+03,  2.58051388e-01]), 'n_active': 4, 'beta1_train': 202.1034764286446, 'beta0_train': -54.97643264699937, 'beta1_val': -785.5975108540325, 'beta0_val': -785.5975108540325, 'selected_score': -54.97643264699937, 'evaluations': 185, 'seconds': 0.1305696000054013, 'method': 'differential_evolution_v2', 'accepted_search': True, 'solver_message': 'Maximum number of iterations has been exceeded.'}]",42,"[{'update_slot': 78, 'hour': 13, 'info': 'both', 'lp_status': 'optimal', 'lp_message': '', 'fallback': False}]",4399.206970311167,4482.266895480002,0.22217370000726078,0.36985590000404045
"[{'theta': array([-6.5034084]), 'n_active': 1, 'beta1_train': -2668.235155740046, 'beta0_train': -2667.3694617379842, 'beta1_val': -3098.669146976136, 'beta0_val': -3098.669146976136, 'selected_score': -2669.5908746637247, 'evaluations': 50, 'seconds': 0.059670799993909895, 'method': 'differential_evolution_v2', 'accepted_search': True, 'solver_message': 'Maximum number of iterations has been exceeded.'}, {'theta': array([-6.78140051e+03,  1.46544984e+00]), 'n_active': 2, 'beta1_train': -4091.157323119088, 'beta0_train': -5153.6332678342305, 'beta1_val': -4514.0961848895095, 'beta0_val': -5178.0, 'selected_score': -5153.6332678342305, 'evaluations': 65, 'seconds': 0.04627679999975953, 'method': 'differential_evolution_v2', 'accepted_search': True, 'solver_message': 'Optimization terminated successfully.'}, {'theta': array([-7.82432893e+01, -3.10093717e-01, -7.38455707e+03,  4.98402546e-01]), 'n_active': 4, 'beta1_train': -958.0433222846002, 'beta0_train': -275.7125786462127, 'beta1_val': -2859.31843337054, 'beta0_val': -2859.31843337054, 'selected_score': -1026.8895693503084, 'evaluations': 185, 'seconds': 0.1370357999985572, 'method': 'differential_evolution_v2', 'accepted_search': True, 'solver_message': 'Maximum number of iterations has been exceeded.'}]",42,"[{'update_slot': 78, 'hour': 13, 'info': 'both', 'lp_status': 'optimal', 'lp_message': '', 'fallback': False}]",4482.266895480002,5672.8358363363495,0.24298339999222662,0.3839936000003945
"[{'theta': array([-4460.57826343]), 'n_active': 1, 'beta1_train': -4363.182870429143, 'beta0_train': -4644.182353477644, 'beta1_val': -4779.599999999999, 'beta0_val': -4779.599999999999, 'selected_score': -4644.182353477644, 'evaluations': 20, 'seconds': 0.0279690000024857, 'method': 'differential_evolution_v2', 'accepted_search': True, 'solver_message': 'Optimization terminated successfully.'}, {'theta': array([-1.64204493e+03, -1.58702208e+00]), 'n_active': 2, 'beta1_train': -160.0507394089208, 'beta0_train': -3094.0962761177584, 'beta1_val': -1038.3488524685763, 'beta0_val': -3510.359542578526, 'selected_score': -3095.0097669510924, 'evaluations': 95, 'seconds': 0.05699569999706, 'method': 'differential_evolution_v2', 'accepted_search': True, 'solver_message': 'Maximum number of iterations has been exceeded.'}, {'theta': array([-3.85675769e+02, -2.76249450e-01, -1.19662085e+02,  7.49436470e-01]), 'n_active': 4, 'beta1_train': 534.5987326754644, 'beta0_train': 13.083341048404725, 'beta1_val': -1762.3072009507976, 'beta0_val': -1762.3072009507976, 'selected_score': -27.958424641558217, 'evaluations': 185, 'seconds': 0.1276893000031123, 'method': 'differential_evolution_v2', 'accepted_search': True, 'solver_message': 'Maximum number of iterations has been exceeded.'}]",42,"[{'update_slot': 78, 'hour': 13, 'info': 'both', 'lp_status': 'optimal', 'lp_message': '', 'fallback': False}]",5672.8358363363495,4195.828401916953,0.212654000002658,0.33904140000231564
"[{'theta': array([-5049.49337957]), 'n_active': 1, 'beta1_train': -4443.722612445713, 'beta0_train': -4677.475163837568, 'beta1_val': -4722.0, 'beta0_val': -4722.0, 'selected_score': -4677.475163837568, 'evaluations': 15, 'seconds': 0.024835799995344132, 'method': 'differential_evolution_v2', 'accepted_search': True, 'solver_message': 'Optimization terminated successfully.'}, {'theta': array([-5.98253305e+03,  6.44864816e-01]), 'n_active': 2, 'beta1_train': -544.2157255988676, 'beta0_train': -3473.3327086727163, 'beta1_val': -1963.8518146610922, 'beta0_val': -4039.184133318258, 'selected_score': -3473.3327086727163, 'evaluations': 35, 'seconds': 0.03012049999961164, 'method': 'differential_evolution_v2', 'accepted_search': True, 'solver_message': 'Optimization terminated successfully.'}, {'theta': array([0.        , 0.28201923, 0.        , 0.        ]), 'n_active': 4, 'beta1_train': 1690.7743230650995, 'beta0_train': 2656.663554044727, 'beta1_val': -1859.1723855343866, 'beta0_val': -1859.1723855343866, 'selected_score': 1689.1823824063392, 'evaluations': 185, 'seconds': 0.13012210000306368, 'method': 'differential_evolution_v2', 'accepted_search': True, 'solver_message': 'Maximum number of iterations has been exceeded.'}]",42,"[{'update_slot': 78, 'hour': 13, 'info': 'both', 'lp_status': 'optimal', 'lp_message': '', 'fallback': False}]",4195.828401916953,4125.3958777931975,0.18507839999801945,0.3145820000063395
"[{'theta': array([-6515.67348018]), 'n_active': 1, 'beta1_train': -4496.065973128333, 'beta0_train': -4722.207587826828, 'beta1_val': -4771.2, 'beta0_val': -4771.2, 'selected_score': -4722.207587826828, 'evaluations': 20, 'seconds': 0.027998099991236813, 'method': 'differential_evolution_v2', 'accepted_search': True, 'solver_message': 'Optimization terminated successfully.'}, {'theta': array([-3.66162363e+03, -1.24635282e-01]), 'n_active': 2, 'beta1_train': -244.9838903589945, 'beta0_train': -3614.263742269218, 'beta1_val': -1051.4738356034313, 'beta0_val': -3666.082352351325, 'selected_score': -3614.263742269218, 'evaluations': 55, 'seconds': 0.039765299996361136, 'method': 'differential_evolution_v2', 'accepted_search': True, 'solver_message': 'Optimization terminated successfully.'}, {'theta': array([-1.44425320e+02, -1.38082032e+00, -5.15428735e+03,  3.52154624e-01]), 'n_active': 4, 'beta1_train': 1312.5267308284385, 'beta0_train': 1453.3923091269958, 'beta1_val': -1700.9909902325921, 'beta0_val': -1700.9909902325921, 'selected_score': 1257.0923516417301, 'evaluations': 185, 'seconds': 0.12853030000405852, 'method': 'differential_evolution_v2', 'accepted_search': True, 'solver_message': 'Maximum number of iterations has been exceeded.'}]",42,"[{'update_slot': 78, 'hour': 13, 'info': 'both', 'lp_status': 'optimal', 'lp_message': '', 'fallback': False}]",4125.3958777931975,4322.575825037016,0.19629369999165647,0.3250442999997176
"[{'theta': array([-4195.82566588]), 'n_active': 1, 'beta1_train': -4537.4086242775375, 'beta0_train': -4794.091591047141, 'beta1_val': -4886.4, 'beta0_val': -4886.4, 'selected_score': -4794.091591047141, 'evaluations': 20, 'seconds': 0.02798400000028778, 'method': 'differential_evolution_v2', 'accepted_search': True, 'solver_message': 'Optimization terminated successfully.'}, {'theta': array([-4.95838179e+03, -1.02688602e+00]), 'n_active': 2, 'beta1_train': -565.2610985991515, 'beta0_train': -3748.2810830772946, 'beta1_val': -866.7700752367718, 'beta0_val': -3705.0917334638384, 'selected_score': -3748.2810830772946, 'evaluations': 95, 'seconds': 0.060543400002643466, 'method': 'differential_evolution_v2', 'accepted_search': True, 'solver_message': 'Maximum number of iterations has been exceeded.'}, {'theta': array([-3.38853799e+02, -9.38753899e-01, -2.18744174e+03, -1.56446669e-02]), 'n_active': 4, 'beta1_train': 2098.370251278103, 'beta0_train': 2176.1823145410553, 'beta1_val': -1793.1464592145805, 'beta0_val': -1793.1464592145805, 'selected_score': 1938.791996866261, 'evaluations': 185, 'seconds': 0.13111339999886695, 'method': 'differential_evolution_v2', 'accepted_search': True, 'solver_message': 'Maximum number of iterations has been exceeded.'}]",42,"[{'update_slot': 78, 'hour': 13, 'info': 'both', 'lp_status': 'optimal', 'lp_message': '', 'fallback': False}]",4322.575825037016,3606.023675316038,0.2196408000017982,0.35228349998942576
"[{'theta': array([-5499.71168249]), 'n_active': 1, 'beta1_train': -3042.949211764142, 'beta0_train': -3376.21834471057, 'beta1_val': -3245.3012706, 'beta0_val': -3405.1246394650207, 'selected_score': -3376.21834471057, 'evaluations': 20, 'seconds': 0.028356100010569207, 'method': 'differential_evolution_v2', 'accepted_search': True, 'solver_message': 'Optimization terminated successfully.'}, {'theta': array([-1.79431936e+03, -1.77243072e+00]), 'n_active': 2, 'beta1_train': 534.696149477256, 'beta0_train': -2330.2155693818827, 'beta1_val': -40.91688834261731, 'beta0_val': -2645.7832334623945, 'selected_score': -2332.6929121359626, 'evaluations': 95, 'seconds': 0.06536009999399539, 'method': 'differential_evolution_v2', 'accepted_search': True, 'solver_message': 'Maximum number of iterations has been exceeded.'}, {'theta': array([0., 0., 0., 0.]), 'n_active': 4, 'beta1_train': 3225.954836254503, 'beta0_train': 4633.460622927611, 'beta1_val': -1294.1124492779531, 'beta0_val': -1294.1124492779531, 'selected_score': 3225.954836254503, 'evaluations': 185, 'seconds': 0.13609339999675285, 'method': 'differential_evolution_v2', 'accepted_search': True, 'solver_message': 'Maximum number of iterations has been exceeded.'}]",42,"[{'update_slot': 78, 'hour': 13, 'info': 'both', 'lp_status': 'optimal', 'lp_message': '', 'fallback': False}]",3606.023675316038,4009.6968372801775,0.22980960000131745,0.3666012000030605
"[{'theta': array([-4080.47573889]), 'n_active': 1, 'beta1_train': -1152.7398567521802, 'beta0_train': -1489.1382589975854, 'beta1_val': -1646.8253455732238, 'beta0_val': -1646.8253455732238, 'selected_score': -1489.1382589975854, 'evaluations': 25, 'seconds': 0.03484320000279695, 'method': 'differential_evolution_v2', 'accepted_search': True, 'solver_message': 'Optimization terminated successfully.'}, {'theta': array([-4.76491178e+03, -1.13913000e+00]), 'n_active': 2, 'beta1_train': -1888.6383381120318, 'beta0_train': -3027.359963682503, 'beta1_val': -2164.6894935141454, 'beta0_val': -3067.2, 'selected_score': -3027.359963682503, 'evaluations': 35, 'seconds': 0.0302151999931084, 'method': 'differential_evolution_v2', 'accepted_search': True, 'solver_message': 'Optimization terminated successfully.'}, {'theta': array([ 2.27086775e+03, -8.13860902e-02, -4.74802571e+01,  3.53885734e-01]), 'n_active': 4, 'beta1_train': 1927.7082432841758, 'beta0_train': 2236.205473943147, 'beta1_val': -917.1686491213604, 'beta0_val': -917.1686491213604, 'selected_score': 1911.6214423485344, 'evaluations': 185, 'seconds': 0.13300539999909233, 'method': 'differential_evolution_v2', 'accepted_search': True, 'solver_message': 'Maximum number of iterations has been exceeded.'}]",42,"[{'update_slot': 78, 'hour': 13, 'info': 'both', 'lp_status': 'optimal', 'lp_message': '', 'fallback': False}]",4009.6968372801775,3385.3262496094876,0.19806379999499768,0.3356062000093516
"[{'theta': array([-1472.7889337]), 'n_active': 1, 'beta1_train': -1280.6402970724982, 'beta0_train': -1376.512082981421, 'beta1_val': -2038.8431425694246, 'beta0_val': -2038.8431425694246, 'selected_score': -1376.512082981421, 'evaluations': 20, 'seconds': 0.028345400001853704, 'method': 'differential_evolution_v2', 'accepted_search': True, 'solver_message': 'Optimization terminated successfully.'}, {'theta': array([-1032.5271287 ,     1.12508153]), 'n_active': 2, 'beta1_train': -3057.096786798544, 'beta0_train': -4070.3999999999996, 'beta1_val': -3276.574920069226, 'beta0_val': -4070.4, 'selected_score': -4070.3999999999996, 'evaluations': 95, 'seconds': 0.06046389999391977, 'method': 'differential_evolution_v2', 'accepted_search': True, 'solver_message': 'Maximum number of iterations has been exceeded.'}, {'theta': array([-9600.,     0., -9600.,     0.]), 'n_active': 4, 'beta1_train': 1419.6748659937357, 'beta0_train': 1576.6187768114178, 'beta1_val': -1503.7961315907578, 'beta0_val': -1546.1756441323453, 'selected_score': 1576.6187768114178, 'evaluations': 185, 'seconds': 0.12840509999659844, 'method': 'differential_evolution_v2', 'accepted_search': False, 'solver_message': 'Maximum number of iterations has been exceeded.'}]",42,"[{'update_slot': 78, 'hour': 13, 'info': 'both', 'lp_status': 'optimal', 'lp_message': '', 'fallback': False}]",3385.3262496094876,3948.7852600255387,0.2172143999923719,0.35160999999789055
"[{'theta': array([-3228.79660535]), 'n_active': 1, 'beta1_train': -3476.350183569506, 'beta0_train': -4022.6972317605523, 'beta1_val': -4226.4, 'beta0_val': -4226.4, 'selected_score': -4022.6972317605523, 'evaluations': 50, 'seconds': 0.05426339998666663, 'method': 'differential_evolution_v2', 'accepted_search': True, 'solver_message': 'Maximum number of iterations has been exceeded.'}, {'theta': array([-1.61240843e+03, -1.35195338e+00]), 'n_active': 2, 'beta1_train': 819.4747927113133, 'beta0_train': -2413.155937834746, 'beta1_val': 82.72625919536222, 'beta0_val': -2438.694733214698, 'selected_score': -2421.0866301952265, 'evaluations': 95, 'seconds': 0.05983710000873543, 'method': 'differential_evolution_v2', 'accepted_search': True, 'solver_message': 'Maximum number of iterations has been exceeded.'}, {'theta': array([0.        , 1.03193719, 0.        , 0.11928719]), 'n_active': 4, 'beta1_train': 3319.729608870389, 'beta0_train': 4275.843550625541, 'beta1_val': -1133.6839622275509, 'beta0_val': -1133.6839622275509, 'selected_score': 3315.1753028821345, 'evaluations': 185, 'seconds': 0.13171450000663754, 'method': 'differential_evolution_v2', 'accepted_search': True, 'solver_message': 'Maximum number of iterations has been exceeded.'}]",42,"[{'update_slot': 78, 'hour': 13, 'info': 'both', 'lp_status': 'optimal', 'lp_message': '', 'fallback': False}]",3948.7852600255387,3060.579703823701,0.2458150000020396,0.37705860000278335
"[{'theta': array([-2829.3702308]), 'n_active': 1, 'beta1_train': -3445.1081210109987, 'beta0_train': -3615.518840962445, 'beta1_val': -4102.799999999999, 'beta0_val': -4102.799999999999, 'selected_score': -3615.518840962445, 'evaluations': 20, 'seconds': 0.027989800000796095, 'method': 'differential_evolution_v2', 'accepted_search': True, 'solver_message': 'Optimization terminated successfully.'}, {'theta': array([-8.46531063e+03, -7.24496821e-01]), 'n_active': 2, 'beta1_train': 439.5065551888664, 'beta0_train': -2644.781621810098, 'beta1_val': -679.0392274558135, 'beta0_val': -3215.791172938733, 'selected_score': -2644.781621810098, 'evaluations': 95, 'seconds': 0.05817989999195561, 'method': 'differential_evolution_v2', 'accepted_search': True, 'solver_message': 'Maximum number of iterations has been exceeded.'}, {'theta': array([-179.51640286,    0.53972727, -164.62386198,    1.16457456]), 'n_active': 4, 'beta1_train': 3599.2911492973103, 'beta0_train': 4291.462661224883, 'beta1_val': -816.0636138390995, 'beta0_val': -1076.6270147776413, 'selected_score': 3476.2825969062083, 'evaluations': 185, 'seconds': 0.12768770000548102, 'method': 'differential_evolution_v2', 'accepted_search': True, 'solver_message': 'Maximum number of iterations has been exceeded.'}]",42,"[{'update_slot': 78, 'hour': 13, 'info': 'both', 'lp_status': 'optimal', 'lp_message': '', 'fallback': False}]",3060.579703823701,3040.2166745318113,0.21385739999823272,0.34469529999478254
"[{'theta': array([-5496.18500116]), 'n_active': 1, 'beta1_train': -3692.6336467273663, 'beta0_train': -4310.665041553844, 'beta1_val': -4461.599999999999, 'beta0_val': -4461.599999999999, 'selected_score': -4310.665041553844, 'evaluations': 20, 'seconds': 0.02722390000417363, 'method': 'differential_evolution_v2', 'accepted_search': True, 'solver_message': 'Optimization terminated successfully.'}, {'theta': array([-2.59817641e+03,  1.73445685e+00]), 'n_active': 2, 'beta1_train': 420.5340188450119, 'beta0_train': -3259.4180198150725, 'beta1_val': -618.0021300229323, 'beta0_val': -3659.738124972081, 'selected_score': -3271.573350338544, 'evaluations': 95, 'seconds': 0.05871840000327211, 'method': 'differential_evolution_v2', 'accepted_search': True, 'solver_message': 'Maximum number of iterations has been exceeded.'}, {'theta': array([-147.25270532,    1.65495233, -160.58038703,   -0.82990065]), 'n_active': 4, 'beta1_train': 3728.4978335002224, 'beta0_train': 4320.557159717098, 'beta1_val': -1238.992314270001, 'beta0_val': -1238.992314270001, 'selected_score': 3507.50664764534, 'evaluations': 185, 'seconds': 0.13314229999377858, 'method': 'differential_evolution_v2', 'accepted_search': True, 'solver_message': 'Maximum number of iterations has been exceeded.'}]",42,"[{'update_slot': 78, 'hour': 13, 'info': 'both', 'lp_status': 'optimal', 'lp_message': '', 'fallback': False}]",3040.2166745318113,2291.0634100794455,0.21908460000122432,0.34917489999497775
"[{'theta': array([-2104.0199569]), 'n_active': 1, 'beta1_train': -3696.4111360565435, 'beta0_train': -4238.0858067077625, 'beta1_val': -4435.2, 'beta0_val': -4435.2, 'selected_score': -4238.0858067077625, 'evaluations': 20, 'seconds': 0.026551199989626184, 'method': 'differential_evolution_v2', 'accepted_search': True, 'solver_message': 'Optimization terminated successfully.'}, {'theta': array([-4.63943007e+03, -3.36814331e-01]), 'n_active': 2, 'beta1_train': 240.36201791866418, 'beta0_train': -3429.3167605838803, 'beta1_val': -1065.416952239435, 'beta0_val': -4048.7551392130213, 'selected_score': -3429.3167605838803, 'evaluations': 55, 'seconds': 0.03761329999542795, 'method': 'differential_evolution_v2', 'accepted_search': True, 'solver_message': 'Optimization terminated successfully.'}, {'theta': array([-414.21321826,    0.44471685, -297.56053648,    0.99104182]), 'n_active': 4, 'beta1_train': 3676.116299077652, 'beta0_train': 4092.422280917969, 'beta1_val': -473.3279701084516, 'beta0_val': -477.9740917594449, 'selected_score': 3549.495065355207, 'evaluations': 185, 'seconds': 0.1265546000067843, 'method': 'differential_evolution_v2', 'accepted_search': True, 'solver_message': 'Maximum number of iterations has been exceeded.'}]",42,"[{'update_slot': 78, 'hour': 13, 'info': 'both', 'lp_status': 'optimal', 'lp_message': '', 'fallback': False}]",2291.0634100794455,2551.9986664706153,0.19071909999183845,0.31587770000624005
"[{'theta': array([-4378.30499634]), 'n_active': 1, 'beta1_train': -2917.832192631768, 'beta0_train': -3520.2958904027714, 'beta1_val': -3637.1999999999994, 'beta0_val': -3637.1999999999994, 'selected_score': -3520.2958904027714, 'evaluations': 25, 'seconds': 0.03169049999269191, 'method': 'differential_evolution_v2', 'accepted_search': True, 'solver_message': 'Optimization terminated successfully.'}, {'theta': array([-8.26828268e+03,  1.50364323e+00]), 'n_active': 2, 'beta1_train': 1001.6102161465094, 'beta0_train': -2723.9518890399345, 'beta1_val': 127.97841385541324, 'beta0_val': -2351.590584162503, 'selected_score': -2723.9518890399345, 'evaluations': 55, 'seconds': 0.0383875999978045, 'method': 'differential_evolution_v2', 'accepted_search': True, 'solver_message': 'Optimization terminated successfully.'}, {'theta': array([-203.08600895,   -1.85189213, -371.36378965,    1.50938   ]), 'n_active': 4, 'beta1_train': 3437.5552074598068, 'beta0_train': 3900.0490582506086, 'beta1_val': -606.8919435223346, 'beta0_val': -712.6519828928999, 'selected_score': 3255.09449586286, 'evaluations': 185, 'seconds': 0.13000979999196716, 'method': 'differential_evolution_v2', 'accepted_search': True, 'solver_message': 'Maximum number of iterations has been exceeded.'}]",42,"[{'update_slot': 78, 'hour': 13, 'info': 'both', 'lp_status': 'optimal', 'lp_message': '', 'fallback': False}]",2551.9986664706153,3098.131527144669,0.20008789998246357,0.329775599995628
"[{'theta': array([-7399.29675561]), 'n_active': 1, 'beta1_train': 104.3676029518035, 'beta0_train': -71.86227090083803, 'beta1_val': -716.5922149047786, 'beta0_val': -716.5922149047786, 'selected_score': -71.86227090083803, 'evaluations': 20, 'seconds': 0.030345800012582913, 'method': 'differential_evolution_v2', 'accepted_search': True, 'solver_message': 'Optimization terminated successfully.'}, {'theta': array([-7.09643041e+03,  9.51758608e-01]), 'n_active': 2, 'beta1_train': -694.1588579993432, 'beta0_train': -1888.8600973533853, 'beta1_val': -968.9515306830353, 'beta0_val': -1899.6, 'selected_score': -1888.8600973533853, 'evaluations': 95, 'seconds': 0.058335399997304194, 'method': 'differential_evolution_v2', 'accepted_search': True, 'solver_message': 'Maximum number of iterations has been exceeded.'}, {'theta': array([-9600.,     0., -9600.,     0.]), 'n_active': 4, 'beta1_train': 3065.6222174562345, 'beta0_train': 3667.697300791261, 'beta1_val': -261.3834559346245, 'beta0_val': -515.1573972290364, 'selected_score': 3667.697300791261, 'evaluations': 185, 'seconds': 0.12803510000230744, 'method': 'differential_evolution_v2', 'accepted_search': False, 'solver_message': 'Maximum number of iterations has been exceeded.'}]",42,"[{'update_slot': 78, 'hour': 13, 'info': 'both', 'lp_status': 'optimal', 'lp_message': '', 'fallback': False}]",3098.131527144669,2619.0310884440087,0.21671630001219455,0.35125500000140164
"[{'theta': array([-6668.6402335]), 'n_active': 1, 'beta1_train': -863.4408088257288, 'beta0_train': -940.6773485305127, 'beta1_val': -1815.3305646234808, 'beta0_val': -1815.3305646234808, 'selected_score': -940.6773485305127, 'evaluations': 15, 'seconds': 0.022184700006619096, 'method': 'differential_evolution_v2', 'accepted_search': True, 'solver_message': 'Optimization terminated successfully.'}, {'theta': array([-2.32256324e+03, -5.83344803e-02]), 'n_active': 2, 'beta1_train': -3038.7108769581355, 'beta0_train': -4165.354334237563, 'beta1_val': -3395.581736432743, 'beta0_val': -4196.4, 'selected_score': -4165.354334237563, 'evaluations': 55, 'seconds': 0.038521800001035444, 'method': 'differential_evolution_v2', 'accepted_search': True, 'solver_message': 'Optimization terminated successfully.'}, {'theta': array([-118.40845937,   -0.6319751 ,  -34.35295687,    0.55118852]), 'n_active': 4, 'beta1_train': 2561.704265346061, 'beta0_train': 3528.4868897064603, 'beta1_val': -1313.0993818458387, 'beta0_val': -1313.0993818458387, 'selected_score': 2529.5648993502314, 'evaluations': 185, 'seconds': 0.1259068999934243, 'method': 'differential_evolution_v2', 'accepted_search': True, 'solver_message': 'Maximum number of iterations has been exceeded.'}]",42,"[{'update_slot': 78, 'hour': 13, 'info': 'both', 'lp_status': 'optimal', 'lp_message': '', 'fallback': False}]",2619.0310884440087,3575.1477234948125,0.18661340000107884,0.3179882000113139
"[{'theta': array([-8027.06704694]), 'n_active': 1, 'beta1_train': -1945.294547117048, 'beta0_train': -4345.194362391866, 'beta1_val': -2714.3051321516673, 'beta0_val': -4665.599999999999, 'selected_score': -4345.194362391866, 'evaluations': 25, 'seconds': 0.031844999990426004, 'method': 'differential_evolution_v2', 'accepted_search': True, 'solver_message': 'Optimization terminated successfully.'}, {'theta': array([-4.67732488e+03, -1.68114194e+00]), 'n_active': 2, 'beta1_train': 170.47072321735163, 'beta0_train': -2979.078318755896, 'beta1_val': -483.00261917852913, 'beta0_val': -3596.5599247203945, 'selected_score': -2979.078318755896, 'evaluations': 25, 'seconds': 0.024294500006362796, 'method': 'differential_evolution_v2', 'accepted_search': True, 'solver_message': 'Optimization terminated successfully.'}, {'theta': array([-75.05074285,  -0.21287808, -46.13784054,  -0.97003986]), 'n_active': 4, 'beta1_train': 4951.52164019019, 'beta0_train': 6748.101469706673, 'beta1_val': -1185.338595279999, 'beta0_val': -1185.338595279999, 'selected_score': 4950.760800539312, 'evaluations': 185, 'seconds': 0.12811569999030326, 'method': 'differential_evolution_v2', 'accepted_search': True, 'solver_message': 'Maximum number of iterations has been exceeded.'}]",42,"[{'update_slot': 78, 'hour': 13, 'info': 'both', 'lp_status': 'optimal', 'lp_message': '', 'fallback': False}]",3575.1477234948125,2752.1926913378434,0.18425519998709206,0.31128670000180136
"[{'theta': array([-9293.28396704]), 'n_active': 1, 'beta1_train': -3856.756491984648, 'beta0_train': -4552.405444223492, 'beta1_val': -4743.599999999999, 'beta0_val': -4743.599999999999, 'selected_score': -4552.405444223492, 'evaluations': 20, 'seconds': 0.027085499998065643, 'method': 'differential_evolution_v2', 'accepted_search': True, 'solver_message': 'Optimization terminated successfully.'}, {'theta': array([-4.77962147e+03, -1.81220744e+00]), 'n_active': 2, 'beta1_train': -172.6178084580308, 'beta0_train': -3179.428001906856, 'beta1_val': -855.7108994452819, 'beta0_val': -3612.227158158602, 'selected_score': -3179.428001906856, 'evaluations': 95, 'seconds': 0.057449799991445616, 'method': 'differential_evolution_v2', 'accepted_search': True, 'solver_message': 'Maximum number of iterations has been exceeded.'}, {'theta': array([0., 0., 0., 0.]), 'n_active': 4, 'beta1_train': 4610.983953987939, 'beta0_train': 5947.844224931796, 'beta1_val': -1173.8644632405424, 'beta0_val': -1173.8644632405424, 'selected_score': 4610.983953987939, 'evaluations': 185, 'seconds': 0.12939950000145473, 'method': 'differential_evolution_v2', 'accepted_search': True, 'solver_message': 'Maximum number of iterations has been exceeded.'}]",42,"[{'update_slot': 78, 'hour': 13, 'info': 'both', 'lp_status': 'optimal', 'lp_message': '', 'fallback': False}]",2752.1926913378434,2278.0380144444434,0.21393479999096598,0.34523609999450855
"[{'theta': array([-7677.05167725]), 'n_active': 1, 'beta1_train': -4332.469199166938, 'beta0_train': -4642.2814969912015, 'beta1_val': -5157.6, 'beta0_val': -5157.6, 'selected_score': -4642.2814969912015, 'evaluations': 20, 'seconds': 0.027016699998057447, 'method': 'differential_evolution_v2', 'accepted_search': True, 'solver_message': 'Optimization terminated successfully.'}, {'theta': array([-9.98035772e+02,  1.96374719e-01]), 'n_active': 2, 'beta1_train': 697.7633773227017, 'beta0_train': -1871.641977975827, 'beta1_val': 411.4510663543024, 'beta0_val': -2889.6864705132743, 'selected_score': -2061.101250733827, 'evaluations': 95, 'seconds': 0.057011299999430776, 'method': 'differential_evolution_v2', 'accepted_search': True, 'solver_message': 'Maximum number of iterations has been exceeded.'}, {'theta': array([-264.99382046,    0.60325883, -366.22300487,   -1.73229399]), 'n_active': 4, 'beta1_train': 4905.8977445707005, 'beta0_train': 5982.034671753576, 'beta1_val': -538.3327426212259, 'beta0_val': -1001.5050021399576, 'selected_score': 4856.361138534917, 'evaluations': 185, 'seconds': 0.12742530000105035, 'method': 'differential_evolution_v2', 'accepted_search': True, 'solver_message': 'Maximum number of iterations has been exceeded.'}]",42,"[{'update_slot': 78, 'hour': 13, 'info': 'both', 'lp_status': 'optimal', 'lp_message': '', 'fallback': False}]",2278.0380144444434,2428.6621190149203,0.21145329999853857,0.3443050000059884
"[{'theta': array([-8284.40722713]), 'n_active': 1, 'beta1_train': -4112.582331403968, 'beta0_train': -4776.0477572938535, 'beta1_val': -4965.6, 'beta0_val': -4965.6, 'selected_score': -4776.0477572938535, 'evaluations': 15, 'seconds': 0.023731299996143207, 'method': 'differential_evolution_v2', 'accepted_search': True, 'solver_message': 'Optimization terminated successfully.'}, {'theta': array([-5.77885466e+03, -6.18032543e-02]), 'n_active': 2, 'beta1_train': 1025.7617093780937, 'beta0_train': -2168.8862483178655, 'beta1_val': -1345.9483453549133, 'beta0_val': -3665.219872926791, 'selected_score': -2168.8862483178655, 'evaluations': 95, 'seconds': 0.05913280000095256, 'method': 'differential_evolution_v2', 'accepted_search': True, 'solver_message': 'Maximum number of iterations has been exceeded.'}, {'theta': array([ -45.7679341 ,    1.36491381, -303.45272067,    1.01864629]), 'n_active': 4, 'beta1_train': 4993.371359378759, 'beta0_train': 6474.72514576021, 'beta1_val': -1015.4250583525782, 'beta0_val': -1066.084349072476, 'selected_score': 4957.382077370122, 'evaluations': 185, 'seconds': 0.13340639999660198, 'method': 'differential_evolution_v2', 'accepted_search': True, 'solver_message': 'Maximum number of iterations has been exceeded.'}]",42,"[{'update_slot': 78, 'hour': 13, 'info': 'both', 'lp_status': 'optimal', 'lp_message': '', 'fallback': False}]",2428.6621190149203,2785.8516741742205,0.21627049999369774,0.35087100000237115
"[{'theta': array([-3090.87654418]), 'n_active': 1, 'beta1_train': -1400.3153682594639, 'beta0_train': -2211.7155979081053, 'beta1_val': -2304.0, 'beta0_val': -2304.0, 'selected_score': -2211.7155979081053, 'evaluations': 25, 'seconds': 0.032269500006805174, 'method': 'differential_evolution_v2', 'accepted_search': True, 'solver_message': 'Optimization terminated successfully.'}, {'theta': array([-4.51009242e+03, -1.61057225e+00]), 'n_active': 2, 'beta1_train': 2198.422777230648, 'beta0_train': -1362.8748337520647, 'beta1_val': 724.2450413078932, 'beta0_val': -1937.356886749452, 'selected_score': -1362.8748337520647, 'evaluations': 35, 'seconds': 0.028460700006689876, 'method': 'differential_evolution_v2', 'accepted_search': True, 'solver_message': 'Optimization terminated successfully.'}, {'theta': array([0., 0., 0., 0.]), 'n_active': 4, 'beta1_train': 5804.529811109698, 'beta0_train': 7446.7333499987935, 'beta1_val': -578.377164128395, 'beta0_val': -578.377164128395, 'selected_score': 5804.529811109698, 'evaluations': 185, 'seconds': 0.1305539999884786, 'method': 'differential_evolution_v2', 'accepted_search': True, 'solver_message': 'Maximum number of iterations has been exceeded.'}]",42,"[{'update_slot': 78, 'hour': 13, 'info': 'both', 'lp_status': 'optimal', 'lp_message': '', 'fallback': False}]",2785.8516741742205,2161.7040386785216,0.19128420000197366,0.3230861000047298
"[{'theta': array([-6471.54221366]), 'n_active': 1, 'beta1_train': -153.6509371747414, 'beta0_train': -156.38681577808916, 'beta1_val': -1289.2698267228961, 'beta0_val': -1289.2698267228961, 'selected_score': -156.38681577808916, 'evaluations': 20, 'seconds': 0.027835799992317334, 'method': 'differential_evolution_v2', 'accepted_search': True, 'solver_message': 'Optimization terminated successfully.'}, {'theta': array([-7.71188726e+03,  1.18656888e+00]), 'n_active': 2, 'beta1_train': -2342.610708012873, 'beta0_train': -3333.6000000000004, 'beta1_val': -2595.0412562734627, 'beta0_val': -3333.6, 'selected_score': -3333.6000000000004, 'evaluations': 95, 'seconds': 0.061037100007524714, 'method': 'differential_evolution_v2', 'accepted_search': True, 'solver_message': 'Maximum number of iterations has been exceeded.'}, {'theta': array([ 3.18064072e+03, -1.03368681e-01, -1.90652069e+02,  1.04092146e+00]), 'n_active': 4, 'beta1_train': 2995.080201061253, 'beta0_train': 3616.3607204243735, 'beta1_val': -257.3603788975185, 'beta0_val': -643.1394832712325, 'selected_score': 2920.3498113849437, 'evaluations': 185, 'seconds': 0.1264377999905264, 'method': 'differential_evolution_v2', 'accepted_search': True, 'solver_message': 'Maximum number of iterations has been exceeded.'}]",42,"[{'update_slot': 78, 'hour': 13, 'info': 'both', 'lp_status': 'optimal', 'lp_message': '', 'fallback': False}]",2161.7040386785216,2468.2666204174766,0.21531069999036845,0.347616700004437
"[{'theta': array([-687.03645253]), 'n_active': 1, 'beta1_train': -624.4001661594816, 'beta0_train': -698.0082080854843, 'beta1_val': -1489.4832509441678, 'beta0_val': -1489.4832509441678, 'selected_score': -702.7330629990936, 'evaluations': 50, 'seconds': 0.05496639999910258, 'method': 'differential_evolution_v2', 'accepted_search': True, 'solver_message': 'Maximum number of iterations has been exceeded.'}, {'theta': array([-3.53160913e+03,  5.42884963e-01]), 'n_active': 2, 'beta1_train': -3388.2422730877856, 'beta0_train': -4507.200000000001, 'beta1_val': -3592.3834741280684, 'beta0_val': -4507.2, 'selected_score': -4507.200000000001, 'evaluations': 95, 'seconds': 0.05691800000204239, 'method': 'differential_evolution_v2', 'accepted_search': True, 'solver_message': 'Maximum number of iterations has been exceeded.'}, {'theta': array([-9600.,     0., -9600.,     0.]), 'n_active': 4, 'beta1_train': 2562.649054182366, 'beta0_train': 3340.876283440418, 'beta1_val': -1181.3420614237582, 'beta0_val': -1321.888191915197, 'selected_score': 3340.876283440418, 'evaluations': 185, 'seconds': 0.12839519999397453, 'method': 'differential_evolution_v2', 'accepted_search': False, 'solver_message': 'Maximum number of iterations has been exceeded.'}]",42,"[{'update_slot': 78, 'hour': 13, 'info': 'both', 'lp_status': 'optimal', 'lp_message': '', 'fallback': False}]",2468.2666204174766,3447.087109907095,0.2402795999951195,0.3733705999911763
"[{'theta': array([-8990.38949482]), 'n_active': 1, 'beta1_train': -2078.235941961205, 'beta0_train': -3140.094105526387, 'beta1_val': -3556.074393043689, 'beta0_val': -3588.513439970232, 'selected_score': -3140.094105526387, 'evaluations': 25, 'seconds': 0.032051700007286854, 'method': 'differential_evolution_v2', 'accepted_search': True, 'solver_message': 'Optimization terminated successfully.'}, {'theta': array([-6.74063878e+03,  1.95254040e-02]), 'n_active': 2, 'beta1_train': 80.9696326959836, 'beta0_train': -3307.7725009230894, 'beta1_val': -1142.5562063254324, 'beta0_val': -3585.5859072520784, 'selected_score': -3307.7725009230894, 'evaluations': 95, 'seconds': 0.057867900002747774, 'method': 'differential_evolution_v2', 'accepted_search': True, 'solver_message': 'Maximum number of iterations has been exceeded.'}, {'theta': array([-196.67849555,   -0.49038754, -342.13402469,    0.78406169]), 'n_active': 4, 'beta1_train': 4584.343513876844, 'beta0_train': 5343.619786858358, 'beta1_val': -600.0652045899366, 'beta0_val': -969.2098713838682, 'selected_score': 4339.067786934431, 'evaluations': 185, 'seconds': 0.12961429999268148, 'method': 'differential_evolution_v2', 'accepted_search': True, 'solver_message': 'Maximum number of iterations has been exceeded.'}]",42,"[{'update_slot': 78, 'hour': 13, 'info': 'both', 'lp_status': 'optimal', 'lp_message': '', 'fallback': False}]",3447.087109907095,1612.6176204034643,0.2195339000027161,0.3493839000002481
"[{'theta': array([-7811.58703986]), 'n_active': 1, 'beta1_train': -4103.111238005465, 'beta0_train': -4725.667732041692, 'beta1_val': -4996.756338566668, 'beta0_val': -4996.79229745679, 'selected_score': -4725.667732041692, 'evaluations': 15, 'seconds': 0.023225299999467097, 'method': 'differential_evolution_v2', 'accepted_search': True, 'solver_message': 'Optimization terminated successfully.'}, {'theta': array([-7.97745374e+03, -4.56354296e-01]), 'n_active': 2, 'beta1_train': -482.6525015585793, 'beta0_train': -3858.066494931677, 'beta1_val': -913.7682359019409, 'beta0_val': -3633.903891318491, 'selected_score': -3858.066494931677, 'evaluations': 45, 'seconds': 0.03417230000195559, 'method': 'differential_evolution_v2', 'accepted_search': True, 'solver_message': 'Optimization terminated successfully.'}, {'theta': array([-3.72647681e+02,  3.57698176e-01, -2.99603537e+02, -4.82903810e-01]), 'n_active': 4, 'beta1_train': 4051.940043369217, 'beta0_train': 4721.780435469089, 'beta1_val': 666.2873347246946, 'beta0_val': 546.8686234951749, 'selected_score': 3936.5305113104027, 'evaluations': 185, 'seconds': 0.13812010000401642, 'method': 'differential_evolution_v2', 'accepted_search': True, 'solver_message': 'Maximum number of iterations has been exceeded.'}]",42,"[{'update_slot': 78, 'hour': 13, 'info': 'both', 'lp_status': 'optimal', 'lp_message': '', 'fallback': False}]",1612.6176204034643,2304.611809791291,0.1955177000054391,0.3317174999974668
"[{'theta': array([-5750.64241144]), 'n_active': 1, 'beta1_train': -3440.5875363979353, 'beta0_train': -4253.33599300243, 'beta1_val': -4412.438047541666, 'beta0_val': -4472.4, 'selected_score': -4253.33599300243, 'evaluations': 25, 'seconds': 0.03325440001208335, 'method': 'differential_evolution_v2', 'accepted_search': True, 'solver_message': 'Optimization terminated successfully.'}, {'theta': array([-8.91455579e+03, -8.15859608e-01]), 'n_active': 2, 'beta1_train': 525.7957721777251, 'beta0_train': -3035.7511108472977, 'beta1_val': -1253.2028552295005, 'beta0_val': -3628.322086491817, 'selected_score': -3035.7511108472977, 'evaluations': 45, 'seconds': 0.03529309999430552, 'method': 'differential_evolution_v2', 'accepted_search': True, 'solver_message': 'Optimization terminated successfully.'}, {'theta': array([-4.71111105e+02,  1.64885436e-01, -5.35943884e+02,  9.10745760e-02]), 'n_active': 4, 'beta1_train': 4422.64152674305, 'beta0_train': 5141.254738701597, 'beta1_val': -421.6926271206123, 'beta0_val': -916.8928804491497, 'selected_score': 4369.788440834482, 'evaluations': 185, 'seconds': 0.1365652999957092, 'method': 'differential_evolution_v2', 'accepted_search': True, 'solver_message': 'Maximum number of iterations has been exceeded.'}]",42,"[{'update_slot': 78, 'hour': 13, 'info': 'both', 'lp_status': 'optimal', 'lp_message': '', 'fallback': False}]",2304.611809791291,2188.941694884694,0.20511280000209808,0.3395697999949334
"[{'theta': array([-4215.0612798]), 'n_active': 1, 'beta1_train': -3513.9075106489627, 'beta0_train': -4326.688667756165, 'beta1_val': -4572.0, 'beta0_val': -4572.0, 'selected_score': -4326.688667756165, 'evaluations': 15, 'seconds': 0.02230099998996593, 'method': 'differential_evolution_v2', 'accepted_search': True, 'solver_message': 'Optimization terminated successfully.'}, {'theta': array([-2.75318780e+03, -1.55777062e+00]), 'n_active': 2, 'beta1_train': 57.070238472156866, 'beta0_train': -3371.245802139299, 'beta1_val': -1178.5266928429228, 'beta0_val': -3671.0626737495413, 'selected_score': -3371.245802139299, 'evaluations': 95, 'seconds': 0.058540300000458956, 'method': 'differential_evolution_v2', 'accepted_search': True, 'solver_message': 'Maximum number of iterations has been exceeded.'}, {'theta': array([-230.17371061,    0.35240142, -252.69426234,   -1.03361476]), 'n_active': 4, 'beta1_train': 4437.438075559427, 'beta0_train': 5112.5745575329065, 'beta1_val': -806.4107729376535, 'beta0_val': -806.4107729376535, 'selected_score': 4316.2485095628, 'evaluations': 185, 'seconds': 0.1283153999975184, 'method': 'differential_evolution_v2', 'accepted_search': True, 'solver_message': 'Maximum number of iterations has been exceeded.'}]",42,"[{'update_slot': 78, 'hour': 13, 'info': 'both', 'lp_status': 'optimal', 'lp_message': '', 'fallback': False}]",2188.941694884694,1943.0794233389845,0.20915669998794328,0.3376525999919977
"[{'theta': array([-8549.69803451]), 'n_active': 1, 'beta1_train': -878.8096870193349, 'beta0_train': -1797.5857935648507, 'beta1_val': -1749.5917053999997, 'beta0_val': -1874.24733181893, 'selected_score': -1797.5857935648507, 'evaluations': 50, 'seconds': 0.05355369999597315, 'method': 'differential_evolution_v2', 'accepted_search': True, 'solver_message': 'Maximum number of iterations has been exceeded.'}, {'theta': array([-3.16069786e+03,  1.61432196e+00]), 'n_active': 2, 'beta1_train': 2124.3477242340546, 'beta0_train': -1547.1154932418226, 'beta1_val': 999.9808588304561, 'beta0_val': -1645.0282225203466, 'selected_score': -1547.1154932418226, 'evaluations': 55, 'seconds': 0.04069490000256337, 'method': 'differential_evolution_v2', 'accepted_search': True, 'solver_message': 'Optimization terminated successfully.'}, {'theta': array([-2.00423871e+02,  6.24078906e-01, -5.19242956e+02,  4.85823471e-01]), 'n_active': 4, 'beta1_train': 5453.402599073793, 'beta0_train': 6389.170559745939, 'beta1_val': -311.4044213476441, 'beta0_val': -366.7603587845266, 'selected_score': 5215.869221260766, 'evaluations': 185, 'seconds': 0.13277179999568034, 'method': 'differential_evolution_v2', 'accepted_search': True, 'solver_message': 'Maximum number of iterations has been exceeded.'}]",42,"[{'update_slot': 78, 'hour': 13, 'info': 'both', 'lp_status': 'optimal', 'lp_message': '', 'fallback': False}]",1943.0794233389845,2255.9953549999987,0.22702039999421686,0.3553006000001915
"[{'theta': array([-7839.83190517]), 'n_active': 1, 'beta1_train': 502.8652538504382, 'beta0_train': 284.1356410694912, 'beta1_val': -591.6301792435625, 'beta0_val': -591.6301792435625, 'selected_score': 284.1356410694912, 'evaluations': 25, 'seconds': 0.033319900001515634, 'method': 'differential_evolution_v2', 'accepted_search': True, 'solver_message': 'Optimization terminated successfully.'}, {'theta': array([-7.13245953e+03,  7.60999450e-01]), 'n_active': 2, 'beta1_train': -146.88048174470097, 'beta0_train': -1462.7999999999997, 'beta1_val': -219.77172013465747, 'beta0_val': -1462.7999999999997, 'selected_score': -1462.7999999999997, 'evaluations': 45, 'seconds': 0.034118299998226576, 'method': 'differential_evolution_v2', 'accepted_search': True, 'solver_message': 'Optimization terminated successfully.'}, {'theta': array([ 3.04503472e+03,  1.38073870e+00, -8.66631300e+01,  6.39280519e-01]), 'n_active': 4, 'beta1_train': 3729.090606608237, 'beta0_train': 4529.451669906472, 'beta1_val': -286.1812049631084, 'beta0_val': -286.1812049631084, 'selected_score': 3638.208077224908, 'evaluations': 185, 'seconds': 0.13097479999123607, 'method': 'differential_evolution_v2', 'accepted_search': True, 'solver_message': 'Maximum number of iterations has been exceeded.'}]",42,"[{'update_slot': 78, 'hour': 13, 'info': 'both', 'lp_status': 'optimal', 'lp_message': '', 'fallback': False}]",2255.9953549999987,2181.9286873501787,0.19841299999097828,0.3387369999982184
"[{'theta': array([-9022.8609523]), 'n_active': 1, 'beta1_train': -369.1339899423677, 'beta0_train': -506.1730105435421, 'beta1_val': -1800.3874636255862, 'beta0_val': -1800.3874636255862, 'selected_score': -506.1730105435421, 'evaluations': 20, 'seconds': 0.02817640001012478, 'method': 'differential_evolution_v2', 'accepted_search': True, 'solver_message': 'Optimization terminated successfully.'}, {'theta': array([-3.28788122e+03, -7.32323674e-01]), 'n_active': 2, 'beta1_train': -2835.5403584676064, 'beta0_train': -4089.6000000000004, 'beta1_val': -3169.5494084835354, 'beta0_val': -4089.6, 'selected_score': -4089.6000000000004, 'evaluations': 95, 'seconds': 0.05919479999283794, 'method': 'differential_evolution_v2', 'accepted_search': True, 'solver_message': 'Maximum number of iterations has been exceeded.'}, {'theta': array([ 4.70293432e+03, -1.18888985e+00, -5.80943774e+02, -5.22261916e-01]), 'n_active': 4, 'beta1_train': 3067.160532293674, 'beta0_train': 3608.418201381479, 'beta1_val': -1158.5904589979032, 'beta0_val': -1158.5904589979032, 'selected_score': 2838.3389223642157, 'evaluations': 185, 'seconds': 0.12859799999569077, 'method': 'differential_evolution_v2', 'accepted_search': True, 'solver_message': 'Maximum number of iterations has been exceeded.'}]",42,"[{'update_slot': 78, 'hour': 13, 'info': 'both', 'lp_status': 'optimal', 'lp_message': '', 'fallback': False}]",2181.9286873501787,2763.4370366726394,0.2159691999986535,0.3534148000035202
"[{'theta': array([-7033.14197158]), 'n_active': 1, 'beta1_train': -1561.595944575071, 'beta0_train': -2955.469130303077, 'beta1_val': -3256.861547038422, 'beta0_val': -3291.316162443771, 'selected_score': -2955.469130303077, 'evaluations': 25, 'seconds': 0.032561900006840006, 'method': 'differential_evolution_v2', 'accepted_search': True, 'solver_message': 'Optimization terminated successfully.'}, {'theta': array([-1.05763070e+03,  9.29909358e-01]), 'n_active': 2, 'beta1_train': 596.312308736969, 'beta0_train': -2524.2778942605687, 'beta1_val': 401.96983609228755, 'beta0_val': -2696.1835815074114, 'selected_score': -2580.256754545426, 'evaluations': 95, 'seconds': 0.061288900004001334, 'method': 'differential_evolution_v2', 'accepted_search': True, 'solver_message': 'Maximum number of iterations has been exceeded.'}, {'theta': array([-4.89222157e+02,  6.31935549e-02, -1.54333237e+01,  1.75165946e-01]), 'n_active': 4, 'beta1_train': 4806.2802318989925, 'beta0_train': 5767.097811974287, 'beta1_val': -808.4261748161582, 'beta0_val': -808.4261748161694, 'selected_score': 4761.948799745097, 'evaluations': 185, 'seconds': 0.12570570000389125, 'method': 'differential_evolution_v2', 'accepted_search': True, 'solver_message': 'Maximum number of iterations has been exceeded.'}]",42,"[{'update_slot': 78, 'hour': 13, 'info': 'both', 'lp_status': 'optimal', 'lp_message': '', 'fallback': False}]",2763.4370366726394,2564.198124488076,0.2195565000147326,0.4201478000031784
"[{'theta': array([-3340.33018378]), 'n_active': 1, 'beta1_train': -2754.656301568834, 'beta0_train': -3615.2680075210674, 'beta1_val': -3907.456109835488, 'beta0_val': -3907.456109835488, 'selected_score': -3615.2680075210674, 'evaluations': 20, 'seconds': 0.02785050000238698, 'method': 'differential_evolution_v2', 'accepted_search': True, 'solver_message': 'Optimization terminated successfully.'}, {'theta': array([-2.67444939e+03, -3.93218128e-01]), 'n_active': 2, 'beta1_train': 835.8379780889603, 'beta0_train': -2631.8385078090996, 'beta1_val': -14.568456523747955, 'beta0_val': -2566.487015370041, 'selected_score': -2631.8385078090996, 'evaluations': 95, 'seconds': 0.06697699999494944, 'method': 'differential_evolution_v2', 'accepted_search': True, 'solver_message': 'Maximum number of iterations has been exceeded.'}, {'theta': array([-285.72847356,   -0.56855918, -156.50230094,   -0.89706929]), 'n_active': 4, 'beta1_train': 5710.809053170167, 'beta0_train': 6819.153534599635, 'beta1_val': -659.8925159768023, 'beta0_val': -975.6274305684773, 'selected_score': 5221.583325570597, 'evaluations': 185, 'seconds': 0.1366680999926757, 'method': 'differential_evolution_v2', 'accepted_search': True, 'solver_message': 'Maximum number of iterations has been exceeded.'}]",42,"[{'update_slot': 78, 'hour': 13, 'info': 'both', 'lp_status': 'optimal', 'lp_message': '', 'fallback': False}]",2564.198124488076,2167.072059259261,0.23149559999001212,0.3823829000029946
"[{'theta': array([-3564.07704717]), 'n_active': 1, 'beta1_train': -2768.1239021045894, 'beta0_train': -3827.8402068806777, 'beta1_val': -4102.7888357311, 'beta0_val': -4102.7888357311, 'selected_score': -3827.8402068806777, 'evaluations': 25, 'seconds': 0.03463490000285674, 'method': 'differential_evolution_v2', 'accepted_search': True, 'solver_message': 'Optimization terminated successfully.'}, {'theta': array([-4.77750767e+03, -1.21695931e+00]), 'n_active': 2, 'beta1_train': 423.56505867299074, 'beta0_train': -2952.7615302397217, 'beta1_val': -1544.1920404928342, 'beta0_val': -3629.762126853068, 'selected_score': -2952.7615302397217, 'evaluations': 45, 'seconds': 0.044672399992123246, 'method': 'differential_evolution_v2', 'accepted_search': True, 'solver_message': 'Optimization terminated successfully.'}, {'theta': array([-2.31971373e+02, -2.01604235e-02, -3.16335815e+03, -1.05059494e+00]), 'n_active': 4, 'beta1_train': 5794.447356486431, 'beta0_train': 7100.5765243258265, 'beta1_val': -655.7964487167313, 'beta0_val': -655.7964487167313, 'selected_score': 5545.591629979127, 'evaluations': 185, 'seconds': 0.16299589999835007, 'method': 'differential_evolution_v2', 'accepted_search': True, 'solver_message': 'Maximum number of iterations has been exceeded.'}]",42,"[{'update_slot': 78, 'hour': 13, 'info': 'both', 'lp_status': 'optimal', 'lp_message': '', 'fallback': False}]",2167.072059259261,2252.6253022886094,0.24230319999333005,0.3869436999957543
"[{'theta': array([-3592.4101385]), 'n_active': 1, 'beta1_train': -2364.4761534506792, 'beta0_train': -3167.197980652661, 'beta1_val': -3553.2890876699516, 'beta0_val': -3553.2890876699516, 'selected_score': -3167.197980652661, 'evaluations': 20, 'seconds': 0.02872969998861663, 'method': 'differential_evolution_v2', 'accepted_search': True, 'solver_message': 'Optimization terminated successfully.'}, {'theta': array([-9.29039670e+03,  1.01268843e+00]), 'n_active': 2, 'beta1_train': 674.5832174862924, 'beta0_train': -2696.635042706534, 'beta1_val': 329.9766330556349, 'beta0_val': -2851.874164916419, 'selected_score': -2696.635042706534, 'evaluations': 65, 'seconds': 0.046495300004608, 'method': 'differential_evolution_v2', 'accepted_search': True, 'solver_message': 'Optimization terminated successfully.'}, {'theta': array([-412.79062533,   -1.01205044, -596.57939021,   -1.60595148]), 'n_active': 4, 'beta1_train': 4734.004595167016, 'beta0_train': 5740.310593519662, 'beta1_val': -168.83736741085306, 'beta0_val': -430.8749432953248, 'selected_score': 4566.676576550869, 'evaluations': 185, 'seconds': 0.1283677000028547, 'method': 'differential_evolution_v2', 'accepted_search': True, 'solver_message': 'Maximum number of iterations has been exceeded.'}]",42,"[{'update_slot': 78, 'hour': 13, 'info': 'both', 'lp_status': 'optimal', 'lp_message': '', 'fallback': False}]",2252.6253022886094,2444.4785232991017,0.20359269999607932,0.3513680000032764
"[{'theta': array([-6650.79609348]), 'n_active': 1, 'beta1_train': -40.3029361468106, 'beta0_train': -190.6690065310443, 'beta1_val': -777.3216007708875, 'beta0_val': -777.3216007708875, 'selected_score': -190.6690065310443, 'evaluations': 20, 'seconds': 0.027736799995182082, 'method': 'differential_evolution_v2', 'accepted_search': True, 'solver_message': 'Optimization terminated successfully.'}, {'theta': array([-1220.36742872,     1.46059718]), 'n_active': 2, 'beta1_train': 3380.035814009979, 'beta0_train': -3.3095694208379967, 'beta1_val': 2926.082692995998, 'beta0_val': -465.88056995712077, 'selected_score': -12.4826283638327, 'evaluations': 95, 'seconds': 0.06227429999853484, 'method': 'differential_evolution_v2', 'accepted_search': True, 'solver_message': 'Maximum number of iterations has been exceeded.'}, {'theta': array([-1.53692939e+02,  1.23371767e-02, -2.45351041e+03,  9.61609480e-01]), 'n_active': 4, 'beta1_train': 4220.80532586317, 'beta0_train': 4696.1825038843335, 'beta1_val': 609.0313170017514, 'beta0_val': 25.071243066495384, 'selected_score': 3989.086033038456, 'evaluations': 185, 'seconds': 0.12935669999569654, 'method': 'differential_evolution_v2', 'accepted_search': True, 'solver_message': 'Maximum number of iterations has been exceeded.'}]",42,"[{'update_slot': 78, 'hour': 13, 'info': 'both', 'lp_status': 'optimal', 'lp_message': '', 'fallback': False}]",2444.4785232991017,2206.8323534339743,0.21936779998941347,0.35288649999711197
"[{'theta': array([-2561.01546435]), 'n_active': 1, 'beta1_train': -142.03205223726678, 'beta0_train': -266.4128964622419, 'beta1_val': -810.7572177455434, 'beta0_val': -810.7572177455434, 'selected_score': -266.4128964622419, 'evaluations': 20, 'seconds': 0.027534900000318885, 'method': 'differential_evolution_v2', 'accepted_search': True, 'solver_message': 'Optimization terminated successfully.'}, {'theta': array([-3.15025272e+03,  2.48775233e-01]), 'n_active': 2, 'beta1_train': -739.3392435267074, 'beta0_train': -2047.7484913952142, 'beta1_val': -1116.8125619257603, 'beta0_val': -2056.8, 'selected_score': -2047.7484913952142, 'evaluations': 95, 'seconds': 0.05908209999324754, 'method': 'differential_evolution_v2', 'accepted_search': True, 'solver_message': 'Maximum number of iterations has been exceeded.'}, {'theta': array([ 7.15238905e+02, -3.69445266e-01, -2.48839426e+02,  1.06451443e+00]), 'n_active': 4, 'beta1_train': 1859.5313265969896, 'beta0_train': 2233.4715908593284, 'beta1_val': -420.74235420834935, 'beta0_val': -420.74235420834935, 'selected_score': 1826.320028239771, 'evaluations': 185, 'seconds': 0.1234995999984676, 'method': 'differential_evolution_v2', 'accepted_search': True, 'solver_message': 'Maximum number of iterations has been exceeded.'}]",42,"[{'update_slot': 78, 'hour': 13, 'info': 'both', 'lp_status': 'optimal', 'lp_message': '', 'fallback': False}]",2206.8323534339743,2016.7148548848572,0.21011659999203403,0.3417799000017112
"[{'theta': array([-5855.55225346]), 'n_active': 1, 'beta1_train': -1004.3441558278386, 'beta0_train': -1045.0789995976788, 'beta1_val': -1300.5800769480243, 'beta0_val': -1300.5800769480243, 'selected_score': -1045.0789995976788, 'evaluations': 15, 'seconds': 0.02464920000056736, 'method': 'differential_evolution_v2', 'accepted_search': True, 'solver_message': 'Optimization terminated successfully.'}, {'theta': array([-2.57586105e+03,  6.78957034e-02]), 'n_active': 2, 'beta1_train': -3190.5763083468587, 'beta0_train': -4503.376955593845, 'beta1_val': -3509.4116845099747, 'beta0_val': -4513.2, 'selected_score': -4503.376955593845, 'evaluations': 95, 'seconds': 0.05991939999512397, 'method': 'differential_evolution_v2', 'accepted_search': True, 'solver_message': 'Maximum number of iterations has been exceeded.'}, {'theta': array([-1.19752683e+02, -3.09453750e-02, -1.06430306e+03, -1.02484854e+00]), 'n_active': 4, 'beta1_train': 658.5957803151152, 'beta0_train': 677.535510344102, 'beta1_val': -1089.6063129722925, 'beta0_val': -1121.2703122043954, 'selected_score': 435.82423733399315, 'evaluations': 185, 'seconds': 0.13186859998677392, 'method': 'differential_evolution_v2', 'accepted_search': True, 'solver_message': 'Maximum number of iterations has been exceeded.'}]",42,"[{'update_slot': 78, 'hour': 13, 'info': 'both', 'lp_status': 'optimal', 'lp_message': '', 'fallback': False}]",2016.7148548848572,2928.349551829499,0.21643719998246524,0.3529737000062596
"[{'theta': array([-6164.04155529]), 'n_active': 1, 'beta1_train': -3482.290953041505, 'beta0_train': -4069.201781189584, 'beta1_val': -3234.2760169897992, 'beta0_val': -4050.0376504858978, 'selected_score': -4069.201781189584, 'evaluations': 50, 'seconds': 0.05404889999772422, 'method': 'differential_evolution_v2', 'accepted_search': True, 'solver_message': 'Maximum number of iterations has been exceeded.'}, {'theta': array([-4.13744717e+03,  8.06318994e-01]), 'n_active': 2, 'beta1_train': -718.2384378121745, 'beta0_train': -4080.2327305164526, 'beta1_val': -1493.4157191115733, 'beta0_val': -4159.3673341882795, 'selected_score': -4080.2327305164526, 'evaluations': 95, 'seconds': 0.057797200002823956, 'method': 'differential_evolution_v2', 'accepted_search': True, 'solver_message': 'Maximum number of iterations has been exceeded.'}, {'theta': array([-3.56309683e+02, -1.06339099e+00, -3.57220791e+03, -1.55420026e+00]), 'n_active': 4, 'beta1_train': 1314.6075083732248, 'beta0_train': 936.8193017153102, 'beta1_val': -505.26560863851574, 'beta0_val': -505.26560863851574, 'selected_score': 784.9688108826418, 'evaluations': 185, 'seconds': 0.124026599994977, 'method': 'differential_evolution_v2', 'accepted_search': True, 'solver_message': 'Maximum number of iterations has been exceeded.'}]",42,"[{'update_slot': 78, 'hour': 13, 'info': 'both', 'lp_status': 'optimal', 'lp_message': '', 'fallback': False}]",2928.349551829499,2294.0581174448603,0.23587269999552518,0.3631273999926634
"[{'theta': array([-6358.66339212]), 'n_active': 1, 'beta1_train': -3944.5441679736123, 'beta0_train': -4003.056888036002, 'beta1_val': -4142.771214467832, 'beta0_val': -4142.771214467832, 'selected_score': -4003.056888036002, 'evaluations': 20, 'seconds': 0.027029699995182455, 'method': 'differential_evolution_v2', 'accepted_search': True, 'solver_message': 'Optimization terminated successfully.'}, {'theta': array([-2.44793025e+03,  7.54605248e-01]), 'n_active': 2, 'beta1_train': 69.81141474302184, 'beta0_train': -2890.7611942125527, 'beta1_val': -702.225294949937, 'beta0_val': -3318.643916671692, 'selected_score': -2890.947102868614, 'evaluations': 95, 'seconds': 0.05817129999923054, 'method': 'differential_evolution_v2', 'accepted_search': True, 'solver_message': 'Maximum number of iterations has been exceeded.'}, {'theta': array([-2.48555845e+03, -1.39072768e+00, -2.53193756e+02,  8.32484106e-01]), 'n_active': 4, 'beta1_train': 470.42463130224576, 'beta0_train': 61.599571775219516, 'beta1_val': 8.610679932322228, 'beta0_val': -285.4153306789166, 'selected_score': 37.685247151606, 'evaluations': 185, 'seconds': 0.12313900000299327, 'method': 'differential_evolution_v2', 'accepted_search': True, 'solver_message': 'Maximum number of iterations has been exceeded.'}]",42,"[{'update_slot': 78, 'hour': 13, 'info': 'both', 'lp_status': 'optimal', 'lp_message': '', 'fallback': False}]",2294.0581174448603,2396.174264896357,0.20833999999740627,0.33712779999768827
"[{'theta': array([-2650.97004362]), 'n_active': 1, 'beta1_train': -4098.77536366622, 'beta0_train': -4119.7551437485745, 'beta1_val': -4053.7820800939658, 'beta0_val': -4053.7820800939658, 'selected_score': -4119.7551437485745, 'evaluations': 20, 'seconds': 0.027427400011220016, 'method': 'differential_evolution_v2', 'accepted_search': True, 'solver_message': 'Optimization terminated successfully.'}, {'theta': array([-7.44599792e+03, -2.72623206e-01]), 'n_active': 2, 'beta1_train': -373.59014562147854, 'beta0_train': -3288.1136759544584, 'beta1_val': -144.78132231681457, 'beta0_val': -3771.328747424109, 'selected_score': -3288.1136759544584, 'evaluations': 35, 'seconds': 0.026325099999667145, 'method': 'differential_evolution_v2', 'accepted_search': True, 'solver_message': 'Optimization terminated successfully.'}, {'theta': array([-7.22507160e+03,  3.60211636e-03, -6.26110504e+03,  3.11469661e-01]), 'n_active': 4, 'beta1_train': -302.74073737382116, 'beta0_train': -612.8146105755677, 'beta1_val': 41.35420481753556, 'beta0_val': -194.30898309983797, 'selected_score': -612.8146105755677, 'evaluations': 145, 'seconds': 0.10490659999777563, 'method': 'differential_evolution_v2', 'accepted_search': True, 'solver_message': 'Optimization terminated successfully.'}]",42,"[{'update_slot': 78, 'hour': 13, 'info': 'both', 'lp_status': 'optimal', 'lp_message': '', 'fallback': False}]",2396.174264896357,2079.201871111111,0.1586591000086628,0.28857129999960307
"[{'theta': array([-4811.98767902]), 'n_active': 1, 'beta1_train': -4581.336467964595, 'beta0_train': -4609.618942950315, 'beta1_val': -4611.599999999999, 'beta0_val': -4611.599999999999, 'selected_score': -4609.618942950315, 'evaluations': 25, 'seconds': 0.030645199993159622, 'method': 'differential_evolution_v2', 'accepted_search': True, 'solver_message': 'Optimization terminated successfully.'}, {'theta': array([-9.20176268e+03,  5.01727509e-01]), 'n_active': 2, 'beta1_train': 960.2294197232458, 'beta0_train': -2205.6024842114957, 'beta1_val': 432.6875045552283, 'beta0_val': -2326.2369758554705, 'selected_score': -2205.6024842114957, 'evaluations': 25, 'seconds': 0.024640600007842295, 'method': 'differential_evolution_v2', 'accepted_search': True, 'solver_message': 'Optimization terminated successfully.'}, {'theta': array([-4.23133732e+03,  2.15123646e-01, -3.03559410e+03, -1.83722641e+00]), 'n_active': 4, 'beta1_train': 108.98743663558133, 'beta0_train': -691.6355750195905, 'beta1_val': -385.0107913850908, 'beta0_val': -593.811124006667, 'selected_score': -691.6355750195905, 'evaluations': 105, 'seconds': 0.08264739999140147, 'method': 'differential_evolution_v2', 'accepted_search': True, 'solver_message': 'Optimization terminated successfully.'}]",42,"[{'update_slot': 78, 'hour': 13, 'info': 'both', 'lp_status': 'optimal', 'lp_message': '', 'fallback': False}]",2079.201871111111,1827.8864872222207,0.1379331999924034,0.265649900000426
"[{'theta': array([-554.82725844]), 'n_active': 1, 'beta1_train': -1209.5835964519733, 'beta0_train': -1232.7496378575213, 'beta1_val': -1116.7404694770607, 'beta0_val': -1241.9724110770605, 'selected_score': -1232.7496378575213, 'evaluations': 20, 'seconds': 0.02729999998700805, 'method': 'differential_evolution_v2', 'accepted_search': True, 'solver_message': 'Optimization terminated successfully.'}, {'theta': array([-5.52968611e+03, -3.46386323e-01]), 'n_active': 2, 'beta1_train': 2318.2269694339298, 'beta0_train': -1076.9618441448201, 'beta1_val': 2084.082716920553, 'beta0_val': -1166.0475367262757, 'selected_score': -1076.9618441448201, 'evaluations': 55, 'seconds': 0.03941379999741912, 'method': 'differential_evolution_v2', 'accepted_search': True, 'solver_message': 'Optimization terminated successfully.'}, {'theta': array([-1.89944596e+03, -6.92220468e-01, -6.78982538e+03,  1.50504777e+00]), 'n_active': 4, 'beta1_train': 483.6549582227518, 'beta0_train': -79.58871543836145, 'beta1_val': 802.2800204121977, 'beta0_val': 638.4597730721702, 'selected_score': -79.58871543836145, 'evaluations': 185, 'seconds': 0.12860550000914373, 'method': 'differential_evolution_v2', 'accepted_search': True, 'solver_message': 'Maximum number of iterations has been exceeded.'}]",42,"[{'update_slot': 78, 'hour': 13, 'info': 'both', 'lp_status': 'optimal', 'lp_message': '', 'fallback': False}]",1827.8864872222207,2160.15299266984,0.1953192999935709,0.3253757000056794
"[{'theta': array([-8423.82950234]), 'n_active': 1, 'beta1_train': -274.4919724344019, 'beta0_train': -280.0139630024475, 'beta1_val': -272.0926619580855, 'beta0_val': -272.0926619580855, 'selected_score': -280.0139630024475, 'evaluations': 20, 'seconds': 0.02738390000013169, 'method': 'differential_evolution_v2', 'accepted_search': True, 'solver_message': 'Optimization terminated successfully.'}, {'theta': array([-2.33879307e+03,  8.51052673e-01]), 'n_active': 2, 'beta1_train': 176.0552617032826, 'beta0_train': -822.0, 'beta1_val': -118.09810660337268, 'beta0_val': -822.0, 'selected_score': -822.0, 'evaluations': 45, 'seconds': 0.03434610000113025, 'method': 'differential_evolution_v2', 'accepted_search': True, 'solver_message': 'Optimization terminated successfully.'}, {'theta': array([-3.22838554e+03, -6.83788096e-01, -2.05738295e+03, -7.31836598e-01]), 'n_active': 4, 'beta1_train': 198.38811211628388, 'beta0_train': -136.39567013702464, 'beta1_val': 519.3821920683887, 'beta0_val': -158.90459082372033, 'selected_score': -136.39567013702464, 'evaluations': 185, 'seconds': 0.12663279999105725, 'method': 'differential_evolution_v2', 'accepted_search': True, 'solver_message': 'Maximum number of iterations has been exceeded.'}]",42,"[{'update_slot': 78, 'hour': 13, 'info': 'both', 'lp_status': 'optimal', 'lp_message': '', 'fallback': False}]",2160.15299266984,1651.75509,0.1883627999923192,0.322589200004586
"[{'theta': array([-6536.85989524]), 'n_active': 1, 'beta1_train': -1650.0494342578231, 'beta0_train': -1650.0494342578231, 'beta1_val': -1586.8549690248374, 'beta0_val': -1586.8549690248374, 'selected_score': -1650.0494342578231, 'evaluations': 50, 'seconds': 0.052958700005547144, 'method': 'differential_evolution_v2', 'accepted_search': True, 'solver_message': 'Maximum number of iterations has been exceeded.'}, {'theta': array([-3.26645674e+03,  1.18738677e+00]), 'n_active': 2, 'beta1_train': -2993.5457823012634, 'beta0_train': -4063.2000000000003, 'beta1_val': -2930.202827035293, 'beta0_val': -4063.2000000000003, 'selected_score': -4063.2000000000003, 'evaluations': 95, 'seconds': 0.05853890000435058, 'method': 'differential_evolution_v2', 'accepted_search': True, 'solver_message': 'Maximum number of iterations has been exceeded.'}, {'theta': array([-3.66470729e+02, -4.38021414e-01, -3.47571675e+03,  1.56372206e-01]), 'n_active': 4, 'beta1_train': -772.1477941029303, 'beta0_train': -1124.9884459090667, 'beta1_val': 801.5732905701694, 'beta0_val': 318.89020312858156, 'selected_score': -1125.4563877837375, 'evaluations': 185, 'seconds': 0.12892350000038277, 'method': 'differential_evolution_v2', 'accepted_search': True, 'solver_message': 'Maximum number of iterations has been exceeded.'}]",42,"[{'update_slot': 78, 'hour': 13, 'info': 'both', 'lp_status': 'optimal', 'lp_message': '', 'fallback': False}]",1651.75509,2820.3151885555717,0.2404211000102805,0.3773281999892788
"[{'theta': array([-5205.83430495]), 'n_active': 1, 'beta1_train': -2994.7079511625675, 'beta0_train': -3236.784176457674, 'beta1_val': -3165.1814691264713, 'beta0_val': -3204.3825884253356, 'selected_score': -3236.784176457674, 'evaluations': 15, 'seconds': 0.021573899997747503, 'method': 'differential_evolution_v2', 'accepted_search': True, 'solver_message': 'Optimization terminated successfully.'}, {'theta': array([-7.05577350e+03, -9.05549828e-01]), 'n_active': 2, 'beta1_train': 57.241879673169414, 'beta0_train': -3103.7005555427772, 'beta1_val': 337.57465526249007, 'beta0_val': -2828.848739499072, 'selected_score': -3103.7005555427772, 'evaluations': 95, 'seconds': 0.05806810001377016, 'method': 'differential_evolution_v2', 'accepted_search': True, 'solver_message': 'Maximum number of iterations has been exceeded.'}, {'theta': array([-6.60404201e+03,  3.21536277e-01, -5.69516604e+03,  1.58023568e+00]), 'n_active': 4, 'beta1_train': -343.8570934625292, 'beta0_train': -904.1008640346857, 'beta1_val': -778.9706458297571, 'beta0_val': -1004.279253885282, 'selected_score': -904.1008640346857, 'evaluations': 145, 'seconds': 0.10385990000213496, 'method': 'differential_evolution_v2', 'accepted_search': True, 'solver_message': 'Optimization terminated successfully.'}]",42,"[{'update_slot': 78, 'hour': 13, 'info': 'both', 'lp_status': 'optimal', 'lp_message': '', 'fallback': False}]",2820.3151885555717,3276.372747100906,0.18350190001365263,0.3131371999916155
"[{'theta': array([-3634.45798605]), 'n_active': 1, 'beta1_train': -4783.0224224244585, 'beta0_train': -5056.874516492069, 'beta1_val': -5000.6048927819875, 'beta0_val': -5029.67641803078, 'selected_score': -5056.874516492069, 'evaluations': 20, 'seconds': 0.028055100003257394, 'method': 'differential_evolution_v2', 'accepted_search': True, 'solver_message': 'Optimization terminated successfully.'}, {'theta': array([-4.22603180e+03, -1.80619554e-01]), 'n_active': 2, 'beta1_train': -931.3414662811517, 'beta0_train': -4461.807587261566, 'beta1_val': 142.84675722061365, 'beta0_val': -4108.283642247693, 'selected_score': -4461.807587261566, 'evaluations': 45, 'seconds': 0.03337989999272395, 'method': 'differential_evolution_v2', 'accepted_search': True, 'solver_message': 'Optimization terminated successfully.'}, {'theta': array([-1.90101061e+03,  1.23112151e-01, -3.99544716e+03,  2.45713777e-01]), 'n_active': 4, 'beta1_train': -86.44582323456832, 'beta0_train': -631.4112373760338, 'beta1_val': -863.0211241707843, 'beta0_val': -863.0211241707843, 'selected_score': -631.4112373760338, 'evaluations': 185, 'seconds': 0.12223020000965334, 'method': 'differential_evolution_v2', 'accepted_search': True, 'solver_message': 'Maximum number of iterations has been exceeded.'}]",42,"[{'update_slot': 78, 'hour': 13, 'info': 'both', 'lp_status': 'optimal', 'lp_message': '', 'fallback': False}]",3276.372747100906,2162.631823511118,0.1836652000056347,0.31315029998950195
"[{'theta': array([-6703.9202206]), 'n_active': 1, 'beta1_train': -4444.549530031121, 'beta0_train': -4463.186301959104, 'beta1_val': -4561.5869221182365, 'beta0_val': -4561.5869221182365, 'selected_score': -4463.186301959104, 'evaluations': 25, 'seconds': 0.031562600008328445, 'method': 'differential_evolution_v2', 'accepted_search': True, 'solver_message': 'Optimization terminated successfully.'}, {'theta': array([-8.54752447e+03,  7.06245094e-01]), 'n_active': 2, 'beta1_train': -874.5893245127816, 'beta0_train': -3807.4582024035676, 'beta1_val': -689.0233218614735, 'beta0_val': -3514.986628940882, 'selected_score': -3807.4582024035676, 'evaluations': 55, 'seconds': 0.038597199993091635, 'method': 'differential_evolution_v2', 'accepted_search': True, 'solver_message': 'Optimization terminated successfully.'}, {'theta': array([-3.37330700e+03, -7.05959222e-01, -5.44848338e+03, -1.35810546e+00]), 'n_active': 4, 'beta1_train': -276.53751165405197, 'beta0_train': -510.4257734045355, 'beta1_val': -673.7533863685128, 'beta0_val': -673.7533863685128, 'selected_score': -510.4257734045355, 'evaluations': 185, 'seconds': 0.12390199999208562, 'method': 'differential_evolution_v2', 'accepted_search': True, 'solver_message': 'Maximum number of iterations has been exceeded.'}]",42,"[{'update_slot': 78, 'hour': 13, 'info': 'both', 'lp_status': 'optimal', 'lp_message': '', 'fallback': False}]",2162.631823511118,2511.229412711425,0.1940617999935057,0.32605119999789167
"[{'theta': array([-5971.99927803]), 'n_active': 1, 'beta1_train': -4950.920497060081, 'beta0_train': -4992.651254714243, 'beta1_val': -4995.6, 'beta0_val': -4995.6, 'selected_score': -4992.651254714243, 'evaluations': 15, 'seconds': 0.02268539999204222, 'method': 'differential_evolution_v2', 'accepted_search': True, 'solver_message': 'Optimization terminated successfully.'}, {'theta': array([-1.38063863e+03, -3.03453756e-02]), 'n_active': 2, 'beta1_train': -296.9507234055893, 'beta0_train': -3634.226067134525, 'beta1_val': -272.4194048344175, 'beta0_val': -3469.251118847772, 'selected_score': -3634.226067134525, 'evaluations': 35, 'seconds': 0.029656700004125014, 'method': 'differential_evolution_v2', 'accepted_search': True, 'solver_message': 'Optimization terminated successfully.'}, {'theta': array([-2.92647129e+03,  1.26830762e+00, -6.43379680e+03, -4.60477102e-01]), 'n_active': 4, 'beta1_train': -190.2398709391448, 'beta0_train': -633.1937702667237, 'beta1_val': -1102.744212059671, 'beta0_val': -1102.744212059671, 'selected_score': -633.1937702667237, 'evaluations': 145, 'seconds': 0.10476600000401959, 'method': 'differential_evolution_v2', 'accepted_search': True, 'solver_message': 'Optimization terminated successfully.'}]",42,"[{'update_slot': 78, 'hour': 13, 'info': 'both', 'lp_status': 'optimal', 'lp_message': '', 'fallback': False}]",2511.229412711425,2281.343967270843,0.15710810000018682,0.2887293999956455
"[{'theta': array([-5234.32891362]), 'n_active': 1, 'beta1_train': -1696.5333708221851, 'beta0_train': -1731.9711620445648, 'beta1_val': -1732.8, 'beta0_val': -1732.8, 'selected_score': -1731.9711620445648, 'evaluations': 50, 'seconds': 0.05333249999966938, 'method': 'differential_evolution_v2', 'accepted_search': True, 'solver_message': 'Maximum number of iterations has been exceeded.'}, {'theta': array([-8.54974935e+03,  7.70675767e-01]), 'n_active': 2, 'beta1_train': 1861.2925558078707, 'beta0_train': -1230.6472989452566, 'beta1_val': 1319.6279312417573, 'beta0_val': -1320.5894171056063, 'selected_score': -1230.6472989452566, 'evaluations': 95, 'seconds': 0.059324799993191846, 'method': 'differential_evolution_v2', 'accepted_search': True, 'solver_message': 'Maximum number of iterations has been exceeded.'}, {'theta': array([-6.63814451e+02,  3.49088614e-02, -1.16604745e+03,  1.32112973e+00]), 'n_active': 4, 'beta1_train': 1048.0996897063649, 'beta0_train': 168.94752981540393, 'beta1_val': -321.7074811774326, 'beta0_val': -366.52323075468195, 'selected_score': 131.96723957208235, 'evaluations': 185, 'seconds': 0.12645080000220332, 'method': 'differential_evolution_v2', 'accepted_search': True, 'solver_message': 'Maximum number of iterations has been exceeded.'}]",42,"[{'update_slot': 78, 'hour': 13, 'info': 'both', 'lp_status': 'optimal', 'lp_message': '', 'fallback': False}]",2281.343967270843,2304.8757316806837,0.23910809999506455,0.37398550000216346
"[{'theta': array([-1117.62307527]), 'n_active': 1, 'beta1_train': -733.7061779580316, 'beta0_train': -759.3430162538513, 'beta1_val': -796.8974367434678, 'beta0_val': -796.8974367434678, 'selected_score': -759.3430162538513, 'evaluations': 20, 'seconds': 0.026143200011574663, 'method': 'differential_evolution_v2', 'accepted_search': True, 'solver_message': 'Optimization terminated successfully.'}, {'theta': array([-5.25969120e+03,  8.46693636e-01]), 'n_active': 2, 'beta1_train': -450.0435016915483, 'beta0_train': -1686.0, 'beta1_val': -110.63999675221885, 'beta0_val': -1686.0, 'selected_score': -1686.0, 'evaluations': 45, 'seconds': 0.0335443999938434, 'method': 'differential_evolution_v2', 'accepted_search': True, 'solver_message': 'Optimization terminated successfully.'}, {'theta': array([-8.47468908e+02, -5.61139384e-01, -8.00738300e+03,  3.93415647e-01]), 'n_active': 4, 'beta1_train': 145.01906899997007, 'beta0_train': -221.33593083617748, 'beta1_val': 317.26093440496703, 'beta0_val': -319.5635194053878, 'selected_score': -221.33593083617748, 'evaluations': 105, 'seconds': 0.08265180001035333, 'method': 'differential_evolution_v2', 'accepted_search': True, 'solver_message': 'Optimization terminated successfully.'}]",42,"[{'update_slot': 78, 'hour': 13, 'info': 'both', 'lp_status': 'optimal', 'lp_message': '', 'fallback': False}]",2304.8757316806837,2187.557623667819,0.1423394000157714,0.2703937999904156
"[{'theta': array([-2584.59673932]), 'n_active': 1, 'beta1_train': -1546.1784786403546, 'beta0_train': -1561.3677544859759, 'beta1_val': -1795.0628310072061, 'beta0_val': -1795.0628310072061, 'selected_score': -1561.3677544859759, 'evaluations': 20, 'seconds': 0.029411800001980737, 'method': 'differential_evolution_v2', 'accepted_search': True, 'solver_message': 'Optimization terminated successfully.'}, {'theta': array([-5.85568239e+03, -5.59573654e-01]), 'n_active': 2, 'beta1_train': -2843.5644154618876, 'beta0_train': -4072.799999999999, 'beta1_val': -2756.715684596831, 'beta0_val': -4072.7999999999993, 'selected_score': -4072.799999999999, 'evaluations': 95, 'seconds': 0.05837569999857806, 'method': 'differential_evolution_v2', 'accepted_search': True, 'solver_message': 'Maximum number of iterations has been exceeded.'}, {'theta': array([-4.73483629e+03,  1.00604525e+00, -6.94778929e+03,  4.24177112e-01]), 'n_active': 4, 'beta1_train': -542.8610324041048, 'beta0_train': -997.1725478788741, 'beta1_val': -1116.6892437750428, 'beta0_val': -1142.0640493444027, 'selected_score': -997.1725478788741, 'evaluations': 185, 'seconds': 0.12613899999996647, 'method': 'differential_evolution_v2', 'accepted_search': True, 'solver_message': 'Maximum number of iterations has been exceeded.'}]",42,"[{'update_slot': 78, 'hour': 13, 'info': 'both', 'lp_status': 'optimal', 'lp_message': '', 'fallback': False}]",2187.557623667819,2526.906584629631,0.21392650000052527,0.35183329999563284
"[{'theta': array([-3372.79081945]), 'n_active': 1, 'beta1_train': -3009.1520428397625, 'beta0_train': -3422.31146266031, 'beta1_val': -3052.6430784123804, 'beta0_val': -3402.3741802775908, 'selected_score': -3422.31146266031, 'evaluations': 15, 'seconds': 0.022875199996633455, 'method': 'differential_evolution_v2', 'accepted_search': True, 'solver_message': 'Optimization terminated successfully.'}, {'theta': array([-9.17500550e+02, -2.21677556e-01]), 'n_active': 2, 'beta1_train': 1201.5705276647282, 'beta0_train': -980.9460045025471, 'beta1_val': 434.43027012246966, 'beta0_val': -2620.820380105565, 'selected_score': -990.4631312633494, 'evaluations': 95, 'seconds': 0.05906130000948906, 'method': 'differential_evolution_v2', 'accepted_search': True, 'solver_message': 'Maximum number of iterations has been exceeded.'}, {'theta': array([-2.35757236e+03,  1.65974375e+00, -5.36134659e+03,  1.38108110e-01]), 'n_active': 4, 'beta1_train': 100.25474539671734, 'beta0_train': -387.9740848617183, 'beta1_val': -202.98631806104777, 'beta0_val': -304.0740185023055, 'selected_score': -387.9740848617183, 'evaluations': 85, 'seconds': 0.07077100001333747, 'method': 'differential_evolution_v2', 'accepted_search': True, 'solver_message': 'Optimization terminated successfully.'}]",42,"[{'update_slot': 78, 'hour': 13, 'info': 'both', 'lp_status': 'optimal', 'lp_message': '', 'fallback': False}]",2526.906584629631,2277.3927121356214,0.15270750001945999,0.28451420000055805
"[{'theta': array([-8809.57585236]), 'n_active': 1, 'beta1_train': -3838.132559576492, 'beta0_train': -3867.9411826088526, 'beta1_val': -3868.8, 'beta0_val': -3868.8, 'selected_score': -3867.9411826088526, 'evaluations': 50, 'seconds': 0.053864399989834055, 'method': 'differential_evolution_v2', 'accepted_search': True, 'solver_message': 'Maximum number of iterations has been exceeded.'}, {'theta': array([-5.08667148e+03,  1.75390204e+00]), 'n_active': 2, 'beta1_train': 692.5171542221949, 'beta0_train': -2662.2840515423086, 'beta1_val': 199.21837984934564, 'beta0_val': -2867.424009825627, 'selected_score': -2662.2840515423086, 'evaluations': 45, 'seconds': 0.0325343000004068, 'method': 'differential_evolution_v2', 'accepted_search': True, 'solver_message': 'Optimization terminated successfully.'}, {'theta': array([-6.52704675e+03,  2.63467858e-01, -6.58295234e+03, -1.57744184e+00]), 'n_active': 4, 'beta1_train': 87.13842837063775, 'beta0_train': -380.83782343210635, 'beta1_val': 858.3957769351243, 'beta0_val': -620.3712774298868, 'selected_score': -380.83782343210635, 'evaluations': 125, 'seconds': 0.09290150000015274, 'method': 'differential_evolution_v2', 'accepted_search': True, 'solver_message': 'Optimization terminated successfully.'}]",42,"[{'update_slot': 78, 'hour': 13, 'info': 'both', 'lp_status': 'optimal', 'lp_message': '', 'fallback': False}]",2277.3927121356214,5770.841108672791,0.1793001999903936,0.3095043999928748
"[{'theta': array([-9052.99505208]), 'n_active': 1, 'beta1_train': -3914.9825845768196, 'beta0_train': -3949.8793101627366, 'beta1_val': -3971.0778606369913, 'beta0_val': -3971.0778606369913, 'selected_score': -3949.8793101627366, 'evaluations': 15, 'seconds': 0.022049899998819456, 'method': 'differential_evolution_v2', 'accepted_search': True, 'solver_message': 'Optimization terminated successfully.'}, {'theta': array([-3.74532600e+03, -1.12884106e+00]), 'n_active': 2, 'beta1_train': 544.9214466515641, 'beta0_train': -2842.042299941912, 'beta1_val': -1156.0294917509486, 'beta0_val': -3689.534917235041, 'selected_score': -2842.042299941912, 'evaluations': 95, 'seconds': 0.06296959999599494, 'method': 'differential_evolution_v2', 'accepted_search': True, 'solver_message': 'Maximum number of iterations has been exceeded.'}, {'theta': array([-2.33193294e+02,  1.51640360e+00, -4.27293465e+03,  1.19763885e+00]), 'n_active': 4, 'beta1_train': 156.30073278006887, 'beta0_train': -312.5611026656002, 'beta1_val': -2210.8654390972215, 'beta0_val': -2210.8654390972215, 'selected_score': -340.90717139174365, 'evaluations': 185, 'seconds': 0.12769660000049043, 'method': 'differential_evolution_v2', 'accepted_search': True, 'solver_message': 'Maximum number of iterations has been exceeded.'}]",42,"[{'update_slot': 78, 'hour': 13, 'info': 'both', 'lp_status': 'optimal', 'lp_message': '', 'fallback': False}]",5770.841108672791,5645.4681735185195,0.21271609999530483,0.3434670999995433
"[{'theta': array([-9430.11407705]), 'n_active': 1, 'beta1_train': -4184.074896220402, 'beta0_train': -4265.513811585129, 'beta1_val': -4198.38990346892, 'beta0_val': -4240.70653860852, 'selected_score': -4265.513811585129, 'evaluations': 20, 'seconds': 0.02783110000018496, 'method': 'differential_evolution_v2', 'accepted_search': True, 'solver_message': 'Optimization terminated successfully.'}, {'theta': array([-3.34169086e+03, -3.31962607e-01]), 'n_active': 2, 'beta1_train': 219.8540401163591, 'beta0_train': -3089.480316477114, 'beta1_val': -1179.187147526733, 'beta0_val': -3838.2750015724487, 'selected_score': -3089.480316477114, 'evaluations': 45, 'seconds': 0.03396380000049248, 'method': 'differential_evolution_v2', 'accepted_search': True, 'solver_message': 'Optimization terminated successfully.'}, {'theta': array([-4.39224817e+02, -6.74429618e-01, -3.99279065e+02, -7.27014910e-02]), 'n_active': 4, 'beta1_train': 365.0806798392597, 'beta0_train': -282.6019159838382, 'beta1_val': -2328.2765276313585, 'beta0_val': -2328.2765276313585, 'selected_score': -321.56804412742673, 'evaluations': 185, 'seconds': 0.1263906000094721, 'method': 'differential_evolution_v2', 'accepted_search': True, 'solver_message': 'Maximum number of iterations has been exceeded.'}]",42,"[{'update_slot': 78, 'hour': 13, 'info': 'both', 'lp_status': 'optimal', 'lp_message': '', 'fallback': False}]",5645.4681735185195,5570.503516296298,0.18818550001014955,0.31671310000820085
"[{'theta': array([-3706.34956052]), 'n_active': 1, 'beta1_train': -1888.084560659337, 'beta0_train': -1938.5977136533172, 'beta1_val': -1939.2, 'beta0_val': -1939.2, 'selected_score': -1938.5977136533172, 'evaluations': 20, 'seconds': 0.027004900010069832, 'method': 'differential_evolution_v2', 'accepted_search': True, 'solver_message': 'Optimization terminated successfully.'}, {'theta': array([-1.56117010e+03, -7.77356721e-01]), 'n_active': 2, 'beta1_train': 1966.6302630080515, 'beta0_train': -1690.5794805436826, 'beta1_val': 1852.1660405897876, 'beta0_val': -1881.3618873412297, 'selected_score': -1690.5794805436826, 'evaluations': 95, 'seconds': 0.05667829999583773, 'method': 'differential_evolution_v2', 'accepted_search': True, 'solver_message': 'Maximum number of iterations has been exceeded.'}, {'theta': array([-3.24359084e+02,  6.18557460e-01, -7.03736841e+02, -1.48984764e+00]), 'n_active': 4, 'beta1_train': 835.4576700703632, 'beta0_train': 221.88919333113486, 'beta1_val': -975.0088921048618, 'beta0_val': -975.0088921048618, 'selected_score': 202.3579782716871, 'evaluations': 185, 'seconds': 0.13066999999864493, 'method': 'differential_evolution_v2', 'accepted_search': True, 'solver_message': 'Maximum number of iterations has been exceeded.'}]",42,"[{'update_slot': 78, 'hour': 13, 'info': 'both', 'lp_status': 'optimal', 'lp_message': '', 'fallback': False}]",5570.503516296298,5476.451378148148,0.2143532000045525,0.34711760000209324
"[{'theta': array([-6670.96956813]), 'n_active': 1, 'beta1_train': -507.3377441631111, 'beta0_train': -545.4899319028352, 'beta1_val': -875.3544669461821, 'beta0_val': -875.3544669461821, 'selected_score': -545.4899319028352, 'evaluations': 20, 'seconds': 0.027535100001841784, 'method': 'differential_evolution_v2', 'accepted_search': True, 'solver_message': 'Optimization terminated successfully.'}, {'theta': array([-4.93045018e+03, -1.11579508e+00]), 'n_active': 2, 'beta1_train': 75.10026394468663, 'beta0_train': -1380.0, 'beta1_val': -83.09618312775251, 'beta0_val': -1380.0, 'selected_score': -1380.0, 'evaluations': 65, 'seconds': 0.04507249999733176, 'method': 'differential_evolution_v2', 'accepted_search': True, 'solver_message': 'Optimization terminated successfully.'}, {'theta': array([-3.68920109e+03, -1.37118292e+00, -6.14626741e+03,  1.09506819e+00]), 'n_active': 4, 'beta1_train': 175.62422536564767, 'beta0_train': -145.899097299001, 'beta1_val': -770.3750241995882, 'beta0_val': -770.3750241995882, 'selected_score': -145.899097299001, 'evaluations': 185, 'seconds': 0.12737079999351408, 'method': 'differential_evolution_v2', 'accepted_search': True, 'solver_message': 'Maximum number of iterations has been exceeded.'}]",42,"[{'update_slot': 78, 'hour': 13, 'info': 'both', 'lp_status': 'optimal', 'lp_message': '', 'fallback': False}]",5476.451378148148,5689.824908703702,0.19997839999268763,0.33418070001062006
"[{'theta': array([-2130.77815999]), 'n_active': 1, 'beta1_train': -1838.168222021755, 'beta0_train': -1877.9855780513356, 'beta1_val': -2942.4214886345912, 'beta0_val': -2942.4214886345912, 'selected_score': -1877.9855780513356, 'evaluations': 50, 'seconds': 0.055322999993222766, 'method': 'differential_evolution_v2', 'accepted_search': True, 'solver_message': 'Maximum number of iterations has been exceeded.'}, {'theta': array([-4.49041586e+03,  1.72726024e-01]), 'n_active': 2, 'beta1_train': -3463.1017194084557, 'beta0_train': -4855.200000000001, 'beta1_val': -3510.974710604776, 'beta0_val': -4855.2, 'selected_score': -4855.200000000001, 'evaluations': 95, 'seconds': 0.05969500000355765, 'method': 'differential_evolution_v2', 'accepted_search': True, 'solver_message': 'Maximum number of iterations has been exceeded.'}, {'theta': array([-2.05915828e+03, -2.30025997e-01, -5.89467262e+03, -1.24224289e+00]), 'n_active': 4, 'beta1_train': -2742.1166850833597, 'beta0_train': -3098.5195973541518, 'beta1_val': -4395.795580833826, 'beta0_val': -4395.795580833826, 'selected_score': -3098.5195973541518, 'evaluations': 185, 'seconds': 0.1276400999922771, 'method': 'differential_evolution_v2', 'accepted_search': True, 'solver_message': 'Maximum number of iterations has been exceeded.'}]",42,"[{'update_slot': 78, 'hour': 13, 'info': 'both', 'lp_status': 'optimal', 'lp_message': '', 'fallback': False}]",5689.824908703702,10347.418759259259,0.24265809998905752,0.3758893000049284
"[{'theta': array([-7954.09212773]), 'n_active': 1, 'beta1_train': -3815.944372232297, 'beta0_train': -3964.3884920723754, 'beta1_val': -3976.022174024691, 'beta0_val': -3976.022174024691, 'selected_score': -3964.3884920723754, 'evaluations': 50, 'seconds': 0.053633999996236525, 'method': 'differential_evolution_v2', 'accepted_search': True, 'solver_message': 'Maximum number of iterations has been exceeded.'}, {'theta': array([-4.89125873e+03, -9.61905044e-01]), 'n_active': 2, 'beta1_train': 564.7355866033699, 'beta0_train': -3049.313965197222, 'beta1_val': 118.40016683527983, 'beta0_val': -3350.104743079177, 'selected_score': -3049.313965197222, 'evaluations': 95, 'seconds': 0.055913000003783964, 'method': 'differential_evolution_v2', 'accepted_search': True, 'solver_message': 'Maximum number of iterations has been exceeded.'}, {'theta': array([-382.05067275,   -0.47000031, -419.67734089,    1.99822391]), 'n_active': 4, 'beta1_train': 262.3643460371481, 'beta0_train': -86.4004661424565, 'beta1_val': -2330.8474998459255, 'beta0_val': -2330.8474998459255, 'selected_score': -130.74375855555988, 'evaluations': 185, 'seconds': 0.12375949999841396, 'method': 'differential_evolution_v2', 'accepted_search': True, 'solver_message': 'Maximum number of iterations has been exceeded.'}]",42,"[{'update_slot': 78, 'hour': 13, 'info': 'both', 'lp_status': 'optimal', 'lp_message': '', 'fallback': False}]",10347.418759259259,5420.2535425925935,0.23330649999843445,0.36462870000104886
"[{'theta': array([-577.98777472]), 'n_active': 1, 'beta1_train': -3747.8737228990817, 'beta0_train': -3819.328510425203, 'beta1_val': -3821.9999999999995, 'beta0_val': -3821.9999999999995, 'selected_score': -3819.328510425203, 'evaluations': 50, 'seconds': 0.0541601000004448, 'method': 'differential_evolution_v2', 'accepted_search': True, 'solver_message': 'Maximum number of iterations has been exceeded.'}, {'theta': array([-3.99990661e+03, -7.38585875e-01]), 'n_active': 2, 'beta1_train': 835.2788677422596, 'beta0_train': -2432.294301426403, 'beta1_val': -473.7152190725392, 'beta0_val': -2919.558521131867, 'selected_score': -2432.294301426403, 'evaluations': 95, 'seconds': 0.05939580000995193, 'method': 'differential_evolution_v2', 'accepted_search': True, 'solver_message': 'Maximum number of iterations has been exceeded.'}, {'theta': array([-291.45400337,    1.60365729, -675.59277972,   -0.90520964]), 'n_active': 4, 'beta1_train': 181.92187578370272, 'beta0_train': -148.59490291090316, 'beta1_val': -2159.2103439192024, 'beta0_val': -2159.2103439192024, 'selected_score': -191.75657353447977, 'evaluations': 185, 'seconds': 0.12872239999705926, 'method': 'differential_evolution_v2', 'accepted_search': True, 'solver_message': 'Maximum number of iterations has been exceeded.'}]",42,"[{'update_slot': 78, 'hour': 13, 'info': 'both', 'lp_status': 'optimal', 'lp_message': '', 'fallback': False}]",5420.2535425925935,1379.280797882161,0.24227830000745598,0.3785602999996627
"[{'theta': array([-1904.13826335]), 'n_active': 1, 'beta1_train': -3864.449406559255, 'beta0_train': -3935.963361444438, 'beta1_val': -3816.1961721538983, 'beta0_val': -3816.1961721538983, 'selected_score': -3935.963361444438, 'evaluations': 20, 'seconds': 0.026692400002502836, 'method': 'differential_evolution_v2', 'accepted_search': True, 'solver_message': 'Optimization terminated successfully.'}, {'theta': array([-8.79262452e+03,  7.66320909e-01]), 'n_active': 2, 'beta1_train': -333.39514555843175, 'beta0_train': -3690.1993013295664, 'beta1_val': -311.2348292282354, 'beta0_val': -3744.0473393405273, 'selected_score': -3690.1993013295664, 'evaluations': 65, 'seconds': 0.042249400008586235, 'method': 'differential_evolution_v2', 'accepted_search': True, 'solver_message': 'Optimization terminated successfully.'}, {'theta': array([-3.15132435e+02, -1.72861846e+00, -8.69037795e+03,  8.91637842e-02]), 'n_active': 4, 'beta1_train': -829.8507014324724, 'beta0_train': -1125.660923606462, 'beta1_val': -39.100130864391986, 'beta0_val': -1066.6770636756846, 'selected_score': -1181.2310271170381, 'evaluations': 185, 'seconds': 0.12837489999947138, 'method': 'differential_evolution_v2', 'accepted_search': True, 'solver_message': 'Maximum number of iterations has been exceeded.'}]",42,"[{'update_slot': 78, 'hour': 13, 'info': 'both', 'lp_status': 'optimal', 'lp_message': '', 'fallback': False}]",1379.280797882161,3763.853146449958,0.19731670001056045,0.3313706000044476
"[{'theta': array([-2285.98174619]), 'n_active': 1, 'beta1_train': -4160.851017452572, 'beta0_train': -4264.571641604188, 'beta1_val': -4267.2, 'beta0_val': -4267.2, 'selected_score': -4264.571641604188, 'evaluations': 15, 'seconds': 0.0245604999945499, 'method': 'differential_evolution_v2', 'accepted_search': True, 'solver_message': 'Optimization terminated successfully.'}, {'theta': array([-9.27427262e+03,  6.19470499e-01]), 'n_active': 2, 'beta1_train': 743.4296891881877, 'beta0_train': -2713.96011686281, 'beta1_val': 771.0148259231987, 'beta0_val': -2426.924036109123, 'selected_score': -2713.96011686281, 'evaluations': 45, 'seconds': 0.033510799999930896, 'method': 'differential_evolution_v2', 'accepted_search': True, 'solver_message': 'Optimization terminated successfully.'}, {'theta': array([-3.87210780e+02,  1.46492278e+00, -1.61934724e+03, -2.94521210e-01]), 'n_active': 4, 'beta1_train': -240.1753965803719, 'beta0_train': -515.9899304429513, 'beta1_val': 701.9118743295288, 'beta0_val': -470.60284724057834, 'selected_score': -529.8325714113749, 'evaluations': 185, 'seconds': 0.1265469999925699, 'method': 'differential_evolution_v2', 'accepted_search': True, 'solver_message': 'Maximum number of iterations has been exceeded.'}]",42,"[{'update_slot': 78, 'hour': 13, 'info': 'both', 'lp_status': 'optimal', 'lp_message': '', 'fallback': False}]",3763.853146449958,2180.093380128121,0.1846182999870507,0.3167422999977134
"[{'theta': array([-4606.06055469]), 'n_active': 1, 'beta1_train': -1512.295881719671, 'beta0_train': -1607.4384820826203, 'beta1_val': -1466.1685831090385, 'beta0_val': -1603.2573662633747, 'selected_score': -1607.4384820826203, 'evaluations': 20, 'seconds': 0.025936099991668016, 'method': 'differential_evolution_v2', 'accepted_search': True, 'solver_message': 'Optimization terminated successfully.'}, {'theta': array([-5.37725203e+03, -1.01555746e+00]), 'n_active': 2, 'beta1_train': 2434.0806072358837, 'beta0_train': -1223.3319703870604, 'beta1_val': 3543.548885643834, 'beta0_val': -1049.5877772302158, 'selected_score': -1223.3319703870604, 'evaluations': 45, 'seconds': 0.0342304000078002, 'method': 'differential_evolution_v2', 'accepted_search': True, 'solver_message': 'Optimization terminated successfully.'}, {'theta': array([-6.51133365e+03, -5.05602770e-01, -5.71562000e+03, -4.19450984e-01]), 'n_active': 4, 'beta1_train': 458.2642694452865, 'beta0_train': -56.822599772844335, 'beta1_val': -194.07102451708454, 'beta0_val': -194.07102451708454, 'selected_score': -56.822599772844335, 'evaluations': 185, 'seconds': 0.12539499999547843, 'method': 'differential_evolution_v2', 'accepted_search': True, 'solver_message': 'Maximum number of iterations has been exceeded.'}]",42,"[{'update_slot': 78, 'hour': 13, 'info': 'both', 'lp_status': 'optimal', 'lp_message': '', 'fallback': False}]",2180.093380128121,1911.5912802979924,0.18556149999494664,0.3207686000096146
"[{'theta': array([-968.10059661]), 'n_active': 1, 'beta1_train': -345.9502474402174, 'beta0_train': -372.4903967247031, 'beta1_val': -332.2271647675244, 'beta0_val': -332.2271647675244, 'selected_score': -372.4903967247031, 'evaluations': 25, 'seconds': 0.030717099987668917, 'method': 'differential_evolution_v2', 'accepted_search': True, 'solver_message': 'Optimization terminated successfully.'}, {'theta': array([-3.88120529e+03, -1.16517057e+00]), 'n_active': 2, 'beta1_train': 742.7315258296189, 'beta0_train': -840.0, 'beta1_val': 597.1726127676307, 'beta0_val': -840.0, 'selected_score': -840.0, 'evaluations': 35, 'seconds': 0.02870470000198111, 'method': 'differential_evolution_v2', 'accepted_search': True, 'solver_message': 'Optimization terminated successfully.'}, {'theta': array([-2.42221380e+02,  1.15923886e+00, -5.76663931e+03, -4.69297128e-01]), 'n_active': 4, 'beta1_train': 344.75073896706283, 'beta0_train': 12.500089305119578, 'beta1_val': 137.9683210343951, 'beta0_val': -136.84242679633104, 'selected_score': -2.0844735903788045, 'evaluations': 185, 'seconds': 0.12552010000217706, 'method': 'differential_evolution_v2', 'accepted_search': True, 'solver_message': 'Maximum number of iterations has been exceeded.'}]",42,"[{'update_slot': 78, 'hour': 13, 'info': 'both', 'lp_status': 'optimal', 'lp_message': '', 'fallback': False}]",1911.5912802979924,1939.623262416147,0.18494189999182709,0.3192532000102801
"[{'theta': array([-8155.79942887]), 'n_active': 1, 'beta1_train': -1909.855820654639, 'beta0_train': -1935.976962027412, 'beta1_val': -1541.0583979661956, 'beta0_val': -1595.5570941910964, 'selected_score': -1935.976962027412, 'evaluations': 50, 'seconds': 0.05326789998798631, 'method': 'differential_evolution_v2', 'accepted_search': True, 'solver_message': 'Maximum number of iterations has been exceeded.'}, {'theta': array([-4.29288950e+03, -1.64862662e+00]), 'n_active': 2, 'beta1_train': -2977.509935414928, 'beta0_train': -4286.400000000001, 'beta1_val': -2888.3352305754515, 'beta0_val': -4286.400000000001, 'selected_score': -4286.400000000001, 'evaluations': 55, 'seconds': 0.038342500003636815, 'method': 'differential_evolution_v2', 'accepted_search': True, 'solver_message': 'Optimization terminated successfully.'}, {'theta': array([-1.75692255e+02,  1.70404657e+00, -2.41725972e+03, -1.79218316e+00]), 'n_active': 4, 'beta1_train': -3664.8392516776617, 'beta0_train': -4024.020839819277, 'beta1_val': -4211.002857101891, 'beta0_val': -4231.008195322982, 'selected_score': -4032.051408962729, 'evaluations': 185, 'seconds': 0.1259969000093406, 'method': 'differential_evolution_v2', 'accepted_search': True, 'solver_message': 'Maximum number of iterations has been exceeded.'}]",42,"[{'update_slot': 78, 'hour': 13, 'info': 'both', 'lp_status': 'optimal', 'lp_message': '', 'fallback': False}]",1939.623262416147,10655.404375356295,0.21760730000096373,0.353367799994885
"[{'theta': array([-5949.54607926]), 'n_active': 1, 'beta1_train': -4175.083775246648, 'beta0_train': -4355.430111361343, 'beta1_val': -4223.150212816669, 'beta0_val': -4362.0, 'selected_score': -4355.430111361343, 'evaluations': 20, 'seconds': 0.026673700005630963, 'method': 'differential_evolution_v2', 'accepted_search': True, 'solver_message': 'Optimization terminated successfully.'}, {'theta': array([-3.37120719e+03,  3.59509446e-01]), 'n_active': 2, 'beta1_train': 324.0870440101014, 'beta0_train': -2881.722236109488, 'beta1_val': -116.12959011843668, 'beta0_val': -3406.1970122535677, 'selected_score': -2881.722236109488, 'evaluations': 95, 'seconds': 0.05865389999235049, 'method': 'differential_evolution_v2', 'accepted_search': True, 'solver_message': 'Maximum number of iterations has been exceeded.'}, {'theta': array([-9.56000838e+03, -1.85928142e+00, -5.13170144e+03, -1.38701442e-01]), 'n_active': 4, 'beta1_train': -866.8395034689095, 'beta0_train': -1345.384286745586, 'beta1_val': -1183.6313404545776, 'beta0_val': -1462.093608043534, 'selected_score': -1345.384286745586, 'evaluations': 145, 'seconds': 0.10476820000621956, 'method': 'differential_evolution_v2', 'accepted_search': True, 'solver_message': 'Optimization terminated successfully.'}]",42,"[{'update_slot': 78, 'hour': 13, 'info': 'both', 'lp_status': 'optimal', 'lp_message': '', 'fallback': False}]",10655.404375356295,2841.1444061307143,0.190095800004201,0.3244657999894116
"[{'theta': array([-8064.87162048]), 'n_active': 1, 'beta1_train': -2754.416749642005, 'beta0_train': -2822.3452899729746, 'beta1_val': -2820.719184597869, 'beta0_val': -2835.3458090370364, 'selected_score': -2822.3452899729746, 'evaluations': 25, 'seconds': 0.03015439999580849, 'method': 'differential_evolution_v2', 'accepted_search': True, 'solver_message': 'Optimization terminated successfully.'}, {'theta': array([-3.04443839e+03,  1.14152972e+00]), 'n_active': 2, 'beta1_train': 1162.9521612146596, 'beta0_train': -2567.9564992115197, 'beta1_val': 924.8860050273888, 'beta0_val': -2765.092182233153, 'selected_score': -2567.9564992115197, 'evaluations': 55, 'seconds': 0.03889329999219626, 'method': 'differential_evolution_v2', 'accepted_search': True, 'solver_message': 'Optimization terminated successfully.'}, {'theta': array([-3.05703258e+02,  6.15875842e-02, -6.21244714e+03,  1.27852066e+00]), 'n_active': 4, 'beta1_train': -435.39067385085804, 'beta0_train': -702.5888386212063, 'beta1_val': 782.8198491571551, 'beta0_val': -58.02332902265243, 'selected_score': -711.6458863900597, 'evaluations': 185, 'seconds': 0.1246227999945404, 'method': 'differential_evolution_v2', 'accepted_search': True, 'solver_message': 'Maximum number of iterations has been exceeded.'}]",42,"[{'update_slot': 78, 'hour': 13, 'info': 'both', 'lp_status': 'optimal', 'lp_message': '', 'fallback': False}]",2841.1444061307143,2791.4408323061907,0.19367049998254515,0.3285141000087606
"[{'theta': array([-3543.54547031]), 'n_active': 1, 'beta1_train': -4005.5108839913664, 'beta0_train': -4228.410003609978, 'beta1_val': -4050.912391947646, 'beta0_val': -4194.483526691884, 'selected_score': -4228.410003609978, 'evaluations': 20, 'seconds': 0.027539200003957376, 'method': 'differential_evolution_v2', 'accepted_search': True, 'solver_message': 'Optimization terminated successfully.'}, {'theta': array([-8.86701160e+03, -3.80848656e-01]), 'n_active': 2, 'beta1_train': 519.9396781875915, 'beta0_train': -2809.3493804090003, 'beta1_val': 2609.6961587266874, 'beta0_val': -1708.1352044681469, 'selected_score': -2809.3493804090003, 'evaluations': 45, 'seconds': 0.0347297999978764, 'method': 'differential_evolution_v2', 'accepted_search': True, 'solver_message': 'Optimization terminated successfully.'}, {'theta': array([-4.76402822e+02,  8.49072059e-01, -2.79858571e+03,  1.62427305e+00]), 'n_active': 4, 'beta1_train': -819.1742368559147, 'beta0_train': -1194.681394482315, 'beta1_val': -905.1649819187367, 'beta0_val': -923.0066299550843, 'selected_score': -1194.681394482315, 'evaluations': 145, 'seconds': 0.10703149999608286, 'method': 'differential_evolution_v2', 'accepted_search': True, 'solver_message': 'Optimization terminated successfully.'}]",42,"[{'update_slot': 78, 'hour': 13, 'info': 'both', 'lp_status': 'optimal', 'lp_message': '', 'fallback': False}]",2791.4408323061907,2405.074530747997,0.16930049999791663,0.3059501999960048
"[{'theta': array([-6311.55916571]), 'n_active': 1, 'beta1_train': -3578.8561999412805, 'beta0_train': -3610.284467977517, 'beta1_val': -3497.7518624163336, 'beta0_val': -3612.0, 'selected_score': -3610.284467977517, 'evaluations': 50, 'seconds': 0.05458349999389611, 'method': 'differential_evolution_v2', 'accepted_search': True, 'solver_message': 'Maximum number of iterations has been exceeded.'}, {'theta': array([-4.75036883e+03,  4.35985534e-01]), 'n_active': 2, 'beta1_train': 1433.982726767893, 'beta0_train': -1743.839826741459, 'beta1_val': 1187.5424468861574, 'beta0_val': -2438.642303718748, 'selected_score': -1743.839826741459, 'evaluations': 55, 'seconds': 0.03980659999069758, 'method': 'differential_evolution_v2', 'accepted_search': True, 'solver_message': 'Optimization terminated successfully.'}, {'theta': array([-2.03193960e+03,  1.27961868e+00, -3.58723678e+03, -5.48428618e-01]), 'n_active': 4, 'beta1_train': -332.87511136173, 'beta0_train': -652.0532181519683, 'beta1_val': -353.44053875062104, 'beta0_val': -353.44053875062104, 'selected_score': -652.0532181519683, 'evaluations': 85, 'seconds': 0.07077710000157822, 'method': 'differential_evolution_v2', 'accepted_search': True, 'solver_message': 'Optimization terminated successfully.'}]",42,"[{'update_slot': 78, 'hour': 13, 'info': 'both', 'lp_status': 'optimal', 'lp_message': '', 'fallback': False}]",2405.074530747997,1830.9148230394665,0.1651671999861719,0.30424549999588635
"[{'theta': array([-4608.45224246]), 'n_active': 1, 'beta1_train': -1273.183921250879, 'beta0_train': -1326.5877370425537, 'beta1_val': -1301.2309364859045, 'beta0_val': -1325.0845412436988, 'selected_score': -1326.5877370425537, 'evaluations': 15, 'seconds': 0.022719800006598234, 'method': 'differential_evolution_v2', 'accepted_search': True, 'solver_message': 'Optimization terminated successfully.'}, {'theta': array([-3.07321427e+03,  1.98725654e+00]), 'n_active': 2, 'beta1_train': 3068.2505640032896, 'beta0_train': -390.69905068730793, 'beta1_val': 2538.962421844655, 'beta0_val': -810.2456067072835, 'selected_score': -390.69905068730793, 'evaluations': 65, 'seconds': 0.04312760000175331, 'method': 'differential_evolution_v2', 'accepted_search': True, 'solver_message': 'Optimization terminated successfully.'}, {'theta': array([-7.15187055e+03,  7.73480909e-02, -5.84310115e+03,  1.05799244e+00]), 'n_active': 4, 'beta1_train': -127.60603516025056, 'beta0_train': -192.80325812502045, 'beta1_val': -221.0717561178236, 'beta0_val': -221.0717561178236, 'selected_score': -192.80325812502045, 'evaluations': 145, 'seconds': 0.10306390000914689, 'method': 'differential_evolution_v2', 'accepted_search': True, 'solver_message': 'Optimization terminated successfully.'}]",42,"[{'update_slot': 78, 'hour': 13, 'info': 'both', 'lp_status': 'optimal', 'lp_message': '', 'fallback': False}]",1830.9148230394665,1728.6940099806125,0.16891130001749843,0.3050239000003785
"[{'theta': array([-9135.41370553]), 'n_active': 1, 'beta1_train': -178.2328354938745, 'beta0_train': -195.74666836236273, 'beta1_val': -179.66255780341757, 'beta0_val': -179.66255780341757, 'selected_score': -195.74666836236273, 'evaluations': 15, 'seconds': 0.02294209999672603, 'method': 'differential_evolution_v2', 'accepted_search': True, 'solver_message': 'Optimization terminated successfully.'}, {'theta': array([-6.88123286e+03,  6.48739496e-01]), 'n_active': 2, 'beta1_train': 978.1844104663811, 'beta0_train': -451.0825130091186, 'beta1_val': 976.6264214464989, 'beta0_val': -451.20000000000005, 'selected_score': -451.0825130091186, 'evaluations': 55, 'seconds': 0.03873879999446217, 'method': 'differential_evolution_v2', 'accepted_search': True, 'solver_message': 'Optimization terminated successfully.'}, {'theta': array([-7.09893098e+03,  9.49465749e-01, -2.36842927e+02,  1.39578361e+00]), 'n_active': 4, 'beta1_train': 227.23542837723267, 'beta0_train': -66.80723908330378, 'beta1_val': -71.26006387393834, 'beta0_val': -71.26006387393834, 'selected_score': -67.24452341389558, 'evaluations': 185, 'seconds': 0.12842619999719318, 'method': 'differential_evolution_v2', 'accepted_search': True, 'solver_message': 'Maximum number of iterations has been exceeded.'}]",42,"[{'update_slot': 78, 'hour': 13, 'info': 'both', 'lp_status': 'optimal', 'lp_message': '', 'fallback': False}]",1728.6940099806125,2242.9435602272947,0.19010709998838138,0.3245106000103988
"[{'theta': array([-2084.24800395]), 'n_active': 1, 'beta1_train': -2061.102853800306, 'beta0_train': -2075.139480841948, 'beta1_val': -1879.6500023945007, 'beta0_val': -1879.6500023945007, 'selected_score': -2075.139480841948, 'evaluations': 20, 'seconds': 0.02771210001083091, 'method': 'differential_evolution_v2', 'accepted_search': True, 'solver_message': 'Optimization terminated successfully.'}, {'theta': array([-5.86485378e+03,  9.63436882e-01]), 'n_active': 2, 'beta1_train': -3064.93660894329, 'beta0_train': -4525.94049770109, 'beta1_val': -2556.834386329505, 'beta0_val': -4528.8, 'selected_score': -4525.94049770109, 'evaluations': 95, 'seconds': 0.05883569999423344, 'method': 'differential_evolution_v2', 'accepted_search': True, 'solver_message': 'Maximum number of iterations has been exceeded.'}, {'theta': array([-5.51013661e+03,  1.46664715e+00, -6.16116668e+03, -1.19693995e+00]), 'n_active': 4, 'beta1_train': -4144.007850295228, 'beta0_train': -4411.443294738781, 'beta1_val': -4468.8156751596935, 'beta0_val': -4528.8, 'selected_score': -4411.443294738781, 'evaluations': 145, 'seconds': 0.10452219999569934, 'method': 'differential_evolution_v2', 'accepted_search': True, 'solver_message': 'Optimization terminated successfully.'}]",42,"[{'update_slot': 78, 'hour': 13, 'info': 'both', 'lp_status': 'optimal', 'lp_message': '', 'fallback': False}]",2242.9435602272947,10794.419021083297,0.19107000000076368,0.3293941000010818
"[{'theta': array([-5775.16923419]), 'n_active': 1, 'beta1_train': -3618.443649154107, 'beta0_train': -3763.9249644352644, 'beta1_val': -3550.9302281095106, 'beta0_val': -3765.6000000000004, 'selected_score': -3763.9249644352644, 'evaluations': 50, 'seconds': 0.05382139999710489, 'method': 'differential_evolution_v2', 'accepted_search': True, 'solver_message': 'Maximum number of iterations has been exceeded.'}, {'theta': array([-4.06564984e+03,  4.72034721e-01]), 'n_active': 2, 'beta1_train': 682.7169891774168, 'beta0_train': -2921.4409331931247, 'beta1_val': 2787.7076670202173, 'beta0_val': -2560.2407029111787, 'selected_score': -2921.4409331931247, 'evaluations': 35, 'seconds': 0.0296334000013303, 'method': 'differential_evolution_v2', 'accepted_search': True, 'solver_message': 'Optimization terminated successfully.'}, {'theta': array([-4.53214678e+03, -3.59256352e-01, -4.58208652e+03, -1.56206792e+00]), 'n_active': 4, 'beta1_train': -257.00292894311224, 'beta0_train': -575.7890493868794, 'beta1_val': 664.6637570800087, 'beta0_val': -452.2519966132858, 'selected_score': -575.7890493868794, 'evaluations': 185, 'seconds': 0.12842219999583904, 'method': 'differential_evolution_v2', 'accepted_search': True, 'solver_message': 'Maximum number of iterations has been exceeded.'}]",42,"[{'update_slot': 78, 'hour': 13, 'info': 'both', 'lp_status': 'optimal', 'lp_message': '', 'fallback': False}]",10794.419021083297,2329.055332789141,0.21187699999427423,0.34546039999986533
"[{'theta': array([-4378.51119043]), 'n_active': 1, 'beta1_train': -4462.275718563072, 'beta0_train': -4487.446112147998, 'beta1_val': -4489.2, 'beta0_val': -4489.2, 'selected_score': -4487.446112147998, 'evaluations': 15, 'seconds': 0.02271429999382235, 'method': 'differential_evolution_v2', 'accepted_search': True, 'solver_message': 'Optimization terminated successfully.'}, {'theta': array([-7.99451284e+03,  5.92349682e-03]), 'n_active': 2, 'beta1_train': 622.2001655439568, 'beta0_train': -3115.538524084655, 'beta1_val': 204.78592530075275, 'beta0_val': -3600.3370139179315, 'selected_score': -3115.538524084655, 'evaluations': 35, 'seconds': 0.02839520000270568, 'method': 'differential_evolution_v2', 'accepted_search': True, 'solver_message': 'Optimization terminated successfully.'}, {'theta': array([-7.54803885e+03, -6.92060136e-01, -3.84299723e+02,  1.95006119e+00]), 'n_active': 4, 'beta1_train': -585.6319361180945, 'beta0_train': -951.5250637428439, 'beta1_val': -392.4920650876909, 'beta0_val': -629.5897311131297, 'selected_score': -951.5250637428439, 'evaluations': 185, 'seconds': 0.12525820000155363, 'method': 'differential_evolution_v2', 'accepted_search': True, 'solver_message': 'Maximum number of iterations has been exceeded.'}]",42,"[{'update_slot': 78, 'hour': 13, 'info': 'both', 'lp_status': 'optimal', 'lp_message': '', 'fallback': False}]",2329.055332789141,1853.3026225904002,0.17636769999808166,0.3104946999956155
"[{'theta': array([-3344.52913779]), 'n_active': 1, 'beta1_train': -3825.131087832338, 'beta0_train': -3870.6664274404297, 'beta1_val': -3826.0063516928376, 'beta0_val': -3873.5999999999995, 'selected_score': -3870.6664274404297, 'evaluations': 20, 'seconds': 0.028059800009941682, 'method': 'differential_evolution_v2', 'accepted_search': True, 'solver_message': 'Optimization terminated successfully.'}, {'theta': array([-5.40526468e+03,  1.15584684e+00]), 'n_active': 2, 'beta1_train': 1320.348632623271, 'beta0_train': -2367.7989495589786, 'beta1_val': 1251.394574710172, 'beta0_val': -2170.4850291703237, 'selected_score': -2367.7989495589786, 'evaluations': 45, 'seconds': 0.032845699999597855, 'method': 'differential_evolution_v2', 'accepted_search': True, 'solver_message': 'Optimization terminated successfully.'}, {'theta': array([-3.12265985e+03, -7.63198626e-01, -5.98834043e+03,  1.40398820e+00]), 'n_active': 4, 'beta1_train': -166.94536956048387, 'beta0_train': -599.3836067540925, 'beta1_val': 54.9771526732701, 'beta0_val': -676.5905857787902, 'selected_score': -599.3836067540925, 'evaluations': 185, 'seconds': 0.12540620000800118, 'method': 'differential_evolution_v2', 'accepted_search': True, 'solver_message': 'Optimization terminated successfully.'}]",42,"[{'update_slot': 78, 'hour': 13, 'info': 'both', 'lp_status': 'optimal', 'lp_message': '', 'fallback': False}]",1853.3026225904002,2110.1291168339562,0.18631170001754072,0.3172204000002239
"[{'theta': array([-8090.93285836]), 'n_active': 1, 'beta1_train': -4275.641499140731, 'beta0_train': -4296.720655897923, 'beta1_val': -4298.400000000001, 'beta0_val': -4298.400000000001, 'selected_score': -4296.720655897923, 'evaluations': 25, 'seconds': 0.03067429999646265, 'method': 'differential_evolution_v2', 'accepted_search': True, 'solver_message': 'Optimization terminated successfully.'}, {'theta': array([-9.55553502e+03,  1.95189819e+00]), 'n_active': 2, 'beta1_train': 1082.6494884908361, 'beta0_train': -2617.6589253081397, 'beta1_val': 1397.0887036085178, 'beta0_val': -2372.1917553474877, 'selected_score': -2617.6589253081397, 'evaluations': 35, 'seconds': 0.028877100005047396, 'method': 'differential_evolution_v2', 'accepted_search': True, 'solver_message': 'Optimization terminated successfully.'}, {'theta': array([-7.31471644e+03,  5.70213403e-01, -3.76537665e+03,  1.72039730e+00]), 'n_active': 4, 'beta1_train': -542.229078984001, 'beta0_train': -923.6495727875732, 'beta1_val': -411.71205730696147, 'beta0_val': -748.7778858868096, 'selected_score': -923.6495727875732, 'evaluations': 105, 'seconds': 0.08274699999310542, 'method': 'differential_evolution_v2', 'accepted_search': True, 'solver_message': 'Optimization terminated successfully.'}]",42,"[{'update_slot': 78, 'hour': 13, 'info': 'both', 'lp_status': 'optimal', 'lp_message': '', 'fallback': False}]",2110.1291168339562,2448.130927091697,0.14229839999461547,0.2771797999885166
"[{'theta': array([-6658.68820369]), 'n_active': 1, 'beta1_train': -2387.9233401942806, 'beta0_train': -2423.871468985296, 'beta1_val': -2425.2000000000003, 'beta0_val': -2425.2000000000003, 'selected_score': -2423.871468985296, 'evaluations': 20, 'seconds': 0.02731020000646822, 'method': 'differential_evolution_v2', 'accepted_search': True, 'solver_message': 'Optimization terminated successfully.'}, {'theta': array([-4.16976494e+03, -1.14599568e+00]), 'n_active': 2, 'beta1_train': 2292.120482897599, 'beta0_train': -1652.1735326404464, 'beta1_val': 2834.5138553574243, 'beta0_val': -1491.0794494893464, 'selected_score': -1652.1735326404464, 'evaluations': 85, 'seconds': 0.05363230001239572, 'method': 'differential_evolution_v2', 'accepted_search': True, 'solver_message': 'Optimization terminated successfully.'}, {'theta': array([-1.27916601e+03,  1.96337321e+00, -5.64378312e+03, -1.70212206e-01]), 'n_active': 4, 'beta1_train': -183.38699177272886, 'beta0_train': -391.86212861831405, 'beta1_val': -410.94378002752933, 'beta0_val': -489.7387386140267, 'selected_score': -391.86212861831405, 'evaluations': 185, 'seconds': 0.12371400000120047, 'method': 'differential_evolution_v2', 'accepted_search': True, 'solver_message': 'Maximum number of iterations has been exceeded.'}]",42,"[{'update_slot': 78, 'hour': 13, 'info': 'both', 'lp_status': 'optimal', 'lp_message': '', 'fallback': False}]",2448.130927091697,2190.8312536823096,0.2046565000200644,0.3398758999974234
"[{'theta': array([-6923.25874762]), 'n_active': 1, 'beta1_train': -567.9473213040512, 'beta0_train': -576.0321524425661, 'beta1_val': -392.37905267631663, 'beta0_val': -525.1854914707942, 'selected_score': -576.0321524425661, 'evaluations': 15, 'seconds': 0.023083699998096563, 'method': 'differential_evolution_v2', 'accepted_search': True, 'solver_message': 'Optimization terminated successfully.'}, {'theta': array([-9.25653268e+03, -1.76900843e+00]), 'n_active': 2, 'beta1_train': 518.273653556146, 'beta0_train': -1132.2679856938196, 'beta1_val': 653.7018197678615, 'beta0_val': -1149.6, 'selected_score': -1132.2679856938196, 'evaluations': 35, 'seconds': 0.028516300008050166, 'method': 'differential_evolution_v2', 'accepted_search': True, 'solver_message': 'Optimization terminated successfully.'}, {'theta': array([-2.40136593e+03,  1.65097572e-01, -4.25852100e+03, -1.54084831e-01]), 'n_active': 4, 'beta1_train': -53.317981979824665, 'beta0_train': -320.4950084296628, 'beta1_val': -179.19933379013275, 'beta0_val': -271.5238126657515, 'selected_score': -320.4950084296628, 'evaluations': 185, 'seconds': 0.12802990000636782, 'method': 'differential_evolution_v2', 'accepted_search': True, 'solver_message': 'Maximum number of iterations has been exceeded.'}]",42,"[{'update_slot': 78, 'hour': 13, 'info': 'both', 'lp_status': 'optimal', 'lp_message': '', 'fallback': False}]",2190.8312536823096,2672.1203297330094,0.17962990001251455,0.3170815000048606
"[{'theta': array([-765.46803549]), 'n_active': 1, 'beta1_train': -1403.6338463160682, 'beta0_train': -1958.724787745147, 'beta1_val': -1464.8822336618746, 'beta0_val': -1973.4323364970603, 'selected_score': -1958.724787745147, 'evaluations': 20, 'seconds': 0.026987600009306334, 'method': 'differential_evolution_v2', 'accepted_search': True, 'solver_message': 'Optimization terminated successfully.'}, {'theta': array([-5.61723005e+03, -1.10613383e+00]), 'n_active': 2, 'beta1_train': -2715.303333032697, 'beta0_train': -4312.072811365161, 'beta1_val': -2706.750991587034, 'beta0_val': -4320.0, 'selected_score': -4312.072811365161, 'evaluations': 95, 'seconds': 0.05907049999223091, 'method': 'differential_evolution_v2', 'accepted_search': True, 'solver_message': 'Maximum number of iterations has been exceeded.'}, {'theta': array([-8.57988179e+03,  1.44958815e+00, -4.04550044e+02, -1.46913278e-01]), 'n_active': 4, 'beta1_train': -3557.164668444997, 'beta0_train': -3746.48097098227, 'beta1_val': -3840.181755345468, 'beta0_val': -3840.181755345468, 'selected_score': -3747.215102191534, 'evaluations': 185, 'seconds': 0.12201910000294447, 'method': 'differential_evolution_v2', 'accepted_search': True, 'solver_message': 'Maximum number of iterations has been exceeded.'}]",42,"[{'update_slot': 78, 'hour': 13, 'info': 'both', 'lp_status': 'optimal', 'lp_message': '', 'fallback': False}]",2672.1203297330094,9127.88340742622,0.2080772000044817,0.3424098000105005
"[{'theta': array([-5081.82807511]), 'n_active': 1, 'beta1_train': -4351.9108348146465, 'beta0_train': -4565.9876454975065, 'beta1_val': -4277.677673148571, 'beta0_val': -4557.770374466478, 'selected_score': -4565.9876454975065, 'evaluations': 20, 'seconds': 0.027757200004998595, 'method': 'differential_evolution_v2', 'accepted_search': True, 'solver_message': 'Optimization terminated successfully.'}, {'theta': array([-2.41858792e+03,  1.48250405e+00]), 'n_active': 2, 'beta1_train': 743.0186650679005, 'beta0_train': -2954.372857458829, 'beta1_val': 1194.789411740186, 'beta0_val': -2751.8919768718215, 'selected_score': -2954.372857458829, 'evaluations': 95, 'seconds': 0.06026680000650231, 'method': 'differential_evolution_v2', 'accepted_search': True, 'solver_message': 'Maximum number of iterations has been exceeded.'}, {'theta': array([-2.53855454e+03, -1.16570111e-01, -3.77912168e+03, -1.22609033e+00]), 'n_active': 4, 'beta1_train': -1085.3371123886777, 'beta0_train': -1341.9889938161414, 'beta1_val': -636.4101975196493, 'beta0_val': -998.757907311979, 'selected_score': -1341.9889938161414, 'evaluations': 185, 'seconds': 0.1271677000040654, 'method': 'differential_evolution_v2', 'accepted_search': True, 'solver_message': 'Maximum number of iterations has been exceeded.'}]",42,"[{'update_slot': 78, 'hour': 13, 'info': 'both', 'lp_status': 'optimal', 'lp_message': '', 'fallback': False}]",9127.88340742622,3120.217873839403,0.2151917000155663,0.34895040000265
"[{'theta': array([-9089.60472948]), 'n_active': 1, 'beta1_train': -3830.964387971274, 'beta0_train': -3918.0448934266874, 'beta1_val': -3925.2000000000003, 'beta0_val': -3925.2000000000003, 'selected_score': -3918.0448934266874, 'evaluations': 15, 'seconds': 0.022899200004758313, 'method': 'differential_evolution_v2', 'accepted_search': True, 'solver_message': 'Optimization terminated successfully.'}, {'theta': array([-7.03590938e+03, -1.35887507e+00]), 'n_active': 2, 'beta1_train': 1346.0276579433064, 'beta0_train': -1911.7154799125015, 'beta1_val': 833.7554556366645, 'beta0_val': -2605.780496093995, 'selected_score': -1911.7154799125015, 'evaluations': 25, 'seconds': 0.024000699995667674, 'method': 'differential_evolution_v2', 'accepted_search': True, 'solver_message': 'Optimization terminated successfully.'}, {'theta': array([-7.01277676e+02, -3.41149785e-01, -8.21773320e+03, -5.42618208e-01]), 'n_active': 4, 'beta1_train': -667.5996995282726, 'beta0_train': -921.6692409531224, 'beta1_val': -250.99280473467172, 'beta0_val': -831.0862288121618, 'selected_score': -921.6692409531224, 'evaluations': 145, 'seconds': 0.10473439999623224, 'method': 'differential_evolution_v2', 'accepted_search': True, 'solver_message': 'Optimization terminated successfully.'}]",42,"[{'update_slot': 78, 'hour': 13, 'info': 'both', 'lp_status': 'optimal', 'lp_message': '', 'fallback': False}]",3120.217873839403,2028.5711775908355,0.15163429999665823,0.28489759999501985
"[{'theta': array([-7983.5278712]), 'n_active': 1, 'beta1_train': -4418.326448059864, 'beta0_train': -4440.2528983866305, 'beta1_val': -4314.190182599999, 'beta0_val': -4430.300890069959, 'selected_score': -4440.2528983866305, 'evaluations': 20, 'seconds': 0.02773840000736527, 'method': 'differential_evolution_v2', 'accepted_search': True, 'solver_message': 'Optimization terminated successfully.'}, {'theta': array([-1.67320556e+03, -4.59768157e-01]), 'n_active': 2, 'beta1_train': 1378.2663638879485, 'beta0_train': -1820.9165789707324, 'beta1_val': 4450.276434116707, 'beta0_val': 2435.948688825314, 'selected_score': -1820.9165789707324, 'evaluations': 55, 'seconds': 0.03858500000205822, 'method': 'differential_evolution_v2', 'accepted_search': True, 'solver_message': 'Optimization terminated successfully.'}, {'theta': array([-8.49795329e+02,  6.27931871e-01, -2.66746272e+03, -5.79685165e-01]), 'n_active': 4, 'beta1_train': -1078.4267466612464, 'beta0_train': -1078.4267466612464, 'beta1_val': -356.7279865474791, 'beta0_val': -356.7279865474791, 'selected_score': -1078.4267466612464, 'evaluations': 185, 'seconds': 0.12798489999840967, 'method': 'differential_evolution_v2', 'accepted_search': True, 'solver_message': 'Maximum number of iterations has been exceeded.'}]",42,"[{'update_slot': 78, 'hour': 13, 'info': 'both', 'lp_status': 'optimal', 'lp_message': '', 'fallback': False}]",2028.5711775908355,2421.261545669001,0.19430830000783317,0.32589379999262746
"[{'theta': array([-8661.14247645]), 'n_active': 1, 'beta1_train': -4320.948760014608, 'beta0_train': -4342.199367017966, 'beta1_val': -4344.0, 'beta0_val': -4344.0, 'selected_score': -4342.199367017966, 'evaluations': 20, 'seconds': 0.026540999999269843, 'method': 'differential_evolution_v2', 'accepted_search': True, 'solver_message': 'Optimization terminated successfully.'}, {'theta': array([-8.88959336e+03, -5.24867857e-01]), 'n_active': 2, 'beta1_train': 156.92705895682911, 'beta0_train': -3371.989669808474, 'beta1_val': 115.27523293295008, 'beta0_val': -2934.8200538057595, 'selected_score': -3371.989669808474, 'evaluations': 25, 'seconds': 0.022995000006631017, 'method': 'differential_evolution_v2', 'accepted_search': True, 'solver_message': 'Optimization terminated successfully.'}, {'theta': array([-1.77442662e+03, -1.15605286e-01, -5.02372573e+03, -1.49718169e+00]), 'n_active': 4, 'beta1_train': -538.6624252133655, 'beta0_train': -941.6735700138746, 'beta1_val': -956.2655490612382, 'beta0_val': -956.2655490612382, 'selected_score': -941.6735700138746, 'evaluations': 125, 'seconds': 0.09426230000099167, 'method': 'differential_evolution_v2', 'accepted_search': True, 'solver_message': 'Optimization terminated successfully.'}]",42,"[{'update_slot': 78, 'hour': 13, 'info': 'both', 'lp_status': 'optimal', 'lp_message': '', 'fallback': False}]",2421.261545669001,4358.154682711389,0.14379830000689253,0.2735562000016216
"[{'theta': array([-3291.25253126]), 'n_active': 1, 'beta1_train': -2122.674883220167, 'beta0_train': -2142.7488017784804, 'beta1_val': -2143.2000000000003, 'beta0_val': -2143.2000000000003, 'selected_score': -2142.7488017784804, 'evaluations': 20, 'seconds': 0.026933699991786852, 'method': 'differential_evolution_v2', 'accepted_search': True, 'solver_message': 'Optimization terminated successfully.'}, {'theta': array([-2.89406699e+03,  8.05008081e-01]), 'n_active': 2, 'beta1_train': 2334.450850200077, 'beta0_train': -1344.7589811338357, 'beta1_val': 2071.8185697605663, 'beta0_val': -1755.096380335563, 'selected_score': -1344.7589811338357, 'evaluations': 95, 'seconds': 0.060377599991625175, 'method': 'differential_evolution_v2', 'accepted_search': True, 'solver_message': 'Maximum number of iterations has been exceeded.'}, {'theta': array([-7.91979690e+03, -2.46710213e-01, -7.74024908e+03, -6.96017544e-01]), 'n_active': 4, 'beta1_train': 73.76081146962893, 'beta0_train': -297.0591799356646, 'beta1_val': -774.0911629820614, 'beta0_val': -774.0911629820614, 'selected_score': -297.0591799356646, 'evaluations': 185, 'seconds': 0.1293578000040725, 'method': 'differential_evolution_v2', 'accepted_search': True, 'solver_message': 'Maximum number of iterations has been exceeded.'}]",42,"[{'update_slot': 78, 'hour': 13, 'info': 'both', 'lp_status': 'optimal', 'lp_message': '', 'fallback': False}]",4358.154682711389,4457.607547351314,0.21666909998748451,0.34812070000043605
"[{'theta': array([-4559.59634194]), 'n_active': 1, 'beta1_train': -1244.109476504324, 'beta0_train': -1251.0659204701442, 'beta1_val': -1172.4133228146516, 'beta0_val': -1172.4133228146516, 'selected_score': -1251.0659204701442, 'evaluations': 20, 'seconds': 0.02650059999723453, 'method': 'differential_evolution_v2', 'accepted_search': True, 'solver_message': 'Optimization terminated successfully.'}, {'theta': array([-8.80334180e+03, -4.94701893e-01]), 'n_active': 2, 'beta1_train': -755.0917379290686, 'beta0_train': -2496.0, 'beta1_val': -806.3129531826075, 'beta0_val': -2496.0, 'selected_score': -2496.0, 'evaluations': 45, 'seconds': 0.0338898999907542, 'method': 'differential_evolution_v2', 'accepted_search': True, 'solver_message': 'Optimization terminated successfully.'}, {'theta': array([-2.41775928e+03,  8.01397424e-01, -5.03691731e+02,  1.88795078e-01]), 'n_active': 4, 'beta1_train': -421.19078814628597, 'beta0_train': -585.7801854522543, 'beta1_val': -1121.7165328296287, 'beta0_val': -1121.7165328296287, 'selected_score': -586.0210692816636, 'evaluations': 185, 'seconds': 0.12709520000498742, 'method': 'differential_evolution_v2', 'accepted_search': True, 'solver_message': 'Maximum number of iterations has been exceeded.'}]",42,"[{'update_slot': 78, 'hour': 13, 'info': 'both', 'lp_status': 'optimal', 'lp_message': '', 'fallback': False}]",4457.607547351314,4313.498006481484,0.18748569999297615,0.31910950000747107
"[{'theta': array([-2010.22162311]), 'n_active': 1, 'beta1_train': -2708.962720729054, 'beta0_train': -2715.0124219515483, 'beta1_val': -2525.881478866337, 'beta0_val': -2525.881478866337, 'selected_score': -2715.0124219515483, 'evaluations': 25, 'seconds': 0.03167419999954291, 'method': 'differential_evolution_v2', 'accepted_search': True, 'solver_message': 'Optimization terminated successfully.'}, {'theta': array([-3.93023235e+03,  1.55176972e+00]), 'n_active': 2, 'beta1_train': -2883.108188189098, 'beta0_train': -4636.799999999999, 'beta1_val': -2903.639420685752, 'beta0_val': -4636.8, 'selected_score': -4636.799999999999, 'evaluations': 95, 'seconds': 0.0584960999985924, 'method': 'differential_evolution_v2', 'accepted_search': True, 'solver_message': 'Maximum number of iterations has been exceeded.'}, {'theta': array([-2.83254000e+02, -5.89987767e-01, -7.46112274e+03, -2.42515948e-01]), 'n_active': 4, 'beta1_train': -3652.0541367001915, 'beta0_train': -4013.534504200724, 'beta1_val': -4636.8, 'beta0_val': -4636.8, 'selected_score': -4013.534504200724, 'evaluations': 125, 'seconds': 0.09448230000270996, 'method': 'differential_evolution_v2', 'accepted_search': True, 'solver_message': 'Optimization terminated successfully.'}]",42,"[{'update_slot': 78, 'hour': 13, 'info': 'both', 'lp_status': 'optimal', 'lp_message': '', 'fallback': False}]",4313.498006481484,10800.0,0.18465260000084527,0.3206115999928443
"[{'theta': array([-1414.49877304]), 'n_active': 1, 'beta1_train': -4287.501394055466, 'beta0_train': -4446.105364216888, 'beta1_val': -4334.9895775, 'beta0_val': -4441.742244444445, 'selected_score': -4446.105364216888, 'evaluations': 35, 'seconds': 0.041171599994413555, 'method': 'differential_evolution_v2', 'accepted_search': True, 'solver_message': 'Optimization terminated successfully.'}, {'theta': array([-3.50681785e+03, -1.31044503e-01]), 'n_active': 2, 'beta1_train': 686.7882625581817, 'beta0_train': -2531.072075117694, 'beta1_val': 1620.9225468613313, 'beta0_val': -2309.0775781341254, 'selected_score': -2531.072075117694, 'evaluations': 95, 'seconds': 0.058329500010586344, 'method': 'differential_evolution_v2', 'accepted_search': True, 'solver_message': 'Maximum number of iterations has been exceeded.'}, {'theta': array([-3.19023736e+03, -1.78253407e+00, -4.17793069e+02, -1.31992198e+00]), 'n_active': 4, 'beta1_train': -551.3677143359109, 'beta0_train': -982.2308276384015, 'beta1_val': -1463.8510825508963, 'beta0_val': -1695.7348202290223, 'selected_score': -982.3305442011899, 'evaluations': 185, 'seconds': 0.12738099999842234, 'method': 'differential_evolution_v2', 'accepted_search': True, 'solver_message': 'Maximum number of iterations has been exceeded.'}]",42,"[{'update_slot': 78, 'hour': 13, 'info': 'both', 'lp_status': 'optimal', 'lp_message': '', 'fallback': False}]",10800.0,4051.064464527921,0.22688210000342224,0.36220160000084434
"[{'theta': array([-7807.60244592]), 'n_active': 1, 'beta1_train': -4279.951020795387, 'beta0_train': -4305.864861788317, 'beta1_val': -4306.8, 'beta0_val': -4306.8, 'selected_score': -4305.864861788317, 'evaluations': 15, 'seconds': 0.022763200002373196, 'method': 'differential_evolution_v2', 'accepted_search': True, 'solver_message': 'Optimization terminated successfully.'}, {'theta': array([-5.95465524e+03, -6.80949380e-01]), 'n_active': 2, 'beta1_train': 900.2125514676106, 'beta0_train': -2758.8292942317175, 'beta1_val': 1285.7348356464845, 'beta0_val': -2956.280934816625, 'selected_score': -2758.8292942317175, 'evaluations': 45, 'seconds': 0.03354330000001937, 'method': 'differential_evolution_v2', 'accepted_search': True, 'solver_message': 'Optimization terminated successfully.'}, {'theta': array([-9.39496721e+03, -7.08685801e-01, -1.08771132e+03,  1.40929084e+00]), 'n_active': 4, 'beta1_train': -661.865692508187, 'beta0_train': -832.6972973190733, 'beta1_val': -1496.451596437148, 'beta0_val': -1496.451596437148, 'selected_score': -832.6972973190733, 'evaluations': 185, 'seconds': 0.13186599999608006, 'method': 'differential_evolution_v2', 'accepted_search': True, 'solver_message': 'Maximum number of iterations has been exceeded.'}]",42,"[{'update_slot': 78, 'hour': 13, 'info': 'both', 'lp_status': 'optimal', 'lp_message': '', 'fallback': False}]",4051.064464527921,3934.8837196496784,0.18817249999847263,0.321365900003002
"[{'theta': array([-3439.89444958]), 'n_active': 1, 'beta1_train': -2713.6882526538607, 'beta0_train': -2793.335655322791, 'beta1_val': -2752.9036749999996, 'beta0_val': -2794.7999999999997, 'selected_score': -2793.335655322791, 'evaluations': 20, 'seconds': 0.027641699998639524, 'method': 'differential_evolution_v2', 'accepted_search': True, 'solver_message': 'Optimization terminated successfully.'}, {'theta': array([-1.52936877e+03, -1.33601890e+00]), 'n_active': 2, 'beta1_train': 2058.179832729595, 'beta0_train': 282.79094212020294, 'beta1_val': 2213.46895256082, 'beta0_val': 566.1147198947099, 'selected_score': 282.79094212020294, 'evaluations': 55, 'seconds': 0.03951210000377614, 'method': 'differential_evolution_v2', 'accepted_search': True, 'solver_message': 'Optimization terminated successfully.'}, {'theta': array([-8.25733516e+03, -1.01197613e+00, -2.79611882e+02,  1.40177748e+00]), 'n_active': 4, 'beta1_train': 150.00890490914455, 'beta0_train': -263.96118554752877, 'beta1_val': -706.6865303511261, 'beta0_val': -976.7322993750407, 'selected_score': -265.63859176645724, 'evaluations': 185, 'seconds': 0.12789049999264535, 'method': 'differential_evolution_v2', 'accepted_search': True, 'solver_message': 'Maximum number of iterations has been exceeded.'}]",42,"[{'update_slot': 78, 'hour': 13, 'info': 'both', 'lp_status': 'optimal', 'lp_message': '', 'fallback': False}]",3934.8837196496784,4046.807557131416,0.195044299995061,0.33022979999077506
"[{'theta': array([-8763.96713911]), 'n_active': 1, 'beta1_train': -3858.552324821054, 'beta0_train': -3879.957359438121, 'beta1_val': -3880.8, 'beta0_val': -3880.8, 'selected_score': -3879.957359438121, 'evaluations': 20, 'seconds': 0.027378899991163053, 'method': 'differential_evolution_v2', 'accepted_search': True, 'solver_message': 'Optimization terminated successfully.'}, {'theta': array([-6.49845645e+03,  1.94342420e+00]), 'n_active': 2, 'beta1_train': 1126.9310604598597, 'beta0_train': -2039.7265754550108, 'beta1_val': 1578.9482857871185, 'beta0_val': -2528.878910807261, 'selected_score': -2039.7265754550108, 'evaluations': 95, 'seconds': 0.05894560000160709, 'method': 'differential_evolution_v2', 'accepted_search': True, 'solver_message': 'Maximum number of iterations has been exceeded.'}, {'theta': array([-2.21551143e+02, -1.61371033e+00, -7.26087755e+03, -2.41562674e-01]), 'n_active': 4, 'beta1_train': -266.37671671959265, 'beta0_train': -713.1701952491281, 'beta1_val': -1600.1330229280254, 'beta0_val': -1600.1330229280254, 'selected_score': -728.5987262959002, 'evaluations': 185, 'seconds': 0.13007759999891277, 'method': 'differential_evolution_v2', 'accepted_search': True, 'solver_message': 'Maximum number of iterations has been exceeded.'}]",42,"[{'update_slot': 78, 'hour': 13, 'info': 'both', 'lp_status': 'optimal', 'lp_message': '', 'fallback': False}]",4046.807557131416,2166.1689541401815,0.21640209999168292,0.35376549999637064
"[{'theta': array([-7650.19312604]), 'n_active': 1, 'beta1_train': -960.2718468570696, 'beta0_train': -1091.1619689584843, 'beta1_val': -1001.7677602864811, 'beta0_val': -1092.334780897284, 'selected_score': -1091.1619689584843, 'evaluations': 20, 'seconds': 0.028848100002505817, 'method': 'differential_evolution_v2', 'accepted_search': True, 'solver_message': 'Optimization terminated successfully.'}, {'theta': array([-6.00025736e+03,  1.61413284e+00]), 'n_active': 2, 'beta1_train': 3174.2922284029614, 'beta0_train': 126.26382560307715, 'beta1_val': 4331.245692728012, 'beta0_val': 2427.0276119879777, 'selected_score': 126.26382560307715, 'evaluations': 95, 'seconds': 0.06033209999441169, 'method': 'differential_evolution_v2', 'accepted_search': True, 'solver_message': 'Maximum number of iterations has been exceeded.'}, {'theta': array([0., 0., 0., 0.]), 'n_active': 4, 'beta1_train': 372.9167572150502, 'beta0_train': -58.749081255402174, 'beta1_val': 822.8346639728568, 'beta0_val': 902.738792444677, 'selected_score': 372.9167572150502, 'evaluations': 165, 'seconds': 0.11481600000115577, 'method': 'differential_evolution_v2', 'accepted_search': False, 'solver_message': 'Optimization terminated successfully.'}]",42,"[{'update_slot': 78, 'hour': 13, 'info': 'both', 'lp_status': 'optimal', 'lp_message': '', 'fallback': False}]",2166.1689541401815,1465.3878446296294,0.20399619999807328,0.34060759999556467
"[{'theta': array([-9145.49462434]), 'n_active': 1, 'beta1_train': -854.5174724569081, 'beta0_train': -874.2963497013094, 'beta1_val': -821.1920933121274, 'beta0_val': -821.1920933121274, 'selected_score': -874.2963497013094, 'evaluations': 15, 'seconds': 0.023307700001168996, 'method': 'differential_evolution_v2', 'accepted_search': True, 'solver_message': 'Optimization terminated successfully.'}, {'theta': array([-3.28277698e+03, -3.65637720e-01]), 'n_active': 2, 'beta1_train': 14.164513689211134, 'beta0_train': -1584.0, 'beta1_val': 309.3148644482103, 'beta0_val': -1584.0, 'selected_score': -1584.0, 'evaluations': 45, 'seconds': 0.03344739999738522, 'method': 'differential_evolution_v2', 'accepted_search': True, 'solver_message': 'Optimization terminated successfully.'}, {'theta': array([-2.77067293e+03,  9.16559964e-02, -8.64590395e+03, -8.31657160e-01]), 'n_active': 4, 'beta1_train': -48.52372262975216, 'beta0_train': -301.04776462525655, 'beta1_val': 1031.9986854646793, 'beta0_val': 978.4318936983493, 'selected_score': -301.04776462525655, 'evaluations': 125, 'seconds': 0.09437719998823013, 'method': 'differential_evolution_v2', 'accepted_search': True, 'solver_message': 'Optimization terminated successfully.'}]",42,"[{'update_slot': 78, 'hour': 13, 'info': 'both', 'lp_status': 'optimal', 'lp_message': '', 'fallback': False}]",1465.3878446296294,1209.1454058995741,0.15113229998678435,0.2876786999986507
"[{'theta': array([-8686.39359969]), 'n_active': 1, 'beta1_train': -2349.703743553812, 'beta0_train': -2362.3920393856993, 'beta1_val': -2180.0968138011913, 'beta0_val': -2180.0968138011913, 'selected_score': -2362.3920393856993, 'evaluations': 20, 'seconds': 0.02747570000065025, 'method': 'differential_evolution_v2', 'accepted_search': True, 'solver_message': 'Optimization terminated successfully.'}, {'theta': array([-7.37553704e+03,  1.95503572e+00]), 'n_active': 2, 'beta1_train': -1957.6697686716082, 'beta0_train': -3893.020658332972, 'beta1_val': -1534.1794689800436, 'beta0_val': -3896.3999999999996, 'selected_score': -3893.020658332972, 'evaluations': 45, 'seconds': 0.033639699991908856, 'method': 'differential_evolution_v2', 'accepted_search': True, 'solver_message': 'Optimization terminated successfully.'}, {'theta': array([-3.94524003e+03, -1.35011569e+00, -7.32490346e+03, -6.70951315e-02]), 'n_active': 4, 'beta1_train': -2446.99169979414, 'beta0_train': -2704.088980452068, 'beta1_val': -1704.8406278498405, 'beta0_val': -1976.8905367005536, 'selected_score': -2704.088980452068, 'evaluations': 185, 'seconds': 0.12619480000284966, 'method': 'differential_evolution_v2', 'accepted_search': True, 'solver_message': 'Maximum number of iterations has been exceeded.'}]",42,"[{'update_slot': 78, 'hour': 13, 'info': 'both', 'lp_status': 'optimal', 'lp_message': '', 'fallback': False}]",1209.1454058995741,6713.856415185185,0.18731019999540877,0.32393389999924693
"[{'theta': array([-2600.8428444]), 'n_active': 1, 'beta1_train': -3752.3332232937328, 'beta0_train': -3902.7223968865646, 'beta1_val': -3943.0874024000004, 'beta0_val': -3952.8000000000006, 'selected_score': -3902.7223968865646, 'evaluations': 30, 'seconds': 0.03526360000250861, 'method': 'differential_evolution_v2', 'accepted_search': True, 'solver_message': 'Optimization terminated successfully.'}, {'theta': array([-4.12530179e+03,  5.26059722e-01]), 'n_active': 2, 'beta1_train': 668.3399412429396, 'beta0_train': -3001.7842898294466, 'beta1_val': 252.86785743792507, 'beta0_val': -3048.6409866063223, 'selected_score': -3001.7842898294466, 'evaluations': 45, 'seconds': 0.034089299995684996, 'method': 'differential_evolution_v2', 'accepted_search': True, 'solver_message': 'Optimization terminated successfully.'}, {'theta': array([-4.92490276e+03, -1.87153603e+00, -5.39588119e+03, -1.89597725e+00]), 'n_active': 4, 'beta1_train': -495.5739247284749, 'beta0_train': -924.4720990931182, 'beta1_val': -122.28425793031681, 'beta0_val': -329.12088959487465, 'selected_score': -924.4720990931182, 'evaluations': 85, 'seconds': 0.07113749999552965, 'method': 'differential_evolution_v2', 'accepted_search': True, 'solver_message': 'Optimization terminated successfully.'}]",42,"[{'update_slot': 78, 'hour': 13, 'info': 'both', 'lp_status': 'optimal', 'lp_message': '', 'fallback': False}]",6713.856415185185,1324.3809646670195,0.14049039999372326,0.2752457000024151
"[{'theta': array([-4244.13071606]), 'n_active': 1, 'beta1_train': -4068.7615212613046, 'beta0_train': -4091.2322889671786, 'beta1_val': -4092.0, 'beta0_val': -4092.0, 'selected_score': -4091.2322889671786, 'evaluations': 20, 'seconds': 0.02691179999965243, 'method': 'differential_evolution_v2', 'accepted_search': True, 'solver_message': 'Optimization terminated successfully.'}, {'theta': array([-9600.,     0.]), 'n_active': 2, 'beta1_train': 1456.5516575712402, 'beta0_train': -868.4773560747176, 'beta1_val': 1729.5917372487202, 'beta0_val': 532.5307803959922, 'selected_score': -868.4773560747176, 'evaluations': 95, 'seconds': 0.06241959999897517, 'method': 'differential_evolution_v2', 'accepted_search': False, 'solver_message': 'Maximum number of iterations has been exceeded.'}, {'theta': array([-4.99561226e+03,  4.98602498e-01, -2.71277370e+03,  4.82340213e-01]), 'n_active': 4, 'beta1_train': -866.9801501007373, 'beta0_train': -1241.2330382413593, 'beta1_val': 954.8755222509337, 'beta0_val': -199.56728285942188, 'selected_score': -1241.2330382413593, 'evaluations': 185, 'seconds': 0.12594240000180434, 'method': 'differential_evolution_v2', 'accepted_search': True, 'solver_message': 'Maximum number of iterations has been exceeded.'}]",42,"[{'update_slot': 78, 'hour': 13, 'info': 'both', 'lp_status': 'optimal', 'lp_message': '', 'fallback': False}]",1324.3809646670195,2418.0435120692387,0.21527380000043195,0.3491189999913331
"[{'theta': array([-7147.6650287]), 'n_active': 1, 'beta1_train': -3527.2927416361144, 'beta0_train': -4348.1377393361545, 'beta1_val': -3737.551450365295, 'beta0_val': -4367.017859197076, 'selected_score': -4348.1377393361545, 'evaluations': 20, 'seconds': 0.02770750000490807, 'method': 'differential_evolution_v2', 'accepted_search': True, 'solver_message': 'Optimization terminated successfully.'}, {'theta': array([-7.99781304e+02, -7.37936886e-01]), 'n_active': 2, 'beta1_train': 1554.8626779071665, 'beta0_train': -311.3604160799996, 'beta1_val': 1535.9810484319405, 'beta0_val': 347.3806765144286, 'selected_score': -340.13600647272244, 'evaluations': 95, 'seconds': 0.05936489999294281, 'method': 'differential_evolution_v2', 'accepted_search': True, 'solver_message': 'Maximum number of iterations has been exceeded.'}, {'theta': array([-2.80106117e+03, -3.44147281e-01, -6.63498116e+03,  3.23589148e-02]), 'n_active': 4, 'beta1_train': -1670.8905396914752, 'beta0_train': -1735.391268612764, 'beta1_val': -1378.724586324453, 'beta0_val': -1378.724586324453, 'selected_score': -1735.391268612764, 'evaluations': 185, 'seconds': 0.12959379999665543, 'method': 'differential_evolution_v2', 'accepted_search': True, 'solver_message': 'Maximum number of iterations has been exceeded.'}]",42,"[{'update_slot': 78, 'hour': 13, 'info': 'both', 'lp_status': 'optimal', 'lp_message': '', 'fallback': False}]",2418.0435120692387,2881.1380856710466,0.21666619999450631,0.34910810001019854
"[{'theta': array([-5600.96098438]), 'n_active': 1, 'beta1_train': -3805.1716474808295, 'beta0_train': -3929.1139883230912, 'beta1_val': -3787.81204881572, 'beta0_val': -3901.4197911639712, 'selected_score': -3929.1139883230912, 'evaluations': 15, 'seconds': 0.022609699997701682, 'method': 'differential_evolution_v2', 'accepted_search': True, 'solver_message': 'Optimization terminated successfully.'}, {'theta': array([-1.03322853e+03, -9.27797234e-03]), 'n_active': 2, 'beta1_train': -2794.56515821829, 'beta0_train': -2836.6151750491686, 'beta1_val': -1936.0652533388886, 'beta0_val': -2305.5733408821325, 'selected_score': -2836.6151750491686, 'evaluations': 95, 'seconds': 0.05788229999598116, 'method': 'differential_evolution_v2', 'accepted_search': True, 'solver_message': 'Maximum number of iterations has been exceeded.'}, {'theta': array([-5.26527119e+03,  3.51552913e-01, -6.60481419e+02, -3.25762489e-02]), 'n_active': 4, 'beta1_train': -825.1443844475383, 'beta0_train': -1218.4515780588788, 'beta1_val': -587.5808468540912, 'beta0_val': -766.1322496356495, 'selected_score': -1218.4515780588788, 'evaluations': 185, 'seconds': 0.1272293000074569, 'method': 'differential_evolution_v2', 'accepted_search': True, 'solver_message': 'Maximum number of iterations has been exceeded.'}]",42,"[{'update_slot': 78, 'hour': 13, 'info': 'both', 'lp_status': 'optimal', 'lp_message': '', 'fallback': False}]",2881.1380856710466,2397.433562404084,0.20772130000113975,0.34147879999363795
"[{'theta': array([-4498.07553076]), 'n_active': 1, 'beta1_train': -310.7858248835264, 'beta0_train': -458.90469156757996, 'beta1_val': -337.0130707360445, 'beta0_val': -452.94907400271114, 'selected_score': -458.90469156757996, 'evaluations': 50, 'seconds': 0.05370340000081342, 'method': 'differential_evolution_v2', 'accepted_search': True, 'solver_message': 'Maximum number of iterations has been exceeded.'}, {'theta': array([-2.37624875e+03,  6.62437181e-01]), 'n_active': 2, 'beta1_train': 3632.1432224812347, 'beta0_train': 1175.6518185565865, 'beta1_val': 3687.992308290666, 'beta0_val': 1599.5002891155327, 'selected_score': 1175.6518185565865, 'evaluations': 95, 'seconds': 0.05987549999554176, 'method': 'differential_evolution_v2', 'accepted_search': True, 'solver_message': 'Maximum number of iterations has been exceeded.'}, {'theta': array([-8.65117642e+03, -2.54397023e-02, -4.33715415e+03, -1.46837488e+00]), 'n_active': 4, 'beta1_train': 285.2457554274054, 'beta0_train': -80.5987526503109, 'beta1_val': 60.36906526230395, 'beta0_val': -73.7806277885578, 'selected_score': -80.5987526503109, 'evaluations': 125, 'seconds': 0.09380519999831449, 'method': 'differential_evolution_v2', 'accepted_search': True, 'solver_message': 'Optimization terminated successfully.'}]",42,"[{'update_slot': 78, 'hour': 13, 'info': 'both', 'lp_status': 'optimal', 'lp_message': '', 'fallback': False}]",2397.433562404084,1684.267054952623,0.20738409999466967,0.3389630000019679
"[{'theta': array([-3094.61635918]), 'n_active': 1, 'beta1_train': -959.6326803080836, 'beta0_train': -981.0972354898287, 'beta1_val': -917.1127689706923, 'beta0_val': -917.1127689706923, 'selected_score': -981.0972354898287, 'evaluations': 50, 'seconds': 0.05313499999465421, 'method': 'differential_evolution_v2', 'accepted_search': True, 'solver_message': 'Maximum number of iterations has been exceeded.'}, {'theta': array([-3.93753882e+03, -4.96140048e-01]), 'n_active': 2, 'beta1_train': -93.69944804775649, 'beta0_train': -1860.0, 'beta1_val': -159.98803216877786, 'beta0_val': -1860.0, 'selected_score': -1860.0, 'evaluations': 55, 'seconds': 0.0386997000023257, 'method': 'differential_evolution_v2', 'accepted_search': True, 'solver_message': 'Optimization terminated successfully.'}, {'theta': array([-7.33019154e+03,  1.22773411e+00, -1.97759997e+03,  2.40880456e-01]), 'n_active': 4, 'beta1_train': -231.91018043011908, 'beta0_train': -434.8581756404109, 'beta1_val': 145.61341981950892, 'beta0_val': -325.3465299472428, 'selected_score': -434.8581756404109, 'evaluations': 145, 'seconds': 0.10531450000416953, 'method': 'differential_evolution_v2', 'accepted_search': True, 'solver_message': 'Optimization terminated successfully.'}]",42,"[{'update_slot': 78, 'hour': 13, 'info': 'both', 'lp_status': 'optimal', 'lp_message': '', 'fallback': False}]",1684.267054952623,2056.0361318673754,0.19714920000114944,0.33640569999988656
"[{'theta': array([-3265.6336168]), 'n_active': 1, 'beta1_train': -1762.9115016349538, 'beta0_train': -1871.9511868087359, 'beta1_val': -1887.0329195755032, 'beta0_val': -1887.0329195755032, 'selected_score': -1871.9511868087359, 'evaluations': 50, 'seconds': 0.054101399990031496, 'method': 'differential_evolution_v2', 'accepted_search': True, 'solver_message': 'Maximum number of iterations has been exceeded.'}, {'theta': array([-1236.79769797,     1.62086484]), 'n_active': 2, 'beta1_train': -1859.485128961084, 'beta0_train': -3656.223051609707, 'beta1_val': -1631.9094968692066, 'beta0_val': -3645.021720095916, 'selected_score': -3656.223051609707, 'evaluations': 95, 'seconds': 0.06178390000422951, 'method': 'differential_evolution_v2', 'accepted_search': True, 'solver_message': 'Maximum number of iterations has been exceeded.'}, {'theta': array([-6.75575328e+03,  7.35033351e-01, -7.59406762e+03, -1.83833592e+00]), 'n_active': 4, 'beta1_train': -2086.99372655111, 'beta0_train': -2288.276478334932, 'beta1_val': -2065.7195841475273, 'beta0_val': -2065.7195841475273, 'selected_score': -2288.276478334932, 'evaluations': 185, 'seconds': 0.13244419998954982, 'method': 'differential_evolution_v2', 'accepted_search': True, 'solver_message': 'Maximum number of iterations has been exceeded.'}]",42,"[{'update_slot': 78, 'hour': 13, 'info': 'both', 'lp_status': 'optimal', 'lp_message': '', 'fallback': False}]",2056.0361318673754,6458.3989250791155,0.24832949998381082,0.387548800004879
"[{'theta': array([-5607.06241335]), 'n_active': 1, 'beta1_train': -4112.305657810566, 'beta0_train': -4269.02750396292, 'beta1_val': -3934.5083007255957, 'beta0_val': -4206.308661165308, 'selected_score': -4269.02750396292, 'evaluations': 20, 'seconds': 0.027287500008242205, 'method': 'differential_evolution_v2', 'accepted_search': True, 'solver_message': 'Optimization terminated successfully.'}, {'theta': array([-4.32146531e+03,  1.39950575e-01]), 'n_active': 2, 'beta1_train': 737.6674178401479, 'beta0_train': -2853.759071880987, 'beta1_val': 201.26214351675253, 'beta0_val': -3285.161357026119, 'selected_score': -2853.759071880987, 'evaluations': 45, 'seconds': 0.033675300001050346, 'method': 'differential_evolution_v2', 'accepted_search': True, 'solver_message': 'Optimization terminated successfully.'}, {'theta': array([-2.17649391e+03,  2.21531138e-01, -7.35775970e+03,  8.17984890e-01]), 'n_active': 4, 'beta1_train': -779.6547388619103, 'beta0_train': -1206.8237288700325, 'beta1_val': -1028.9817571165136, 'beta0_val': -1113.184005985165, 'selected_score': -1206.8237288700325, 'evaluations': 165, 'seconds': 0.11406579999311361, 'method': 'differential_evolution_v2', 'accepted_search': True, 'solver_message': 'Optimization terminated successfully.'}]",42,"[{'update_slot': 78, 'hour': 13, 'info': 'both', 'lp_status': 'optimal', 'lp_message': '', 'fallback': False}]",6458.3989250791155,2601.7333713622957,0.17502860000240617,0.31031470000743866
"[{'theta': array([-9481.66966596]), 'n_active': 1, 'beta1_train': -3612.348354564148, 'beta0_train': -3756.245822268441, 'beta1_val': -3573.954930632577, 'beta0_val': -3706.1151086391615, 'selected_score': -3756.245822268441, 'evaluations': 20, 'seconds': 0.026874799994402565, 'method': 'differential_evolution_v2', 'accepted_search': True, 'solver_message': 'Optimization terminated successfully.'}, {'theta': array([-6.69975595e+03,  9.96761969e-01]), 'n_active': 2, 'beta1_train': 1573.2735661642564, 'beta0_train': -1944.4359459031793, 'beta1_val': 1772.6046814976648, 'beta0_val': -1926.9781358257837, 'selected_score': -1944.4359459031793, 'evaluations': 95, 'seconds': 0.0575206000066828, 'method': 'differential_evolution_v2', 'accepted_search': True, 'solver_message': 'Maximum number of iterations has been exceeded.'}, {'theta': array([-2.17667310e+03,  8.23694735e-02, -7.53479414e+03, -9.61315583e-01]), 'n_active': 4, 'beta1_train': -437.5974984827688, 'beta0_train': -778.9062726808274, 'beta1_val': -626.393232865947, 'beta0_val': -657.4652531932921, 'selected_score': -778.9062726808274, 'evaluations': 185, 'seconds': 0.12637189999804832, 'method': 'differential_evolution_v2', 'accepted_search': True, 'solver_message': 'Maximum number of iterations has been exceeded.'}]",42,"[{'update_slot': 78, 'hour': 13, 'info': 'both', 'lp_status': 'optimal', 'lp_message': '', 'fallback': False}]",2601.7333713622957,1610.6093509758452,0.21076729999913368,0.34352410001156386
"[{'theta': array([-8397.80888157]), 'n_active': 1, 'beta1_train': -3913.1458665031523, 'beta0_train': -3934.200051279736, 'beta1_val': -3934.8, 'beta0_val': -3934.8, 'selected_score': -3934.200051279736, 'evaluations': 20, 'seconds': 0.027418500001658686, 'method': 'differential_evolution_v2', 'accepted_search': True, 'solver_message': 'Optimization terminated successfully.'}, {'theta': array([-2.14193079e+03,  8.76201467e-01]), 'n_active': 2, 'beta1_train': 1792.509146249802, 'beta0_train': -2245.956942963335, 'beta1_val': 1519.4774317258311, 'beta0_val': -2329.8340154168745, 'selected_score': -2245.956942963335, 'evaluations': 95, 'seconds': 0.06016619999718387, 'method': 'differential_evolution_v2', 'accepted_search': True, 'solver_message': 'Maximum number of iterations has been exceeded.'}, {'theta': array([-5.01469989e+03, -1.75122245e+00, -4.44582358e+03, -9.07898483e-01]), 'n_active': 4, 'beta1_train': -338.4419110693802, 'beta0_train': -759.1651328506003, 'beta1_val': -347.16910099102523, 'beta0_val': -571.7999937894818, 'selected_score': -759.1651328506003, 'evaluations': 185, 'seconds': 0.12768400000641122, 'method': 'differential_evolution_v2', 'accepted_search': True, 'solver_message': 'Maximum number of iterations has been exceeded.'}]",42,"[{'update_slot': 78, 'hour': 13, 'info': 'both', 'lp_status': 'optimal', 'lp_message': '', 'fallback': False}]",1610.6093509758452,1902.8006895520132,0.21526870000525378,0.3461022999981651
"[{'theta': array([-9148.07430431]), 'n_active': 1, 'beta1_train': -3844.2743031309183, 'beta0_train': -3868.229530302118, 'beta1_val': -3775.8804233333335, 'beta0_val': -3858.373079835391, 'selected_score': -3868.229530302118, 'evaluations': 30, 'seconds': 0.0358325999986846, 'method': 'differential_evolution_v2', 'accepted_search': True, 'solver_message': 'Optimization terminated successfully.'}, {'theta': array([-1.43259741e+03, -5.74954391e-01]), 'n_active': 2, 'beta1_train': 1720.005498928013, 'beta0_train': -1582.334156767961, 'beta1_val': 1029.5907786106322, 'beta0_val': -2227.0681244965713, 'selected_score': -1582.334156767961, 'evaluations': 95, 'seconds': 0.05814269999973476, 'method': 'differential_evolution_v2', 'accepted_search': True, 'solver_message': 'Maximum number of iterations has been exceeded.'}, {'theta': array([-1.74000602e+03,  1.05616132e+00, -1.76890070e+02, -2.02979061e-02]), 'n_active': 4, 'beta1_train': -662.3876352278197, 'beta0_train': -769.2751824690711, 'beta1_val': -740.5541445669287, 'beta0_val': -740.5541445669287, 'selected_score': -770.1671307134211, 'evaluations': 185, 'seconds': 0.1276159999979427, 'method': 'differential_evolution_v2', 'accepted_search': True, 'solver_message': 'Maximum number of iterations has been exceeded.'}]",42,"[{'update_slot': 78, 'hour': 13, 'info': 'both', 'lp_status': 'optimal', 'lp_message': '', 'fallback': False}]",1902.8006895520132,1558.4039732972712,0.22159129999636207,0.35878629999933764
"[{'theta': array([-9501.00546232]), 'n_active': 1, 'beta1_train': -1969.6669109080383, 'beta0_train': -1992.8360904546823, 'beta1_val': -1993.2, 'beta0_val': -1993.2, 'selected_score': -1992.8360904546823, 'evaluations': 50, 'seconds': 0.053360599995357916, 'method': 'differential_evolution_v2', 'accepted_search': True, 'solver_message': 'Maximum number of iterations has been exceeded.'}, {'theta': array([-4.16846079e+03,  5.86688148e-01]), 'n_active': 2, 'beta1_train': 2663.0815424552948, 'beta0_train': 478.8683925241875, 'beta1_val': 2600.258406139169, 'beta0_val': 739.8474278065466, 'selected_score': 478.8683925241875, 'evaluations': 95, 'seconds': 0.059160599994356744, 'method': 'differential_evolution_v2', 'accepted_search': True, 'solver_message': 'Maximum number of iterations has been exceeded.'}, {'theta': array([-3.11244450e+02, -8.74909063e-01, -1.55290861e+03,  1.60767238e+00]), 'n_active': 4, 'beta1_train': 67.24743915087654, 'beta0_train': -306.86696219120097, 'beta1_val': -75.98148651889892, 'beta0_val': -289.42039880148957, 'selected_score': -315.71535126842224, 'evaluations': 185, 'seconds': 0.12501100001099985, 'method': 'differential_evolution_v2', 'accepted_search': True, 'solver_message': 'Maximum number of iterations has been exceeded.'}]",42,"[{'update_slot': 78, 'hour': 13, 'info': 'both', 'lp_status': 'optimal', 'lp_message': '', 'fallback': False}]",1558.4039732972712,1882.711641569482,0.2375322000007145,0.3718086000008043
"[{'theta': array([-7029.68153194]), 'n_active': 1, 'beta1_train': -1243.8130608429392, 'beta0_train': -1256.456147422816, 'beta1_val': -1298.6957627240554, 'beta0_val': -1298.6957627240554, 'selected_score': -1256.456147422816, 'evaluations': 20, 'seconds': 0.027350300006219186, 'method': 'differential_evolution_v2', 'accepted_search': True, 'solver_message': 'Optimization terminated successfully.'}, {'theta': array([-4.29184797e+03,  3.10214081e-02]), 'n_active': 2, 'beta1_train': -161.95780042108734, 'beta0_train': -2112.530095933176, 'beta1_val': 117.72402769760629, 'beta0_val': -2114.4, 'selected_score': -2112.530095933176, 'evaluations': 55, 'seconds': 0.03845480000018142, 'method': 'differential_evolution_v2', 'accepted_search': True, 'solver_message': 'Optimization terminated successfully.'}, {'theta': array([-6.48561310e+03, -1.68730307e-01, -9.04153697e+03, -3.10175027e-01]), 'n_active': 4, 'beta1_train': -237.41087856169653, 'beta0_train': -390.8056970092629, 'beta1_val': -326.03765405592605, 'beta0_val': -385.17715443769254, 'selected_score': -390.8056970092629, 'evaluations': 105, 'seconds': 0.08281330000318121, 'method': 'differential_evolution_v2', 'accepted_search': True, 'solver_message': 'Optimization terminated successfully.'}]",42,"[{'update_slot': 78, 'hour': 13, 'info': 'both', 'lp_status': 'optimal', 'lp_message': '', 'fallback': False}]",1882.711641569482,1664.9040912403873,0.14861840000958182,0.28463200000987854
"[{'theta': array([-4216.23851414]), 'n_active': 1, 'beta1_train': -2312.4219092644344, 'beta0_train': -2330.0490710778076, 'beta1_val': -2294.686310746263, 'beta0_val': -2294.686310746263, 'selected_score': -2330.0490710778076, 'evaluations': 20, 'seconds': 0.031046599993715063, 'method': 'differential_evolution_v2', 'accepted_search': True, 'solver_message': 'Optimization terminated successfully.'}, {'theta': array([-5.39115732e+03, -9.94420094e-01]), 'n_active': 2, 'beta1_train': -2265.388002052, 'beta0_train': -4055.8161181522373, 'beta1_val': -2671.0725629628, 'beta0_val': -4075.2000000000003, 'selected_score': -4055.8161181522373, 'evaluations': 55, 'seconds': 0.03949769999599084, 'method': 'differential_evolution_v2', 'accepted_search': True, 'solver_message': 'Optimization terminated successfully.'}, {'theta': array([-2.33023860e+03, -5.58659942e-01, -8.31348908e+03, -2.27044099e-02]), 'n_active': 4, 'beta1_train': -2778.113479331665, 'beta0_train': -3039.71727313245, 'beta1_val': -2722.4390667311445, 'beta0_val': -2874.1280939001103, 'selected_score': -3039.71727313245, 'evaluations': 185, 'seconds': 0.12781700000050478, 'method': 'differential_evolution_v2', 'accepted_search': True, 'solver_message': 'Maximum number of iterations has been exceeded.'}]",42,"[{'update_slot': 78, 'hour': 13, 'info': 'both', 'lp_status': 'optimal', 'lp_message': '', 'fallback': False}]",1664.9040912403873,7363.629089999999,0.19836129999021068,0.33758920000400394
"[{'theta': array([-2061.98514339]), 'n_active': 1, 'beta1_train': -3727.4285000783134, 'beta0_train': -3911.527425993607, 'beta1_val': -3734.444803059258, 'beta0_val': -3904.558839583538, 'selected_score': -3911.527425993607, 'evaluations': 50, 'seconds': 0.05332799999450799, 'method': 'differential_evolution_v2', 'accepted_search': True, 'solver_message': 'Maximum number of iterations has been exceeded.'}, {'theta': array([-6.48989265e+03, -1.78779240e+00]), 'n_active': 2, 'beta1_train': 1522.2262131944094, 'beta0_train': -788.8635305502683, 'beta1_val': 925.0192788225609, 'beta0_val': -1509.0511782630456, 'selected_score': -788.8635305502683, 'evaluations': 55, 'seconds': 0.03829359999508597, 'method': 'differential_evolution_v2', 'accepted_search': True, 'solver_message': 'Optimization terminated successfully.'}, {'theta': array([-5.61744764e+03, -6.20390338e-01, -2.26766416e+02,  1.96803668e+00]), 'n_active': 4, 'beta1_train': -852.4798730001946, 'beta0_train': -1034.6720470212856, 'beta1_val': -822.8992759487294, 'beta0_val': -822.8992759487294, 'selected_score': -1035.5320953358116, 'evaluations': 185, 'seconds': 0.12664639999275096, 'method': 'differential_evolution_v2', 'accepted_search': True, 'solver_message': 'Maximum number of iterations has been exceeded.'}]",42,"[{'update_slot': 78, 'hour': 13, 'info': 'both', 'lp_status': 'optimal', 'lp_message': '', 'fallback': False}]",7363.629089999999,2871.8660002379897,0.21826799998234492,0.35226639999018516
"[{'theta': array([-6388.90364881]), 'n_active': 1, 'beta1_train': -4147.848925823809, 'beta0_train': -4283.281930492649, 'beta1_val': -4287.830675435865, 'beta0_val': -4317.03560366642, 'selected_score': -4283.281930492649, 'evaluations': 25, 'seconds': 0.030318399993120693, 'method': 'differential_evolution_v2', 'accepted_search': True, 'solver_message': 'Optimization terminated successfully.'}, {'theta': array([-8.90555094e+03, -4.42033217e-01]), 'n_active': 2, 'beta1_train': -2783.116482270771, 'beta0_train': -2971.612235261057, 'beta1_val': -2680.299920948645, 'beta0_val': -2680.299920948645, 'selected_score': -2971.612235261057, 'evaluations': 95, 'seconds': 0.056481499996152706, 'method': 'differential_evolution_v2', 'accepted_search': True, 'solver_message': 'Maximum number of iterations has been exceeded.'}, {'theta': array([-3.08429337e+02, -5.45492591e-03, -4.70184986e+03, -1.51635763e+00]), 'n_active': 4, 'beta1_train': -956.0486012987242, 'beta0_train': -1366.9028995405022, 'beta1_val': -1366.5917747188514, 'beta0_val': -1493.282959340942, 'selected_score': -1390.0114021023285, 'evaluations': 185, 'seconds': 0.12745410000206903, 'method': 'differential_evolution_v2', 'accepted_search': True, 'solver_message': 'Maximum number of iterations has been exceeded.'}]",42,"[{'update_slot': 78, 'hour': 13, 'info': 'both', 'lp_status': 'optimal', 'lp_message': '', 'fallback': False}]",2871.8660002379897,3555.7685320370338,0.21425399999134243,0.34880759999214206
"[{'theta': array([-2630.4712648]), 'n_active': 1, 'beta1_train': -4019.687064201806, 'beta0_train': -4049.968938423247, 'beta1_val': -4051.2000000000003, 'beta0_val': -4051.2000000000003, 'selected_score': -4049.968938423247, 'evaluations': 20, 'seconds': 0.027168900007382035, 'method': 'differential_evolution_v2', 'accepted_search': True, 'solver_message': 'Optimization terminated successfully.'}, {'theta': array([-6.83697857e+03, -8.73934633e-01]), 'n_active': 2, 'beta1_train': 700.292269273377, 'beta0_train': -3088.0522948086796, 'beta1_val': 458.4598625672061, 'beta0_val': -3418.1320841941197, 'selected_score': -3088.0522948086796, 'evaluations': 45, 'seconds': 0.033999000006588176, 'method': 'differential_evolution_v2', 'accepted_search': True, 'solver_message': 'Optimization terminated successfully.'}, {'theta': array([-3.56086985e+02, -1.70214736e+00, -3.36986177e+03, -6.95738847e-01]), 'n_active': 4, 'beta1_train': -93.1602802271472, 'beta0_train': -709.0169497893966, 'beta1_val': -771.6472468306163, 'beta0_val': -771.6472468306163, 'selected_score': -728.7885285720039, 'evaluations': 185, 'seconds': 0.12707570000202395, 'method': 'differential_evolution_v2', 'accepted_search': True, 'solver_message': 'Maximum number of iterations has been exceeded.'}]",42,"[{'update_slot': 78, 'hour': 13, 'info': 'both', 'lp_status': 'optimal', 'lp_message': '', 'fallback': False}]",3555.7685320370338,1981.0021099999992,0.18824360001599416,0.32591109999339096
"[{'theta': array([-2459.74511957]), 'n_active': 1, 'beta1_train': -4339.8309174863725, 'beta0_train': -4363.79394284854, 'beta1_val': -4364.296987713752, 'beta0_val': -4364.400000000001, 'selected_score': -4363.79394284854, 'evaluations': 20, 'seconds': 0.02698979999695439, 'method': 'differential_evolution_v2', 'accepted_search': True, 'solver_message': 'Optimization terminated successfully.'}, {'theta': array([-6.69688192e+03,  1.11911181e+00]), 'n_active': 2, 'beta1_train': 1734.1199448764314, 'beta0_train': -585.9405670961044, 'beta1_val': 1415.5422253390634, 'beta0_val': -958.2332496996023, 'selected_score': -585.9405670961044, 'evaluations': 45, 'seconds': 0.03359289999934845, 'method': 'differential_evolution_v2', 'accepted_search': True, 'solver_message': 'Optimization terminated successfully.'}, {'theta': array([-4.79255828e+03,  4.12316043e-01, -3.86037634e+03, -1.14529983e+00]), 'n_active': 4, 'beta1_train': -1143.5051913573354, 'beta0_train': -1418.2437708823234, 'beta1_val': -1320.9892477970639, 'beta0_val': -1364.8535538841445, 'selected_score': -1418.2437708823234, 'evaluations': 145, 'seconds': 0.10355319999507628, 'method': 'differential_evolution_v2', 'accepted_search': True, 'solver_message': 'Optimization terminated successfully.'}]",42,"[{'update_slot': 78, 'hour': 13, 'info': 'both', 'lp_status': 'optimal', 'lp_message': '', 'fallback': False}]",1981.0021099999992,3274.5449398592054,0.16413589999137912,0.2985547999996925
"[{'theta': array([-9093.23603518]), 'n_active': 1, 'beta1_train': -1606.4624311341302, 'beta0_train': -1625.6378506473955, 'beta1_val': -1626.0, 'beta0_val': -1626.0, 'selected_score': -1625.6378506473955, 'evaluations': 20, 'seconds': 0.027771599998231977, 'method': 'differential_evolution_v2', 'accepted_search': True, 'solver_message': 'Optimization terminated successfully.'}, {'theta': array([-1.60554069e+03,  3.11854475e-03]), 'n_active': 2, 'beta1_train': 1559.0306572182808, 'beta0_train': -1210.6239921938825, 'beta1_val': 1314.5708218229445, 'beta0_val': -1224.9117210262932, 'selected_score': -1210.6239921938825, 'evaluations': 95, 'seconds': 0.05902500000956934, 'method': 'differential_evolution_v2', 'accepted_search': True, 'solver_message': 'Maximum number of iterations has been exceeded.'}, {'theta': array([-488.39618307,   -0.59715353, -184.72186801,   -1.32059471]), 'n_active': 4, 'beta1_train': 70.48409135214843, 'beta0_train': -218.77623377132693, 'beta1_val': -278.0589486420786, 'beta0_val': -278.0589486420786, 'selected_score': -225.45550237507175, 'evaluations': 185, 'seconds': 0.12643430000753142, 'method': 'differential_evolution_v2', 'accepted_search': True, 'solver_message': 'Maximum number of iterations has been exceeded.'}]",42,"[{'update_slot': 78, 'hour': 13, 'info': 'both', 'lp_status': 'optimal', 'lp_message': '', 'fallback': False}]",3274.5449398592054,1705.986553703707,0.21323090001533274,0.3512149000016507
"[{'theta': array([-8654.42992473]), 'n_active': 1, 'beta1_train': -1310.0394129136696, 'beta0_train': -1318.020899173377, 'beta1_val': -1358.3186549496552, 'beta0_val': -1358.3186549496552, 'selected_score': -1318.020899173377, 'evaluations': 20, 'seconds': 0.02646140000433661, 'method': 'differential_evolution_v2', 'accepted_search': True, 'solver_message': 'Optimization terminated successfully.'}, {'theta': array([-3.15458383e+03,  1.33072620e+00]), 'n_active': 2, 'beta1_train': -258.0835835722035, 'beta0_train': -1977.9453495010032, 'beta1_val': -313.17744978007545, 'beta0_val': -1788.4657982072022, 'selected_score': -1977.9453495010032, 'evaluations': 65, 'seconds': 0.04455950000556186, 'method': 'differential_evolution_v2', 'accepted_search': True, 'solver_message': 'Optimization terminated successfully.'}, {'theta': array([-8.79904710e+03, -1.73429597e+00, -1.48227460e+03, -1.58078004e-01]), 'n_active': 4, 'beta1_train': -262.0389729671213, 'beta0_train': -498.80369576423664, 'beta1_val': -379.75441971721096, 'beta0_val': -414.22276950115037, 'selected_score': -498.80369576423664, 'evaluations': 185, 'seconds': 0.12397749999945518, 'method': 'differential_evolution_v2', 'accepted_search': True, 'solver_message': 'Maximum number of iterations has been exceeded.'}]",42,"[{'update_slot': 78, 'hour': 13, 'info': 'both', 'lp_status': 'optimal', 'lp_message': '', 'fallback': False}]",1705.986553703707,2402.1220893092964,0.19499840000935365,0.3311807999998564
"[{'theta': array([-8392.1736096]), 'n_active': 1, 'beta1_train': -2398.508566394864, 'beta0_train': -2496.234165920087, 'beta1_val': -2454.2876102061246, 'beta0_val': -2475.046708230919, 'selected_score': -2496.234165920087, 'evaluations': 20, 'seconds': 0.02722840000933502, 'method': 'differential_evolution_v2', 'accepted_search': True, 'solver_message': 'Optimization terminated successfully.'}, {'theta': array([-6.52788027e+02, -5.12206719e-01]), 'n_active': 2, 'beta1_train': -2466.294611595252, 'beta0_train': -3949.905307692147, 'beta1_val': -2164.2323881545994, 'beta0_val': -3861.622792439221, 'selected_score': -3951.1246915132897, 'evaluations': 95, 'seconds': 0.058838899989495985, 'method': 'differential_evolution_v2', 'accepted_search': True, 'solver_message': 'Maximum number of iterations has been exceeded.'}, {'theta': array([-6.01731040e+03, -3.94017328e-04, -8.48544300e+03,  7.75718230e-01]), 'n_active': 4, 'beta1_train': -3806.6760543206237, 'beta0_train': -4084.38743863211, 'beta1_val': -3887.2287184499746, 'beta0_val': -4073.8480474523244, 'selected_score': -4084.38743863211, 'evaluations': 125, 'seconds': 0.09191010000358801, 'method': 'differential_evolution_v2', 'accepted_search': True, 'solver_message': 'Optimization terminated successfully.'}]",42,"[{'update_slot': 78, 'hour': 13, 'info': 'both', 'lp_status': 'optimal', 'lp_message': '', 'fallback': False}]",2402.1220893092964,10275.519710000002,0.17797740000241902,0.3184788000071421
"[{'theta': array([-3655.10555671]), 'n_active': 1, 'beta1_train': -4061.9912195832217, 'beta0_train': -4167.80382105747, 'beta1_val': -3803.6863464166654, 'beta0_val': -4168.799999999999, 'selected_score': -4167.80382105747, 'evaluations': 20, 'seconds': 0.028292799994233064, 'method': 'differential_evolution_v2', 'accepted_search': True, 'solver_message': 'Optimization terminated successfully.'}, {'theta': array([-8.77128407e+03,  2.07438045e-02]), 'n_active': 2, 'beta1_train': 1545.926664421388, 'beta0_train': -1899.5321717543247, 'beta1_val': 1625.355546550616, 'beta0_val': -2383.887591116565, 'selected_score': -1899.5321717543247, 'evaluations': 95, 'seconds': 0.06036839999433141, 'method': 'differential_evolution_v2', 'accepted_search': True, 'solver_message': 'Maximum number of iterations has been exceeded.'}, {'theta': array([-7.22273076e+03, -5.53834859e-01, -5.47816343e+03,  1.79521469e+00]), 'n_active': 4, 'beta1_train': -565.5977885315303, 'beta0_train': -808.356484008663, 'beta1_val': -780.8122607389382, 'beta0_val': -797.7527558975121, 'selected_score': -808.356484008663, 'evaluations': 185, 'seconds': 0.12847610001335852, 'method': 'differential_evolution_v2', 'accepted_search': True, 'solver_message': 'Maximum number of iterations has been exceeded.'}]",42,"[{'update_slot': 78, 'hour': 13, 'info': 'both', 'lp_status': 'optimal', 'lp_message': '', 'fallback': False}]",10275.519710000002,1553.3347540740745,0.217137300001923,0.3506048999988707
"[{'theta': array([-1659.64472825]), 'n_active': 1, 'beta1_train': -4535.796274767034, 'beta0_train': -4573.532041686239, 'beta1_val': -4576.8, 'beta0_val': -4576.8, 'selected_score': -4573.532041686239, 'evaluations': 20, 'seconds': 0.026992800005245954, 'method': 'differential_evolution_v2', 'accepted_search': True, 'solver_message': 'Optimization terminated successfully.'}, {'theta': array([-344.84330419,    0.98003167]), 'n_active': 2, 'beta1_train': -2488.465849371061, 'beta0_train': -2950.5506710753775, 'beta1_val': -2787.0686226918046, 'beta0_val': -3089.1547530412777, 'selected_score': -2950.5607656033, 'evaluations': 95, 'seconds': 0.05714429999352433, 'method': 'differential_evolution_v2', 'accepted_search': True, 'solver_message': 'Maximum number of iterations has been exceeded.'}, {'theta': array([0., 0., 0., 0.]), 'n_active': 4, 'beta1_train': -1141.7713120601857, 'beta0_train': -1475.01109570412, 'beta1_val': -408.01499816739215, 'beta0_val': -390.6697699349336, 'selected_score': -1141.7713120601857, 'evaluations': 185, 'seconds': 0.12669430000823922, 'method': 'differential_evolution_v2', 'accepted_search': False, 'solver_message': 'Maximum number of iterations has been exceeded.'}]",42,"[{'update_slot': 78, 'hour': 13, 'info': 'both', 'lp_status': 'optimal', 'lp_message': '', 'fallback': False}]",1553.3347540740745,3453.5468327777794,0.2108314000070095,0.3443911000067601
"[{'theta': array([-4428.78839018]), 'n_active': 1, 'beta1_train': -4294.00391159991, 'beta0_train': -4338.003729709093, 'beta1_val': -4230.199410900001, 'beta0_val': -4340.400000000001, 'selected_score': -4338.003729709093, 'evaluations': 20, 'seconds': 0.027721200007363223, 'method': 'differential_evolution_v2', 'accepted_search': True, 'solver_message': 'Optimization terminated successfully.'}, {'theta': array([-1.82365133e+03,  8.20205883e-01]), 'n_active': 2, 'beta1_train': -1954.6567331929964, 'beta0_train': -2738.8756972171686, 'beta1_val': -2492.843683319365, 'beta0_val': -2548.767439429514, 'selected_score': -2738.8756972171686, 'evaluations': 65, 'seconds': 0.04338189998816233, 'method': 'differential_evolution_v2', 'accepted_search': True, 'solver_message': 'Optimization terminated successfully.'}, {'theta': array([-3.13403955e+02, -1.94117926e-01, -4.24214226e+03,  1.85347222e+00]), 'n_active': 4, 'beta1_train': -387.7099120436567, 'beta0_train': -775.2766448524504, 'beta1_val': -775.5802441660301, 'beta0_val': -786.4069409316868, 'selected_score': -787.2639398354318, 'evaluations': 185, 'seconds': 0.12622419999388512, 'method': 'differential_evolution_v2', 'accepted_search': True, 'solver_message': 'Maximum number of iterations has been exceeded.'}]",42,"[{'update_slot': 78, 'hour': 13, 'info': 'both', 'lp_status': 'optimal', 'lp_message': '', 'fallback': False}]",3453.5468327777794,1474.3033655555562,0.19732729998941068,0.3329790999996476
"[{'theta': array([-1868.06919339]), 'n_active': 1, 'beta1_train': -3836.643977237077, 'beta0_train': -3859.340889205058, 'beta1_val': -3800.8228725999998, 'beta0_val': -3860.3999999999996, 'selected_score': -3859.340889205058, 'evaluations': 50, 'seconds': 0.052422199994907714, 'method': 'differential_evolution_v2', 'accepted_search': True, 'solver_message': 'Maximum number of iterations has been exceeded.'}, {'theta': array([-9600.,     0.]), 'n_active': 2, 'beta1_train': 1810.9206361927584, 'beta0_train': 19.862563541105065, 'beta1_val': 1423.1024536570262, 'beta0_val': -2240.943774383882, 'selected_score': 19.862563541105065, 'evaluations': 95, 'seconds': 0.05906320000940468, 'method': 'differential_evolution_v2', 'accepted_search': False, 'solver_message': 'Maximum number of iterations has been exceeded.'}, {'theta': array([-3.12633979e+03,  8.34401943e-01, -2.00017124e+02,  1.88922339e-01]), 'n_active': 4, 'beta1_train': -751.5408741607022, 'beta0_train': -994.7155433228068, 'beta1_val': -442.7352260326152, 'beta0_val': -770.9870705194182, 'selected_score': -994.8462671783896, 'evaluations': 185, 'seconds': 0.1266953000013018, 'method': 'differential_evolution_v2', 'accepted_search': True, 'solver_message': 'Maximum number of iterations has been exceeded.'}]",42,"[{'update_slot': 78, 'hour': 13, 'info': 'both', 'lp_status': 'optimal', 'lp_message': '', 'fallback': False}]",1474.3033655555562,2670.547458703702,0.2381807000056142,0.3752264000067953
"[{'theta': array([-8648.33888819]), 'n_active': 1, 'beta1_train': -2047.8035146396617, 'beta0_train': -2384.1504169352847, 'beta1_val': -2127.259076438494, 'beta0_val': -2367.8889314370376, 'selected_score': -2384.1504169352847, 'evaluations': 20, 'seconds': 0.027151700007379986, 'method': 'differential_evolution_v2', 'accepted_search': True, 'solver_message': 'Optimization terminated successfully.'}, {'theta': array([-9.01472401e+03,  1.31213847e+00]), 'n_active': 2, 'beta1_train': 2637.411843239759, 'beta0_train': -375.6468585611803, 'beta1_val': 3025.9442901338944, 'beta0_val': 283.76322763440294, 'selected_score': -375.6468585611803, 'evaluations': 95, 'seconds': 0.05803390000073705, 'method': 'differential_evolution_v2', 'accepted_search': True, 'solver_message': 'Maximum number of iterations has been exceeded.'}, {'theta': array([-2.33161365e+02, -1.29746545e+00, -7.98614917e+03,  1.74146914e+00]), 'n_active': 4, 'beta1_train': -360.8656720483246, 'beta0_train': -467.4889253955077, 'beta1_val': -465.1397537098708, 'beta0_val': -465.1397537098708, 'selected_score': -470.60958317052854, 'evaluations': 185, 'seconds': 0.12340159999439493, 'method': 'differential_evolution_v2', 'accepted_search': True, 'solver_message': 'Maximum number of iterations has been exceeded.'}]",42,"[{'update_slot': 78, 'hour': 13, 'info': 'both', 'lp_status': 'optimal', 'lp_message': '', 'fallback': False}]",2670.547458703702,1667.3650070397964,0.20858720000251196,0.3426444999931846
"[{'theta': array([-220.02582311]), 'n_active': 1, 'beta1_train': -1808.688071231213, 'beta0_train': -1815.9374654490562, 'beta1_val': -1755.0906455705374, 'beta0_val': -1755.0906455705374, 'selected_score': -1815.9374654490562, 'evaluations': 15, 'seconds': 0.02316179999615997, 'method': 'differential_evolution_v2', 'accepted_search': True, 'solver_message': 'Optimization terminated successfully.'}, {'theta': array([-1.27391155e+03, -5.00592821e-01]), 'n_active': 2, 'beta1_train': 25.291297225305215, 'beta0_train': -1704.1271172875106, 'beta1_val': 244.49053267279965, 'beta0_val': -1627.1396488389612, 'selected_score': -1704.1271172875106, 'evaluations': 55, 'seconds': 0.03829749999567866, 'method': 'differential_evolution_v2', 'accepted_search': True, 'solver_message': 'Optimization terminated successfully.'}, {'theta': array([-4.55873059e+02, -9.33941628e-01, -4.27860126e+03, -1.10548906e-01]), 'n_active': 4, 'beta1_train': -386.8027705753895, 'beta0_train': -513.2335627534729, 'beta1_val': -408.86418903851916, 'beta0_val': -408.86418903851916, 'selected_score': -513.5582671046881, 'evaluations': 185, 'seconds': 0.12533959999564104, 'method': 'differential_evolution_v2', 'accepted_search': True, 'solver_message': 'Maximum number of iterations has been exceeded.'}]",42,"[{'update_slot': 78, 'hour': 13, 'info': 'both', 'lp_status': 'optimal', 'lp_message': '', 'fallback': False}]",1667.3650070397964,1837.5188698934144,0.18679889998747967,0.31871329998830333
"[{'theta': array([-3719.50481934]), 'n_active': 1, 'beta1_train': -3213.5688554492535, 'beta0_train': -3219.6786005587783, 'beta1_val': -3152.527477140316, 'beta0_val': -3177.2738424237446, 'selected_score': -3219.6786005587783, 'evaluations': 30, 'seconds': 0.035488199995597824, 'method': 'differential_evolution_v2', 'accepted_search': True, 'solver_message': 'Optimization terminated successfully.'}, {'theta': array([-4.01172392e+03,  5.72521348e-01]), 'n_active': 2, 'beta1_train': -2654.378085782663, 'beta0_train': -4347.283479719332, 'beta1_val': -2718.4486775978507, 'beta0_val': -4587.599999999999, 'selected_score': -4347.283479719332, 'evaluations': 95, 'seconds': 0.05767129999003373, 'method': 'differential_evolution_v2', 'accepted_search': True, 'solver_message': 'Maximum number of iterations has been exceeded.'}, {'theta': array([-8.21874650e+03, -1.40179987e+00, -9.12804136e+03,  1.16377901e+00]), 'n_active': 4, 'beta1_train': -4238.252041680756, 'beta0_train': -4525.354120130704, 'beta1_val': -4232.093373117211, 'beta0_val': -4570.306802125682, 'selected_score': -4525.354120130704, 'evaluations': 185, 'seconds': 0.1269112000009045, 'method': 'differential_evolution_v2', 'accepted_search': True, 'solver_message': 'Maximum number of iterations has been exceeded.'}]",42,"[{'update_slot': 78, 'hour': 13, 'info': 'both', 'lp_status': 'optimal', 'lp_message': '', 'fallback': False}]",1837.5188698934144,10648.04201814815,0.22007069998653606,0.35649299999931827
"[{'theta': array([-8158.51878441]), 'n_active': 1, 'beta1_train': -4009.6019277550536, 'beta0_train': -4197.823552269297, 'beta1_val': -4175.118312625001, 'beta0_val': -4202.400000000001, 'selected_score': -4197.823552269297, 'evaluations': 25, 'seconds': 0.0316270000039367, 'method': 'differential_evolution_v2', 'accepted_search': True, 'solver_message': 'Optimization terminated successfully.'}, {'theta': array([-5.17647054e+03,  9.50609217e-01]), 'n_active': 2, 'beta1_train': -2464.172594622912, 'beta0_train': -2674.4925380318314, 'beta1_val': -2672.7813230811826, 'beta0_val': -2672.7813230811917, 'selected_score': -2674.4925380318314, 'evaluations': 65, 'seconds': 0.04405860000406392, 'method': 'differential_evolution_v2', 'accepted_search': True, 'solver_message': 'Optimization terminated successfully.'}, {'theta': array([ -359.42329701,    -1.57705054, -1407.4098678 ,     1.80697122]), 'n_active': 4, 'beta1_train': -357.46693743272084, 'beta0_train': -779.340596349669, 'beta1_val': -712.1217839652135, 'beta0_val': -712.1217839652135, 'selected_score': -792.7399421008411, 'evaluations': 185, 'seconds': 0.12617010000394657, 'method': 'differential_evolution_v2', 'accepted_search': True, 'solver_message': 'Maximum number of iterations has been exceeded.'}]",42,"[{'update_slot': 78, 'hour': 13, 'info': 'both', 'lp_status': 'optimal', 'lp_message': '', 'fallback': False}]",10648.04201814815,1926.6304683866483,0.2018557000119472,0.3357197000004817
"[{'theta': array([-4493.75094826]), 'n_active': 1, 'beta1_train': -4077.5956086676565, 'beta0_train': -4103.146095192212, 'beta1_val': -4105.2, 'beta0_val': -4105.2, 'selected_score': -4103.146095192212, 'evaluations': 20, 'seconds': 0.026888500011409633, 'method': 'differential_evolution_v2', 'accepted_search': True, 'solver_message': 'Optimization terminated successfully.'}, {'theta': array([-3.93858253e+03,  8.84496120e-01]), 'n_active': 2, 'beta1_train': 2046.1067639647385, 'beta0_train': -36.76992709867259, 'beta1_val': 1342.1411250676147, 'beta0_val': -2298.9770166624844, 'selected_score': -36.76992709867259, 'evaluations': 95, 'seconds': 0.057719500007806346, 'method': 'differential_evolution_v2', 'accepted_search': True, 'solver_message': 'Maximum number of iterations has been exceeded.'}, {'theta': array([-1.59897851e+02,  4.49926030e-01, -6.00096930e+03, -9.91676431e-01]), 'n_active': 4, 'beta1_train': -587.8653335805669, 'beta0_train': -807.4605100472263, 'beta1_val': -703.8316009846187, 'beta0_val': -711.5235065107511, 'selected_score': -808.0973270924113, 'evaluations': 185, 'seconds': 0.12566659999720287, 'method': 'differential_evolution_v2', 'accepted_search': True, 'solver_message': 'Maximum number of iterations has been exceeded.'}]",42,"[{'update_slot': 78, 'hour': 13, 'info': 'both', 'lp_status': 'optimal', 'lp_message': '', 'fallback': False}]",1926.6304683866483,1595.6886748148147,0.21027460001641884,0.3463118000072427
"[{'theta': array([-2135.76846505]), 'n_active': 1, 'beta1_train': -4489.467282055772, 'beta0_train': -4508.7065165763315, 'beta1_val': -4510.8, 'beta0_val': -4510.8, 'selected_score': -4508.7065165763315, 'evaluations': 20, 'seconds': 0.027310900011798367, 'method': 'differential_evolution_v2', 'accepted_search': True, 'solver_message': 'Optimization terminated successfully.'}, {'theta': array([-6.17082954e+03,  2.78809527e-01]), 'n_active': 2, 'beta1_train': -2824.7464037882114, 'beta0_train': -2963.776679317261, 'beta1_val': -3257.8920216695296, 'beta0_val': -3257.8920216695296, 'selected_score': -2963.776679317261, 'evaluations': 95, 'seconds': 0.05892389999644365, 'method': 'differential_evolution_v2', 'accepted_search': True, 'solver_message': 'Maximum number of iterations has been exceeded.'}, {'theta': array([-3.20579181e+03, -1.38608599e+00, -2.10939129e+02,  1.72679709e+00]), 'n_active': 4, 'beta1_train': -641.9807689209239, 'beta0_train': -895.2080209568037, 'beta1_val': -268.8276174825326, 'beta0_val': -558.3966016032659, 'selected_score': -895.8070164271643, 'evaluations': 185, 'seconds': 0.12284189999627415, 'method': 'differential_evolution_v2', 'accepted_search': True, 'solver_message': 'Maximum number of iterations has been exceeded.'}]",42,"[{'update_slot': 78, 'hour': 13, 'info': 'both', 'lp_status': 'optimal', 'lp_message': '', 'fallback': False}]",1595.6886748148147,1889.7172764814813,0.20907670000451617,0.3413956999866059
"[{'theta': array([-8799.60444326]), 'n_active': 1, 'beta1_train': -4642.777594313866, 'beta0_train': -4661.035787021981, 'beta1_val': -4663.2, 'beta0_val': -4663.2, 'selected_score': -4661.035787021981, 'evaluations': 25, 'seconds': 0.03199799999129027, 'method': 'differential_evolution_v2', 'accepted_search': True, 'solver_message': 'Optimization terminated successfully.'}, {'theta': array([-1.51270618e+03, -3.48705987e-01]), 'n_active': 2, 'beta1_train': -2438.6664280163086, 'beta0_train': -2501.6396199447045, 'beta1_val': -2574.797352823759, 'beta0_val': -2574.797352823759, 'selected_score': -2501.6396199447045, 'evaluations': 35, 'seconds': 0.029064399990602396, 'method': 'differential_evolution_v2', 'accepted_search': True, 'solver_message': 'Optimization terminated successfully.'}, {'theta': array([-3.14585858e+02,  6.67991752e-01, -3.64543408e+03,  1.50958536e+00]), 'n_active': 4, 'beta1_train': -411.483242345646, 'beta0_train': -856.1869922181118, 'beta1_val': -763.0492845111291, 'beta0_val': -829.1068628286886, 'selected_score': -865.4888234737845, 'evaluations': 185, 'seconds': 0.1278286000015214, 'method': 'differential_evolution_v2', 'accepted_search': True, 'solver_message': 'Maximum number of iterations has been exceeded.'}]",42,"[{'update_slot': 78, 'hour': 13, 'info': 'both', 'lp_status': 'optimal', 'lp_message': '', 'fallback': False}]",1889.7172764814813,1825.6540599736056,0.18889099998341408,0.31947930000023916
"[{'theta': array([-5006.99305321]), 'n_active': 1, 'beta1_train': -2531.5811462600127, 'beta0_train': -2586.1601260149555, 'beta1_val': -2589.6, 'beta0_val': -2589.6, 'selected_score': -2586.1601260149555, 'evaluations': 20, 'seconds': 0.027133600000524893, 'method': 'differential_evolution_v2', 'accepted_search': True, 'solver_message': 'Optimization terminated successfully.'}, {'theta': array([-6.38657634e+03, -4.22889022e-01]), 'n_active': 2, 'beta1_train': -1191.6001041820641, 'beta0_train': -1858.4210867292547, 'beta1_val': -1579.779670606395, 'beta0_val': -2149.2429284920813, 'selected_score': -1858.4210867292547, 'evaluations': 95, 'seconds': 0.05871190001198556, 'method': 'differential_evolution_v2', 'accepted_search': True, 'solver_message': 'Maximum number of iterations has been exceeded.'}, {'theta': array([-4.52014333e+02, -7.91908735e-01, -1.48000786e+03,  1.90339808e+00]), 'n_active': 4, 'beta1_train': 16.513000015949295, 'beta0_train': -430.461639581804, 'beta1_val': 64.66266252685091, 'beta0_val': -456.8508258038273, 'selected_score': -438.0654485145251, 'evaluations': 185, 'seconds': 0.12726239999756217, 'method': 'differential_evolution_v2', 'accepted_search': True, 'solver_message': 'Maximum number of iterations has been exceeded.'}]",42,"[{'update_slot': 78, 'hour': 13, 'info': 'both', 'lp_status': 'optimal', 'lp_message': '', 'fallback': False}]",1825.6540599736056,2023.461786814666,0.21310790001007263,0.3483737999922596
"[{'theta': array([-7511.12550208]), 'n_active': 1, 'beta1_train': -2038.1460421277077, 'beta0_train': -2045.2246687472311, 'beta1_val': -2018.6808893786267, 'beta0_val': -2018.6808893786267, 'selected_score': -2045.2246687472311, 'evaluations': 15, 'seconds': 0.02293890000146348, 'method': 'differential_evolution_v2', 'accepted_search': True, 'solver_message': 'Optimization terminated successfully.'}, {'theta': array([-5.95533011e+03, -1.56759417e+00]), 'n_active': 2, 'beta1_train': -705.0640159716057, 'beta0_train': -2592.45346104544, 'beta1_val': -1131.7455261105765, 'beta0_val': -2722.347953492675, 'selected_score': -2592.45346104544, 'evaluations': 55, 'seconds': 0.04047500000160653, 'method': 'differential_evolution_v2', 'accepted_search': True, 'solver_message': 'Optimization terminated successfully.'}, {'theta': array([-2.27694621e+02, -8.84732971e-01, -5.37481521e+03, -1.77714854e+00]), 'n_active': 4, 'beta1_train': -479.4909918965492, 'beta0_train': -672.4744308898757, 'beta1_val': -537.3685633565105, 'beta0_val': -677.0549132874295, 'selected_score': -673.5270079793395, 'evaluations': 185, 'seconds': 0.12445409999054391, 'method': 'differential_evolution_v2', 'accepted_search': True, 'solver_message': 'Maximum number of iterations has been exceeded.'}]",42,"[{'update_slot': 78, 'hour': 13, 'info': 'both', 'lp_status': 'optimal', 'lp_message': '', 'fallback': False}]",2023.461786814666,2489.0389469729253,0.18786799999361392,0.3226662000088254
"[{'theta': array([-1929.77585382]), 'n_active': 1, 'beta1_train': -2627.387963516779, 'beta0_train': -3289.002396169517, 'beta1_val': -2751.7069594828254, 'beta0_val': -3317.027302834059, 'selected_score': -3289.002396169517, 'evaluations': 50, 'seconds': 0.05257089999213349, 'method': 'differential_evolution_v2', 'accepted_search': True, 'solver_message': 'Maximum number of iterations has been exceeded.'}, {'theta': array([-5.5451545e+03,  1.0524369e-01]), 'n_active': 2, 'beta1_train': -1716.8734451630805, 'beta0_train': -3455.568786749712, 'beta1_val': -1939.4611359677901, 'beta0_val': -3112.70958413852, 'selected_score': -3455.568786749712, 'evaluations': 35, 'seconds': 0.0272941000002902, 'method': 'differential_evolution_v2', 'accepted_search': True, 'solver_message': 'Optimization terminated successfully.'}, {'theta': array([-7.11743166e+03,  3.75734777e-01, -8.78051888e+03, -1.80055694e+00]), 'n_active': 4, 'beta1_train': -3119.273359959388, 'beta0_train': -3390.542136585298, 'beta1_val': -3322.3554845918525, 'beta0_val': -3322.3554845918525, 'selected_score': -3390.542136585298, 'evaluations': 185, 'seconds': 0.1260245000012219, 'method': 'differential_evolution_v2', 'accepted_search': True, 'solver_message': 'Maximum number of iterations has been exceeded.'}]",42,"[{'update_slot': 78, 'hour': 13, 'info': 'both', 'lp_status': 'optimal', 'lp_message': '', 'fallback': False}]",2489.0389469729253,8168.624239959067,0.20588949999364559,0.3383151999878464
"[{'theta': array([-5293.51090348]), 'n_active': 1, 'beta1_train': -2681.670427901434, 'beta0_train': -3555.6334715830494, 'beta1_val': -2671.210172838167, 'beta0_val': -3469.1960678946507, 'selected_score': -3555.6334715830494, 'evaluations': 50, 'seconds': 0.05376789999718312, 'method': 'differential_evolution_v2', 'accepted_search': True, 'solver_message': 'Maximum number of iterations has been exceeded.'}, {'theta': array([-2.36338292e+03, -1.23849863e+00]), 'n_active': 2, 'beta1_train': -2023.9655823338203, 'beta0_train': -2276.0331537274956, 'beta1_val': -2187.8413101337487, 'beta0_val': -2187.8413101337487, 'selected_score': -2276.0331537274956, 'evaluations': 95, 'seconds': 0.05839469999773428, 'method': 'differential_evolution_v2', 'accepted_search': True, 'solver_message': 'Maximum number of iterations has been exceeded.'}, {'theta': array([-3.50035470e+02, -6.55211248e-02, -4.03050671e+03,  1.45301105e+00]), 'n_active': 4, 'beta1_train': -458.1538979954968, 'beta0_train': -788.8991638478237, 'beta1_val': 133.9884496108848, 'beta0_val': -829.6537684283123, 'selected_score': -801.2235508065551, 'evaluations': 185, 'seconds': 0.12916699999186676, 'method': 'differential_evolution_v2', 'accepted_search': True, 'solver_message': 'Maximum number of iterations has been exceeded.'}]",42,"[{'update_slot': 78, 'hour': 13, 'info': 'both', 'lp_status': 'optimal', 'lp_message': '', 'fallback': False}]",8168.624239959067,2493.451567478762,0.24132959998678416,0.38168389999191277
"[{'theta': array([-8452.6563798]), 'n_active': 1, 'beta1_train': -3274.453920651654, 'beta0_train': -4082.63955060066, 'beta1_val': -3681.8901886577496, 'beta0_val': -4109.040577143003, 'selected_score': -4082.63955060066, 'evaluations': 25, 'seconds': 0.03212069999426603, 'method': 'differential_evolution_v2', 'accepted_search': True, 'solver_message': 'Optimization terminated successfully.'}, {'theta': array([-1.76170092e+03, -1.61418276e+00]), 'n_active': 2, 'beta1_train': 1952.8974708710903, 'beta0_train': -1715.6592475394432, 'beta1_val': 1457.1100271171686, 'beta0_val': -2480.890608691119, 'selected_score': -1715.6592475394432, 'evaluations': 35, 'seconds': 0.029485199993359856, 'method': 'differential_evolution_v2', 'accepted_search': True, 'solver_message': 'Optimization terminated successfully.'}, {'theta': array([-4.95860469e+03, -1.47350612e+00, -2.32372439e+02,  9.77318754e-01]), 'n_active': 4, 'beta1_train': -633.9516592521356, 'beta0_train': -766.5673269031606, 'beta1_val': -729.0941091229422, 'beta0_val': -729.0941091229422, 'selected_score': -767.0733524963466, 'evaluations': 185, 'seconds': 0.13249720000021625, 'method': 'differential_evolution_v2', 'accepted_search': True, 'solver_message': 'Maximum number of iterations has been exceeded.'}]",42,"[{'update_slot': 78, 'hour': 13, 'info': 'both', 'lp_status': 'optimal', 'lp_message': '', 'fallback': False}]",2493.451567478762,2381.3900290740776,0.19410309998784214,0.33302520000142977
"[{'theta': array([-5461.20946218]), 'n_active': 1, 'beta1_train': -4159.197441012413, 'beta0_train': -4184.542200617284, 'beta1_val': -4186.8, 'beta0_val': -4186.8, 'selected_score': -4184.542200617284, 'evaluations': 20, 'seconds': 0.031836000009207055, 'method': 'differential_evolution_v2', 'accepted_search': True, 'solver_message': 'Optimization terminated successfully.'}, {'theta': array([-2.54648097e+03, -1.08723312e-01]), 'n_active': 2, 'beta1_train': 1850.7671129687874, 'beta0_train': -2141.139370830129, 'beta1_val': 574.8480754832135, 'beta0_val': -2787.592744883666, 'selected_score': -2141.139370830129, 'evaluations': 55, 'seconds': 0.04800039999827277, 'method': 'differential_evolution_v2', 'accepted_search': True, 'solver_message': 'Optimization terminated successfully.'}, {'theta': array([-1.06506011e+03,  4.97378165e-02, -3.16854998e+03, -1.40669514e+00]), 'n_active': 4, 'beta1_train': -816.5301401119692, 'beta0_train': -966.4112015968985, 'beta1_val': -1128.401460296065, 'beta0_val': -1128.401460296065, 'selected_score': -966.4112015968985, 'evaluations': 185, 'seconds': 0.12768420000793412, 'method': 'differential_evolution_v2', 'accepted_search': True, 'solver_message': 'Maximum number of iterations has been exceeded.'}]",42,"[{'update_slot': 78, 'hour': 13, 'info': 'both', 'lp_status': 'optimal', 'lp_message': '', 'fallback': False}]",2381.3900290740776,2656.8902243382076,0.20752060001541395,0.3497754999989411
"[{'theta': array([-7144.83995183]), 'n_active': 1, 'beta1_train': -3939.4464580374665, 'beta0_train': -4078.707792371165, 'beta1_val': -4030.14522624, 'beta0_val': -4096.584765084445, 'selected_score': -4078.707792371165, 'evaluations': 20, 'seconds': 0.02773919999890495, 'method': 'differential_evolution_v2', 'accepted_search': True, 'solver_message': 'Optimization terminated successfully.'}, {'theta': array([-4.57693374e+03, -1.33060445e+00]), 'n_active': 2, 'beta1_train': -2329.735500588377, 'beta0_train': -2610.98103819086, 'beta1_val': -2604.113230132584, 'beta0_val': -2604.113230132584, 'selected_score': -2610.98103819086, 'evaluations': 35, 'seconds': 0.028085900004953146, 'method': 'differential_evolution_v2', 'accepted_search': True, 'solver_message': 'Optimization terminated successfully.'}, {'theta': array([-3.62522209e+02, -4.96658045e-01, -3.77817993e+03,  1.87151438e+00]), 'n_active': 4, 'beta1_train': -489.24557321010815, 'beta0_train': -925.5218779510778, 'beta1_val': -416.34143655669004, 'beta0_val': -1090.4334134044454, 'selected_score': -931.7031617887956, 'evaluations': 185, 'seconds': 0.125069200003054, 'method': 'differential_evolution_v2', 'accepted_search': True, 'solver_message': 'Maximum number of iterations has been exceeded.'}]",42,"[{'update_slot': 78, 'hour': 13, 'info': 'both', 'lp_status': 'optimal', 'lp_message': '', 'fallback': False}]",2656.8902243382076,2460.34757425926,0.1808943000069121,0.3142678000003798
"[{'theta': array([-3246.40842189]), 'n_active': 1, 'beta1_train': -2725.6520856189227, 'beta0_train': -2851.2063563633747, 'beta1_val': -2518.8527303622022, 'beta0_val': -2781.688424836173, 'selected_score': -2851.2063563633747, 'evaluations': 20, 'seconds': 0.02686070000345353, 'method': 'differential_evolution_v2', 'accepted_search': True, 'solver_message': 'Optimization terminated successfully.'}, {'theta': array([-5.81526109e+03,  6.81652228e-02]), 'n_active': 2, 'beta1_train': -1672.0113111247792, 'beta0_train': -1888.928555175664, 'beta1_val': -2257.5572166444413, 'beta0_val': -2257.5572166444413, 'selected_score': -1888.928555175664, 'evaluations': 95, 'seconds': 0.05787409999174997, 'method': 'differential_evolution_v2', 'accepted_search': True, 'solver_message': 'Maximum number of iterations has been exceeded.'}, {'theta': array([-2.57344155e+02, -1.04978974e+00, -2.80322384e+03, -4.60924874e-01]), 'n_active': 4, 'beta1_train': 21.794938828815823, 'beta0_train': -418.00727412001413, 'beta1_val': -410.49615082337067, 'beta0_val': -467.92166792310655, 'selected_score': -425.8160325674237, 'evaluations': 185, 'seconds': 0.1267682000034256, 'method': 'differential_evolution_v2', 'accepted_search': True, 'solver_message': 'Maximum number of iterations has been exceeded.'}]",42,"[{'update_slot': 78, 'hour': 13, 'info': 'both', 'lp_status': 'optimal', 'lp_message': '', 'fallback': False}]",2460.34757425926,1866.303987592594,0.2115029999986291,0.3496184999967227
"[{'theta': array([-3884.59744864]), 'n_active': 1, 'beta1_train': -2236.707698533663, 'beta0_train': -2247.338223416528, 'beta1_val': -2255.973808648561, 'beta0_val': -2255.973808648561, 'selected_score': -2247.338223416528, 'evaluations': 30, 'seconds': 0.035806700005196035, 'method': 'differential_evolution_v2', 'accepted_search': True, 'solver_message': 'Optimization terminated successfully.'}, {'theta': array([-6.92814995e+03,  7.34792878e-01]), 'n_active': 2, 'beta1_train': -331.09550566951077, 'beta0_train': -2083.855737082579, 'beta1_val': -716.8511939047835, 'beta0_val': -2118.354130550309, 'selected_score': -2083.855737082579, 'evaluations': 95, 'seconds': 0.05791560000216123, 'method': 'differential_evolution_v2', 'accepted_search': True, 'solver_message': 'Maximum number of iterations has been exceeded.'}, {'theta': array([-2.90195385e+02,  1.21231879e+00, -4.04150500e+03, -1.48124117e+00]), 'n_active': 4, 'beta1_train': -184.59354103045143, 'beta0_train': -501.40282635949035, 'beta1_val': -239.13705201475017, 'beta0_val': -494.9550822990963, 'selected_score': -501.6464872492606, 'evaluations': 185, 'seconds': 0.12709629999881145, 'method': 'differential_evolution_v2', 'accepted_search': True, 'solver_message': 'Maximum number of iterations has been exceeded.'}]",42,"[{'update_slot': 78, 'hour': 13, 'info': 'both', 'lp_status': 'optimal', 'lp_message': '', 'fallback': False}]",1866.303987592594,1960.6075631266526,0.2208186000061687,0.3546561999974074
"[{'theta': array([-4975.64534801]), 'n_active': 1, 'beta1_train': -3984.4001852366973, 'beta0_train': -3993.540792449046, 'beta1_val': -3883.794789721209, 'beta0_val': -3883.794789721209, 'selected_score': -3993.540792449046, 'evaluations': 50, 'seconds': 0.053508199998759665, 'method': 'differential_evolution_v2', 'accepted_search': True, 'solver_message': 'Maximum number of iterations has been exceeded.'}, {'theta': array([-8.63440904e+03, -1.25861397e+00]), 'n_active': 2, 'beta1_train': -1812.5289117928571, 'beta0_train': -3388.8696188623294, 'beta1_val': -2429.9313514783144, 'beta0_val': -3903.840882241546, 'selected_score': -3388.8696188623294, 'evaluations': 95, 'seconds': 0.0591846000024816, 'method': 'differential_evolution_v2', 'accepted_search': True, 'solver_message': 'Maximum number of iterations has been exceeded.'}, {'theta': array([-6.36796749e+03,  4.91106865e-01, -2.83059075e+03,  7.36351915e-01]), 'n_active': 4, 'beta1_train': -2265.004923080457, 'beta0_train': -2539.0900430584516, 'beta1_val': -2580.2516330135013, 'beta0_val': -2615.0790345827313, 'selected_score': -2539.0900430584516, 'evaluations': 165, 'seconds': 0.11607309999817517, 'method': 'differential_evolution_v2', 'accepted_search': True, 'solver_message': 'Optimization terminated successfully.'}]",42,"[{'update_slot': 78, 'hour': 13, 'info': 'both', 'lp_status': 'optimal', 'lp_message': '', 'fallback': False}]",1960.6075631266526,6355.392481481482,0.22876589999941643,0.3650980999955209
"[{'theta': array([-8138.93778966]), 'n_active': 1, 'beta1_train': -4329.090881648382, 'beta0_train': -4346.012287433504, 'beta1_val': -4320.8051375000005, 'beta0_val': -4343.585626543209, 'selected_score': -4346.012287433504, 'evaluations': 35, 'seconds': 0.039510600006906316, 'method': 'differential_evolution_v2', 'accepted_search': True, 'solver_message': 'Optimization terminated successfully.'}, {'theta': array([-4.54869905e+03, -1.07700542e+00]), 'n_active': 2, 'beta1_train': -2165.8617882167678, 'beta0_train': -2643.197506915961, 'beta1_val': -2815.3632164914707, 'beta0_val': -2868.092008129946, 'selected_score': -2643.197506915961, 'evaluations': 95, 'seconds': 0.05618980000144802, 'method': 'differential_evolution_v2', 'accepted_search': True, 'solver_message': 'Maximum number of iterations has been exceeded.'}, {'theta': array([-8.06068162e+03,  7.06339057e-01, -2.59817773e+02, -2.43644020e-01]), 'n_active': 4, 'beta1_train': -146.91190882523398, 'beta0_train': -613.2033979568904, 'beta1_val': -406.90192118543405, 'beta0_val': -724.5311609560611, 'selected_score': -614.9381161185429, 'evaluations': 185, 'seconds': 0.12754669999412727, 'method': 'differential_evolution_v2', 'accepted_search': True, 'solver_message': 'Maximum number of iterations has been exceeded.'}]",42,"[{'update_slot': 78, 'hour': 13, 'info': 'both', 'lp_status': 'optimal', 'lp_message': '', 'fallback': False}]",6355.392481481482,1867.7519991681354,0.2232471000024816,0.3575182000058703
"[{'theta': array([-2778.62003599]), 'n_active': 1, 'beta1_train': -3876.8167403771154, 'beta0_train': -3906.810287819934, 'beta1_val': -3836.3224435583334, 'beta0_val': -3908.3999999999996, 'selected_score': -3906.810287819934, 'evaluations': 20, 'seconds': 0.0272798999940278, 'method': 'differential_evolution_v2', 'accepted_search': True, 'solver_message': 'Optimization terminated successfully.'}, {'theta': array([-4.69650927e+03,  6.18265115e-01]), 'n_active': 2, 'beta1_train': -2358.811771092656, 'beta0_train': -2590.983072008551, 'beta1_val': -2864.8331780728568, 'beta0_val': -2864.8331780728568, 'selected_score': -2590.983072008551, 'evaluations': 55, 'seconds': 0.04086779999488499, 'method': 'differential_evolution_v2', 'accepted_search': True, 'solver_message': 'Optimization terminated successfully.'}, {'theta': array([-6.41373144e+02, -1.02693874e+00, -1.99197825e+03, -1.15225354e+00]), 'n_active': 4, 'beta1_train': -75.01726770046245, 'beta0_train': -580.1240622784265, 'beta1_val': -396.35395901405144, 'beta0_val': -665.6294248027361, 'selected_score': -580.1240622784265, 'evaluations': 185, 'seconds': 0.12718809999933, 'method': 'differential_evolution_v2', 'accepted_search': True, 'solver_message': 'Maximum number of iterations has been exceeded.'}]",42,"[{'update_slot': 78, 'hour': 13, 'info': 'both', 'lp_status': 'optimal', 'lp_message': '', 'fallback': False}]",1867.7519991681354,1362.7142008340056,0.1953357999882428,0.33266050000383984
"[{'theta': array([-1769.28584098]), 'n_active': 1, 'beta1_train': -4491.898985907479, 'beta0_train': -4512.340911798656, 'beta1_val': -4438.946869166666, 'beta0_val': -4501.066518724279, 'selected_score': -4512.340911798656, 'evaluations': 15, 'seconds': 0.022853200003737584, 'method': 'differential_evolution_v2', 'accepted_search': True, 'solver_message': 'Optimization terminated successfully.'}, {'theta': array([-4.05736308e+03,  1.60692030e+00]), 'n_active': 2, 'beta1_train': -2648.798800412222, 'beta0_train': -2884.1749321724565, 'beta1_val': -2726.319670510844, 'beta0_val': -2923.0981213591012, 'selected_score': -2884.1749321724565, 'evaluations': 45, 'seconds': 0.03350249999493826, 'method': 'differential_evolution_v2', 'accepted_search': True, 'solver_message': 'Optimization terminated successfully.'}, {'theta': array([-2.12772513e+03, -1.39599199e+00, -6.95468905e+03, -5.05725802e-01]), 'n_active': 4, 'beta1_train': -270.6335862424417, 'beta0_train': -672.1881291495542, 'beta1_val': -37.996551179238054, 'beta0_val': -457.24577568450025, 'selected_score': -672.1881291495542, 'evaluations': 185, 'seconds': 0.12675990001298487, 'method': 'differential_evolution_v2', 'accepted_search': True, 'solver_message': 'Maximum number of iterations has been exceeded.'}]",42,"[{'update_slot': 78, 'hour': 13, 'info': 'both', 'lp_status': 'optimal', 'lp_message': '', 'fallback': False}]",1362.7142008340056,1691.3709055576223,0.18311560001166072,0.3139429000002565
"[{'theta': array([-3175.60199621]), 'n_active': 1, 'beta1_train': -4375.238368904831, 'beta0_train': -4388.476605179163, 'beta1_val': -4389.6, 'beta0_val': -4389.6, 'selected_score': -4388.476605179163, 'evaluations': 20, 'seconds': 0.027208500003325753, 'method': 'differential_evolution_v2', 'accepted_search': True, 'solver_message': 'Optimization terminated successfully.'}, {'theta': array([-1.11100787e+03,  7.99473252e-03]), 'n_active': 2, 'beta1_train': -1658.2204350570873, 'beta0_train': -2057.2727285169212, 'beta1_val': -2449.434616937868, 'beta0_val': -2745.3726767028033, 'selected_score': -2057.2727285169212, 'evaluations': 45, 'seconds': 0.03394090000074357, 'method': 'differential_evolution_v2', 'accepted_search': True, 'solver_message': 'Optimization terminated successfully.'}, {'theta': array([-4.34736536e+03,  7.38121766e-03, -7.66806070e+03,  1.53518457e+00]), 'n_active': 4, 'beta1_train': -458.70459656155055, 'beta0_train': -722.7599067409583, 'beta1_val': -708.7132451768249, 'beta0_val': -708.7132451768249, 'selected_score': -722.7599067409583, 'evaluations': 185, 'seconds': 0.12890479998895898, 'method': 'differential_evolution_v2', 'accepted_search': True, 'solver_message': 'Maximum number of iterations has been exceeded.'}]",42,"[{'update_slot': 78, 'hour': 13, 'info': 'both', 'lp_status': 'optimal', 'lp_message': '', 'fallback': False}]",1691.3709055576223,2178.050078048259,0.1900541999930283,0.32169889999204315
"[{'theta': array([-1107.44203769]), 'n_active': 1, 'beta1_train': -2997.278435486096, 'beta0_train': -3027.4329790023085, 'beta1_val': -3028.8, 'beta0_val': -3028.8, 'selected_score': -3027.4329790023085, 'evaluations': 20, 'seconds': 0.027220100004342385, 'method': 'differential_evolution_v2', 'accepted_search': True, 'solver_message': 'Optimization terminated successfully.'}, {'theta': array([-5.20820426e+03, -7.72685508e-01]), 'n_active': 2, 'beta1_train': -1496.9534497649104, 'beta0_train': -1814.798460794599, 'beta1_val': -1764.2679640261183, 'beta0_val': -1986.9452993121447, 'selected_score': -1814.798460794599, 'evaluations': 55, 'seconds': 0.03774569999950472, 'method': 'differential_evolution_v2', 'accepted_search': True, 'solver_message': 'Optimization terminated successfully.'}, {'theta': array([-2.31695016e+02, -5.24898374e-01, -1.67058778e+03,  1.83288429e+00]), 'n_active': 4, 'beta1_train': -6.278872834127131, 'beta0_train': -463.9645352557127, 'beta1_val': -280.73213762004883, 'beta0_val': -596.2192581881794, 'selected_score': -464.2346076189316, 'evaluations': 185, 'seconds': 0.12862469999527093, 'method': 'differential_evolution_v2', 'accepted_search': True, 'solver_message': 'Maximum number of iterations has been exceeded.'}]",42,"[{'update_slot': 78, 'hour': 13, 'info': 'both', 'lp_status': 'optimal', 'lp_message': '', 'fallback': False}]",2178.050078048259,2017.4908647954137,0.19359049999911804,0.32774890000291634
"[{'theta': array([-8577.09346101]), 'n_active': 1, 'beta1_train': -2314.9588552711525, 'beta0_train': -2323.085493991623, 'beta1_val': -2348.3565218839817, 'beta0_val': -2348.3565218839817, 'selected_score': -2323.085493991623, 'evaluations': 20, 'seconds': 0.02720539999427274, 'method': 'differential_evolution_v2', 'accepted_search': True, 'solver_message': 'Optimization terminated successfully.'}, {'theta': array([-5.59030013e+03, -7.72057455e-01]), 'n_active': 2, 'beta1_train': -213.71263765944153, 'beta0_train': -2001.7046078623432, 'beta1_val': -700.3393855886852, 'beta0_val': -2291.067418963025, 'selected_score': -2001.7046078623432, 'evaluations': 45, 'seconds': 0.03324350000184495, 'method': 'differential_evolution_v2', 'accepted_search': True, 'solver_message': 'Optimization terminated successfully.'}, {'theta': array([-6.26447384e+03,  9.75895459e-03, -8.31462375e+03,  1.93540599e+00]), 'n_active': 4, 'beta1_train': -220.36389174681767, 'beta0_train': -442.68038133895686, 'beta1_val': -521.8930911125377, 'beta0_val': -547.1709314230413, 'selected_score': -442.68038133895686, 'evaluations': 185, 'seconds': 0.12535699999716599, 'method': 'differential_evolution_v2', 'accepted_search': True, 'solver_message': 'Maximum number of iterations has been exceeded.'}]",42,"[{'update_slot': 78, 'hour': 13, 'info': 'both', 'lp_status': 'optimal', 'lp_message': '', 'fallback': False}]",2017.4908647954137,1815.0467878145512,0.18580589999328367,0.32385890001023654
"[{'theta': array([-3389.14921807]), 'n_active': 1, 'beta1_train': -3969.2869455318646, 'beta0_train': -3985.0765088075877, 'beta1_val': -3972.2221141975306, 'beta0_val': -3972.2221141975306, 'selected_score': -3985.0765088075877, 'evaluations': 50, 'seconds': 0.05395729999872856, 'method': 'differential_evolution_v2', 'accepted_search': True, 'solver_message': 'Maximum number of iterations has been exceeded.'}, {'theta': array([-1.23238948e+03,  8.02115077e-01]), 'n_active': 2, 'beta1_train': -1218.2265465369285, 'beta0_train': -3056.7625401656414, 'beta1_val': -1460.9412107524095, 'beta0_val': -3270.853001859623, 'selected_score': -3056.7625401656414, 'evaluations': 45, 'seconds': 0.03419459999713581, 'method': 'differential_evolution_v2', 'accepted_search': True, 'solver_message': 'Optimization terminated successfully.'}, {'theta': array([-6.40127926e+02,  1.88921648e+00, -7.37602490e+03, -5.77206751e-01]), 'n_active': 4, 'beta1_train': -3263.122830483787, 'beta0_train': -3508.4383237287393, 'beta1_val': -2854.494795527517, 'beta0_val': -3150.369594646536, 'selected_score': -3508.4383237287393, 'evaluations': 145, 'seconds': 0.10322910000104457, 'method': 'differential_evolution_v2', 'accepted_search': True, 'solver_message': 'Optimization terminated successfully.'}]",42,"[{'update_slot': 78, 'hour': 13, 'info': 'both', 'lp_status': 'optimal', 'lp_message': '', 'fallback': False}]",1815.0467878145512,9202.073286541703,0.19138099999690894,0.32945550000295043
"[{'theta': array([-6703.26390551]), 'n_active': 1, 'beta1_train': -2844.3164508469185, 'beta0_train': -4290.398642277138, 'beta1_val': -2903.7247135968346, 'beta0_val': -4326.0, 'selected_score': -4290.398642277138, 'evaluations': 25, 'seconds': 0.03372099999978673, 'method': 'differential_evolution_v2', 'accepted_search': True, 'solver_message': 'Optimization terminated successfully.'}, {'theta': array([-3.25937160e+03,  1.10226315e+00]), 'n_active': 2, 'beta1_train': -1978.617735686688, 'beta0_train': -2664.0488740228134, 'beta1_val': -2688.8005938113033, 'beta0_val': -2709.6237969115405, 'selected_score': -2664.0488740228134, 'evaluations': 45, 'seconds': 0.03600269999878947, 'method': 'differential_evolution_v2', 'accepted_search': True, 'solver_message': 'Optimization terminated successfully.'}, {'theta': array([-5.51916394e+03,  1.04424977e-01, -1.27802935e+02,  1.26519962e+00]), 'n_active': 4, 'beta1_train': -1287.3069286818982, 'beta0_train': -1341.8038278464737, 'beta1_val': -1360.5611731746922, 'beta0_val': -1360.5611731746922, 'selected_score': -1341.9096349839897, 'evaluations': 185, 'seconds': 0.1350459000095725, 'method': 'differential_evolution_v2', 'accepted_search': True, 'solver_message': 'Maximum number of iterations has been exceeded.'}]",42,"[{'update_slot': 78, 'hour': 13, 'info': 'both', 'lp_status': 'optimal', 'lp_message': '', 'fallback': False}]",9202.073286541703,3373.647679444445,0.2047696000081487,0.34363000000303145
"[{'theta': array([-296.67803464]), 'n_active': 1, 'beta1_train': -4120.457515214297, 'beta0_train': -4141.306485536485, 'beta1_val': -4106.345173984917, 'beta0_val': -4142.4, 'selected_score': -4141.306485536485, 'evaluations': 20, 'seconds': 0.026934699999401346, 'method': 'differential_evolution_v2', 'accepted_search': True, 'solver_message': 'Optimization terminated successfully.'}, {'theta': array([-6.07643050e+03,  9.72722698e-02]), 'n_active': 2, 'beta1_train': -2459.9323817068507, 'beta0_train': -2495.958367191985, 'beta1_val': -2530.3115605453722, 'beta0_val': -2530.3115605453763, 'selected_score': -2495.958367191985, 'evaluations': 95, 'seconds': 0.05853409999690484, 'method': 'differential_evolution_v2', 'accepted_search': True, 'solver_message': 'Maximum number of iterations has been exceeded.'}, {'theta': array([-8.29956904e+02,  1.42907592e+00, -8.92646433e+03, -2.58517272e-01]), 'n_active': 4, 'beta1_train': -293.90991106370814, 'beta0_train': -595.3529708085537, 'beta1_val': -652.3409905449288, 'beta0_val': -652.3409905449288, 'selected_score': -595.3529708085537, 'evaluations': 105, 'seconds': 0.08125129999825731, 'method': 'differential_evolution_v2', 'accepted_search': True, 'solver_message': 'Optimization terminated successfully.'}]",42,"[{'update_slot': 78, 'hour': 13, 'info': 'both', 'lp_status': 'optimal', 'lp_message': '', 'fallback': False}]",3373.647679444445,1779.5687884945048,0.1667200999945635,0.29825330000312533
"[{'theta': array([-3619.98572432]), 'n_active': 1, 'beta1_train': -3567.294126252468, 'beta0_train': -3578.834893285155, 'beta1_val': -826.1938967740139, 'beta0_val': -3077.511338930436, 'selected_score': -3578.834893285155, 'evaluations': 15, 'seconds': 0.02341799999703653, 'method': 'differential_evolution_v2', 'accepted_search': True, 'solver_message': 'Optimization terminated successfully.'}, {'theta': array([0., 0.]), 'n_active': 2, 'beta1_train': -2334.0663756801564, 'beta0_train': -2372.6381668147283, 'beta1_val': 14441.871737842981, 'beta0_val': 16050.187597191461, 'selected_score': -2334.0663756801564, 'evaluations': 95, 'seconds': 0.059619000006932765, 'method': 'differential_evolution_v2', 'accepted_search': False, 'solver_message': 'Maximum number of iterations has been exceeded.'}, {'theta': array([-9.11699876e+03,  1.03917776e+00, -8.23112757e+03, -1.38262159e+00]), 'n_active': 4, 'beta1_train': -227.70010535592613, 'beta0_train': -526.1266678226818, 'beta1_val': -170.2302116993455, 'beta0_val': -593.008253207552, 'selected_score': -526.1266678226818, 'evaluations': 125, 'seconds': 0.09554579999530688, 'method': 'differential_evolution_v2', 'accepted_search': True, 'solver_message': 'Optimization terminated successfully.'}]",42,"[{'update_slot': 78, 'hour': 13, 'info': 'both', 'lp_status': 'optimal', 'lp_message': '', 'fallback': False}]",1779.5687884945048,1426.517565185185,0.17858279999927618,0.3116343000001507
"[{'theta': array([-6848.78236588]), 'n_active': 1, 'beta1_train': -4175.294131287976, 'beta0_train': -4204.292601036034, 'beta1_val': -2801.1731790420154, 'beta0_val': -3860.8565132903705, 'selected_score': -4204.292601036034, 'evaluations': 20, 'seconds': 0.026892299996688962, 'method': 'differential_evolution_v2', 'accepted_search': True, 'solver_message': 'Optimization terminated successfully.'}, {'theta': array([-272.26757191,    0.55947037]), 'n_active': 2, 'beta1_train': -2297.69500591181, 'beta0_train': -2306.6935656457717, 'beta1_val': 9809.534017972244, 'beta0_val': 9814.558720589856, 'selected_score': -2335.2481087047054, 'evaluations': 95, 'seconds': 0.059290799996233545, 'method': 'differential_evolution_v2', 'accepted_search': True, 'solver_message': 'Maximum number of iterations has been exceeded.'}, {'theta': array([-7.31442261e+03, -1.71182997e+00, -1.20722697e+03, -1.52173392e+00]), 'n_active': 4, 'beta1_train': -701.8027399746661, 'beta0_train': -743.2175404771606, 'beta1_val': -337.19922936720775, 'beta0_val': -578.6755749374857, 'selected_score': -743.2175404771606, 'evaluations': 145, 'seconds': 0.10342400000081398, 'method': 'differential_evolution_v2', 'accepted_search': True, 'solver_message': 'Optimization terminated successfully.'}]",42,"[{'update_slot': 78, 'hour': 13, 'info': 'both', 'lp_status': 'optimal', 'lp_message': '', 'fallback': False}]",1426.517565185185,1573.70996738839,0.18960709999373648,0.32696320000104606
"[{'theta': array([-3219.6677539]), 'n_active': 1, 'beta1_train': -2819.411578900383, 'beta0_train': -2880.8877940066286, 'beta1_val': -1862.6966958643025, 'beta0_val': -2714.0408608732514, 'selected_score': -2880.8877940066286, 'evaluations': 25, 'seconds': 0.030742500006454065, 'method': 'differential_evolution_v2', 'accepted_search': True, 'solver_message': 'Optimization terminated successfully.'}, {'theta': array([-47.76371326,   0.23816751]), 'n_active': 2, 'beta1_train': -1378.4871474446404, 'beta0_train': -1346.6105677279515, 'beta1_val': 1937.4550730719047, 'beta0_val': 2208.0169337418556, 'selected_score': -1379.4870067237, 'evaluations': 95, 'seconds': 0.058905700003379025, 'method': 'differential_evolution_v2', 'accepted_search': True, 'solver_message': 'Maximum number of iterations has been exceeded.'}, {'theta': array([-9.33101416e+03,  3.11139931e-01, -4.56735275e+03,  6.94076329e-01]), 'n_active': 4, 'beta1_train': -191.9012766009911, 'beta0_train': -431.2200618004516, 'beta1_val': -208.2851901439592, 'beta0_val': -412.88301548029784, 'selected_score': -431.2200618004516, 'evaluations': 85, 'seconds': 0.07055160000163596, 'method': 'differential_evolution_v2', 'accepted_search': True, 'solver_message': 'Optimization terminated successfully.'}]",42,"[{'update_slot': 78, 'hour': 13, 'info': 'both', 'lp_status': 'optimal', 'lp_message': '', 'fallback': False}]",1573.70996738839,1351.6615970893372,0.16019980001146905,0.2938492999965092
"[{'theta': array([-5285.73367725]), 'n_active': 1, 'beta1_train': -3077.43981595182, 'beta0_train': -3109.2218541289253, 'beta1_val': -2334.1624179722317, 'beta0_val': -2975.8843079170383, 'selected_score': -3109.2218541289253, 'evaluations': 20, 'seconds': 0.026893000002019107, 'method': 'differential_evolution_v2', 'accepted_search': True, 'solver_message': 'Optimization terminated successfully.'}, {'theta': array([-6.78464027e+03, -9.24695716e-02]), 'n_active': 2, 'beta1_train': -500.22958664196693, 'beta0_train': -2477.759883531544, 'beta1_val': 6242.643236581802, 'beta0_val': -356.56089084082464, 'selected_score': -2477.759883531544, 'evaluations': 45, 'seconds': 0.03379709999717306, 'method': 'differential_evolution_v2', 'accepted_search': True, 'solver_message': 'Optimization terminated successfully.'}, {'theta': array([-1.24310790e+03,  4.07714535e-01, -2.70013509e+03, -5.50608891e-01]), 'n_active': 4, 'beta1_train': -434.87924450480375, 'beta0_train': -571.901777130455, 'beta1_val': -71.506888280172, 'beta0_val': -297.8245843117046, 'selected_score': -571.901777130455, 'evaluations': 125, 'seconds': 0.09298049999051727, 'method': 'differential_evolution_v2', 'accepted_search': True, 'solver_message': 'Optimization terminated successfully.'}]",42,"[{'update_slot': 78, 'hour': 13, 'info': 'both', 'lp_status': 'optimal', 'lp_message': '', 'fallback': False}]",1351.6615970893372,1608.7205958554287,0.15367059998970944,0.29023109999252483
"[{'theta': array([-5886.15614685]), 'n_active': 1, 'beta1_train': -4334.263068317774, 'beta0_train': -4372.479101596408, 'beta1_val': -4322.6254138500035, 'beta0_val': -4381.2, 'selected_score': -4372.479101596408, 'evaluations': 25, 'seconds': 0.031644900009268895, 'method': 'differential_evolution_v2', 'accepted_search': True, 'solver_message': 'Optimization terminated successfully.'}, {'theta': array([-8.02339976e+03,  9.66684992e-01]), 'n_active': 2, 'beta1_train': -978.2143949419004, 'beta0_train': -2674.172894594244, 'beta1_val': 1770.88041290119, 'beta0_val': -2118.5344494938836, 'selected_score': -2674.172894594244, 'evaluations': 45, 'seconds': 0.03453200000512879, 'method': 'differential_evolution_v2', 'accepted_search': True, 'solver_message': 'Optimization terminated successfully.'}, {'theta': array([-9.54954549e+02,  9.67703663e-01, -9.50730560e+03,  1.76403714e+00]), 'n_active': 4, 'beta1_train': -4073.0211966047427, 'beta0_train': -4075.9678877199376, 'beta1_val': -4006.5610228803594, 'beta0_val': -4006.5610228803594, 'selected_score': -4075.9678877199376, 'evaluations': 185, 'seconds': 0.13405409999541007, 'method': 'differential_evolution_v2', 'accepted_search': True, 'solver_message': 'Maximum number of iterations has been exceeded.'}]",42,"[{'update_slot': 78, 'hour': 13, 'info': 'both', 'lp_status': 'optimal', 'lp_message': '', 'fallback': False}]",1608.7205958554287,9722.31432240741,0.20023100000980776,0.3387174999952549
"[{'theta': array([-2939.91747716]), 'n_active': 1, 'beta1_train': -4255.6350492480815, 'beta0_train': -4326.102564973512, 'beta1_val': -3702.7313383261644, 'beta0_val': -4307.039593822839, 'selected_score': -4326.102564973512, 'evaluations': 20, 'seconds': 0.0343781000119634, 'method': 'differential_evolution_v2', 'accepted_search': True, 'solver_message': 'Optimization terminated successfully.'}, {'theta': array([-4.39448651e+03,  1.91848063e+00]), 'n_active': 2, 'beta1_train': -2564.798301881545, 'beta0_train': -2858.2649905106077, 'beta1_val': -2380.5474023167885, 'beta0_val': -2380.5474023167885, 'selected_score': -2858.2649905106077, 'evaluations': 45, 'seconds': 0.035253399997600354, 'method': 'differential_evolution_v2', 'accepted_search': True, 'solver_message': 'Optimization terminated successfully.'}, {'theta': array([-2.18039055e+03, -2.58066054e-01, -9.59089049e+03, -1.82500246e-01]), 'n_active': 4, 'beta1_train': -769.9535437407915, 'beta0_train': -778.7861756116828, 'beta1_val': -532.9116835238638, 'beta0_val': -686.2307411359976, 'selected_score': -778.7861756116828, 'evaluations': 185, 'seconds': 0.14776600000914186, 'method': 'differential_evolution_v2', 'accepted_search': True, 'solver_message': 'Maximum number of iterations has been exceeded.'}]",42,"[{'update_slot': 78, 'hour': 13, 'info': 'both', 'lp_status': 'optimal', 'lp_message': '', 'fallback': False}]",9722.31432240741,1521.173332592593,0.21739750001870561,0.36109860001306515
"[{'theta': array([-9020.04127456]), 'n_active': 1, 'beta1_train': -4504.525412004554, 'beta0_train': -4533.013278587263, 'beta1_val': -4409.359628024335, 'beta0_val': -4520.439, 'selected_score': -4533.013278587263, 'evaluations': 20, 'seconds': 0.027690199989592656, 'method': 'differential_evolution_v2', 'accepted_search': True, 'solver_message': 'Optimization terminated successfully.'}, {'theta': array([-4.79151144e+03, -6.68564176e-02]), 'n_active': 2, 'beta1_train': -3013.148064762044, 'beta0_train': -3566.7533533198157, 'beta1_val': 1403.1784238677733, 'beta0_val': -2559.9807443349464, 'selected_score': -3566.7533533198157, 'evaluations': 55, 'seconds': 0.03986319999967236, 'method': 'differential_evolution_v2', 'accepted_search': True, 'solver_message': 'Optimization terminated successfully.'}, {'theta': array([-1.73570967e+03, -9.10744375e-01, -9.51367438e+03, -1.11238755e+00]), 'n_active': 4, 'beta1_train': -513.1125670776063, 'beta0_train': -1017.8491306155411, 'beta1_val': -283.7662881002826, 'beta0_val': -942.3665845017648, 'selected_score': -1017.8491306155411, 'evaluations': 125, 'seconds': 0.09524549999332521, 'method': 'differential_evolution_v2', 'accepted_search': True, 'solver_message': 'Optimization terminated successfully.'}]",42,"[{'update_slot': 78, 'hour': 13, 'info': 'both', 'lp_status': 'optimal', 'lp_message': '', 'fallback': False}]",1521.173332592593,2645.1261890576216,0.16279889998259023,0.2971553999959724
"[{'theta': array([-5416.27359902]), 'n_active': 1, 'beta1_train': -4391.989259137742, 'beta0_train': -4449.116285175405, 'beta1_val': -4455.6, 'beta0_val': -4455.6, 'selected_score': -4449.116285175405, 'evaluations': 20, 'seconds': 0.027017500004149042, 'method': 'differential_evolution_v2', 'accepted_search': True, 'solver_message': 'Optimization terminated successfully.'}, {'theta': array([-3.16471516e+03, -4.67016202e-01]), 'n_active': 2, 'beta1_train': -2341.4718681412623, 'beta0_train': -2565.550335191581, 'beta1_val': -3542.8649693292164, 'beta0_val': -3542.8649693292164, 'selected_score': -2565.550335191581, 'evaluations': 95, 'seconds': 0.059955400007311255, 'method': 'differential_evolution_v2', 'accepted_search': True, 'solver_message': 'Maximum number of iterations has been exceeded.'}, {'theta': array([-3.28456821e+03,  1.64721147e-01, -2.12117222e+03,  1.78341317e+00]), 'n_active': 4, 'beta1_train': -335.6626136979073, 'beta0_train': -707.6465226666088, 'beta1_val': -716.6293231809858, 'beta0_val': -825.8886380106909, 'selected_score': -707.6465226666088, 'evaluations': 185, 'seconds': 0.15504859999055043, 'method': 'differential_evolution_v2', 'accepted_search': True, 'solver_message': 'Maximum number of iterations has been exceeded.'}]",42,"[{'update_slot': 78, 'hour': 13, 'info': 'both', 'lp_status': 'optimal', 'lp_message': '', 'fallback': False}]",2645.1261890576216,1896.3766305812653,0.24202150000201073,0.3793427999917185
"[{'theta': array([-8794.59332995]), 'n_active': 1, 'beta1_train': -4563.800867066257, 'beta0_train': -4616.356260743579, 'beta1_val': -4623.599999999999, 'beta0_val': -4623.599999999999, 'selected_score': -4616.356260743579, 'evaluations': 25, 'seconds': 0.03887350000150036, 'method': 'differential_evolution_v2', 'accepted_search': True, 'solver_message': 'Optimization terminated successfully.'}, {'theta': array([-1.57047479e+03, -1.04410807e+00]), 'n_active': 2, 'beta1_train': -2190.2619469367696, 'beta0_train': -2593.9094852047165, 'beta1_val': -3290.2224576412896, 'beta0_val': -3290.2224576412896, 'selected_score': -2593.9094852047165, 'evaluations': 35, 'seconds': 0.033181300008436665, 'method': 'differential_evolution_v2', 'accepted_search': True, 'solver_message': 'Optimization terminated successfully.'}, {'theta': array([-4.62813033e+03, -5.97846931e-01, -3.42810598e+03,  1.16720320e+00]), 'n_active': 4, 'beta1_train': -405.75628929095086, 'beta0_train': -722.4570834000109, 'beta1_val': -546.6463998201265, 'beta0_val': -812.707876018315, 'selected_score': -722.4570834000109, 'evaluations': 185, 'seconds': 0.14423720000195317, 'method': 'differential_evolution_v2', 'accepted_search': True, 'solver_message': 'Maximum number of iterations has been exceeded.'}]",42,"[{'update_slot': 78, 'hour': 13, 'info': 'both', 'lp_status': 'optimal', 'lp_message': '', 'fallback': False}]",1896.3766305812653,1811.0574224074094,0.2162920000118902,0.3781547000107821
"[{'theta': array([-2307.32484379]), 'n_active': 1, 'beta1_train': -2742.874313272032, 'beta0_train': -2817.434804838985, 'beta1_val': -2824.7999999999997, 'beta0_val': -2824.7999999999997, 'selected_score': -2817.434804838985, 'evaluations': 15, 'seconds': 0.02479690000473056, 'method': 'differential_evolution_v2', 'accepted_search': True, 'solver_message': 'Optimization terminated successfully.'}, {'theta': array([-98.97025753,  -0.94833981]), 'n_active': 2, 'beta1_train': -859.9202245789809, 'beta0_train': -842.7907753782571, 'beta1_val': -1763.432706941399, 'beta0_val': -1763.432706941399, 'selected_score': -898.737541797059, 'evaluations': 95, 'seconds': 0.07074229999852832, 'method': 'differential_evolution_v2', 'accepted_search': True, 'solver_message': 'Maximum number of iterations has been exceeded.'}, {'theta': array([-7.31332290e+03,  1.00133947e+00, -8.38770891e+03, -1.25545827e+00]), 'n_active': 4, 'beta1_train': 9.715754849274695, 'beta0_train': -419.3260006021829, 'beta1_val': -205.67015058473555, 'beta0_val': -470.1246954750204, 'selected_score': -419.3260006021829, 'evaluations': 185, 'seconds': 0.13283630000660196, 'method': 'differential_evolution_v2', 'accepted_search': True, 'solver_message': 'Maximum number of iterations has been exceeded.'}]",42,"[{'update_slot': 78, 'hour': 13, 'info': 'both', 'lp_status': 'optimal', 'lp_message': '', 'fallback': False}]",1811.0574224074094,1955.3221748148146,0.22837550000986084,0.37916320000658743
"[{'theta': array([-2776.09110585]), 'n_active': 1, 'beta1_train': -3522.7505508176814, 'beta0_train': -3593.5864496622526, 'beta1_val': -3605.9999999999995, 'beta0_val': -3605.9999999999995, 'selected_score': -3593.5864496622526, 'evaluations': 20, 'seconds': 0.0269964000035543, 'method': 'differential_evolution_v2', 'accepted_search': True, 'solver_message': 'Optimization terminated successfully.'}, {'theta': array([-3.85167859e+03, -2.25131564e-01]), 'n_active': 2, 'beta1_train': -1573.6922602629336, 'beta0_train': -1936.9903103823563, 'beta1_val': -2985.281706818582, 'beta0_val': -2985.281706818582, 'selected_score': -1936.9903103823563, 'evaluations': 35, 'seconds': 0.02844540000660345, 'method': 'differential_evolution_v2', 'accepted_search': True, 'solver_message': 'Optimization terminated successfully.'}, {'theta': array([-6.55000055e+03, -4.91603300e-01, -1.12857438e+03, -3.05927071e-01]), 'n_active': 4, 'beta1_train': -1206.2061832176423, 'beta0_train': -1374.3165220931085, 'beta1_val': -1412.2580239391796, 'beta0_val': -1500.2186826493823, 'selected_score': -1374.3165220931085, 'evaluations': 185, 'seconds': 0.13015749999613035, 'method': 'differential_evolution_v2', 'accepted_search': True, 'solver_message': 'Maximum number of iterations has been exceeded.'}]",42,"[{'update_slot': 78, 'hour': 13, 'info': 'both', 'lp_status': 'optimal', 'lp_message': '', 'fallback': False}]",1955.3221748148146,4235.1982287037035,0.1855993000062881,0.33173570000508334
"[{'theta': array([-4370.83418973]), 'n_active': 1, 'beta1_train': -4588.089274019226, 'beta0_train': -4691.241777039152, 'beta1_val': -4711.2, 'beta0_val': -4711.2, 'selected_score': -4691.241777039152, 'evaluations': 20, 'seconds': 0.026635999995050952, 'method': 'differential_evolution_v2', 'accepted_search': True, 'solver_message': 'Optimization terminated successfully.'}, {'theta': array([-1.26510455e+03,  6.53189326e-02]), 'n_active': 2, 'beta1_train': -2803.2361967974066, 'beta0_train': -3434.1567853863553, 'beta1_val': -4219.952382569757, 'beta0_val': -4219.952382569757, 'selected_score': -3434.4208547579574, 'evaluations': 95, 'seconds': 0.057061900006374344, 'method': 'differential_evolution_v2', 'accepted_search': True, 'solver_message': 'Maximum number of iterations has been exceeded.'}, {'theta': array([-1.15874675e+03,  1.92782966e+00, -2.15995738e+02, -1.00364233e+00]), 'n_active': 4, 'beta1_train': -4335.892275061618, 'beta0_train': -4605.276846926898, 'beta1_val': -4642.6232504559675, 'beta0_val': -4642.6232504559675, 'selected_score': -4605.65754767056, 'evaluations': 185, 'seconds': 0.1220852999977069, 'method': 'differential_evolution_v2', 'accepted_search': True, 'solver_message': 'Maximum number of iterations has been exceeded.'}]",42,"[{'update_slot': 78, 'hour': 13, 'info': 'both', 'lp_status': 'optimal', 'lp_message': '', 'fallback': False}]",4235.1982287037035,10768.01714197731,0.2057831999991322,0.34277110001130495
"[{'theta': array([-7808.31225164]), 'n_active': 1, 'beta1_train': -3931.252900155223, 'beta0_train': -4107.807414336366, 'beta1_val': -4133.999999999999, 'beta0_val': -4133.999999999999, 'selected_score': -4107.807414336366, 'evaluations': 15, 'seconds': 0.022439799999119714, 'method': 'differential_evolution_v2', 'accepted_search': True, 'solver_message': 'Optimization terminated successfully.'}, {'theta': array([-359.14996481,    1.62249339]), 'n_active': 2, 'beta1_train': -1146.0258003777979, 'beta0_train': -1424.6886753814997, 'beta1_val': -2529.667128937189, 'beta0_val': -2529.667128937189, 'selected_score': -1522.2211726382134, 'evaluations': 95, 'seconds': 0.05971049999061506, 'method': 'differential_evolution_v2', 'accepted_search': True, 'solver_message': 'Maximum number of iterations has been exceeded.'}, {'theta': array([-6.52239677e+03, -1.78136228e+00, -5.38482914e+03,  1.06803219e+00]), 'n_active': 4, 'beta1_train': -697.7251716595838, 'beta0_train': -728.2513017352326, 'beta1_val': -841.8998121778809, 'beta0_val': -841.8998121778809, 'selected_score': -728.2513017352326, 'evaluations': 185, 'seconds': 0.13988140001310967, 'method': 'differential_evolution_v2', 'accepted_search': True, 'solver_message': 'Maximum number of iterations has been exceeded.'}]",42,"[{'update_slot': 78, 'hour': 13, 'info': 'both', 'lp_status': 'optimal', 'lp_message': '', 'fallback': False}]",10768.01714197731,2006.822573703706,0.22203170000284445,0.36132170000928454
"[{'theta': array([-6504.16781858]), 'n_active': 1, 'beta1_train': -3922.230641364665, 'beta0_train': -4073.6989676960497, 'beta1_val': -4101.6, 'beta0_val': -4101.6, 'selected_score': -4073.6989676960497, 'evaluations': 20, 'seconds': 0.029601100002764724, 'method': 'differential_evolution_v2', 'accepted_search': True, 'solver_message': 'Optimization terminated successfully.'}, {'theta': array([-76.9587744 ,   0.88410882]), 'n_active': 2, 'beta1_train': -1027.8758374721447, 'beta0_train': -891.3846566439445, 'beta1_val': -2276.984980618338, 'beta0_val': -2276.984980618338, 'selected_score': -1070.5913424554356, 'evaluations': 95, 'seconds': 0.0615269999980228, 'method': 'differential_evolution_v2', 'accepted_search': True, 'solver_message': 'Maximum number of iterations has been exceeded.'}, {'theta': array([-2.51251462e+03,  1.72073443e-01, -3.30029038e+03, -1.93269263e+00]), 'n_active': 4, 'beta1_train': -930.7406663530703, 'beta0_train': -960.772389290961, 'beta1_val': -997.1244061377945, 'beta0_val': -997.1244061377945, 'selected_score': -960.772389290961, 'evaluations': 185, 'seconds': 0.1347481999982847, 'method': 'differential_evolution_v2', 'accepted_search': True, 'solver_message': 'Maximum number of iterations has been exceeded.'}]",42,"[{'update_slot': 78, 'hour': 13, 'info': 'both', 'lp_status': 'optimal', 'lp_message': '', 'fallback': False}]",2006.822573703706,2465.8760302478017,0.22587629999907222,0.36841090000234544
"[{'theta': array([-3683.43200315]), 'n_active': 1, 'beta1_train': -4337.069565885678, 'beta0_train': -4513.72243523561, 'beta1_val': -4598.3874375000005, 'beta0_val': -4600.8, 'selected_score': -4513.72243523561, 'evaluations': 25, 'seconds': 0.03507769999851007, 'method': 'differential_evolution_v2', 'accepted_search': True, 'solver_message': 'Optimization terminated successfully.'}, {'theta': array([-49.57695209,   1.71493633]), 'n_active': 2, 'beta1_train': -1448.7384974693805, 'beta0_train': -1394.033496867932, 'beta1_val': -2914.153111435772, 'beta0_val': -2914.153111435772, 'selected_score': -1496.7321567808897, 'evaluations': 95, 'seconds': 0.06918289999885019, 'method': 'differential_evolution_v2', 'accepted_search': True, 'solver_message': 'Maximum number of iterations has been exceeded.'}, {'theta': array([-8.52554674e+03, -9.81597705e-01, -7.44733163e+03, -5.79454273e-01]), 'n_active': 4, 'beta1_train': -1314.2548190782088, 'beta0_train': -1654.2968514416534, 'beta1_val': -1562.9512894786621, 'beta0_val': -1721.933147496527, 'selected_score': -1654.2968514416534, 'evaluations': 125, 'seconds': 0.09575240001140628, 'method': 'differential_evolution_v2', 'accepted_search': True, 'solver_message': 'Optimization terminated successfully.'}]",42,"[{'update_slot': 78, 'hour': 13, 'info': 'both', 'lp_status': 'optimal', 'lp_message': '', 'fallback': False}]",2465.8760302478017,4038.492918748621,0.20001300000876654,0.33969680000154767
"[{'theta': array([-786.47174973]), 'n_active': 1, 'beta1_train': -4148.118846879016, 'beta0_train': -4371.2110877849245, 'beta1_val': -4414.8, 'beta0_val': -4414.8, 'selected_score': -4371.2110877849245, 'evaluations': 15, 'seconds': 0.022512399998959154, 'method': 'differential_evolution_v2', 'accepted_search': True, 'solver_message': 'Optimization terminated successfully.'}, {'theta': array([-101.68392871,   -1.95864941]), 'n_active': 2, 'beta1_train': -1207.0880712719045, 'beta0_train': -1144.5997553507023, 'beta1_val': -2891.702332776103, 'beta0_val': -2891.702332776103, 'selected_score': -1328.4237137162647, 'evaluations': 95, 'seconds': 0.06035149999661371, 'method': 'differential_evolution_v2', 'accepted_search': True, 'solver_message': 'Maximum number of iterations has been exceeded.'}, {'theta': array([-1.02577668e+03, -1.37272890e+00, -4.44243728e+03, -7.04296771e-01]), 'n_active': 4, 'beta1_train': -523.5558037072295, 'beta0_train': -961.1621830030936, 'beta1_val': -918.6015838102762, 'beta0_val': -1009.2591912034786, 'selected_score': -961.1621830030936, 'evaluations': 185, 'seconds': 0.12888220000604633, 'method': 'differential_evolution_v2', 'accepted_search': True, 'solver_message': 'Maximum number of iterations has been exceeded.'}]",42,"[{'update_slot': 78, 'hour': 13, 'info': 'both', 'lp_status': 'optimal', 'lp_message': '', 'fallback': False}]",4038.492918748621,2573.9364220370408,0.2117461000016192,0.3453305000002729
"[{'theta': array([-9003.47137905]), 'n_active': 1, 'beta1_train': -2885.4067684118377, 'beta0_train': -3142.18566014638, 'beta1_val': -3217.2, 'beta0_val': -3217.2, 'selected_score': -3142.18566014638, 'evaluations': 20, 'seconds': 0.030440999995335005, 'method': 'differential_evolution_v2', 'accepted_search': True, 'solver_message': 'Optimization terminated successfully.'}, {'theta': array([-669.86722096,    1.21837009]), 'n_active': 2, 'beta1_train': -363.95101581300503, 'beta0_train': -888.8728107450075, 'beta1_val': -2093.5476701796006, 'beta0_val': -2093.5476701796106, 'selected_score': -948.4326929316733, 'evaluations': 95, 'seconds': 0.06418359999952372, 'method': 'differential_evolution_v2', 'accepted_search': True, 'solver_message': 'Maximum number of iterations has been exceeded.'}, {'theta': array([-2.43291003e+02, -1.24074599e-01, -9.55198425e+02, -4.01699175e-01]), 'n_active': 4, 'beta1_train': 187.44359964920542, 'beta0_train': -454.65133037820914, 'beta1_val': 788.6736242546327, 'beta0_val': -569.2696564702534, 'selected_score': -456.17262809936074, 'evaluations': 185, 'seconds': 0.1458249999996042, 'method': 'differential_evolution_v2', 'accepted_search': True, 'solver_message': 'Maximum number of iterations has been exceeded.'}]",42,"[{'update_slot': 78, 'hour': 13, 'info': 'both', 'lp_status': 'optimal', 'lp_message': '', 'fallback': False}]",2573.9364220370408,1800.7631604000385,0.24044959999446291,0.37851860000228044
"[{'theta': array([-8653.672822]), 'n_active': 1, 'beta1_train': -3491.409542099944, 'beta0_train': -3713.8643841718767, 'beta1_val': -3759.6000000000004, 'beta0_val': -3759.6000000000004, 'selected_score': -3713.8643841718767, 'evaluations': 20, 'seconds': 0.029105399997206405, 'method': 'differential_evolution_v2', 'accepted_search': True, 'solver_message': 'Optimization terminated successfully.'}, {'theta': array([-3.22316960e+03,  6.69247561e-01]), 'n_active': 2, 'beta1_train': 410.1834581738549, 'beta0_train': -2258.1390733808753, 'beta1_val': -1207.1972306969053, 'beta0_val': -2966.4004712713936, 'selected_score': -2258.1390733808753, 'evaluations': 95, 'seconds': 0.06379639999067876, 'method': 'differential_evolution_v2', 'accepted_search': True, 'solver_message': 'Maximum number of iterations has been exceeded.'}, {'theta': array([-4.02967389e+03,  1.03849408e+00, -6.43970957e+03,  7.52123394e-01]), 'n_active': 4, 'beta1_train': -1008.2594844038148, 'beta0_train': -1373.4232945897938, 'beta1_val': -1332.3698912047375, 'beta0_val': -1445.0872317705707, 'selected_score': -1373.4232945897938, 'evaluations': 185, 'seconds': 0.13407860000734217, 'method': 'differential_evolution_v2', 'accepted_search': True, 'solver_message': 'Maximum number of iterations has been exceeded.'}]",42,"[{'update_slot': 78, 'hour': 13, 'info': 'both', 'lp_status': 'optimal', 'lp_message': '', 'fallback': False}]",1800.7631604000385,3956.8907451562122,0.22698039999522734,0.3636982000025455
"[{'theta': array([-2759.39309362]), 'n_active': 1, 'beta1_train': -4203.539450915157, 'beta0_train': -4458.208434994593, 'beta1_val': -4522.8, 'beta0_val': -4522.8, 'selected_score': -4458.208434994593, 'evaluations': 15, 'seconds': 0.03356290000374429, 'method': 'differential_evolution_v2', 'accepted_search': True, 'solver_message': 'Optimization terminated successfully.'}, {'theta': array([-7.82078011e+02, -7.21713668e-01]), 'n_active': 2, 'beta1_train': 605.3190496921927, 'beta0_train': -1309.7725313015087, 'beta1_val': -1119.838600196853, 'beta0_val': -3159.9799809355363, 'selected_score': -1383.5479094906757, 'evaluations': 95, 'seconds': 0.06106170000566635, 'method': 'differential_evolution_v2', 'accepted_search': True, 'solver_message': 'Maximum number of iterations has been exceeded.'}, {'theta': array([-6.10170711e+03, -7.19193915e-02, -8.77216959e+03,  5.74632766e-01]), 'n_active': 4, 'beta1_train': -3465.182952860012, 'beta0_train': -3872.93791100057, 'beta1_val': -3813.209537376112, 'beta0_val': -3858.0766894975764, 'selected_score': -3872.93791100057, 'evaluations': 125, 'seconds': 0.10254520000307821, 'method': 'differential_evolution_v2', 'accepted_search': True, 'solver_message': 'Optimization terminated successfully.'}]",42,"[{'update_slot': 78, 'hour': 13, 'info': 'both', 'lp_status': 'optimal', 'lp_message': '', 'fallback': False}]",3956.8907451562122,9285.430865925926,0.19716980001248885,0.34024539998790715
"[{'theta': array([-4722.81991266]), 'n_active': 1, 'beta1_train': -3703.4470464349215, 'beta0_train': -4137.369125701108, 'beta1_val': -4210.799999999999, 'beta0_val': -4210.799999999999, 'selected_score': -4137.369125701108, 'evaluations': 20, 'seconds': 0.02891819999786094, 'method': 'differential_evolution_v2', 'accepted_search': True, 'solver_message': 'Optimization terminated successfully.'}, {'theta': array([-132.5567667 ,   -1.20765212]), 'n_active': 2, 'beta1_train': -643.1741053067833, 'beta0_train': -584.2443135600812, 'beta1_val': -2537.743010765425, 'beta0_val': -2537.743010765425, 'selected_score': -780.7733844938725, 'evaluations': 95, 'seconds': 0.05905640000128187, 'method': 'differential_evolution_v2', 'accepted_search': True, 'solver_message': 'Maximum number of iterations has been exceeded.'}, {'theta': array([-2.84611668e+03, -5.34533804e-01,  0.00000000e+00, -7.08242358e-01]), 'n_active': 4, 'beta1_train': -732.1360443068513, 'beta0_train': -735.3779498117185, 'beta1_val': -728.4413353573665, 'beta0_val': -728.4413353573665, 'selected_score': -735.685544947107, 'evaluations': 185, 'seconds': 0.1297179000102915, 'method': 'differential_evolution_v2', 'accepted_search': True, 'solver_message': 'Maximum number of iterations has been exceeded.'}]",42,"[{'update_slot': 78, 'hour': 13, 'info': 'both', 'lp_status': 'optimal', 'lp_message': '', 'fallback': False}]",9285.430865925926,2026.966469037719,0.2176925000094343,0.3534597000107169
"[{'theta': array([-2656.12985818]), 'n_active': 1, 'beta1_train': -4075.8801055199506, 'beta0_train': -4384.577819850158, 'beta1_val': -4458.0, 'beta0_val': -4458.0, 'selected_score': -4384.577819850158, 'evaluations': 20, 'seconds': 0.028599299999768846, 'method': 'differential_evolution_v2', 'accepted_search': True, 'solver_message': 'Optimization terminated successfully.'}, {'theta': array([-257.15336892,   -1.06948499]), 'n_active': 2, 'beta1_train': -735.1925370391434, 'beta0_train': -780.5089477388709, 'beta1_val': -2388.228454905892, 'beta0_val': -2388.228454905892, 'selected_score': -1036.554202835065, 'evaluations': 95, 'seconds': 0.061412299997755326, 'method': 'differential_evolution_v2', 'accepted_search': True, 'solver_message': 'Maximum number of iterations has been exceeded.'}, {'theta': array([-3.06881841e+03, -1.33303656e+00, -1.28451857e+02, -1.86791037e+00]), 'n_active': 4, 'beta1_train': -370.41395190723193, 'beta0_train': -687.3123564009815, 'beta1_val': -611.1826797162777, 'beta0_val': -812.0892522531304, 'selected_score': -687.3931560632287, 'evaluations': 185, 'seconds': 0.12851650000084192, 'method': 'differential_evolution_v2', 'accepted_search': True, 'solver_message': 'Maximum number of iterations has been exceeded.'}]",42,"[{'update_slot': 78, 'hour': 13, 'info': 'both', 'lp_status': 'optimal', 'lp_message': '', 'fallback': False}]",2026.966469037719,1588.2196749999996,0.2185280999983661,0.356886299996404
"[{'theta': array([-5317.40849126]), 'n_active': 1, 'beta1_train': -3834.7831169680812, 'beta0_train': -4138.962291548181, 'beta1_val': -4208.4, 'beta0_val': -4208.4, 'selected_score': -4138.962291548181, 'evaluations': 30, 'seconds': 0.035780200007138774, 'method': 'differential_evolution_v2', 'accepted_search': True, 'solver_message': 'Optimization terminated successfully.'}, {'theta': array([-81.44763601,   0.58848088]), 'n_active': 2, 'beta1_train': -534.9291085333327, 'beta0_train': -397.06393155716125, 'beta1_val': -2570.588862840883, 'beta0_val': -2570.588862840883, 'selected_score': -695.2860337404541, 'evaluations': 95, 'seconds': 0.062401700008194894, 'method': 'differential_evolution_v2', 'accepted_search': True, 'solver_message': 'Maximum number of iterations has been exceeded.'}, {'theta': array([-5.17739309e+03, -6.46397930e-01, -4.45547279e+03,  4.60483886e-01]), 'n_active': 4, 'beta1_train': -307.54018503323874, 'beta0_train': -663.4820253615449, 'beta1_val': -505.6719596795273, 'beta0_val': -634.8379559915063, 'selected_score': -663.4820253615449, 'evaluations': 185, 'seconds': 0.1327402000024449, 'method': 'differential_evolution_v2', 'accepted_search': True, 'solver_message': 'Maximum number of iterations has been exceeded.'}]",42,"[{'update_slot': 78, 'hour': 13, 'info': 'both', 'lp_status': 'optimal', 'lp_message': '', 'fallback': False}]",1588.2196749999996,1939.8163504338224,0.23092210001777858,0.36307819999638014
"[{'theta': array([-5297.47370072]), 'n_active': 1, 'beta1_train': -4132.642927288355, 'beta0_train': -4450.435146156205, 'beta1_val': -4527.6, 'beta0_val': -4527.6, 'selected_score': -4450.435146156205, 'evaluations': 20, 'seconds': 0.026784900008351542, 'method': 'differential_evolution_v2', 'accepted_search': True, 'solver_message': 'Optimization terminated successfully.'}, {'theta': array([-9.45711730e+01,  6.44796457e-02]), 'n_active': 2, 'beta1_train': -387.6237140714392, 'beta0_train': -165.21915422736942, 'beta1_val': -2699.1067984505657, 'beta0_val': -2699.1067984505657, 'selected_score': -570.4460828747715, 'evaluations': 95, 'seconds': 0.060637500006123446, 'method': 'differential_evolution_v2', 'accepted_search': True, 'solver_message': 'Maximum number of iterations has been exceeded.'}, {'theta': array([-3.83715357e+03, -8.20790880e-02, -6.19362751e+03, -4.45966989e-01]), 'n_active': 4, 'beta1_train': -254.63423411109895, 'beta0_train': -704.5725583043088, 'beta1_val': -788.5479312400521, 'beta0_val': -788.5479312400521, 'selected_score': -704.5725583043088, 'evaluations': 185, 'seconds': 0.1312395999993896, 'method': 'differential_evolution_v2', 'accepted_search': True, 'solver_message': 'Maximum number of iterations has been exceeded.'}]",42,"[{'update_slot': 78, 'hour': 13, 'info': 'both', 'lp_status': 'optimal', 'lp_message': '', 'fallback': False}]",1939.8163504338224,1717.1830280248798,0.2186620000138646,0.3529102000029525
"[{'theta': array([-9366.61108228]), 'n_active': 1, 'beta1_train': -2705.486142651443, 'beta0_train': -3086.2622523738282, 'beta1_val': -3145.2, 'beta0_val': -3145.2, 'selected_score': -3086.2622523738282, 'evaluations': 20, 'seconds': 0.02731199999107048, 'method': 'differential_evolution_v2', 'accepted_search': True, 'solver_message': 'Optimization terminated successfully.'}, {'theta': array([-527.03481849,    1.36080056]), 'n_active': 2, 'beta1_train': 601.062866556173, 'beta0_train': 250.3325282764381, 'beta1_val': -2108.9230744742554, 'beta0_val': -2131.533466944626, 'selected_score': -73.5821393165201, 'evaluations': 95, 'seconds': 0.07107679999899119, 'method': 'differential_evolution_v2', 'accepted_search': True, 'solver_message': 'Maximum number of iterations has been exceeded.'}, {'theta': array([-5.87606049e+03,  1.74408994e+00, -7.89555854e+03,  3.42524130e-01]), 'n_active': 4, 'beta1_train': -516.6708385094457, 'beta0_train': -538.1132536747757, 'beta1_val': -535.4356351717287, 'beta0_val': -535.4356351717287, 'selected_score': -538.1132536747757, 'evaluations': 165, 'seconds': 0.12585280000348575, 'method': 'differential_evolution_v2', 'accepted_search': True, 'solver_message': 'Optimization terminated successfully.'}]",42,"[{'update_slot': 78, 'hour': 13, 'info': 'both', 'lp_status': 'optimal', 'lp_message': '', 'fallback': False}]",1717.1830280248798,1908.9891861111123,0.22424159999354742,0.35986250000132713
"[{'theta': array([-5258.74170428]), 'n_active': 1, 'beta1_train': -2714.809803145707, 'beta0_train': -3099.9202917175826, 'beta1_val': -3095.707098625, 'beta0_val': -3158.4, 'selected_score': -3099.9202917175826, 'evaluations': 20, 'seconds': 0.028509600000688806, 'method': 'differential_evolution_v2', 'accepted_search': True, 'solver_message': 'Optimization terminated successfully.'}, {'theta': array([-705.24205852,    1.10020153]), 'n_active': 2, 'beta1_train': 1469.9213837423906, 'beta0_train': -423.7560838678345, 'beta1_val': 942.0920425008376, 'beta0_val': -1926.977474767479, 'selected_score': -526.4544508893005, 'evaluations': 95, 'seconds': 0.061868299992056563, 'method': 'differential_evolution_v2', 'accepted_search': True, 'solver_message': 'Maximum number of iterations has been exceeded.'}, {'theta': array([-4.27580649e+03,  4.75114724e-01, -5.04862727e+03,  2.41542697e-02]), 'n_active': 4, 'beta1_train': -527.7434050526432, 'beta0_train': -705.4675170861187, 'beta1_val': -610.3125136202289, 'beta0_val': -682.6077337408155, 'selected_score': -705.4675170861187, 'evaluations': 185, 'seconds': 0.14359750000585336, 'method': 'differential_evolution_v2', 'accepted_search': True, 'solver_message': 'Maximum number of iterations has been exceeded.'}]",42,"[{'update_slot': 78, 'hour': 13, 'info': 'both', 'lp_status': 'optimal', 'lp_message': '', 'fallback': False}]",1908.9891861111123,2959.4316456579636,0.23397539999859873,0.37512680000509135
"[{'theta': array([-6317.65876529]), 'n_active': 1, 'beta1_train': -4019.521946181527, 'beta0_train': -4556.1170176377445, 'beta1_val': -4684.798238016667, 'beta0_val': -4686.0, 'selected_score': -4556.1170176377445, 'evaluations': 20, 'seconds': 0.027635200007352978, 'method': 'differential_evolution_v2', 'accepted_search': True, 'solver_message': 'Optimization terminated successfully.'}, {'theta': array([-909.62103246,    0.9719829 ]), 'n_active': 2, 'beta1_train': 535.5562186245105, 'beta0_train': -1518.9138549596194, 'beta1_val': -1208.1971479610038, 'beta0_val': -2995.338878274173, 'selected_score': -1591.078761890006, 'evaluations': 95, 'seconds': 0.064568199988571, 'method': 'differential_evolution_v2', 'accepted_search': True, 'solver_message': 'Maximum number of iterations has been exceeded.'}, {'theta': array([-2.30567657e+03, -1.46964506e+00, -3.50631768e+03, -1.90112183e+00]), 'n_active': 4, 'beta1_train': -4194.284450525001, 'beta0_train': -4621.224007872726, 'beta1_val': -3469.9072301693113, 'beta0_val': -4686.0, 'selected_score': -4621.224007872726, 'evaluations': 185, 'seconds': 0.13202580000506714, 'method': 'differential_evolution_v2', 'accepted_search': True, 'solver_message': 'Maximum number of iterations has been exceeded.'}]",42,"[{'update_slot': 78, 'hour': 13, 'info': 'both', 'lp_status': 'optimal', 'lp_message': '', 'fallback': False}]",2959.4316456579636,10800.0,0.2242292000009911,0.37811299999884795
"[{'theta': array([-3748.10992176]), 'n_active': 1, 'beta1_train': -3815.1878676584656, 'beta0_train': -4356.950637156902, 'beta1_val': -4345.740827975001, 'beta0_val': -4450.8, 'selected_score': -4356.950637156902, 'evaluations': 20, 'seconds': 0.02802739999606274, 'method': 'differential_evolution_v2', 'accepted_search': True, 'solver_message': 'Optimization terminated successfully.'}, {'theta': array([-72.30863329,  -0.35026636]), 'n_active': 2, 'beta1_train': -230.22733860648233, 'beta0_train': 91.50013849138472, 'beta1_val': -2422.42027966614, 'beta0_val': -2481.2957496108284, 'selected_score': -326.3737859829959, 'evaluations': 95, 'seconds': 0.05978459998732433, 'method': 'differential_evolution_v2', 'accepted_search': True, 'solver_message': 'Maximum number of iterations has been exceeded.'}, {'theta': array([-1.37839770e+03, -1.71779948e+00, -7.00148000e+02, -9.15176130e-02]), 'n_active': 4, 'beta1_train': -365.6886465558156, 'beta0_train': -674.4250739152312, 'beta1_val': -728.5892915021927, 'beta0_val': -838.965223930882, 'selected_score': -674.4250739152312, 'evaluations': 185, 'seconds': 0.1333471000107238, 'method': 'differential_evolution_v2', 'accepted_search': True, 'solver_message': 'Maximum number of iterations has been exceeded.'}]",42,"[{'update_slot': 78, 'hour': 13, 'info': 'both', 'lp_status': 'optimal', 'lp_message': '', 'fallback': False}]",10800.0,1955.651228826617,0.22115909999411087,0.36181390000274405
"[{'theta': array([-3686.19165247]), 'n_active': 1, 'beta1_train': -4128.3955536748845, 'beta0_train': -4522.5222917635, 'beta1_val': -4617.599999999999, 'beta0_val': -4617.599999999999, 'selected_score': -4522.5222917635, 'evaluations': 20, 'seconds': 0.03109750000294298, 'method': 'differential_evolution_v2', 'accepted_search': True, 'solver_message': 'Optimization terminated successfully.'}, {'theta': array([-574.91065277,    0.77222676]), 'n_active': 2, 'beta1_train': -226.37098297777027, 'beta0_train': -599.0751878535016, 'beta1_val': -2945.9195457075484, 'beta0_val': -2962.8075131719675, 'selected_score': -900.3380136936755, 'evaluations': 95, 'seconds': 0.06558000000950415, 'method': 'differential_evolution_v2', 'accepted_search': True, 'solver_message': 'Maximum number of iterations has been exceeded.'}, {'theta': array([-8.78194660e+03, -1.72795080e+00, -5.37401311e+03,  1.95400181e+00]), 'n_active': 4, 'beta1_train': -830.2161225823046, 'beta0_train': -1040.279929019114, 'beta1_val': -1238.9823253856223, 'beta0_val': -1238.9823253856223, 'selected_score': -1040.279929019114, 'evaluations': 85, 'seconds': 0.0770494000025792, 'method': 'differential_evolution_v2', 'accepted_search': True, 'solver_message': 'Optimization terminated successfully.'}]",42,"[{'update_slot': 78, 'hour': 13, 'info': 'both', 'lp_status': 'optimal', 'lp_message': '', 'fallback': False}]",1955.651228826617,2640.3010565987393,0.17372690001502633,0.3134613000001991
"[{'theta': array([-3671.73256087]), 'n_active': 1, 'beta1_train': -3747.9422670238655, 'beta0_train': -4213.962230190641, 'beta1_val': -4309.2, 'beta0_val': -4309.2, 'selected_score': -4213.962230190641, 'evaluations': 20, 'seconds': 0.029654300000402145, 'method': 'differential_evolution_v2', 'accepted_search': True, 'solver_message': 'Optimization terminated successfully.'}, {'theta': array([-302.1265932 ,   -0.37692161]), 'n_active': 2, 'beta1_train': 119.46298561400022, 'beta0_train': 129.8390989868417, 'beta1_val': -2652.977723425944, 'beta0_val': -2652.977723425944, 'selected_score': -304.3116482146734, 'evaluations': 95, 'seconds': 0.06517680000979453, 'method': 'differential_evolution_v2', 'accepted_search': True, 'solver_message': 'Maximum number of iterations has been exceeded.'}, {'theta': array([-7.68736588e+03,  1.02794712e+00, -2.43136299e+03,  2.47470469e-01]), 'n_active': 4, 'beta1_train': -276.4675355785294, 'beta0_train': -653.3297682111994, 'beta1_val': -515.7857255474885, 'beta0_val': -704.3499069277212, 'selected_score': -653.3297682111994, 'evaluations': 185, 'seconds': 0.13423510000575334, 'method': 'differential_evolution_v2', 'accepted_search': True, 'solver_message': 'Maximum number of iterations has been exceeded.'}]",42,"[{'update_slot': 78, 'hour': 13, 'info': 'both', 'lp_status': 'optimal', 'lp_message': '', 'fallback': False}]",2640.3010565987393,1870.1626092592626,0.22906620001595002,0.37473720000707544
"[{'theta': array([-6804.66274387]), 'n_active': 1, 'beta1_train': -3841.6054654367945, 'beta0_train': -4230.096789554073, 'beta1_val': -4321.2, 'beta0_val': -4321.2, 'selected_score': -4230.096789554073, 'evaluations': 25, 'seconds': 0.03421189999789931, 'method': 'differential_evolution_v2', 'accepted_search': True, 'solver_message': 'Optimization terminated successfully.'}, {'theta': array([-366.80156638,   -1.06041351]), 'n_active': 2, 'beta1_train': -318.6512543020039, 'beta0_train': -437.4580770787277, 'beta1_val': -2310.079521579165, 'beta0_val': -2339.27952879806, 'selected_score': -796.7354277201819, 'evaluations': 95, 'seconds': 0.061804600001778454, 'method': 'differential_evolution_v2', 'accepted_search': True, 'solver_message': 'Maximum number of iterations has been exceeded.'}, {'theta': array([-3.03108985e+03, -2.90925804e-01, -5.04518436e+03, -1.31221934e+00]), 'n_active': 4, 'beta1_train': -983.7199896523098, 'beta0_train': -1008.7327047632052, 'beta1_val': -1087.0219532092183, 'beta0_val': -1087.0219532092183, 'selected_score': -1008.7327047632052, 'evaluations': 185, 'seconds': 0.1339261999964947, 'method': 'differential_evolution_v2', 'accepted_search': True, 'solver_message': 'Maximum number of iterations has been exceeded.'}]",42,"[{'update_slot': 78, 'hour': 13, 'info': 'both', 'lp_status': 'optimal', 'lp_message': '', 'fallback': False}]",1870.1626092592626,2348.371415185186,0.22994269999617245,0.3747038000001339
