date,strategy,initial_soc_kwh,final_soc_kwh,residual_count,q0_cost_face,settlement_cost,retained_cost,down_cost,up_cost,emergency_cost,total_cost,down_kwh,up_kwh,calibration_count,calibration_seconds,day_seconds,cal_0_update_slot,cal_0_method,cal_0_accepted_search,cal_0_evaluations,cal_0_selected_score,cal_0_nit,cal_0_success,cal_0_termination,cal_1_update_slot,cal_1_method,cal_1_accepted_search,cal_1_evaluations,cal_1_selected_score,cal_1_nit,cal_1_success,cal_1_termination,cal_2_update_slot,cal_2_method,cal_2_accepted_search,cal_2_evaluations,cal_2_selected_score,cal_2_nit,cal_2_success,cal_2_termination
2025-02-01,M612,2148.5983254415123,2508.7701481663366,21,25122.92052040696,24084.375382786915,23045.83024516687,1038.545137620043,0.0,0.0,24084.375382786915,3650.6452187645104,0.0,3,1.1690751999994973,1.3620545000012498,0,differential_evolution_staged_direct_search,True,17,-4211.022529289439,2,True,population_collapse_convergence,36,differential_evolution_staged_direct_search,True,92,-3373.549548019606,8,False,maxiter_budget,72,differential_evolution_staged_direct_search,True,142,-766.3509496042482,6,True,population_collapse_convergence
2025-02-02,M612,2508.7701481663366,2492.2249205555586,21,58996.4673554359,57132.994860368504,55195.210637888464,1900.6283587737166,37.155863706313625,0.0,57132.994860368504,5602.214981182149,23.79667993647172,3,0.09989119999227114,0.40914600000542123,0,differential_evolution_staged_direct_search,True,12,-4454.21153591025,1,True,population_collapse_convergence,36,differential_evolution_staged_direct_search,True,32,-2614.708605300896,2,True,population_collapse_convergence,72,differential_evolution_staged_direct_search,True,122,-737.3967239432602,5,True,population_collapse_convergence
2025-02-03,M612,2492.2249205555586,2410.216370079106,21,60197.56590312689,57980.499342419265,55763.43278171163,2217.0665607076317,0.0,0.0,57980.499342419265,6239.858263666658,0.0,3,0.23954609999782406,0.6827341000025626,0,differential_evolution_staged_direct_search,True,17,-4454.21153591025,2,True,population_collapse_convergence,36,differential_evolution_staged_direct_search,True,42,-2901.8243854323587,3,True,population_collapse_convergence,72,differential_evolution_staged_direct_search,True,182,-713.732448571899,8,False,maxiter_budget
2025-02-04,M612,2410.216370079106,2281.7420003703705,21,62703.05659292497,60364.05946289772,58025.06233287044,2338.9971300272664,0.0,0.0,60364.05946289772,6457.044015907639,0.0,3,0.08677829998487141,0.2857866999984253,0,differential_evolution_staged_direct_search,True,12,-4454.086776265291,1,True,population_collapse_convergence,36,differential_evolution_staged_direct_search,True,92,-2421.2016757037336,8,False,maxiter_budget,72,differential_evolution_staged_direct_search,True,182,-698.1375056364333,8,False,maxiter_budget
2025-02-05,M612,2281.7420003703705,2066.2309677777807,21,58192.62276289136,57326.84156297795,55942.74080434283,1124.9409792742672,259.1597793608505,0.0,57326.84156297795,3028.6544429261535,201.78048915067126,3,0.08074810000834987,0.25983509999059606,0,differential_evolution_staged_direct_search,True,17,-4453.80261841074,2,True,population_collapse_convergence,36,differential_evolution_staged_direct_search,True,92,-2374.66159835681,8,False,maxiter_budget,72,differential_evolution_staged_direct_search,True,182,-700.2342982427687,8,False,maxiter_budget
2025-02-06,M612,2066.2309677777807,2102.877365185186,21,62584.61653113866,59472.397468824456,56360.178406510255,3112.219062314205,0.0,29.57191160458339,59501.96938042904,8910.600435113258,0.0,3,0.06768520000332501,0.2531596000044374,0,differential_evolution_staged_direct_search,True,17,-4453.80261841074,2,True,population_collapse_convergence,36,differential_evolution_staged_direct_search,True,92,-2818.8675262642478,8,False,maxiter_budget,72,differential_evolution_staged_direct_search,True,142,-708.112584166973,6,True,population_collapse_convergence
2025-02-07,M612,2102.877365185186,1751.8295070802776,21,24763.220359125222,23446.636625155614,22130.052891186006,1316.5837339696086,0.0,0.0,23446.636625155614,4856.263862341102,0.0,3,0.07996610000554938,0.2621188000048278,0,differential_evolution_staged_direct_search,True,17,-4453.80261841074,2,True,population_collapse_convergence,36,differential_evolution_staged_direct_search,True,92,-2648.3093869694226,8,False,maxiter_budget,72,differential_evolution_staged_direct_search,True,182,-751.1829990907581,8,False,maxiter_budget
2025-02-08,M612,1751.8295070802776,1649.1427701851856,21,19428.005811346597,19684.444639371963,19428.005809190465,1.0780653330755285e-06,256.4388291034313,303.03290620352715,19987.47754557549,2.1863016286260972e-06,233.67775459875912,3,0.0426216000050772,0.3235298999934457,0,differential_evolution_staged_direct_search,True,12,-3506.9780106979297,1,True,population_collapse_convergence,36,differential_evolution_staged_direct_search,True,42,-3410.60683607982,3,True,population_collapse_convergence,72,differential_evolution_staged_direct_search,True,102,-793.2050663243206,4,True,population_collapse_convergence
2025-02-09,M612,1649.1427701851856,1424.2122920370389,21,56857.035336288434,55676.3714607342,54495.70758517997,1180.663875554233,0.0,0.0,55676.3714607342,3307.2105081852364,0.0,3,0.06970740000542719,0.2969481999898562,0,differential_evolution_staged_direct_search,True,12,-4453.483613600071,1,True,population_collapse_convergence,36,differential_evolution_staged_direct_search,True,42,-3052.19554848336,3,True,population_collapse_convergence,72,differential_evolution_staged_direct_search,True,122,-647.2302412346944,5,True,population_collapse_convergence
2025-02-10,M612,1424.2122920370389,1436.316399580562,21,54253.047582979256,52453.9711026396,50654.89462229995,1799.076480339651,0.0,0.0,52453.9711026396,4916.105427780152,0.0,3,0.07597779999196064,0.259241200008546,0,differential_evolution_staged_direct_search,True,22,-4453.253474467541,3,True,population_collapse_convergence,36,differential_evolution_staged_direct_search,True,52,-2576.7188499418817,4,True,population_collapse_convergence,72,differential_evolution_staged_direct_search,True,182,-669.8841477303665,8,False,maxiter_budget
2025-02-11,M612,1436.316399580562,1520.2362664814812,21,54144.990533129545,52094.253312791945,50043.51609245434,2050.737220337603,0.0,693.8943712214817,52788.14768401343,5281.497227634995,0.0,3,0.07157100000767969,0.2624913000036031,0,differential_evolution_staged_direct_search,True,17,-4453.417446728599,2,True,population_collapse_convergence,36,differential_evolution_staged_direct_search,True,52,-2928.154543052272,4,True,population_collapse_convergence,72,differential_evolution_staged_direct_search,True,182,-711.9990901386072,8,False,maxiter_budget
2025-02-12,M612,1520.2362664814812,1445.1392755555567,21,54446.26507903356,52384.74143930347,50323.217799573395,2061.5236397300846,0.0,43.074395757536664,52427.81583506101,5537.2889310882665,0.0,3,0.0886849000089569,0.2768463999964297,0,differential_evolution_staged_direct_search,True,22,-4452.143111505684,3,True,population_collapse_convergence,36,differential_evolution_staged_direct_search,True,92,-2934.208540824819,8,False,maxiter_budget,72,differential_evolution_staged_direct_search,True,182,-642.3484065512815,8,False,maxiter_budget
2025-02-13,M612,1445.1392755555567,1659.9019477777783,21,50502.31888144879,49350.837166595025,48075.23502604927,1213.541927699759,62.060212845991714,204.35109454130685,49555.18826113633,3393.261297927712,53.969836287199996,3,0.062424299991107546,0.24538180000672583,0,differential_evolution_staged_direct_search,True,12,-4451.356494996654,1,True,population_collapse_convergence,36,differential_evolution_staged_direct_search,True,32,-2727.4323882542344,2,True,population_collapse_convergence,72,differential_evolution_staged_direct_search,True,182,-689.3123058701083,8,False,maxiter_budget
2025-02-14,M612,1659.9019477777783,1710.8654572123535,21,19413.684048331575,19695.16438018591,19306.50930333671,53.58737249743441,335.06770435176475,0.0,19695.16438018591,260.57559900714494,285.986021021168,3,0.0790452999790432,0.25919369999610353,0,differential_evolution_staged_direct_search,True,47,-3446.5011941465386,8,False,maxiter_budget,36,differential_evolution_staged_direct_search,True,42,-3247.1319497257064,3,True,population_collapse_convergence,72,differential_evolution_staged_direct_search,True,182,-788.3886523382957,8,False,maxiter_budget
2025-02-15,M612,1710.8654572123535,1252.4573435185184,21,19964.324266697273,19605.95598986984,19247.587713042405,358.3682768274339,0.0,397.61302599577624,20003.569015865614,1079.7231987396283,0.0,3,0.052697699997224845,0.24758939999446739,0,differential_evolution_staged_direct_search,True,12,-3325.5991195759425,1,True,population_collapse_convergence,36,differential_evolution_staged_direct_search,True,42,-3519.736968704383,3,True,population_collapse_convergence,72,differential_evolution_staged_direct_search,True,122,-724.2032578340388,5,True,population_collapse_convergence
2025-02-16,M612,1252.4573435185184,1419.4954316666672,21,54690.094225309644,52252.89499550512,49815.6957657006,2437.199229804527,0.0,275.7000533797509,52528.595048884876,6538.5465237810495,0.0,3,0.07290970000030939,0.24867289999383502,0,differential_evolution_staged_direct_search,True,17,-4452.05663222496,2,True,population_collapse_convergence,36,differential_evolution_staged_direct_search,True,32,-2711.4390659508636,2,True,population_collapse_convergence,72,differential_evolution_staged_direct_search,True,182,-626.1467301285127,8,False,maxiter_budget
2025-02-17,M612,1419.4954316666672,1503.9346153703705,21,53864.35403135228,50479.92085667245,47095.487681992614,3384.433174679837,0.0,745.1581781570316,51225.07903482948,10089.44325258413,0.0,3,0.09520560000964906,0.2714704999962123,0,differential_evolution_staged_direct_search,True,17,-4453.702722987062,2,True,population_collapse_convergence,36,differential_evolution_staged_direct_search,True,92,-2816.3704920443865,8,False,maxiter_budget,72,differential_evolution_staged_direct_search,True,182,-670.6449177761165,8,False,maxiter_budget
2025-02-18,M612,1503.9346153703705,1607.0506202276808,21,48134.331450478,48192.08683234142,47605.43053139774,264.4504595401296,322.2058414035487,7.567044988885594,48199.653877330304,672.0234138225402,429.28464071302596,3,0.08579680000548251,0.2734187000023667,0,differential_evolution_staged_direct_search,True,17,-4453.606984420772,2,True,population_collapse_convergence,36,differential_evolution_staged_direct_search,True,52,-2477.24374067532,4,True,population_collapse_convergence,72,differential_evolution_staged_direct_search,True,182,-609.4201589952895,8,False,maxiter_budget
2025-02-19,M612,1607.0506202276808,1221.8737626157017,21,48348.033607753234,48581.03094199396,48076.69790044719,135.66785365302223,368.6651878937482,241.2810754166669,48822.31201741062,380.09509008974237,535.6948280495611,3,0.09092769998824224,0.2726312000013422,0,differential_evolution_staged_direct_search,True,17,-4455.155284029003,2,True,population_collapse_convergence,36,differential_evolution_staged_direct_search,True,92,-2954.3352663020537,8,False,maxiter_budget,72,differential_evolution_staged_direct_search,True,182,-463.3494061136184,8,False,maxiter_budget
2025-02-20,M612,1221.8737626157017,1554.9195412071695,21,49950.94656979586,48764.08443230397,47427.51364161927,1261.716464088299,74.85432659640577,353.93152005260185,49118.015952356574,3863.931540764624,60.31302060158316,3,0.07402699999511242,0.24447410000720993,0,differential_evolution_staged_direct_search,True,17,-4454.7555365699045,2,True,population_collapse_convergence,36,differential_evolution_staged_direct_search,True,92,-2879.8543294891883,8,False,maxiter_budget,72,differential_evolution_staged_direct_search,True,182,-563.5300980065019,8,False,maxiter_budget
2025-02-21,M612,1554.9195412071695,1600.0173518487916,21,18407.22689707127,18348.555131025132,18289.883364978996,58.671766046134834,0.0,0.0,18348.555131025132,121.20869500269177,0.0,3,0.06286439999530558,0.22551659999589901,0,differential_evolution_staged_direct_search,True,17,-3122.373080459475,2,True,population_collapse_convergence,36,differential_evolution_staged_direct_search,True,32,-3170.680649735986,2,True,population_collapse_convergence,72,differential_evolution_staged_direct_search,True,182,-711.8916658957702,8,False,maxiter_budget
2025-02-22,M612,1600.0173518487916,1859.077018506223,21,18845.835481986225,18723.37216292187,18595.346347659455,125.24456716338406,2.781248099030708,0.0,18723.37216292187,369.76018388811946,2.461063791764458,3,0.06490699999267235,0.2240732000063872,0,differential_evolution_staged_direct_search,True,17,-2888.767141585802,2,True,population_collapse_convergence,36,differential_evolution_staged_direct_search,True,92,-3313.0124928115783,8,False,maxiter_budget,72,differential_evolution_staged_direct_search,True,162,-774.1032914890512,7,True,population_collapse_convergence
2025-02-23,M612,1859.077018506223,1490.0296750000011,21,49070.74419410074,48721.47734232493,47157.45935919654,956.6424174521051,607.375565676284,42.631947473287404,48764.109289798216,2677.6736203910923,585.1018113315146,3,0.06215370001154952,0.23205839999718592,0,differential_evolution_staged_direct_search,True,17,-4455.250710239076,2,True,population_collapse_convergence,36,differential_evolution_staged_direct_search,True,92,-2760.8501962443966,8,False,maxiter_budget,72,differential_evolution_staged_direct_search,True,142,-648.630027309511,6,True,population_collapse_convergence
2025-02-24,M612,1490.0296750000011,1586.2331833635378,21,47612.853628167184,46890.3231743895,45825.77426956549,893.5396793008457,171.00922552316004,214.48406303409166,47104.80723742359,2347.780901665302,244.54343704155588,3,0.06601559999398887,0.23863320000236854,0,differential_evolution_staged_direct_search,True,12,-4455.250710239076,1,True,population_collapse_convergence,36,differential_evolution_staged_direct_search,True,92,-2626.9897298160517,8,False,maxiter_budget,72,differential_evolution_staged_direct_search,True,182,-676.4808117315345,8,False,maxiter_budget
2025-02-25,M612,1586.2331833635378,1421.2570612962975,21,49330.22041891727,47092.40958610358,44854.598753289894,2237.810832813685,0.0,191.58624913333304,47283.995835236914,6613.431024999444,0.0,3,0.08421509999607224,0.2781266000092728,0,differential_evolution_staged_direct_search,True,17,-4455.250710239076,2,True,population_collapse_convergence,36,differential_evolution_staged_direct_search,True,42,-3039.0360376726157,3,True,population_collapse_convergence,72,differential_evolution_staged_direct_search,True,182,-675.0614010040639,8,False,maxiter_budget
2025-02-26,M612,1421.2570612962975,2132.6263872222216,21,45052.321134744765,47070.48944688251,45052.32113474475,0.0,2018.1683121377578,0.0,47070.48944688251,0.0,2339.082826477955,3,0.07876099999703001,0.28316190000623465,0,differential_evolution_staged_direct_search,True,17,-4455.250710239076,2,True,population_collapse_convergence,36,differential_evolution_staged_direct_search,True,92,-2704.7541310672405,8,False,maxiter_budget,72,differential_evolution_staged_direct_search,True,182,-612.4658145252951,8,False,maxiter_budget
2025-02-27,M612,2132.6263872222216,1839.3886988888892,21,45564.35949988295,45535.56706276238,45030.98919925504,266.68515031395833,237.89271319338263,68.97582373494666,45604.54288649732,958.5370241131279,234.80828224333226,3,0.08222680000471883,0.29692230001091957,0,differential_evolution_staged_direct_search,True,12,-4455.250710239076,1,True,population_collapse_convergence,36,differential_evolution_staged_direct_search,True,42,-2777.019021610423,3,True,population_collapse_convergence,72,differential_evolution_staged_direct_search,True,182,-668.8181179866497,8,False,maxiter_budget
2025-02-28,M612,1839.3886988888892,1789.812351022636,21,18105.210628401284,17963.460499490287,17821.71037057929,141.7501289109972,0.0,0.0,17963.460499490287,296.155751453984,0.0,3,0.08516310001141392,0.2894102000136627,0,differential_evolution_staged_direct_search,True,12,-2713.66438671618,1,True,population_collapse_convergence,36,differential_evolution_staged_direct_search,True,92,-3660.8275584006265,8,False,maxiter_budget,72,differential_evolution_staged_direct_search,True,182,-716.4665302644867,8,False,maxiter_budget
2025-03-01,M612,1789.812351022636,1744.6704845057238,21,20659.38333686581,20231.777033854174,19804.17073084254,427.6063030116342,0.0,0.0,20231.777033854174,1314.8462812164544,0.0,3,0.14657310000620782,0.4368912000063574,0,differential_evolution_staged_direct_search,True,17,-4103.428826920349,2,True,population_collapse_convergence,36,differential_evolution_staged_direct_search,True,82,-4454.735583813657,7,True,population_collapse_convergence,72,differential_evolution_staged_direct_search,True,182,-717.7490931409895,8,False,maxiter_budget
2025-03-02,M612,1744.6704845057238,1580.4335202632794,21,51879.36204323919,51872.063357328974,49202.900642041226,1338.2307005989858,1330.9320146887667,0.0,51872.063357328974,4446.388643558365,1131.5153257426673,3,0.07716990001790691,0.26510429999325424,0,differential_evolution_staged_direct_search,True,22,-4455.250710239076,3,True,population_collapse_convergence,36,differential_evolution_staged_direct_search,True,42,-2481.9258034440318,3,True,population_collapse_convergence,72,differential_evolution_staged_direct_search,True,182,-670.4844583750587,8,False,maxiter_budget
2025-03-03,M612,1580.4335202632794,1606.0151511111117,21,53463.1026240234,51857.7089807712,48757.814341774356,2352.6441411245232,747.2504978723224,0.0,51857.7089807712,7453.047633697209,598.8041772039471,3,0.08327780000399798,0.28179249999811873,0,differential_evolution_staged_direct_search,True,22,-4455.250710239076,3,True,population_collapse_convergence,36,differential_evolution_staged_direct_search,True,42,-2838.5934575568544,3,True,population_collapse_convergence,72,differential_evolution_staged_direct_search,True,182,-672.9550321772846,8,False,maxiter_budget
2025-03-04,M612,1606.0151511111117,1623.431900739249,21,47594.32363875832,47954.33598147658,46126.734258160366,733.7946902989712,1093.8070330172404,0.0,47954.33598147658,2516.585771994467,1070.6201309213309,3,0.049917500000447035,0.23348960001021624,0,differential_evolution_staged_direct_search,True,17,-4455.250710239076,2,True,population_collapse_convergence,36,differential_evolution_staged_direct_search,True,62,-2602.8175958070574,5,True,population_collapse_convergence,72,differential_evolution_staged_direct_search,True,102,-685.8258110866228,4,True,population_collapse_convergence
2025-03-05,M612,1623.431900739249,1595.780077407406,21,49869.12845515941,47529.94571516594,45190.76297517246,2339.1827399934728,0.0,0.0,47529.94571516594,7572.491061404896,0.0,3,0.05147539998870343,0.23235679999925196,0,differential_evolution_staged_direct_search,True,17,-4455.250710239076,2,True,population_collapse_convergence,36,differential_evolution_staged_direct_search,True,52,-2883.5059881234256,4,True,population_collapse_convergence,72,differential_evolution_staged_direct_search,True,122,-698.3064899624204,5,True,population_collapse_convergence
2025-03-06,M612,1595.780077407406,1583.348661666671,21,46598.41980905902,46030.58463213634,44545.74870713554,1026.3355509617395,458.50037403905776,0.0,46030.58463213634,3469.5288848280193,364.56781802733667,3,0.05708430000231601,0.2376483999978518,0,differential_evolution_staged_direct_search,True,12,-4455.250710239076,1,True,population_collapse_convergence,36,differential_evolution_staged_direct_search,True,92,-2787.9876718642568,8,False,maxiter_budget,72,differential_evolution_staged_direct_search,True,122,-694.3345933985527,5,True,population_collapse_convergence
2025-03-07,M612,1583.348661666671,1881.7559470803749,21,18916.63522369029,18384.24658866386,17851.85795363744,532.3886350264257,0.0,0.0,18384.24658866386,1341.2700093248945,0.0,3,0.0802010000043083,0.3055577000050107,0,differential_evolution_staged_direct_search,True,17,-2711.539797812828,2,True,population_collapse_convergence,36,differential_evolution_staged_direct_search,True,32,-4270.2417987095405,2,True,population_collapse_convergence,72,differential_evolution_staged_direct_search,True,182,-727.6372721967754,8,False,maxiter_budget
2025-03-08,M612,1881.7559470803749,1987.4063393530805,21,16893.1670028179,16824.306653845597,16755.446304873294,68.86034897230329,0.0,0.0,16824.306653845597,142.44232237593934,0.0,3,0.06599360001564492,0.23840580000251066,0,differential_evolution_staged_direct_search,True,17,-2343.461941819563,2,True,population_collapse_convergence,36,differential_evolution_staged_direct_search,True,32,-4222.025887851741,2,True,population_collapse_convergence,72,differential_evolution_staged_direct_search,True,182,-735.7130990922511,8,False,maxiter_budget
2025-03-09,M612,1987.4063393530805,1722.5476266666674,21,46891.69336371903,44680.20460347111,42468.71584322319,2211.4887602479216,0.0,0.0,44680.20460347111,7054.633626459713,0.0,3,0.06689729999925476,0.22613819999969564,0,differential_evolution_staged_direct_search,True,17,-4452.270015424516,2,True,population_collapse_convergence,36,differential_evolution_staged_direct_search,True,52,-2720.130618728374,4,True,population_collapse_convergence,72,differential_evolution_staged_direct_search,True,182,-698.281119838609,8,False,maxiter_budget
2025-03-10,M612,1722.5476266666674,1759.1498033333341,21,44819.150423067775,45544.0245729499,44728.20775915689,45.47133195544074,770.345481837569,436.84478888181957,45980.86936183172,185.63176110910229,670.7414812514255,3,0.09294530001352541,0.3310558000084711,0,differential_evolution_staged_direct_search,True,17,-4452.770830532607,2,True,population_collapse_convergence,36,differential_evolution_staged_direct_search,True,42,-2478.862908667302,3,True,population_collapse_convergence,72,differential_evolution_staged_direct_search,True,182,-721.0207745729015,8,False,maxiter_budget
2025-03-11,M612,1759.1498033333341,2069.2723443302125,21,40022.363662064636,44323.31001335618,39998.06418146436,12.149740300139845,4313.096091591684,0.0,44323.31001335618,18.864599925024265,5600.371220517512,3,0.08957529999315739,0.2972525999939535,0,differential_evolution_staged_direct_search,True,12,-4453.102349790401,1,True,population_collapse_convergence,36,differential_evolution_staged_direct_search,True,92,-3009.3303023548274,8,False,maxiter_budget,72,differential_evolution_staged_direct_search,True,182,-725.720023041739,8,False,maxiter_budget
2025-03-12,M612,2069.2723443302125,1603.0893564432513,21,45843.0796520516,43759.60708435278,41676.13451665394,2083.4725676988332,0.0,0.0,43759.60708435278,6365.02103764182,0.0,3,0.08174890000373125,0.2659072000096785,0,differential_evolution_staged_direct_search,True,22,-4454.347261478331,3,True,population_collapse_convergence,36,differential_evolution_staged_direct_search,True,52,-2840.9740156078037,4,True,population_collapse_convergence,72,differential_evolution_staged_direct_search,True,162,-702.8334630741317,7,True,population_collapse_convergence
2025-03-13,M612,1603.0893564432513,1590.8830672222225,21,45482.01039550502,45546.06837574286,44551.09335341697,465.4585210440318,529.5165012818728,566.7226826666478,46112.79105840951,1296.002303087644,527.4029450896143,3,0.10134710000420455,0.3565777999901911,0,differential_evolution_staged_direct_search,True,17,-4454.24466221502,2,True,population_collapse_convergence,36,differential_evolution_staged_direct_search,True,52,-3141.108357963927,4,True,population_collapse_convergence,72,differential_evolution_staged_direct_search,True,162,-737.2426884088508,7,True,population_collapse_convergence
2025-03-14,M612,1590.8830672222225,1963.7358347187428,21,16209.95040233895,16412.125657071767,16209.950400519248,9.098508625470458e-07,202.1752556426661,0.0,16412.125657071767,1.8451650021233945e-06,166.3850625932991,3,0.08424879999074619,0.3145783000072697,0,differential_evolution_staged_direct_search,True,12,-2236.1881250916485,1,True,population_collapse_convergence,36,differential_evolution_staged_direct_search,True,92,-4455.600000000001,8,False,maxiter_budget,72,differential_evolution_staged_direct_search,True,182,-770.4679557405894,8,False,maxiter_budget
2025-03-15,M612,1963.7358347187428,1409.302948888891,21,16053.275812993475,16384.65912842877,16053.275811278365,8.575554024673692e-07,331.38331629284966,0.0,16384.65912842877,1.7391105302522192e-06,266.47863448019365,3,0.037632300023688,0.23677780000434723,0,differential_evolution_staged_direct_search,True,12,-2267.30066798437,1,True,population_collapse_convergence,36,differential_evolution_staged_direct_search,True,32,-3471.356934397446,2,True,population_collapse_convergence,72,differential_evolution_staged_direct_search,True,102,-778.3063405932605,4,True,population_collapse_convergence
2025-03-16,M612,1409.302948888891,1821.260424928,21,44415.07251100221,44192.4321808428,42760.183684006646,827.4444134977846,604.8040833383666,0.0,44192.4321808428,2188.822472124084,837.4964251240166,3,0.08888280000246596,0.3011444000003394,0,differential_evolution_staged_direct_search,True,22,-4451.383076191209,3,True,population_collapse_convergence,36,differential_evolution_staged_direct_search,True,42,-3028.4193615084446,3,True,population_collapse_convergence,72,differential_evolution_staged_direct_search,True,182,-699.4495322900611,8,False,maxiter_budget
2025-03-17,M612,1821.260424928,2120.957192037037,21,40721.516441008,40698.45150563677,38398.63843138062,1161.4390048136947,1138.3740694424578,0.0,40698.45150563677,4750.8834459039435,1141.8644075900572,3,0.1407147999998415,0.43008229999395553,0,differential_evolution_staged_direct_search,True,27,-4452.386601216121,4,True,population_collapse_convergence,36,differential_evolution_staged_direct_search,True,92,-2950.2448456658726,8,False,maxiter_budget,72,differential_evolution_staged_direct_search,True,182,-716.0698038676356,8,False,maxiter_budget
2025-03-18,M612,2120.957192037037,1661.3811250657216,21,46649.11880247726,43898.75569129448,41148.39258011169,2750.3631111827817,0.0,0.0,43898.75569129448,8546.484559583358,0.0,3,0.08594080001057591,0.34724930000083987,0,differential_evolution_staged_direct_search,True,17,-4452.30510225222,2,True,population_collapse_convergence,36,differential_evolution_staged_direct_search,True,92,-3010.5302961962393,8,False,maxiter_budget,72,differential_evolution_staged_direct_search,True,102,-672.4780899812665,4,True,population_collapse_convergence
2025-03-19,M612,1661.3811250657216,2166.6354972222225,21,38845.807987075634,41638.18392294539,38845.80798707563,0.0,2792.375935869771,0.0,41638.18392294539,0.0,3565.4692504421337,3,0.10183599998708814,0.3692989000119269,0,differential_evolution_staged_direct_search,True,17,-4451.2943546310225,2,True,population_collapse_convergence,36,differential_evolution_staged_direct_search,True,52,-3038.6899093122306,4,True,population_collapse_convergence,72,differential_evolution_staged_direct_search,True,182,-732.7558268656127,8,False,maxiter_budget
2025-03-20,M612,2166.6354972222225,1972.475699998551,21,44189.90802395186,42774.37486693298,41358.8417099141,1415.5331570188782,0.0,1616.226114885069,44390.60098181805,4079.702522075478,0.0,3,0.07167129998560995,0.2874114999867743,0,differential_evolution_staged_direct_search,True,12,-4453.876586154784,1,True,population_collapse_convergence,36,differential_evolution_staged_direct_search,True,42,-2579.745621208647,3,True,population_collapse_convergence,72,differential_evolution_staged_direct_search,True,182,-675.3977604769976,8,False,maxiter_budget
2025-03-21,M612,1972.475699998551,1523.5673138001214,21,15620.597884951407,15510.376620205563,15400.15535545972,110.22126474584408,0.0,0.0,15510.376620205563,231.50218300453747,0.0,3,0.09697840000444558,0.3166838000033749,0,differential_evolution_staged_direct_search,True,17,-1954.7205373382208,2,True,population_collapse_convergence,36,differential_evolution_staged_direct_search,True,92,-4455.600000000001,8,False,maxiter_budget,72,differential_evolution_staged_direct_search,True,182,-737.1503778188211,8,False,maxiter_budget
2025-03-22,M612,1523.5673138001214,2320.347056154477,21,17055.491045772593,16920.770502326923,16786.04995888125,134.72054344567206,0.0,0.0,16920.770502326923,274.31245123598944,0.0,3,0.05465599997842219,0.23435700000845827,0,differential_evolution_staged_direct_search,True,17,-2125.133217531124,2,True,population_collapse_convergence,36,differential_evolution_staged_direct_search,True,92,-4445.490759564022,8,False,maxiter_budget,72,differential_evolution_staged_direct_search,True,102,-735.4945407683463,4,True,population_collapse_convergence
2025-03-23,M612,2320.347056154477,1672.3243005555553,21,44723.21776071772,42327.352470167556,39931.48717961738,2395.865290550169,0.0,562.055316171968,42889.40778633952,7380.490578391601,0.0,3,0.09080869999888819,0.2756742000055965,0,differential_evolution_staged_direct_search,True,22,-4453.931223691948,3,True,population_collapse_convergence,36,differential_evolution_staged_direct_search,True,92,-2783.3671062816393,8,False,maxiter_budget,72,differential_evolution_staged_direct_search,True,182,-675.168254444893,8,False,maxiter_budget
2025-03-24,M612,1672.3243005555553,1766.5139881481475,21,42119.23976674759,41272.69819296307,39376.24421672576,1371.4977750109113,524.9562012264016,0.0,41272.69819296307,4688.394262815161,449.23160297500215,3,0.047599600002286024,0.2498667000036221,0,differential_evolution_staged_direct_search,True,17,-4453.931223691947,2,True,population_collapse_convergence,36,differential_evolution_staged_direct_search,True,32,-3060.415312844779,2,True,population_collapse_convergence,72,differential_evolution_staged_direct_search,True,102,-723.7310243724116,4,True,population_collapse_convergence
2025-03-25,M612,1766.5139881481475,1464.9716192592584,21,46683.53224191129,43599.596598627075,40515.660955342864,3083.9356432842114,0.0,404.53829858675283,44004.13489721383,9354.694492103357,0.0,3,0.08174370000779163,0.2681513999996241,0,differential_evolution_staged_direct_search,True,22,-4453.931223691948,3,True,population_collapse_convergence,36,differential_evolution_staged_direct_search,True,92,-2570.6428318923663,8,False,maxiter_budget,72,differential_evolution_staged_direct_search,True,182,-634.9842686024122,8,False,maxiter_budget
2025-03-26,M612,1464.9716192592584,1515.4080763902732,21,39891.04259061682,39606.47604110632,37370.24242294842,1260.4000838342024,975.8335343236997,0.0,39606.47604110632,4457.131122314157,1312.4232169836334,3,0.06799360000877641,0.24517899999045767,0,differential_evolution_staged_direct_search,True,12,-4453.931223691948,1,True,population_collapse_convergence,36,differential_evolution_staged_direct_search,True,32,-2910.492845736142,2,True,population_collapse_convergence,72,differential_evolution_staged_direct_search,True,182,-651.1098237121539,8,False,maxiter_budget
2025-03-27,M612,1515.4080763902732,1623.9384727378913,21,42791.839792021405,41155.67839097639,39519.51698993139,1636.161401045002,0.0,0.0,41155.67839097639,4839.018519939713,0.0,3,0.06882020001648925,0.25615480000851676,0,differential_evolution_staged_direct_search,True,22,-4453.931223691948,3,True,population_collapse_convergence,36,differential_evolution_staged_direct_search,True,32,-3312.4646302714673,2,True,population_collapse_convergence,72,differential_evolution_staged_direct_search,True,182,-629.2595125902178,8,False,maxiter_budget
2025-03-28,M612,1623.9384727378913,2043.3409457332305,21,16199.718567083604,16165.894785392695,16132.071003701785,33.82378169090945,0.0,0.0,16165.894785392695,63.27599131685696,0.0,3,0.05784559999301564,0.22592539999459404,0,differential_evolution_staged_direct_search,True,12,-2268.5694183801684,1,True,population_collapse_convergence,36,differential_evolution_staged_direct_search,True,92,-4455.600000000001,8,False,maxiter_budget,72,differential_evolution_staged_direct_search,True,122,-741.9501580003237,5,True,population_collapse_convergence
2025-03-29,M612,2043.3409457332305,1783.798018193455,21,14869.999962953916,15403.871892228859,14869.999962953916,0.0,533.8719292749413,0.0,15403.871892228859,0.0,409.0581368531477,3,0.09353729999565985,0.28719429999182466,0,differential_evolution_staged_direct_search,True,47,-1933.4455446842892,8,False,maxiter_budget,36,differential_evolution_staged_direct_search,True,92,-4455.600000000001,8,False,maxiter_budget,72,differential_evolution_staged_direct_search,True,182,-755.6343623205034,8,False,maxiter_budget
2025-03-30,M612,1783.798018193455,1929.1539107505819,21,41898.67289317974,39466.588864379926,37034.5048355801,2432.0840287998217,0.0,0.0,39466.588864379926,8728.23557528109,0.0,3,0.06733560001885053,0.300176000004285,0,differential_evolution_staged_direct_search,True,17,-4453.931223691948,2,True,population_collapse_convergence,36,differential_evolution_staged_direct_search,True,22,-2968.481321427189,1,True,population_collapse_convergence,72,differential_evolution_staged_direct_search,True,122,-658.9815050879623,5,True,population_collapse_convergence
2025-03-31,M612,1929.1539107505819,1920.0991498148137,21,36569.42970611474,39489.617201334884,35946.41601510425,311.50684550524346,3231.694340725389,0.0,39489.617201334884,1390.6763597902293,4258.522540155344,3,0.06699510001635645,0.30957589999889024,0,differential_evolution_staged_direct_search,True,12,-4168.414381436955,1,True,population_collapse_convergence,36,differential_evolution_staged_direct_search,True,32,-3315.7598956929587,2,True,population_collapse_convergence,72,differential_evolution_staged_direct_search,True,182,-725.671114319371,8,False,maxiter_budget
2025-04-01,M612,1920.0991498148137,1917.8480883333295,21,44606.62420565942,42251.28664269044,39738.90340317569,2433.8604012418627,78.52283827288774,0.0,42251.28664269044,8222.1927639999,69.68525727609676,3,0.058404800001881085,0.24786449999373872,0,differential_evolution_staged_direct_search,True,27,-4453.931223691947,4,True,population_collapse_convergence,36,differential_evolution_staged_direct_search,True,92,-2919.9480210093448,8,False,maxiter_budget,72,differential_evolution_staged_direct_search,True,102,-717.3215857575053,4,True,population_collapse_convergence
2025-04-02,M612,1917.8480883333295,1745.6067961623821,21,41785.76859229074,41220.26551427964,40401.75628749547,692.0061523976381,126.50307438653383,0.0,41220.26551427964,2947.026330632705,124.27075918913485,3,0.0663728999934392,0.2592475999990711,0,differential_evolution_staged_direct_search,True,17,-4453.931223691948,2,True,population_collapse_convergence,36,differential_evolution_staged_direct_search,True,32,-3200.0888892923726,2,True,population_collapse_convergence,72,differential_evolution_staged_direct_search,True,182,-710.1978597582786,8,False,maxiter_budget
2025-04-03,M612,1745.6067961623821,1788.8336684936885,21,43457.943973868525,40959.21827106573,38460.49256826293,2498.7257028027952,0.0,0.0,40959.21827106573,7843.312439087148,0.0,3,0.067504500009818,0.24057449999963865,0,differential_evolution_staged_direct_search,True,12,-4453.931223691948,1,True,population_collapse_convergence,36,differential_evolution_staged_direct_search,True,62,-2997.4787094927965,5,True,population_collapse_convergence,72,differential_evolution_staged_direct_search,True,182,-658.6345075897303,8,False,maxiter_budget
2025-04-04,M612,1788.8336684936885,1914.3409705146018,21,14627.646393169627,14621.103377690106,14614.560362210585,6.543015479521877,0.0,0.0,14621.103377690106,12.18211781702081,0.0,3,0.06848809999064542,0.21736890000465792,0,differential_evolution_staged_direct_search,True,17,-1789.3989217909675,2,True,population_collapse_convergence,36,differential_evolution_staged_direct_search,True,92,-4455.600000000001,8,False,maxiter_budget,72,differential_evolution_staged_direct_search,True,182,-759.1858166252907,8,False,maxiter_budget
2025-04-05,M612,1914.3409705146018,1654.2312422987934,21,14452.032196386586,14449.692059857749,14447.35192332891,2.3401365288387024,0.0,0.0,14449.692059857749,4.356984786517785,0.0,3,0.07109599999967031,0.22061129999929108,0,differential_evolution_staged_direct_search,True,22,-1634.3339421933135,3,True,population_collapse_convergence,36,differential_evolution_staged_direct_search,True,92,-4455.600000000001,8,False,maxiter_budget,72,differential_evolution_staged_direct_search,True,182,-786.2590994625604,8,False,maxiter_budget
2025-04-06,M612,1654.2312422987934,1642.105130740742,21,39875.83580418023,39119.305807034085,36636.27998696201,1619.7779086091068,863.2479114629632,0.0,39119.305807034085,6414.61888483007,642.751334247704,3,0.06592200002341997,0.209401699990849,0,differential_evolution_staged_direct_search,True,17,-4454.581544036548,2,True,population_collapse_convergence,36,differential_evolution_staged_direct_search,True,52,-2823.9391982138545,4,True,population_collapse_convergence,72,differential_evolution_staged_direct_search,True,182,-574.5791377295869,8,False,maxiter_budget
2025-04-07,M612,1642.105130740742,1642.4001711792785,21,34954.96796300677,36777.74723509937,34388.45152638834,283.2582183092172,2106.0374904018154,0.0,36777.74723509937,1262.7897149880657,2240.7789663622775,3,0.05993859998125117,0.2329362000018591,0,differential_evolution_staged_direct_search,True,17,-4187.860779051991,2,True,population_collapse_convergence,36,differential_evolution_staged_direct_search,True,32,-3465.3056716114916,2,True,population_collapse_convergence,72,differential_evolution_staged_direct_search,True,182,-588.324513285131,8,False,maxiter_budget
2025-04-08,M612,1642.4001711792785,1565.3463082541687,21,41365.30767311779,39402.36449267714,37274.85126299555,2045.2282050611202,82.28502462046606,0.0,39402.36449267714,7018.232958787108,57.974971534478414,3,0.07136279999394901,0.24753849999979138,0,differential_evolution_staged_direct_search,True,17,-4455.009674110035,2,True,population_collapse_convergence,36,differential_evolution_staged_direct_search,True,42,-2716.6148723692468,3,True,population_collapse_convergence,72,differential_evolution_staged_direct_search,True,182,-660.1593709267092,8,False,maxiter_budget
2025-04-09,M612,1565.3463082541687,1702.6142287037055,21,40367.759693669854,40755.58632475133,38856.341082114195,755.7093057778285,1143.5359368593047,0.0,40755.58632475133,2139.210595333193,1483.8913132888893,3,0.06668180000269786,0.22436189999280032,0,differential_evolution_staged_direct_search,True,17,-4455.009674110035,2,True,population_collapse_convergence,36,differential_evolution_staged_direct_search,True,42,-2877.764707736649,3,True,population_collapse_convergence,72,differential_evolution_staged_direct_search,True,182,-609.6413514188216,8,False,maxiter_budget
2025-04-10,M612,1702.6142287037055,1791.7857148426954,21,39302.865796762824,39118.32743046245,36705.859165775335,1298.5033154937448,1113.96494919337,0.0,39118.32743046245,4028.761378245271,1539.960366274552,3,0.06471500000043306,0.21227810000709724,0,differential_evolution_staged_direct_search,True,17,-4455.100965669411,2,True,population_collapse_convergence,36,differential_evolution_staged_direct_search,True,92,-2952.7004052134557,8,False,maxiter_budget,72,differential_evolution_staged_direct_search,True,182,-665.4605467113812,8,False,maxiter_budget
2025-04-11,M612,1791.7857148426954,1459.8459144859612,21,13720.349623412185,13686.09965761325,13651.849689814311,34.249966798936995,1.0000015731037593e-06,0.0,13686.09965761325,63.76832396003908,8.362615597121252e-07,3,0.06437869998626411,0.21471469999232795,0,differential_evolution_staged_direct_search,True,17,-1453.5268818364304,2,True,population_collapse_convergence,36,differential_evolution_staged_direct_search,True,92,-4455.600000000001,8,False,maxiter_budget,72,differential_evolution_staged_direct_search,True,182,-753.4919176228492,8,False,maxiter_budget
2025-04-12,M612,1459.8459144859612,1993.505774758128,21,15179.10993721609,14896.753143742575,14614.396350269057,282.3567934735164,0.0,0.0,14896.753143742575,633.3380148974172,0.0,3,0.0565954000048805,0.20273579999047797,0,differential_evolution_staged_direct_search,True,22,-1491.4470614608251,3,True,population_collapse_convergence,36,differential_evolution_staged_direct_search,True,92,-4455.600000000001,8,False,maxiter_budget,72,differential_evolution_staged_direct_search,True,122,-758.3525994770173,5,True,population_collapse_convergence
2025-04-13,M612,1993.505774758128,1932.5267401851845,21,36533.040776584516,36330.62462548234,36090.50173087178,221.26952285637117,18.853371754190817,0.0,36330.62462548234,982.6096015893996,19.043809852718,3,0.05747739999787882,0.22208610000961926,0,differential_evolution_staged_direct_search,True,22,-4454.499942803254,3,True,population_collapse_convergence,36,differential_evolution_staged_direct_search,True,32,-2762.4855293358705,2,True,population_collapse_convergence,72,differential_evolution_staged_direct_search,True,182,-691.982448229302,8,False,maxiter_budget
2025-04-14,M612,1932.5267401851845,1744.6452275925926,21,39012.56410956196,36631.2048685561,34249.84562755026,2381.359241005851,0.0,557.7743436027823,37188.97921215888,7756.620491924155,0.0,3,0.06544639999628998,0.23388060000434052,0,differential_evolution_staged_direct_search,True,17,-4454.516590547718,2,True,population_collapse_convergence,36,differential_evolution_staged_direct_search,True,32,-2789.9741969866964,2,True,population_collapse_convergence,72,differential_evolution_staged_direct_search,True,182,-724.3976223797276,8,False,maxiter_budget
2025-04-15,M612,1744.6452275925926,1883.117589784227,21,34238.66066112138,34733.03085292975,33788.95789905811,224.85138103163314,719.22157284001,0.0,34733.03085292975,1058.5333577038982,686.5150095591985,3,0.062380799994571134,0.22751599999901373,0,differential_evolution_staged_direct_search,True,17,-4128.763449055412,2,True,population_collapse_convergence,36,differential_evolution_staged_direct_search,True,52,-3321.2151772924226,4,True,population_collapse_convergence,72,differential_evolution_staged_direct_search,True,182,-544.2424380389672,8,False,maxiter_budget
2025-04-16,M612,1883.117589784227,1837.6396965924469,21,37676.258257199785,37536.56360178854,36467.465938639754,604.3961592800138,464.70150386877003,0.0,37536.56360178854,2614.9936736472723,336.7061511697912,3,0.06176880000566598,0.2108621000079438,0,differential_evolution_staged_direct_search,True,17,-4454.01357982187,2,True,population_collapse_convergence,36,differential_evolution_staged_direct_search,True,92,-3312.993839276116,8,False,maxiter_budget,72,differential_evolution_staged_direct_search,True,182,-532.6983404643782,8,False,maxiter_budget
2025-04-17,M612,1837.6396965924469,1855.041426084136,21,35247.861487836875,36710.52107012746,34381.44126417729,433.21011182979294,1895.8696941203793,0.0,36710.52107012746,1214.5167142710384,2654.3254389357553,3,0.0552146999980323,0.2004060000035679,0,differential_evolution_staged_direct_search,True,47,-3882.7512152262684,8,False,maxiter_budget,36,differential_evolution_staged_direct_search,True,42,-3065.8562861926403,3,True,population_collapse_convergence,72,differential_evolution_staged_direct_search,True,142,-701.2924731992077,6,True,population_collapse_convergence
2025-04-18,M612,1855.041426084136,2162.0832273319397,21,13991.240509224444,13930.257987370334,13869.275465516223,60.98252185411149,0.0,0.0,13930.257987370334,114.58974277158674,0.0,3,0.06621109998377506,0.21220439999888185,0,differential_evolution_staged_direct_search,True,22,-1479.7807480339288,3,True,population_collapse_convergence,36,differential_evolution_staged_direct_search,True,92,-4455.600000000001,8,False,maxiter_budget,72,differential_evolution_staged_direct_search,True,182,-744.7293727508508,8,False,maxiter_budget
2025-04-19,M612,2162.0832273319397,1914.8951240775796,21,13124.057083127253,13578.43350123041,13124.057083127253,0.0,454.3764181031565,0.0,13578.43350123041,0.0,341.2548622575275,3,0.06780910000088625,0.22143470001174137,0,differential_evolution_staged_direct_search,True,12,-1458.5172010783358,1,True,population_collapse_convergence,36,differential_evolution_staged_direct_search,True,92,-4455.600000000001,8,False,maxiter_budget,72,differential_evolution_staged_direct_search,True,182,-731.6446708971936,8,False,maxiter_budget
2025-04-20,M612,1914.8951240775796,2033.7065642592615,21,35630.77403384469,35399.38078640516,35145.91177155763,242.43113114352815,11.037883704005266,0.0,35399.38078640516,1021.6054434092622,10.06922459262924,3,0.05454150000878144,0.19874300000083167,0,differential_evolution_staged_direct_search,True,17,-4418.794160457542,2,True,population_collapse_convergence,36,differential_evolution_staged_direct_search,True,42,-3040.7196054601227,3,True,population_collapse_convergence,72,differential_evolution_staged_direct_search,True,182,-619.3910052977178,8,False,maxiter_budget
2025-04-21,M612,2033.7065642592615,1566.268325443299,21,38117.67681790222,35960.78268422182,33803.88855054144,2156.894133680394,0.0,0.0,35960.78268422182,7365.200291416635,0.0,3,0.05778959998860955,0.2050779999990482,0,differential_evolution_staged_direct_search,True,22,-4454.845139387323,3,True,population_collapse_convergence,36,differential_evolution_staged_direct_search,True,52,-4150.343900619023,4,True,population_collapse_convergence,72,differential_evolution_staged_direct_search,True,182,-709.2987999873953,8,False,maxiter_budget
2025-04-22,M612,1566.268325443299,1770.004924094435,21,33654.51885191206,34956.65703069881,33638.68311057101,7.917870670526081,1310.0560494572678,0.0,34956.65703069881,23.87124612236238,1518.288821777474,3,0.055999600008362904,0.20845530000224244,0,differential_evolution_staged_direct_search,True,22,-4122.722859974805,3,True,population_collapse_convergence,36,differential_evolution_staged_direct_search,True,52,-3074.1536194485825,4,True,population_collapse_convergence,72,differential_evolution_staged_direct_search,True,182,-627.8902950848635,8,False,maxiter_budget
2025-04-23,M612,1770.004924094435,2087.4534185185175,21,32867.151539658116,34569.05935930286,32867.15153965811,0.0,1701.9078196447472,0.0,34569.05935930286,0.0,2399.066508501486,3,0.05295890000707004,0.20355220000783447,0,differential_evolution_staged_direct_search,True,12,-3730.8306937052644,1,True,population_collapse_convergence,36,differential_evolution_staged_direct_search,True,32,-2891.5718083250604,2,True,population_collapse_convergence,72,differential_evolution_staged_direct_search,True,182,-573.7992353090622,8,False,maxiter_budget
2025-04-24,M612,2087.4534185185175,1821.0852221885323,21,33913.972534359724,34098.16155878587,33333.89801229549,290.03726103211716,474.22628545826,0.0,34098.16155878587,1285.2221012032696,363.81402243262056,3,0.05565530000603758,0.20529050000186544,0,differential_evolution_staged_direct_search,True,17,-4140.797203580552,2,True,population_collapse_convergence,36,differential_evolution_staged_direct_search,True,52,-3590.955726241517,4,True,population_collapse_convergence,72,differential_evolution_staged_direct_search,True,182,-652.8498590152884,8,False,maxiter_budget
2025-04-25,M612,1821.0852221885323,1367.6248691819317,21,13466.029951195345,13097.430120131901,12728.830289068455,368.59983106344544,0.0,0.0,13097.430120131901,775.4766458632434,0.0,3,0.0644839000160573,0.2108933999988949,0,differential_evolution_staged_direct_search,True,17,-1178.3967064944359,2,True,population_collapse_convergence,36,differential_evolution_staged_direct_search,True,92,-4455.600000000001,8,False,maxiter_budget,72,differential_evolution_staged_direct_search,True,182,-764.885521577698,8,False,maxiter_budget
2025-04-26,M612,1367.6248691819317,1552.7111762092597,21,13557.350466801316,13460.909635673994,13364.46880454667,96.44083112732238,0.0,0.0,13460.909635673994,194.24424765698143,0.0,3,0.06145769999420736,0.20658240000193473,0,differential_evolution_staged_direct_search,True,12,-1230.1998048557866,1,True,population_collapse_convergence,36,differential_evolution_staged_direct_search,True,92,-4455.600000000001,8,False,maxiter_budget,72,differential_evolution_staged_direct_search,True,182,-777.5232839685063,8,False,maxiter_budget
2025-04-27,M612,1552.7111762092597,1529.322509444445,21,33516.12397838896,33843.20205853596,32849.858657749646,333.1326603196562,660.2107404666502,296.17246151144116,34139.3745200474,1196.712183124302,624.3400798711616,3,0.0665438999858452,0.22005189998890273,0,differential_evolution_staged_direct_search,True,12,-4073.3916086061545,1,True,population_collapse_convergence,36,differential_evolution_staged_direct_search,True,92,-2589.338167964163,8,False,maxiter_budget,72,differential_evolution_staged_direct_search,True,182,-670.8087116637345,8,False,maxiter_budget
2025-04-28,M612,1529.322509444445,2005.9996655555562,21,40764.48878058634,39682.62384927557,37879.47312244535,1442.5078290704987,360.64289775972577,0.0,39682.62384927557,5048.982448521483,493.13228033528117,3,0.07394960001693107,0.23258589999750257,0,differential_evolution_staged_direct_search,True,22,-4453.398264124929,3,True,population_collapse_convergence,36,differential_evolution_staged_direct_search,True,92,-2979.2782735751157,8,False,maxiter_budget,72,differential_evolution_staged_direct_search,True,182,-671.5626187251585,8,False,maxiter_budget
2025-04-29,M612,2005.9996655555562,2007.734388888893,21,34559.91577064633,34568.65560155107,33784.81510958554,387.55033053039574,396.2901614351389,0.0,34568.65560155107,1611.393613210655,310.48940269050206,3,0.03696860000491142,0.18749620000016876,0,differential_evolution_staged_direct_search,True,17,-4145.5718925420115,2,True,population_collapse_convergence,36,differential_evolution_staged_direct_search,True,32,-3793.0856589212635,2,True,population_collapse_convergence,72,differential_evolution_staged_direct_search,True,102,-608.1263892146345,4,True,population_collapse_convergence
2025-04-30,M612,2007.734388888893,1501.278084074074,21,33255.323369757185,32653.480678017193,32051.637986277194,601.8426917399986,0.0,404.5952568581619,33058.075934875356,1358.280370867507,0.0,3,0.04068000000552274,0.19505730000673793,0,differential_evolution_staged_direct_search,True,17,-3621.2251471687314,2,True,population_collapse_convergence,36,differential_evolution_staged_direct_search,True,32,-3535.46509549954,2,True,population_collapse_convergence,72,differential_evolution_staged_direct_search,True,122,-704.0577141665965,5,True,population_collapse_convergence
2025-05-01,M612,1501.278084074074,1210.8405,21,35018.927860082695,34552.81930632068,34086.71075255866,466.10855376201823,0.0,11612.6025818441,46165.421888164776,1350.0340688016913,0.0,3,0.0649937999987742,0.2092391000041971,0,differential_evolution_staged_direct_search,True,17,-4148.610713461981,2,True,population_collapse_convergence,36,differential_evolution_staged_direct_search,True,92,-3022.8032979497234,8,False,maxiter_budget,72,differential_evolution_staged_direct_search,True,182,-701.9392339148321,8,False,maxiter_budget
2025-05-02,M612,1210.8405,1200.0,21,15061.987783720342,14772.81460142391,14483.641419127478,289.1731822964309,0.0,8061.368289861119,22834.18289128503,579.653318757968,0.0,3,0.05934680000063963,0.21453009999822825,0,differential_evolution_staged_direct_search,True,17,-1506.6760698241746,2,True,population_collapse_convergence,36,differential_evolution_staged_direct_search,True,42,-4406.549703495182,3,True,population_collapse_convergence,72,differential_evolution_staged_direct_search,True,182,-317.8904682701668,8,False,maxiter_budget
2025-05-03,M612,1200.0,1216.2882212962963,21,14204.4969862562,13969.975056012961,13735.453125769729,234.5219302432333,0.0,8879.996627086637,22849.971683099597,459.8345449946966,0.0,3,0.06595269998069853,0.2147669000114547,0,differential_evolution_staged_direct_search,True,22,-1428.4157440797094,3,True,population_collapse_convergence,36,differential_evolution_staged_direct_search,True,92,-4455.600000000001,8,False,maxiter_budget,72,differential_evolution_staged_direct_search,True,182,-3.5897886601721134,8,False,maxiter_budget
2025-05-04,M612,1216.2882212962963,1257.9569999999999,21,37104.122747352565,35401.4306928968,33698.73863844105,1702.6920544557581,0.0,10414.368855687208,45815.79954858401,5897.311641255995,0.0,3,0.05308559999684803,0.202597199997399,0,differential_evolution_staged_direct_search,True,17,-4438.187247181339,2,True,population_collapse_convergence,36,differential_evolution_staged_direct_search,True,42,-4432.23290251614,3,True,population_collapse_convergence,72,differential_evolution_staged_direct_search,True,182,173.35454344427092,8,False,maxiter_budget
2025-05-05,M612,1257.9569999999999,1230.6944999999998,21,38656.90801430227,37046.48120144376,35436.05438858524,1610.4268128585154,0.0,8545.856794518033,45592.337995961796,4761.61487420981,0.0,3,0.050693099983618595,0.2004360999999335,0,differential_evolution_staged_direct_search,True,17,-4452.9719625384105,2,True,population_collapse_convergence,36,differential_evolution_staged_direct_search,True,42,-3491.5208405294115,3,True,population_collapse_convergence,72,differential_evolution_staged_direct_search,True,182,405.33457859408566,8,False,maxiter_budget
2025-05-06,M612,1230.6944999999998,1200.0,21,33595.839792418,35045.75951742821,33227.540624751724,184.14958383314018,1634.0693088433472,8377.919039334602,43423.67855676281,523.2032448570743,2122.930891809596,3,0.05692580000322778,0.2002174999943236,0,differential_evolution_staged_direct_search,True,22,-3656.224780802175,3,True,population_collapse_convergence,36,differential_evolution_staged_direct_search,True,42,-2737.5242181696676,3,True,population_collapse_convergence,72,differential_evolution_staged_direct_search,True,182,880.7958727486896,8,False,maxiter_budget
2025-05-07,M612,1200.0,1353.0848999999998,21,36315.737733845504,36610.432889111464,35475.361261782586,420.1882360314613,714.8833912974177,6793.364144345783,43403.797033457246,948.3196184169954,1022.2842718395791,3,0.07898320000094827,0.24471160001121461,0,differential_evolution_staged_direct_search,True,12,-4148.622209699611,1,True,population_collapse_convergence,36,differential_evolution_staged_direct_search,True,92,-2985.0225283592717,8,False,maxiter_budget,72,differential_evolution_staged_direct_search,True,182,502.6019643792107,8,False,maxiter_budget
2025-05-08,M612,1353.0848999999998,2752.1012643039735,21,42019.14240781568,40522.07143552597,39025.00046323627,1497.0709722897045,0.0,556.4308677666662,41078.50230329263,6052.237968475925,0.0,3,0.08866380000836216,0.29826770001091063,0,differential_evolution_staged_direct_search,True,17,-4454.308225980993,2,True,population_collapse_convergence,36,differential_evolution_staged_direct_search,True,42,-3059.904826603629,3,True,population_collapse_convergence,72,differential_evolution_staged_direct_search,True,182,767.0439770029351,8,False,maxiter_budget
2025-05-09,M612,2752.1012643039735,3286.9409308319964,21,16449.16385578131,16377.770607225375,16306.377356669444,71.39324955593258,9.999989067921433e-07,260.7861701699764,16638.55677739535,143.25392930778116,8.362593299817221e-07,3,0.08944850000261795,0.28559349999704864,0,differential_evolution_staged_direct_search,True,17,-1429.8225762585566,2,True,population_collapse_convergence,36,differential_evolution_staged_direct_search,True,92,-4455.600000000001,8,False,maxiter_budget,72,differential_evolution_staged_direct_search,True,182,709.2081807539214,8,False,maxiter_budget
2025-05-10,M612,3286.9409308319964,3080.402600737995,21,16216.163823014587,16296.86317277993,16216.16381999866,1.507963078591956e-06,80.69935127330595,427.88598548699736,16724.749158266928,2.4230145072579035e-06,63.16110210312526,3,0.06064700000570156,0.23155460000270978,0,differential_evolution_staged_direct_search,True,17,-1431.4183811315484,2,True,population_collapse_convergence,36,differential_evolution_staged_direct_search,True,32,-4454.762100075286,2,True,population_collapse_convergence,72,differential_evolution_staged_direct_search,True,182,638.896477411673,8,False,maxiter_budget
2025-05-11,M612,3080.402600737995,2789.1167520370386,21,40156.97852562439,39304.24692595477,37972.34815515635,1092.315185234018,239.58358556440243,185.28330416666628,39489.53023012144,4680.357755439638,189.38940431076776,3,0.08015639999939594,0.252247600001283,0,differential_evolution_staged_direct_search,True,12,-4454.376137209389,1,True,population_collapse_convergence,36,differential_evolution_staged_direct_search,True,92,-3433.590706021894,8,False,maxiter_budget,72,differential_evolution_staged_direct_search,True,182,967.0316949633501,8,False,maxiter_budget
2025-05-12,M612,2789.1167520370386,2942.487026296298,21,35941.59129161801,36852.895735614075,35685.49795598938,128.0466678143149,1039.3511118103718,0.0,36852.895735614075,622.6436557953557,935.4576435077603,3,0.09248429999570362,0.27405979999457486,0,differential_evolution_staged_direct_search,True,22,-3972.996686923282,3,True,population_collapse_convergence,36,differential_evolution_staged_direct_search,True,92,-3567.460784018713,8,False,maxiter_budget,72,differential_evolution_staged_direct_search,True,182,939.4304698875087,8,False,maxiter_budget
2025-05-13,M612,2942.487026296298,3111.853442962962,21,41222.298995703306,39578.69833203784,37358.85205625095,1931.7234697261767,288.1228060607108,0.0,39578.69833203784,7668.968438522755,275.9610261543537,3,0.08147879999887664,0.2847866999945836,0,differential_evolution_staged_direct_search,True,17,-4453.65645477964,2,True,population_collapse_convergence,36,differential_evolution_staged_direct_search,True,42,-3540.3032738865886,3,True,population_collapse_convergence,72,differential_evolution_staged_direct_search,True,182,757.2891233344517,8,False,maxiter_budget
2025-05-14,M612,3111.853442962962,2868.3516271942945,21,40684.5847258082,39967.541872947564,37251.26883446529,1716.657945671454,999.6150928108161,0.0,39967.541872947564,5718.778064207854,1429.4510093728995,3,0.07491699999081902,0.2451874999969732,0,differential_evolution_staged_direct_search,True,22,-4325.764834033982,3,True,population_collapse_convergence,36,differential_evolution_staged_direct_search,True,92,-3097.012551638834,8,False,maxiter_budget,72,differential_evolution_staged_direct_search,True,182,278.95561174907346,8,False,maxiter_budget
2025-05-15,M612,2868.3516271942945,3238.1169647869447,21,39995.28415882049,39486.74805519288,37615.91487295741,1189.6846429315387,681.1485393039316,0.0,39486.74805519288,3271.695607319376,974.0433852480072,3,0.06589540001004934,0.2383064000023296,0,differential_evolution_staged_direct_search,True,12,-4167.371538376996,1,True,population_collapse_convergence,36,differential_evolution_staged_direct_search,True,52,-3586.512340850174,4,True,population_collapse_convergence,72,differential_evolution_staged_direct_search,True,182,280.9643654035993,8,False,maxiter_budget
2025-05-16,M612,3238.1169647869447,2277.9533237376377,21,16263.052737924856,15761.236620184392,15259.420502443927,501.81611774046485,0.0,27.73194656841808,15788.96856675281,971.1530328648764,0.0,3,0.0859271999943303,0.25182599999243394,0,differential_evolution_staged_direct_search,True,17,-1068.5042309655234,2,True,population_collapse_convergence,36,differential_evolution_staged_direct_search,True,92,-4455.600000000001,8,False,maxiter_budget,72,differential_evolution_staged_direct_search,True,182,203.64922483347695,8,False,maxiter_budget
2025-05-17,M612,2277.9533237376377,2596.5653634690184,21,16666.301416308805,16305.835411631533,15945.369406954265,360.466004677268,0.0,233.02305077321876,16538.85846240475,689.1062754426637,0.0,3,0.08410949999233708,0.2913697000039974,0,differential_evolution_staged_direct_search,True,17,-1115.3742122056085,2,True,population_collapse_convergence,36,differential_evolution_staged_direct_search,True,52,-4455.13321614784,4,True,population_collapse_convergence,72,differential_evolution_staged_direct_search,True,182,331.87454422357155,8,False,maxiter_budget
2025-05-18,M612,2596.5653634690184,2907.0842096338943,21,41744.87671158057,39904.109785100576,38063.34285862059,1840.7669264799888,0.0,0.0,39904.109785100576,7029.684106750907,0.0,3,0.07396679998782929,0.22495129999879282,0,differential_evolution_staged_direct_search,True,17,-4452.499917126594,2,True,population_collapse_convergence,36,differential_evolution_staged_direct_search,True,92,-3343.0279320194927,8,False,maxiter_budget,72,differential_evolution_staged_direct_search,True,182,419.3558908648842,8,False,maxiter_budget
2025-05-19,M612,2907.0842096338943,2517.9960746296306,21,37416.95639606804,36995.69517157101,36340.66494424408,538.1457259119786,116.88450141494266,0.0,36995.69517157101,2449.583493538647,107.47549496549314,3,0.07584760000463575,0.25187380000716075,0,differential_evolution_staged_direct_search,True,17,-4453.646117243387,2,True,population_collapse_convergence,36,differential_evolution_staged_direct_search,True,92,-3787.517745968167,8,False,maxiter_budget,72,differential_evolution_staged_direct_search,True,182,291.04628164838306,8,False,maxiter_budget
2025-05-20,M612,2517.9960746296306,2582.8664400000007,21,37417.34622408531,38279.10354892675,36886.581343687,265.382440199157,1127.1397650405943,0.0,38279.10354892675,1188.708620632031,1390.97944529413,3,0.0650638000224717,0.23424780000641476,0,differential_evolution_staged_direct_search,True,17,-4145.358735482157,2,True,population_collapse_convergence,36,differential_evolution_staged_direct_search,True,52,-3475.5887549779545,4,True,population_collapse_convergence,72,differential_evolution_staged_direct_search,True,182,29.317686596489835,8,False,maxiter_budget
2025-05-21,M612,2582.8664400000007,2660.510076666668,21,35822.74992995072,37789.75249087975,35639.93320835097,91.40836079987352,2058.410921728907,0.0,37789.75249087975,444.4850999264455,2450.9779029335,3,0.05625159999181051,0.21451049999450333,0,differential_evolution_staged_direct_search,True,17,-3351.812436114485,2,True,population_collapse_convergence,36,differential_evolution_staged_direct_search,True,42,-2744.629225938799,3,True,population_collapse_convergence,72,differential_evolution_staged_direct_search,True,182,295.08706551176857,8,False,maxiter_budget
2025-05-22,M612,2660.510076666668,2810.689224745781,21,37021.21058077496,36630.97077807231,36240.73097536966,390.2398027026494,0.0,0.0,36630.97077807231,990.2141512224911,0.0,3,0.05696059999172576,0.20891889999620616,0,differential_evolution_staged_direct_search,True,12,-4149.12246311244,1,True,population_collapse_convergence,36,differential_evolution_staged_direct_search,True,52,-3574.882895319691,4,True,population_collapse_convergence,72,differential_evolution_staged_direct_search,True,162,55.419799409509984,7,True,population_collapse_convergence
2025-05-23,M612,2810.689224745781,3410.273942724858,21,15528.649336130584,15976.185582529988,15528.649336130586,0.0,447.5362463994031,0.0,15976.185582529988,0.0,349.38406078030664,3,0.07465989999764133,0.23776419999194331,0,differential_evolution_staged_direct_search,True,12,-1128.4840717666696,1,True,population_collapse_convergence,36,differential_evolution_staged_direct_search,True,92,-4455.600000000001,8,False,maxiter_budget,72,differential_evolution_staged_direct_search,True,182,357.9374425127021,8,False,maxiter_budget
2025-05-24,M612,3410.273942724858,3088.5116502053174,21,16156.148319566115,15759.97250725451,15363.796694942901,396.17581231160705,0.0,0.0,15759.97250725451,724.2805282689318,0.0,3,0.084074900005362,0.2564048000058392,0,differential_evolution_staged_direct_search,True,17,-1043.9795325235018,2,True,population_collapse_convergence,36,differential_evolution_staged_direct_search,True,92,-4455.600000000001,8,False,maxiter_budget,72,differential_evolution_staged_direct_search,True,182,-20.038741086577094,8,False,maxiter_budget
2025-05-25,M612,3088.5116502053174,2605.962408888889,21,37175.36130379633,36514.26135482549,35819.754276895015,677.8035134506546,16.70356447981781,84.05219626666586,36598.31355109216,3075.963559305591,14.791912471956579,3,0.05411130000720732,0.20953480000025593,0,differential_evolution_staged_direct_search,True,12,-4451.644044938628,1,True,population_collapse_convergence,36,differential_evolution_staged_direct_search,True,32,-3727.5932085709333,2,True,population_collapse_convergence,72,differential_evolution_staged_direct_search,True,182,276.4874627260374,8,False,maxiter_budget
2025-05-26,M612,2605.962408888889,2730.2050548844454,21,36531.2541320076,38775.23808345705,36501.77709935082,14.738516328392798,2258.7224677778454,0.0,38775.23808345705,23.029598989652527,3343.3652464012544,3,0.06420399999478832,0.21774020000884775,0,differential_evolution_staged_direct_search,True,17,-4190.514320174894,2,True,population_collapse_convergence,36,differential_evolution_staged_direct_search,True,92,-2389.93385140244,8,False,maxiter_budget,72,differential_evolution_staged_direct_search,True,182,-83.05503887867069,8,False,maxiter_budget
2025-05-27,M612,2730.2050548844454,2147.652248901636,21,35053.521660194856,35413.00373039277,34646.5474028636,203.48712866562684,562.9691988635329,0.0,35413.00373039277,363.1544019336269,805.0467594216116,3,0.063492999994196,0.23483159999886993,0,differential_evolution_staged_direct_search,True,12,-3496.0512073771133,1,True,population_collapse_convergence,36,differential_evolution_staged_direct_search,True,52,-3410.018841197333,4,True,population_collapse_convergence,72,differential_evolution_staged_direct_search,True,182,128.0447277619224,8,False,maxiter_budget
2025-05-28,M612,2147.652248901636,2452.5265579629645,21,38632.11120543454,37507.300283824094,36341.37070609334,1145.3702496706042,20.559328060154012,0.0,37507.300283824094,5064.133360949644,16.09857722296681,3,0.051757500012172386,0.20151509999413975,0,differential_evolution_staged_direct_search,True,12,-4453.646117243387,1,True,population_collapse_convergence,36,differential_evolution_staged_direct_search,True,32,-2510.764297811681,2,True,population_collapse_convergence,72,differential_evolution_staged_direct_search,True,182,-287.6557033710967,8,False,maxiter_budget
2025-05-29,M612,2452.5265579629645,1680.8202299999998,21,37344.352497870466,37745.21134970532,35868.69099914146,737.8307493645023,1138.689601199356,169.62528250101747,37914.83663220634,2906.3622194411746,1566.250497893116,3,0.06572749999759253,0.22434070000599604,0,differential_evolution_staged_direct_search,True,12,-4453.646117243387,1,True,population_collapse_convergence,36,differential_evolution_staged_direct_search,True,62,-3011.4810009186685,5,True,population_collapse_convergence,72,differential_evolution_staged_direct_search,True,182,-711.5767368838502,8,False,maxiter_budget
2025-05-30,M612,1680.8202299999998,2267.6223767083734,21,15568.907415718819,15423.938216813724,15278.969017908632,144.96919890509366,0.0,0.0,15423.938216813724,236.64892182539316,0.0,3,0.05050409999967087,0.20371719999820925,0,differential_evolution_staged_direct_search,True,22,-1140.3175530969597,3,True,population_collapse_convergence,36,differential_evolution_staged_direct_search,True,92,-4455.600000000001,8,False,maxiter_budget,72,differential_evolution_staged_direct_search,True,122,-852.1721310975861,5,True,population_collapse_convergence
2025-05-31,M612,2267.6223767083734,2222.1925668313697,21,16674.138075643532,15937.005450878383,15199.872826113238,737.1326247651483,0.0,0.0,15937.005450878383,1598.7114575542791,0.0,3,0.06579050001164433,0.20922910000081174,0,differential_evolution_staged_direct_search,True,12,-1458.2026066509816,1,True,population_collapse_convergence,36,differential_evolution_staged_direct_search,True,92,-4455.600000000001,8,False,maxiter_budget,72,differential_evolution_staged_direct_search,True,182,-865.7868268674835,8,False,maxiter_budget
2025-06-01,M612,2222.1925668313697,1200.0,21,47628.07243621102,45163.496414358655,42483.86508402331,2572.1036760938573,107.52765424148527,23813.96172787646,68977.45814223512,7298.8316592866695,95.8518708122565,3,0.03899660000752192,0.1955249000020558,0,differential_evolution_staged_direct_search,True,32,-4454.154678915149,5,True,population_collapse_convergence,36,differential_evolution_staged_direct_search,True,42,-2409.2436581944467,3,True,population_collapse_convergence,72,differential_evolution_staged_direct_search,True,102,-666.1290686409195,4,True,population_collapse_convergence
2025-06-02,M612,1200.0,1200.0,21,48955.9386229792,45710.26619438369,42464.59376578818,3245.6724285955124,0.0,16735.4915300555,62445.75772443919,10093.462726241205,0.0,3,0.07107049999467563,0.2244022000086261,0,differential_evolution_staged_direct_search,True,32,-4436.774004990438,5,True,population_collapse_convergence,36,differential_evolution_staged_direct_search,True,92,-3335.493867851266,8,False,maxiter_budget,72,differential_evolution_staged_direct_search,True,182,243.06677012154935,8,False,maxiter_budget
2025-06-03,M612,1200.0,1200.0,21,45009.39644648436,43799.81707313847,42590.23769649386,1209.5793749952504,1.649360533479083e-06,17033.62587199831,60833.442945136776,4513.073083431235,1.376187345414337e-06,3,0.06071039999369532,0.21877919998951256,0,differential_evolution_staged_direct_search,True,27,-4420.011393910751,4,True,population_collapse_convergence,36,differential_evolution_staged_direct_search,True,42,-2710.45750027274,3,True,population_collapse_convergence,72,differential_evolution_staged_direct_search,True,182,1178.7156089813764,8,False,maxiter_budget
2025-06-04,M612,1200.0,1200.0,21,52135.31854319952,47904.24304982884,43673.167556458146,4231.075493370694,0.0,12628.728363821541,60532.971413650375,12213.33752305456,0.0,3,0.06411210000806022,0.21394309999595862,0,differential_evolution_staged_direct_search,True,22,-4412.2325564661005,3,True,population_collapse_convergence,36,differential_evolution_staged_direct_search,True,82,-2941.1789479269173,7,True,population_collapse_convergence,72,differential_evolution_staged_direct_search,True,182,1352.076870646486,8,False,maxiter_budget
2025-06-05,M612,1200.0,1200.0,21,45227.60415212932,46333.548193023234,44046.50159216692,590.5512799812038,1696.4953208751112,10860.986557668577,57194.53475069181,2309.404656722363,1462.9371534695529,3,0.06825550002395175,0.2191878000012366,0,differential_evolution_staged_direct_search,True,22,-4403.746892136603,3,True,population_collapse_convergence,36,differential_evolution_staged_direct_search,True,92,-2964.877197868717,8,False,maxiter_budget,72,differential_evolution_staged_direct_search,True,182,1941.113240902693,8,False,maxiter_budget
2025-06-06,M612,1200.0,1217.4015067768883,21,19598.279330764977,19359.518291852917,18863.778417223522,367.2504567707291,128.48941785866975,10594.996459066315,29954.514750919232,745.5759258467652,108.14785527876367,3,0.05979279999155551,0.22013919999881182,0,differential_evolution_staged_direct_search,True,17,-1594.5806801830684,2,True,population_collapse_convergence,36,differential_evolution_staged_direct_search,True,42,-4194.385369025304,3,True,population_collapse_convergence,72,differential_evolution_staged_direct_search,True,182,794.8229790471709,8,False,maxiter_budget
2025-06-07,M612,1217.4015067768883,1342.1828953290992,21,21888.802858158302,21606.452380742972,21324.10190332765,282.3504774153258,0.0,8093.151389141617,29699.60376988459,1017.7333869675117,0.0,3,0.07631809999293182,0.24459400000341702,0,differential_evolution_staged_direct_search,True,22,-3637.597355292447,3,True,population_collapse_convergence,36,differential_evolution_staged_direct_search,True,92,-4455.600000000001,8,False,maxiter_budget,72,differential_evolution_staged_direct_search,True,182,1140.5875803106626,8,False,maxiter_budget
2025-06-08,M612,1342.1828953290992,3741.648220185184,21,50987.492729189195,50628.48161496223,47747.470680013605,1620.0110245877918,1260.9999103608252,239.98246760329044,50868.464082565515,6443.3160482652565,1240.508428726668,3,0.06898419999924954,0.24668660000315867,0,differential_evolution_staged_direct_search,True,12,-4440.221052420941,1,True,population_collapse_convergence,36,differential_evolution_staged_direct_search,True,42,-3503.598596135644,3,True,population_collapse_convergence,72,differential_evolution_staged_direct_search,True,182,1235.1370608682878,8,False,maxiter_budget
2025-06-09,M612,3741.648220185184,3457.537261111113,21,56534.51379317946,54198.505639429,51862.49748567855,2336.0081537504516,0.0,0.0,54198.505639429,6861.5503343200035,0.0,3,0.0758837999892421,0.23824239999521524,0,differential_evolution_staged_direct_search,True,12,-4441.080598023063,1,True,population_collapse_convergence,36,differential_evolution_staged_direct_search,True,92,-3370.6150551766,8,False,maxiter_budget,72,differential_evolution_staged_direct_search,True,182,638.7769704891558,8,False,maxiter_budget
2025-06-10,M612,3457.537261111113,3507.0243305555546,21,52327.07318688047,52279.20441441389,52084.49475180228,121.28921753908936,73.42044507252268,0.0,52279.20441441389,495.9981268923209,63.25473506566095,3,0.0770349999947939,0.24765799999295268,0,differential_evolution_staged_direct_search,True,17,-4441.916501900326,2,True,population_collapse_convergence,36,differential_evolution_staged_direct_search,True,92,-3288.685773117226,8,False,maxiter_budget,72,differential_evolution_staged_direct_search,True,182,1416.1783547824932,8,False,maxiter_budget
2025-06-11,M612,3507.0243305555546,3500.821848703702,21,56693.19848008696,56923.22317151629,54816.834906274555,938.181786906203,1168.2064783355338,0.0,56923.22317151629,2132.0972296758487,939.2892649088917,3,0.06048030001693405,0.2389573999971617,0,differential_evolution_staged_direct_search,True,12,-4442.64739765046,1,True,population_collapse_convergence,36,differential_evolution_staged_direct_search,True,42,-2168.720744046582,3,True,population_collapse_convergence,72,differential_evolution_staged_direct_search,True,182,476.02572856809866,8,False,maxiter_budget
2025-06-12,M612,3500.821848703702,3851.446585659189,21,54810.65325907509,53988.28652943986,53165.91979980463,822.3667296352346,0.0,0.0,53988.28652943986,2399.2566763238174,0.0,3,0.06981890001043212,0.25036289999843575,0,differential_evolution_staged_direct_search,True,12,-4442.513191218166,1,True,population_collapse_convergence,36,differential_evolution_staged_direct_search,True,62,-3290.0473264870648,5,True,population_collapse_convergence,72,differential_evolution_staged_direct_search,True,182,735.3981557672824,8,False,maxiter_budget
2025-06-13,M612,3851.446585659189,3997.179535035992,21,24102.38605840826,23882.23259153814,23662.079124668024,220.15346687011905,0.0,0.0,23882.23259153814,400.1554756346855,0.0,3,0.10267849999945611,0.3061739000113448,0,differential_evolution_staged_direct_search,True,22,-1850.3241153524064,3,True,population_collapse_convergence,36,differential_evolution_staged_direct_search,True,92,-3995.860748470749,8,False,maxiter_budget,72,differential_evolution_staged_direct_search,True,182,857.7331932394376,8,False,maxiter_budget
2025-06-14,M612,3997.179535035992,3799.2263858407437,21,24395.598567099187,24054.489232253036,23713.379897406874,341.1093348461566,0.0,0.0,24054.489232253036,633.696347454048,0.0,3,0.0803847999923164,0.25661710000713356,0,differential_evolution_staged_direct_search,True,17,-2055.9606667708044,2,True,population_collapse_convergence,36,differential_evolution_staged_direct_search,True,92,-4455.600000000001,8,False,maxiter_budget,72,differential_evolution_staged_direct_search,True,182,404.56993349674934,8,False,maxiter_budget
2025-06-15,M612,3799.2263858407437,4170.020498140903,21,50654.5312367147,53266.56372027747,50484.15955279688,85.18584195890745,2697.2183255216805,0.0,53266.56372027747,249.3381633117773,3535.838881083829,3,0.07359529999666847,0.24116280001180712,0,differential_evolution_staged_direct_search,True,17,-4442.040610231388,2,True,population_collapse_convergence,36,differential_evolution_staged_direct_search,True,52,-2989.8417021422974,4,True,population_collapse_convergence,72,differential_evolution_staged_direct_search,True,182,616.7228465462812,8,False,maxiter_budget
2025-06-16,M612,4170.020498140903,3680.6712890860385,21,52900.74912368371,53422.53129221704,52265.014594017324,317.867264833198,839.6494333665281,0.0,53422.53129221704,625.7362476372873,1063.1247305976522,3,0.06761079998977948,0.2432427000021562,0,differential_evolution_staged_direct_search,True,17,-4442.266325189446,2,True,population_collapse_convergence,36,differential_evolution_staged_direct_search,True,42,-2597.465767560839,3,True,population_collapse_convergence,72,differential_evolution_staged_direct_search,True,182,825.4852484387094,8,False,maxiter_budget
2025-06-17,M612,3680.6712890860385,3636.0807223583033,21,53539.38420861743,54329.35763138283,53095.56438644778,221.90991108482746,1011.8833338502287,272.48612390094405,54601.84375528377,524.1665401017922,1214.812749518936,3,0.09259500000916887,0.28244229999836534,0,differential_evolution_staged_direct_search,True,12,-4439.307342370713,1,True,population_collapse_convergence,36,differential_evolution_staged_direct_search,True,92,-3060.3981526332523,8,False,maxiter_budget,72,differential_evolution_staged_direct_search,True,182,1013.3216750571225,8,False,maxiter_budget
2025-06-18,M612,3636.0807223583033,3632.6652126847803,21,54157.88560076388,53788.72643651198,51710.08801196399,1223.898794399941,854.7396301480417,0.0,53788.72643651198,3520.626563815157,953.7381558765169,3,0.06643210000765976,0.2275560999987647,0,differential_evolution_staged_direct_search,True,17,-4440.904227202221,2,True,population_collapse_convergence,36,differential_evolution_staged_direct_search,True,92,-2908.0194882686505,8,False,maxiter_budget,72,differential_evolution_staged_direct_search,True,182,1374.9293034467778,8,False,maxiter_budget
2025-06-19,M612,3632.6652126847803,3691.595995312242,21,51077.838649680634,51111.6432246423,48433.21675110889,1322.3109492858691,1356.1155242475443,1.0355553083300035,51112.67877995063,3846.0845767600745,1249.9649852176485,3,0.05712389999825973,0.2190208999963943,0,differential_evolution_staged_direct_search,True,12,-4440.083692921859,1,True,population_collapse_convergence,36,differential_evolution_staged_direct_search,True,32,-3377.6010871772764,2,True,population_collapse_convergence,72,differential_evolution_staged_direct_search,True,182,1777.402065023533,8,False,maxiter_budget
2025-06-20,M612,3691.595995312242,4020.6853328834172,21,23516.02654224544,23203.188611669262,22890.350681093085,312.8379305761779,0.0,0.0,23203.188611669262,536.7312835396249,0.0,3,0.07783389998076018,0.2316908000066178,0,differential_evolution_staged_direct_search,True,17,-1516.4417542151355,2,True,population_collapse_convergence,36,differential_evolution_staged_direct_search,True,92,-4454.130662456827,8,False,maxiter_budget,72,differential_evolution_staged_direct_search,True,182,605.2052359263993,8,False,maxiter_budget
2025-06-21,M612,4020.6853328834172,4580.348200201669,21,22992.241774799666,22760.95289553429,22529.66401626892,231.2888792653737,0.0,0.0,22760.95289553429,405.630052849808,0.0,3,0.06958150000718888,0.21810840000398457,0,differential_evolution_staged_direct_search,True,17,-1592.6126394000344,2,True,population_collapse_convergence,36,differential_evolution_staged_direct_search,True,92,-4455.600000000001,8,False,maxiter_budget,72,differential_evolution_staged_direct_search,True,182,892.1482328436347,8,False,maxiter_budget
2025-06-22,M612,4580.348200201669,3738.675093060176,21,48251.48055755662,49699.465403784416,46836.19187917983,707.6443391883957,2155.6291854161846,0.0,49699.465403784416,2904.4740119798425,1906.933731425548,3,0.05615769998985343,0.2041419000015594,0,differential_evolution_staged_direct_search,True,12,-4435.839806393159,1,True,population_collapse_convergence,36,differential_evolution_staged_direct_search,True,42,-3686.0807874763427,3,True,population_collapse_convergence,72,differential_evolution_staged_direct_search,True,182,1911.1406513083061,8,False,maxiter_budget
2025-06-23,M612,3738.675093060176,3100.6782299229103,21,50136.24888646594,49368.25235591707,48600.25582536821,767.9965305488681,0.0,0.0,49368.25235591707,2780.4547787797596,0.0,3,0.05858930000977125,0.2110058999969624,0,differential_evolution_staged_direct_search,True,17,-4423.939079365704,2,True,population_collapse_convergence,36,differential_evolution_staged_direct_search,True,42,-3260.547195719304,3,True,population_collapse_convergence,72,differential_evolution_staged_direct_search,True,182,1330.2429443015124,8,False,maxiter_budget
2025-06-24,M612,3100.6782299229103,3062.2212402191626,21,57484.61600241135,56165.07924570628,54845.54248900121,1319.5367567050664,0.0,18.075019528476478,56183.154265234756,3717.548739709012,0.0,3,0.05731320001359563,0.21487890000571497,0,differential_evolution_staged_direct_search,True,22,-4419.557525711706,3,True,population_collapse_convergence,36,differential_evolution_staged_direct_search,True,32,-2830.476546613002,2,True,population_collapse_convergence,72,differential_evolution_staged_direct_search,True,182,1425.0544943935258,8,False,maxiter_budget
2025-06-25,M612,3062.2212402191626,2712.9502886653513,21,49408.76756200588,50372.10634499459,48025.65525059069,691.5561557075973,1654.8949386963,19.25758782859109,50391.36393282318,2649.140489701819,1406.4852186100002,3,0.058032100001582876,0.20998290000716224,0,differential_evolution_staged_direct_search,True,17,-4407.646826469443,2,True,population_collapse_convergence,36,differential_evolution_staged_direct_search,True,32,-3303.6233399820035,2,True,population_collapse_convergence,72,differential_evolution_staged_direct_search,True,182,2148.017898178046,8,False,maxiter_budget
2025-06-26,M612,2712.9502886653513,2265.0946801093673,21,48293.61557889463,48868.02520573697,47567.12889596078,363.24334146692445,937.6529683092699,119.4183810717722,48987.443586808746,1437.906653306745,1005.0647409980702,3,0.05519469999126159,0.20521289999305736,0,differential_evolution_staged_direct_search,True,17,-4417.3911471137735,2,True,population_collapse_convergence,36,differential_evolution_staged_direct_search,True,32,-3205.7798102295937,2,True,population_collapse_convergence,72,differential_evolution_staged_direct_search,True,182,1390.8678891802385,8,False,maxiter_budget
2025-06-27,M612,2265.0946801093673,2489.8845158935337,21,21409.178195633212,20726.774376826783,20044.370558020357,682.4038188064267,0.0,0.0,20726.774376826783,1640.2296988883586,0.0,3,0.07111790000635665,0.3045801999978721,0,differential_evolution_staged_direct_search,True,22,-1789.2097171137073,3,True,population_collapse_convergence,36,differential_evolution_staged_direct_search,True,92,-4455.600000000001,8,False,maxiter_budget,72,differential_evolution_staged_direct_search,True,182,621.8743952900564,8,False,maxiter_budget
2025-06-28,M612,2489.8845158935337,2076.354220001942,21,19835.864936999347,19705.66359231519,19575.46224763103,130.20134468416077,0.0,0.0,19705.66359231519,243.63592899775534,0.0,3,0.05956229999719653,0.2309362000087276,0,differential_evolution_staged_direct_search,True,17,-1377.3418826660522,2,True,population_collapse_convergence,36,differential_evolution_staged_direct_search,True,32,-4308.004190764195,2,True,population_collapse_convergence,72,differential_evolution_staged_direct_search,True,182,-70.67561280694538,8,False,maxiter_budget
2025-06-29,M612,2076.354220001942,2047.076367019894,21,45464.734186935806,47691.75304057625,44385.72865038247,539.5027682766708,2766.5216219171084,111.63123082500024,47803.38427140125,1431.937883088229,2550.8135080868014,3,0.08792610000818968,0.2616194000001997,0,differential_evolution_staged_direct_search,True,22,-4454.581948224575,3,True,population_collapse_convergence,36,differential_evolution_staged_direct_search,True,92,-3301.645568471018,8,False,maxiter_budget,72,differential_evolution_staged_direct_search,True,182,-599.0034530018426,8,False,maxiter_budget
2025-06-30,M612,2047.076367019894,1876.907302562379,21,50404.072627848225,49326.75895613759,47833.786201931944,1285.1432129581397,207.82954124751333,158.98018780833252,49485.739143945924,3734.7052736228243,140.6575112328277,3,0.10334970000258181,0.33414739998988807,0,differential_evolution_staged_direct_search,True,22,-4454.581948224575,3,True,population_collapse_convergence,36,differential_evolution_staged_direct_search,True,92,-2877.189889764896,8,False,maxiter_budget,72,differential_evolution_staged_direct_search,True,182,-608.4554862874079,8,False,maxiter_budget
2025-07-01,M612,1876.907302562379,1200.0,21,44301.162653337175,49319.1181893345,44301.16265333718,0.0,5017.955535997321,32368.452221710057,81687.57041104455,0.0,4794.770220660543,3,0.05665549999685027,0.23364790000778157,0,differential_evolution_staged_direct_search,True,12,-4454.581948224575,1,True,population_collapse_convergence,36,differential_evolution_staged_direct_search,True,52,-2558.094701438415,4,True,population_collapse_convergence,72,differential_evolution_staged_direct_search,True,142,-612.6674129529964,6,True,population_collapse_convergence
2025-07-02,M612,1200.0,1200.0,21,42645.80251335504,44560.61917932574,42645.80251335504,0.0,1914.816665970694,30309.3840215581,74870.00320088383,0.0,2625.8279363284214,3,0.09035779999976512,0.2935443000023952,0,differential_evolution_staged_direct_search,True,22,-4355.768667220736,3,True,population_collapse_convergence,36,differential_evolution_staged_direct_search,True,92,-2570.738197175776,8,False,maxiter_budget,72,differential_evolution_staged_direct_search,True,182,581.8622770150347,8,False,maxiter_budget
2025-07-03,M612,1200.0,1200.0,21,48766.527154354655,51169.34712058386,47602.1270843447,582.2000350049772,2985.020001234174,23456.68082693171,74626.02794751557,1628.684608547575,2633.2455925562017,3,0.07479449998936616,0.2681500999897253,0,differential_evolution_staged_direct_search,True,27,-4343.776637221815,4,True,population_collapse_convergence,36,differential_evolution_staged_direct_search,True,42,-2079.4706450448057,3,True,population_collapse_convergence,72,differential_evolution_staged_direct_search,True,182,1746.7772889040816,8,False,maxiter_budget
2025-07-04,M612,1200.0,1200.0000066254045,21,19416.953335471553,20130.51770390499,19235.78182115582,90.58575715786816,804.1501255913035,26763.784924577354,46894.30262848234,144.43609964954993,623.5746412021665,3,0.06148489998304285,0.21002210000006016,0,differential_evolution_staged_direct_search,True,47,-965.6512343125264,8,False,maxiter_budget,36,differential_evolution_staged_direct_search,True,22,-4279.9382571758615,1,True,population_collapse_convergence,72,differential_evolution_staged_direct_search,True,182,1583.936788981471,8,False,maxiter_budget
2025-07-05,M612,1200.0000066254045,1207.7429999999997,21,20885.59730682359,21780.7693507595,20468.282067732493,208.65761954554907,1103.8296634814583,21328.116699283353,43108.88605004286,332.88234971805787,850.6730194396454,3,0.0626184999855468,0.21254469999985304,0,differential_evolution_staged_direct_search,True,17,-1149.9085540139592,2,True,population_collapse_convergence,36,differential_evolution_staged_direct_search,True,92,-4195.408978702105,8,False,maxiter_budget,72,differential_evolution_staged_direct_search,True,182,2075.1503263244203,8,False,maxiter_budget
2025-07-06,M612,1207.7429999999997,1200.0,21,48918.02831802271,52389.3760106571,48739.26446166422,89.38192817924705,3560.729620813629,17771.34626911342,70160.72227977052,241.81746612136098,4880.799268288334,3,0.06770679999317508,0.234649600010016,0,differential_evolution_staged_direct_search,True,17,-4123.338842394266,2,True,population_collapse_convergence,36,differential_evolution_staged_direct_search,True,42,-1850.7969257875932,3,True,population_collapse_convergence,72,differential_evolution_staged_direct_search,True,182,3313.3093986895556,8,False,maxiter_budget
2025-07-07,M612,1200.0,1320.7775100000001,21,49759.158449696806,49025.45837274666,48291.75829579653,733.7000769501351,0.0,8405.664452977655,57431.12282572431,2026.6710897236578,0.0,3,0.0838305999932345,0.28290649999689776,0,differential_evolution_staged_direct_search,True,17,-4359.611201470642,2,True,population_collapse_convergence,36,differential_evolution_staged_direct_search,True,42,-3425.492615815122,3,True,population_collapse_convergence,72,differential_evolution_staged_direct_search,True,182,1970.167638930049,8,False,maxiter_budget
2025-07-08,M612,1320.7775100000001,3997.1686239691153,21,63751.8108902516,61130.66088691951,58509.51088358741,2621.15000333209,0.0,0.0,61130.66088691951,7941.535652441289,0.0,3,0.05743760001496412,0.2119179000001168,0,differential_evolution_staged_direct_search,True,22,-4375.180132993058,3,True,population_collapse_convergence,36,differential_evolution_staged_direct_search,True,32,-2199.0952541679762,2,True,population_collapse_convergence,72,differential_evolution_staged_direct_search,True,182,2042.2996308553782,8,False,maxiter_budget
2025-07-09,M612,3997.1686239691153,4294.888178408745,21,61955.534109843196,59125.74204509066,56295.94998033812,2829.792064752537,0.0,0.0,59125.74204509066,8729.822639774684,0.0,3,0.06988439998531248,0.21340069999860134,0,differential_evolution_staged_direct_search,True,27,-4375.337578806958,4,True,population_collapse_convergence,36,differential_evolution_staged_direct_search,True,92,-2766.6161663711446,8,False,maxiter_budget,72,differential_evolution_staged_direct_search,True,182,1894.7063696839434,8,False,maxiter_budget
2025-07-10,M612,4294.888178408745,3877.3309738964717,21,57943.956705038516,56773.819446425594,55603.68218781268,1170.1372586129182,0.0,0.0,56773.819446425594,3647.2922811381995,0.0,3,0.05822139998781495,0.20540320000145584,0,differential_evolution_staged_direct_search,True,27,-4375.601017353879,4,True,population_collapse_convergence,36,differential_evolution_staged_direct_search,True,52,-2128.746639689558,4,True,population_collapse_convergence,72,differential_evolution_staged_direct_search,True,182,1689.572446386898,8,False,maxiter_budget
2025-07-11,M612,3877.3309738964717,4054.4158639980938,21,31896.649570777972,31039.08537751774,30181.521184257508,857.5641932602339,0.0,0.0,31039.08537751774,1999.9714561194135,0.0,3,0.049659800017252564,0.19889829999010544,0,differential_evolution_staged_direct_search,True,12,-2512.135017502841,1,True,population_collapse_convergence,36,differential_evolution_staged_direct_search,True,32,-4419.575310540058,2,True,population_collapse_convergence,72,differential_evolution_staged_direct_search,True,182,528.522648315529,8,False,maxiter_budget
2025-07-12,M612,4054.4158639980938,3982.001625410026,21,30153.79362916612,30060.2879010242,29966.78217288228,93.50572814192168,0.0,39.903697728964616,30100.191598753165,138.91729396431094,0.0,3,0.0641341000009561,0.2242123000032734,0,differential_evolution_staged_direct_search,True,27,-2234.5542528726082,4,True,population_collapse_convergence,36,differential_evolution_staged_direct_search,True,62,-4414.53841875708,5,True,population_collapse_convergence,72,differential_evolution_staged_direct_search,True,182,1465.49792217226,8,False,maxiter_budget
2025-07-13,M612,3982.001625410026,3990.3454783087427,21,62537.498753190164,58178.48985228273,53819.4809513753,4359.008900907433,0.0,230.00369166666732,58408.49354394939,12523.074644016353,0.0,3,0.06003370000689756,0.23074970000016037,0,differential_evolution_staged_direct_search,True,12,-4375.652865119484,1,True,population_collapse_convergence,36,differential_evolution_staged_direct_search,True,32,-2664.060503548114,2,True,population_collapse_convergence,72,differential_evolution_staged_direct_search,True,182,822.0467152335387,8,False,maxiter_budget
2025-07-14,M612,3990.3454783087427,4142.510128552233,21,58310.685853289186,56109.869891507864,53909.05392972655,2200.8159617813158,0.0,0.0,56109.869891507864,7594.816600252285,0.0,3,0.06593430000066292,0.2171659999876283,0,differential_evolution_staged_direct_search,True,12,-4375.652865119484,1,True,population_collapse_convergence,36,differential_evolution_staged_direct_search,True,92,-3346.1981848521614,8,False,maxiter_budget,72,differential_evolution_staged_direct_search,True,182,1954.1272991657672,8,False,maxiter_budget
2025-07-15,M612,4142.510128552233,4480.23459572102,21,60528.044405119625,57571.38788152573,54614.731357931836,2956.6565235938942,0.0,0.0,57571.38788152573,9861.38021745445,0.0,3,0.05579610000131652,0.1978833999892231,0,differential_evolution_staged_direct_search,True,17,-4375.916303666404,2,True,population_collapse_convergence,36,differential_evolution_staged_direct_search,True,52,-3533.5859949026717,4,True,population_collapse_convergence,72,differential_evolution_staged_direct_search,True,182,1243.8988896711387,8,False,maxiter_budget
2025-07-16,M612,4480.23459572102,4024.5567143070384,21,58564.399438274726,56809.03496856985,55053.670498864965,1755.3644697048812,0.0,0.0,56809.03496856985,5491.006480875461,0.0,3,0.0583912000147393,0.2034535999991931,0,differential_evolution_staged_direct_search,True,17,-4375.916303666404,2,True,population_collapse_convergence,36,differential_evolution_staged_direct_search,True,52,-3550.313158799398,4,True,population_collapse_convergence,72,differential_evolution_staged_direct_search,True,182,1178.1771064292614,8,False,maxiter_budget
2025-07-17,M612,4024.5567143070384,4331.90408351852,21,57069.09413987564,56759.24772958566,54899.589400047764,1084.752369913936,774.9059596239495,0.0,56759.24772958566,3983.355700787285,758.4035719128068,3,0.0683714000188047,0.23535180000180844,0,differential_evolution_staged_direct_search,True,17,-4377.93444109177,2,True,population_collapse_convergence,36,differential_evolution_staged_direct_search,True,32,-3237.5316012704134,2,True,population_collapse_convergence,72,differential_evolution_staged_direct_search,True,182,2134.5602261243935,8,False,maxiter_budget
2025-07-18,M612,4331.90408351852,4186.849254444445,21,32488.777546872014,31031.387164038875,29573.996781205744,1457.3903828331331,0.0,0.0,31031.387164038875,3760.7209773421387,0.0,3,0.05532190001395065,0.20408559999486897,0,differential_evolution_staged_direct_search,True,22,-2658.9598794354765,3,True,population_collapse_convergence,36,differential_evolution_staged_direct_search,True,32,-4440.601073525499,2,True,population_collapse_convergence,72,differential_evolution_staged_direct_search,True,182,686.7425693010752,8,False,maxiter_budget
2025-07-19,M612,4186.849254444445,4017.1472111519856,21,32364.54808218827,31063.47261979848,29762.39715740869,1301.0754623897928,0.0,0.0,31063.47261979848,3261.9980774582436,0.0,3,0.071248000007472,0.22685920000367332,0,differential_evolution_staged_direct_search,True,17,-1971.8230337173668,2,True,population_collapse_convergence,36,differential_evolution_staged_direct_search,True,92,-4455.600000000001,8,False,maxiter_budget,72,differential_evolution_staged_direct_search,True,182,802.3653577472693,8,False,maxiter_budget
2025-07-20,M612,4017.1472111519856,4366.606932771728,21,60302.71672405034,57855.57261432907,55408.42850460779,2447.144109721275,0.0,0.0,57855.57261432907,8206.175415219626,0.0,3,0.06249900000693742,0.20936609999625944,0,differential_evolution_staged_direct_search,True,12,-4379.094242338166,1,True,population_collapse_convergence,36,differential_evolution_staged_direct_search,True,92,-2855.0420750053654,8,False,maxiter_budget,72,differential_evolution_staged_direct_search,True,182,1895.8593098098981,8,False,maxiter_budget
2025-07-21,M612,4366.606932771728,4422.9032531225275,21,61499.29154480414,59511.971941749136,57524.65233869415,1987.3196030549948,0.0,0.0,59511.971941749136,6488.6961821290515,0.0,3,0.06547990000399295,0.2117044999904465,0,differential_evolution_staged_direct_search,True,17,-4376.42632659248,2,True,population_collapse_convergence,36,differential_evolution_staged_direct_search,True,92,-2749.8116445997134,8,False,maxiter_budget,72,differential_evolution_staged_direct_search,True,182,1796.9791515855388,8,False,maxiter_budget
2025-07-22,M612,4422.9032531225275,3615.4617274560674,21,58022.30630839292,58006.78173364562,55423.8203730835,1299.242967654714,1283.718392907411,40.115857500000274,58046.89759114562,4148.014057209039,1636.4038282785416,3,0.06682389999332372,0.2145537000033073,0,differential_evolution_staged_direct_search,True,12,-4376.42632659248,1,True,population_collapse_convergence,36,differential_evolution_staged_direct_search,True,92,-2609.9939106828833,8,False,maxiter_budget,72,differential_evolution_staged_direct_search,True,182,1496.188588401453,8,False,maxiter_budget
2025-07-23,M612,3615.4617274560674,3501.3544120975444,21,65149.39047004808,60569.41885503164,55989.447240015215,4579.971615016432,0.0,142.9103943999996,60712.32924943164,13226.233313996638,0.0,3,0.05372390001139138,0.1987680000020191,0,differential_evolution_staged_direct_search,True,17,-4362.604464062821,2,True,population_collapse_convergence,36,differential_evolution_staged_direct_search,True,42,-3408.4491112003298,3,True,population_collapse_convergence,72,differential_evolution_staged_direct_search,True,182,2181.4943325708687,8,False,maxiter_budget
2025-07-24,M612,3501.3544120975444,3576.553099678584,21,62931.94564315036,59025.76634164862,55119.58704014688,3906.179301501739,0.0,0.0,59025.76634164862,11926.666018159634,0.0,3,0.0737947999878088,0.2285498999990523,0,differential_evolution_staged_direct_search,True,27,-4340.26475355536,4,True,population_collapse_convergence,36,differential_evolution_staged_direct_search,True,52,-3555.250115423633,4,True,population_collapse_convergence,72,differential_evolution_staged_direct_search,True,182,2097.2506509870254,8,False,maxiter_budget
2025-07-25,M612,3576.553099678584,2922.041799616863,21,26984.909767666013,26600.990420475955,26217.071073285893,383.9193471900609,0.0,0.0,26600.990420475955,806.7710215422437,0.0,3,0.0541370000137249,0.20062279999547172,0,differential_evolution_staged_direct_search,True,17,-1666.5926836307426,2,True,population_collapse_convergence,36,differential_evolution_staged_direct_search,True,42,-4439.003287437421,3,True,population_collapse_convergence,72,differential_evolution_staged_direct_search,True,182,2019.7179530063804,8,False,maxiter_budget
2025-07-26,M612,2922.041799616863,2692.6308279137934,21,26544.245811590503,26398.385302735485,26252.52479388046,145.86050885502237,0.0,0.0,26398.385302735485,314.84030045604334,0.0,3,0.06569349998608232,0.223716799999238,0,differential_evolution_staged_direct_search,True,17,-1667.6185658777545,2,True,population_collapse_convergence,36,differential_evolution_staged_direct_search,True,72,-4426.912897571836,6,True,population_collapse_convergence,72,differential_evolution_staged_direct_search,True,182,1837.7838631937868,8,False,maxiter_budget
2025-07-27,M612,2692.6308279137934,2467.5623553229148,21,52870.15074862626,52894.058145472896,50475.07882355081,1197.5359625377282,1221.4433593843673,0.0,52894.058145472896,3794.241173870088,1133.5267610838375,3,0.06980660001863725,0.22733019999577664,0,differential_evolution_staged_direct_search,True,22,-4350.3532881840865,3,True,population_collapse_convergence,36,differential_evolution_staged_direct_search,True,92,-2817.559974484929,8,False,maxiter_budget,72,differential_evolution_staged_direct_search,True,182,1544.4024031416525,8,False,maxiter_budget
2025-07-28,M612,2467.5623553229148,1857.967822407407,21,53811.777714092525,53966.10831013418,52875.53217780859,468.12276814196525,622.4533641836167,9.879354300000355,53975.98766443418,1301.5664078830146,625.0881505503214,3,0.06815020000794902,0.2183807999972487,0,differential_evolution_staged_direct_search,True,22,-4388.313617912581,3,True,population_collapse_convergence,36,differential_evolution_staged_direct_search,True,92,-2456.834950794215,8,False,maxiter_budget,72,differential_evolution_staged_direct_search,True,182,434.33344059132844,8,False,maxiter_budget
2025-07-29,M612,1857.967822407407,2152.4647557781773,21,52299.36820869906,55167.64564070618,51969.91969356352,164.72425756777255,3033.0016895748836,353.972057833333,55521.617698539514,725.6640140163347,3235.2759054085673,3,0.06944010002189316,0.22500030000810511,0,differential_evolution_staged_direct_search,True,17,-4453.0765661086625,2,True,population_collapse_convergence,36,differential_evolution_staged_direct_search,True,92,-2783.111625889321,8,False,maxiter_budget,72,differential_evolution_staged_direct_search,True,182,-603.4845569621715,8,False,maxiter_budget
2025-07-30,M612,2152.4647557781773,2362.3449166872742,21,48415.33024330184,53833.877137125426,48350.39869283881,32.46577523151546,5451.012669055097,47.04765546666701,53880.92479259209,142.67534709521186,6026.477280890507,3,0.06908620000467636,0.21383350000542123,0,differential_evolution_staged_direct_search,True,17,-4453.076566108663,2,True,population_collapse_convergence,36,differential_evolution_staged_direct_search,True,92,-2822.182717633552,8,False,maxiter_budget,72,differential_evolution_staged_direct_search,True,182,-561.4634066768393,8,False,maxiter_budget
2025-07-31,M612,2362.3449166872742,1738.154654925607,21,50639.40764516556,52107.718341692416,50399.45600533166,119.97581991694769,1588.2865164438135,271.3801338583321,52379.098475550745,515.8766302902994,1619.9953795962151,3,0.06742300000041723,0.21900549999554642,0,differential_evolution_staged_direct_search,True,22,-4453.076566108663,3,True,population_collapse_convergence,36,differential_evolution_staged_direct_search,True,92,-3164.702398530261,8,False,maxiter_budget,72,differential_evolution_staged_direct_search,True,182,-522.072557969529,8,False,maxiter_budget
2025-08-01,M612,1738.154654925607,2028.0187468369995,21,25447.1630526195,24761.438278353184,24075.71350408686,685.7247742663221,0.0,0.0,24761.438278353184,1531.17848634193,0.0,3,0.06536830001277849,0.2154210000007879,0,differential_evolution_staged_direct_search,True,17,-1358.6181079913817,2,True,population_collapse_convergence,36,differential_evolution_staged_direct_search,True,92,-4455.600000000001,8,False,maxiter_budget,72,differential_evolution_staged_direct_search,True,182,-782.4507907960412,8,False,maxiter_budget
2025-08-02,M612,2028.0187468369995,2157.4768587161802,21,26332.998109399017,25800.385625406838,25267.773141414655,532.6124839921813,0.0,0.0,25800.385625406838,1363.8594634897238,0.0,3,0.0699731999920914,0.214197499997681,0,differential_evolution_staged_direct_search,True,17,-1485.669638335228,2,True,population_collapse_convergence,36,differential_evolution_staged_direct_search,True,92,-4455.600000000001,8,False,maxiter_budget,72,differential_evolution_staged_direct_search,True,182,-776.2490696709197,8,False,maxiter_budget
2025-08-03,M612,2157.4768587161802,1519.5371550000004,21,44650.07052146228,44404.55449571593,44159.03846996957,245.5160257463507,0.0,1996.8259589883917,46401.38045470432,732.3330815976235,0.0,3,0.06592410001030657,0.2205934000085108,0,differential_evolution_staged_direct_search,True,17,-3811.324339326807,2,True,population_collapse_convergence,36,differential_evolution_staged_direct_search,True,92,-3468.1498272564986,8,False,maxiter_budget,72,differential_evolution_staged_direct_search,True,182,-413.2256923186037,8,False,maxiter_budget
2025-08-04,M612,1519.5371550000004,1939.1969356347342,21,48739.677218783385,48804.24409322713,46044.617818292114,1347.5297002456343,1412.0965746893858,147.2301803999996,48951.47427362713,3894.289825136023,2003.0431385372085,3,0.05173359997570515,0.20366759999888018,0,differential_evolution_staged_direct_search,True,12,-4140.964349592281,1,True,population_collapse_convergence,36,differential_evolution_staged_direct_search,True,32,-3346.5229506003952,2,True,population_collapse_convergence,72,differential_evolution_staged_direct_search,True,182,-411.67736429814346,8,False,maxiter_budget
2025-08-05,M612,1939.1969356347342,1838.47471503181,21,47363.95956197541,48513.133706231034,45960.396134562296,701.7817137065535,1850.9558579621857,244.41723099999794,48757.55093723103,2361.7181072689664,2598.4460470894546,3,0.05786450000596233,0.2176367000065511,0,differential_evolution_staged_direct_search,True,12,-4140.706342481494,1,True,population_collapse_convergence,36,differential_evolution_staged_direct_search,True,42,-3312.314679305956,3,True,population_collapse_convergence,72,differential_evolution_staged_direct_search,True,182,-409.5177848443385,8,False,maxiter_budget
2025-08-06,M612,1838.47471503181,1655.3591292144579,21,53347.99132483774,51313.51405642294,49279.03678800813,2034.4772684148063,0.0,0.0,51313.51405642294,5482.313508043397,0.0,3,0.05554610000399407,0.2209238999930676,0,differential_evolution_staged_direct_search,True,12,-4177.834694874486,1,True,population_collapse_convergence,36,differential_evolution_staged_direct_search,True,42,-3158.3347638527493,3,True,population_collapse_convergence,72,differential_evolution_staged_direct_search,True,182,-455.6270615442677,8,False,maxiter_budget
2025-08-07,M612,1655.3591292144579,1945.0626498148133,21,52212.705895074556,50073.44706551886,46611.77447507116,2800.465710001702,661.2068804459958,57.961106208333895,50131.4081717272,11150.343282648526,516.4893119198671,3,0.05993760000274051,0.20961249999527354,0,differential_evolution_staged_direct_search,True,22,-4454.024652609251,3,True,population_collapse_convergence,36,differential_evolution_staged_direct_search,True,52,-3663.5742518341576,4,True,population_collapse_convergence,72,differential_evolution_staged_direct_search,True,182,-616.91993662622,8,False,maxiter_budget
2025-08-08,M612,1945.0626498148133,2140.8374920423207,21,25067.671022837727,24878.764917562105,24689.858812286482,188.90610527562035,0.0,0.0,24878.764917562105,381.9403709786601,0.0,3,0.07557919998362195,0.2330519999959506,0,differential_evolution_staged_direct_search,True,22,-1665.6779116492096,3,True,population_collapse_convergence,36,differential_evolution_staged_direct_search,True,92,-4455.600000000001,8,False,maxiter_budget,72,differential_evolution_staged_direct_search,True,182,-814.1060667077661,8,False,maxiter_budget
2025-08-09,M612,2140.8374920423207,1858.5588883423586,21,24559.629161849516,24406.645735902057,24253.662309954598,152.98342594746092,0.0,0.0,24406.645735902057,270.29381688435524,0.0,3,0.06175869998696726,0.215626399993198,0,differential_evolution_staged_direct_search,True,12,-1593.365242194662,1,True,population_collapse_convergence,36,differential_evolution_staged_direct_search,True,92,-4455.600000000001,8,False,maxiter_budget,72,differential_evolution_staged_direct_search,True,182,-784.9154000500994,8,False,maxiter_budget
2025-08-10,M612,1858.5588883423586,2384.2744797869223,21,49697.483905988214,48324.25985635582,46951.03580672343,1373.2240496323925,0.0,157.41654046666756,48481.67639682249,4233.8191452484525,0.0,3,0.05599090000032447,0.2032681999990018,0,differential_evolution_staged_direct_search,True,17,-4120.467643806121,2,True,population_collapse_convergence,36,differential_evolution_staged_direct_search,True,42,-3879.6006399710595,3,True,population_collapse_convergence,72,differential_evolution_staged_direct_search,True,182,-507.92383329767904,8,False,maxiter_budget
2025-08-11,M612,2384.2744797869223,1981.6063503703713,21,47229.23612089497,47274.93981854862,45948.992634226866,640.1217433340529,685.8254409877026,1069.282379691663,48344.222198240284,2919.597319301218,611.1846018727903,3,0.05674650000582915,0.2045046999992337,0,differential_evolution_staged_direct_search,True,17,-4454.269149621008,2,True,population_collapse_convergence,36,differential_evolution_staged_direct_search,True,42,-3179.7188437665213,3,True,population_collapse_convergence,72,differential_evolution_staged_direct_search,True,182,-479.87486206599453,8,False,maxiter_budget
2025-08-12,M612,1981.6063503703713,2055.684238452155,21,50351.64273223917,48930.21637328528,47224.71091456262,1563.4659088382787,142.0395498843856,1067.1021600166682,49997.31853330195,6207.057316209839,104.62669911336002,3,0.06228920001012739,0.20559649998904206,0,differential_evolution_staged_direct_search,True,22,-4454.269149621009,3,True,population_collapse_convergence,36,differential_evolution_staged_direct_search,True,42,-3375.1807590185044,3,True,population_collapse_convergence,72,differential_evolution_staged_direct_search,True,182,-541.8013299416581,8,False,maxiter_budget
2025-08-13,M612,2055.684238452155,2266.0148603693315,21,45919.74921353996,46838.9547901431,45488.101196299984,215.82400861998664,1135.0295852231332,710.6717716583321,47549.62656180143,957.5760609012511,1456.2313770308447,3,0.05733219999819994,0.21315529999264982,0,differential_evolution_staged_direct_search,True,17,-4220.692441539971,2,True,population_collapse_convergence,36,differential_evolution_staged_direct_search,True,32,-3279.473123111792,2,True,population_collapse_convergence,72,differential_evolution_staged_direct_search,True,182,-556.5870727190929,8,False,maxiter_budget
2025-08-14,M612,2266.0148603693315,2023.3948890461259,21,48040.46771706775,48822.850811629454,45896.48845061731,1071.9896332252174,1854.3727277869168,1216.4066693166644,50039.25748094612,3468.149925525584,2609.318583428991,3,0.05952969999634661,0.20657639999990351,0,differential_evolution_staged_direct_search,True,17,-4377.436618441543,2,True,population_collapse_convergence,36,differential_evolution_staged_direct_search,True,42,-2896.073731539019,3,True,population_collapse_convergence,72,differential_evolution_staged_direct_search,True,182,-439.7837670649765,8,False,maxiter_budget
2025-08-15,M612,2023.3948890461259,1754.2572314944493,21,25445.666090314655,24712.439407576356,23979.212724838053,733.2266827383011,0.0,0.0,24712.439407576356,1601.1966656856305,0.0,3,0.07460449999780394,0.24857750000956003,0,differential_evolution_staged_direct_search,True,17,-1641.81844009319,2,True,population_collapse_convergence,36,differential_evolution_staged_direct_search,True,92,-4455.600000000001,8,False,maxiter_budget,72,differential_evolution_staged_direct_search,True,182,-847.0014280066782,8,False,maxiter_budget
2025-08-16,M612,1754.2572314944493,1964.504317407408,21,26988.73388407183,25541.756471677163,24094.779059282497,1446.9774123946647,0.0,398.50281019559435,25940.259281872757,3435.2666365965592,0.0,3,0.07007669999438804,0.2260664000059478,0,differential_evolution_staged_direct_search,True,12,-1386.6509479807357,1,True,population_collapse_convergence,36,differential_evolution_staged_direct_search,True,92,-4455.600000000001,8,False,maxiter_budget,72,differential_evolution_staged_direct_search,True,182,-835.9043746923966,8,False,maxiter_budget
2025-08-17,M612,1964.504317407408,2212.340628067555,21,49464.70034721395,48100.86245477266,45904.93867764372,1779.8808347851177,416.04294234383235,689.5558209166664,48790.41827568932,7439.690134455786,300.49172038153824,3,0.0667964999738615,0.21408759999030735,0,differential_evolution_staged_direct_search,True,22,-4453.436545569666,3,True,population_collapse_convergence,36,differential_evolution_staged_direct_search,True,92,-3537.186773795931,8,False,maxiter_budget,72,differential_evolution_staged_direct_search,True,182,-578.5036379077604,8,False,maxiter_budget
2025-08-18,M612,2212.340628067555,2276.17598756464,21,48440.2894050723,47395.53730497426,46350.78520487623,1044.7521000980362,0.0,631.1531925250015,48026.690497499265,3353.6318860641722,0.0,3,0.06711190000351053,0.21599859998968896,0,differential_evolution_staged_direct_search,True,17,-4453.436545569666,2,True,population_collapse_convergence,36,differential_evolution_staged_direct_search,True,92,-3417.2917121009446,8,False,maxiter_budget,72,differential_evolution_staged_direct_search,True,182,-396.57188484055257,8,False,maxiter_budget
2025-08-19,M612,2276.17598756464,2020.0603183061312,21,47815.810162369715,47102.20396109423,46388.59775981876,713.6062012754824,0.0,1025.3072232499972,48127.51118434423,2689.779061247299,0.0,3,0.04295960001763888,0.19653879999532364,0,differential_evolution_staged_direct_search,True,17,-4408.0914015414055,2,True,population_collapse_convergence,36,differential_evolution_staged_direct_search,True,32,-3491.1464665339563,2,True,population_collapse_convergence,72,differential_evolution_staged_direct_search,True,142,-366.72505098871176,6,True,population_collapse_convergence
2025-08-20,M612,2020.0603183061312,1874.5801629491166,21,52270.293903655234,50880.776120283495,48550.96999703528,1859.6619533099765,470.1441699382349,1057.7052918583308,51938.481412141824,6662.285651434481,400.9317157300257,3,0.05306189999100752,0.2047339999990072,0,differential_evolution_staged_direct_search,True,22,-4453.039764261318,3,True,population_collapse_convergence,36,differential_evolution_staged_direct_search,True,22,-2778.8876089883497,1,True,population_collapse_convergence,72,differential_evolution_staged_direct_search,True,182,-577.4282056582897,8,False,maxiter_budget
2025-08-21,M612,1874.5801629491166,2082.789112433952,21,49570.6465478498,47970.72280827696,46370.799062731196,1599.9237425592985,2.986463631189884e-06,0.0,47970.72280827696,6449.012183851563,2.561903308066037e-06,3,0.05389360000845045,0.19600209999771323,0,differential_evolution_staged_direct_search,True,17,-4453.039764261318,2,True,population_collapse_convergence,36,differential_evolution_staged_direct_search,True,42,-3290.6056748259048,3,True,population_collapse_convergence,72,differential_evolution_staged_direct_search,True,182,-573.0098701033936,8,False,maxiter_budget
2025-08-22,M612,2082.789112433952,1684.339457777778,21,24886.81243177847,24419.820260788656,23952.828089798837,466.99217098981575,0.0,1105.9148728879343,25525.73513367659,1013.9172755786014,0.0,3,0.06525719999626745,0.21344750000571366,0,differential_evolution_staged_direct_search,True,17,-1516.074123251005,2,True,population_collapse_convergence,36,differential_evolution_staged_direct_search,True,92,-4455.600000000001,8,False,maxiter_budget,72,differential_evolution_staged_direct_search,True,182,-879.9717354136004,8,True,maxiter_budget
2025-08-23,M612,1684.339457777778,2146.8439348007555,21,24282.177154733967,25069.700187896557,24282.177152479315,1.127327259979438e-06,787.5230342899158,0.0,25069.700187896557,1.797253503355023e-06,597.1333546831196,3,0.09334379999199882,0.2644397999974899,0,differential_evolution_staged_direct_search,True,47,-1767.9750799612839,8,False,maxiter_budget,36,differential_evolution_staged_direct_search,True,92,-4455.600000000001,8,False,maxiter_budget,72,differential_evolution_staged_direct_search,True,182,-752.6034834550635,8,False,maxiter_budget
2025-08-24,M612,2146.8439348007555,2340.5357527799,21,47354.802905248536,47014.58217795601,46674.36144361513,340.2207308167016,3.524169056231585e-06,119.7582709333327,47134.340448889336,1122.6679163663778,3.2554330573475454e-06,3,0.08371400000760332,0.28157500000088476,0,differential_evolution_staged_direct_search,True,12,-4127.139859864775,1,True,population_collapse_convergence,36,differential_evolution_staged_direct_search,True,92,-3756.602040901365,8,False,maxiter_budget,72,differential_evolution_staged_direct_search,True,182,-535.9971399024344,8,False,maxiter_budget
2025-08-25,M612,2340.5357527799,2138.05236537037,21,60483.84117805648,55187.312160804824,49890.78314355318,5296.529017251655,0.0,337.46699522499983,55524.77915602982,16583.78756865484,0.0,3,0.05737230001250282,0.2147530999936862,0,differential_evolution_staged_direct_search,True,17,-4452.476752532336,2,True,population_collapse_convergence,36,differential_evolution_staged_direct_search,True,32,-3576.882714835922,2,True,population_collapse_convergence,72,differential_evolution_staged_direct_search,True,182,-428.041853158961,8,False,maxiter_budget
2025-08-26,M612,2138.05236537037,2560.4150968238996,21,47803.385643149144,48104.65225215325,46805.65603022173,498.8648064637043,800.1314154678181,217.13155835833356,48321.78381051159,1225.7684161593652,1139.2268083844233,3,0.05568160000257194,0.2167193000059342,0,differential_evolution_staged_direct_search,True,22,-4125.938998203353,3,True,population_collapse_convergence,36,differential_evolution_staged_direct_search,True,32,-3420.080281852518,2,True,population_collapse_convergence,72,differential_evolution_staged_direct_search,True,142,-475.1556194624938,6,True,population_collapse_convergence
2025-08-27,M612,2560.4150968238996,2288.3205185015886,21,47770.22211553048,50576.00521482283,47172.76755974982,298.727277890335,3104.510377182676,0.0,50576.00521482283,1361.9860223744472,3665.4286944542887,3,0.05253889998130035,0.20246819999010768,0,differential_evolution_staged_direct_search,True,12,-4452.476752532336,1,True,population_collapse_convergence,36,differential_evolution_staged_direct_search,True,32,-3456.36004197722,2,True,population_collapse_convergence,72,differential_evolution_staged_direct_search,True,182,-616.2864988156643,8,False,maxiter_budget
2025-08-28,M612,2288.3205185015886,2284.9723215445724,21,46677.39167468203,50758.25055571459,46677.391674682025,0.0,4080.85888103256,383.0028472499995,51141.25340296459,0.0,4436.406311064645,3,0.06709539999428671,0.21552599999995437,0,differential_evolution_staged_direct_search,True,12,-4453.421711396141,1,True,population_collapse_convergence,36,differential_evolution_staged_direct_search,True,92,-3001.871234415512,8,False,maxiter_budget,72,differential_evolution_staged_direct_search,True,182,-519.8995577832959,8,False,maxiter_budget
2025-08-29,M612,2284.9723215445724,2253.865536424357,21,26990.221674136403,26510.08549869021,26029.949323244018,480.13617544619143,0.0,0.0,26510.08549869021,1052.7257913259373,0.0,3,0.04762879999179859,0.19193109999469016,0,differential_evolution_staged_direct_search,True,17,-1983.1194968726431,2,True,population_collapse_convergence,36,differential_evolution_staged_direct_search,True,92,-4455.600000000001,8,False,maxiter_budget,72,differential_evolution_staged_direct_search,True,102,-858.8977875878669,4,True,population_collapse_convergence
2025-08-30,M612,2253.865536424357,1778.4223484301838,21,25933.53215404052,25422.489447091644,24911.44674014277,511.04270694887714,0.0,0.0,25422.489447091644,1283.0148768408935,0.0,3,0.07095009999466129,0.2236174999998184,0,differential_evolution_staged_direct_search,True,47,-1708.426667163378,8,False,maxiter_budget,36,differential_evolution_staged_direct_search,True,92,-4455.600000000001,8,False,maxiter_budget,72,differential_evolution_staged_direct_search,True,182,-841.7103192236772,8,False,maxiter_budget
2025-08-31,M612,1778.4223484301838,2332.563541296297,21,48087.02300906988,48694.231361037,47163.7516021116,461.63570347913685,1068.8440554462527,545.3790451574707,49239.610406194464,1128.8677629950103,1527.5351494144506,3,0.07129500000155531,0.2443414000008488,0,differential_evolution_staged_direct_search,True,12,-4118.208593160169,1,True,population_collapse_convergence,36,differential_evolution_staged_direct_search,True,42,-2527.572965683691,3,True,population_collapse_convergence,72,differential_evolution_staged_direct_search,True,182,-408.61253496766557,8,False,maxiter_budget
2025-09-01,M612,2332.563541296297,5948.831592777777,21,52666.8130995381,49771.77402691092,46876.73494838818,2895.039075574962,2.947782618508654e-06,0.0,49771.77402691092,10986.419242395232,2.5120649524978944e-06,3,0.07350850000511855,0.256801199997426,0,differential_evolution_staged_direct_search,True,22,-4453.875467936411,3,True,population_collapse_convergence,36,differential_evolution_staged_direct_search,True,42,-2904.552990432588,3,True,population_collapse_convergence,72,differential_evolution_staged_direct_search,True,182,-588.4628949724885,8,False,maxiter_budget
2025-09-02,M612,5948.831592777777,5648.69228148148,21,45066.05314774171,46668.54569779528,44122.84659292489,471.60327740840773,2074.0958274619734,0.0,46668.54569779528,2144.092092092251,2495.3273104552227,3,0.07178380001278128,0.23125749999599066,0,differential_evolution_staged_direct_search,True,12,-4453.875467936411,1,True,population_collapse_convergence,36,differential_evolution_staged_direct_search,True,92,-3398.7923265350005,8,False,maxiter_budget,72,differential_evolution_staged_direct_search,True,182,-643.4016520783684,8,False,maxiter_budget
2025-09-03,M612,5648.69228148148,5596.134995370371,21,47794.95426026166,46602.78563018036,45215.494272217824,1289.729994021915,97.56136394063142,0.0,46602.78563018036,5404.3031940929595,89.34247491447633,3,0.07141380001849029,0.21238389999780338,0,differential_evolution_staged_direct_search,True,17,-4453.875467936411,2,True,population_collapse_convergence,36,differential_evolution_staged_direct_search,True,92,-3420.154437775933,8,False,maxiter_budget,72,differential_evolution_staged_direct_search,True,182,-638.6766188556091,8,False,maxiter_budget
2025-09-04,M612,5596.134995370371,5522.980336295934,21,47426.55145905861,46339.03426853271,45251.51707800681,1087.5171905259026,0.0,0.0,46339.03426853271,3957.6379525193083,0.0,3,0.056392299986328,0.21089830000710208,0,differential_evolution_staged_direct_search,True,17,-4208.074550011329,2,True,population_collapse_convergence,36,differential_evolution_staged_direct_search,True,42,-3783.8493706940667,3,True,population_collapse_convergence,72,differential_evolution_staged_direct_search,True,182,-513.3579213117287,8,False,maxiter_budget
2025-09-05,M612,5522.980336295934,5679.958943703703,21,23468.855209910824,22990.729258100015,22512.603306289202,478.1259518108115,0.0,0.0,22990.729258100015,991.1660200598818,0.0,3,0.06469540001126006,0.21413870000105817,0,differential_evolution_staged_direct_search,True,17,-1911.8497649601836,2,True,population_collapse_convergence,36,differential_evolution_staged_direct_search,True,92,-4455.600000000001,8,False,maxiter_budget,72,differential_evolution_staged_direct_search,True,182,-1018.6054970267423,8,False,maxiter_budget
2025-09-06,M612,5679.958943703703,6240.174578771424,21,23613.38239334687,23301.264203729595,22989.14601411232,312.11818961727516,0.0,0.0,23301.264203729595,624.0071019620157,0.0,3,0.06509690001257695,0.21286220000183675,0,differential_evolution_staged_direct_search,True,17,-1894.8612681080097,2,True,population_collapse_convergence,36,differential_evolution_staged_direct_search,True,92,-4455.600000000001,8,False,maxiter_budget,72,differential_evolution_staged_direct_search,True,182,-1018.9471833172893,8,False,maxiter_budget
2025-09-07,M612,6240.174578771424,5410.496896296297,21,44060.78597841655,46600.52160149581,42742.27168666364,659.2571458764535,3198.992768955719,0.0,46600.52160149581,3011.4771255622118,4271.960570720053,3,0.10011859999212902,0.2795154000050388,0,differential_evolution_staged_direct_search,True,12,-4078.5638788139922,1,True,population_collapse_convergence,36,differential_evolution_staged_direct_search,True,92,-3458.120331342807,8,False,maxiter_budget,72,differential_evolution_staged_direct_search,True,182,-752.2096416331127,8,False,maxiter_budget
2025-09-08,M612,5410.496896296297,1391.2438253609598,21,39865.65627016104,39931.997034251675,37634.51069131178,1115.5727894246304,1181.9135535152677,283.04241159413215,40215.03944584581,4760.590137973413,1152.6598064278946,3,0.07812979999289382,0.26662650000071153,0,differential_evolution_staged_direct_search,True,17,-4452.666419699287,2,True,population_collapse_convergence,36,differential_evolution_staged_direct_search,True,92,-3239.3116766042062,8,False,maxiter_budget,72,differential_evolution_staged_direct_search,True,182,-866.8249101855243,8,False,maxiter_budget
2025-09-09,M612,1391.2438253609598,1461.3145385185187,21,36989.36225339929,38060.00420824466,36989.36225339929,0.0,1070.641954845366,1098.4357980138366,39158.4400062585,0.0,1013.421928751369,3,0.09287900000344962,0.2802081000118051,0,differential_evolution_staged_direct_search,True,47,-3900.0538556801725,8,False,maxiter_budget,36,differential_evolution_staged_direct_search,True,92,-3593.9759130694783,8,False,maxiter_budget,72,differential_evolution_staged_direct_search,True,182,-650.9487220798843,8,False,maxiter_budget
2025-09-10,M612,1461.3145385185187,1713.203441296295,21,43304.01277417081,42836.30531396411,41156.853828249084,1073.579472960862,605.8720127541673,24.603456924998984,42860.90877088911,3915.3022926584936,577.8764928474602,3,0.10816560000239406,0.3170121000002837,0,differential_evolution_staged_direct_search,True,12,-4452.010399062933,1,True,population_collapse_convergence,36,differential_evolution_staged_direct_search,True,92,-3195.82926056738,8,False,maxiter_budget,72,differential_evolution_staged_direct_search,True,182,-698.2930375135633,8,False,maxiter_budget
2025-09-11,M612,1713.203441296295,1634.5905245802835,21,43378.254564378876,40933.84096684647,38489.42736931406,2444.4135975324084,0.0,0.0,40933.84096684647,8674.027080053997,0.0,3,0.09821409998403396,0.31349169999884907,0,differential_evolution_staged_direct_search,True,17,-4451.7522025836915,2,True,population_collapse_convergence,36,differential_evolution_staged_direct_search,True,92,-3472.4286001702926,8,False,maxiter_budget,72,differential_evolution_staged_direct_search,True,182,-772.5463468416567,8,False,maxiter_budget
2025-09-12,M612,1634.5905245802835,1661.6143977495376,21,18304.042250675964,18177.783180333703,18051.52410999145,126.25907034225801,0.0,0.0,18177.783180333703,223.09002817132688,0.0,3,0.07701529999030754,0.24258089999784715,0,differential_evolution_staged_direct_search,True,22,-2098.1494191180004,3,True,population_collapse_convergence,36,differential_evolution_staged_direct_search,True,92,-4455.600000000001,8,False,maxiter_budget,72,differential_evolution_staged_direct_search,True,182,-1079.1147467819635,8,False,maxiter_budget
2025-09-13,M612,1661.6143977495376,1737.1145107352818,21,18219.53611365133,18110.208677790102,18000.881241928866,109.32743586123266,0.0,0.0,18110.208677790102,187.0490726991614,0.0,3,0.05724109998845961,0.21865900000557303,0,differential_evolution_staged_direct_search,True,12,-2105.955720000531,1,True,population_collapse_convergence,36,differential_evolution_staged_direct_search,True,92,-4455.600000000001,8,False,maxiter_budget,72,differential_evolution_staged_direct_search,True,122,-1270.7204691089387,5,True,population_collapse_convergence
2025-09-14,M612,1737.1145107352818,1251.820035,21,46511.64659780595,43438.1273576216,40364.60811743724,3073.5192401843524,0.0,1751.2930560070151,45189.42041362861,9587.498841919823,0.0,3,0.07571419999294449,0.2287419000058435,0,differential_evolution_staged_direct_search,True,17,-4452.936753606628,2,True,population_collapse_convergence,36,differential_evolution_staged_direct_search,True,92,-2961.109443657618,8,False,maxiter_budget,72,differential_evolution_staged_direct_search,True,182,-998.2422049355148,8,False,maxiter_budget
2025-09-15,M612,1251.820035,1728.9875379629636,21,38935.42745917529,39022.00095597274,38873.15866564379,31.134396765758265,117.7078935632048,784.8371171537034,39806.83807312644,94.34665505836699,101.15748999432788,3,0.054349600002751686,0.2064537999976892,0,differential_evolution_staged_direct_search,True,22,-4088.067653520743,3,True,population_collapse_convergence,36,differential_evolution_staged_direct_search,True,52,-3732.576052545837,4,True,population_collapse_convergence,72,differential_evolution_staged_direct_search,True,182,-1007.8004898462283,8,False,maxiter_budget
2025-09-16,M612,1728.9875379629636,1200.0,21,46475.794486405306,43598.24988955709,40567.69774152286,2954.0483724412243,76.50377559300648,80.22263522415358,43678.472524781246,10248.177582066846,54.65537869815694,3,0.05235460000403691,0.19614660000661388,0,differential_evolution_staged_direct_search,True,17,-4452.015733144326,2,True,population_collapse_convergence,36,differential_evolution_staged_direct_search,True,42,-3294.070998707678,3,True,population_collapse_convergence,72,differential_evolution_staged_direct_search,True,162,-1031.3732185720323,7,True,population_collapse_convergence
2025-09-17,M612,1200.0,1354.2061469403131,21,44739.01804055286,42877.756548051424,41016.49505554999,1861.2614925014373,0.0,0.0,42877.756548051424,5422.408107991665,0.0,3,0.059334000005037524,0.2350451999955112,0,differential_evolution_staged_direct_search,True,17,-4450.458285454991,2,True,population_collapse_convergence,36,differential_evolution_staged_direct_search,True,32,-2676.3144209653155,2,True,population_collapse_convergence,72,differential_evolution_staged_direct_search,True,182,-910.5997690158609,8,False,maxiter_budget
2025-09-18,M612,1354.2061469403131,1356.97632037037,21,39333.153939272546,42395.852146502264,39044.427709317184,144.3631149776811,3207.0613222073957,630.2509678694156,43026.10311437168,301.5296651214104,4340.20502840869,3,0.060630799998762086,0.23292379999475088,0,differential_evolution_staged_direct_search,True,12,-4386.153888147428,1,True,population_collapse_convergence,36,differential_evolution_staged_direct_search,True,62,-2883.6076734373974,5,True,population_collapse_convergence,72,differential_evolution_staged_direct_search,True,182,-1101.277440434177,8,False,maxiter_budget
2025-09-19,M612,1356.97632037037,1919.8614050710885,21,18992.98538764795,18792.614038061587,18592.24268647523,200.3713505863597,9.999952350625563e-07,0.0,18792.614038061587,401.52282869935925,8.721395735762746e-07,3,0.08862590001081116,0.27161709999199957,0,differential_evolution_staged_direct_search,True,12,-2043.6598026676013,1,True,population_collapse_convergence,36,differential_evolution_staged_direct_search,True,92,-4448.475394966114,8,False,maxiter_budget,72,differential_evolution_staged_direct_search,True,162,-1229.554960353053,7,True,population_collapse_convergence
2025-09-20,M612,1919.8614050710885,1822.0036864814813,21,18783.894396394644,18486.281117897444,18188.667839400245,297.61327849720027,0.0,265.240982559014,18751.52210045646,615.7145723226704,0.0,3,0.07141200001933612,0.25037340000562835,0,differential_evolution_staged_direct_search,True,17,-2134.109794934278,2,True,population_collapse_convergence,36,differential_evolution_staged_direct_search,True,92,-4446.197736393663,8,False,maxiter_budget,72,differential_evolution_staged_direct_search,True,182,-1225.5070778109748,8,False,maxiter_budget
2025-09-21,M612,1822.0036864814813,1806.9984203364074,21,43943.87838353906,42826.67837849264,41709.478373446225,1117.2000050464173,0.0,0.0,42826.67837849264,4172.937577977191,0.0,3,0.0636199000000488,0.23143520001030993,0,differential_evolution_staged_direct_search,True,22,-4454.694966221913,3,True,population_collapse_convergence,36,differential_evolution_staged_direct_search,True,32,-3615.120723580243,2,True,population_collapse_convergence,72,differential_evolution_staged_direct_search,True,182,-863.4465123510154,8,False,maxiter_budget
2025-09-22,M612,1806.9984203364074,1391.0280785185184,21,46454.79307404916,43653.2894798613,40851.78588567344,2801.5035941878614,0.0,397.2957831061097,44050.585262967405,8985.605463804879,0.0,3,0.04617970001709182,0.21799180000380147,0,differential_evolution_staged_direct_search,True,12,-4455.007745463078,1,True,population_collapse_convergence,36,differential_evolution_staged_direct_search,True,22,-3093.5651293762267,1,True,population_collapse_convergence,72,differential_evolution_staged_direct_search,True,142,-896.5969871126212,6,True,population_collapse_convergence
2025-09-23,M612,1391.0280785185184,1918.269105770693,21,46329.54847962274,44976.603354668216,43623.65822971369,1352.9451249545227,0.0,69.14849838333348,45045.75185305155,4619.0526616762845,0.0,3,0.05775700000231154,0.2088769000110915,0,differential_evolution_staged_direct_search,True,17,-4455.3318654467,2,True,population_collapse_convergence,36,differential_evolution_staged_direct_search,True,42,-2964.0973939923756,3,True,population_collapse_convergence,72,differential_evolution_staged_direct_search,True,182,-856.1233762745529,8,True,maxiter_budget
2025-09-24,M612,1918.269105770693,2112.219025555558,21,39863.11898317905,42877.58185435587,39863.11898317905,0.0,3014.4628711768232,0.0,42877.58185435587,0.0,3764.6851974358697,3,0.06678050001210067,0.22441369999432936,0,differential_evolution_staged_direct_search,True,22,-4454.791250318343,3,True,population_collapse_convergence,36,differential_evolution_staged_direct_search,True,92,-2841.440033807257,8,False,maxiter_budget,72,differential_evolution_staged_direct_search,True,182,-917.9848780984208,8,False,maxiter_budget
2025-09-25,M612,2112.219025555558,1795.3442764814838,21,43938.98123838693,44240.9786710347,42614.61750938046,662.181864503236,964.1792971510091,0.0,44240.9786710347,3007.4945462313626,1240.628946322936,3,0.06850859998667147,0.2358072000060929,0,differential_evolution_staged_direct_search,True,17,-4454.791250318343,2,True,population_collapse_convergence,36,differential_evolution_staged_direct_search,True,82,-3090.2529485336154,7,True,population_collapse_convergence,72,differential_evolution_staged_direct_search,True,182,-863.4699753710946,8,False,maxiter_budget
2025-09-26,M612,1795.3442764814838,2030.6475712342406,21,20044.9606476915,19531.805418705007,19018.65018971852,513.1552289864926,0.0,0.0,19531.805418705007,1223.731160358203,0.0,3,0.05978469998808578,0.22675129999697674,0,differential_evolution_staged_direct_search,True,12,-2156.261611437469,1,True,population_collapse_convergence,36,differential_evolution_staged_direct_search,True,32,-4364.365078653157,2,True,population_collapse_convergence,72,differential_evolution_staged_direct_search,True,182,-1070.4866143002525,8,False,maxiter_budget
2025-09-27,M612,2030.6475712342406,1558.8880590740764,21,19118.3424217226,19361.609363791864,19118.3424217226,0.0,243.26694206926544,0.0,19361.609363791864,0.0,200.3586807052386,3,0.06137529999250546,0.2360245999880135,0,differential_evolution_staged_direct_search,True,12,-2152.423458913186,1,True,population_collapse_convergence,36,differential_evolution_staged_direct_search,True,92,-4455.600000000001,8,False,maxiter_budget,72,differential_evolution_staged_direct_search,True,142,-978.8144585636761,6,True,population_collapse_convergence
2025-09-28,M612,1558.8880590740764,1933.4937681481483,21,44975.292703178544,45817.78955708569,44235.99860546447,369.6470488570394,1212.1439027641827,39.44987083333338,45857.23942791903,1423.2644124041615,1544.7366518573685,3,0.05290779999631923,0.230378499996732,0,differential_evolution_staged_direct_search,True,17,-4454.791250318343,2,True,population_collapse_convergence,36,differential_evolution_staged_direct_search,True,42,-2965.970026099494,3,True,population_collapse_convergence,72,differential_evolution_staged_direct_search,True,142,-746.4675655362823,6,True,population_collapse_convergence
2025-09-29,M612,1933.4937681481483,1991.5846355506812,21,47699.5689217889,45595.91327757471,43492.25763336052,2103.6556442141887,0.0,926.3440863537088,46522.257363928424,6397.7206797763865,0.0,3,0.0710053000075277,0.24705840001115575,0,differential_evolution_staged_direct_search,True,12,-4454.791250318343,1,True,population_collapse_convergence,36,differential_evolution_staged_direct_search,True,92,-2822.0062436645144,8,False,maxiter_budget,72,differential_evolution_staged_direct_search,True,162,-611.6639003770631,7,True,population_collapse_convergence
2025-09-30,M612,1991.5846355506812,2154.59472593622,21,47346.07538242261,47227.061227176244,45994.32610547637,675.8746384731205,556.8604832267513,286.77058706666764,47513.83181424291,1696.041240664053,468.1017218392065,3,0.06967860000440851,0.22103689999494236,0,differential_evolution_staged_direct_search,True,17,-4454.32841682824,2,True,population_collapse_convergence,36,differential_evolution_staged_direct_search,True,92,-2418.073647135223,8,False,maxiter_budget,72,differential_evolution_staged_direct_search,True,182,-549.9903726790371,8,False,maxiter_budget
2025-10-01,M612,2154.59472593622,3808.48656074074,21,43619.7610388507,42048.5136040619,40281.75848180385,1669.0012785234244,97.75384373462269,0.0,42048.5136040619,6697.573105947195,73.78352188156616,3,0.049803999994765036,0.20764239999698475,0,differential_evolution_staged_direct_search,True,17,-4454.32841682824,2,True,population_collapse_convergence,36,differential_evolution_staged_direct_search,True,92,-3295.6476529086267,8,False,maxiter_budget,72,differential_evolution_staged_direct_search,True,122,-697.8706893816213,5,True,population_collapse_convergence
2025-10-02,M612,3808.48656074074,4025.2773408285725,21,47615.70058713582,43704.95577144167,39794.210955747534,3910.7448156941423,0.0,0.0,43704.95577144167,12168.050244504775,0.0,3,0.060380800015991554,0.20735830000194255,0,differential_evolution_staged_direct_search,True,17,-4454.3065997699405,2,True,population_collapse_convergence,36,differential_evolution_staged_direct_search,True,52,-3070.3359235346716,4,True,population_collapse_convergence,72,differential_evolution_staged_direct_search,True,182,-729.8216413889907,8,False,maxiter_budget
2025-10-03,M612,4025.2773408285725,4317.627589814815,21,17064.22565885191,17390.540706677268,17064.22565885191,0.0,326.3150478253576,0.0,17390.540706677268,0.0,254.33365708693967,3,0.06655200000386685,0.21272319999116007,0,differential_evolution_staged_direct_search,True,17,-2055.754230911293,2,True,population_collapse_convergence,36,differential_evolution_staged_direct_search,True,92,-4455.600000000001,8,False,maxiter_budget,72,differential_evolution_staged_direct_search,True,182,-975.1080814910612,8,False,maxiter_budget
2025-10-04,M612,4317.627589814815,4134.535117948044,21,18969.603498841876,18833.286439756535,18696.969380671195,136.3170590853409,0.0,0.0,18833.286439756535,251.333412169891,0.0,3,0.07771329999377485,0.23047599999699742,0,differential_evolution_staged_direct_search,True,22,-2388.21369457536,3,True,population_collapse_convergence,36,differential_evolution_staged_direct_search,True,92,-4455.600000000001,8,False,maxiter_budget,72,differential_evolution_staged_direct_search,True,182,-936.5791309807113,8,False,maxiter_budget
2025-10-05,M612,4134.535117948044,3812.190293703703,21,45591.509563497835,42500.29137326212,38986.14912822934,3302.6802176342458,211.4620273985346,0.0,42500.29137326212,11503.514791590473,165.17518985669233,3,0.05768629998783581,0.20691870000155177,0,differential_evolution_staged_direct_search,True,32,-4454.326820085441,5,True,population_collapse_convergence,36,differential_evolution_staged_direct_search,True,32,-2569.5980457071632,2,True,population_collapse_convergence,72,differential_evolution_staged_direct_search,True,182,-695.8838516241927,8,False,maxiter_budget
2025-10-06,M612,3812.190293703703,3468.686942222225,21,39676.435211632095,41263.3360090597,39539.45452339494,68.49034411858135,1655.391141546175,0.0,41263.3360090597,190.5743626006056,2258.990483885814,3,0.056784100001095794,0.20696379999571946,0,differential_evolution_staged_direct_search,True,12,-4454.326820085441,1,True,population_collapse_convergence,36,differential_evolution_staged_direct_search,True,42,-2765.738153203377,3,True,population_collapse_convergence,72,differential_evolution_staged_direct_search,True,182,-836.0720231036274,8,False,maxiter_budget
2025-10-07,M612,3468.686942222225,3733.748303333332,21,42099.09109425769,42815.15755438002,40943.51115950096,577.7899673783656,1293.8564275007002,0.0,42815.15755438002,2495.173531014816,1134.5659562768637,3,0.07130359999428038,0.23495919999550097,0,differential_evolution_staged_direct_search,True,17,-4454.326820085441,2,True,population_collapse_convergence,36,differential_evolution_staged_direct_search,True,52,-2649.8623241110845,4,True,population_collapse_convergence,72,differential_evolution_staged_direct_search,True,182,-653.9582210574957,8,False,maxiter_budget
2025-10-08,M612,3733.748303333332,1618.895199814815,21,37446.43540520915,37071.95612860597,36600.67962352677,422.87789084119237,48.398614238012954,849.5170564347487,37921.47318504072,1663.9986422213774,41.447006787056125,3,0.06607830000575632,0.24371789999713656,0,differential_evolution_staged_direct_search,True,17,-4454.326820085441,2,True,population_collapse_convergence,36,differential_evolution_staged_direct_search,True,42,-2516.983355146215,3,True,population_collapse_convergence,72,differential_evolution_staged_direct_search,True,182,-741.8710880491353,8,False,maxiter_budget
2025-10-09,M612,1618.895199814815,1507.7290553703701,21,45204.66920843841,41409.66570635476,37614.66220427112,3795.0035020836444,0.0,1600.3332791851049,43009.99898553987,12424.709865123019,0.0,3,0.06506629999785218,0.23044160001154523,0,differential_evolution_staged_direct_search,True,17,-4454.326820085441,2,True,population_collapse_convergence,36,differential_evolution_staged_direct_search,True,32,-2505.438298607801,2,True,population_collapse_convergence,72,differential_evolution_staged_direct_search,True,182,-745.6306530846969,8,False,maxiter_budget
2025-10-10,M612,1507.7290553703701,1330.4175396296296,21,16733.910792768052,16467.73651869761,16201.562244627168,266.17427407044136,0.0,945.4701773969907,17413.2066960946,589.8439102943186,0.0,3,0.06305229999998119,0.21125770000799093,0,differential_evolution_staged_direct_search,True,12,-2298.7645418791017,1,True,population_collapse_convergence,36,differential_evolution_staged_direct_search,True,92,-4455.600000000001,8,False,maxiter_budget,72,differential_evolution_staged_direct_search,True,182,-782.4424006292271,8,False,maxiter_budget
2025-10-11,M612,1330.4175396296296,1708.9105087037033,21,17177.798402048516,17074.19146863561,16970.584533222704,103.6069344129087,9.99998677642111e-07,1100.85285622998,18175.04432486559,192.9006412454081,9.663223439552698e-07,3,0.050936699990415946,0.1961163999949349,0,differential_evolution_staged_direct_search,True,17,-2521.1803636733,2,True,population_collapse_convergence,36,differential_evolution_staged_direct_search,True,42,-4448.751197504825,3,True,population_collapse_convergence,72,differential_evolution_staged_direct_search,True,182,-735.8162674647059,8,False,maxiter_budget
2025-10-12,M612,1708.9105087037033,1330.86288,21,40028.832923669135,39498.23830033077,38789.63495725966,619.5989832047364,89.0043598663719,3275.0849120275698,42773.32321235834,2812.1555133610086,73.6813587550792,3,0.05405829999654088,0.20172489999094978,0,differential_evolution_staged_direct_search,True,17,-4454.040001567707,2,True,population_collapse_convergence,36,differential_evolution_staged_direct_search,True,42,-3377.62476344837,3,True,population_collapse_convergence,72,differential_evolution_staged_direct_search,True,182,-675.0022816250109,8,False,maxiter_budget
2025-10-13,M612,1330.86288,1619.059346732363,21,41926.591088520916,40812.57519037798,38489.92387717144,1718.333605674737,604.3177075318035,0.0,40812.57519037798,6497.115238052522,527.1334707740928,3,0.07803460001014173,0.2484884999867063,0,differential_evolution_staged_direct_search,True,17,-4454.040001567707,2,True,population_collapse_convergence,36,differential_evolution_staged_direct_search,True,92,-2599.562760967028,8,False,maxiter_budget,72,differential_evolution_staged_direct_search,True,182,-560.7190664861153,8,False,maxiter_budget
2025-10-14,M612,1619.059346732363,1321.0899025925928,21,43643.85061517741,42597.79698799474,40618.52576409173,1512.6624255428403,466.60879836017,473.06928249846914,43070.866270493214,5284.208996450603,392.95212640064324,3,0.0571771999966586,0.2116385999979684,0,differential_evolution_staged_direct_search,True,12,-4454.541762257497,1,True,population_collapse_convergence,36,differential_evolution_staged_direct_search,True,82,-2449.2090398035625,7,True,population_collapse_convergence,72,differential_evolution_staged_direct_search,True,162,-667.4811531057165,7,True,population_collapse_convergence
2025-10-15,M612,1321.0899025925928,1555.453297102798,21,45979.22262111503,43691.038914254474,41402.85520739392,2288.183706860552,0.0,0.0,43691.038914254474,6875.104407450907,0.0,3,0.038027699978556484,0.17999679999775253,0,differential_evolution_staged_direct_search,True,12,-4454.541762257497,1,True,population_collapse_convergence,36,differential_evolution_staged_direct_search,True,42,-3029.8483306467997,3,True,population_collapse_convergence,72,differential_evolution_staged_direct_search,True,102,-663.0034317413229,4,True,population_collapse_convergence
2025-10-16,M612,1555.453297102798,1650.5931698637576,21,43324.79970977845,43202.246098286894,41954.69925599817,685.0502268901388,562.4966153985932,0.0,43202.246098286894,2019.0588396281846,451.0583052578768,3,0.06028249999508262,0.22181470000941772,0,differential_evolution_staged_direct_search,True,12,-4454.541762257497,1,True,population_collapse_convergence,36,differential_evolution_staged_direct_search,True,52,-2737.738152272418,4,True,population_collapse_convergence,72,differential_evolution_staged_direct_search,True,182,-579.0997420247064,8,False,maxiter_budget
2025-10-17,M612,1650.5931698637576,1539.8672738902135,21,16289.61310711841,16980.814311567723,16289.61310548378,8.173148093192139e-07,691.2012052666315,0.0,16980.814311567723,1.6575031622778624e-06,560.2479214561592,3,0.0697247000207426,0.2142009999952279,0,differential_evolution_staged_direct_search,True,12,-2256.5385401475723,1,True,population_collapse_convergence,36,differential_evolution_staged_direct_search,True,92,-4455.600000000001,8,False,maxiter_budget,72,differential_evolution_staged_direct_search,True,182,-678.8188158566263,8,False,maxiter_budget
2025-10-18,M612,1539.8672738902135,1809.7719792672087,21,18138.896516644578,17624.193317124078,17109.49011760358,514.7031995205014,0.0,0.0,17624.193317124078,1238.1062841045841,0.0,3,0.06874909999896772,0.2370674000121653,0,differential_evolution_staged_direct_search,True,17,-2303.445773128312,2,True,population_collapse_convergence,36,differential_evolution_staged_direct_search,True,92,-4414.271747795657,8,False,maxiter_budget,72,differential_evolution_staged_direct_search,True,122,-771.3260250184447,5,True,population_collapse_convergence
2025-10-19,M612,1809.7719792672087,1624.1917050000004,21,44555.3141999159,43769.46785082512,42878.27570526388,838.5192473260124,52.67289823523914,121.63307689876157,43891.100927723885,2744.3685504095292,74.97349684629069,3,0.06377510001766495,0.21840299999166746,0,differential_evolution_staged_direct_search,True,12,-4454.541762257497,1,True,population_collapse_convergence,36,differential_evolution_staged_direct_search,True,92,-3211.2577566790446,8,False,maxiter_budget,72,differential_evolution_staged_direct_search,True,182,-634.1180893693858,8,False,maxiter_budget
2025-10-20,M612,1624.1917050000004,1334.99904907259,21,47396.71668416416,45716.29783384755,44035.87898353094,1680.4188503166083,0.0,0.0,45716.29783384755,5193.067373559724,0.0,3,0.05325879997690208,0.2100910000008298,0,differential_evolution_staged_direct_search,True,17,-4454.541762257497,2,True,population_collapse_convergence,36,differential_evolution_staged_direct_search,True,42,-3299.342373389599,3,True,population_collapse_convergence,72,differential_evolution_staged_direct_search,True,182,-655.6746561104258,8,False,maxiter_budget
2025-10-21,M612,1334.99904907259,1633.1128114845699,21,46304.185668434024,45798.57599782768,44451.130060915966,926.5278037590301,420.918133152682,0.0,45798.57599782768,2449.326729842066,590.734845754294,3,0.06759429999510758,0.22261900000739843,0,differential_evolution_staged_direct_search,True,17,-4454.679571820499,2,True,population_collapse_convergence,36,differential_evolution_staged_direct_search,True,92,-2541.2073671412563,8,False,maxiter_budget,72,differential_evolution_staged_direct_search,True,182,-706.8660321859275,8,False,maxiter_budget
2025-10-22,M612,1633.1128114845699,1378.6281040740748,21,44122.33815245603,44135.9000643723,43792.59252809102,164.8728121825038,178.4347240987657,390.84610758717116,44526.74617195947,402.9562952204333,277.36240732396953,3,0.056450499992934056,0.20309270000143442,0,differential_evolution_staged_direct_search,True,27,-4454.332210229278,4,True,population_collapse_convergence,36,differential_evolution_staged_direct_search,True,52,-2678.7411337062654,4,True,population_collapse_convergence,72,differential_evolution_staged_direct_search,True,182,-730.8027486470494,8,False,maxiter_budget
2025-10-23,M612,1378.6281040740748,1668.8883670370399,21,51621.33048647639,47515.32206908116,42737.33104740992,4441.999719533236,335.9913021380045,0.0,47515.32206908116,13777.123006323207,281.28821213922754,3,0.06110020000778604,0.21400789999461267,0,differential_evolution_staged_direct_search,True,22,-4454.332210229278,3,True,population_collapse_convergence,36,differential_evolution_staged_direct_search,True,32,-3057.089644284418,2,True,population_collapse_convergence,72,differential_evolution_staged_direct_search,True,182,-652.8920990693042,8,False,maxiter_budget
2025-10-24,M612,1668.8883670370399,1531.1488116666662,21,17712.07079415267,17653.05624032724,17594.041684501808,59.01455482543217,1.0000000862930847e-06,521.4759666020373,18174.532206929278,121.06485088280903,9.663237051679805e-07,3,0.04275150001922157,0.21944000000075903,0,differential_evolution_staged_direct_search,True,17,-2641.3915985339804,2,True,population_collapse_convergence,36,differential_evolution_staged_direct_search,True,52,-4454.940615562695,4,True,population_collapse_convergence,72,differential_evolution_staged_direct_search,True,102,-773.9628982215652,4,True,population_collapse_convergence
2025-10-25,M612,1531.1488116666662,1501.447971111111,21,17698.01354959512,17633.071676152606,17568.129802710086,64.94187344251775,0.0,1100.6839005608754,18733.75557671348,137.07146104683852,0.0,3,0.06525830000464339,0.22574870000244118,0,differential_evolution_staged_direct_search,True,17,-2541.5802997609435,2,True,population_collapse_convergence,36,differential_evolution_staged_direct_search,True,52,-4428.943246477766,4,True,population_collapse_convergence,72,differential_evolution_staged_direct_search,True,182,-798.5502000146759,8,False,maxiter_budget
2025-10-26,M612,1501.447971111111,2069.88993185185,21,48430.13382637952,46165.46343003507,43897.710245573806,2266.21179040286,1.5413940584152594,0.0,46165.46343003507,6561.101809421225,1.2757244431328445,3,0.06000679999124259,0.21337399999902118,0,differential_evolution_staged_direct_search,True,17,-4454.624200607486,2,True,population_collapse_convergence,36,differential_evolution_staged_direct_search,True,52,-3000.86546120526,4,True,population_collapse_convergence,72,differential_evolution_staged_direct_search,True,182,-641.0681029060171,8,False,maxiter_budget
2025-10-27,M612,2069.88993185185,1937.646021851851,21,43978.050700671374,45842.88422049878,43236.14731531826,370.95169267655797,2235.785212503967,89.82957419999975,45932.71379469878,1663.7645015713424,2573.7408048739667,3,0.05822160000388976,0.2115202999993926,0,differential_evolution_staged_direct_search,True,22,-4454.624200607486,3,True,population_collapse_convergence,36,differential_evolution_staged_direct_search,True,32,-3150.2541780073434,2,True,population_collapse_convergence,72,differential_evolution_staged_direct_search,True,182,-602.517544549625,8,False,maxiter_budget
2025-10-28,M612,1937.646021851851,1893.1521133333345,21,43775.69663477653,45613.92926750184,43738.456354768365,18.62014000407965,1856.852772729385,0.0,45613.92926750184,53.979243380430944,2056.3467985816333,3,0.07325179998588283,0.2262365999922622,0,differential_evolution_staged_direct_search,True,17,-4454.673132461299,2,True,population_collapse_convergence,36,differential_evolution_staged_direct_search,True,92,-3290.2697684723626,8,False,maxiter_budget,72,differential_evolution_staged_direct_search,True,182,-587.9569410981994,8,False,maxiter_budget
2025-10-29,M612,1893.1521133333345,1708.110611027556,21,49344.180794575994,48401.04971327771,47457.918631979424,943.1310812982887,0.0,0.0,48401.04971327771,2893.6607687264436,0.0,3,0.05585769997560419,0.20453629999246914,0,differential_evolution_staged_direct_search,True,17,-4454.673132461299,2,True,population_collapse_convergence,36,differential_evolution_staged_direct_search,True,42,-2531.52171489991,3,True,population_collapse_convergence,72,differential_evolution_staged_direct_search,True,182,-621.4344620009444,8,False,maxiter_budget
2025-10-30,M612,1708.110611027556,1696.0298246296331,21,43392.51930852074,44632.47227102748,43260.224513754874,66.14739738293383,1306.1003598896696,16.568520749999568,44649.04079177748,290.6939019245609,1208.7944894507648,3,0.05570260001695715,0.20673079999687616,0,differential_evolution_staged_direct_search,True,17,-4454.673132461299,2,True,population_collapse_convergence,36,differential_evolution_staged_direct_search,True,32,-3303.9989313145843,2,True,population_collapse_convergence,72,differential_evolution_staged_direct_search,True,182,-565.9437970119772,8,False,maxiter_budget
2025-10-31,M612,1696.0298246296331,2000.9525279926684,21,19862.679316213005,19364.884608061082,18867.089899909166,497.7947081519203,0.0,0.0,19364.884608061082,1290.2355224440519,0.0,3,0.069600700007868,0.22587759999441914,0,differential_evolution_staged_direct_search,True,17,-2752.7262647592515,2,True,population_collapse_convergence,36,differential_evolution_staged_direct_search,True,92,-4112.999062287553,8,False,maxiter_budget,72,differential_evolution_staged_direct_search,True,182,-715.5019384874824,8,False,maxiter_budget
2025-11-01,M612,2000.9525279926684,2203.438670555741,21,18757.921637997955,18597.847761664663,18437.773881711386,160.07387814328573,1.809994730538733e-06,0.0,18597.847761664663,405.01508648814365,1.4164375556902087e-06,3,0.06225149999954738,0.21051089999673422,0,differential_evolution_staged_direct_search,True,12,-2691.5483171917554,1,True,population_collapse_convergence,36,differential_evolution_staged_direct_search,True,92,-4089.23901552011,8,False,maxiter_budget,72,differential_evolution_staged_direct_search,True,182,-706.5028393431927,8,False,maxiter_budget
2025-11-02,M612,2203.438670555741,1592.7562955555557,21,47806.222135399046,48634.07673217103,45708.21036208389,1049.0058866575787,1876.8604834295638,1142.736350933336,49776.81308310437,2832.995514950043,2073.4366032081775,3,0.0573222000093665,0.2076159000134794,0,differential_evolution_staged_direct_search,True,17,-4454.673132461299,2,True,population_collapse_convergence,36,differential_evolution_staged_direct_search,True,42,-2851.593175999974,3,True,population_collapse_convergence,72,differential_evolution_staged_direct_search,True,182,-630.9024602885312,8,False,maxiter_budget
2025-11-03,M612,1592.7562955555557,1845.0865676893586,21,51160.365938233736,49191.14796596547,47221.92999369721,1969.2179722682645,0.0,0.0,49191.14796596547,5687.820266362777,0.0,3,0.05783850002626423,0.20730209999601357,0,differential_evolution_staged_direct_search,True,17,-4454.673132461299,2,True,population_collapse_convergence,36,differential_evolution_staged_direct_search,True,52,-2887.061294280825,4,True,population_collapse_convergence,72,differential_evolution_staged_direct_search,True,182,-618.1159693787063,8,False,maxiter_budget
2025-11-04,M612,1845.0865676893586,1473.769461666667,21,47263.4766854067,46942.7543080214,45928.32993637118,667.5733745177632,346.850997132464,345.9056240645545,47288.65993208595,2539.5562368163514,349.2714911123917,3,0.058007100014947355,0.21217080000496935,0,differential_evolution_staged_direct_search,True,17,-4454.496104654127,2,True,population_collapse_convergence,36,differential_evolution_staged_direct_search,True,42,-2814.2234538949738,3,True,population_collapse_convergence,72,differential_evolution_staged_direct_search,True,182,-701.403998480632,8,False,maxiter_budget
2025-11-05,M612,1473.769461666667,1890.2196788888875,21,53091.32906944047,50233.194560193755,47375.06005094704,2858.1345092467163,0.0,109.22909814908047,50342.423658342836,8260.527570031261,0.0,3,0.06439270002010744,0.20679690000542905,0,differential_evolution_staged_direct_search,True,17,-4454.496104654127,2,True,population_collapse_convergence,36,differential_evolution_staged_direct_search,True,92,-2637.169359522146,8,False,maxiter_budget,72,differential_evolution_staged_direct_search,True,182,-611.1917355635896,8,False,maxiter_budget
2025-11-06,M612,1890.2196788888875,1599.4556528728,21,48968.147570014655,48800.12364534495,48241.81239395695,363.16758802884897,195.14366335915352,0.0,48800.12364534495,1140.6785273804448,163.7434125572014,3,0.07375409999804106,0.23596740000357386,0,differential_evolution_staged_direct_search,True,17,-4454.496104654127,2,True,population_collapse_convergence,36,differential_evolution_staged_direct_search,True,92,-2779.528912014264,8,False,maxiter_budget,72,differential_evolution_staged_direct_search,True,182,-645.2061932383824,8,False,maxiter_budget
2025-11-07,M612,1599.4556528728,1794.5658597930087,21,18788.578674888056,18805.106678223154,18788.578672731932,1.0780620255957273e-06,16.528004413158715,0.0,18805.106678223154,2.1862949211026717e-06,14.932743859928479,3,0.03288720001000911,0.18979289999697357,0,differential_evolution_staged_direct_search,True,12,-3130.7317527087275,1,True,population_collapse_convergence,36,differential_evolution_staged_direct_search,True,52,-2896.2469595094017,4,True,population_collapse_convergence,72,differential_evolution_staged_direct_search,True,82,-787.6388727461926,3,True,population_collapse_convergence
2025-11-08,M612,1794.5658597930087,1837.5214334059178,21,18856.884340208573,18784.624726991733,18712.365109977753,72.25961511540942,1.898569314690235e-06,0.0,18784.624726991733,157.70603834920848,1.571338145822665e-06,3,0.06793889998516534,0.21464120000018738,0,differential_evolution_staged_direct_search,True,27,-3011.2539185522037,4,True,population_collapse_convergence,36,differential_evolution_staged_direct_search,True,92,-4179.242944440713,8,False,maxiter_budget,72,differential_evolution_staged_direct_search,True,182,-700.1855541598987,8,False,maxiter_budget
2025-11-09,M612,1837.5214334059178,1874.908250370369,21,50569.30431686803,49636.10392583185,48648.10916074605,960.5975780609898,27.39718702480935,0.0,49636.10392583185,3066.55793535969,22.675097889351832,3,0.06866780000564177,0.21978100000706036,0,differential_evolution_staged_direct_search,True,22,-4454.496104654127,3,True,population_collapse_convergence,36,differential_evolution_staged_direct_search,True,92,-2791.1129905446082,8,False,maxiter_budget,72,differential_evolution_staged_direct_search,True,182,-716.9064690812162,8,False,maxiter_budget
2025-11-10,M612,1874.908250370369,1560.7530211111111,21,50885.793940011616,51866.11435997665,48897.691451970604,994.0512440205035,1974.371663985542,228.1521355371774,52094.26649551383,2779.5028493244454,2001.29556126049,3,0.06582599997636862,0.216486100005568,0,differential_evolution_staged_direct_search,True,17,-4453.824373985893,2,True,population_collapse_convergence,36,differential_evolution_staged_direct_search,True,92,-2431.2380457291983,8,False,maxiter_budget,72,differential_evolution_staged_direct_search,True,182,-637.9511641331253,8,False,maxiter_budget
2025-11-11,M612,1560.7530211111111,1737.1803738888925,21,52947.87328551327,50966.19457380491,48984.51586209655,1981.6787117083632,0.0,0.0,50966.19457380491,5294.000694872753,0.0,3,0.05657169999903999,0.20422300000791438,0,differential_evolution_staged_direct_search,True,17,-4453.824373985893,2,True,population_collapse_convergence,36,differential_evolution_staged_direct_search,True,32,-2857.658678930191,2,True,population_collapse_convergence,72,differential_evolution_staged_direct_search,True,182,-622.7128519843695,8,False,maxiter_budget
2025-11-12,M612,1737.1803738888925,1603.8799725925926,21,50148.482524811174,50810.80171637182,47995.01994491047,1076.7312899503506,1739.0504815110016,45.43865129611993,50856.24036766794,3664.281042559439,1609.253758182887,3,0.06474450000678189,0.21817819999705534,0,differential_evolution_staged_direct_search,True,22,-4454.497923682149,3,True,population_collapse_convergence,36,differential_evolution_staged_direct_search,True,92,-2815.2967032114843,8,False,maxiter_budget,72,differential_evolution_staged_direct_search,True,182,-626.2882982678191,8,False,maxiter_budget
2025-11-13,M612,1603.8799725925926,1779.5870507407406,21,48959.60018111652,50123.35181334242,48088.62268109231,435.4887500121045,1599.2403822380015,36.601531613814636,50159.95334495624,1743.928696762637,1419.6807928189937,3,0.03499900001042988,0.18670310000015888,0,differential_evolution_staged_direct_search,True,17,-4453.722690319422,2,True,population_collapse_convergence,36,differential_evolution_staged_direct_search,True,42,-3292.4486298632864,3,True,population_collapse_convergence,72,differential_evolution_staged_direct_search,True,102,-709.8264025748301,4,True,population_collapse_convergence
2025-11-14,M612,1779.5870507407406,2031.9822773138465,21,19755.22954002845,19612.2752375769,19469.320935125357,142.95430245154517,0.0,0.0,19612.2752375769,347.931938999073,0.0,3,0.049742699979105964,0.22718840000743512,0,differential_evolution_staged_direct_search,True,12,-3073.270706530235,1,True,population_collapse_convergence,36,differential_evolution_staged_direct_search,True,52,-4032.9980187243805,4,True,population_collapse_convergence,72,differential_evolution_staged_direct_search,True,122,-681.5908040870888,5,True,population_collapse_convergence
2025-11-15,M612,2031.9822773138465,1695.3343948402878,21,21127.06355878823,20764.492855697346,20401.922152606458,362.57070309088607,0.0,0.0,20764.492855697346,1127.8130046773524,0.0,3,0.05051329998241272,0.197610800008988,0,differential_evolution_staged_direct_search,True,12,-4209.339504896222,1,True,population_collapse_convergence,36,differential_evolution_staged_direct_search,True,22,-4309.252938019819,1,True,population_collapse_convergence,72,differential_evolution_staged_direct_search,True,182,-653.2025584925423,8,False,maxiter_budget
2025-11-16,M612,1695.3343948402878,1665.063351851851,21,50841.528815729995,51598.31703486103,50189.98292331175,325.7729462091214,1082.5611653401534,0.0,51598.31703486103,1256.7883450135287,919.0071287559749,3,0.04274569998960942,0.1912978999898769,0,differential_evolution_staged_direct_search,True,12,-4454.421524505195,1,True,population_collapse_convergence,36,differential_evolution_staged_direct_search,True,42,-2873.063166775907,3,True,population_collapse_convergence,72,differential_evolution_staged_direct_search,True,142,-659.7425641114626,6,True,population_collapse_convergence
2025-11-17,M612,1665.063351851851,1929.00663277778,21,49414.66979540305,52587.31155121728,48906.38087569759,254.14445985273323,3426.7862156669603,0.0,52587.31155121728,939.7514176454987,3319.146229351122,3,0.05762800002412405,0.21365410000726115,0,differential_evolution_staged_direct_search,True,17,-4454.436804340586,2,True,population_collapse_convergence,36,differential_evolution_staged_direct_search,True,32,-2849.4800131836014,2,True,population_collapse_convergence,72,differential_evolution_staged_direct_search,True,182,-685.1652281609852,8,False,maxiter_budget
2025-11-18,M612,1929.00663277778,1772.6255612962955,21,51583.54842927208,51019.961508623004,50456.37458797394,563.5869206490628,0.0,0.0,51019.961508623004,1500.576472353513,0.0,3,0.058089300015126355,0.20347239999682643,0,differential_evolution_staged_direct_search,True,17,-4454.78845883794,2,True,population_collapse_convergence,36,differential_evolution_staged_direct_search,True,52,-2653.353889542602,4,True,population_collapse_convergence,72,differential_evolution_staged_direct_search,True,182,-603.3452756212109,8,False,maxiter_budget
2025-11-19,M612,1772.6255612962955,1586.7689261111127,21,50662.93960826115,53046.20951442147,49882.74482099277,390.0973936341899,2773.3672997945123,0.0,53046.20951442147,1416.5911083169663,2588.9862835307513,3,0.07290860000648536,0.2364952999923844,0,differential_evolution_staged_direct_search,True,17,-4454.788458837939,2,True,population_collapse_convergence,36,differential_evolution_staged_direct_search,True,92,-2582.1746005726286,8,False,maxiter_budget,72,differential_evolution_staged_direct_search,True,182,-701.2957304074936,8,False,maxiter_budget
2025-11-20,M612,1586.7689261111127,1826.3693181481494,21,50971.73715853931,51883.6817539997,50548.77780823615,211.47967515158157,1123.4242706119721,0.0,51883.6817539997,739.8914061415821,962.7310517535351,3,0.07353900000452995,0.23679180000908673,0,differential_evolution_staged_direct_search,True,12,-4453.917944787381,1,True,population_collapse_convergence,36,differential_evolution_staged_direct_search,True,92,-3026.0036908968955,8,False,maxiter_budget,72,differential_evolution_staged_direct_search,True,182,-695.4366401628363,8,False,maxiter_budget
2025-11-21,M612,1826.3693181481494,2028.598758518516,21,19788.568808540404,19778.761840331765,19768.95486724538,9.80697064751184,2.4388751607062884e-06,0.0,19778.761840331765,20.13332218708456,2.4635102633396855e-06,3,0.06782870000461116,0.22448180000355933,0,differential_evolution_staged_direct_search,True,27,-3245.9759439164927,4,True,population_collapse_convergence,36,differential_evolution_staged_direct_search,True,52,-2945.758782565041,4,True,population_collapse_convergence,72,differential_evolution_staged_direct_search,True,182,-757.5851028425684,8,False,maxiter_budget
2025-11-22,M612,2028.598758518516,1882.569948712947,21,22258.67425078444,21653.029775299343,21047.385299814247,605.6444754850971,0.0,0.0,21653.029775299343,2511.3995051739093,0.0,3,0.06635360000655055,0.2388418000045931,0,differential_evolution_staged_direct_search,True,22,-4250.278754766142,3,True,population_collapse_convergence,36,differential_evolution_staged_direct_search,True,52,-3784.1160324085527,4,True,population_collapse_convergence,72,differential_evolution_staged_direct_search,True,182,-688.8727761380445,8,False,maxiter_budget
2025-11-23,M612,1882.569948712947,1889.3806647289164,21,51922.885699065,52741.36082335253,51117.130962054136,402.8773685054335,1221.35249279296,0.0,52741.36082335253,1348.2885061023862,1151.3405897270854,3,0.0746279000013601,0.22704260000318754,0,differential_evolution_staged_direct_search,True,32,-4453.722035469333,5,True,population_collapse_convergence,36,differential_evolution_staged_direct_search,True,92,-2668.8584607469625,8,False,maxiter_budget,72,differential_evolution_staged_direct_search,True,182,-599.9757708686099,8,False,maxiter_budget
2025-11-24,M612,1889.3806647289164,1377.136607592595,21,50353.32040656096,50248.03042506544,49760.65995425571,296.3302261526279,191.04024465709654,85.71106349999933,50333.741488565436,955.1925140563151,168.5306860953832,3,0.05266450000635814,0.20845639999606647,0,differential_evolution_staged_direct_search,True,17,-4453.722035469333,2,True,population_collapse_convergence,36,differential_evolution_staged_direct_search,True,82,-3036.632861078539,7,True,population_collapse_convergence,72,differential_evolution_staged_direct_search,True,122,-712.7083143257007,5,True,population_collapse_convergence
2025-11-25,M612,1377.136607592595,1642.126568888888,21,59179.57717951614,55888.90607565251,52598.23497178887,3290.6711038636345,0.0,0.0,55888.90607565251,9453.767773280337,0.0,3,0.048233800000161864,0.209461199992802,0,differential_evolution_staged_direct_search,True,12,-4453.690493523419,1,True,population_collapse_convergence,36,differential_evolution_staged_direct_search,True,42,-2885.4769288998496,3,True,population_collapse_convergence,72,differential_evolution_staged_direct_search,True,122,-630.5684718849518,5,True,population_collapse_convergence
2025-11-26,M612,1642.126568888888,2178.420239074074,21,55457.029703547596,54670.273502628035,53059.06329948874,1198.9832020294293,412.22700110986034,209.30622008333327,54879.579722711365,3558.3460024429733,326.47224218417944,3,0.1022058999951696,0.31029920000582933,0,differential_evolution_staged_direct_search,True,17,-4452.93916218891,2,True,population_collapse_convergence,36,differential_evolution_staged_direct_search,True,92,-2523.5598875548803,8,False,maxiter_budget,72,differential_evolution_staged_direct_search,True,182,-655.4116062363815,8,False,maxiter_budget
2025-11-27,M612,2178.420239074074,2002.1308142592595,21,53653.03339608222,53236.67257503848,52371.437803943154,640.7977960695329,224.4369750257908,0.0,53236.67257503848,2224.741796840375,309.01924685100585,3,0.08277090000046883,0.28104590000293683,0,differential_evolution_staged_direct_search,True,17,-4452.93916218891,2,True,population_collapse_convergence,36,differential_evolution_staged_direct_search,True,92,-2811.947324366664,8,False,maxiter_budget,72,differential_evolution_staged_direct_search,True,182,-642.5106039960766,8,False,maxiter_budget
2025-11-28,M612,2002.1308142592595,1818.8402482470672,21,20459.39558538584,20306.039697997592,20152.683810609342,153.35588738824708,0.0,0.0,20306.039697997592,534.667950207597,0.0,3,0.06495600000198465,0.24258050000935327,0,differential_evolution_staged_direct_search,True,17,-3609.4686733346293,2,True,population_collapse_convergence,36,differential_evolution_staged_direct_search,True,32,-3096.8767378451585,2,True,population_collapse_convergence,72,differential_evolution_staged_direct_search,True,182,-734.6036320568102,8,False,maxiter_budget
2025-11-29,M612,1818.8402482470672,1865.3756139644252,21,25923.94532655025,24042.242036775497,22160.53874700074,1881.7032897747558,0.0,0.0,24042.242036775497,7972.637473058499,0.0,3,0.10613949999969918,0.33833420000155456,0,differential_evolution_staged_direct_search,True,22,-4454.168424946111,3,True,population_collapse_convergence,36,differential_evolution_staged_direct_search,True,42,-3458.230773109256,3,True,population_collapse_convergence,72,differential_evolution_staged_direct_search,True,182,-720.7709901408041,8,False,maxiter_budget
2025-11-30,M612,1865.3756139644252,1648.8514277777758,21,55348.290913099,55564.02633413026,54638.63841507996,354.8262490095188,570.5616700407811,27.58286025000031,55591.60919438026,1268.9870793302991,509.7120053023467,3,0.0665712999907555,0.23527760000433773,0,differential_evolution_staged_direct_search,True,22,-4454.168424946112,3,True,population_collapse_convergence,36,differential_evolution_staged_direct_search,True,42,-2860.3523964144833,3,True,population_collapse_convergence,72,differential_evolution_staged_direct_search,True,182,-662.0191781505898,8,False,maxiter_budget
2025-12-01,M612,1648.8514277777758,1768.432539410756,21,58816.74926552173,57160.89168730119,55497.99409603028,1659.3775847457232,3.5200065251947548,15125.665511937721,72286.55719923892,4472.078080258376,2.7546320187774427,3,0.0569614999985788,0.20628810000198428,0,differential_evolution_staged_direct_search,True,17,-4454.168424946112,2,True,population_collapse_convergence,36,differential_evolution_staged_direct_search,True,42,-2855.371823018336,3,True,population_collapse_convergence,72,differential_evolution_staged_direct_search,True,182,-619.197747379646,8,False,maxiter_budget
2025-12-02,M612,1768.432539410756,1413.8043714814814,21,60376.73199777177,59312.30576340466,57810.07478776376,1283.3286050040056,218.9023706369075,13026.20556655017,72338.51132995484,3984.4727063633773,161.15871083624256,3,0.06877660000463948,0.21436430000176188,0,differential_evolution_staged_direct_search,True,12,-4420.848078978561,1,True,population_collapse_convergence,36,differential_evolution_staged_direct_search,True,92,-1926.6462102840715,8,False,maxiter_budget,72,differential_evolution_staged_direct_search,True,182,-608.7088491147373,8,False,maxiter_budget
2025-12-03,M612,1413.8043714814814,1422.196876481481,21,54084.15161271459,59780.96408696112,54063.132068874,10.50977192029248,5707.322246166828,7034.532048384182,66815.4961353453,30.467522598325786,5556.39554016697,3,0.06630430002405774,0.21839880000334233,0,differential_evolution_staged_direct_search,True,17,-4397.276605488675,2,True,population_collapse_convergence,36,differential_evolution_staged_direct_search,True,92,-1450.308656167738,8,False,maxiter_budget,72,differential_evolution_staged_direct_search,True,182,-601.6631205087576,8,False,maxiter_budget
2025-12-04,M612,1422.196876481481,1336.5760529629638,21,59837.33856523927,58945.76923606169,56370.74695581389,1733.2958047126895,841.7264755351159,12208.168453957718,71153.9376900194,4542.24298153814,615.9709426110697,3,0.0652397999947425,0.2136737999971956,0,differential_evolution_staged_direct_search,True,22,-4383.8961615161,3,True,population_collapse_convergence,36,differential_evolution_staged_direct_search,True,92,-1287.5155742050072,8,False,maxiter_budget,72,differential_evolution_staged_direct_search,True,182,-589.1273182529497,8,False,maxiter_budget
2025-12-05,M612,1336.5760529629638,1532.8297192592522,21,24395.462239600813,25080.910919868715,24272.79770984126,61.33226487977493,746.7809451476774,0.0,25080.910919868715,280.30982255222347,757.7256309664972,3,0.043229000017163344,0.19420529999479186,0,differential_evolution_staged_direct_search,True,17,-4377.20815148062,2,True,population_collapse_convergence,36,differential_evolution_staged_direct_search,True,42,-2740.241470318117,3,True,population_collapse_convergence,72,differential_evolution_staged_direct_search,True,122,-724.5652677037231,5,True,population_collapse_convergence
2025-12-06,M612,1532.8297192592522,1569.73454833582,21,25908.356540801095,26485.401255004632,24780.443956547395,563.9562921268495,1141.001006330389,0.0,26485.401255004632,2358.3382140881463,1221.1647958140975,3,0.06729240001004655,0.21932920000108425,0,differential_evolution_staged_direct_search,True,22,-4387.1302108920045,3,True,population_collapse_convergence,36,differential_evolution_staged_direct_search,True,92,-1630.1551289733713,8,False,maxiter_budget,72,differential_evolution_staged_direct_search,True,182,-785.7237568784942,8,False,maxiter_budget
2025-12-07,M612,1569.73454833582,1498.266861481481,21,62779.82773611593,60922.72191142641,59033.44643049447,1873.1906528107338,16.08482812121263,4402.13121747392,65324.85312890033,5349.330786771396,12.587414893150708,3,0.06742510000185575,0.21539830000256188,0,differential_evolution_staged_direct_search,True,17,-4394.998961283168,2,True,population_collapse_convergence,36,differential_evolution_staged_direct_search,True,92,-1841.5381853420556,8,False,maxiter_budget,72,differential_evolution_staged_direct_search,True,182,-583.829962558473,8,False,maxiter_budget
2025-12-08,M612,1498.266861481481,2008.4997420370357,21,67606.25751280683,66033.10561255032,64295.66165426283,1655.2979292719979,82.14602901549478,0.0,66033.10561255032,5521.047064331767,65.54326277356063,3,0.061600000015459955,0.20929009999963455,0,differential_evolution_staged_direct_search,True,17,-4410.774206223926,2,True,population_collapse_convergence,36,differential_evolution_staged_direct_search,True,52,-2970.1486255718273,4,True,population_collapse_convergence,72,differential_evolution_staged_direct_search,True,182,-557.7109996378533,8,False,maxiter_budget
2025-12-09,M612,2008.4997420370357,2016.2856538888939,21,66848.78019145303,65023.11183368408,63008.91450585924,1919.9328427968912,94.26448502795158,0.0,65023.11183368408,5333.108226177264,75.77540640602342,3,0.06576190001214854,0.21540900001127739,0,differential_evolution_staged_direct_search,True,17,-4410.763743636772,2,True,population_collapse_convergence,36,differential_evolution_staged_direct_search,True,92,-1805.9696792944696,8,False,maxiter_budget,72,differential_evolution_staged_direct_search,True,182,-605.8418227657357,8,False,maxiter_budget
2025-12-10,M612,2016.2856538888939,1841.1456131307464,21,63134.68867239982,63534.72521359613,62026.354850854295,554.1669107727624,954.203451969069,0.0,63534.72521359613,1299.1901084625893,1097.8425720399125,3,0.07438900000124704,0.22521299999789335,0,differential_evolution_staged_direct_search,True,22,-4411.077078933642,3,True,population_collapse_convergence,36,differential_evolution_staged_direct_search,True,92,-1105.1759018125492,8,False,maxiter_budget,72,differential_evolution_staged_direct_search,True,182,-620.9196342344015,8,False,maxiter_budget
2025-12-11,M612,1841.1456131307464,2083.559419602083,21,66096.8624282861,64193.98853277574,62291.114637265375,1902.87389551036,0.0,0.0,64193.98853277574,5378.54771003974,0.0,3,0.0628837999975076,0.20844869999564253,0,differential_evolution_staged_direct_search,True,12,-4410.585063078587,1,True,population_collapse_convergence,36,differential_evolution_staged_direct_search,True,92,-1385.0667320096363,8,False,maxiter_budget,72,differential_evolution_staged_direct_search,True,182,-631.1426719162761,8,False,maxiter_budget
2025-12-12,M612,2083.559419602083,2069.2988518518528,21,28699.81006828695,29044.455028547396,27359.156192459515,670.326937913719,1014.9718981741647,0.0,29044.455028547396,2954.375151139567,1164.0722581815435,3,0.06014599998889025,0.21876160000101663,0,differential_evolution_staged_direct_search,True,22,-4410.562491316818,3,True,population_collapse_convergence,36,differential_evolution_staged_direct_search,True,32,-2081.7783601170345,2,True,population_collapse_convergence,72,differential_evolution_staged_direct_search,True,182,-663.0437400074761,8,False,maxiter_budget
2025-12-13,M612,2069.2988518518528,2211.512335185183,21,29796.508499904245,29348.827499429986,27499.880287011758,1148.3141064462425,700.6331059719856,0.0,29348.827499429986,3796.41888617925,676.3603382911608,3,0.06891410000389442,0.2291624000063166,0,differential_evolution_staged_direct_search,True,17,-4408.8902855224715,2,True,population_collapse_convergence,36,differential_evolution_staged_direct_search,True,92,-2578.7324459848082,8,False,maxiter_budget,72,differential_evolution_staged_direct_search,True,182,-594.5629213413143,8,False,maxiter_budget
2025-12-14,M612,2211.512335185183,1956.6254761111122,21,62368.00098971331,64410.48188827452,62368.00098971331,0.0,2042.480898561202,0.0,64410.48188827452,0.0,2339.778423272737,3,0.06680690000939649,0.21453230000042822,0,differential_evolution_staged_direct_search,True,12,-4409.646186902948,1,True,population_collapse_convergence,36,differential_evolution_staged_direct_search,True,92,-1130.3741239577696,8,False,maxiter_budget,72,differential_evolution_staged_direct_search,True,182,-693.5390159530632,8,False,maxiter_budget
2025-12-15,M612,1956.6254761111122,1943.468916405942,21,61978.43008848575,64378.067298204805,61927.433659798764,25.498214343489668,2425.1354240625546,0.0,64378.067298204805,65.22684039987189,2326.07259419391,3,0.06433509998896625,0.21328969999740366,0,differential_evolution_staged_direct_search,True,17,-4408.8902855224715,2,True,population_collapse_convergence,36,differential_evolution_staged_direct_search,True,92,-1207.8014069443295,8,False,maxiter_budget,72,differential_evolution_staged_direct_search,True,182,-695.38843964247,8,False,maxiter_budget
2025-12-16,M612,1943.468916405942,1875.154945404343,21,66578.56135593852,65299.71214222806,64020.862928517614,1278.849213710449,0.0,0.0,65299.71214222806,3209.3626846437073,0.0,3,0.0700391000136733,0.21619859999918845,0,differential_evolution_staged_direct_search,True,22,-4408.439913945964,3,True,population_collapse_convergence,36,differential_evolution_staged_direct_search,True,92,-1499.5691624657948,8,False,maxiter_budget,72,differential_evolution_staged_direct_search,True,182,-649.2632232350328,8,False,maxiter_budget
2025-12-17,M612,1875.154945404343,1975.8680081481489,21,66230.54529632445,64368.55158294331,62455.33100395761,1887.607146183425,25.613432802278,0.0,64368.55158294331,5017.037824457656,20.231446372256755,3,0.05428569998184685,0.19682270000339486,0,differential_evolution_staged_direct_search,True,12,-4407.460929435381,1,True,population_collapse_convergence,36,differential_evolution_staged_direct_search,True,42,-1797.128793004788,3,True,population_collapse_convergence,72,differential_evolution_staged_direct_search,True,182,-634.5781620316859,8,False,maxiter_budget
2025-12-18,M612,1975.8680081481489,1905.4192766666697,21,63165.233804803654,63045.92682021945,62521.39420622501,321.91979928932506,202.6128147051156,0.0,63045.92682021945,1208.4259415891643,235.59297409686195,3,0.06886780000058934,0.2157389000058174,0,differential_evolution_staged_direct_search,True,17,-4407.694146869016,2,True,population_collapse_convergence,36,differential_evolution_staged_direct_search,True,92,-2118.067284803714,8,False,maxiter_budget,72,differential_evolution_staged_direct_search,True,182,-624.2107162165488,8,False,maxiter_budget
2025-12-19,M612,1905.4192766666697,1806.8216493479451,21,27961.793776684848,28375.992158315297,26626.910324730183,667.4417259773306,1081.6401076077814,0.0,28375.992158315297,2785.778996594173,1469.5454830916278,3,0.05384720000438392,0.20401469999342225,0,differential_evolution_staged_direct_search,True,17,-4409.290929540463,2,True,population_collapse_convergence,36,differential_evolution_staged_direct_search,True,92,-2811.494741672452,8,False,maxiter_budget,72,differential_evolution_staged_direct_search,True,122,-746.8402309257615,5,True,population_collapse_convergence
2025-12-20,M612,1806.8216493479451,1913.9264579142334,21,29779.128502085434,28480.313326954863,27181.498151824286,1298.8151751305745,0.0,0.0,28480.313326954863,4427.807897163169,0.0,3,0.06648920000588987,0.21608420000120532,0,differential_evolution_staged_direct_search,True,12,-4407.951082554314,1,True,population_collapse_convergence,36,differential_evolution_staged_direct_search,True,92,-1907.4177670937768,8,False,maxiter_budget,72,differential_evolution_staged_direct_search,True,182,-745.417452777107,8,False,maxiter_budget
2025-12-21,M612,1913.9264579142334,2107.1758149999973,21,65481.150007956276,64602.471047143685,63720.531060165566,880.309473895357,1.6305130827662262,0.0,64602.471047143685,2287.281052392601,1.3142409888092743,3,0.044892499994602986,0.19062850000045728,0,differential_evolution_staged_direct_search,True,17,-4409.0565094746435,2,True,population_collapse_convergence,36,differential_evolution_staged_direct_search,True,32,-1710.4394709953326,2,True,population_collapse_convergence,72,differential_evolution_staged_direct_search,True,122,-696.7949083011953,5,True,population_collapse_convergence
2025-12-22,M612,2107.1758149999973,1713.4919509259287,21,63786.83968859789,63370.91629296474,62937.373240504225,424.7332240468339,8.809828413681986,0.0,63370.91629296474,1113.8707026714003,5.290567874244175,3,0.05734389999997802,0.20118299999739975,0,differential_evolution_staged_direct_search,True,17,-4409.244675677898,2,True,population_collapse_convergence,36,differential_evolution_staged_direct_search,True,42,-1679.0017395159146,3,True,population_collapse_convergence,72,differential_evolution_staged_direct_search,True,182,-699.3683884463727,8,False,maxiter_budget
2025-12-23,M612,1713.4919509259287,2061.005099444446,21,65642.43047932137,63971.79956557686,62262.840967665325,1689.7947558280198,19.163842083514048,0.0,63971.79956557686,4530.878425847692,15.135775627457633,3,0.060649999999441206,0.20383240000228398,0,differential_evolution_staged_direct_search,True,27,-4397.703225383269,4,True,population_collapse_convergence,36,differential_evolution_staged_direct_search,True,42,-1783.1164756981484,3,True,population_collapse_convergence,72,differential_evolution_staged_direct_search,True,182,-681.5683980363274,8,False,maxiter_budget
2025-12-24,M612,2061.005099444446,1801.6351716508814,21,64310.64422529044,63281.097110293034,62245.25794950444,1032.6931378929996,3.146022895602861,0.0,63281.097110293034,2811.0209739302727,1.7952140692190142,3,0.06660179999016691,0.31727179999870714,0,differential_evolution_staged_direct_search,True,17,-4376.136283313662,2,True,population_collapse_convergence,36,differential_evolution_staged_direct_search,True,92,-1616.4657057506802,8,False,maxiter_budget,72,differential_evolution_staged_direct_search,True,182,-698.4404640158582,8,False,maxiter_budget
2025-12-25,M612,1801.6351716508814,1877.3836150000009,21,60729.31787314181,61703.07120521569,60729.31787314181,0.0,973.7533320738862,0.0,61703.07120521569,0.0,1137.6688137990673,3,0.06116039998596534,0.2111406000040006,0,differential_evolution_staged_direct_search,True,17,-4371.764612251302,2,True,population_collapse_convergence,36,differential_evolution_staged_direct_search,True,42,-1817.3891236330933,3,True,population_collapse_convergence,72,differential_evolution_staged_direct_search,True,182,-641.3303898997792,8,False,maxiter_budget
2025-12-26,M612,1877.3836150000009,2449.6781627640325,21,26727.35533332061,26667.488475403934,26370.95213725982,178.20159803039698,118.33474011371713,0.0,26667.488475403934,663.7787894051737,114.34965464919276,3,0.06398409999383148,0.21970539999892935,0,differential_evolution_staged_direct_search,True,17,-4385.9429455918535,2,True,population_collapse_convergence,36,differential_evolution_staged_direct_search,True,92,-2006.9887397261616,8,False,maxiter_budget,72,differential_evolution_staged_direct_search,True,182,-764.3851270846361,8,False,maxiter_budget
2025-12-27,M612,2449.6781627640325,2173.7935152876216,21,26955.734103091487,26531.347110472496,26106.9601178535,424.38699261899205,0.0,0.0,26531.347110472496,1629.6727837291314,0.0,3,0.06215879999217577,0.21387059999688063,0,differential_evolution_staged_direct_search,True,17,-4397.911488633772,2,True,population_collapse_convergence,36,differential_evolution_staged_direct_search,True,52,-2451.6993697568387,4,True,population_collapse_convergence,72,differential_evolution_staged_direct_search,True,182,-695.1547987213195,8,False,maxiter_budget
2025-12-28,M612,2173.7935152876216,2112.549143333334,21,61976.88935031308,61026.19455049383,59953.22142495975,1011.8339626766608,61.139162857414114,58.99481686553992,61085.189367359366,2569.900337875787,48.68962692862226,3,0.06676150001294445,0.21224310000252444,0,differential_evolution_staged_direct_search,True,17,-4424.649730778734,2,True,population_collapse_convergence,36,differential_evolution_staged_direct_search,True,92,-1929.1793750417582,8,False,maxiter_budget,72,differential_evolution_staged_direct_search,True,182,-732.2940112699789,8,False,maxiter_budget
2025-12-29,M612,2112.549143333334,1787.3186284524295,21,60909.21073082159,61129.37336108323,60323.23048143669,292.99012469245804,513.1527549540867,0.0,61129.37336108323,797.6680583840196,627.9212856201272,3,0.06595429999288172,0.21373730000050273,0,differential_evolution_staged_direct_search,True,17,-4454.56766521654,2,True,population_collapse_convergence,36,differential_evolution_staged_direct_search,True,92,-2438.668210953671,8,False,maxiter_budget,72,differential_evolution_staged_direct_search,True,182,-720.9116428544232,8,False,maxiter_budget
2025-12-30,M612,1787.3186284524295,1837.6990042800835,21,61504.0903204863,60512.501800361795,59472.15809794015,1015.9661112730764,24.377591148571714,442.8794369926065,60955.3812373544,3039.6640144987755,16.19688134824105,3,0.05271609999181237,0.2047795000107726,0,differential_evolution_staged_direct_search,True,12,-4454.56766521654,1,True,population_collapse_convergence,36,differential_evolution_staged_direct_search,True,32,-2467.1869320917835,2,True,population_collapse_convergence,72,differential_evolution_staged_direct_search,True,182,-717.9791157395315,8,False,maxiter_budget
2025-12-31,M612,1837.6990042800835,1627.3262116666704,21,62939.665788222395,62178.90159235644,61367.90939825383,785.8781949842797,25.113999118321658,43.49605411518379,62222.39764647162,2324.2045509627283,20.240800224577924,3,0.07390420000592712,0.2428152000065893,0,differential_evolution_staged_direct_search,True,17,-4454.56766521654,2,True,population_collapse_convergence,36,differential_evolution_staged_direct_search,True,92,-2651.3218173528458,8,False,maxiter_budget,72,differential_evolution_staged_direct_search,True,182,-726.1974634404947,8,False,maxiter_budget
