date,residual_count,initial_soc_kwh,plan_proxy_objective,planned_cost,delta_00_06_kwh,delta_06_12_kwh,delta_12_18_kwh,delta_18_24_kwh,lambda_06_12,lambda_12_18,lambda_18_24,zero_scenario_score,selected_scenario_score,zero_scenario_full_objective,selected_scenario_full_objective,scenario_improvement,search_evaluations,calibration_seconds,calibration_method,accepted_search,solver_message,actual_emergency_cost,final_soc_kwh,day_seconds
2025-01-02,0,6000.0,70941.89584376483,71012.97361598053,0.0,0.0,0.0,0.0,0.0,0.0,0.0,-538.3999999999639,-538.3999999999639,70474.57361598057,70474.57361598057,0.0,1,0.015279900006134994,zero_parameter_warmup,False,complete 21-day residual window not yet available,9742.260166039516,1365.1683916666666,0.28912629999103956
2025-01-03,0,1365.1683916666666,73682.86776432191,57642.25717075377,0.0,0.0,0.0,0.0,0.0,0.0,0.0,-529.9999999999791,-529.9999999999791,57112.25717075379,57112.25717075379,0.0,1,0.2056297000090126,zero_parameter_warmup,False,complete 21-day residual window not yet available,0.0,7928.118779814818,0.9427303999982541
2025-01-04,0,7928.118779814818,24630.510484894625,20564.59042102546,0.0,0.0,0.0,0.0,0.0,0.0,0.0,-476.26666666665335,-476.26666666665335,20088.323754358807,20088.323754358807,0.0,1,0.12372160000086296,zero_parameter_warmup,False,complete 21-day residual window not yet available,3564.10495385608,1200.0,0.6146211000013864
2025-01-05,0,1200.0,26421.309837916382,30816.396563085385,0.0,0.0,0.0,0.0,0.0,0.0,0.0,-466.5333333332972,-466.5333333332972,30349.86322975209,30349.86322975209,0.0,1,0.15212650000466965,zero_parameter_warmup,False,complete 21-day residual window not yet available,244445.9896481392,1200.0,0.32479339999554213
2025-01-06,0,1200.0,66203.99893895352,73614.1131106291,0.0,0.0,0.0,0.0,0.0,0.0,0.0,-479.306666666647,-479.306666666647,73134.80644396246,73134.80644396246,0.0,1,0.05856560000393074,zero_parameter_warmup,False,complete 21-day residual window not yet available,6525.171700464847,1315.5818699999998,0.7415272999933222
2025-01-07,0,1315.5818699999998,66534.26655583171,72626.82845079698,0.0,0.0,0.0,0.0,0.0,0.0,0.0,-492.35555555553265,-492.35555555553265,72134.47289524144,72134.47289524144,0.0,1,0.24673869999242015,zero_parameter_warmup,False,complete 21-day residual window not yet available,15087.526714962574,1453.073751851853,0.6153389000101015
2025-01-08,0,1453.073751851853,72962.586041612,72513.12176687349,0.0,0.0,0.0,0.0,0.0,0.0,0.0,-538.3999999999726,-538.3999999999726,71974.72176687351,71974.72176687351,0.0,1,0.1156771999958437,zero_parameter_warmup,False,complete 21-day residual window not yet available,2869.377254172796,1539.2498677777792,0.5274887999985367
2025-01-09,1,1539.2498677777792,73732.86010723175,74580.9593993777,0.0,0.0,0.0,0.0,0.0,0.0,0.0,-681.9934515655557,-681.9934515655557,73898.96594781213,73898.96594781213,0.0,1,0.09647340000083204,zero_parameter_warmup,False,complete 21-day residual window not yet available,669.6593918511917,1714.080101851853,0.36754380000638776
2025-01-10,2,1714.080101851853,23495.24561944323,23530.46399410918,0.0,0.0,0.0,0.0,0.0,0.0,0.0,-178.90679543043336,-178.90679543043336,23351.557198678747,23351.557198678747,0.0,1,0.05182799999602139,zero_parameter_warmup,False,complete 21-day residual window not yet available,1572.8192697742859,1585.1024699051225,0.5219938999944134
2025-01-11,3,1585.1024699051225,23455.680249186953,24194.042626174094,0.0,0.0,0.0,0.0,0.0,0.0,0.0,-80.32738563793595,-80.32738563793595,24113.71524053616,24113.71524053616,0.0,1,0.22310960000322666,zero_parameter_warmup,False,complete 21-day residual window not yet available,598.0500992685659,1736.872635010583,0.64996360000805
2025-01-12,4,1736.872635010583,74724.76335741469,75624.61994114178,0.0,0.0,0.0,0.0,0.0,0.0,0.0,-128.09161218126687,-128.09161218126687,75496.52832896051,75496.52832896051,0.0,1,0.07062010001391172,zero_parameter_warmup,False,complete 21-day residual window not yet available,684.85143341857,1773.3279790740742,0.2867753000027733
2025-01-13,5,1773.3279790740742,74058.39170070896,74018.52404093803,0.0,0.0,0.0,0.0,0.0,0.0,0.0,75.99752896223181,75.99752896223181,74094.52156990027,74094.52156990027,0.0,1,0.05995729999267496,zero_parameter_warmup,False,complete 21-day residual window not yet available,1277.308917028323,1332.9067028148158,0.5356467999954475
2025-01-14,6,1332.9067028148158,73788.66815132477,73685.9484801841,0.0,0.0,0.0,0.0,0.0,0.0,0.0,-172.13899323988673,-172.13899323988673,73513.80948694421,73513.80948694421,0.0,1,0.00829179999709595,zero_parameter_warmup,False,complete 21-day residual window not yet available,1199.6759802441666,1324.0570981481492,0.4076275999977952
2025-01-15,7,1324.0570981481492,72360.84309542981,73355.99133802805,0.0,0.0,0.0,0.0,0.0,0.0,0.0,-43.52567386978228,-43.52567386978228,73312.46566415827,73312.46566415827,0.0,1,0.039985700001125224,zero_parameter_warmup,False,complete 21-day residual window not yet available,4212.767101521436,1451.6706355451518,0.30559449999418575
2025-01-16,8,1451.6706355451518,73303.44872115501,73516.06933341859,0.0,0.0,0.0,0.0,0.0,0.0,0.0,59.71885426356235,59.71885426356235,73575.78818768215,73575.78818768215,0.0,1,0.03916500000923406,zero_parameter_warmup,False,complete 21-day residual window not yet available,3439.522413924546,1725.6325397037037,0.19467729999450967
2025-01-17,9,1725.6325397037037,22744.027082093224,23776.13894707217,0.0,0.0,0.0,0.0,0.0,0.0,0.0,-73.11120876040388,-73.11120876040388,23703.027738311765,23703.027738311765,0.0,1,0.021637700003338978,zero_parameter_warmup,False,complete 21-day residual window not yet available,294.23013750167024,1763.8967797724877,0.10818179999478161
2025-01-18,10,1763.8967797724877,22761.362176017712,23859.86904014052,0.0,0.0,0.0,0.0,0.0,0.0,0.0,-34.42445052686615,-34.42445052686615,23825.444589613653,23825.444589613653,0.0,1,0.025254099993617274,zero_parameter_warmup,False,complete 21-day residual window not yet available,800.0560564423748,1968.8171069523814,0.13095799999427982
2025-01-19,11,1968.8171069523814,72002.93150045906,72318.75792946547,0.0,0.0,0.0,0.0,0.0,0.0,0.0,154.25817082756865,154.25817082756865,72473.01610029304,72473.01610029304,0.0,1,0.022473200006061234,zero_parameter_warmup,False,complete 21-day residual window not yet available,2334.611019132527,1808.556613333332,0.12925499999255408
2025-01-20,12,1808.556613333332,71750.13787639452,72545.359859786,0.0,0.0,0.0,0.0,0.0,0.0,0.0,545.8003718363776,545.8003718363776,73091.16023162237,73091.16023162237,0.0,1,0.020101299989619292,zero_parameter_warmup,False,complete 21-day residual window not yet available,2991.109600950487,2171.875470000003,0.11097019999579061
2025-01-21,13,2171.875470000003,71414.93033097978,71041.05597702105,0.0,0.0,0.0,0.0,0.0,0.0,0.0,247.88020375052727,247.88020375052727,71288.93618077158,71288.93618077158,0.0,1,0.02091449999716133,zero_parameter_warmup,False,complete 21-day residual window not yet available,332.3821394988104,2388.6439247777776,0.12284170000930317
2025-01-22,14,2388.6439247777776,71132.54014198507,71371.27408221515,0.0,0.0,0.0,0.0,0.0,0.0,0.0,130.4694376578091,130.4694376578091,71501.74351987297,71501.74351987297,0.0,1,0.026345600010245107,zero_parameter_warmup,False,complete 21-day residual window not yet available,1058.797267655608,1765.4376082592605,0.14643309998791665
2025-01-23,15,1765.4376082592605,70741.07833599052,72632.67229803931,0.0,0.0,0.0,0.0,0.0,0.0,0.0,153.9499764962476,153.9499764962476,72786.62227453556,72786.62227453556,0.0,1,0.031791299988981336,zero_parameter_warmup,False,complete 21-day residual window not yet available,3979.0493555955845,1985.9185464281811,0.1708877999917604
2025-01-24,16,1985.9185464281811,21951.33072338716,22304.603101156004,0.0,0.0,0.0,0.0,0.0,0.0,0.0,13.846913606920154,13.846913606920154,22318.450014762926,22318.450014762926,0.0,1,0.037387000003946014,zero_parameter_warmup,False,complete 21-day residual window not yet available,414.3103611333262,2181.964815925923,0.1898291999968933
2025-01-25,17,2181.964815925923,21995.994811788318,21873.487596941424,0.0,0.0,0.0,0.0,0.0,0.0,0.0,-74.09048790674093,-74.09048790674093,21799.397109034682,21799.397109034682,0.0,1,0.2263468000019202,zero_parameter_warmup,False,complete 21-day residual window not yet available,70.14762414641962,2107.147290518521,0.8477238999912515
2025-01-26,18,2107.147290518521,69598.48369990496,70142.83856818364,0.0,0.0,0.0,0.0,0.0,0.0,0.0,414.37257482201,414.37257482201,70557.21114300565,70557.21114300565,0.0,1,0.09877189999679103,zero_parameter_warmup,False,complete 21-day residual window not yet available,792.5095697810434,1963.8473898624352,1.5090944999974454
2025-01-27,19,1963.8473898624352,69679.66785318722,69350.1903191122,0.0,0.0,0.0,0.0,0.0,0.0,0.0,490.31554359576455,490.31554359576455,69840.50586270796,69840.50586270796,0.0,1,0.15578040000400506,zero_parameter_warmup,False,complete 21-day residual window not yet available,471.572109347616,1692.0555604285719,0.8880772999982582
2025-01-28,20,1692.0555604285719,67073.9182812081,68295.78466908656,0.0,0.0,0.0,0.0,0.0,0.0,0.0,712.9692454150992,712.9692454150992,69008.75391450165,69008.75391450165,0.0,1,0.17493839999951888,zero_parameter_warmup,False,complete 21-day residual window not yet available,2766.9158732007345,1625.3136075714403,0.818241200002376
2025-01-29,21,1625.3136075714403,69676.1017001615,68717.2783456959,-5169.665742948458,-865.3672622450017,-3634.1695308050794,-1545.805624537455,0.47687540846513166,1.9888172521219154,-0.23836857476114948,282.0125273621502,-682.53283080202,68999.29087305805,68034.74551489388,964.5453581641702,316,2.860709399988991,differential_evolution_bounded_direct_search,True,Maximum number of iterations has been exceeded.,0.0,2381.5342536507924,3.8593625999928918
2025-01-30,21,2381.5342536507924,69119.07908508493,67704.33156768171,-6658.777653040491,-5193.173846752563,-5488.037763249052,-5490.803773595912,-1.7394850539692541,-1.5497747177125167,1.7403537556490356,-29.582340053885538,-625.1823994312169,67674.74922762784,67079.1491682505,595.6000593773314,316,1.8061321999994107,differential_evolution_bounded_direct_search,True,Maximum number of iterations has been exceeded.,0.0,1833.1378673015854,2.3685484000016004
2025-01-31,21,1833.1378673015854,19906.04479424443,20742.192062334536,-7650.813102903987,-452.0586870311444,-3690.2384379197265,-8397.571577996903,0.10761788666440664,-0.4123681060457032,0.4796877205932071,-274.3561190493547,-573.8765659019197,20467.83594328518,20168.315496432617,299.520446852565,316,2.728034200001275,differential_evolution_bounded_direct_search,True,Maximum number of iterations has been exceeded.,0.0,2197.4519697354485,2.9722657999955118
2025-02-01,21,2197.4519697354485,19557.637381520228,19425.256852445564,-1575.4080730345506,-1318.184889436008,-3221.351832073548,-5441.888694224595,-0.3147961881874537,0.16637386542433896,-0.6309515574952722,-115.67986543852021,-586.906768869751,19309.576987007043,18838.350083575813,471.22690343123077,281,0.9874855999951251,differential_evolution_bounded_direct_search,True,Optimization terminated successfully.,0.0,2636.903324708997,1.2997076000028756
2025-02-02,21,2636.903324708997,67087.08371828852,64219.45069187173,-3642.3563219951748,-4567.967573440105,-4706.145887939448,-394.4107440293422,1.2264774018978413,0.41710922377274295,1.5437051806511257,689.6870243625757,-671.8368714822506,64909.137716234305,63547.61382038948,1361.5238958448263,316,1.3252376999880653,differential_evolution_bounded_direct_search,True,Maximum number of iterations has been exceeded.,0.0,2500.229029947094,1.6826266999996733
2025-02-03,21,2500.229029947094,64613.660028363214,63966.75974478416,-8344.614822488875,-6370.136270937519,-7230.555448095103,-472.19605572629604,1.8411593936398574,-1.7153005464387563,0.6722160180704324,653.4553832467095,-667.7310890373541,64620.21512803087,63299.028655746806,1321.1864722840637,316,1.166890799999237,differential_evolution_bounded_direct_search,True,Maximum number of iterations has been exceeded.,0.0,2438.6923393386246,1.3717775999975856
2025-02-04,21,2438.6923393386246,65118.55903800632,64505.67347964643,-6780.685421374725,-9479.226888920688,-6405.645621399433,-379.27395041129193,1.4052291261178729,0.82878032331852,1.9435873137460464,822.8277634069312,-514.8666782261438,65328.50124305336,63990.80680142029,1337.694441633075,316,1.4490546000015456,differential_evolution_bounded_direct_search,True,Maximum number of iterations has been exceeded.,0.0,2397.6425940476183,1.768941400005133
2025-02-05,21,2397.6425940476183,63201.93981643903,63702.93956099251,-3209.8998231656497,-4770.971912732195,-7103.768112951073,-9090.779015703734,0.13046269273146915,-0.8514534892136059,-1.9698141983344615,401.7393790704353,-639.1185188158792,64104.67894006295,63063.821042176634,1040.8578978863145,316,1.4404838000045856,differential_evolution_bounded_direct_search,True,Maximum number of iterations has been exceeded.,0.0,2168.1985894708996,1.761930199994822
2025-02-06,21,2168.1985894708996,65113.063780547374,64869.012077611056,-4503.816614333361,-2913.541558598671,-1124.9793545121697,-4421.663630464196,0.6058871582685952,-1.4252235077733078,-0.934051245118606,249.9295304457426,-673.1397897848103,65118.9416080568,64195.87228782625,923.0693202305529,316,1.4981532999954652,differential_evolution_bounded_direct_search,True,Maximum number of iterations has been exceeded.,91.4762744190477,2217.6556684763154,2.167085400011274
2025-02-07,21,2217.6556684763154,19009.508753260514,18451.110149973352,-2571.900169097242,-2179.9635356285853,-8499.958623086,-351.371216417418,1.104015020116519,0.6691838992002439,-0.8509468397244255,-74.60019022803495,-537.6500920960914,18376.50995974532,17913.460057877262,463.04990186805645,316,2.027671800009557,differential_evolution_bounded_direct_search,True,Maximum number of iterations has been exceeded.,0.0,1830.816638465607,2.540421300000162
2025-02-08,21,1830.816638465607,16291.812500506232,16880.36967305708,-8958.40275153187,-5098.820322854865,-6065.816166649143,-3218.174556685651,0.504033010157376,0.9193556167993577,-1.322289716129406,-276.78746265800567,-562.6156498273419,16603.582210399076,16317.75402322974,285.8281871693363,316,2.348963600001298,differential_evolution_bounded_direct_search,True,Maximum number of iterations has been exceeded.,0.0,1863.746729259256,3.4240224000095623
2025-02-09,21,1863.746729259256,58272.617073866655,59884.19598349309,-7134.875049353259,-5069.876079234938,-3609.1843802679455,-4368.631541466474,-1.964211374814483,-0.0045525791050360365,1.0425664796608083,-138.9254340282167,-722.3136664929514,59745.270549464876,59161.88231700014,583.3882324647346,316,1.6431809999921825,differential_evolution_bounded_direct_search,True,Maximum number of iterations has been exceeded.,0.0,1671.659856878309,2.2367851000017254
2025-02-10,21,1671.659856878309,60422.24203696122,59488.5037349256,-6383.752076296553,-7568.136437792919,-6785.839116637468,-3977.9522314383385,0.5806821832509299,0.055954535795958105,0.6606101483331193,-260.1438334072702,-777.1849484131525,59228.35990151833,58711.31878651245,517.0411150058823,316,1.212684400001308,differential_evolution_bounded_direct_search,True,Maximum number of iterations has been exceeded.,0.0,1682.072861693121,1.4703104999935022
2025-02-11,21,1682.072861693121,58774.57863032363,58401.47798099255,-9087.378899360787,-9350.434763199588,-7001.693056628465,-8265.120844205127,1.7896775717870765,1.1075947692990926,-0.30670018593544457,-317.66012509820985,-812.1259171822597,58083.81785589434,57589.35206381029,494.4657920840499,316,0.6642334000061965,differential_evolution_bounded_direct_search,True,Maximum number of iterations has been exceeded.,28.397929200000082,1610.1516260317444,0.7637943000008818
2025-02-12,21,1610.1516260317444,58418.76782877406,57626.625480595874,-3898.050270240302,-5747.132270163462,-6348.858062452003,-853.6731521971603,-1.3888670530885023,1.948513065623021,0.4999524498581369,-214.76499406772044,-685.0420111204351,57411.86048652815,56941.58346947544,470.27701705271465,316,0.35513080000237096,differential_evolution_bounded_direct_search,True,Maximum number of iterations has been exceeded.,0.0,1604.0954840740708,0.4336489999986952
2025-02-13,21,1604.0954840740708,57957.28116023734,57066.2538151826,-6022.410050799312,-3699.1396364405314,-534.7597696247121,-2336.664304463153,1.9220447522243003,0.5552330886800165,0.459315324257076,109.75685251055148,-649.2505029158102,57176.010667693154,56417.00331226679,759.0073554263618,316,0.34259210000163876,differential_evolution_bounded_direct_search,True,Maximum number of iterations has been exceeded.,0.0,1757.3726467460353,0.41614709999703337
2025-02-14,21,1757.3726467460353,15157.750936315655,15622.598931793063,-5887.3285428677555,-3044.959162645633,-2500.7947013167027,-1595.9054423241944,1.002184682415102,-0.29687215279644974,1.0801641869358547,-333.21512671866435,-584.7220093933394,15289.3838050744,15037.876922399724,251.506882674675,316,0.3278046000050381,differential_evolution_bounded_direct_search,True,Maximum number of iterations has been exceeded.,0.0,1762.0464393121692,0.40258019999600947
2025-02-15,21,1762.0464393121692,14752.92502715801,15831.699451120061,-3459.334491667928,-3944.275934179182,-1124.6072464989343,-690.6469230338466,0.6170310848744833,-0.20241746780516845,-0.6562711669156207,-322.8900637191168,-592.5821363693616,15508.809387400945,15239.1173147507,269.69207265024477,316,1.0926439999893773,differential_evolution_bounded_direct_search,True,Maximum number of iterations has been exceeded.,0.0,1402.610805634919,1.4636160000081873
2025-02-16,21,1402.610805634919,55384.703891542995,55381.04387144787,-3436.4923094959304,-3963.355818172991,-5466.0658714429455,-9415.729802743825,1.0928094663127417,-1.6400808744655568,-1.0933405214278382,164.71684104558503,-601.442806858833,55545.76071249346,54779.60106458904,766.1596479044181,316,1.2170274000091013,differential_evolution_bounded_direct_search,True,Maximum number of iterations has been exceeded.,0.0,1547.8646205291047,1.8259758000058355
2025-02-17,21,1547.8646205291047,53194.268704971735,54459.278512163146,-1284.6984851745192,-6844.660440809683,-9354.738955181148,-2308.668373671598,1.1887171401983418,-0.08111589136825126,0.7397164746853959,-50.7660306666313,-720.9818769011821,54408.51248149652,53738.29663526196,670.2158462345508,316,0.6696933999919565,differential_evolution_bounded_direct_search,True,Maximum number of iterations has been exceeded.,0.0,1628.9952873280433,0.9395252999966033
2025-02-18,21,1628.9952873280433,53630.24505015074,53725.880681172566,-2702.079298447508,-7915.97406320883,-1030.3877030220058,-9254.212105861296,-1.5073652106321909,-0.37764532795914496,1.8413680453373629,-319.8010466232659,-712.3730647672736,53406.0796345493,53013.507616405295,392.5720181440077,316,1.0875422999961302,differential_evolution_bounded_direct_search,True,Maximum number of iterations has been exceeded.,0.0,1860.4561543121715,1.374089199991431
2025-02-19,21,1860.4561543121715,52326.12525345197,52732.79455864586,-6181.9162473187325,-7272.39804496832,-6568.409963441911,-6937.067972980467,0.6342404934015886,0.24317467504920076,-1.218922294143339,-198.52848647768553,-705.3373596327604,52534.266072168175,52027.4571990131,506.8088731550748,316,1.630517500001588,differential_evolution_bounded_direct_search,True,Maximum number of iterations has been exceeded.,196.09633499999984,1330.150400291005,1.9722822000039741
2025-02-20,21,1330.150400291005,51923.63159450529,53618.853239031385,-5507.594167173869,-5275.256938332656,-8743.412106059133,-8842.88316633184,-1.6141144808501933,1.0235303649183205,-0.7016498289916426,-243.79497327411627,-676.260938956004,53375.05826575727,52942.59230007538,432.4659656818877,316,0.292853599996306,differential_evolution_bounded_direct_search,True,Maximum number of iterations has been exceeded.,6.735872791665675,1663.0022790211706,0.3859368999983417
2025-02-21,21,1663.0022790211706,14492.132053143407,15355.090440459859,-3360.491095734407,-6234.584363321309,-7301.515873258727,-1007.8907284756333,0.6403158239248499,1.3049690166935917,-0.24523205446212515,-260.34787938843823,-464.9436171867991,15094.74256107142,14890.14682327306,204.59573779836086,316,1.0831563000101596,differential_evolution_bounded_direct_search,True,Maximum number of iterations has been exceeded.,0.0,1678.1423524338647,1.2230033000087133
2025-02-22,21,1678.1423524338647,14750.581070872111,15343.337651991005,-2173.1442341781344,-8379.68195061388,-5300.49583010993,-2935.718324399082,-0.5380142475124632,1.4423633370340814,1.5175791144214235,-408.1967161383651,-602.377445763791,14935.14093585264,14740.960206227213,194.1807296254259,316,0.7303680000040913,differential_evolution_bounded_direct_search,True,Maximum number of iterations has been exceeded.,0.0,1838.7078626658263,1.0167739000025904
2025-02-23,21,1838.7078626658263,51764.304346398996,52080.71943173898,-468.2127711526398,-5878.896123995237,-1932.3466418837204,-1272.6592502044625,-1.9780799315369064,1.3455974102653667,-0.18631876716399187,-236.45606548836258,-622.6484061205701,51844.26336625062,51458.07102561841,386.19234063220756,316,0.5069928000011714,differential_evolution_bounded_direct_search,True,Maximum number of iterations has been exceeded.,22.695742714286258,1624.280640079364,0.6286026999878231
2025-02-24,21,1624.280640079364,50982.98750760294,51503.65910582917,-3593.8399251084866,-2860.925900947287,-6792.019242332231,-2325.858258059373,1.5026224910850798,1.4685245857430784,0.33795663280762156,-337.6323873504382,-698.6899152309004,51166.02671847873,50804.96919059827,361.0575278804622,316,0.5134070000058273,differential_evolution_bounded_direct_search,True,Maximum number of iterations has been exceeded.,217.3102404654755,1802.3950637301562,0.746863399996073
2025-02-25,21,1802.3950637301562,50323.34721500577,50615.30414763618,-2612.205553281449,-5176.768551541705,-2119.733013820301,-6205.323745016372,-1.4325707135450696,-0.6366996227562982,1.7590264978164085,-116.77599086103278,-709.8918773040409,50498.52815677515,49905.41227033214,593.1158864430081,316,1.3625606999994488,differential_evolution_bounded_direct_search,True,Maximum number of iterations has been exceeded.,0.0,1574.7909196825403,1.5325415000115754
2025-02-26,21,1574.7909196825403,49844.60918997738,50972.172999706425,-3228.1698988597013,-1902.3997565915104,-6289.212026236126,-5886.875202649224,0.41399138236292776,-1.042422849209757,1.6944916385377562,-183.7410268617804,-692.7874386078521,50788.43197284464,50279.38556109857,509.0464117460717,316,0.7604974999994738,differential_evolution_bounded_direct_search,True,Maximum number of iterations has been exceeded.,0.0,2007.5465062433866,1.0043659999937518
2025-02-27,21,2007.5465062433866,49677.37783489811,48568.000075851596,-1583.7851984839447,-4102.030111938794,-3385.5453977617963,-7268.357162597038,-1.6811503474812963,0.5344440262853389,-0.3194071246270842,-221.19300978047426,-622.1764261754333,48346.807066071124,47945.82364967616,400.9834163949591,316,0.8890054999938002,differential_evolution_bounded_direct_search,True,Maximum number of iterations has been exceeded.,0.0,1838.1420158730161,1.0395357999950647
2025-02-28,21,1838.1420158730161,14212.504781921056,14622.039919919178,-8422.739041515102,-1406.175087469986,-8485.736530126711,-8728.822510022293,1.0227192486474008,1.130969017090575,-0.6323531202470065,-341.6799130018126,-500.61139636470494,14280.360006917364,14121.428523554472,158.93148336289232,316,1.2221094999986235,differential_evolution_bounded_direct_search,True,Maximum number of iterations has been exceeded.,0.0,1784.436673174066,1.5448655000072904
2025-03-01,21,1784.436673174066,14403.436673314756,14652.945739823597,-6480.424917284205,-5395.088535327816,-4835.229153393229,-9389.274594006156,1.5015591816099292,-0.6528869926776157,-1.2589501673563124,-331.24963559060546,-502.37552666350047,14321.696104232991,14150.570213160097,171.125891072895,316,0.8267866000096546,differential_evolution_bounded_direct_search,True,Maximum number of iterations has been exceeded.,0.0,1868.847168359795,1.0014920000103302
2025-03-02,21,1868.847168359795,48580.32035843477,49326.72588695216,-5051.0339393112845,-2928.7725076579695,-2973.017506107209,-9245.999588934039,-0.6541393025975513,-0.09926907704427901,1.3423155374497862,-139.37507387903804,-615.2987466259109,49187.35081307312,48711.427140326254,475.92367274687285,316,1.52365390000341,differential_evolution_bounded_direct_search,True,Maximum number of iterations has been exceeded.,15184.012012013773,1518.443331111111,1.7427412000106415
2025-03-03,21,1518.443331111111,48902.95862985846,49685.95855724475,-3144.1625521680544,-5253.582136937876,-263.79518345743304,-9376.520665556473,-1.5066965591624149,1.4063171336736557,0.4020387573127784,419.24648596206913,25.029265331602282,50105.20504320681,49710.987822576346,394.21722063046684,316,0.6454140000132611,differential_evolution_bounded_direct_search,True,Maximum number of iterations has been exceeded.,8714.337557667057,1501.5711505555555,0.8294699000107357
2025-03-04,21,1501.5711505555555,49656.63842056806,50887.746582499014,-3953.8692256996087,-8474.9474758415,-389.215900881997,-2635.8750535843355,1.5321219311230836,-0.7052039683667377,-0.3556223223147281,577.8481975513834,95.39631198581723,51465.5947800504,50983.14289448483,482.4518855655661,316,0.5691080999968108,differential_evolution_bounded_direct_search,True,Maximum number of iterations has been exceeded.,0.0,1807.1899039947073,0.7091967000014847
2025-03-05,21,1807.1899039947073,51024.65152093868,50461.65578176252,-6533.858754275302,-1225.5522401183819,-345.1385961638337,-998.138421449633,0.626156645469103,0.33869787992488876,0.6672515076605947,602.6760599534455,156.4311722271405,51064.33184171597,50618.08695398966,446.24488772630497,316,0.8396256999985781,differential_evolution_bounded_direct_search,True,Maximum number of iterations has been exceeded.,0.0,1732.6186086155556,1.0716390000015963
2025-03-06,21,1732.6186086155556,49784.63280504529,50726.27688442398,-6655.669078610978,-2209.367010533914,-341.8358758949033,-5182.901341532671,-1.6834727353057661,1.094176105808217,-0.3121795518099868,544.7507350099297,166.49180390755023,51271.02761943392,50892.76868833153,378.2589311023795,316,1.3605270000116434,differential_evolution_bounded_direct_search,True,Maximum number of iterations has been exceeded.,0.0,1784.0620952116453,1.9896091000118759
2025-03-07,21,1784.0620952116453,13702.49332793852,14237.986243941381,-2078.765275324033,-4692.903137873247,-1308.5734913453052,-5643.840149027392,-1.5754624154033574,-0.26831422910459946,-0.9706835493305843,-326.81304696881045,-496.29973804441545,13911.17319697257,13741.686505896965,169.486691075605,316,0.8444880000024568,differential_evolution_bounded_direct_search,True,Maximum number of iterations has been exceeded.,0.0,1950.4522808801435,1.3123938999924576
2025-03-08,21,1950.4522808801435,13028.823979394161,13634.617436642515,-8309.645574500839,-7865.519540796619,-8168.403490514675,-6872.192948865828,0.012982526584540466,-1.6458587432446112,0.7090564391233163,-307.0562372327482,-499.42002833405957,13327.561199409767,13135.197408308455,192.3637911013114,316,0.6423355000006268,differential_evolution_bounded_direct_search,True,Maximum number of iterations has been exceeded.,0.0,2019.6666849735495,0.939833099997486
2025-03-09,21,2019.6666849735495,48090.05390828395,47590.467010490174,-2682.0880700485695,-5434.190710673889,-580.9971783038776,-5555.236302114697,0.5234664764046428,0.05063029115517814,0.5103903759804749,992.9486930481866,336.00896767240147,48583.41570353836,47926.475978162576,656.9397253757851,316,0.6385521000047447,differential_evolution_bounded_direct_search,True,Maximum number of iterations has been exceeded.,0.0,1923.224944867728,0.985878399995272
2025-03-10,21,1923.224944867728,46852.19419684772,47921.060266174914,-1186.7678693339808,-4025.763742258798,-453.5147272819156,-8468.674410915088,0.5249154917563357,0.7797775350539351,-0.465588127919645,979.2385565462557,356.4881123059427,48900.29882272117,48277.54837848086,622.7504442403131,316,1.4490862999955425,differential_evolution_bounded_direct_search,True,Maximum number of iterations has been exceeded.,0.0,1811.233262513231,1.7076500999974087
2025-03-11,21,1811.233262513231,46476.88294652952,46889.81835367039,-2150.7919316506354,-4452.882620207138,-495.55049111723514,-7269.767295332374,0.7721933315423963,0.6868821425041838,-1.840661270069722,735.6160662295911,196.27371236494855,47625.434419899975,47086.09206603534,539.3423538646425,316,0.45727529999567196,differential_evolution_bounded_direct_search,True,Maximum number of iterations has been exceeded.,0.0,2067.596677962962,0.5585204000090016
2025-03-12,21,2067.596677962962,44878.92247036855,45692.148077173195,-9218.400622045636,-4733.115204083955,-414.5327050831039,-6805.051500329284,0.367780645857942,-0.9680935221401374,0.4333942021175954,685.3745086037516,163.56607023025035,46377.52258577695,45855.71414740344,521.8084383735012,316,0.6419617000065045,differential_evolution_bounded_direct_search,True,Maximum number of iterations has been exceeded.,0.0,1677.230568465605,0.966881000000285
2025-03-13,21,1677.230568465605,44789.78131229271,46030.603327473116,-129.03749241678605,-554.5120779142217,-547.8583004832263,-3414.9552779689943,-1.5734056766771036,-0.2362933314752793,-0.9528886098522498,844.4114912563015,197.0304951534233,46875.01481872942,46227.633822626536,647.3809961028782,316,1.6702443999965908,differential_evolution_bounded_direct_search,True,Maximum number of iterations has been exceeded.,3612.2621808636413,1611.5120146296306,1.9727463000017451
2025-03-14,21,1611.5120146296306,12513.848725268523,12768.630430053421,-5507.235918719402,-5586.109023513016,-6983.669307378942,-4437.029875162745,-1.8063725038284568,1.4904714315179652,0.27280942728590274,-134.94262020075334,-326.192223632712,12633.687809852669,12442.43820642071,191.24960343195866,316,0.7506719000084559,differential_evolution_bounded_direct_search,True,Maximum number of iterations has been exceeded.,0.0,1977.8227485449759,1.185443700000178
2025-03-15,21,1977.8227485449759,12443.32188613669,13119.97592832051,-426.85752217884243,-5297.246418339778,-5078.812271142721,-8958.156435377909,-0.21723299988732414,1.672639167005384,0.21705515523593277,-222.15686782109879,-441.18304342710263,12897.81906049941,12678.792884893406,219.02617560600385,316,0.7763278999918839,differential_evolution_bounded_direct_search,True,Maximum number of iterations has been exceeded.,0.0,1343.867698835982,0.9412089999968885
2025-03-16,21,1343.867698835982,44188.38951784409,45337.03819143857,-4454.420332159878,-463.0572059866687,-774.4407054932001,-2272.734383697358,-0.37092062579022445,-0.5266617485423677,-1.9894379175191717,715.5875601689008,11.34331809074533,46052.62575160748,45348.38150952932,704.2442420781555,316,0.7839002000109758,differential_evolution_bounded_direct_search,True,Maximum number of iterations has been exceeded.,0.0,1999.4951005820126,0.962662799996906
2025-03-17,21,1999.4951005820126,45410.38611667895,43957.24121710798,-4837.858777197237,-6219.688340639664,-565.5949802870513,-7236.268760174816,-0.8777464990963513,-0.6462818486409676,1.5091029941994334,974.4369545412503,13.267845787837608,44931.678171649226,43970.50906289581,961.1691087534127,316,1.0534387000079732,differential_evolution_bounded_direct_search,True,Maximum number of iterations has been exceeded.,0.0,2144.8988776190454,1.3123008999973536
2025-03-18,21,2144.8988776190454,43131.78021007438,43240.43382930732,-2048.452067426272,-4775.160369209023,-567.9053163760585,-8539.33733038577,1.6817517495834835,-0.2606656840926789,-1.672082544295296,708.0110100772747,-63.449874905398346,43948.444839384596,43176.98395440193,771.4608849826731,316,0.33907790000375826,differential_evolution_bounded_direct_search,True,Maximum number of iterations has been exceeded.,0.0,1787.453220899474,0.42022659999202006
2025-03-19,21,1787.453220899474,43009.21158697438,43137.501476139376,-1555.0749141461506,-5281.098168059177,-613.6179030077201,-6846.210230836786,1.467616868564399,1.244048444779179,0.5786338905232022,711.4825602507666,-101.35455345013017,43848.984036390146,43036.146922689244,812.8371137008968,316,0.38363029999891296,differential_evolution_bounded_direct_search,True,Maximum number of iterations has been exceeded.,0.0,2296.780361507935,0.4596890999964671
2025-03-20,21,2296.780361507935,43835.51516866334,44071.65780624828,-6942.864054138181,-8773.712358083938,-590.1471829564045,-7262.883799110068,1.466474865077413,0.4218152916297706,1.1954853802192758,699.7280583370398,-127.50463107412605,44771.38586458532,43944.15317517416,827.2326894111659,316,0.39666830000351183,differential_evolution_bounded_direct_search,True,Maximum number of iterations has been exceeded.,0.0,2095.2038284126993,0.4780462000053376
2025-03-21,21,2095.2038284126993,11655.089292738996,12644.199768222936,-5716.601755229287,-9067.05034798217,-7251.46266377352,-3219.313232092864,0.2171210999904698,0.27701271977902175,-0.0517545781563038,-167.52895589466328,-352.93513151121505,12476.670812328273,12291.264636711721,185.40617561655176,316,0.4211476000054972,differential_evolution_bounded_direct_search,True,Maximum number of iterations has been exceeded.,0.0,1679.6765605820128,0.5023887999996077
2025-03-22,21,1679.6765605820128,12558.07559591696,13006.061776121573,-4669.548582214262,-6671.543945522289,-8247.699092115463,-2867.6932020282575,0.14173540776704963,0.04808475191669137,-0.1869305446823455,-363.5965267217386,-573.9462227712671,12642.465249399835,12432.115553350306,210.34969604952852,316,0.3721287999942433,differential_evolution_bounded_direct_search,True,Maximum number of iterations has been exceeded.,0.0,2400.552368518517,0.5065189999877475
2025-03-23,21,2400.552368518517,40903.61481823397,41052.61043455618,-946.4602597491769,-7664.992378911858,-649.637841062728,-8603.93761198319,-0.30614335343371524,0.9313935611577384,-1.5043478476000476,629.5877381409617,15.98363958271873,41682.19817269714,41068.5940741389,613.604098558243,316,1.0842086000047857,differential_evolution_bounded_direct_search,True,Maximum number of iterations has been exceeded.,0.0,1763.200625014274,1.5199960000027204
2025-03-24,21,1763.200625014274,39715.770903444936,40724.91649698126,-4975.451142474876,-2057.7143263049097,-604.3564122434545,-2410.404034741646,-0.7149479241396999,-1.15816151515364,-1.1397357640014274,173.80384996223174,-311.31152682491603,40898.7203469435,40413.604970156346,485.11537678714774,316,1.2757118000008631,differential_evolution_bounded_direct_search,True,Maximum number of iterations has been exceeded.,0.0,1844.6452651322757,2.077860099991085
2025-03-25,21,1844.6452651322757,39675.0389594383,40452.20044382065,-8074.037749688329,-3983.149008730093,-931.5330445787961,-1338.2510520214385,-1.5342262553959127,-0.9014113981586147,1.2906097725899466,85.50313838290916,-482.47373442989823,40537.70358220356,39969.72670939075,567.9768728128074,316,1.6428450999956112,differential_evolution_bounded_direct_search,True,Maximum number of iterations has been exceeded.,0.0,1588.9895863227543,2.001113300008001
2025-03-26,21,1588.9895863227543,39457.27765571846,40139.66089440925,-4856.357075915639,-5484.187632371595,-950.3435617104998,-3270.907480925533,0.07011852444597277,0.5182696353964755,0.20653553338391495,91.8436274201893,-481.7062609112659,40231.50452182944,39657.95463349798,573.5498883314551,316,1.6123795000021346,differential_evolution_bounded_direct_search,True,Maximum number of iterations has been exceeded.,0.0,1733.6713707142887,1.7917022000037832
2025-03-27,21,1733.6713707142887,40057.053508639845,40024.74224157944,-9326.510852582649,-8064.842445019419,-1178.0402071557721,-1836.0589709092312,1.079030772462922,-0.47700047650736455,-0.5481779527996387,66.59290912380852,-503.75648794275816,40091.33515070325,39520.98575363668,570.3493970665667,316,0.8353039999929024,differential_evolution_bounded_direct_search,True,Maximum number of iterations has been exceeded.,0.0,1789.4520919755223,1.2755157000065083
2025-03-28,21,1789.4520919755223,11712.074646507881,12417.467622260758,-4873.970771838729,-2934.2335878529657,-7668.9526186918865,-264.9308891239059,0.10041701750747078,-0.5457994380537232,1.2810174112650934,-111.90211728228377,-287.49211913679267,12305.565504978475,12129.975503123966,175.5900018545089,316,0.7051756000000751,differential_evolution_bounded_direct_search,True,Maximum number of iterations has been exceeded.,0.0,2063.027259841271,1.0337577999889618
2025-03-29,21,2063.027259841271,11365.517073882695,12119.310927358758,-5008.295670820377,-3659.030914751212,-2762.2672398882637,-9236.185536828934,-1.7195652157490877,-0.7297131358823252,1.5668034048800017,-133.77526586420302,-327.7669005750899,11985.535661494554,11791.544026783668,193.99163471088687,316,0.82146880000073,differential_evolution_bounded_direct_search,True,Maximum number of iterations has been exceeded.,0.0,1766.3170001058238,1.0404102000029525
2025-03-30,21,1766.3170001058238,38368.896693856936,38529.88709925498,-7156.192155773579,-5901.399897752736,-928.8104930014842,-2026.9277381034017,0.5013745064251411,-1.2783458586171195,-1.659679982406559,-47.204442487694166,-557.0064405498409,38482.68265676728,37972.88065870514,509.80199806214677,316,1.4029655000049388,differential_evolution_bounded_direct_search,True,Maximum number of iterations has been exceeded.,0.0,1993.6159252910059,1.6640307999914512
2025-03-31,21,1993.6159252910059,37687.8484146534,38454.878381474686,-2459.2077014641573,-1808.4672692354584,-850.9856096882405,-811.0757966346092,-1.6948819611626011,1.2685177623669972,-1.5985889857292173,-20.919307448486517,-590.5172656610799,38433.9590740262,37864.361115813605,569.5979582125934,316,0.5597911000077147,differential_evolution_bounded_direct_search,True,Maximum number of iterations has been exceeded.,145.9570769860283,1703.4959036735477,0.7105505999934394
2025-04-01,21,1703.4959036735477,38216.73779647729,40021.85136565112,-5566.161470068281,-8272.367837768577,-680.2821314206362,-1842.4231622109382,0.25141317779253924,0.032906093578566775,-1.5907824068648235,40.03877552879851,-609.0454870269199,40061.890141179916,39412.8058786242,649.0842625557184,316,0.42910170000686776,differential_evolution_bounded_direct_search,True,Maximum number of iterations has been exceeded.,1599.379267134177,1725.7540698148148,0.6952317999966908
2025-04-02,21,1725.7540698148148,37850.147850341345,39128.60516543401,-6161.977989040928,-4619.0127309387335,-7588.3644998775535,-5188.93554267217,0.9428045964927212,1.4978877372396733,1.3660053976544253,-15.818179058244265,-695.0916206536185,39112.786986375766,38433.51354478039,679.2734415953743,316,1.2899577000061981,differential_evolution_bounded_direct_search,True,Maximum number of iterations has been exceeded.,7120.612971507132,1806.695506904767,1.9693843999993987
2025-04-03,21,1806.695506904767,38558.531677958985,39807.30931414309,-2504.307506058568,-5483.871825308279,-7696.9127118677125,-8704.196251440024,1.5681202221873844,0.11016296160731098,-0.2875845661332783,369.74165138525154,-413.9736820544023,40177.05096552834,39393.33563208868,783.7153334396538,316,0.9277158999902895,differential_evolution_bounded_direct_search,True,Maximum number of iterations has been exceeded.,0.0,1837.9342894712922,1.1640312999952585
2025-04-04,21,1837.9342894712922,11267.109122080778,11688.489371624524,-6022.863230452419,-3131.414949613761,-7195.261890910486,-346.66093578173934,1.3204737364656602,0.26978491776943336,-1.6049176307838888,-108.83473810417378,-267.65781777226783,11579.654633520351,11420.831553852257,158.82307966809407,316,0.5587435999914305,differential_evolution_bounded_direct_search,True,Maximum number of iterations has been exceeded.,0.0,1908.8953704232795,0.7611624999990454
2025-04-05,21,1908.8953704232795,11499.132921352297,11871.425645308678,-3536.5277753843798,-2774.648518651562,-8856.02407939379,-7685.0434500043075,0.6294600522808134,1.707866537794854,-1.4413124051120194,-30.22167732907179,-195.2521685445267,11841.203967979607,11676.173476764152,165.03049121545493,316,0.5935634000052232,differential_evolution_bounded_direct_search,True,Maximum number of iterations has been exceeded.,0.0,1792.699860000001,0.7049951999943005
2025-04-06,21,1792.699860000001,37362.683731004574,39157.24198188023,-6798.158868173254,-7119.835179147564,-6826.777895762428,-284.34599757709015,1.9930158961680458,1.693761616300335,-1.1938444008907219,421.35750737107713,-257.00785702326687,39578.599489251304,38900.234124856965,678.3653643943439,316,1.0738891999935731,differential_evolution_bounded_direct_search,True,Maximum number of iterations has been exceeded.,0.0,1814.5279856084685,1.1766274999972666
2025-04-07,21,1814.5279856084685,37288.32272099752,37997.004329238756,-1058.1702506415027,-3731.8703388345352,-2767.60955896305,-330.33890161455764,-1.9015092891583592,0.9727572638212525,0.7692914282986809,327.3553146895358,-302.9737024087371,38324.35964392829,37694.03062683002,630.329017098273,316,0.9674322999926517,differential_evolution_bounded_direct_search,True,Maximum number of iterations has been exceeded.,0.0,1673.7022156349217,1.243573399988236
2025-04-08,21,1673.7022156349217,38571.802499942474,38540.898299352724,-2087.019501776423,-575.4638234064923,-1666.1853382486602,-2103.177655675382,1.585850554309796,-0.7624484977093511,1.5174621788882314,333.5844710870543,-462.024510064687,38874.482770439776,38078.87378928804,795.6089811517413,316,0.6134296999953222,differential_evolution_bounded_direct_search,True,Maximum number of iterations has been exceeded.,0.0,1411.88442126984,0.8676427000027616
2025-04-09,21,1411.88442126984,37762.89345411686,38350.71605912513,-7984.04838855079,-2100.2733783729163,-601.0644386058594,-546.225333703127,-1.4654124583682706,0.4511131514334865,1.0594445518712936,253.38164795951369,-515.3789123355415,38604.09770708464,37835.33714678959,768.7605602950551,316,0.5034782000002451,differential_evolution_bounded_direct_search,True,Maximum number of iterations has been exceeded.,2705.344519229785,1494.3906825309862,0.6030693000066094
2025-04-10,21,1494.3906825309862,37991.077357563045,38447.07971880668,-1159.0821615599384,-9411.494913610088,-6217.667502201175,-6294.67344419502,1.333308071768509,-1.4277800216934522,1.701518598299815,307.71990748619476,-482.7317354712956,38754.79962629287,37964.347983335385,790.4516429574903,316,0.5256789000122808,differential_evolution_bounded_direct_search,True,Maximum number of iterations has been exceeded.,0.0,1792.9671722639168,0.6218036000063876
2025-04-11,21,1792.9671722639168,10962.602039388788,11457.0831325838,-3806.378910150055,-925.3667765052128,-7960.109665410582,-9349.091123062497,0.04131892784820934,0.782086690043112,0.9451242770454797,-37.125983298000286,-191.98172868027768,11419.957149285801,11265.101403903524,154.8557453822774,316,0.7626786999899196,differential_evolution_bounded_direct_search,True,Maximum number of iterations has been exceeded.,0.0,1803.7491865343877,1.0543343000026653
2025-04-12,21,1803.7491865343877,11267.786658226842,11292.680556483432,-6709.878560343943,-7551.189468430969,-4967.856070959955,-8723.04651880173,0.7118186752646607,0.3767222202717244,0.2746924285181582,-147.01283311912607,-317.8617723187479,11145.667723364306,10974.818784164685,170.84893919962184,316,0.665416500007268,differential_evolution_bounded_direct_search,True,Maximum number of iterations has been exceeded.,0.0,2165.717507433861,1.0387002999923425
2025-04-13,21,2165.717507433861,36686.483209059435,37596.83855627817,-8798.424784047187,-1029.0431424995845,-8771.23620856641,-7241.102571915805,1.7538474991788768,-0.7968460823810553,-0.11275830712823498,310.58994410506904,-619.6963566734385,37907.42850038324,36977.14219960473,930.2863007785074,316,0.5456328000000212,differential_evolution_bounded_direct_search,True,Maximum number of iterations has been exceeded.,0.0,1821.5231821164025,0.714063300009002
2025-04-14,21,1821.5231821164025,36146.4374867695,36989.983743414086,-4036.385511621525,-5347.785152471282,-7652.848521236407,-4513.589686127521,-0.7244588474869906,-1.5992847262024004,-0.7653619244603511,307.06007280286804,-607.9213059414026,37297.04381621695,36382.06243747268,914.9813787442706,316,0.7467694000079064,differential_evolution_bounded_direct_search,True,Maximum number of iterations has been exceeded.,66.4478036071483,1737.077578149024,0.8183720000088215
2025-04-15,21,1737.077578149024,36532.45725361237,36946.21023241418,-5690.372870802851,-765.5768721461449,-8104.371927172375,-3646.9522391409464,1.8334912851900427,-1.4620284748473997,-1.6595646333628078,432.74660804420665,-373.82385977603724,37378.95684045839,36572.386372638146,806.570467820244,316,0.5927443999971729,differential_evolution_bounded_direct_search,True,Maximum number of iterations has been exceeded.,0.0,2147.14883246032,0.8201240000053076
2025-04-16,21,2147.14883246032,35983.649440437446,37269.87985310569,-8434.043837050467,-3583.133049076027,-745.4359851972612,-5901.448085642463,-0.32445569155776166,-1.4553268163863176,-0.9189414031292145,280.1967113240994,-627.2486999766289,37550.076564429786,36642.63115312906,907.4454113007283,316,0.5418171000055736,differential_evolution_bounded_direct_search,True,Maximum number of iterations has been exceeded.,0.0,1992.9259541005283,0.6146271000034176
2025-04-17,21,1992.9259541005283,36104.09547230493,36766.01994450072,-4785.869179183306,-2720.3421041434362,-9439.14812402679,-2188.7402456607706,1.3529085041180466,-0.5351103786760372,0.4195947189365583,262.4630882127308,-562.8476490098122,37028.48303271345,36203.172295490906,825.310737222543,316,1.5761771999968914,differential_evolution_bounded_direct_search,True,Maximum number of iterations has been exceeded.,0.0,2048.43085484127,2.0300606999953743
2025-04-18,21,2048.43085484127,10827.213208279205,11286.2928460856,-1787.7189082845603,-8759.922206104293,-1721.1077759260477,-2076.6293322795336,0.5315459283762234,-0.51898668453045,0.14183637289954376,-96.7956276622924,-235.44426305095845,11189.497218423308,11050.848583034642,138.64863538866604,316,1.3164896000089357,differential_evolution_bounded_direct_search,True,Maximum number of iterations has been exceeded.,0.0,2333.7628053703716,1.6938721999904374
2025-04-19,21,2333.7628053703716,9900.916200965548,11103.102154469014,-3161.254137914415,-3110.8532641964657,-3814.5936369247197,-6118.105962419668,1.9648079961030835,0.013308158602343134,0.3296297073023493,-323.5607262744929,-464.8883007389398,10779.541428194521,10638.213853730074,141.3275744644469,316,1.2907057999982499,differential_evolution_bounded_direct_search,True,Optimization terminated successfully.,0.0,2109.183779841268,1.670022300007986
2025-04-20,21,2109.183779841268,35715.5422408358,36191.70969914818,-2469.241840696593,-8466.82991321665,-5796.715340623265,-4162.506119804614,1.218593379303365,0.8021323592962353,1.3304600901128478,251.51671850817388,-697.4485721146897,36443.226417656355,35494.26112703349,948.9652906228636,316,1.043457000007038,differential_evolution_bounded_direct_search,True,Maximum number of iterations has been exceeded.,0.0,2111.309989847487,1.2972787000035169
2025-04-21,21,2111.309989847487,35415.97321788041,36097.04668804919,-7135.17483604721,-9051.32010507027,-5759.506912089792,-6004.935242626462,0.7868963583650954,0.029876839992091675,1.6355602456727794,239.81018204817255,-709.7310505129068,36336.85687009736,35387.31563753628,949.5412325610794,316,0.6097354999947129,differential_evolution_bounded_direct_search,True,Maximum number of iterations has been exceeded.,0.0,1783.2522657634122,0.8440435000084108
2025-04-22,21,1783.2522657634122,34527.57697005238,35849.29947611799,-6673.426326813975,-7154.1164458822295,-2916.9669440762555,-7714.178821946496,-0.6581032793254409,1.158082268488517,-1.7974683642169698,-24.74959740497928,-629.1102899275359,35824.549878713005,35220.18918619045,604.3606925225566,316,0.6738440999906743,differential_evolution_bounded_direct_search,True,Maximum number of iterations has been exceeded.,0.0,1808.1560689682535,0.7918780999898445
2025-04-23,21,1808.1560689682535,35448.349295727756,36426.60877742115,-4578.149296792915,-7310.755086394812,-705.8915994675207,-1621.671893629463,0.08090110937167205,-0.23776678471470047,-1.1102752140668488,261.7499058481669,-624.9277425950288,36688.35868326932,35801.68103482612,886.6776484431957,316,1.1580404999986058,differential_evolution_bounded_direct_search,True,Maximum number of iterations has been exceeded.,0.0,2141.4884714285677,1.5602498000080232
2025-04-24,21,2141.4884714285677,34184.89431237427,35052.444781350496,-7268.418584620071,-5401.793718046046,-671.608725176673,-2416.3651181223895,1.9436750259416762,-1.9099965070392897,0.643730884118757,10.115225796612549,-614.3927454749886,35062.560007147105,34438.05203587551,624.5079712716011,316,0.9152478999894811,differential_evolution_bounded_direct_search,True,Maximum number of iterations has been exceeded.,0.0,1862.6684706878318,1.3029775000031805
2025-04-25,21,1862.6684706878318,10025.914027231724,10403.960301587224,-3168.716688212084,-1794.1453316643126,-550.2628928241122,-4609.623976970629,1.2090675811085374,0.4800122083071412,1.8254605189112674,-266.83491504248985,-421.79232935113265,10137.125386544734,9982.167972236091,154.9574143086428,316,1.0512828000064474,differential_evolution_bounded_direct_search,True,Maximum number of iterations has been exceeded.,0.0,1682.8652083333343,1.3696487999986857
2025-04-26,21,1682.8652083333343,10091.22389187299,10502.035259128832,-8966.054641518102,-2736.4481225206473,-3273.2703479256675,-7321.250590628436,-1.0142492170273194,0.35261491948128043,-1.710733494779404,-103.91157202471794,-245.28386277533562,10398.123687104115,10256.751396353497,141.37229075061768,316,0.9874039999995148,differential_evolution_bounded_direct_search,True,Maximum number of iterations has been exceeded.,0.0,1605.449249444447,1.3283092000056058
2025-04-27,21,1605.449249444447,32577.519363569838,32948.458444721546,-4711.286518172152,-5012.865806024907,-780.1321560191024,-4618.608995375265,-0.6534133034991558,1.734940792067584,1.2171426155794918,-357.8980796408138,-722.6337167559752,32590.56036508073,32225.82472796557,364.7356371151614,316,1.1063824000011664,differential_evolution_bounded_direct_search,True,Maximum number of iterations has been exceeded.,3869.6672800417045,1529.3225094444444,1.2708387000020593
2025-04-28,21,1529.3225094444444,33275.669698651946,34656.76604971502,-8695.84799233867,-6366.773658171775,-586.8439095017379,-401.5952026772641,1.4143325487085505,-1.9113544231559056,-1.1732587415651468,-164.27162444599787,-481.38845200546467,34492.494425269026,34175.37759770956,317.1168275594668,316,1.4311990999995032,differential_evolution_bounded_direct_search,True,Maximum number of iterations has been exceeded.,18413.851658419208,1725.7195729629627,1.6413305000023684
2025-04-29,21,1725.7195729629627,33909.576675223674,34217.87430540976,-6411.665832269133,-4338.866017544066,-2552.9395817919394,-263.36069003031105,1.6027446987978302,1.1578058332108752,-0.4629498185578318,784.0590427698155,319.7990494490504,35001.93334817958,34537.67335485881,464.2599933207651,316,1.4394413999980316,differential_evolution_bounded_direct_search,True,Maximum number of iterations has been exceeded.,1377.533004680637,1912.5830925925934,1.7146073000039905
2025-04-30,21,1912.5830925925934,33790.865371641376,33765.8802864942,-1708.687389412188,-4030.830299584776,-2054.1349049103023,-763.7285529223249,-0.5074132228698041,0.9256123629096544,-1.0765270592019842,788.5499785700262,372.9906581791615,34554.43026506422,34138.870944673356,415.5593203908646,316,0.5997975000063889,differential_evolution_bounded_direct_search,True,Maximum number of iterations has been exceeded.,0.0,1680.3191546031742,0.9129308999981731
2025-05-01,21,1680.3191546031742,33453.43455495394,34793.181775412755,-7086.9520415032675,-5224.538562079007,-307.34363363501063,-682.0436917841874,0.7732564758535871,-0.18705950080358358,1.2987355551478603,643.7118765038094,326.45293470464793,35436.893651916565,35119.6347101174,317.2589417991615,316,0.7007526999950642,differential_evolution_bounded_direct_search,True,Maximum number of iterations has been exceeded.,11141.82258373736,1210.8405,1.1569649999873945
2025-05-02,21,1210.8405,10220.007517215237,11204.112702225075,-4491.714726977708,-2317.273728945478,-444.7909403702528,-6820.854163659638,-1.3124204551853929,-0.4585787823224061,0.5480095592575802,297.1478146159881,138.45905766793882,11501.260516841063,11342.571759893013,158.6887569480493,316,1.3398314000078244,differential_evolution_bounded_direct_search,True,Maximum number of iterations has been exceeded.,8326.283364717074,1200.0,1.8062721000023885
2025-05-03,21,1200.0,10656.350246221786,11316.21067285973,-8157.649045375224,-4777.115955823347,-260.6493733979107,-4078.6591167956176,-1.1391025334618505,0.7144755086078529,-1.92177209652495,828.2266732601049,767.8986067336549,12144.437346119836,12084.109279593386,60.328066526450016,316,0.8289482999971369,differential_evolution_bounded_direct_search,True,Maximum number of iterations has been exceeded.,5225.626322144238,1200.0,1.2644877000129782
2025-05-04,21,1200.0,34594.52171035718,36854.2336657107,-5463.633983055473,-1784.5074950688208,-2324.7980002219224,-739.0848420144522,-0.7767570678439824,-0.15752745903463916,0.4048825181961364,2425.106981349208,2081.096700154838,39279.34064705991,38935.330365865535,344.01028119437024,316,0.3905998999980511,differential_evolution_bounded_direct_search,True,Maximum number of iterations has been exceeded.,7449.858323018027,1257.9569999999999,0.5051998000126332
2025-05-05,21,1257.9569999999999,35673.46551068169,36975.73851277547,-823.5852672575675,-496.5716136637973,-1109.4480891971302,-861.2989682667269,1.6295288181485006,-0.6908866479326301,0.8093465191540479,2565.0177281759115,2247.6584159698896,39540.75624095138,39223.39692874536,317.35931220602197,316,0.36683240000274964,differential_evolution_bounded_direct_search,True,Maximum number of iterations has been exceeded.,9980.732310875412,1230.6945,0.4414968999917619
2025-05-06,21,1230.6945,34813.87994909765,37137.852003132015,-1067.7677706018953,-5477.579958329731,-1276.1612828110883,-828.38400534233,0.05255788780308146,1.4556146462366168,-1.4292592262654302,2557.813617854697,2119.09106741666,39695.665620986714,39256.943070548674,438.72255043803716,316,0.35046370000054594,differential_evolution_bounded_direct_search,True,Maximum number of iterations has been exceeded.,6081.418394556592,1200.0,0.42226340000343043
2025-05-07,21,1200.0,35712.9552350959,38040.57971192688,-5388.3958760825135,-1214.763237907351,-400.3419194756347,-872.0332657886846,0.9588392601201106,1.9236939461865603,1.3649961867961067,2329.2559667247806,1828.2394918604073,40369.83567865167,39868.81920378729,501.0164748643733,316,0.5055181000061566,differential_evolution_bounded_direct_search,True,Maximum number of iterations has been exceeded.,7503.0548855398965,1321.227009814815,0.5809498000016902
2025-05-08,21,1321.227009814815,40022.56822084263,41637.404461335056,-7657.613625507582,-4115.218050058708,-351.93749494762085,-2572.275206663452,-0.07381013688916949,1.9817115194429116,1.500650487885689,2269.530410996837,1721.8985645133205,43906.93487233189,43359.30302584838,547.6318464835165,316,0.37538680000579916,differential_evolution_bounded_direct_search,True,Maximum number of iterations has been exceeded.,0.0,3264.36368272487,0.45998559999861754
2025-05-09,21,3264.36368272487,13187.407078814053,13684.457945468535,-4093.7740362525305,-5894.8796876362185,-89.76008621998979,-736.2961121019147,0.4656329593243238,0.5541168144529323,-0.5982121436796612,248.82809234425423,191.78953640203144,13933.28603781279,13876.247481870567,57.038555942222786,316,0.40282139999908395,differential_evolution_bounded_direct_search,True,Maximum number of iterations has been exceeded.,0.0,3276.7054976719605,0.5038688999920851
2025-05-10,21,3276.7054976719605,13101.986891980308,13733.739958217706,-7043.2315293714155,-682.9562486737274,-45.553872449156785,-7094.799426755141,1.3578802347688317,1.4047351736764693,0.4195359778997414,576.4995409559838,491.42407675096,14310.23949917369,14225.164034968666,85.07546420502376,316,0.7437844999949448,differential_evolution_bounded_direct_search,True,Maximum number of iterations has been exceeded.,76.81153426599002,2994.6289864021123,0.8874986999871908
2025-05-11,21,2994.6289864021123,40075.253595827846,40876.437517875594,-4074.8597737964387,-2870.567038876437,-812.251506322302,-847.7642582723447,1.0835500536689713,1.7114763675673075,0.045457513786365755,1800.2183664488996,1260.6442185746116,42676.65588432449,42137.08173645021,539.574147874288,316,0.35665799998969305,differential_evolution_bounded_direct_search,True,Maximum number of iterations has been exceeded.,179.42644999999962,2862.3210541534404,0.44924560000072233
2025-05-12,21,2862.3210541534404,40106.3119496273,41331.20890228202,-585.2713969701227,-8085.847521846163,-1280.3680391675844,-4411.842813453244,0.039039336395759516,-1.485823752063605,-0.21841556223016778,2009.707852040582,1286.68824356357,43340.91675432261,42617.89714584559,723.0196084770121,316,0.8084810000000289,differential_evolution_bounded_direct_search,True,Maximum number of iterations has been exceeded.,0.0,3207.3646112433853,0.8811182000063127
2025-05-13,21,3207.3646112433853,40051.16861540407,40784.06723106797,-5843.20248823248,-920.1416483611897,-760.2604476345647,-947.1240905664334,-0.6619408348199436,0.17003858250159576,0.6195616346267916,1879.0400085901547,1226.5535799607326,42663.10723965813,42010.620811028704,652.4864286294221,316,1.1649417000007816,differential_evolution_bounded_direct_search,True,Maximum number of iterations has been exceeded.,0.0,3383.0729744973532,1.3147342000011122
2025-05-14,21,3383.0729744973532,40394.50508999029,40488.45157723781,-3239.8567659841906,-5290.7840083857245,-1479.4177476468703,-935.757399848389,1.2198103744921274,0.019428796881189037,-0.38059194503226634,1979.9747358352993,1281.6136012856323,42468.426313073105,41770.06517852344,698.361134549667,316,1.1686713000090094,differential_evolution_bounded_direct_search,True,Maximum number of iterations has been exceeded.,0.0,3095.7578105290995,1.6367491999990307
2025-05-15,21,3095.7578105290995,39856.63776712504,40618.463653724226,-5279.950526223926,-5310.833991620015,-1083.5299815347635,-5464.053720639999,0.972131705160276,-1.2695227770356592,-0.9165593772243033,1889.7359664482854,1178.378786605477,42508.19962017251,41796.8424403297,711.3571798428084,316,1.0500025000073947,differential_evolution_bounded_direct_search,True,Maximum number of iterations has been exceeded.,0.0,3615.902583053554,1.0963952999882167
2025-05-16,21,3615.902583053554,12489.68742361494,12823.97208003738,-5890.902091837095,-3637.309228311409,-130.08494989180372,-342.42463773007114,-1.1167493513284126,1.9324886387198599,0.6963514904438046,426.7310873849776,316.1090529190813,13250.703167422358,13140.08113295646,110.62203446589632,316,0.7192463999963365,differential_evolution_bounded_direct_search,True,Maximum number of iterations has been exceeded.,0.0,2679.1148332539706,1.009545100008836
2025-05-17,21,2679.1148332539706,13064.58326486826,13334.968919061308,-6786.357009737654,-2925.2025554909233,2170.6535100375754,-7913.6463067618815,-0.4682198931425203,0.39503619416620994,-0.018414133103079156,546.8007098935356,501.35568642886443,13881.769628954844,13836.324605490172,45.445023464671124,316,1.6470712999871466,differential_evolution_bounded_direct_search,True,Maximum number of iterations has been exceeded.,169.32442482142883,2893.0258813492082,1.7352784999966389
2025-05-18,21,2893.0258813492082,39497.678313596094,40028.31420529956,-1016.3491734683195,-3254.730727102958,-278.80324867567055,-8786.013008160122,-0.37354221195108384,0.6148581726922138,0.5614216407154129,1929.7355349831546,1124.2762859141603,41958.04974028272,41152.59049121372,805.4592490689943,316,1.0790165000071283,differential_evolution_bounded_direct_search,True,Maximum number of iterations has been exceeded.,0.0,3304.3183897304307,1.7310489999945275
2025-05-19,21,3304.3183897304307,38776.49970964058,38988.64526626456,-6196.5313802891615,-6570.438182349983,-1420.7841472837747,-7004.028959461517,-0.10780626984394659,-1.3432270772869914,1.0329791302195295,1838.7876726011077,1033.3307976837398,40827.43293886567,40021.9760639483,805.4568749173679,316,1.1058678999979747,differential_evolution_bounded_direct_search,True,Maximum number of iterations has been exceeded.,455.9576833333333,2763.393606507937,1.7467464999936055
2025-05-20,21,2763.393606507937,37797.532302364976,38816.96006951293,-5350.603731244202,-5501.903154275447,-587.016905223944,-477.44527387494384,-0.6096824763146436,0.25824738807010306,-0.551098566508645,1929.6720743000053,1239.5140875803268,40746.63214381293,40056.47415709325,690.1579867196785,316,0.7683287000108976,differential_evolution_bounded_direct_search,True,Maximum number of iterations has been exceeded.,0.0,2594.929720502647,0.9545768000098178
2025-05-21,21,2594.929720502647,38015.30290288284,39236.82737097019,-8035.317254523581,-3977.3925913235967,-1285.1595040482196,-397.61083157166513,0.22631998124196961,0.3873868237959863,0.7156764607018156,1715.3546725388699,1111.6640747324159,40952.18204350906,40348.4914457026,603.690597806454,316,0.43092780000006314,differential_evolution_bounded_direct_search,True,Maximum number of iterations has been exceeded.,0.0,2890.1773835449735,0.960400900003151
2025-05-22,21,2890.1773835449735,37648.19141855026,38224.60129992,-4252.004395874488,-2265.209427234948,-327.8957145373305,-5824.710372602375,0.23578869673953884,-1.1387886720917635,-0.828765926947131,1542.81146392172,838.7271355893927,39767.41276384172,39063.32843550939,704.0843283323272,316,0.3788294000114547,differential_evolution_bounded_direct_search,True,Maximum number of iterations has been exceeded.,16.413304999999596,3190.3367486507923,0.48106710000138264
2025-05-23,21,3190.3367486507923,12325.375830896115,12505.965525691014,-1143.5651285132685,-500.7991186580931,2514.819311881817,-4519.841508945037,1.4996580902092167,-0.013053629270052047,-1.1659124022415868,502.42115890482455,429.0810363290658,13008.386684595838,12935.04656202008,73.34012257575876,316,0.7312422000104561,differential_evolution_bounded_direct_search,True,Maximum number of iterations has been exceeded.,75.4820912500006,3467.2715843121728,0.8109255000017583
2025-05-24,21,3467.2715843121728,12415.254102582006,13050.381315488095,-3176.7028244954085,-9142.928324129301,-228.05976427056117,-8643.534895432918,-0.17664112725085457,1.4735252055612582,-0.9843590492277037,195.8575930742905,119.63815510043567,13246.238908562385,13170.019470588531,76.21943797385482,316,1.158493399998406,differential_evolution_bounded_direct_search,True,Maximum number of iterations has been exceeded.,0.0,3377.26971822751,1.4154290000005858
2025-05-25,21,3377.26971822751,36304.006875267936,37203.689377828196,-2258.1222683749756,-4423.096756944174,-383.49539236516284,-994.4811633353809,-1.5098958790450183,0.9678935461174705,0.3709562086609086,913.7004690130013,60.930159132996465,38117.38984684119,37264.61953696119,852.7703098800049,316,0.6024671000050148,differential_evolution_bounded_direct_search,True,Maximum number of iterations has been exceeded.,84.90765869999919,2661.0087242952536,0.7173197000083746
2025-05-26,21,2661.0087242952536,35700.241332838144,36793.976117757324,-3854.466667117813,-4106.337159369277,-308.98149402053684,-6886.290715607815,0.5731032164584597,0.9638411545457228,-0.5960649758559899,954.1638441987272,402.30163787700025,37748.139961956054,37196.27775563432,551.862206321727,316,0.46968579999520443,differential_evolution_bounded_direct_search,True,Maximum number of iterations has been exceeded.,188.4353125000003,2680.665561837788,0.6195998000039253
2025-05-27,21,2680.665561837788,36570.21912508473,37354.70414961662,-1597.788659678577,-3694.0453503013305,-348.6638319181839,-4880.06350458531,-1.3608024986574985,-1.219011023378962,-1.8864464745713478,1149.186391032688,158.8286419584164,38503.89054064931,37513.53279157504,990.3577490742717,316,0.5303260000073351,differential_evolution_bounded_direct_search,True,Maximum number of iterations has been exceeded.,0.0,2444.3379715079363,0.7640303999942262
2025-05-28,21,2444.3379715079363,36121.346783412526,37042.69754085792,-4880.096482054167,-6086.059518588567,-2855.460359214509,-242.96789508882526,1.7224268299119578,1.0564973798473183,-0.833916851555526,570.1886461745638,-108.71008261773457,37612.88618703248,36933.98745824018,678.8987287922984,316,0.4752676999924006,differential_evolution_bounded_direct_search,True,Maximum number of iterations has been exceeded.,0.0,2562.5257574603193,0.5469924000062747
2025-05-29,21,2562.5257574603193,35350.88090865499,36479.32253893085,-950.6081303675589,-2234.3170252224263,-4920.428059708334,-6808.090605604944,-1.3688341055318194,-0.4717744155422836,0.34939239606362227,445.32867917291486,-751.5441289860098,36924.65121810376,35727.77840994484,1196.8728081589247,316,0.5928825000009965,differential_evolution_bounded_direct_search,True,Maximum number of iterations has been exceeded.,119.26099001666701,1797.8204506613763,0.7533308999991277
2025-05-30,21,1797.8204506613763,11538.292757155663,12219.267146865777,-2228.8358928787948,-6150.846633484857,-2632.494250093492,-1129.7836434522694,1.7366063017342825,-1.8007141829546258,-1.377238079690751,-125.6025409831124,-406.47749264557865,12093.664605882665,11812.789654220198,280.87495166246623,316,0.6279818000039086,differential_evolution_bounded_direct_search,True,Maximum number of iterations has been exceeded.,0.0,2001.3634417195785,0.801206899996032
2025-05-31,21,2001.3634417195785,11953.974096602069,11827.495960840139,-7192.7913476881,-3415.63384142904,-2912.886688844988,-3088.9963323558595,-0.6385287753210096,1.7956977998681625,0.09174645066132836,-43.936904540128566,-322.06980109034856,11783.55905630001,11505.42615974979,278.13289655022,316,0.4495260999974562,differential_evolution_bounded_direct_search,True,Maximum number of iterations has been exceeded.,0.0,2353.0447784528897,0.6044888999895193
2025-06-01,21,2353.0447784528897,36575.27900422149,41330.65248374852,-2042.046464357724,-2899.1058382491933,-2343.8770544950207,-6092.291761461152,-0.3737974053117523,-0.5725141675007981,1.8459646619029662,478.28588345282185,-727.5460839523677,41808.93836720134,40603.106399796154,1205.8319674051895,316,0.6404980999941472,differential_evolution_bounded_direct_search,True,Maximum number of iterations has been exceeded.,67130.31059086067,1200.0,0.7928931000060402
2025-06-02,21,1200.0,38145.1226502464,42628.3363925034,-145.82996987682577,-2290.2128689129668,-2881.164224927863,-2374.842779313974,-1.1806647162323927,0.03131660794796165,1.5213403170069348,3166.248630809348,2150.4800243734458,45794.58502331275,44778.81641687684,1015.7686064359023,316,0.628002600002219,differential_evolution_bounded_direct_search,True,Maximum number of iterations has been exceeded.,44956.00361855064,1200.0,0.6964618999918457
2025-06-03,21,1200.0,39242.43326962394,44108.645213636395,-119.85564567874363,-2994.7757137431395,-825.1357955999541,-2532.434961284109,-0.8692646836207207,1.171782307273399,0.586186740199115,4469.123669081233,3692.164136142736,48577.76888271763,47800.809349779134,776.959532938497,316,0.7314190000033705,differential_evolution_bounded_direct_search,True,Maximum number of iterations has been exceeded.,28335.096429921734,1200.0,0.8478066999959992
2025-06-04,21,1200.0,41930.48099430134,46448.92838023938,195.68405949161303,-1395.2638862781096,-112.41402096207871,-7630.138863967836,1.3938857738699122,1.9872359456077588,-0.43141394183423243,4483.821197678131,4221.664082154521,50932.74957791751,50670.5924623939,262.1571155236106,316,1.0255161999957636,differential_evolution_bounded_direct_search,True,Maximum number of iterations has been exceeded.,17166.041933942633,1200.0,1.2120032999955583
2025-06-05,21,1200.0,44225.45562232049,49484.73190519866,-6239.755532472208,-4953.53129637509,-147.10700994232758,-8413.262871016314,0.7236848172567507,1.4605707490835504,1.757718208043534,4613.632701222372,4163.5211461588015,54098.36460642103,53648.25305135747,450.11155506357045,316,0.47894719999749213,differential_evolution_bounded_direct_search,True,Maximum number of iterations has been exceeded.,13193.006286573614,1200.0,0.730458499994711
2025-06-06,21,1200.0,14086.46468790125,16131.847487369438,-7048.636113240377,-940.4258537675752,3567.8554524415667,-914.6208019615482,-0.24425721417668678,-0.42595370499645346,0.4584372733783737,2202.350265895155,2136.3029734009424,18334.197753264594,18268.15046077038,66.0472924942128,316,0.3946202000079211,differential_evolution_bounded_direct_search,True,Maximum number of iterations has been exceeded.,13885.05382130983,1217.4015,0.4697576000035042
2025-06-07,21,1217.4015,14353.556849641318,17350.398504609322,-107.60157069127025,-801.1346871114664,687.4782243275575,-2064.7130226461513,0.48856735395901607,0.05619569351014153,0.03369297442880548,1858.226621381621,1829.1408460630932,19208.625125990944,19179.539350672414,29.085775318527794,316,0.4078171000001021,differential_evolution_bounded_direct_search,True,Maximum number of iterations has been exceeded.,5464.361002755895,1274.0213301851854,0.45265619999554474
2025-06-08,21,1274.0213301851854,62303.80952464973,62141.55366118498,-518.1366661061834,-1520.106485248186,-551.58133737871,-7791.084540282525,-0.713083867402013,0.593829901711783,1.0736958129799943,3700.9563596551334,2977.9982967406263,65842.51002084011,65119.55195792561,722.9580629145071,316,0.6284163000091212,differential_evolution_bounded_direct_search,True,Maximum number of iterations has been exceeded.,0.0,3806.0545693915333,0.8210429000027943
2025-06-09,21,3806.0545693915333,59343.56653794545,61290.19836576363,-6398.382560619919,-7909.113767567861,-342.6322281647426,-3851.1832068645654,1.4209177205263366,0.3645744067800454,0.7058239837684117,3638.2778567947776,2985.4133272696154,64928.476222558405,64275.61169303324,652.8645295251622,316,0.4147032000037143,differential_evolution_bounded_direct_search,True,Maximum number of iterations has been exceeded.,0.0,3884.0058847089954,0.7386623000056716
2025-06-10,21,3884.0058847089954,59088.100548110626,60970.75595130335,-4106.447991648109,-6736.883046955561,-476.9157256221877,-7584.133733675296,1.1439743816573529,1.4051075100640618,1.4098102478892653,3522.1603613252782,2855.6898321687313,64492.91631262863,63826.44578347208,666.470529156547,316,1.0384622999990825,differential_evolution_bounded_direct_search,True,Maximum number of iterations has been exceeded.,0.0,3647.0768205555582,1.2700763000029838
2025-06-11,21,3647.0768205555582,60269.3997115301,61857.561563937,-6950.791822852906,-4215.553236476615,-466.72873836563406,-2622.090046436879,-1.7747555570624733,1.4530843360488817,-1.5940103960170093,3740.258853507674,3045.414681143758,65597.82041744467,64902.97624508076,694.8441723639157,316,0.45197570000891574,differential_evolution_bounded_direct_search,True,Maximum number of iterations has been exceeded.,0.0,3793.5663563227536,0.6110499999922467
2025-06-12,21,3793.5663563227536,62235.02167121838,63165.340424106835,-3837.175583968963,-2109.752610648414,-424.3332333761231,-2547.8851252547893,0.8610964068701827,-1.0763640148136806,1.1095796241679814,3571.223394800345,2917.9485748809448,66736.56381890718,66083.28899898777,653.2748199194002,316,0.40633949999755714,differential_evolution_bounded_direct_search,True,Maximum number of iterations has been exceeded.,0.0,4491.649165873015,0.6053238000022247
2025-06-13,21,4491.649165873015,21769.23549355821,22056.444883515265,-6792.199114509987,-3224.7832471254774,-159.75920886772565,-5329.118831362159,0.13361621638427934,1.6543178608391944,-1.8205931260913064,2094.6530678675763,2018.4951539737663,24151.097951382842,24074.940037489032,76.15791389381002,316,0.5994303000043146,differential_evolution_bounded_direct_search,True,Maximum number of iterations has been exceeded.,0.0,4385.482235555555,0.6629595999984303
2025-06-14,21,4385.482235555555,21635.1896768396,22684.838448302813,-1721.7180564956536,-7543.518806037122,8505.924417963637,-33.27181825303427,0.39863192952046766,0.8709753003992118,-0.6620756531393894,1842.7137468982858,1717.9670310841275,24527.5521952011,24402.80547938694,124.74671581415828,316,0.5979820999928052,differential_evolution_bounded_direct_search,True,Maximum number of iterations has been exceeded.,0.0,4014.4769539947033,0.6560024000064004
2025-06-15,21,4014.4769539947033,60536.60378741765,62134.42222321313,-6472.199488776894,-3814.044481494858,-238.35680637067966,-2112.202904223025,0.21683128729077472,-0.9605545318582016,0.8987965662808435,3227.4616089233305,2692.486849869067,65361.88383213646,64826.9090730822,534.9747590542634,316,0.6828355000034207,differential_evolution_bounded_direct_search,True,Maximum number of iterations has been exceeded.,0.0,4171.1889724867715,0.9380363000091165
2025-06-16,21,4171.1889724867715,62550.270300237855,63365.69065556058,-5507.717669434278,-8079.1937907645315,-270.07487548754733,-4790.3045232323975,-0.03940712580823691,0.5431356080901,0.619955894742664,3363.6469437140595,2869.8429460995953,66729.33759927464,66235.53360166018,493.80399761446415,316,0.3861092000006465,differential_evolution_bounded_direct_search,True,Maximum number of iterations has been exceeded.,0.0,4061.878533544971,0.46312649999163114
2025-06-17,21,4061.878533544971,61453.69551696385,62863.567836534065,-4474.909418417951,-8609.185268925396,-573.876077699306,-797.9563680445785,1.146212538676512,1.133795562480461,1.3135114749366368,3441.985284509358,2851.8821698472334,66305.55312104343,65715.4500063813,590.1031146621244,316,0.6670396000117762,differential_evolution_bounded_direct_search,True,Maximum number of iterations has been exceeded.,35.93527000000114,3773.1910766931233,0.7506316999933915
2025-06-18,21,3773.1910766931233,63193.3591867678,64308.90105292161,-7458.846349351735,-1454.6999329458533,-617.9973389058802,-9131.295913558088,-1.5558643689474483,1.9500019649635667,0.7961915114394218,3571.3971010841356,2805.885235588382,67880.29815400575,67114.78628850999,765.5118654957537,316,0.5541105000011157,differential_evolution_bounded_direct_search,True,Maximum number of iterations has been exceeded.,0.0,4229.1099478042315,0.7576793000043835
2025-06-19,21,4229.1099478042315,62388.07285010718,62039.2732500103,-4033.750229244086,-5017.6027559383465,-304.29410242905954,-7010.660413241081,-0.36759386456653287,-1.624295511766261,1.7325548571861913,3522.7976814712893,2844.231410579144,65562.07093148159,64883.504660589446,678.5662708921454,316,1.184313600009773,differential_evolution_bounded_direct_search,True,Maximum number of iterations has been exceeded.,0.42149999999881804,3855.655044894179,1.4029215999908047
2025-06-20,21,3855.655044894179,20961.116484559232,21489.516658430322,-1984.4833833262826,-1524.641974193007,-106.0221470573822,-4035.6265835681024,1.3109683744433749,1.534310603133262,0.738686466457374,2077.3792711179567,2007.8707424691809,23566.89592954828,23497.387400899504,69.50852864877584,316,0.7063490000000456,differential_evolution_bounded_direct_search,True,Maximum number of iterations has been exceeded.,0.0,4135.125512037037,0.9296458000026178
2025-06-21,21,4135.125512037037,21037.059252392137,20960.43592499665,3.629540896696426,-1871.4152425164777,-54.50404299204834,-1580.1032469878805,-0.3471403796948107,-1.2053467712756523,-1.356069675037835,2044.43506325226,1994.5545444974687,23004.870988248913,22954.99046949412,49.88051875479141,316,0.21632859999954235,differential_evolution_bounded_direct_search,True,Maximum number of iterations has been exceeded.,0.0,4809.66568843915,0.2917933999997331
2025-06-22,21,4809.66568843915,58933.26279034334,60001.387769355635,-2983.5366452039552,-4067.8491509565692,-406.5008105554586,-5076.0630854005285,-0.9759604477897175,1.7938654828885254,-0.9024472121101976,3553.5589570249176,2751.4646014088066,63554.946726380556,62752.85237076444,802.094355616111,316,0.38000210000609513,differential_evolution_bounded_direct_search,True,Maximum number of iterations has been exceeded.,0.0,3920.9856989418,0.5573388999910094
2025-06-23,21,3920.9856989418,58300.80304357903,57832.59258682115,-5515.344481021478,-4998.838088455489,-524.5084376367092,-4871.435888527923,-0.2411074281729908,1.9569261842931898,-0.4877322646686628,4579.285260861134,3636.410368085381,62411.877847682284,61469.00295490653,942.8748927757529,316,0.36366059999272693,differential_evolution_bounded_direct_search,True,Maximum number of iterations has been exceeded.,0.0,3477.6086632278825,0.4503567999927327
2025-06-24,21,3477.6086632278825,56133.536929539725,57897.69274562616,-8199.117206341958,-4973.216108109101,-1073.902186041244,-1157.569033132947,-0.975523124961394,-1.008024671572076,1.4344967571395175,5052.7737680170385,4700.7158418101135,62950.4665136432,62598.40858743628,352.057926206925,316,0.46507789999304805,differential_evolution_bounded_direct_search,True,Maximum number of iterations has been exceeded.,5332.082503975002,3465.586289550266,0.6826189999992494
2025-06-25,21,3465.586289550266,55222.28038319957,55371.38419792433,909.0038371078862,-3103.8094800635195,-867.5049303424018,-332.39904228373337,-1.7499290415055178,0.7046262286549116,-0.5804545316420389,5761.877250665724,4873.017575205296,61133.261448590056,60244.401773129626,888.8596754604278,316,0.48332959999970626,differential_evolution_bounded_direct_search,True,Maximum number of iterations has been exceeded.,59.75947243333293,2746.2606088359794,0.7110051999916323
2025-06-26,21,2746.2606088359794,54491.96275223379,54607.91741900111,241.3300361551478,-1765.4961465194312,-1192.6838610397397,-6410.902602210415,-0.7329205675659005,1.9648514660650562,-1.0538636233264915,5545.86578912628,4594.230243446894,60153.78320812739,59202.147662448006,951.6355456793863,316,0.16226730000926182,differential_evolution_bounded_direct_search,True,Maximum number of iterations has been exceeded.,120.2804654309514,2352.3523057407406,0.2238146999879973
2025-06-27,21,2352.3523057407406,16944.92613279597,17235.018383750066,-5938.492295865995,604.797755758019,-370.42496620357247,-9102.836713808343,0.057695700359260194,0.8315654042977916,-1.8107410551128504,2171.5391261792165,1968.7594751403674,19406.557509929284,19203.777858890433,202.77965103884912,316,0.38872519999858923,differential_evolution_bounded_direct_search,True,Maximum number of iterations has been exceeded.,0.0,2758.8397907142867,0.529927100011264
2025-06-28,21,2758.8397907142867,16332.685544479351,16811.3253824864,-7725.109508351015,-2317.7262711800863,-1089.736485224455,-260.7855869036175,0.7108325514815492,-1.2645739100641618,-0.36823657303367474,985.3425101761942,777.9160114728234,17796.667892662594,17589.241393959222,207.42649870337084,316,0.2912796000018716,differential_evolution_bounded_direct_search,True,Maximum number of iterations has been exceeded.,0.0,2190.9009536507947,0.3564364000048954
2025-06-29,21,2190.9009536507947,51766.811931665325,53442.03364370494,-3578.940859815001,-9114.616442471906,-970.1144965450911,-8317.293180977502,1.021936051471981,1.1804761049169508,-1.1095376370285948,1805.620334586091,603.9467255753001,55247.65397829103,54045.98036928024,1201.673609010791,316,0.2828402999875834,differential_evolution_bounded_direct_search,True,Maximum number of iterations has been exceeded.,114.03359506666735,2133.0584109788397,0.35108199999376666
2025-06-30,21,2133.0584109788397,52170.27369091441,53097.96576217579,-5915.645078719323,-6238.034744402524,-890.9493042328816,-3625.2365772102025,0.6322439435549012,1.2475333230747814,-0.09361070973237373,1777.0963616836564,492.1857473455072,54875.06212385945,53590.151509521296,1284.9106143381491,316,0.28163599999970756,differential_evolution_bounded_direct_search,True,Maximum number of iterations has been exceeded.,550.7186721476188,1936.9121807142835,0.3455324999958975
2025-07-01,21,1936.9121807142835,54564.821303726305,58766.555429739914,-4693.038480608347,-3391.852138145654,-704.974422293477,-3752.2808040270797,0.3965179684180593,1.0645620925601427,1.0400025304585707,1963.6338893465643,516.9886942660812,60730.18931908648,59283.544124005995,1446.645195080483,316,0.2856210000027204,differential_evolution_bounded_direct_search,True,Maximum number of iterations has been exceeded.,21645.44109728152,1200.0,0.35147959999449085
2025-07-02,21,1200.0,51638.88872425551,56981.63205228746,-8616.126146758215,-5101.022786843258,-962.3240179747231,-2651.8798303446865,0.18677723780427824,-1.151261378932496,0.27058364266671253,3188.0505590210837,1585.8820086890019,60169.68261130854,58567.514060976464,1602.1685503320818,316,0.3006059999897843,differential_evolution_bounded_direct_search,True,Maximum number of iterations has been exceeded.,26467.05160861784,1200.0,0.45532160000584554
2025-07-03,21,1200.0,50290.2879730101,57331.42356267275,-6468.688526529855,-3991.5162198939793,-1199.4173169611859,-4430.7242912636175,-0.20348723187480866,1.587338846925852,-1.7798583818938787,3801.571933367672,2026.083219004674,61132.99549604043,59357.506781677424,1775.488714362998,316,0.9922488000011072,differential_evolution_bounded_direct_search,True,Maximum number of iterations has been exceeded.,43034.53060007149,1200.0,1.1787050999992061
2025-07-04,21,1200.0,17017.355572438308,19836.959066423027,-1811.4132736916467,-4445.113960519149,1649.0584331352038,-26.84278678724681,0.5249943423659893,1.5683069102269127,0.041001940278604376,2360.69456309531,2307.019354590224,22197.653629518336,22143.97842101325,53.675208505086175,316,0.6295182999892859,differential_evolution_bounded_direct_search,True,Maximum number of iterations has been exceeded.,23692.50493437125,1200.0,0.8415410999878077
2025-07-05,21,1200.0,17864.11871732071,20319.917201931374,0.0,0.0,0.0,0.0,0.0,0.0,0.0,2664.9072099895748,2664.9072099895748,22984.82441192095,22984.82441192095,0.0,316,0.5974161000049207,differential_evolution_bounded_direct_search,True,Maximum number of iterations has been exceeded.,20210.50648655188,1207.7429999999997,0.6675837000075262
2025-07-06,21,1207.7429999999997,51580.78599591633,57951.96547480887,-2291.6091190285338,-6056.212079466332,-262.3272337714809,-5383.798492546654,-0.4104519323044862,1.7023294537083542,-0.23331264937080887,3671.8629645190194,2724.853398550862,61623.82843932789,60676.818873359734,947.0095659681574,316,0.6024574999901233,differential_evolution_bounded_direct_search,True,Maximum number of iterations has been exceeded.,39523.532780960224,1200.0,0.9180606000008993
2025-07-07,21,1200.0,51300.55117175314,57366.346479495274,-6871.738764466047,-5099.919845092106,-121.83651581456694,-7295.333069940704,1.0002628079060072,0.4607963075439456,0.48769597113586505,3598.2093599558243,2703.1139597141632,60964.555839451095,60069.46043920944,895.0954002416611,316,0.5526655000139726,differential_evolution_bounded_direct_search,True,Maximum number of iterations has been exceeded.,7733.186839283063,1320.7775100000001,0.7225261999992654
2025-07-08,21,1320.7775100000001,68883.28978455122,69630.87680438432,-9007.984979710971,-8147.508313151204,-1991.4303040040415,-6161.687003147516,0.5364094535565234,-1.2983679421463674,-1.977656151377888,3575.569941491844,2896.77969651449,73206.44674587616,72527.65650089881,678.7902449773542,316,0.4642706000013277,differential_evolution_bounded_direct_search,True,Maximum number of iterations has been exceeded.,0.0,4088.73973047619,0.5362949000118533
2025-07-09,21,4088.73973047619,66368.11694687887,67010.65280793246,-7437.599611588159,-8935.731350969178,-239.2416880778253,-380.77395442470737,1.6334248711359671,0.8628334681664329,1.056736040323163,3225.3897012310467,2564.7204415443307,70236.04250916351,69575.37324947679,660.669259686716,316,0.45304659999965224,differential_evolution_bounded_direct_search,True,Maximum number of iterations has been exceeded.,0.0,4461.667442116399,0.6058799999882467
2025-07-10,21,4461.667442116399,68268.78857742884,68504.08622998642,-1751.5130511136867,-4910.853090481789,-130.20322163626366,-4.509335476416609,-1.6268109386865313,-1.0720377585525829,0.7389868926620236,3387.301209567784,2480.399064952402,71891.38743955421,70984.48529493883,906.902144615382,316,0.5839421999990009,differential_evolution_bounded_direct_search,True,Maximum number of iterations has been exceeded.,0.0,4216.600382407406,0.7486320000025444
2025-07-11,21,4216.600382407406,29109.107573755296,29561.94144549518,-3215.39477885853,-9053.211577377546,3667.3044751441425,-22.608181940157834,1.1230482770293198,-0.3862999611549056,-0.3985153117106637,1944.0731039368475,1795.28793578282,31506.014549432028,31357.229381278,148.78516815402736,316,0.588368900003843,differential_evolution_bounded_direct_search,True,Maximum number of iterations has been exceeded.,0.0,4342.774225978838,0.83116329999757
2025-07-12,21,4342.774225978838,28303.38832436218,29139.72086115124,-39.37666273033891,-1489.2377335200265,2184.9329567302134,-3874.358366637596,1.550437138961724,1.179583253316446,-1.4656054543157957,1744.7764161083262,1708.0840585380786,30884.497277259565,30847.80491968932,36.69235757024762,316,0.6583304999949178,differential_evolution_bounded_direct_search,True,Maximum number of iterations has been exceeded.,34.160341242857,4021.802577671958,1.1476058999978704
2025-07-13,21,4021.802577671958,68323.19468977884,66383.19662307444,-9456.622698220239,-5458.673112293379,-2182.99913383255,-157.0978166566743,0.7663573248573341,-1.9434524369668402,0.9402253123788613,3248.217012132404,2189.0497330022968,69631.41363520685,68572.24635607674,1059.167279130107,316,1.2156420999963302,differential_evolution_bounded_direct_search,True,Maximum number of iterations has been exceeded.,0.0,4348.280960317459,1.5149966000026325
2025-07-14,21,4348.280960317459,65987.00291821445,66037.43613985441,-7959.089926545592,-2527.097925082245,-126.19337429861055,-1350.6753085780517,-1.3768380023742983,0.4518732673869099,1.932113203005092,3196.0376589347898,2221.6691931542387,69233.4737987892,68259.10533300866,974.3684657805511,316,0.9765594999917084,differential_evolution_bounded_direct_search,True,Maximum number of iterations has been exceeded.,0.0,4336.359881058202,1.0882024000020465
2025-07-15,21,4336.359881058202,66229.23094902653,66380.52690610256,-2982.9815454536147,-7792.574339131363,-1286.2878790414452,7.163023433321314,-0.7456599126980079,0.7459538538738579,-1.283833139927503,3190.695579982212,2367.220801016119,69571.22248608478,68747.74770711867,823.4747789660933,316,0.5253389999998035,differential_evolution_bounded_direct_search,True,Maximum number of iterations has been exceeded.,0.0,4808.647377460317,0.6538677999924403
2025-07-16,21,4808.647377460317,64813.76386123825,65812.83814048459,-9032.630976817052,-2018.854862036488,-181.77972447191627,-7856.493903244828,-1.9268472402259404,1.14364159313903,-0.9930367476073909,2517.62744556429,1701.1430934375226,68330.46558604887,67513.98123392211,816.4843521267676,316,0.6677584999997634,differential_evolution_bounded_direct_search,True,Maximum number of iterations has been exceeded.,0.0,4399.743940608466,0.9560318000003463
2025-07-17,21,4399.743940608466,64923.86522984792,65490.701958951584,-1865.2719221849914,-7180.0104493767585,0.0,-6056.401643043466,0.19306188499104326,-0.3301111706809188,-1.4647463881497318,2361.1538760718117,1883.6399727621458,67851.8558350234,67374.34193171373,477.5139033096659,316,0.6809742999903392,differential_evolution_bounded_direct_search,True,Maximum number of iterations has been exceeded.,224.0820641406154,4332.254297804233,0.7346965000033379
2025-07-18,21,4332.254297804233,28321.43369527053,28141.419250905245,-7050.83817868384,-2222.9007237695478,188.00979965754152,-84.15899188444662,1.1515938992916834,-0.8043328980354916,0.4757410767477088,1137.1144501227602,905.6603385764545,29278.533701028005,29047.0795894817,231.45411154630574,316,0.8704523000051267,differential_evolution_bounded_direct_search,True,Maximum number of iterations has been exceeded.,95.80564907857195,4487.678376137567,1.2224877999979071
2025-07-19,21,4487.678376137567,27914.837262729587,28397.869210556604,-5095.453270665339,-2155.404895914338,-162.56988912299482,-3198.7633440330724,-1.2615030706886605,1.2989232616914115,0.6214601506070228,1276.1190534275295,1149.6681564180133,29673.988263984134,29547.53736697462,126.45089700951621,316,0.525652700001956,differential_evolution_bounded_direct_search,True,Maximum number of iterations has been exceeded.,0.0,4261.2345325052365,0.5856972999899881
2025-07-20,21,4261.2345325052365,63011.5424124852,64471.764937822496,-5563.360863576436,-3677.73967008295,-333.24671696409035,-2583.047681537688,-0.030905397842019067,1.7049277036308395,0.3147004420290589,2488.135554765274,1780.145155609569,66959.90049258777,66251.91009343206,707.9903991557048,316,0.5156699000071967,differential_evolution_bounded_direct_search,True,Maximum number of iterations has been exceeded.,0.0,4518.163170502644,0.660926800002926
2025-07-21,21,4518.163170502644,64825.211131881,66871.75596595005,-8049.702198662022,-8643.30581132264,-202.94667315420833,-1867.298469056027,-0.6121954365614446,1.1991233670336054,0.9810149110150039,2668.0807524673814,1951.5261160064142,69539.83671841744,68823.28208195647,716.5546364609672,316,0.3254439000011189,differential_evolution_bounded_direct_search,True,Maximum number of iterations has been exceeded.,0.0,4589.213711190476,0.41667530000268016
2025-07-22,21,4589.213711190476,64307.51212432501,65402.334489887624,-7895.166939268315,-9586.098630764245,-91.74832808406279,-1439.7548965750766,1.6153484079268932,-0.7106528845030238,-1.011260352481406,2653.2133803449947,1960.0381757784714,68055.54787023262,67362.3726656661,693.1752045665232,316,0.6417502999975113,differential_evolution_bounded_direct_search,True,Maximum number of iterations has been exceeded.,1357.839153264199,3903.964272010582,0.7000419999967562
2025-07-23,21,3903.964272010582,65701.07688640711,65813.2995215251,-4086.9711565922753,-8050.993347414504,-205.54466693951417,-3331.564126570906,-1.3933464246047569,1.860844083671564,1.328092028891061,2973.1743091734775,2143.879881194051,68786.47383069858,67957.17940271915,829.2944279794265,316,0.3776655999972718,differential_evolution_bounded_direct_search,True,Maximum number of iterations has been exceeded.,0.0,4120.2929177513215,0.6035909000056563
2025-07-24,21,4120.2929177513215,64143.64451795898,65434.01148941115,-6304.470865218352,-5392.758932308545,0.0,0.0,-0.49070539740538277,0.2887347872909185,0.0,3694.2408831446346,3159.9132452824497,69128.25237255578,68593.9247346936,534.3276378621849,316,0.3961559000017587,differential_evolution_bounded_direct_search,True,Maximum number of iterations has been exceeded.,2172.265953859941,4077.167008518519,0.49326810000638943
2025-07-25,21,4077.167008518519,24774.696072478095,25646.51468663677,0.0,0.0,0.0,0.0,0.0,0.0,0.0,3183.7193267318094,3183.7193267318094,28830.23401336858,28830.23401336858,0.0,316,0.5955539999995381,differential_evolution_bounded_direct_search,True,Maximum number of iterations has been exceeded.,50.616739761904164,3149.6684918783035,0.7945507999975234
2025-07-26,21,3149.6684918783035,25334.934218036982,25939.782990721127,-2676.310045392627,-1102.2739063802528,249.564563665146,-42.39570707548985,0.9043030724958889,-0.8576668878398206,0.7458697230536293,3442.1691943363485,3441.281219694265,29381.952185057475,29381.064210415392,0.8879746420834636,316,0.5587650000088615,differential_evolution_bounded_direct_search,True,Maximum number of iterations has been exceeded.,0.0,2843.8805167989444,0.8421447000000626
2025-07-27,21,2843.8805167989444,59959.16161163994,61254.21550676634,-1462.3247531284567,-3392.607065774141,-1752.0222734935721,-1406.8093613837398,0.6739637077382934,1.4721438812404064,1.0867260940162615,4530.972750371518,3642.688380406254,65785.18825713785,64896.90388717259,888.2843699652635,316,0.28867900000477675,differential_evolution_bounded_direct_search,True,Maximum number of iterations has been exceeded.,0.0,2498.9241235449754,0.48381869999866467
2025-07-28,21,2498.9241235449754,60554.43320965624,60939.668501697364,-1501.16010320845,-4254.936106243343,-8063.547165160683,-171.99979389943428,0.3416646333893083,-0.4613998279796534,-0.7491671874811925,2485.566147338435,838.0969535532776,63425.234649035796,61777.76545525064,1647.4691937851571,316,0.564903399994364,differential_evolution_bounded_direct_search,True,Maximum number of iterations has been exceeded.,2489.6743200315914,1586.0033701316952,0.6974415000004228
2025-07-29,21,1586.0033701316952,61318.14645187098,62742.33727643333,-3603.7189900268972,-7471.689701229709,-3652.0560057236507,-6481.298066420584,0.9705847704248933,0.3254913759927094,0.8063082723898063,978.6683524994669,-541.0343865851925,63721.0056289328,62201.30288984814,1519.7027390846592,316,0.28797339998709504,differential_evolution_bounded_direct_search,True,Maximum number of iterations has been exceeded.,260.1510815833327,2119.039473306877,0.3347344000067096
2025-07-30,21,2119.039473306877,61519.21599319654,63359.91032464322,-211.88186305922088,-3693.2210684027777,-2058.3121485482775,-6448.848077075002,-0.9155897945420801,1.388866891963525,-1.330823885648892,1073.5937914225055,-657.0482536387897,64433.50411606573,62702.862071004434,1730.6420450612952,316,0.3211431999952765,differential_evolution_bounded_direct_search,True,Maximum number of iterations has been exceeded.,56.75736373333297,2363.179990925926,0.476218499999959
2025-07-31,21,2363.179990925926,61086.764462436266,61527.748853625526,-4478.575146296606,-6995.660531688983,-2688.173216681604,-1632.5764173798393,0.2642276446619962,-0.5652248917631177,0.8471201121927061,1032.2453540268912,-635.9706995457706,62559.99420765242,60891.77815407976,1668.2160535726616,316,0.48091009999916423,differential_evolution_bounded_direct_search,True,Maximum number of iterations has been exceeded.,337.6707973750019,1754.596872592595,0.5924426999990828
2025-08-01,21,1754.596872592595,23779.948153304264,24386.12407929514,-687.5270413080689,-7942.688581010042,-1706.6093771588285,-572.5986093804111,1.9052743004936472,-1.2431833383427962,-1.4112418377448601,84.83845791792683,-404.01043631690334,24470.962537213065,23982.113642978235,488.84889423483014,316,0.329073500004597,differential_evolution_bounded_direct_search,True,Maximum number of iterations has been exceeded.,0.0,2175.6683470370417,0.4047939000010956
2025-08-02,21,2175.6683470370417,23576.231546705418,24090.362461298573,-1377.2683379384528,-4860.633209522866,-2414.649289186216,-5983.91679173486,-1.2508727082293578,-1.5437775076778044,1.7275417194119154,-54.27939881907012,-609.7221788800371,24036.0830624795,23480.640282418535,555.4427800609669,316,1.4728996000048937,differential_evolution_bounded_direct_search,True,Maximum number of iterations has been exceeded.,0.0,2304.301806216932,1.595767300008447
2025-08-03,21,2304.301806216932,58910.574549652716,58113.1859639745,-3263.5699065364965,-7556.452415841937,-7110.956559244582,-382.27217509641383,-0.5864914394562324,-0.018849763249209506,0.16431740847220233,1049.4808550398204,-441.89586031934766,59162.666819014325,57671.290103655156,1491.376715359168,316,0.6499650000041584,differential_evolution_bounded_direct_search,True,Maximum number of iterations has been exceeded.,1841.627856032161,1519.5371550000004,0.8523073000105796
2025-08-04,21,1519.5371550000004,58664.77379614781,58136.13798012663,-7871.7913074558655,-8638.944560705333,-7258.715566285171,-381.6372781493818,0.3205111625509294,1.7810387958232266,-0.8638211318248774,1090.9899548711312,-407.5791342793278,59227.12793499776,57728.5588458473,1498.569089150459,316,0.37174420000519603,differential_evolution_bounded_direct_search,True,Maximum number of iterations has been exceeded.,47.026057840477236,2043.6737498677237,0.42396900001040194
2025-08-05,21,2043.6737498677237,57161.37494816972,56791.18357295983,-6694.188077899054,-5471.085816889208,-7392.896891429776,-435.2531673024359,-0.08843930586608062,1.9131875380806043,-0.4260332737012462,975.1530655306673,-505.9629662227861,57766.3366384905,56285.22060673704,1481.1160317534534,316,0.4693425000004936,differential_evolution_bounded_direct_search,True,Maximum number of iterations has been exceeded.,110.96688539999933,1928.5302945238093,0.6501118000014685
2025-08-06,21,1928.5302945238093,56990.92500413016,56761.47860827095,-5578.97154293001,-2417.4273251679397,-1139.1213185639042,-484.4191943014415,-0.4961980157875987,0.3638088742694361,0.5963928998739352,1018.6815432410442,-369.3694566837481,57780.16015151199,56392.109151587196,1388.0509999247924,316,0.6905833999917377,differential_evolution_bounded_direct_search,True,Maximum number of iterations has been exceeded.,269.8926422710641,1308.9295035185182,0.9078592000005301
2025-08-07,21,1308.9295035185182,55960.37041664329,55770.010481055884,-6693.885928150331,-3524.767766185972,-6781.800562322696,-405.01999211278917,1.4982697510962453,0.7636192389145733,-0.6037840660031433,1109.4114697853493,-468.7016023842919,56879.421950841235,55301.30887867159,1578.113072169641,316,1.5985672999959206,differential_evolution_bounded_direct_search,True,Maximum number of iterations has been exceeded.,73.69698551904752,1945.110480502644,1.8960213999962434
2025-08-08,21,1945.110480502644,23251.80221832609,23235.124531715985,-4600.159193692228,-5785.487188791676,-636.2250702582688,-6306.443506302652,0.28373583249207535,-1.2995874649352777,-0.12776523586215793,200.10083757029784,-347.1974095004621,23435.225369286283,22887.927122215522,547.2982470707599,316,1.248767900004168,differential_evolution_bounded_direct_search,True,Maximum number of iterations has been exceeded.,0.0,2106.508384540093,1.701482100004796
2025-08-09,21,2106.508384540093,22422.705179664634,22887.84468893617,-42.65001633241852,-5550.7669274116,-4330.088968457502,-6124.847787046629,-1.4007515356312497,-0.7669785685999806,0.5981254295615699,306.7350173776729,-217.61801718918917,23194.57970631384,22670.22667174698,524.3530345668621,316,0.7525673000054667,differential_evolution_bounded_direct_search,True,Maximum number of iterations has been exceeded.,179.82864099501995,1834.948974365081,0.9087940999888815
2025-08-10,21,1834.948974365081,53116.23262217487,55257.269095219526,-4940.898403938366,-5012.658298767371,-709.6094599233381,-6856.485873733226,-1.454109876553978,1.7206883673113138,-0.27442252546717727,708.6681767617628,-177.010270646854,55965.93727198129,55080.25882457267,885.6784474086168,316,0.20732219998899382,differential_evolution_bounded_direct_search,True,Maximum number of iterations has been exceeded.,74.1475000000006,2453.158934790292,0.26501570000255015
2025-08-11,21,2453.158934790292,53201.807416890966,53509.500873986806,-4448.346090487655,-8492.796333821007,-1059.9327146282003,-2102.461572105999,-1.0417664508723319,-1.2938987090172982,-1.0138902296483636,567.3589835706936,-480.2067180452908,54076.8598575575,53029.29415594151,1047.5657016159844,316,0.43206129998725373,differential_evolution_bounded_direct_search,True,Maximum number of iterations has been exceeded.,1119.02171234166,1953.0616202116414,0.5181479000020772
2025-08-12,21,1953.0616202116414,52198.09355598275,53612.354433632616,-4882.926000707134,-7701.403998552759,-1129.5297470144199,-539.6578706424198,0.2502416566201555,-1.3289311279975573,-0.4857077027062071,742.1453026516391,-213.5483336382959,54354.499736284255,53398.80609999432,955.6936362899351,316,0.9336447999958182,differential_evolution_bounded_direct_search,True,Maximum number of iterations has been exceeded.,7135.884693900414,2027.8077150000013,1.020042599993758
2025-08-13,21,2027.8077150000013,53673.87086346927,53844.37038003614,-847.9510515574116,-6504.075681778098,-1377.392229183124,-675.572747309263,1.7073406627931424,1.3743939904225164,0.4421510615218449,736.0824196119844,-248.0354477792843,54580.45279964813,53596.334932256854,984.1178673912686,316,0.24158000000170432,differential_evolution_bounded_direct_search,True,Maximum number of iterations has been exceeded.,246.88526562499828,2305.1329517460326,0.31961770000634715
2025-08-14,21,2305.1329517460326,52529.06482599897,53403.722301968344,-6291.820490196553,-2324.775220003918,-951.9939496160372,-3714.2666163345893,1.4740736925318698,0.9951556598641469,0.28376975694797313,892.9752927748859,-4.1467279023010875,54296.69759474323,53399.575574066046,897.122020677187,316,0.5883692999923369,differential_evolution_bounded_direct_search,True,Maximum number of iterations has been exceeded.,1237.319675014282,2010.4980564285686,0.7073125999886543
2025-08-15,21,2010.4980564285686,22229.23444894216,22832.980547413812,-5052.789093072488,-5076.114441992871,-6350.062399784588,-3480.352025777947,-0.09951794588838947,-1.2467333325974912,1.3642328654242193,243.0648959289581,-125.98088186372335,23076.04544334277,22706.999665550087,369.04577779268146,316,1.8103486000036355,differential_evolution_bounded_direct_search,True,Maximum number of iterations has been exceeded.,0.0,1994.9976198941822,2.4482336999935796
2025-08-16,21,1994.9976198941822,22484.58973135524,23248.03770876446,-2716.0658687311366,-8287.772413341712,-3156.7059247853394,-6830.927032526316,0.7202354850575534,-1.3085995291084611,-0.3387137100602282,184.4342653819957,-354.5457304128072,23432.471974146454,22893.491978351653,538.9799957948029,316,1.1523190000007162,differential_evolution_bounded_direct_search,True,Maximum number of iterations has been exceeded.,0.0,2129.991878994708,1.6343143999984022
2025-08-17,21,2129.991878994708,53565.82793503902,53328.86259805477,-2559.872989036998,-4109.819161395991,-1492.2168148399599,-5417.048004197085,-1.0366032497404458,1.340050124821862,-0.895568741972701,665.0066806093224,-142.40791290030532,53993.8692786641,53186.454685154466,807.4145935096277,316,1.0427016000030562,differential_evolution_bounded_direct_search,True,Maximum number of iterations has been exceeded.,859.1421716226157,2227.51581314815,1.4965785999957006
2025-08-18,21,2227.51581314815,51989.06975590866,53807.111927171805,-6870.75980009487,-753.07783364891,-8660.144464171915,-624.9227891686957,-0.2695875640123764,-0.576267247412038,1.0309671187276592,455.96686655803455,-264.1785274070486,54263.07879372984,53542.933399764755,720.1453939650831,316,0.9579849000001559,differential_evolution_bounded_direct_search,True,Maximum number of iterations has been exceeded.,720.9795941011935,2417.786515079366,1.1556684999959543
2025-08-19,21,2417.786515079366,53264.89086240168,53699.87373244208,-6659.395680493707,-1056.112194342615,-3202.65508424668,-624.2573130326342,-0.6738854572740731,1.4382211229230388,-0.8414627624478921,641.4175977231878,-237.4228686226212,54341.291330165266,53462.45086381946,878.840466345809,316,0.45813519999501295,differential_evolution_bounded_direct_search,True,Maximum number of iterations has been exceeded.,421.7700719999956,2082.2114380158732,0.6556182999920566
2025-08-20,21,2082.2114380158732,52435.96628194571,53973.9847563661,-992.8392587902244,-516.1940595146505,-389.6320950205663,-4992.2974713811855,0.7734786009820431,1.3516830216453752,1.748494011692935,545.3887080254146,-357.62870466571474,54519.373464391516,53616.356051700386,903.0174126911294,316,0.674946999992244,differential_evolution_bounded_direct_search,True,Maximum number of iterations has been exceeded.,12922.053086765405,1601.1411959259253,0.8777125000051456
2025-08-21,21,1601.1411959259253,53468.50770637247,54271.83366125234,-3072.5035258852245,-8038.37048508816,-1071.8391996899336,-1239.6378613437491,-0.3291980526708458,1.4063951184664294,0.8721928948516493,879.7618721824872,71.45581532649902,55151.595533434825,54343.289476578844,808.3060568559881,316,0.6895051000028616,differential_evolution_bounded_direct_search,True,Maximum number of iterations has been exceeded.,0.0,2195.613176772485,0.7758267000026535
2025-08-22,21,2195.613176772485,22621.268136087285,23120.165780626252,-4923.152535220745,-4153.559801886507,-4727.994304397628,-6267.683221177253,0.7373313642889734,0.6257253241439815,0.4376752806004638,287.42226421327126,-226.1744465614261,23407.588044839522,22893.991334064827,513.5967107746974,316,0.5323170999909053,differential_evolution_bounded_direct_search,True,Maximum number of iterations has been exceeded.,377.3340846400008,1675.262957777778,0.652449200002593
2025-08-23,21,1675.262957777778,23282.775781169446,23351.38446287438,-1464.754318385483,-4186.7869034777095,-863.3564861291085,-6129.02645479515,0.7240767495819145,0.990624163083071,1.303722878605678,378.9678899252634,-131.75205654863973,23730.352352799644,23219.632406325738,510.7199464739032,316,0.46328599999833386,differential_evolution_bounded_direct_search,True,Maximum number of iterations has been exceeded.,0.0,1975.7274286507932,0.5859889999992447
2025-08-24,21,1975.7274286507932,53625.754318576735,54887.92895418464,-3323.9225150056745,-7912.402205162918,-7154.758908136256,-7609.639177060684,1.2782782242010913,0.35203732353720785,0.3282593588715632,1087.2248998843506,42.113257975849336,55975.15385406899,54930.042212160486,1045.1116419085013,281,0.58739329999662,differential_evolution_bounded_direct_search,True,Optimization terminated successfully.,146.56482770833253,2331.800488783069,0.8704945999925258
2025-08-25,21,2331.800488783069,54411.174602079125,55329.28317967447,-4409.732086758444,-1067.4724885220935,-4920.350302805683,-323.0781329153402,-0.1835915825863006,0.5700846061611391,0.07052965530515776,1126.3563361256163,31.346712161843783,56455.63951580009,55360.62989183632,1095.0096239637726,316,0.9522192000003997,differential_evolution_bounded_direct_search,True,Maximum number of iterations has been exceeded.,455.3782010365327,1802.0893345608215,1.1279208999912953
2025-08-26,21,1802.0893345608215,55379.235927159585,55770.50225665197,-1637.4374826825126,-891.7590063873351,-2443.9322277210545,-2004.2073194900531,-0.2748724298791083,0.9650913087650244,0.2755355161804567,681.1663056173272,-537.9064089310834,56451.6685622693,55232.595847720884,1219.0727145484107,316,1.6019843999965815,differential_evolution_bounded_direct_search,True,Maximum number of iterations has been exceeded.,114.1253694000005,2559.433809391533,1.9299572000018088
2025-08-27,21,2559.433809391533,55768.468716571,55856.21026720743,-1441.126242143876,-972.3692049460702,-6481.465244242368,-9372.761649477496,-1.318814065709331,1.3605295304195586,1.6481309910456212,1115.2105322449215,-356.26986180603694,56971.42079945235,55499.940405401394,1471.4803940509585,316,0.5709535000059986,differential_evolution_bounded_direct_search,True,Maximum number of iterations has been exceeded.,0.0,2287.419494735449,0.7142156000045361
2025-08-28,21,2287.419494735449,55019.901004078405,56142.23647974924,-3428.136961935039,-904.970123186649,-8486.404075290697,-728.6670230292966,-1.1563413484168494,0.6666014672450586,1.2701447031347692,998.635812501844,-274.45763258073396,57140.872292251086,55867.778847168505,1273.093445082578,316,0.5067142000043532,differential_evolution_bounded_direct_search,True,Maximum number of iterations has been exceeded.,1009.4572340666662,2288.0149488095253,0.7080568999954266
2025-08-29,21,2288.0149488095253,23936.387592157676,24008.36039598276,-2285.3143001219637,-2756.078911057614,-5749.1496258549905,-1492.9351987954121,1.9305327788713815,0.26586788559686925,0.8822659882816848,236.35291247626168,-336.0138339174127,24244.71330845902,23672.346562065348,572.3667463936744,316,0.6750608000002103,differential_evolution_bounded_direct_search,True,Maximum number of iterations has been exceeded.,0.0,2378.970473386247,0.8449480999988737
2025-08-30,21,2378.970473386247,23092.390054035826,24013.923077286094,-5334.332661870152,-4648.03663862825,-7518.677801145421,-1005.0075367705318,-0.023181399949228743,1.2545786223359507,0.6157224740921072,218.68459941227215,-325.7060608892338,24232.607676698364,23688.21701639686,544.3906603015059,316,0.9375837000116007,differential_evolution_bounded_direct_search,True,Maximum number of iterations has been exceeded.,0.0,1860.9306604497385,1.1505002999911085
2025-08-31,21,1860.9306604497385,56241.50766191617,56469.11968675445,-1100.8927400205594,-8259.842687281513,-6514.824423160981,-765.2139054532405,-1.8482721044388322,-1.7278734005791185,-1.2386195807673348,938.027089540971,-118.95678731640469,57407.14677629542,56350.162899438044,1056.9838768573757,316,0.6191298000048846,differential_evolution_bounded_direct_search,True,Maximum number of iterations has been exceeded.,416.95544677619114,2363.084385211642,0.795859300007578
2025-09-01,21,2363.084385211642,56005.7327527655,50601.93145456085,-759.86085138615,-1392.4260468237364,-8925.353640834608,-1303.9495590989186,0.6923554828770078,0.38196723550064515,1.8436559452191408,1137.7913637421332,-344.1506324165455,51739.72281830298,50257.780822144305,1481.9419961586786,316,0.9483723000012105,differential_evolution_bounded_direct_search,True,Maximum number of iterations has been exceeded.,0.0,5949.026198597882,1.2120903999893926
2025-09-02,21,5949.026198597882,52550.24183725018,47916.27617403158,-3522.155105752347,-2457.9136083081885,-7243.714512980853,-4259.085657214395,0.8714702064922175,0.4898190632962156,1.4807302470913837,1294.6817343656014,11.392322448394312,49210.95790839718,47927.66849647997,1283.2894119172072,316,0.8846922000084305,differential_evolution_bounded_direct_search,True,Maximum number of iterations has been exceeded.,0.0,5648.703895238092,0.9594042999960948
2025-09-03,21,5648.703895238092,52271.92424408438,49006.75333291672,-5610.3620565687,-2414.8241222746738,-5954.4103366340905,-378.3795259616099,-0.5664922737596121,0.9807305001843867,1.0082291046577723,1407.6366351185281,-144.97019470299637,50414.38996803525,48861.78313821372,1552.6068298215246,316,0.6599447000044165,differential_evolution_bounded_direct_search,True,Maximum number of iterations has been exceeded.,0.0,5596.121323412697,0.8797247000038624
2025-09-04,21,5596.121323412697,52881.4218080583,48586.65713282251,-6694.584510908428,-5923.114885277321,-1318.4101981713504,-1318.9321383986446,-1.678580958902952,1.8517087506142031,-0.4206426671911625,1435.0335464740979,-86.0319624413935,50021.69067929661,48500.625170381114,1521.0655089154914,316,0.8801657000003615,differential_evolution_bounded_direct_search,True,Maximum number of iterations has been exceeded.,0.0,5540.436715687832,1.1994243999943137
2025-09-05,21,5540.436715687832,21266.92379962448,19076.640114865353,-6574.468022666664,-7223.851373659208,-4835.363583438375,-9139.223710141383,0.798007523935699,0.5252737499583766,-0.7744981367371866,172.7537689744508,-425.94844165297644,19249.393883839803,18650.691673212375,598.7022106274272,316,0.5661563000030583,differential_evolution_bounded_direct_search,True,Maximum number of iterations has been exceeded.,0.0,5346.019594497355,0.9021287999930792
2025-09-06,21,5346.019594497355,21810.568483047016,19857.78391876002,-7415.327316285025,-911.2926390030872,-8068.274964529755,-262.7010563360482,0.6189929686841058,-0.10691825000641497,-1.4166808698761262,305.5009431089663,-294.9718806435312,20163.284861868986,19562.812038116488,600.4728237524976,316,0.547451499995077,differential_evolution_bounded_direct_search,True,Maximum number of iterations has been exceeded.,0.0,5860.05641708995,0.6690104000008432
2025-09-07,21,5860.05641708995,50801.058247482586,46984.05552327911,-5688.086620076157,-2955.793530988972,-8075.851895211872,-598.3434220703884,-0.49196210283485975,1.9405996364762248,0.6658934318620129,1281.9092359183148,51.05918041458136,48265.96475919742,47035.11470369369,1230.8500555037335,316,1.4801787000033073,differential_evolution_bounded_direct_search,True,Maximum number of iterations has been exceeded.,0.0,5410.513888359788,1.890947400010191
2025-09-08,21,5410.513888359788,36852.22487616857,38367.33201050433,-1691.6630336502851,-8112.143127874162,-560.2543456688541,-2227.1118944482537,0.2393789622419238,0.4246359682190004,-0.7387531330708201,524.7383253819633,-326.2231122736042,38892.070335886296,38041.10889823073,850.9614376555675,316,0.5161283000052208,differential_evolution_bounded_direct_search,True,Maximum number of iterations has been exceeded.,6124.134525816992,1312.4401564814812,0.8226102000044193
2025-09-09,21,1312.4401564814812,39949.14914156986,41186.21645473964,-1042.062430166102,-5007.233807308694,-660.5632964455158,-7889.137775314636,0.8015745832157184,0.6318660971097207,-0.7245493824978828,666.7786986043864,94.72628585229037,41852.995153344025,41280.94274059193,572.052412752096,316,1.0676963000005344,differential_evolution_bounded_direct_search,True,Maximum number of iterations has been exceeded.,152.33542354166693,1474.5155487037055,1.2694496999902185
2025-09-10,21,1474.5155487037055,40822.00398051079,42095.378817555815,-2877.188957057279,-7636.886035782632,-523.8945433400418,-940.0487202640982,1.448101280244929,0.04256320957813564,0.5586395561239854,450.6252425619247,-400.9593312844719,42546.00406011774,41694.41948627134,851.5845738463966,316,0.9411457999958657,differential_evolution_bounded_direct_search,True,Maximum number of iterations has been exceeded.,9147.263759244572,1551.4425709259265,1.2825043000048026
2025-09-11,21,1551.4425709259265,40247.52916384113,41226.475283718275,-6863.003016235098,-5002.419603217232,-418.9471008254344,-6927.364426709159,-1.085320461228251,-1.2924754738229387,0.741247468949064,878.546407913356,-10.71958438358533,42105.02169163163,41215.75569933469,889.2659922969414,316,1.0963217999960762,differential_evolution_bounded_direct_search,True,Maximum number of iterations has been exceeded.,0.0,1712.6523275132306,1.3431069000071147
2025-09-12,21,1712.6523275132306,14127.763483265398,14824.928335376053,-8320.764460145141,-2357.1319696339906,-5385.55007120254,-4353.8964893743605,1.7360917464761205,-0.5103979702105299,-1.106668136286899,-123.46980669360308,-464.78768552802086,14701.45852868245,14360.140649848032,341.3178788344178,316,0.6946747000038158,differential_evolution_bounded_direct_search,True,Maximum number of iterations has been exceeded.,555.4663051137004,1844.5595835449726,0.8876514000003226
2025-09-13,21,1844.5595835449726,14281.792887654536,14647.632573049359,-1160.3195806133456,-5230.990383806735,-9004.5369462406,-1222.1437940821265,0.4321616113624698,-1.8124738316693427,1.6078559284048222,159.30998865520775,-212.79534260688922,14806.942561704567,14434.83723044247,372.10533126209697,316,0.5730257000104757,differential_evolution_bounded_direct_search,True,Maximum number of iterations has been exceeded.,0.0,1768.0590115343925,0.6986586999992142
2025-09-14,21,1768.0590115343925,39768.03928558237,41807.33153500549,-196.69568004043077,-3957.1024487454397,-519.3403067264977,-6577.327405550014,1.572610905987819,0.3012321112020886,1.7523750352768794,821.9912233614176,-39.54322672328218,42629.32275836691,41767.78830828221,861.5344500846998,316,0.39646770000399556,differential_evolution_bounded_direct_search,True,Maximum number of iterations has been exceeded.,322.7041659694603,1243.33449,0.552828200001386
2025-09-15,21,1243.33449,41953.53976518211,43101.5150805499,-2206.8872362191437,-4088.4711786031203,-294.6486009953784,-5927.850314195919,1.1335564644614742,1.8399626504918825,1.398917768733778,686.3729741553316,-5.8592437487378675,43787.88805470523,43095.65583680116,692.2322179040694,316,0.7292671000031987,differential_evolution_bounded_direct_search,True,Maximum number of iterations has been exceeded.,90.98233424167547,1778.285831666668,0.8214831999939634
2025-09-16,21,1778.285831666668,40879.37516201905,42603.211127185314,-4813.145131103396,-3877.6748167390497,-544.966482136116,-3696.466476829077,0.8964364388930157,1.3241658580921145,0.27669303665064104,1191.8104541677342,335.9515043412652,43795.021581353045,42939.16263152658,855.8589498264689,316,0.5565138000092702,differential_evolution_bounded_direct_search,True,Maximum number of iterations has been exceeded.,32.39882176666639,1357.689060785641,0.8168656999914674
2025-09-17,21,1357.689060785641,42128.90163080253,42896.91372988555,-7292.146445747488,-3552.3198683072387,-1048.2231224101038,-2789.288943415986,-1.1800073573745107,-1.716411282239627,-0.6855374725790782,983.7094922786013,32.15609698490556,43880.62322216415,42929.06982687046,951.5533952936958,316,1.0791336999973282,differential_evolution_bounded_direct_search,True,Maximum number of iterations has been exceeded.,0.0,1551.4268203174618,1.3220136000018101
2025-09-18,21,1551.4268203174618,41105.61269795453,42194.13950785941,-191.66169525121362,-7463.67188265784,-496.5920080103608,-8582.638902565704,0.06593714018329111,0.12087593576925393,-1.273301699200503,963.2008328045754,86.4411270662202,43157.340340663985,42280.58063492562,876.7597057383551,316,0.4683725999930175,differential_evolution_bounded_direct_search,True,Maximum number of iterations has been exceeded.,0.0,1472.9270954497372,0.7723891000059666
2025-09-19,21,1472.9270954497372,14781.85137080043,15417.043305384675,-2553.7526551794085,-4917.447251251819,-2474.547150481724,-2623.8837915135405,-1.9842456365381644,-0.2829143693651366,0.9770871703012141,-25.86066925258427,-353.71016574290087,15391.182636132091,15063.333139641774,327.8494964903166,316,1.0055319999955827,differential_evolution_bounded_direct_search,True,Maximum number of iterations has been exceeded.,0.0,1986.7428474603198,1.3956655000074534
2025-09-20,21,1986.7428474603198,14681.56095847005,14846.40884489942,-8002.692391652304,-1545.6397310737295,-8292.746695824575,-4697.825719839352,-1.1142486413127821,1.6666162679538958,-0.16504591345050068,266.86893438912114,-102.85860888668213,15113.277779288543,14743.55023601274,369.72754327580327,316,1.1401593000045978,differential_evolution_bounded_direct_search,True,Maximum number of iterations has been exceeded.,0.0,1973.825488042329,1.6569858000002569
2025-09-21,21,1973.825488042329,43531.887580495175,44846.229583453285,-1870.6114100331731,-2518.5936189750073,-1070.1010280799646,-6596.911865039136,1.6623665743332112,-1.9856521302329004,-0.5155567259749274,738.6773842186585,-99.43078292061216,45584.906967671945,44746.79880053267,838.1081671392707,316,0.5992343000107212,differential_evolution_bounded_direct_search,True,Maximum number of iterations has been exceeded.,0.0,1979.0306926454996,0.8546447999979137
2025-09-22,21,1979.0306926454996,42803.54029485992,44705.92119938566,-1310.375837880844,-7722.284071008999,-542.7185985809444,-3466.7299190679732,1.5612582191267768,-1.7054077569306088,-0.43411828921674145,887.1358955974532,29.746269866121846,45593.05709498311,44735.66746925178,857.3896257313314,316,0.4748782999959076,differential_evolution_bounded_direct_search,True,Maximum number of iterations has been exceeded.,454.8938859995697,1344.0336524208033,0.5932476000016322
2025-09-23,21,1344.0336524208033,44980.566142106036,45986.09056771593,-6436.212063456333,-5142.994261211216,-730.7928593760721,-2285.275965410303,1.8080404961124459,0.8537728378527536,-0.8081976691517339,683.0055832223804,-112.2633865561802,46669.09615093831,45873.82718115975,795.2689697785606,316,0.4504231000028085,differential_evolution_bounded_direct_search,True,Maximum number of iterations has been exceeded.,64.92170495000013,1857.6615569312155,0.6969955999957165
2025-09-24,21,1857.6615569312155,44285.24165597297,45358.79804861911,-44.49931481373284,-4492.610924168639,-1255.323854003462,-783.69052792631,0.5461849203047904,1.449941571171721,-0.42919911094718,983.1337841780448,86.21753787185878,46341.931832797156,45445.01558649097,896.916246306186,316,1.6154938000108814,differential_evolution_bounded_direct_search,True,Maximum number of iterations has been exceeded.,0.0,2172.9875151851843,1.9214139000105206
2025-09-25,21,2172.9875151851843,43944.048606062235,45722.39848725159,-5169.356998784408,-713.6762517156832,-1262.967669877484,-2722.889185850918,-1.3369198373029796,-1.0406217388626815,1.2408191863705431,729.0108907657605,-36.27426835860882,46451.40937801735,45686.124218892975,765.2851591243693,316,1.141199100005906,differential_evolution_bounded_direct_search,True,Maximum number of iterations has been exceeded.,0.0,2052.8667759331397,1.6437051999964751
2025-09-26,21,2052.8667759331397,15295.736946924093,15597.80711888866,-6019.982838608335,-8959.145492188873,-6485.132837464739,-5543.548506728323,0.5155635821353886,0.21876714272352027,-0.4434905240469611,-315.4473975580265,-618.9155217834843,15282.359721330635,14978.891597105176,303.4681242254578,316,0.998107000006712,differential_evolution_bounded_direct_search,True,Maximum number of iterations has been exceeded.,0.0,2220.0198265608497,1.1959654000092996
2025-09-27,21,2220.0198265608497,15122.051287071663,16205.035133118388,-7387.660122996548,102.3090779697533,-6726.24580774555,-7813.944768384346,1.2685936807973466,-0.83991935625814,1.4552150612265269,42.40586833411898,-275.0925053946806,16247.441001452507,15929.942627723707,317.49837372879955,316,1.1227366999955848,differential_evolution_bounded_direct_search,True,Maximum number of iterations has been exceeded.,0.0,1637.4704453174609,1.2587725000048522
2025-09-28,21,1637.4704453174609,46434.51384632853,47582.800543631405,-2241.608572361995,-2537.867084976055,-1492.2015038064703,-8263.205971880154,-0.1946093491424592,-1.0570203637044948,1.1015012543756049,808.8061751626434,-38.61635807130639,48391.60671879405,47544.1841855601,847.4225332339498,316,2.051739799993811,differential_evolution_bounded_direct_search,True,Maximum number of iterations has been exceeded.,0.0,2389.000874708995,2.26626760000363
2025-09-29,21,2389.000874708995,47182.64976474263,47899.53394491135,-4640.451044018797,-2500.440451568205,-1508.1438148840498,-1504.7362495767593,-1.2703165577650632,-0.4378875418480632,-0.42000339157291,841.6622250131322,-161.59477081620463,48741.196169924486,47737.93917409515,1003.2569958293368,316,1.4578596999926958,differential_evolution_bounded_direct_search,True,Maximum number of iterations has been exceeded.,72.2574187000006,2166.7245725661396,1.7120855999964988
2025-09-30,21,2166.7245725661396,47028.25084243612,48352.97675454136,-7151.105925422025,-6925.420573331199,-1448.3162095704663,-5862.823547794766,1.3350156722726867,-1.5627486610163417,1.9096711403325015,854.3573230896731,-119.39706683293863,49207.334077631036,48233.57968770842,973.7543899226117,316,0.9790766999940388,differential_evolution_bounded_direct_search,True,Maximum number of iterations has been exceeded.,83.61185351666666,2485.700096455025,1.2510613999911584
2025-10-01,21,2485.700096455025,46387.79307101368,45430.81231375943,-1562.2595866547456,-8969.354131893995,-1832.7952711939552,-9018.168586328444,-0.9728587114443434,0.029008131258471348,-1.1828032900481529,653.5418087653694,-277.12629529043625,46084.3541225248,45153.686018468994,930.6681040558057,316,1.0761453000013717,differential_evolution_bounded_direct_search,True,Maximum number of iterations has been exceeded.,0.0,4412.956125079365,1.4684056000114651
2025-10-02,21,4412.956125079365,44589.62132335274,43742.45005621051,-4614.513944628846,-5020.464982333938,-681.6627801151199,-2621.78707328465,0.6235608163890562,1.359879412480355,-0.4915097123493324,337.0027214726811,-450.82308383365654,44079.45277768319,43291.62697237686,787.8258053063377,316,0.6569166999979643,differential_evolution_bounded_direct_search,True,Maximum number of iterations has been exceeded.,0.0,4620.75805904762,1.168639700001222
2025-10-03,21,4620.75805904762,13825.868792157384,13883.753131149348,-3217.9659025444294,-3464.2142114912035,-9176.00503004209,-4930.354872686591,1.0452225905070964,-0.0934470694527958,1.6875562815368488,-128.6694436004849,-479.09261695521684,13755.083687548862,13404.66051419413,350.42317335473194,316,0.5235382999962894,differential_evolution_bounded_direct_search,True,Maximum number of iterations has been exceeded.,0.0,4316.623256481482,0.7074829999910435
2025-10-04,21,4316.623256481482,15064.278748934235,15005.665821897415,-3559.55022778229,-539.9810323178798,-2568.2816729183896,-8695.394304838783,0.7426715371602528,0.6020010683321555,0.5229999370262179,-220.84030380217797,-570.1815146733402,14784.825518095236,14435.484307224075,349.3412108711622,316,0.567408399991109,differential_evolution_bounded_direct_search,True,Maximum number of iterations has been exceeded.,0.0,4385.922833439153,0.7687268000008771
2025-10-05,21,4385.922833439153,43369.22654379971,42562.06682340465,-9110.923419990078,-3368.0949282383067,-567.6176246755887,-2311.9593499975917,0.4796974733521848,-1.2476302657097507,0.003349141456357785,125.06391553084528,-659.9443471017419,42687.1307389355,41902.12247630291,785.0082626325872,316,0.5464004000095883,differential_evolution_bounded_direct_search,True,Maximum number of iterations has been exceeded.,0.0,4133.201464867726,0.6878580000047805
2025-10-06,21,4133.201464867726,43197.067861760486,43527.62743020822,-9499.061483282603,-5809.718317510599,-628.646412466205,-3817.2926704566075,-0.5157149447584497,0.5465504685367426,-0.3800165841106016,291.79383155830845,-421.98924835040685,43819.421261766525,43105.63818185781,713.7830799087153,316,0.4921245000005001,differential_evolution_bounded_direct_search,True,Maximum number of iterations has been exceeded.,0.0,4057.575640854813,0.5372435999888694
2025-10-07,21,4057.575640854813,42600.664290998124,42616.966825585216,-1176.2594936977898,-1317.0166364354998,-390.0286763257643,-4660.473689129844,-1.3793253962641832,0.037666538708219566,-0.6763304193406525,529.3918951398442,-357.9608894757196,43146.35872072506,42259.0059361095,887.3527846155639,316,0.5069183000014164,differential_evolution_bounded_direct_search,True,Maximum number of iterations has been exceeded.,0.0,3947.957826012501,0.5561297000094783
2025-10-08,21,3947.957826012501,37246.152636107094,38720.95884694435,-2491.184094823013,-5886.092358186527,-234.26861769026425,-377.71827959583607,1.28648318699938,0.13153514205500416,1.9729189095069932,391.6961543358802,-235.99089859382283,39112.655001280225,38484.967948350524,627.687052929703,316,0.9717909999890253,differential_evolution_bounded_direct_search,True,Maximum number of iterations has been exceeded.,0.0,1651.77073968254,1.0330197000002954
2025-10-09,21,1651.77073968254,38734.99893595363,40245.7494209781,-6524.144720511112,-4893.620542349794,-481.9530489278538,-3335.0834619233287,0.36745679398892506,-1.3554570494111728,1.010063271474142,314.6626699525011,-419.878903916794,40560.4120909306,39825.8705170613,734.5415738692951,316,0.8115508000046248,differential_evolution_bounded_direct_search,True,Maximum number of iterations has been exceeded.,280.4587426453919,1507.7290553703697,0.9605328999896301
2025-10-10,21,1507.7290553703697,12161.29587086675,13061.652652020486,-4957.609365013635,-1290.6908475896707,-5421.071924342864,-7310.282269311174,1.9487092311066956,-0.8407467700878515,-0.9697169033738102,17.6762384090958,-256.2922423057468,13079.328890429582,12805.36040971474,273.9684807148426,316,0.8366211999964435,differential_evolution_bounded_direct_search,True,Maximum number of iterations has been exceeded.,0.0,1385.1224040476193,1.108204800009844
2025-10-11,21,1385.1224040476193,13047.056776994288,13707.326130188794,-7781.057605038854,-2117.7415154654104,-8239.321326752555,-7057.811895229083,-1.9125066339122072,-1.5685860763074746,-0.3062248162429886,-80.26991560187062,-363.42643734860684,13627.056214586924,13343.899692840187,283.1565217467362,316,0.8639838000090094,differential_evolution_bounded_direct_search,True,Maximum number of iterations has been exceeded.,0.0,1738.1655984656074,1.1976308000012068
2025-10-12,21,1738.1655984656074,39778.37104707832,40759.729239173204,-3350.0440909452473,-3123.3354720348098,-325.55498276765104,-3218.8009265884284,-0.48614141102384156,-1.4931403060067858,-0.9729428894552226,71.79386281177739,-585.5577189306443,40831.52310198498,40174.17152024256,657.3515817424218,316,0.36876130000746343,differential_evolution_bounded_direct_search,True,Maximum number of iterations has been exceeded.,66.75511033333396,1362.2117927248682,0.5674004999891622
2025-10-13,21,1362.2117927248682,41358.77227635645,41684.809209914194,-4061.0415946480553,-8052.900374983357,-407.83539375169016,-1059.2718001085473,-0.6545925022561958,1.885167671961915,0.841850394279287,231.74941238314847,-523.3631336153411,41916.55862229734,41161.44607629885,755.1125459984896,316,0.5960107999999309,differential_evolution_bounded_direct_search,True,Maximum number of iterations has been exceeded.,0.0,1775.553663756618,0.8191652999958023
2025-10-14,21,1775.553663756618,39836.117341745914,41251.58245115719,-6198.797019028974,-9174.831294173398,-210.2578066137358,-6024.581386006213,0.6026925193336501,-0.6815442850906523,-0.4250323901179056,36.181186294088164,-601.3078320519934,41287.76363745128,40650.2746191052,637.4890183460816,316,0.6612800000002608,differential_evolution_bounded_direct_search,True,Maximum number of iterations has been exceeded.,776.3745827505493,1340.707159814815,0.7977830000018002
2025-10-15,21,1340.707159814815,40758.010332979764,41787.57493911915,-5586.23074835845,-4153.581297779472,-230.86780401633504,-6923.068723306899,0.5153247801734997,-0.23805516141459826,-0.9939264508179937,-206.0888460477006,-750.1641624641901,41581.48609307145,41037.41077665496,544.0753164164895,316,0.5639217000134522,differential_evolution_bounded_direct_search,True,Maximum number of iterations has been exceeded.,2359.7237725152845,1731.4892953703725,0.8526693000021623
2025-10-16,21,1731.4892953703725,41308.712127103216,42879.09959817148,-6826.499339338478,-5732.680812039687,-468.5853931213455,-5838.837991859299,1.8954925870378965,-1.3930737251061938,-0.15034710449704614,55.556333361422766,-604.4041146685361,42934.65593153291,42274.69548350295,659.9604480299588,316,0.8464169000071706,differential_evolution_bounded_direct_search,True,Maximum number of iterations has been exceeded.,5310.79060062244,1547.0349869361335,1.0469757999962894
2025-10-17,21,1547.0349869361335,13277.711209073048,13843.483007441151,-4651.466451587379,-7261.005891177656,-3439.401482811725,-630.5602693833337,-0.09975808192462887,0.7791911603758064,-0.8650763916340938,180.77549439127552,-92.97758102765309,14024.258501832426,13750.505426413498,273.7530754189286,316,0.8468143999925815,differential_evolution_bounded_direct_search,True,Maximum number of iterations has been exceeded.,0.0,1647.6188828835996,1.2129570000106469
2025-10-18,21,1647.6188828835996,13241.57251413329,13836.931602744182,-4981.360250192678,-6889.117125014385,-2293.123149704633,-8269.546177936345,-0.8992459319839494,-0.937279478928204,0.44205228573821964,-159.74074417611786,-421.52957433819967,13677.190858568065,13415.402028405982,261.7888301620818,316,0.7214793000021018,differential_evolution_bounded_direct_search,True,Maximum number of iterations has been exceeded.,0.0,2003.752846269836,1.0165924000029918
2025-10-19,21,2003.752846269836,42507.1192960024,44616.715304375364,-1522.0845996788264,-7331.726722559107,-588.5458596633817,-5038.672199502235,-0.41006961753304383,-0.3436790064225692,1.9356321669348238,136.05668824429003,-513.3375935395862,44752.77199261965,44103.377710835775,649.3942817838763,316,0.7436881000030553,differential_evolution_bounded_direct_search,True,Maximum number of iterations has been exceeded.,3471.072173337718,1602.2260587037035,0.9370069000142394
2025-10-20,21,1602.2260587037035,43627.66189678268,45214.76460452781,-6504.468603876545,-8656.71714377428,-604.4587902366171,-4376.712775957991,-1.2365064856101522,0.3266550983016865,-0.42271027226476376,11.213234760911096,-556.0516135038941,45225.97783928872,44658.71299102392,567.2648482648052,316,0.6014655999897514,differential_evolution_bounded_direct_search,True,Maximum number of iterations has been exceeded.,2592.8969647829263,1491.689258783068,0.994810599993798
2025-10-21,21,1491.689258783068,44835.738771299315,46810.56356895742,-6418.1276820969615,-6400.030966260457,-793.4787115334561,-3481.8901764072593,0.7052809289753506,0.5399972119296299,-0.31672015274009113,276.78759497203424,-267.5837445933985,47087.35116392945,46542.97982436402,544.3713395654327,316,0.565614999999525,differential_evolution_bounded_direct_search,True,Maximum number of iterations has been exceeded.,0.0,1767.7665010052945,0.6630042000033427
2025-10-22,21,1767.7665010052945,44674.5285162984,46393.25981485523,-6796.6756309251405,-7202.571317289954,-415.9623003322199,-8534.353327836685,0.5619041398660758,0.04928955737345042,-1.5217004351022094,452.99758760382906,-193.27396049358327,46846.25740245906,46199.98585436164,646.2715480974123,316,0.4712502000038512,differential_evolution_bounded_direct_search,True,Maximum number of iterations has been exceeded.,5063.401720229986,1401.6111656349199,0.6491160000005038
2025-10-23,21,1401.6111656349199,46411.84210913921,47042.03457068688,-5271.508391976537,-4860.640047904705,-702.5262141000944,-2752.301042374286,1.3863672824087625,0.26229590615895715,0.46806287543364267,637.5067096733047,-65.64615749665725,47679.54128036019,46976.38841319022,703.152867169962,316,0.5033920999994734,differential_evolution_bounded_direct_search,True,Maximum number of iterations has been exceeded.,0.0,1792.3761485273203,0.7398995999974431
2025-10-24,21,1792.3761485273203,13616.922831594533,14231.549289698854,-8645.943627921595,-2678.4367139362275,-7999.88167560438,-4160.155915196133,-1.0099554890357072,-1.06606821423981,0.6054686421571303,-113.04910479205529,-404.3145610027266,14118.5001849068,13827.234728696129,291.2654562106713,316,0.6938351999997394,differential_evolution_bounded_direct_search,True,Maximum number of iterations has been exceeded.,0.0,1632.8426605820073,0.7609054999920772
2025-10-25,21,1632.8426605820073,13501.230462493046,14502.488911212897,-7154.386618612995,-7310.988324538683,-1001.8950849281143,-8209.860983729428,0.856142267843421,-0.48995177090287423,-1.0601668706151668,-85.03664348445876,-401.82218549317855,14417.452267728439,14100.666725719719,316.7855420087198,316,0.628636399997049,differential_evolution_bounded_direct_search,True,Maximum number of iterations has been exceeded.,0.0,1468.028801507938,0.7790611999953398
2025-10-26,21,1468.028801507938,47771.77620289062,48808.21230855942,-7576.653501143403,-7725.064601417084,-644.3882911685147,-6412.351108418448,1.0743040748991515,-1.0653268302346843,1.0452589085993584,592.8163661959732,-57.440359512925866,49401.02867475539,48750.771949046495,650.256725708899,316,0.6567987000016728,differential_evolution_bounded_direct_search,True,Maximum number of iterations has been exceeded.,0.0,2112.0181270370354,0.8240406999975676
2025-10-27,21,2112.0181270370354,47282.40976564574,48031.47711271538,-4935.510120215576,-1930.0148767089495,-916.2696424725211,-5592.307077334185,-0.6946416748217019,1.7927480164855165,1.7733252597443543,483.2520877310326,-120.2733090972872,48514.72920044641,47911.20380361809,603.5253968283198,316,0.30305099999532104,differential_evolution_bounded_direct_search,True,Maximum number of iterations has been exceeded.,0.0,1883.2577931216963,0.44700049998937175
2025-10-28,21,1883.2577931216963,47671.024515548175,48508.304106036085,-3197.762217552262,-5758.499430502544,-822.9039708431269,-3249.3330605673277,-1.6102531644770832,0.5626114594851397,-0.2410492098788084,505.8380278502249,-205.13979776394402,49014.14213388631,48303.16430827214,710.9778256141689,316,0.746109500003513,differential_evolution_bounded_direct_search,True,Maximum number of iterations has been exceeded.,0.0,1944.7182052116423,0.8262504000012996
2025-10-29,21,1944.7182052116423,47700.1757621289,48952.92472622708,-2978.5342390119267,-6236.247813944186,-927.4388762016109,-6736.337321765696,-0.7379117973737981,0.0881652251303704,-0.13792740086334687,600.8871397140928,-48.79094606602224,49553.81186594117,48904.13378016106,649.678085780115,316,0.4022411000041757,differential_evolution_bounded_direct_search,True,Maximum number of iterations has been exceeded.,0.0,1707.1582906084634,0.5479862999927718
2025-10-30,21,1707.1582906084634,47062.685637911425,49539.84374621554,-4661.84873461498,-2087.411548455531,-803.9581534016182,-2083.999659365326,-1.1635944021879325,1.2084189668876313,-0.012677427500765504,463.55168025059567,-196.43948288320328,50003.39542646614,49343.40426333234,659.991163133799,316,0.5313446999934968,differential_evolution_bounded_direct_search,True,Maximum number of iterations has been exceeded.,17.628294249999538,1724.0219398412717,0.6089405999955488
2025-10-31,21,1724.0219398412717,14685.492406498961,15033.545747161472,-231.29082318987992,-5847.401269695269,-7521.300879377607,-1140.8268548433177,1.189221666002516,-0.7526811279554526,0.8750716717154656,70.7459063677593,-260.1030281267472,15104.291653529232,14773.442719034725,330.84893449450647,316,0.577848000000813,differential_evolution_bounded_direct_search,True,Maximum number of iterations has been exceeded.,0.0,2101.922184206355,0.6779626999923494
2025-11-01,21,2101.922184206355,14380.124521221967,14559.170440209626,-6818.875172698829,-3699.799745326997,-478.4447814969092,-4027.683043550199,1.8125939533405386,0.1507000472067399,-1.7550408880519535,16.8759491286523,-316.5964877564018,14576.046389338278,14242.573952453224,333.4724368850541,316,0.462255800011917,differential_evolution_bounded_direct_search,True,Maximum number of iterations has been exceeded.,0.0,2171.9393356235287,0.5484308999875793
2025-11-02,21,2171.9393356235287,48871.868794290385,50406.03522950818,-1630.375802160208,-2375.864163263703,-688.8829903946639,-5279.240021282507,-0.13424938283831178,-0.27904662849562767,0.4788584768658666,422.09429197471565,-319.8945223370491,50828.1295214829,50086.14070717114,741.9888143117648,316,0.7070485000003828,differential_evolution_bounded_direct_search,True,Maximum number of iterations has been exceeded.,291.10267851427784,1567.580926111111,0.7837409999920055
2025-11-03,21,1567.580926111111,49498.09086855322,52119.84013695775,-1462.1334373080174,-8740.997767454388,-918.3022620275829,-3329.0001640358655,1.1910189387908448,-0.21430980323456983,0.9736290113277395,683.4739868456074,-107.90419676102196,52803.31412380336,52011.93594019672,791.3781836066294,316,0.6510664000088582,differential_evolution_bounded_direct_search,True,Maximum number of iterations has been exceeded.,0.0,1940.4728097652248,0.82419879999361
2025-11-04,21,1940.4728097652248,50263.88891543736,51306.04155205982,-1190.8458038899626,-883.1848174941222,-902.8364316332859,-1249.138217495512,1.4428610310370718,0.9039034979989014,-0.8953091948596197,666.8617324530084,-106.18680947975686,51972.903284512824,51199.854742580064,773.0485419327653,316,1.0171575999993365,differential_evolution_bounded_direct_search,True,Maximum number of iterations has been exceeded.,250.40921272010132,1473.7694616666672,1.1851926999952411
2025-11-05,21,1473.7694616666672,51510.46988767843,52887.38769351407,-5580.145145345411,-945.2285462658523,-856.8294182269334,-3904.416220334025,-1.1399489692403533,-0.12164229061134524,0.027332030874604563,741.4336458760242,-264.958650494978,53628.821339390095,52622.429043019096,1006.3922963710022,316,0.5945423999946797,differential_evolution_bounded_direct_search,True,Maximum number of iterations has been exceeded.,17.266491991665823,2050.7840859259254,0.6740344999998342
2025-11-06,21,2050.7840859259254,50397.29970005824,52142.61470406725,-4661.662610846324,-6901.458474338119,-789.4010730689438,-2495.4230304450684,0.6257863302113575,1.1772439907168262,-1.281141703508851,444.9060364389631,-103.59662019155219,52587.52074050622,52039.0180838757,548.5026566305153,316,0.4555030000046827,differential_evolution_bounded_direct_search,True,Maximum number of iterations has been exceeded.,3713.776189747885,1640.3312958730164,0.5821202000079211
2025-11-07,21,1640.3312958730164,14704.02951971452,15136.891462131869,-3226.5422445575978,-3909.873213044619,-509.3958669236624,-5007.890464548627,0.5987338828017452,1.7689741056994213,-1.133899791831735,-123.94673435555572,-414.43364009889314,15012.944727776314,14722.457822032977,290.4869057433374,316,0.6819630999962101,differential_evolution_bounded_direct_search,True,Maximum number of iterations has been exceeded.,0.0,1816.698124444445,0.9421655999904033
2025-11-08,21,1816.698124444445,14342.430295819711,15222.833715037506,-6024.942501792473,-172.8272151932149,-499.94909173117105,-8703.05773113432,-0.8942482760619188,0.5242930719274339,1.0822267346912522,-151.38719849989536,-423.5682361629185,15071.446516537611,14799.265478874588,272.1810376630231,316,0.2794324999995297,differential_evolution_bounded_direct_search,True,Maximum number of iterations has been exceeded.,0.0,1888.3689057936542,0.6790285999886692
2025-11-09,21,1888.3689057936542,51943.98880494855,53372.420336949195,-3369.95278694967,-3323.787246931546,-824.430955755913,-8323.64308121166,-1.088399309747631,-0.3327346745294273,0.04020603117574639,300.1652074917132,-532.5183405887011,53672.58554444091,52839.901996360495,832.6835480804143,316,0.3110593000019435,differential_evolution_bounded_direct_search,True,Maximum number of iterations has been exceeded.,0.0,1708.9745839860161,0.4445874999946682
2025-11-10,21,1708.9745839860161,52351.41013160684,54646.11275720611,-363.84429691613104,-3423.873281058662,-6351.103024183849,-3542.995425275169,0.27976515009378344,0.48790438808868064,-0.037660368178199954,282.0806118693152,-356.23316336666807,54928.19336907542,54289.87959383944,638.3137752359833,316,0.8815764000028139,differential_evolution_bounded_direct_search,True,Maximum number of iterations has been exceeded.,209.3711006298252,1580.191966851852,0.9554445999965537
2025-11-11,21,1580.191966851852,52155.999536436466,53889.40291012911,-5937.918716718421,-283.78780679681836,-6856.45400996922,-3357.2662809229,0.49675129504686266,-1.4417275766395927,0.4997494439026329,454.36262900653406,-362.40051049615386,54343.765539135646,53527.002399632955,816.7631395026879,316,0.49920399999246,differential_evolution_bounded_direct_search,True,Maximum number of iterations has been exceeded.,0.0,1945.1673965343916,0.5862744000041857
2025-11-12,21,1945.1673965343916,53249.17822257129,54376.08974478085,-8514.763394334112,-3974.868537751148,-834.6597868171077,-4857.383053538995,-0.6543969749916951,1.1259430905233527,-1.6090586903272333,566.1915103586832,-244.3577478969192,54942.28125513953,54131.73199688394,810.5492582556024,316,0.7089106000057654,differential_evolution_bounded_direct_search,True,Maximum number of iterations has been exceeded.,57.06534666666657,1856.7224883333326,0.9098414999898523
2025-11-13,21,1856.7224883333326,53452.39597390754,55354.8128495711,-3985.104194398946,-1073.8189275453096,-6417.02658267541,-203.09092102364943,-1.125659003531441,1.108779055473514,-1.8799379345721672,200.88156837899896,-387.9596260520973,55555.6944179501,54966.853223519,588.8411944310963,316,1.2265558000071906,differential_evolution_bounded_direct_search,True,Maximum number of iterations has been exceeded.,0.0,2006.7248708465609,1.4050579000031576
2025-11-14,21,2006.7248708465609,15047.820211937762,15622.992462854278,-4479.878021558239,-8176.297684937794,-5096.432282334284,-8030.769931000921,-1.2396798784947904,-0.31296296954503644,-0.5927983733180682,-230.93291316085137,-444.5948504532966,15392.059549693426,15178.39761240098,213.66193729244523,316,1.0884496999933617,differential_evolution_bounded_direct_search,True,Maximum number of iterations has been exceeded.,0.0,2043.1485485714288,1.7579308999993373
2025-11-15,21,2043.1485485714288,14798.382878578439,15727.007891248628,-2382.129997365034,-3688.0615427483544,-3637.8978906907805,-6892.63698414518,-1.8916523344211353,-1.2913521173077052,0.1986841304112068,-209.867490062362,-474.95844995236956,15517.140401186265,15252.049441296258,265.0909598900075,316,1.4033906999975443,differential_evolution_bounded_direct_search,True,Maximum number of iterations has been exceeded.,0.0,1751.3835152645527,1.750027100002626
2025-11-16,21,1751.3835152645527,54721.98020379825,56567.26182007544,-3574.7545652147082,-769.45107009563,-770.7067946672807,-6368.077171496553,1.284990400388994,0.6595167273276274,-0.3401316678655266,673.6070414263738,-426.66058372144664,57240.86886150181,56140.60123635399,1100.2676251478206,316,1.1178589000046486,differential_evolution_bounded_direct_search,True,Maximum number of iterations has been exceeded.,0.0,1743.5073195238087,1.456036400006269
2025-11-17,21,1743.5073195238087,56565.30718713401,57217.61883466121,-7202.2208483217,-5194.564367066394,-5789.307798413812,-310.27263852266424,-0.6305634602070675,1.1187985310914534,-1.9517524574497327,662.5232204267284,-391.4202798610636,57880.14205508794,56826.19855480015,1053.943500287792,316,0.43327799999678973,differential_evolution_bounded_direct_search,True,Maximum number of iterations has been exceeded.,0.0,2254.323278009508,0.5594972999970196
2025-11-18,21,2254.323278009508,54867.83586755071,56846.00607322459,-1786.6021080721441,-5479.283984993351,-6468.020413019132,-1644.4507455005437,0.44507427054625914,1.0369774602418658,1.0515682808161464,218.3658489406284,-347.8355834661161,57064.37192216522,56498.17048975847,566.2014324067445,316,0.5159198000037577,differential_evolution_bounded_direct_search,True,Maximum number of iterations has been exceeded.,0.0,2055.7980915343924,0.6108086000022013
2025-11-19,21,2055.7980915343924,55226.10485240412,57653.788970125286,-3765.144674705026,-3922.9091100776322,-710.0801741418056,-1531.3254928081,-1.0313523256197588,-0.27166539586825267,0.7531546045911686,313.4597498024433,-439.82660396341817,57967.24871992773,57213.96236616187,753.2863537658615,316,0.86569910000253,differential_evolution_bounded_direct_search,True,Maximum number of iterations has been exceeded.,0.0,1650.947470793651,1.102767699994729
2025-11-20,21,1650.947470793651,57077.26176420441,57559.49498149109,-2729.7213659652775,-5369.433451774622,-5377.0112343450055,-7808.4176582048285,-0.85041321551745,-1.409038513689052,-1.3786091321951948,404.7701553257143,-547.1983540123052,57964.2651368168,57012.29662747878,951.9685093380195,316,1.477249599993229,differential_evolution_bounded_direct_search,True,Maximum number of iterations has been exceeded.,0.0,1824.6380817195814,2.029543399999966
2025-11-21,21,1824.6380817195814,15439.428346863477,16334.375781381386,-1974.238429128357,-3489.0442710160696,-6872.231775113497,-1569.3544200138792,1.6415932013696928,0.4336211444679794,-0.3606746909342555,-148.28128656509404,-479.3416705724366,16186.094494816292,15855.03411080895,331.0603840073426,316,0.4931728999945335,differential_evolution_bounded_direct_search,True,Maximum number of iterations has been exceeded.,0.0,2049.851864126985,0.7470223999989685
2025-11-22,21,2049.851864126985,15734.149338009125,16345.89012666066,-1771.8735591238542,-8009.841843622157,-6019.98282803846,-9067.201263051318,-1.5555289234288634,1.0121831610693675,-0.11802819610724136,-248.63620268517667,-501.99382340568695,16097.253923975484,15843.896303254975,253.35762072051028,316,0.9723469000018667,differential_evolution_bounded_direct_search,True,Maximum number of iterations has been exceeded.,0.0,1906.227237460317,1.3717059000045992
2025-11-23,21,1906.227237460317,57470.9686848055,58964.457826360995,-3170.7237972750377,-6736.289887422287,-7496.175345948537,-4148.851123492626,0.7683645236758161,-0.1264177744991417,1.56074916726946,380.18518402973666,-534.7202729204471,59344.64301039073,58429.73755344055,914.9054569501837,316,0.6773457000090275,differential_evolution_bounded_direct_search,True,Maximum number of iterations has been exceeded.,0.0,1949.922830132277,0.7693747999874176
2025-11-24,21,1949.922830132277,56252.970128930254,57861.29547780246,-5213.209571495365,-4002.566286308126,-6093.03138557986,-606.4527177194147,1.944899078285562,0.7297900536729083,-0.10560056334239376,33.15607842056339,-513.642486531906,57894.45155622302,57347.65299127055,546.7985649524694,316,0.6556066000048304,differential_evolution_bounded_direct_search,True,Maximum number of iterations has been exceeded.,0.0,1439.5465441005272,0.9361894000030588
2025-11-25,21,1439.5465441005272,57688.32746249792,58649.76577853511,-2127.989479162549,-9185.848947532066,-1808.8148887882867,-3126.4974391377664,0.6046202715700919,-0.9616886347491023,0.18075263326273694,420.10551847320875,-450.86494179850934,59069.87129700832,58198.900836736604,870.9704602717181,316,0.652756399998907,differential_evolution_bounded_direct_search,True,Maximum number of iterations has been exceeded.,0.0,1787.2357236507903,0.736999199987622
2025-11-26,21,1787.2357236507903,58448.44372024838,59198.32885159227,-4392.353259773643,-4296.578408587384,-3198.80535897291,-1560.2375576793431,0.9349237544273645,1.4260255498570018,-0.7894015348599817,323.80722708630447,-606.8188010837225,59522.13607867857,58591.51005050854,930.626028170027,316,0.8013133000058588,differential_evolution_bounded_direct_search,True,Maximum number of iterations has been exceeded.,163.3821613333332,2217.2601058994705,1.03057919999992
2025-11-27,21,2217.2601058994705,57613.1095974386,59568.370504356346,-1403.0528807852502,-4419.498170560733,-1911.9997928102046,-3043.6373778214643,-0.9211349451824276,-0.1810232065814863,-1.0394452167459265,418.8233472311823,-549.9122444270897,59987.19385158753,59018.458259929255,968.735591658272,316,1.3107505999942077,differential_evolution_bounded_direct_search,True,Maximum number of iterations has been exceeded.,0.0,2070.2252084656106,1.5831791999953566
2025-11-28,21,2070.2252084656106,15865.94933278212,16139.209893441115,-1759.5542151696034,-5739.346508335841,-2336.5682240778497,-7857.480474375135,1.5878658837637225,1.1949739396237278,-0.03593509769916392,-285.65693715906247,-547.0550515700327,15853.552956282052,15592.154841871083,261.3981144109702,316,0.7477522999979556,differential_evolution_bounded_direct_search,True,Maximum number of iterations has been exceeded.,0.0,1863.6886316326938,0.9042814999993425
2025-11-29,21,1863.6886316326938,16434.6771302754,16808.79798546558,-399.94249454840764,-6223.363491963403,-7708.576349859035,-1626.1726048578619,-0.44446266757847264,-0.9168091110865042,-0.9800820738988523,-282.04937635243647,-515.8505427661372,16526.748609113143,16292.947442699442,233.80116641370074,316,0.9526615999930073,differential_evolution_bounded_direct_search,True,Maximum number of iterations has been exceeded.,0.0,1925.0210260052909,1.1092987000010908
2025-11-30,21,1925.0210260052909,58966.78480960031,60559.6222062222,-2706.8239892429897,-5644.7233408699,-2691.6093953013637,-382.7642807790525,-1.047501825779438,1.5530002588507026,0.6116734753225876,52.712691094912685,-679.6023546979459,60612.334897317116,59880.01985152425,732.3150457928585,316,0.7283729000046151,differential_evolution_bounded_direct_search,True,Maximum number of iterations has been exceeded.,0.0,1835.4122418253994,1.0109535999945365
2025-12-01,21,1835.4122418253994,59460.65770548913,65252.44079009168,-880.2908356836472,-6465.644430813957,-2448.0688813422653,-3370.5199557565575,0.5014818131973495,-0.7475521687601563,-0.868824219336712,67.38370298359149,-663.5228194643792,65319.82449307527,64588.9179706273,730.9065224479707,281,0.6307659000012791,differential_evolution_bounded_direct_search,True,Optimization terminated successfully.,22399.07091509372,1492.6636012962952,0.7093886000075145
2025-12-02,21,1492.6636012962952,59980.97283176431,66679.76279210838,-22.14556412518789,-5633.763193899526,-1643.494114903457,-6578.054885338457,0.7898579772466419,0.4895605705955304,1.0638700026446979,937.945313874304,303.9047116482209,67617.70810598267,66983.6675037566,634.0406022260831,316,0.6037898000067798,differential_evolution_bounded_direct_search,True,Maximum number of iterations has been exceeded.,30632.954993182113,1421.3895061111111,0.750401499986765
2025-12-03,21,1421.3895061111111,62087.41057085408,67919.92593103333,7563.125483464421,-174.55603434986742,-6052.10676066053,-496.4719320494211,0.37787127485832617,1.3778983514784207,1.064265634164554,2006.9505393695222,1555.2439925539168,69926.87647040286,69475.16992358725,451.7065468156054,316,0.6177598999929614,differential_evolution_bounded_direct_search,True,Maximum number of iterations has been exceeded.,10062.643018189125,1214.9727727777777,0.9470372000068892
2025-12-04,21,1214.9727727777777,62681.07045985444,68151.5096267231,-69.4265649553305,-5921.951518984916,-645.8653706711658,-2915.6780001171005,1.3089728005178243,-1.4333129943940506,0.3842341131281479,2145.384523343491,1566.1669815991065,70296.89415006658,69717.6766083222,579.2175417443843,316,0.5383829999918817,differential_evolution_bounded_direct_search,True,Maximum number of iterations has been exceeded.,11726.257043011268,1313.1167033597878,0.7267176000023028
2025-12-05,21,1313.1167033597878,18418.299626089407,20778.250355519842,30.861395103334388,-2165.510340212376,-917.9866694701985,-89.28336003781254,0.43627893042708665,-0.2736177662708541,-1.7776466117824237,1429.595691450129,977.5518343666286,22207.84604696997,21755.80218988647,452.04385708350037,316,0.6573786000080872,differential_evolution_bounded_direct_search,True,Maximum number of iterations has been exceeded.,1104.3669964962623,1534.8800279869304,0.7984204999957001
2025-12-06,21,1534.8800279869304,18944.9760312456,21488.64357869252,6876.180790999899,-4161.99322446831,-728.8143700238702,-4777.450484534581,0.9646757870376685,0.5424164508159279,1.2805247858839826,1133.942084570073,390.12023104692696,22622.585663262595,21878.76380973945,743.8218535231459,316,0.8635664000030374,differential_evolution_bounded_direct_search,True,Maximum number of iterations has been exceeded.,4989.608737262887,1482.8031481481476,0.996069400003762
2025-12-07,21,1482.8031481481476,66024.28594716032,71251.39936441295,2458.8843092477277,-5643.398145956054,-569.9088826261604,-3400.192854482383,0.6193145120454062,-0.9180360710606366,-0.8708387763788259,1837.6526077319218,785.548711029357,73089.05197214488,72036.94807544231,1052.1038967025647,316,1.2992112999927485,differential_evolution_bounded_direct_search,True,Maximum number of iterations has been exceeded.,1279.4407582594852,1480.111252777778,1.5921165000036126
2025-12-08,21,1480.111252777778,75796.69395968322,77106.49395582819,9.766517133275698,-150.88306577194606,-4160.009245222926,-3120.1908609985,-0.40029425006815633,-1.463326833160034,1.6317094014148208,1727.9068668870339,1088.8104645186804,78834.40082271522,78195.30442034687,639.0964023683534,316,0.5906259000039427,differential_evolution_bounded_direct_search,True,Maximum number of iterations has been exceeded.,0.0,1961.51265287458,0.7462519999971846
2025-12-09,21,1961.51265287458,76906.07602799818,76493.28557815214,10.27820691025525,-310.22175303186293,-9189.901140395683,-8294.163721632125,1.0506917895831753,-1.0522781883941725,0.5668900779622059,1643.6357192726955,1039.0416817278037,78136.92129742484,77532.32725987994,604.5940375448918,316,1.0167604000016581,differential_evolution_bounded_direct_search,True,Maximum number of iterations has been exceeded.,0.0,1995.1475088554764,1.3109483000007458
2025-12-10,21,1995.1475088554764,75490.46586500747,76450.80830457967,1878.1513510528441,-116.7926709364636,-2208.4835582110736,-7990.838680025019,-0.07024655038515926,1.734026035663466,-0.8203021963657033,1745.8092111797891,1019.5567344313455,78196.61751575946,77470.36503901101,726.2524767484437,316,0.7223749999975553,differential_evolution_bounded_direct_search,True,Maximum number of iterations has been exceeded.,0.0,1874.7404725396837,0.941777700005332
2025-12-11,21,1874.7404725396837,76113.89771852245,76022.06171914114,7124.619070901402,-165.40537025877916,-3442.257985950012,-2501.6520237822097,1.1670334226131684,1.9779323734515954,-1.7842321827670262,1996.6237567943747,1023.4654862430083,78018.68547593552,77045.52720538415,973.1582705513664,316,0.37032660000841133,differential_evolution_bounded_direct_search,True,Maximum number of iterations has been exceeded.,0.0,2036.1228374074074,0.4339643999992404
2025-12-12,21,2036.1228374074074,24393.00849004601,25718.88931374607,85.16868808691811,-1271.4511272884893,-8048.739848264266,-2438.316418014554,1.5927280204769794,-0.18817001997088267,0.03955125472539178,1397.7061034577048,777.541255763939,27116.595417203775,26496.43056951001,620.1648476937658,316,0.40952040000411216,differential_evolution_bounded_direct_search,True,Maximum number of iterations has been exceeded.,8.409439999999776,2055.2410507407412,0.796194700000342
2025-12-13,21,2055.2410507407412,25562.81013507939,26473.05311295242,-13.509894556927904,-5321.224742295476,-6078.075910841026,-3126.164604104574,1.7299429213669506,1.9673831704108582,-1.508097981469108,1101.405438343806,589.1191181586634,27574.458551296226,27062.172231111083,512.2863201851427,316,0.8700983000017004,differential_evolution_bounded_direct_search,True,Maximum number of iterations has been exceeded.,0.0,2211.5069939153423,1.198815800002194
2025-12-14,21,2211.5069939153423,76347.69501038734,78018.8493509166,372.9557561327546,-126.72703551095559,-3313.986362087086,-7823.276209328117,-0.22290329255912722,-1.465227309847644,-1.2361285014469037,1733.7148446304254,1014.9321616117093,79752.56419554702,79033.78151252831,718.7826830187162,316,0.6294913000019733,differential_evolution_bounded_direct_search,True,Maximum number of iterations has been exceeded.,0.0,1956.6254761111122,0.8425403000001097
2025-12-15,21,1956.6254761111122,76459.06803231989,77672.8583642114,2108.8472453277464,-110.85567763971369,-6024.578224209357,-9418.310293374281,-0.6589339931575424,0.9436106918203038,-0.27313541973274447,1908.1054557565644,1164.9381091918149,79580.96381996796,78837.79647340321,743.1673465647496,316,1.1871358999924269,differential_evolution_bounded_direct_search,True,Maximum number of iterations has been exceeded.,0.0,1914.3645908751419,1.4583142000046792
2025-12-16,21,1914.3645908751419,76182.35598812031,77685.18197235509,318.59347046002495,-19.01920502233274,-5433.239251717164,-5310.538643193285,-1.9030995027289896,0.5201514914721872,-0.7643081769372742,1908.9024687021215,1182.2247453390976,79594.0844410572,78867.40671769419,726.6777233630239,316,0.8303600000072038,differential_evolution_bounded_direct_search,True,Maximum number of iterations has been exceeded.,0.0,1880.7931779629616,0.9738651999941794
2025-12-17,21,1880.7931779629616,76997.2805877316,77656.80986369366,7097.850831546278,-287.2395554644179,-3040.430868132135,-2026.783622100086,-0.23507745231696742,1.5723876901795344,1.9181198587448876,2008.1071654132136,920.4204003213771,79664.91702910687,78577.23026401504,1087.6867650918366,316,0.21752720000222325,differential_evolution_bounded_direct_search,True,Maximum number of iterations has been exceeded.,0.0,1959.4601112962976,0.3210764000104973
2025-12-18,21,1959.4601112962976,74868.47684574848,76475.8855152837,8003.214658939762,-284.67073618029275,-6865.384447674155,-5677.152915553442,0.7476409682588794,-1.3660751582642128,-0.4840649690755847,1959.2650465402403,1203.1149657889987,78435.15056182395,77679.00048107271,756.1500807512416,316,1.095485899990308,differential_evolution_bounded_direct_search,True,Maximum number of iterations has been exceeded.,70.20909903333329,1905.4192766666692,1.158874000000651
2025-12-19,21,1905.4192766666692,25549.959029012207,26240.79845103976,-17.788682707355008,-4649.669416147642,-6609.2400324019445,-746.7511663580957,-0.24018149539368605,1.0352102728493695,1.2860186931443924,1263.0051276378695,724.765107510088,27503.803578677627,26965.563558549846,538.2400201277815,316,0.934691100002965,differential_evolution_bounded_direct_search,True,Maximum number of iterations has been exceeded.,0.0,1888.7162005555517,1.3068787999945926
2025-12-20,21,1888.7162005555517,25854.005496706024,26298.9741181619,4855.87945490227,-7684.773350891766,-593.8597668852339,-6753.7389608841795,0.9418791980971668,0.4231454525990501,0.17168502764841298,1260.1494365588635,604.9293706591681,27559.12355472076,26903.903488821066,655.2200658996954,316,1.1247960000036983,differential_evolution_bounded_direct_search,True,Maximum number of iterations has been exceeded.,0.0,2025.0610195502659,1.4414636000001337
2025-12-21,21,2025.0610195502659,77266.52367428603,77408.45298543971,-177.24862219649964,-643.152622738338,-2286.3738892097404,-3408.478091128476,1.668705614171198,-1.4080452636491554,0.7492300702647068,2109.1878909022207,1358.656163077163,79517.64087634193,78767.10914851687,750.5317278250577,316,0.5965937000000849,differential_evolution_bounded_direct_search,True,Maximum number of iterations has been exceeded.,0.0,2107.1756033597862,0.8797927999985404
2025-12-22,21,2107.1756033597862,76704.24903567028,77961.02965848273,3027.066062514498,-366.5181977237932,-5855.97072329175,-1549.799274027452,-0.20903312804458585,-1.2689124334472814,0.6357936533050395,2057.108885964911,1362.172795039805,80018.13854444765,79323.20245352254,694.9360909251063,316,0.6181865999969887,differential_evolution_bounded_direct_search,True,Maximum number of iterations has been exceeded.,0.0,1675.6995716666695,0.7082070000033127
2025-12-23,21,1675.6995716666695,75950.53680211256,76689.6422733854,9014.992855218328,-311.1371884525976,-6045.4621060709505,-435.2656796019353,1.8065606831908876,1.4578367956778853,1.382420941614737,2473.1857546362253,1796.0483662735776,79162.82802802163,78485.69063965898,677.1373883626477,316,0.7023675000091316,differential_evolution_bounded_direct_search,True,Maximum number of iterations has been exceeded.,0.0,2061.0050994444446,0.8918229999981122
2025-12-24,21,2061.0050994444446,74437.7870536067,74903.36346699498,6733.0370383441,-65.66164114464534,-8441.339710236749,-1707.0957937444157,-0.20119292015567747,0.902708904780646,-0.7207491414021252,2688.8468169761536,1884.8179487838795,77592.21028397113,76788.18141577886,804.0288681922741,316,0.8168602999940049,differential_evolution_bounded_direct_search,True,Maximum number of iterations has been exceeded.,0.0,1826.2866959259293,1.1885318999993615
2025-12-25,21,1826.2866959259293,73078.25899407324,74606.722934183,296.08603383787937,-129.25748268272167,-6518.548068689275,-3702.543471170131,1.293958635498114,1.1528282942921284,-0.00916521027524464,2454.75236493202,1905.286590571295,77061.47529911502,76512.00952475429,549.4657743607252,316,0.7082680000021355,differential_evolution_bounded_direct_search,True,Maximum number of iterations has been exceeded.,139.53763379166696,1877.3836150000006,0.8130766000103904
2025-12-26,21,1877.3836150000006,23005.77119353616,23900.279577116453,-91.69067848574741,-3480.862239579478,-852.9564826210762,-9391.435792351842,1.2859786801556607,-1.187796041075976,0.9376076861288487,1496.5634739695197,1163.0253395561897,25396.843051085973,25063.30491667264,333.53813441333,316,0.5214904000022216,differential_evolution_bounded_direct_search,True,Maximum number of iterations has been exceeded.,0.0,2487.2296388624345,0.7117429999925662
2025-12-27,21,2487.2296388624345,22433.23278842791,22877.684921173637,-346.7182889207368,-8120.623306749925,-2519.9322451942594,-114.78248770173423,0.30753012141126224,-0.7488954185364047,-1.0756537480923367,1045.1423483877447,910.0471660165293,23922.82726956138,23787.732087190165,135.0951823712154,316,0.33699380001053214,differential_evolution_bounded_direct_search,True,Maximum number of iterations has been exceeded.,0.0,2255.903101349206,0.528518899998744
2025-12-28,21,2255.903101349206,72458.93604785163,72881.76191377458,-257.16332249118636,-318.83477244942924,-7551.14057235879,-9154.247673409534,0.3194752257623956,1.126533550635203,0.0670845688879056,399.42029457733304,-2.08769725401775,73281.18220835191,72879.67421652057,401.5079918313508,316,0.38794279999274295,differential_evolution_bounded_direct_search,True,Maximum number of iterations has been exceeded.,109.17377271428572,2021.5324766666665,0.5212488999968627
2025-12-29,21,2021.5324766666665,72987.26917846767,72658.71221072189,-489.5335390156845,-3736.582512233765,-1349.4877561754627,-6966.200301052345,0.8821962573418296,0.26297406573415794,0.9854290586340495,-68.56325527445344,-723.5421520427446,72590.14895544744,71935.17005867914,654.9788967682912,316,2.1625109000015073,differential_evolution_bounded_direct_search,True,Maximum number of iterations has been exceeded.,0.0,1820.8459527777795,2.3873331999930087
2025-12-30,21,1820.8459527777795,71528.00216083761,71376.60846294393,-9583.106525764852,-4185.628744155766,-4510.579380443296,-1910.7912404427168,-0.5427678881857423,0.07590264107612432,-0.9131067391161714,-33.17689343402327,-751.8926875232655,71343.4315695099,70624.71577542066,718.7157940892423,316,1.0095321999979205,differential_evolution_bounded_direct_search,True,Maximum number of iterations has been exceeded.,178.9838000119045,1897.7264933862468,1.4455680999963079
2025-12-31,21,1897.7264933862468,71002.6270852476,71749.86979943168,-2658.4247234502827,-7652.295119793915,-5104.069455026088,-1361.8918991039902,-0.741899091096347,1.4935389732412117,-1.1045743275761721,41.219162730238246,-689.25642952985,71791.08896216191,71060.61336990182,730.4755922600883,316,0.5997614999942016,differential_evolution_bounded_direct_search,True,Maximum number of iterations has been exceeded.,0.0,1627.3262116666697,0.8343413999973563
