date,strategy,initial_soc_kwh,final_soc_kwh,residual_count,q0_cost_face,settlement_cost,retained_cost,down_cost,up_cost,emergency_cost,total_cost,down_kwh,up_kwh,calibration_count,calibration_seconds,day_seconds,cal_0_update_slot,cal_0_method,cal_0_accepted_search,cal_0_evaluations,cal_0_selected_score,cal_0_nit,cal_0_success,cal_0_termination,cal_1_update_slot,cal_1_method,cal_1_accepted_search,cal_1_evaluations,cal_1_selected_score,cal_1_nit,cal_1_success,cal_1_termination,cal_2_update_slot,cal_2_method,cal_2_accepted_search,cal_2_evaluations,cal_2_selected_score,cal_2_nit,cal_2_success,cal_2_termination
2025-02-01,M612,2082.843715256331,2470.840314444449,21,20575.8576974152,19643.859148236646,18702.703969934744,936.5768637402264,4.578314561678269,0.0,19643.859148236646,3743.2322913207154,11.900925859467975,3,4.3959086000104435,4.775989800007665,0,differential_evolution_staged_direct_search,True,17,-2952.0315577515435,2,True,population_collapse_convergence,36,differential_evolution_staged_direct_search,True,32,-2366.8452569737137,2,True,population_collapse_convergence,72,differential_evolution_staged_direct_search,True,182,-532.6770608645033,8,False,maxiter_budget
2025-02-02,M612,2470.840314444449,2440.6601978767676,21,65800.31296176183,63860.18727581298,61857.5266945153,1971.393133623266,31.267447674413585,0.0,63860.18727581298,5028.4020639651535,16.161062301134166,3,5.314150400008657,6.145323099990492,0,differential_evolution_staged_direct_search,True,12,-4291.062392661179,1,True,population_collapse_convergence,36,differential_evolution_staged_direct_search,True,32,-2680.4119081269096,2,True,population_collapse_convergence,72,differential_evolution_staged_direct_search,True,182,-715.1736688077212,8,False,maxiter_budget
2025-02-03,M612,2440.6601978767676,2341.1346409259245,21,68427.0993108818,65597.48061937102,62767.86192786024,2829.6186915107783,0.0,0.0,65597.48061937102,6480.532628814524,0.0,3,4.679056799999671,5.104824699999881,0,differential_evolution_staged_direct_search,True,17,-4640.855257071309,2,True,population_collapse_convergence,36,differential_evolution_staged_direct_search,True,42,-3019.8100727803694,3,True,population_collapse_convergence,72,differential_evolution_staged_direct_search,True,142,-744.6647556837962,6,True,population_collapse_convergence
2025-02-04,M612,2341.1346409259245,2294.8443824074093,21,71351.51393373315,68389.02216534998,65426.53039696682,2962.4917683831673,0.0,0.0,68389.02216534998,6920.677617654517,0.0,3,5.316467099983129,6.1454295000003185,0,differential_evolution_staged_direct_search,True,47,-3911.9805598177536,8,False,maxiter_budget,36,differential_evolution_staged_direct_search,True,92,-2272.5760166341984,8,False,maxiter_budget,72,differential_evolution_staged_direct_search,True,182,-602.0710168218809,8,True,maxiter_budget
2025-02-05,M612,2294.8443824074093,2069.5100974074085,21,65984.90101938165,64872.77021392454,63189.36888916501,1397.7660651083247,285.63525965120454,0.0,64872.77021392454,3233.345498754001,193.79430876701062,3,3.1461304999975255,3.557743199999095,0,differential_evolution_staged_direct_search,True,17,-4425.014236282579,2,True,population_collapse_convergence,36,differential_evolution_staged_direct_search,True,92,-2274.194108015495,8,False,maxiter_budget,72,differential_evolution_staged_direct_search,True,162,-694.5103423504859,7,True,population_collapse_convergence
2025-02-06,M612,2069.5100974074085,2119.459499598221,21,71490.9206721645,67639.11500322097,63787.30933427746,3851.8056689435152,0.0,35.66855689105815,67674.78356011203,9080.825711268693,0.0,3,4.525840300004347,5.335765700001502,0,differential_evolution_staged_direct_search,True,17,-4396.225854154419,2,True,population_collapse_convergence,36,differential_evolution_staged_direct_search,True,52,-2764.290607784463,4,True,population_collapse_convergence,72,differential_evolution_staged_direct_search,True,182,-691.0735528195006,8,False,maxiter_budget
2025-02-07,M612,2119.459499598221,1681.5197257765703,21,20032.035968357988,19204.2827164876,18376.52946461721,827.7532518703872,0.0,0.0,19204.2827164876,3937.4539948149854,0.0,3,3.2323173999902792,3.898769199993694,0,differential_evolution_staged_direct_search,True,17,-2917.222722320204,2,True,population_collapse_convergence,36,differential_evolution_staged_direct_search,True,92,-1915.0245232153375,8,False,maxiter_budget,72,differential_evolution_staged_direct_search,True,102,-500.1582293656412,4,True,population_collapse_convergence
2025-02-08,M612,1681.5197257765703,1669.7528181481493,21,15838.460088596068,15977.55327998,15838.460085634331,1.4808682988132205e-06,139.09319286480087,270.75490551377493,16248.308185493775,8.69564473759965e-06,152.28524526137036,3,2.4570604000182357,2.9608970999979647,0,differential_evolution_staged_direct_search,True,12,-2379.4355364759963,1,True,population_collapse_convergence,36,differential_evolution_staged_direct_search,True,42,-2352.0456347208524,3,True,population_collapse_convergence,72,differential_evolution_staged_direct_search,True,182,-530.9492753812514,8,False,maxiter_budget
2025-02-09,M612,1669.7528181481493,1556.5200540405272,21,63979.7320074875,62586.36421700574,61192.99642652397,1393.367790481765,0.0,0.0,62586.36421700574,3143.615991995742,0.0,3,2.810108100005891,3.033378599997377,0,differential_evolution_staged_direct_search,True,12,-4324.874398785854,1,True,population_collapse_convergence,36,differential_evolution_staged_direct_search,True,42,-3094.9046061558006,3,True,population_collapse_convergence,72,differential_evolution_staged_direct_search,True,182,-697.9052934329837,8,False,maxiter_budget
2025-02-10,M612,1556.5200540405272,1566.21959047332,21,59180.07963388081,56960.55977250869,54741.03991113658,2219.5198613721145,0.0,0.0,56960.55977250869,5350.537215791404,0.0,3,1.90770509999129,2.2693914999981644,0,differential_evolution_staged_direct_search,True,22,-4447.822905335784,3,True,population_collapse_convergence,36,differential_evolution_staged_direct_search,True,52,-2589.851528253389,4,True,population_collapse_convergence,72,differential_evolution_staged_direct_search,True,122,-755.2032102505744,5,True,population_collapse_convergence
2025-02-11,M612,1566.21959047332,1520.2362664814812,21,59462.50048129554,57091.9427268422,54721.38497238887,2370.557754453335,0.0,2199.9846780529915,59291.92740489519,5380.731896051308,0.0,3,3.4602234000049066,4.118700199993327,0,differential_evolution_staged_direct_search,True,17,-4570.41018547913,2,True,population_collapse_convergence,36,differential_evolution_staged_direct_search,True,92,-2709.3008468640132,8,False,maxiter_budget,72,differential_evolution_staged_direct_search,True,142,-770.4089306791628,6,True,population_collapse_convergence
2025-02-12,M612,1520.2362664814812,1467.5722182502616,21,59572.38830686608,57206.083937377894,54839.77956788972,2366.304369488179,0.0,0.0,57206.083937377894,5506.551438999375,0.0,3,3.82270529998641,4.2521784999989904,0,differential_evolution_staged_direct_search,True,22,-4104.546965158232,3,True,population_collapse_convergence,36,differential_evolution_staged_direct_search,True,92,-2413.3555546557814,8,False,maxiter_budget,72,differential_evolution_staged_direct_search,True,182,-685.5585457329148,8,False,maxiter_budget
2025-02-13,M612,1467.5722182502616,1757.3918538888913,21,55036.75362597095,53823.33071270274,52480.5670157055,1278.093305132727,64.67039186451477,0.0,53823.33071270274,3204.245216568216,47.749930991146584,3,2.8903040000004694,3.5178821999870706,0,differential_evolution_staged_direct_search,True,47,-4051.9764831463795,8,False,maxiter_budget,36,differential_evolution_staged_direct_search,True,32,-2662.737511542237,2,True,population_collapse_convergence,72,differential_evolution_staged_direct_search,True,102,-663.8521147080648,4,True,population_collapse_convergence
2025-02-14,M612,1757.3918538888913,1692.9242638276687,21,15661.260974760347,15889.730991720953,15559.73065691712,50.765158921615225,279.23517588221796,0.0,15889.730991720953,357.2888826281105,291.97892153806765,3,2.4334100999840302,2.9639814000111073,0,differential_evolution_staged_direct_search,True,17,-2402.915833465481,2,True,population_collapse_convergence,36,differential_evolution_staged_direct_search,True,92,-2299.1270922332424,8,False,maxiter_budget,72,differential_evolution_staged_direct_search,True,122,-571.1562831628852,5,True,population_collapse_convergence
2025-02-15,M612,1692.9242638276687,1252.4573435185184,21,16612.77305503226,16155.12086721652,15697.46867940078,457.6521878157407,0.0,37.67906995485367,16192.799937171372,2028.078845194788,0.0,3,1.634748700002092,1.7780476000043564,0,differential_evolution_staged_direct_search,True,12,-2228.067103097406,1,True,population_collapse_convergence,36,differential_evolution_staged_direct_search,True,42,-2397.393673886898,3,True,population_collapse_convergence,72,differential_evolution_staged_direct_search,True,102,-537.5417712756991,4,True,population_collapse_convergence
2025-02-16,M612,1252.4573435185184,1390.2331705555557,21,60239.18560619433,57338.91330229201,54438.640998389674,2900.272303902329,0.0,998.2256054566594,58337.13890774867,6559.983292703384,0.0,3,2.839999899995746,3.143315099994652,0,differential_evolution_staged_direct_search,True,17,-3599.673947687634,2,True,population_collapse_convergence,36,differential_evolution_staged_direct_search,True,32,-2251.605618187743,2,True,population_collapse_convergence,72,differential_evolution_staged_direct_search,True,162,-510.07221705083265,7,True,population_collapse_convergence
2025-02-17,M612,1390.2331705555557,1512.546541296297,21,59058.09252794149,55134.20600217891,51210.319476416335,3923.8865257625753,0.0,504.1146345750342,55638.32063675394,10014.985886964287,0.0,3,2.7884462000074564,3.354409299994586,0,differential_evolution_staged_direct_search,True,17,-4363.737934520785,2,True,population_collapse_convergence,36,differential_evolution_staged_direct_search,True,52,-2795.574960616857,4,True,population_collapse_convergence,72,differential_evolution_staged_direct_search,True,182,-689.0521279475427,8,False,maxiter_budget
2025-02-18,M612,1512.546541296297,1578.7067825925926,21,51769.43138434061,51841.74410914384,51179.080258688984,295.17556282581546,367.4882876290311,52.27659433941489,51894.02070348325,670.5938216328153,405.4104195121036,3,3.5193722999829333,4.090224499988835,0,differential_evolution_staged_direct_search,True,17,-4320.610021169889,2,True,population_collapse_convergence,36,differential_evolution_staged_direct_search,True,92,-2393.918624833956,8,False,maxiter_budget,72,differential_evolution_staged_direct_search,True,182,-661.8849361252929,8,False,maxiter_budget
2025-02-19,M612,1578.7067825925926,1330.188312222222,21,51927.81657257312,52829.588044757795,51330.205999522295,298.80528652541597,1200.5767587100968,784.2141391191501,53613.80218387694,612.8094877704991,1190.9135076179439,3,3.5141858999995748,4.133646800008137,0,differential_evolution_staged_direct_search,True,17,-4465.583264987789,2,True,population_collapse_convergence,36,differential_evolution_staged_direct_search,True,52,-2605.2443333526426,4,True,population_collapse_convergence,72,differential_evolution_staged_direct_search,True,182,-533.2624824780205,8,False,maxiter_budget
2025-02-20,M612,1330.188312222222,1565.3209385522032,21,54837.24130686533,53507.4214399241,52019.154332816455,1409.0434870244371,79.223620083208,153.01684964999973,53660.4382895741,3731.436904965312,61.047682604201555,3,4.318155200002366,4.616203400000813,0,differential_evolution_staged_direct_search,True,17,-4295.602046835194,2,True,population_collapse_convergence,36,differential_evolution_staged_direct_search,True,92,-2808.964987569003,8,False,maxiter_budget,72,differential_evolution_staged_direct_search,True,182,-529.8094611259722,8,False,maxiter_budget
2025-02-21,M612,1565.3209385522032,1582.6829945201769,21,15133.191482399809,15100.934878221367,15068.678274042926,32.256604178440774,0.0,0.0,15100.934878221367,76.52812942073939,0.0,3,2.3512724000029266,2.539006999999401,0,differential_evolution_staged_direct_search,True,17,-1885.0936775124871,2,True,population_collapse_convergence,36,differential_evolution_staged_direct_search,True,92,-1931.0623053492436,8,False,maxiter_budget,72,differential_evolution_staged_direct_search,True,182,-415.67723728919304,8,False,maxiter_budget
2025-02-22,M612,1582.6829945201769,1822.6761929821655,21,15511.246088169333,15440.922208566824,15318.376646211143,96.43472097909566,26.110841376584457,0.0,15440.922208566824,370.3855806139588,29.169807415943524,3,3.221205900015775,3.5034909999958472,0,differential_evolution_staged_direct_search,True,17,-2208.713643164532,2,True,population_collapse_convergence,36,differential_evolution_staged_direct_search,True,92,-2566.0899958539903,8,False,maxiter_budget,72,differential_evolution_staged_direct_search,True,182,-592.0555267138693,8,False,maxiter_budget
2025-02-23,M612,1822.6761929821655,1545.2318895509386,21,53065.531151307005,52409.45258265575,50446.07424186007,1309.7284547234726,653.6498860722049,14.664457106762404,52424.11703976251,3333.131393318984,485.18472209965705,3,2.832376300008036,3.0880976999906125,0,differential_evolution_staged_direct_search,True,12,-4079.680154810896,1,True,population_collapse_convergence,36,differential_evolution_staged_direct_search,True,92,-2292.731415237436,8,False,maxiter_budget,72,differential_evolution_staged_direct_search,True,182,-599.5594442295611,8,False,maxiter_budget
2025-02-24,M612,1545.2318895509386,1738.0128960842571,21,51197.931836081465,51012.98091358999,49521.67363049794,838.1291027917639,653.1781803002896,229.48319632081524,51242.464109910805,2020.9402117451361,757.7777961188672,3,2.183671700011473,2.6013565999892307,0,differential_evolution_staged_direct_search,True,12,-4316.0616226043485,1,True,population_collapse_convergence,36,differential_evolution_staged_direct_search,True,92,-2694.3456514999693,8,False,maxiter_budget,72,differential_evolution_staged_direct_search,True,142,-698.3754820599881,6,True,population_collapse_convergence
2025-02-25,M612,1738.0128960842571,1500.2115811198935,21,52236.395033680645,49722.01249601639,47207.62995835212,2514.3825376642662,0.0,60.325621949999544,49782.338117966385,6627.019975142963,0.0,3,2.8370801000128267,3.000753699991037,0,differential_evolution_staged_direct_search,True,17,-4448.0512746717595,2,True,population_collapse_convergence,36,differential_evolution_staged_direct_search,True,92,-3024.2359341647953,8,False,maxiter_budget,72,differential_evolution_staged_direct_search,True,182,-718.7822988766488,8,False,maxiter_budget
2025-02-26,M612,1500.2115811198935,2218.863215350837,21,48045.505561540995,50566.404638962835,48045.505561540995,0.0,2520.8990774218382,0.0,50566.404638962835,0.0,2360.111834170174,3,2.516417900013039,2.82086170000548,0,differential_evolution_staged_direct_search,True,17,-4469.649581373701,2,True,population_collapse_convergence,36,differential_evolution_staged_direct_search,True,42,-2870.2914109040644,3,True,population_collapse_convergence,72,differential_evolution_staged_direct_search,True,182,-627.9641549061411,8,False,maxiter_budget
2025-02-27,M612,2218.863215350837,1838.199008148148,21,47560.062565833374,47692.2384576982,46998.09889201388,280.9818369097476,413.15772877457573,75.30793394118642,47767.546391639386,959.4558557401622,366.25658878588087,3,1.7054576999798883,1.9311883000045782,0,differential_evolution_staged_direct_search,True,47,-3954.889938310797,8,False,maxiter_budget,36,differential_evolution_staged_direct_search,True,42,-2442.6458075525343,3,True,population_collapse_convergence,72,differential_evolution_staged_direct_search,True,182,-604.3675562470514,8,False,maxiter_budget
2025-02-28,M612,1838.199008148148,1672.407292241163,21,14629.866309247418,14542.318371590472,14454.770433933527,87.54793765694508,0.0,0.0,14542.318371590472,221.9942508073716,0.0,3,1.6712984000187134,1.7747187999921152,0,differential_evolution_staged_direct_search,True,12,-1801.7807751492462,1,True,population_collapse_convergence,36,differential_evolution_staged_direct_search,True,62,-2450.4765526003966,5,True,population_collapse_convergence,72,differential_evolution_staged_direct_search,True,182,-470.5158980942914,8,False,maxiter_budget
2025-03-01,M612,1672.407292241163,1764.0741251851823,21,16526.490930292777,15807.757240508174,15089.023550723574,718.7336897846026,0.0,0.0,15807.757240508174,4186.3841065820825,0.0,3,1.6102613999973983,1.9038701000099536,0,differential_evolution_staged_direct_search,True,17,-1991.6375096645595,2,True,population_collapse_convergence,36,differential_evolution_staged_direct_search,True,82,-2661.348504351459,7,True,population_collapse_convergence,72,differential_evolution_staged_direct_search,True,122,-474.5740570866619,5,True,population_collapse_convergence
2025-03-02,M612,1764.0741251851823,1642.2767486592322,21,56200.012509638735,56229.67448333387,52953.06340450211,1623.4745525683168,1653.1365262634504,0.0,56229.67448333387,4180.769567277319,1417.3533875306182,3,1.022780099985539,1.1735695999959717,0,differential_evolution_staged_direct_search,True,22,-4640.738771553653,3,True,population_collapse_convergence,36,differential_evolution_staged_direct_search,True,42,-2630.023668366146,3,True,population_collapse_convergence,72,differential_evolution_staged_direct_search,True,182,-735.9314732104527,8,False,maxiter_budget
2025-03-03,M612,1642.2767486592322,1710.0169520370393,21,57870.301933398965,56011.47946350572,52454.576716361844,2707.8626085185606,849.0401386253166,0.0,56011.47946350572,7105.842029022817,603.5549176198824,3,2.1517254000063986,2.317766699998174,0,differential_evolution_staged_direct_search,True,22,-4378.4567308544,3,True,population_collapse_convergence,36,differential_evolution_staged_direct_search,True,92,-2712.2854664579518,8,False,maxiter_budget,72,differential_evolution_staged_direct_search,True,182,-695.011873341632,8,False,maxiter_budget
2025-03-04,M612,1710.0169520370393,1738.884726296293,21,50459.10863747755,50971.83264117096,48851.32232202176,803.8931577278892,1316.6171614213015,0.0,50971.83264117096,2403.080964429495,1073.036258302941,3,2.067322500020964,2.470715999996173,0,differential_evolution_staged_direct_search,True,17,-4616.038104575738,2,True,population_collapse_convergence,36,differential_evolution_staged_direct_search,True,92,-2733.999676586843,8,False,maxiter_budget,72,differential_evolution_staged_direct_search,True,102,-745.3970128465537,4,True,population_collapse_convergence
2025-03-05,M612,1738.884726296293,1669.0281085051847,21,52130.13259688615,49350.30277089305,46570.472944899964,2779.8298259930943,0.0,0.0,49350.30277089305,7602.858547373724,0.0,3,1.2295895999995992,1.4243631999997888,0,differential_evolution_staged_direct_search,True,17,-4053.282224397414,2,True,population_collapse_convergence,36,differential_evolution_staged_direct_search,True,52,-2537.9572222021625,4,True,population_collapse_convergence,72,differential_evolution_staged_direct_search,True,122,-655.3021474302147,5,True,population_collapse_convergence
2025-03-06,M612,1669.0281085051847,1722.3161312963016,21,48905.80188519953,48351.49379726544,46975.428887904374,965.1864986475805,410.8784107134833,0.0,48351.49379726544,2892.9959429543946,347.7029987247645,3,2.972509800005355,3.4126394000049913,0,differential_evolution_staged_direct_search,True,12,-4456.450616166961,1,True,population_collapse_convergence,36,differential_evolution_staged_direct_search,True,42,-2758.8445630073697,3,True,population_collapse_convergence,72,differential_evolution_staged_direct_search,True,122,-719.3278756485381,5,True,population_collapse_convergence
2025-03-07,M612,1722.3161312963016,1839.365757070763,21,14997.652824132627,14606.306761498076,14214.960698863528,391.3460626345504,0.0,0.0,14606.306761498076,1311.646401306893,0.0,3,2.0624700999906054,2.2385485999984667,0,differential_evolution_staged_direct_search,True,17,-1758.1280877811998,2,True,population_collapse_convergence,36,differential_evolution_staged_direct_search,True,32,-2785.0913075689564,2,True,population_collapse_convergence,72,differential_evolution_staged_direct_search,True,182,-468.89230611232995,8,False,maxiter_budget
2025-03-08,M612,1839.365757070763,1942.3354579489555,21,13580.930065548331,13548.084473369458,13515.238881190584,32.84559217887257,0.0,0.0,13548.084473369458,78.21623415937299,0.0,3,1.2438274000014644,1.459088099989458,0,differential_evolution_staged_direct_search,True,17,-1506.6546465758713,2,True,population_collapse_convergence,36,differential_evolution_staged_direct_search,True,32,-2736.4450352268796,2,True,population_collapse_convergence,72,differential_evolution_staged_direct_search,True,182,-477.89313886356183,8,False,maxiter_budget
2025-03-09,M612,1942.3354579489555,1858.84340503971,21,48854.45630379166,46465.02635499231,44075.596406192955,2389.429948799354,0.0,0.0,46465.02635499231,7140.835357827218,0.0,3,0.804124900008901,1.0726712000032421,0,differential_evolution_staged_direct_search,True,17,-3709.371651998825,2,True,population_collapse_convergence,36,differential_evolution_staged_direct_search,True,92,-2453.7482402502737,8,False,maxiter_budget,72,differential_evolution_staged_direct_search,True,142,-602.9163833281489,6,True,population_collapse_convergence
2025-03-10,M612,1858.84340503971,1811.6489979629655,21,47920.08070874053,48428.921104621506,47798.065257203634,61.007725768446996,569.8481216494253,448.83925539417794,48877.76036001569,187.0214607509614,438.3288496428702,3,1.071363199982443,1.200266300002113,0,differential_evolution_staged_direct_search,True,17,-3915.048998001176,2,True,population_collapse_convergence,36,differential_evolution_staged_direct_search,True,92,-2137.4417059721322,8,False,maxiter_budget,72,differential_evolution_staged_direct_search,True,182,-655.146284774,8,False,maxiter_budget
2025-03-11,M612,1811.6489979629655,2139.8811408592187,21,41843.06740126401,46688.088755899385,41843.06740126401,0.0,4845.02135463538,0.0,46688.088755899385,0.0,5598.665699401323,3,1.8184419000172056,2.139372000005096,0,differential_evolution_staged_direct_search,True,12,-4055.386232304526,1,True,population_collapse_convergence,36,differential_evolution_staged_direct_search,True,92,-2734.6014293072535,8,False,maxiter_budget,72,differential_evolution_staged_direct_search,True,182,-690.6945326169176,8,False,maxiter_budget
2025-03-12,M612,2139.8811408592187,1627.11338124488,21,47623.22977487859,45289.16508978461,42955.10040469062,2334.0646850939875,0.0,0.0,45289.16508978461,6751.543397376626,0.0,3,1.1129995000083,1.2617685000004712,0,differential_evolution_staged_direct_search,True,22,-4367.078972824789,3,True,population_collapse_convergence,36,differential_evolution_staged_direct_search,True,52,-2796.440744005693,4,True,population_collapse_convergence,72,differential_evolution_staged_direct_search,True,182,-727.903550451726,8,False,maxiter_budget
2025-03-13,M612,1627.11338124488,1611.5120146296306,21,48315.16567413282,48795.85331587455,47381.748284132984,466.7086949999156,947.3963367416454,189.3965942333376,48985.24991010789,1098.9764629358383,762.161239608305,3,2.0443392999877688,2.28368199999386,0,differential_evolution_staged_direct_search,True,17,-4151.019530829305,2,True,population_collapse_convergence,36,differential_evolution_staged_direct_search,True,52,-2920.870304723444,4,True,population_collapse_convergence,72,differential_evolution_staged_direct_search,True,182,-707.2273984154023,8,False,maxiter_budget
2025-03-14,M612,1611.5120146296306,1979.4242368067605,21,12687.599410125184,12871.63413079978,12687.599410125185,0.0,184.0347206745957,0.0,12871.63413079978,0.0,192.5920990125211,3,1.3867839999875287,1.5970967000030214,0,differential_evolution_staged_direct_search,True,12,-925.6913797101237,1,True,population_collapse_convergence,36,differential_evolution_staged_direct_search,True,52,-1854.0,4,True,population_collapse_convergence,72,differential_evolution_staged_direct_search,True,182,-318.91358315677434,8,False,maxiter_budget
2025-03-15,M612,1979.4242368067605,1343.98074451093,21,12926.009619429837,13164.09234012945,12926.009615581537,1.924149438082168e-06,238.08272262376255,0.0,13164.09234012945,1.3917898286308628e-05,258.9738706748303,3,0.848057199982577,1.0120778999989852,0,differential_evolution_staged_direct_search,True,12,-1267.3666961620534,1,True,population_collapse_convergence,36,differential_evolution_staged_direct_search,True,32,-1939.559386617213,2,True,population_collapse_convergence,72,differential_evolution_staged_direct_search,True,102,-433.7452561298766,4,True,population_collapse_convergence
2025-03-16,M612,1343.98074451093,1973.2122043392549,21,46255.219771561926,45971.386082692654,44453.08127691093,901.0692473255017,617.2355584562293,0.0,45971.386082692654,2249.011769432339,873.7494951665892,3,0.681802000006428,0.8268171999952756,0,differential_evolution_staged_direct_search,True,22,-4365.783409585218,3,True,population_collapse_convergence,36,differential_evolution_staged_direct_search,True,42,-2808.8359469300276,3,True,population_collapse_convergence,72,differential_evolution_staged_direct_search,True,102,-726.746297398062,4,True,population_collapse_convergence
2025-03-17,M612,1973.2122043392549,2144.9057003703697,21,41034.6692491024,40589.013189715675,39035.48433859782,999.5924552522958,553.9363958655633,0.0,40589.013189715675,4244.530388283068,486.57539813434914,3,2.010205799990217,2.1449678000062704,0,differential_evolution_staged_direct_search,True,27,-4426.530516617676,4,True,population_collapse_convergence,36,differential_evolution_staged_direct_search,True,92,-3124.672386377629,8,False,maxiter_budget,72,differential_evolution_staged_direct_search,True,182,-732.1326038264565,8,False,maxiter_budget
2025-03-18,M612,2144.9057003703697,1717.8089722222232,21,48136.51371933439,45193.25523319503,42249.99674705567,2943.258486139358,0.0,0.0,45193.25523319503,8279.858592303648,0.0,3,0.7307032999815419,0.8865090999897802,0,differential_evolution_staged_direct_search,True,17,-4583.63577201646,2,True,population_collapse_convergence,36,differential_evolution_staged_direct_search,True,92,-3125.0970195833966,8,False,maxiter_budget,72,differential_evolution_staged_direct_search,True,102,-758.0913280141157,4,True,population_collapse_convergence
2025-03-19,M612,1717.8089722222232,2297.089927592589,21,39309.74332354855,42550.05310478732,39309.74332354855,0.0,3240.3097812387637,0.0,42550.05310478732,0.0,3850.328369896014,3,1.1758919000130845,1.5705077000020538,0,differential_evolution_staged_direct_search,True,17,-4194.307706899862,2,True,population_collapse_convergence,36,differential_evolution_staged_direct_search,True,52,-2865.5317305274702,4,True,population_collapse_convergence,72,differential_evolution_staged_direct_search,True,122,-732.7364248703236,5,True,population_collapse_convergence
2025-03-20,M612,2297.089927592589,2019.3679585185203,21,45775.44275163986,44187.053361331964,42598.66397102408,1588.3893903078906,0.0,0.0,44187.053361331964,4373.096758283678,0.0,3,1.926466699995217,2.06207970000105,0,differential_evolution_staged_direct_search,True,12,-4320.465335082893,1,True,population_collapse_convergence,36,differential_evolution_staged_direct_search,True,92,-2757.4332066722436,8,False,maxiter_budget,72,differential_evolution_staged_direct_search,True,182,-682.1949688295585,8,False,maxiter_budget
2025-03-21,M612,2019.3679585185203,1526.0541090814356,21,12519.175305681205,12426.169883573733,12333.164461466264,93.00542210747021,0.0,0.0,12426.169883573733,270.4279363450558,0.0,3,1.7912808999972185,2.015952300003846,0,differential_evolution_staged_direct_search,True,17,-827.8051550750258,2,True,population_collapse_convergence,36,differential_evolution_staged_direct_search,True,42,-1922.4000000000003,3,True,population_collapse_convergence,72,differential_evolution_staged_direct_search,True,182,-310.0678024506453,8,False,maxiter_budget
2025-03-22,M612,1526.0541090814356,2310.2028777554315,21,13445.558778001505,13324.848093412644,13204.137408823784,120.71068458885998,0.0,0.0,13324.848093412644,323.1056144292843,0.0,3,1.5007327999919653,1.6295169000077294,0,differential_evolution_staged_direct_search,True,17,-1534.5409695500598,2,True,population_collapse_convergence,36,differential_evolution_staged_direct_search,True,32,-3229.604472064122,2,True,population_collapse_convergence,72,differential_evolution_staged_direct_search,True,182,-533.0334838952609,8,False,maxiter_budget
2025-03-23,M612,2310.2028777554315,1681.8002693718813,21,45380.73739512917,42915.62001026326,40450.50262539735,2465.117384865909,0.0,0.0,42915.62001026326,7554.681398918319,0.0,3,1.3914081000111764,1.7341474999993807,0,differential_evolution_staged_direct_search,True,22,-4309.9851566725465,3,True,population_collapse_convergence,36,differential_evolution_staged_direct_search,True,72,-2920.7810702685347,6,True,population_collapse_convergence,72,differential_evolution_staged_direct_search,True,182,-676.9758674066339,8,False,maxiter_budget
2025-03-24,M612,1681.8002693718813,1835.685812983974,21,42655.54508401976,41792.697462485565,39924.35000054397,1365.597541737894,502.74992020369655,0.0,41792.697462485565,4624.050618798307,413.1320859559355,3,0.6752242999791633,0.8575515999982599,0,differential_evolution_staged_direct_search,True,17,-4402.350549676661,2,True,population_collapse_convergence,36,differential_evolution_staged_direct_search,True,32,-3025.7845998397347,2,True,population_collapse_convergence,72,differential_evolution_staged_direct_search,True,102,-749.7892790654894,4,True,population_collapse_convergence
2025-03-25,M612,1835.685812983974,1507.0725476764524,21,47758.0576564191,44350.967255024836,40943.87685363057,3407.0904013942645,0.0,0.0,44350.967255024836,9726.046325553929,0.0,3,3.4772074000065913,3.9869209000025876,0,differential_evolution_staged_direct_search,True,22,-4446.733920340975,3,True,population_collapse_convergence,36,differential_evolution_staged_direct_search,True,22,-2632.9216827610867,1,True,population_collapse_convergence,72,differential_evolution_staged_direct_search,True,182,-715.1504370797506,8,False,maxiter_budget
2025-03-26,M612,1507.0725476764524,1651.9326362697768,21,40360.26790665329,39746.50664967742,37706.16179106396,1327.0530577946633,713.2918008187987,0.0,39746.50664967742,4618.530939349552,1149.4230550852285,3,2.4061209999927087,2.607722000000649,0,differential_evolution_staged_direct_search,True,12,-4079.671449441504,1,True,population_collapse_convergence,36,differential_evolution_staged_direct_search,True,32,-2452.358577058985,2,True,population_collapse_convergence,72,differential_evolution_staged_direct_search,True,182,-664.836502167017,8,False,maxiter_budget
2025-03-27,M612,1651.9326362697768,1707.9732022914336,21,43143.843317110535,41463.31013093298,39782.77694475543,1680.5331861775517,0.0,0.0,41463.31013093298,5207.126200903115,0.0,3,1.4687898999836762,1.6259166000090772,0,differential_evolution_staged_direct_search,True,22,-4179.234145796591,3,True,population_collapse_convergence,36,differential_evolution_staged_direct_search,True,32,-3246.022477538282,2,True,population_collapse_convergence,72,differential_evolution_staged_direct_search,True,182,-660.4599924963688,8,False,maxiter_budget
2025-03-28,M612,1707.9732022914336,1924.3267723943015,21,12890.35982538058,12840.284185319473,12790.20854525837,50.075640061104984,0.0,0.0,12840.284185319473,127.4116984305295,0.0,3,1.4301069999928586,1.6563749000051757,0,differential_evolution_staged_direct_search,True,12,-820.4049535526204,1,True,population_collapse_convergence,36,differential_evolution_staged_direct_search,True,42,-1622.4,3,True,population_collapse_convergence,72,differential_evolution_staged_direct_search,True,182,-262.0697085071028,8,False,maxiter_budget
2025-03-29,M612,1924.3267723943015,1681.1957487301163,21,11968.388350735924,12251.540502950695,11968.388294513712,2.8111106597248182e-05,283.1521803258755,0.0,12251.540502950695,0.00020202016958137392,307.92014874918993,3,2.1652165000123205,2.430775500004529,0,differential_evolution_staged_direct_search,True,17,-801.4477732722584,2,True,population_collapse_convergence,36,differential_evolution_staged_direct_search,True,42,-1855.1999999999996,3,True,population_collapse_convergence,72,differential_evolution_staged_direct_search,True,182,-319.77020218721685,8,False,maxiter_budget
2025-03-30,M612,1681.1957487301163,1896.3458732344259,21,41630.093861488305,39179.90464643146,36729.71543137462,2450.1892150568433,0.0,0.0,39179.90464643146,9074.804434375252,0.0,3,1.5073900999996113,1.6456268000038108,0,differential_evolution_staged_direct_search,True,47,-4083.27010111699,8,False,maxiter_budget,36,differential_evolution_staged_direct_search,True,92,-2725.6310343759155,8,False,maxiter_budget,72,differential_evolution_staged_direct_search,True,122,-666.7977789834023,5,True,population_collapse_convergence
2025-03-31,M612,1896.3458732344259,1946.7226865452794,21,36988.316715970104,38704.47159404551,36988.316715970104,0.0,1716.1548780754097,0.0,38704.47159404551,0.0,2419.968299298355,3,1.726200199991581,1.9479275000048801,0,differential_evolution_staged_direct_search,True,12,-3884.70404093912,1,True,population_collapse_convergence,36,differential_evolution_staged_direct_search,True,32,-2946.4122613633217,2,True,population_collapse_convergence,72,differential_evolution_staged_direct_search,True,182,-681.379849246531,8,False,maxiter_budget
2025-04-01,M612,1946.7226865452794,1982.249547908974,21,46634.750192202395,44094.908522120706,41408.82052922879,2612.964831486803,73.12316140512024,0.0,44094.908522120706,8257.377710932453,67.782957534395,3,1.7721414999978151,2.2220135999959894,0,differential_evolution_staged_direct_search,True,27,-4445.53436978248,4,True,population_collapse_convergence,36,differential_evolution_staged_direct_search,True,92,-2914.5958269144235,8,False,maxiter_budget,72,differential_evolution_staged_direct_search,True,102,-746.8593283451628,4,True,population_collapse_convergence
2025-04-02,M612,1982.249547908974,1739.1970995860293,21,42749.95576478077,42068.441691853135,41269.27256716082,740.3415988099737,58.827525882340396,0.0,42068.441691853135,2866.9143996240728,65.08646399967847,3,2.9271230999875115,3.416800899998634,0,differential_evolution_staged_direct_search,True,17,-4383.157740740741,2,True,population_collapse_convergence,36,differential_evolution_staged_direct_search,True,92,-3140.3500837814595,8,False,maxiter_budget,72,differential_evolution_staged_direct_search,True,182,-740.6595402646536,8,False,maxiter_budget
2025-04-03,M612,1739.1970995860293,1732.2264573400491,21,44143.42884221506,41713.136973852284,39282.845105489505,2430.291868362773,0.0,0.0,41713.136973852284,7817.455109105202,0.0,3,4.226208599997335,4.4359241999918595,0,differential_evolution_staged_direct_search,True,47,-4084.4696516754852,8,False,maxiter_budget,36,differential_evolution_staged_direct_search,True,62,-2741.284732274419,5,True,population_collapse_convergence,72,differential_evolution_staged_direct_search,True,162,-666.1650995042692,7,True,population_collapse_convergence
2025-04-04,M612,1732.2264573400491,1766.384630826286,21,11573.169500599999,11542.230328012305,11511.29115542461,30.93917258769487,0.0,0.0,11542.230328012305,83.23862953650399,0.0,3,4.621581200000946,4.958799600004568,0,differential_evolution_staged_direct_search,True,17,-607.7561172138044,2,True,population_collapse_convergence,36,differential_evolution_staged_direct_search,True,92,-1522.8,8,False,maxiter_budget,72,differential_evolution_staged_direct_search,True,182,-256.30855566149273,8,False,maxiter_budget
2025-04-05,M612,1766.384630826286,1635.0044755757153,21,11555.77108131488,11542.269857240426,11528.768633165972,13.501224074455148,0.0,0.0,11542.269857240426,35.09778133907014,0.0,3,3.086026699995273,3.4577559000026667,0,differential_evolution_staged_direct_search,True,22,-398.2404856965541,3,True,population_collapse_convergence,36,differential_evolution_staged_direct_search,True,92,-1095.5999999999997,8,False,maxiter_budget,72,differential_evolution_staged_direct_search,True,182,-192.97078303596768,8,False,maxiter_budget
2025-04-06,M612,1635.0044755757153,1767.0382913745989,21,40668.65903924457,39811.035446812224,37450.37879613819,1609.1401215531946,751.5165291208426,0.0,39811.035446812224,6401.254463604968,571.3861259395908,3,1.3311077999969712,1.5569773000024725,0,differential_evolution_staged_direct_search,True,17,-4164.247923337154,2,True,population_collapse_convergence,36,differential_evolution_staged_direct_search,True,92,-2639.884987072526,8,False,maxiter_budget,72,differential_evolution_staged_direct_search,True,182,-561.7108591701835,8,False,maxiter_budget
2025-04-07,M612,1767.0382913745989,1626.7416869271617,21,35070.722076576145,36879.86033701867,34412.34864254735,329.1867170143929,2138.324977456916,0.0,36879.86033701867,1424.841422170253,2458.9091992455587,3,2.67201819998445,2.90259879999212,0,differential_evolution_staged_direct_search,True,47,-3839.2330734583734,8,False,maxiter_budget,36,differential_evolution_staged_direct_search,True,92,-3597.017491715693,8,False,maxiter_budget,72,differential_evolution_staged_direct_search,True,182,-546.3089681876753,8,False,maxiter_budget
2025-04-08,M612,1626.7416869271617,1511.9736253779997,21,41508.67880737236,39519.66385440566,37530.648901438966,1989.0149529666955,0.0,0.0,39519.66385440566,7329.355421380071,0.0,3,2.340171600008034,2.531560899995384,0,differential_evolution_staged_direct_search,True,17,-4296.366918412385,2,True,population_collapse_convergence,36,differential_evolution_staged_direct_search,True,42,-2662.9772061324734,3,True,population_collapse_convergence,72,differential_evolution_staged_direct_search,True,182,-653.6109406378307,8,False,maxiter_budget
2025-04-09,M612,1511.9736253779997,1634.8899017643453,21,40789.00733395663,41221.3715779532,39303.48482606253,742.7612539470538,1175.125497943621,0.0,41221.3715779532,1980.208016067431,1313.8291623239845,3,1.4709932999830926,1.6360846000025049,0,differential_evolution_staged_direct_search,True,17,-4431.0128538885965,2,True,population_collapse_convergence,36,differential_evolution_staged_direct_search,True,42,-2886.5324115235044,3,True,population_collapse_convergence,72,differential_evolution_staged_direct_search,True,182,-625.0775441848355,8,False,maxiter_budget
2025-04-10,M612,1634.8899017643453,1861.9407060229587,21,39731.37058133795,39455.205682742206,37284.51981488631,1223.4253832258128,947.2604846300778,0.0,39455.205682742206,3779.580048643668,1506.4694417744797,3,2.747013899992453,2.909655200011912,0,differential_evolution_staged_direct_search,True,17,-4265.736544697085,2,True,population_collapse_convergence,36,differential_evolution_staged_direct_search,True,42,-2903.098563950146,3,True,population_collapse_convergence,72,differential_evolution_staged_direct_search,True,182,-698.164866340262,8,False,maxiter_budget
2025-04-11,M612,1861.9407060229587,1416.3401841315028,21,10884.378675126089,10843.017220191117,10801.655765256146,41.36145493497181,0.0,0.0,10843.017220191117,105.47270988626957,0.0,3,1.8096518999955151,1.9278376000002027,0,differential_evolution_staged_direct_search,True,17,-353.06367890657356,2,True,population_collapse_convergence,36,differential_evolution_staged_direct_search,True,32,-1086.0,2,True,population_collapse_convergence,72,differential_evolution_staged_direct_search,True,182,-180.64700069645036,8,False,maxiter_budget
2025-04-12,M612,1416.3401841315028,2023.6806547184165,21,11588.436801392627,11392.307659889966,11196.178518387305,196.12914150266135,0.0,0.0,11392.307659889966,664.3652580473957,0.0,3,1.6742419000074733,1.8260601999936625,0,differential_evolution_staged_direct_search,True,22,-589.700865738066,3,True,population_collapse_convergence,36,differential_evolution_staged_direct_search,True,72,-1778.4,6,True,population_collapse_convergence,72,differential_evolution_staged_direct_search,True,182,-298.89825297019775,8,False,maxiter_budget
2025-04-13,M612,2023.6806547184165,1883.0087980575402,21,37166.84477672714,36930.371630784415,36693.898484841695,236.47314594272683,0.0,0.0,36930.371630784415,1084.1608652123439,0.0,3,1.8571335000160616,2.1356306000088807,0,differential_evolution_staged_direct_search,True,22,-4285.0995058651215,3,True,population_collapse_convergence,36,differential_evolution_staged_direct_search,True,32,-2830.7641564761975,2,True,population_collapse_convergence,72,differential_evolution_staged_direct_search,True,182,-686.0399795630465,8,False,maxiter_budget
2025-04-14,M612,1883.0087980575402,1737.077578148317,21,39084.437186361196,36630.09834553222,34175.759504703245,2454.338840828977,0.0,571.9481879583416,37202.04653349056,8293.247482955021,0.0,3,1.4451000000117347,1.5689136000000872,0,differential_evolution_staged_direct_search,True,17,-4404.128845650596,2,True,population_collapse_convergence,36,differential_evolution_staged_direct_search,True,32,-2960.221723332813,2,True,population_collapse_convergence,72,differential_evolution_staged_direct_search,True,182,-725.0401710962109,8,False,maxiter_budget
2025-04-15,M612,1737.077578148317,1994.5082461666163,21,34056.05034422791,34901.787216137585,33354.360734276604,350.84480497564834,1196.5816768853279,0.0,34901.787216137585,1805.0795202280374,1385.6629075472306,3,1.241088700000546,1.3762723999971058,0,differential_evolution_staged_direct_search,True,17,-3394.584566429299,2,True,population_collapse_convergence,36,differential_evolution_staged_direct_search,True,52,-3024.8785204573874,4,True,population_collapse_convergence,72,differential_evolution_staged_direct_search,True,182,-464.819979884473,8,False,maxiter_budget
2025-04-16,M612,1994.5082461666163,1895.385424969756,21,38297.03052497508,38350.46623651936,37105.11066751227,595.959928731405,649.3956402756803,0.0,38350.46623651936,2426.9221251503104,500.20690718218333,3,0.9785799999954179,1.1233111000037752,0,differential_evolution_staged_direct_search,True,17,-4505.595207597883,2,True,population_collapse_convergence,36,differential_evolution_staged_direct_search,True,42,-3350.0757366170606,3,True,population_collapse_convergence,72,differential_evolution_staged_direct_search,True,182,-558.9783953107805,8,False,maxiter_budget
2025-04-17,M612,1895.385424969756,1907.9953872957014,21,35286.210121751996,37294.47449095255,34354.717457878345,465.7463319368254,2474.0107011373816,0.0,37294.47449095255,1614.8788001260002,3360.3984629693464,3,1.644388100001379,1.9409507999953348,0,differential_evolution_staged_direct_search,True,17,-3133.2656360364135,2,True,population_collapse_convergence,36,differential_evolution_staged_direct_search,True,92,-2670.141363049462,8,False,maxiter_budget,72,differential_evolution_staged_direct_search,True,142,-660.8938637810443,6,True,population_collapse_convergence
2025-04-18,M612,1907.9953872957014,2169.713282187344,21,11174.659999727133,11122.731766062563,11070.803532397997,51.92823366456642,0.0,0.0,11122.731766062563,137.85750201330848,0.0,3,2.068334700015839,2.3728501000005053,0,differential_evolution_staged_direct_search,True,47,-430.1825334511875,8,False,maxiter_budget,36,differential_evolution_staged_direct_search,True,92,-1310.4000000000003,8,False,maxiter_budget,72,differential_evolution_staged_direct_search,True,182,-213.78377016150336,8,False,maxiter_budget
2025-04-19,M612,2169.713282187344,1951.4660082308337,21,10764.194433934064,11118.897698793122,10764.194428430137,2.7519634794202828e-06,354.70326761102115,0.0,11118.897698793122,1.4255185078582144e-05,433.7416376882991,3,1.0117476000013994,1.178826699993806,0,differential_evolution_staged_direct_search,True,12,-828.6351590721036,1,True,population_collapse_convergence,36,differential_evolution_staged_direct_search,True,42,-2567.9999999999995,3,True,population_collapse_convergence,72,differential_evolution_staged_direct_search,True,182,-412.0124589320964,8,False,maxiter_budget
2025-04-20,M612,1951.4660082308337,2077.858590460905,21,35618.21513665725,35642.683605816295,35181.69196951015,218.2615835735461,242.73005273259304,0.0,35642.683605816295,962.7721030572369,214.44253418673648,3,1.8694862999836914,2.1200586999912048,0,differential_evolution_staged_direct_search,True,17,-3887.7513492880657,2,True,population_collapse_convergence,36,differential_evolution_staged_direct_search,True,42,-2789.121772327061,3,True,population_collapse_convergence,72,differential_evolution_staged_direct_search,True,182,-594.06810426293,8,False,maxiter_budget
2025-04-21,M612,2077.858590460905,1668.1269697156079,21,37720.46769183447,35833.777800898635,33947.08790996281,1886.6898909358338,0.0,0.0,35833.777800898635,7344.903697174404,0.0,3,1.226524599987897,1.4828252000006614,0,differential_evolution_staged_direct_search,True,22,-4050.459882262437,3,True,population_collapse_convergence,36,differential_evolution_staged_direct_search,True,92,-3783.8063004170144,8,False,maxiter_budget,72,differential_evolution_staged_direct_search,True,102,-690.9459679444569,4,True,population_collapse_convergence
2025-04-22,M612,1668.1269697156079,1755.7373590481286,21,33766.98686646079,35189.51875751613,33766.98686376847,1.346162022741737e-06,1422.5318924015016,0.0,35189.51875751613,6.6890038397104945e-06,1748.3797659522013,3,1.4692317000008188,1.590620000002673,0,differential_evolution_staged_direct_search,True,22,-3637.7450535515927,3,True,population_collapse_convergence,36,differential_evolution_staged_direct_search,True,52,-2884.357105764488,4,True,population_collapse_convergence,72,differential_evolution_staged_direct_search,True,182,-555.4933808280153,8,False,maxiter_budget
2025-04-23,M612,1755.7373590481286,2093.2326757153237,21,33352.392361269434,35340.81559027478,33352.39236126943,0.0,1988.4232290053515,0.0,35340.81559027478,0.0,2701.4439740148155,3,1.5291756999649806,1.780716699999175,0,differential_evolution_staged_direct_search,True,12,-3829.026214590166,1,True,population_collapse_convergence,36,differential_evolution_staged_direct_search,True,32,-3039.232797438733,2,True,population_collapse_convergence,72,differential_evolution_staged_direct_search,True,182,-560.4856783221976,8,False,maxiter_budget
2025-04-24,M612,2093.2326757153237,1834.0629438172007,21,33923.27327460401,34148.85328831576,33158.50309411275,382.3850902456352,607.9651039573779,0.0,34148.85328831576,1846.6093970684851,509.1228346597454,3,1.8894746000150917,2.218620600004215,0,differential_evolution_staged_direct_search,True,17,-3710.780771443459,2,True,population_collapse_convergence,36,differential_evolution_staged_direct_search,True,52,-3219.851367961925,4,True,population_collapse_convergence,72,differential_evolution_staged_direct_search,True,182,-602.3785318431741,8,False,maxiter_budget
2025-04-25,M612,1834.0629438172007,1463.9354490740739,21,10594.704456622107,10358.69025816887,10122.676059715632,236.01419845323713,0.0,0.0,10358.69025816887,754.2946239482501,0.0,3,2.266364799987059,2.674796499995864,0,differential_evolution_staged_direct_search,True,17,-610.9978610708158,2,True,population_collapse_convergence,36,differential_evolution_staged_direct_search,True,62,-2337.5999999999995,5,True,population_collapse_convergence,72,differential_evolution_staged_direct_search,True,182,-389.40883043533046,8,False,maxiter_budget
2025-04-26,M612,1463.9354490740739,1634.6532348387063,21,10695.944172026597,10648.159662946247,10600.375153865894,47.784509080351725,0.0,0.0,10648.159662946247,118.07582948462868,0.0,3,0.8345083000021987,0.9573165000037989,0,differential_evolution_staged_direct_search,True,17,-366.6161005089877,2,True,population_collapse_convergence,36,differential_evolution_staged_direct_search,True,92,-1335.5999999999997,8,False,maxiter_budget,72,differential_evolution_staged_direct_search,True,122,-233.05646718453877,5,True,population_collapse_convergence
2025-04-27,M612,1634.6532348387063,1529.322509444445,21,32988.46752883566,34233.638378662574,32202.230128199757,393.1187003179515,1638.2895501448593,643.1831633451742,34876.82154200775,1900.7470814780197,2260.019209281158,3,1.4529116000048816,1.5961745999957202,0,differential_evolution_staged_direct_search,True,12,-3729.1749218496975,1,True,population_collapse_convergence,36,differential_evolution_staged_direct_search,True,42,-2757.5362756911377,3,True,population_collapse_convergence,72,differential_evolution_staged_direct_search,True,182,-660.2183689477162,8,False,maxiter_budget
2025-04-28,M612,1529.322509444445,2060.1444576845274,21,41620.10608121204,40554.97823052063,38663.38711276652,1478.3594842227615,413.23163353135647,0.0,40554.97823052063,4965.529630286257,446.80806860548523,3,1.4372281999967527,1.5964052000053925,0,differential_evolution_staged_direct_search,True,47,-3425.2877048255073,8,False,maxiter_budget,36,differential_evolution_staged_direct_search,True,92,-2115.629050389189,8,False,maxiter_budget,72,differential_evolution_staged_direct_search,True,182,-528.7951120782359,8,False,maxiter_budget
2025-04-29,M612,2060.1444576845274,2110.219444545024,21,34196.15311223756,34549.88742252355,33583.81338012113,306.16986605821296,659.9041763442094,0.0,34549.88742252355,1523.8439180715004,539.8235857513998,3,1.9896346000023186,2.1096446000010474,0,differential_evolution_staged_direct_search,True,17,-3945.71802627098,2,True,population_collapse_convergence,36,differential_evolution_staged_direct_search,True,32,-3610.2248003436607,2,True,population_collapse_convergence,72,differential_evolution_staged_direct_search,True,182,-590.1981615698436,8,False,maxiter_budget
2025-04-30,M612,2110.219444545024,1579.841351645016,21,32621.078309545705,32153.485006593255,31685.891686270847,467.5933116374278,8.684982252310317e-06,0.0,32153.485006593255,1221.335247954717,9.334174058047522e-06,3,2.0930357000033837,2.327904599995236,0,differential_evolution_staged_direct_search,True,17,-3035.4642732474467,2,True,population_collapse_convergence,36,differential_evolution_staged_direct_search,True,92,-2972.5323285764775,8,False,maxiter_budget,72,differential_evolution_staged_direct_search,True,122,-661.98997392234,5,True,population_collapse_convergence
2025-05-01,M612,1579.841351645016,1210.8405,21,35697.0306179427,35451.64062598585,34554.55299223465,571.2388128540258,325.8488208971808,10627.745475981663,46079.38610196751,2367.9051323831795,310.1107027334578,3,1.678582100008498,1.9054446999944048,0,differential_evolution_staged_direct_search,True,17,-3304.009975012045,2,True,population_collapse_convergence,36,differential_evolution_staged_direct_search,True,92,-2286.9641373147583,8,False,maxiter_budget,72,differential_evolution_staged_direct_search,True,182,-660.8878213171187,8,False,maxiter_budget
2025-05-02,M612,1210.8405,1200.0,21,12250.867742885086,12088.818898400918,11926.770053916745,162.04884448416954,0.0,5585.040429973535,17673.859328374452,424.8072146946814,0.0,3,1.0473889000131749,1.1745459999947343,0,differential_evolution_staged_direct_search,True,17,-453.98695328898185,2,True,population_collapse_convergence,36,differential_evolution_staged_direct_search,True,92,-1336.5317520958208,8,False,maxiter_budget,72,differential_evolution_staged_direct_search,True,102,154.4302268696283,4,True,population_collapse_convergence
2025-05-03,M612,1200.0,1200.0,21,11500.553263454252,11393.881946826814,11287.210630199379,106.67131662743601,0.0,6394.879829651834,17788.76177647865,247.81657041108707,0.0,3,2.180492300001788,2.5685629000072367,0,differential_evolution_staged_direct_search,True,22,-24.014549779573265,3,True,population_collapse_convergence,36,differential_evolution_staged_direct_search,True,92,-91.2,8,False,maxiter_budget,72,differential_evolution_staged_direct_search,True,182,663.107675388728,8,False,maxiter_budget
2025-05-04,M612,1200.0,1257.9569999999999,21,37932.306402391965,35812.18217258621,33692.05794278045,2120.12422980576,0.0,10088.465361778644,45900.647534364856,7742.405590644923,0.0,3,2.001393199985614,2.165608900002553,0,differential_evolution_staged_direct_search,True,17,-2796.0215611662406,2,True,population_collapse_convergence,36,differential_evolution_staged_direct_search,True,92,-3102.9324391202076,8,False,maxiter_budget,72,differential_evolution_staged_direct_search,True,182,387.6993026815092,8,False,maxiter_budget
2025-05-05,M612,1257.9569999999999,1230.6944999999998,21,39407.45082033023,37869.02063350272,36330.5904466752,1538.4301868275163,0.0,7788.521802200579,45657.5424357033,4586.967007607975,0.0,3,1.786206900011166,1.9787257999996655,0,differential_evolution_staged_direct_search,True,17,-4307.857605558298,2,True,population_collapse_convergence,36,differential_evolution_staged_direct_search,True,42,-3117.622187393791,3,True,population_collapse_convergence,72,differential_evolution_staged_direct_search,True,182,426.2455889043352,8,False,maxiter_budget
2025-05-06,M612,1230.6944999999998,1200.0,21,34555.20333167253,36662.98299858607,34011.496285286565,271.85352319298386,2379.6331901065264,9027.682489607863,45690.66548819393,1199.5028725269808,2773.2276726699947,3,2.113954000014928,2.373348699999042,0,differential_evolution_staged_direct_search,True,22,-2673.2303530676854,3,True,population_collapse_convergence,36,differential_evolution_staged_direct_search,True,42,-2245.446900010742,3,True,population_collapse_convergence,72,differential_evolution_staged_direct_search,True,182,1016.4334038839023,8,False,maxiter_budget
2025-05-07,M612,1200.0,1321.2270043303197,21,37562.41535839893,38232.4114573436,37562.415355546385,1.426273482866236e-06,669.9961003709489,4816.730208615687,43049.14166595929,6.093883712310344e-06,935.6514063201788,3,1.1211354000115534,1.2444583000033163,0,differential_evolution_staged_direct_search,True,12,-3669.371758255732,1,True,population_collapse_convergence,36,differential_evolution_staged_direct_search,True,42,-2643.220735011303,3,True,population_collapse_convergence,72,differential_evolution_staged_direct_search,True,142,242.51983060939156,6,True,population_collapse_convergence
2025-05-08,M612,1321.2270043303197,3096.861033120429,21,43313.81161753548,41891.95665326595,40470.101686526454,1421.854965504513,1.2349830892333103e-06,0.0,41891.95665326595,5680.136524677125,1.3068604118871008e-06,3,1.194773199982592,1.325126600000658,0,differential_evolution_staged_direct_search,True,47,-4084.781877548197,8,False,maxiter_budget,36,differential_evolution_staged_direct_search,True,92,-3064.923885458846,8,False,maxiter_budget,72,differential_evolution_staged_direct_search,True,182,716.4019425916376,8,False,maxiter_budget
2025-05-09,M612,3096.861033120429,3205.0355949258133,21,13462.380508293467,13439.98046049584,13398.058308698564,32.161099797451705,9.761051999825444,362.12879157473094,13802.109252070572,90.33660775996412,21.06358481672214,3,1.3777270999999018,1.5071552000008523,0,differential_evolution_staged_direct_search,True,17,-947.6026757317007,2,True,population_collapse_convergence,36,differential_evolution_staged_direct_search,True,92,-2983.1999999999994,8,False,maxiter_budget,72,differential_evolution_staged_direct_search,True,182,765.1618988005424,8,False,maxiter_budget
2025-05-10,M612,3205.0355949258133,2998.429298299256,21,13497.292171657147,13615.326302813335,13493.20561224159,2.0432797077780203,120.07741086396567,203.68361862322547,13819.00992143656,11.83154702986684,135.38123023291035,3,1.5386981000046944,1.9160542000026908,0,differential_evolution_staged_direct_search,True,17,-530.0729107388372,2,True,population_collapse_convergence,36,differential_evolution_staged_direct_search,True,32,-1679.305074730626,2,True,population_collapse_convergence,72,differential_evolution_staged_direct_search,True,182,979.9938969677581,8,False,maxiter_budget
2025-05-11,M612,2998.429298299256,2854.198173914671,21,40920.9719947141,39889.00027462297,38469.419721026716,1225.776136843691,193.80441675257103,217.56593523675883,40106.56620985973,5141.391048626228,163.7010017433443,3,3.900556799999322,4.189438700006576,0,differential_evolution_staged_direct_search,True,12,-4477.169874512639,1,True,population_collapse_convergence,36,differential_evolution_staged_direct_search,True,62,-3474.5497040082287,5,True,population_collapse_convergence,72,differential_evolution_staged_direct_search,True,182,886.1072827269004,8,False,maxiter_budget
2025-05-12,M612,2854.198173914671,3178.8060815976464,21,36952.019675882984,38655.08321197731,35673.13900944167,639.4403332206573,2342.5038693149754,0.0,38655.08321197731,2454.603468541926,2714.0868528424667,3,1.5561051000113366,1.7514921999973012,0,differential_evolution_staged_direct_search,True,22,-2715.642386551584,3,True,population_collapse_convergence,36,differential_evolution_staged_direct_search,True,32,-3112.7885397176224,2,True,population_collapse_convergence,72,differential_evolution_staged_direct_search,True,182,1076.5187541948321,8,False,maxiter_budget
2025-05-13,M612,3178.8060815976464,3374.822238552908,21,41689.6187889144,40093.72358439468,37828.91522383427,1930.3517825400643,334.4565780203371,0.0,40093.72358439468,7531.833215742116,336.2059743553426,3,2.9114785000128904,3.1288830999983475,0,differential_evolution_staged_direct_search,True,17,-3987.060074249265,2,True,population_collapse_convergence,36,differential_evolution_staged_direct_search,True,42,-3350.0727829323187,3,True,population_collapse_convergence,72,differential_evolution_staged_direct_search,True,182,842.2146577314835,8,False,maxiter_budget
2025-05-14,M612,3374.822238552908,2889.4611760332127,21,40602.513505831244,40072.90778659636,37323.067177615536,1639.7231641078558,1110.1174448729723,0.0,40072.90778659636,5670.046165919761,1421.4020023502117,3,2.8946137000020826,3.101219600008335,0,differential_evolution_staged_direct_search,True,22,-3883.6793736647974,3,True,population_collapse_convergence,36,differential_evolution_staged_direct_search,True,52,-2910.2852283785332,4,True,population_collapse_convergence,72,differential_evolution_staged_direct_search,True,182,387.7197653074704,8,False,maxiter_budget
2025-05-15,M612,2889.4611760332127,3448.6974798400793,21,40779.34623747169,40262.993250697386,38456.80724205072,1161.269497710484,644.9165109361716,0.0,40262.993250697386,3184.437950224049,974.0434323112627,3,2.908056200001738,3.5646122000034666,0,differential_evolution_staged_direct_search,True,47,-4065.2355638859485,8,False,maxiter_budget,36,differential_evolution_staged_direct_search,True,52,-3494.2160631143115,4,True,population_collapse_convergence,72,differential_evolution_staged_direct_search,True,182,289.6403212228803,8,False,maxiter_budget
2025-05-16,M612,3448.6974798400793,2462.750120780765,21,13076.154670687332,12760.015330791564,12443.875990895802,316.13933989576583,0.0,0.0,12760.015330791564,840.2125143390701,0.0,3,2.0663556000072276,2.2214844999980414,0,differential_evolution_staged_direct_search,True,17,-488.7660761237056,2,True,population_collapse_convergence,36,differential_evolution_staged_direct_search,True,62,-2046.0,5,True,population_collapse_convergence,72,differential_evolution_staged_direct_search,True,182,595.7510875584651,8,False,maxiter_budget
2025-05-17,M612,2462.750120780765,2656.5646153673374,21,13446.895024848838,13244.733831714924,13041.0018448353,202.94659000676864,0.7853968728553032,112.24713622355146,13356.980967938476,501.97573525753273,1.6517229483923188,3,1.903709100020933,2.271597200000542,0,differential_evolution_staged_direct_search,True,17,-367.49214681782547,2,True,population_collapse_convergence,36,differential_evolution_staged_direct_search,True,52,-1488.9132222109472,4,True,population_collapse_convergence,72,differential_evolution_staged_direct_search,True,182,841.6828048493013,8,False,maxiter_budget
2025-05-18,M612,2656.5646153673374,3118.2140492718804,21,42389.9682289943,40407.92282057894,38425.877412163594,1982.0454084153507,0.0,0.0,40407.92282057894,6821.8097846040255,0.0,3,1.3643427999923006,1.4913157999981195,0,differential_evolution_staged_direct_search,True,17,-3704.2209113934937,2,True,population_collapse_convergence,36,differential_evolution_staged_direct_search,True,32,-2798.358985103976,2,True,population_collapse_convergence,72,differential_evolution_staged_direct_search,True,182,646.523808452156,8,False,maxiter_budget
2025-05-19,M612,3118.2140492718804,2775.1097346510037,21,37713.457014159634,37480.667920667234,36762.18631041971,475.63535186996165,242.84625837755468,455.9576833333333,37936.62560400057,2399.6987875655973,238.90412348099215,3,1.3938728999928571,1.8528501999971922,0,differential_evolution_staged_direct_search,True,17,-3873.100811359789,2,True,population_collapse_convergence,36,differential_evolution_staged_direct_search,True,52,-3293.8041469001523,4,True,population_collapse_convergence,72,differential_evolution_staged_direct_search,True,182,358.405876008195,8,False,maxiter_budget
2025-05-20,M612,2775.1097346510037,2615.0133391483623,21,37683.22603270013,38739.68189357885,37189.36605732267,246.92998768872604,1303.3858485674455,0.0,38739.68189357885,988.5034755841979,1425.7165958311416,3,1.536303200016846,1.6475421000068309,0,differential_evolution_staged_direct_search,True,17,-3406.7028862603975,2,True,population_collapse_convergence,36,differential_evolution_staged_direct_search,True,52,-2844.7140620886353,4,True,population_collapse_convergence,72,differential_evolution_staged_direct_search,True,182,238.2795883036281,8,False,maxiter_budget
2025-05-21,M612,2615.0133391483623,2930.754968828124,21,36518.95452003495,38475.98626025561,36209.765306731,154.5946066519728,2111.6263468726365,0.0,38475.98626025561,829.123406986189,2634.3410303495457,3,4.048717499987106,4.484134799989988,0,differential_evolution_staged_direct_search,True,17,-2351.0282082857966,2,True,population_collapse_convergence,36,differential_evolution_staged_direct_search,True,92,-1948.4214741772778,8,False,maxiter_budget,72,differential_evolution_staged_direct_search,True,182,550.3714287901217,8,False,maxiter_budget
2025-05-22,M612,2930.754968828124,3033.7360756022204,21,37256.11636815051,36784.82992698328,36313.543485816044,471.2864411672287,0.0,16.413304999999596,36801.24323198328,1457.927756793264,0.0,3,3.2457168999972055,3.6546105000015814,0,differential_evolution_staged_direct_search,True,12,-3612.375653125863,1,True,population_collapse_convergence,36,differential_evolution_staged_direct_search,True,52,-3092.211523167146,4,True,population_collapse_convergence,72,differential_evolution_staged_direct_search,True,162,83.9460570218366,7,True,population_collapse_convergence
2025-05-23,M612,3033.7360756022204,3444.5184369254844,21,12417.363808519389,12777.99691238313,12415.966199472969,0.6988045232109008,361.3319083869518,0.0,12777.99691238313,4.362105948527528,436.54782559835917,3,5.757848499997635,6.409448299993528,0,differential_evolution_staged_direct_search,True,12,-299.4884309340872,1,True,population_collapse_convergence,36,differential_evolution_staged_direct_search,True,92,-1190.4000000000003,8,False,maxiter_budget,72,differential_evolution_staged_direct_search,True,182,893.9749146156963,8,False,maxiter_budget
2025-05-24,M612,3444.5184369254844,3129.3592129087315,21,13236.613676151559,12988.460015239496,12740.306354327435,248.1536609120617,0.0,0.0,12988.460015239496,562.8514647814793,0.0,3,3.0772210999857634,3.694480999998632,0,differential_evolution_staged_direct_search,True,17,-594.4773455672321,2,True,population_collapse_convergence,36,differential_evolution_staged_direct_search,True,92,-2560.8000000000006,8,False,maxiter_budget,72,differential_evolution_staged_direct_search,True,182,361.7495420439701,8,False,maxiter_budget
2025-05-25,M612,3129.3592129087315,2671.1256933193836,21,37426.67849503371,36969.243633578604,36420.16137034599,503.25856234386254,45.82370088875062,84.90765869999919,37054.151292278606,2345.624932485205,42.149375572373,3,2.6875513000122737,3.0383005000039702,0,differential_evolution_staged_direct_search,True,12,-4522.016122275132,1,True,population_collapse_convergence,36,differential_evolution_staged_direct_search,True,32,-4029.9129174323475,2,True,population_collapse_convergence,72,differential_evolution_staged_direct_search,True,182,223.80169526907312,8,False,maxiter_budget
2025-05-26,M612,2671.1256933193836,2691.47038871179,21,36806.2484775102,39040.92802623683,36768.8875253509,18.680476079643814,2253.360024806277,0.0,39040.92802623683,28.86519723962192,2758.744142479225,3,3.5894879999978,3.802553200002876,0,differential_evolution_staged_direct_search,True,17,-2355.5802350329946,2,True,population_collapse_convergence,36,differential_evolution_staged_direct_search,True,52,-1531.9076305433011,4,True,population_collapse_convergence,72,differential_evolution_staged_direct_search,True,182,289.7291459480262,8,False,maxiter_budget
2025-05-27,M612,2691.47038871179,2240.2886908436094,21,35264.08183574313,36054.422197807355,34901.39241469678,181.3447105231715,971.6850725873979,0.0,36054.422197807355,334.9741969048824,1506.9218833765076,3,4.905974499997683,5.346311399989645,0,differential_evolution_staged_direct_search,True,12,-3131.235222848291,1,True,population_collapse_convergence,36,differential_evolution_staged_direct_search,True,92,-3256.41416470747,8,False,maxiter_budget,72,differential_evolution_staged_direct_search,True,182,311.3516419406648,8,False,maxiter_budget
2025-05-28,M612,2240.2886908436094,2740.3982770277075,21,39294.73805532565,38109.487825801,36729.318130454834,1282.7099624354069,97.45973291075632,0.0,38109.487825801,5036.226419754625,73.71371671798738,3,3.7274033000139752,4.235981299993,0,differential_evolution_staged_direct_search,True,12,-3730.3634324338623,1,True,population_collapse_convergence,36,differential_evolution_staged_direct_search,True,32,-2103.010229521574,2,True,population_collapse_convergence,72,differential_evolution_staged_direct_search,True,182,-184.43504048469646,8,False,maxiter_budget
2025-05-29,M612,2740.3982770277075,1771.7675652324142,21,38062.41704896496,38028.74751575642,36909.40820325982,576.5044228525664,542.8348896440208,119.26099001666701,38148.00850577308,2143.497943545592,595.7945550505206,3,4.681539299999713,5.355168199996115,0,differential_evolution_staged_direct_search,True,12,-3885.0955490846573,1,True,population_collapse_convergence,36,differential_evolution_staged_direct_search,True,92,-2621.475657809596,8,False,maxiter_budget,72,differential_evolution_staged_direct_search,True,182,-722.2871491652197,8,False,maxiter_budget
2025-05-30,M612,1771.7675652324142,2348.218760759427,21,12695.754556110653,12593.784279230751,12491.81400235085,101.97027687990163,0.0,0.0,12593.784279230751,203.91909671280376,0.0,3,3.680842000001576,4.164762000000337,0,differential_evolution_staged_direct_search,True,22,-480.9993836130113,3,True,population_collapse_convergence,36,differential_evolution_staged_direct_search,True,32,-1911.5999999999997,2,True,population_collapse_convergence,72,differential_evolution_staged_direct_search,True,182,-362.9139657146896,8,False,maxiter_budget
2025-05-31,M612,2348.218760759427,2240.974500513527,21,12947.083199220418,12464.664414110235,11982.245629000052,482.41878511018393,0.0,0.0,12464.664414110235,1597.366614676815,0.0,3,3.2693935000133933,3.552695299993502,0,differential_evolution_staged_direct_search,True,47,-499.58167599905505,8,False,maxiter_budget,36,differential_evolution_staged_direct_search,True,32,-1530.0,2,True,population_collapse_convergence,72,differential_evolution_staged_direct_search,True,182,-288.56979833598444,8,False,maxiter_budget
2025-06-01,M612,2240.974500513527,1200.0,21,53470.19591216826,50437.527556951514,47404.859201734755,3032.668355216753,0.0,26066.43018294204,76503.95773989355,7760.811065662273,0.0,3,5.886482199988677,6.1630663000105415,0,differential_evolution_staged_direct_search,True,32,-4328.1955511785245,5,True,population_collapse_convergence,36,differential_evolution_staged_direct_search,True,42,-2783.678784635914,3,True,population_collapse_convergence,72,differential_evolution_staged_direct_search,True,182,-633.0905797727743,8,False,maxiter_budget
2025-06-02,M612,1200.0,1200.0,21,53762.48525277672,50004.54726768001,46246.60928258332,3757.9379850967043,0.0,20788.081768027107,70792.62903570713,10864.476728818074,0.0,3,3.037801800019224,3.3759928999934345,0,differential_evolution_staged_direct_search,True,32,-3916.876123634097,5,True,population_collapse_convergence,36,differential_evolution_staged_direct_search,True,92,-3036.9765244745417,8,False,maxiter_budget,72,differential_evolution_staged_direct_search,True,182,421.9244328152816,8,False,maxiter_budget
2025-06-03,M612,1200.0,1200.0,21,48717.52655903277,47281.476237089206,45845.425915145635,1436.0503219435675,0.0,19253.54579965714,66535.02203674635,4896.226227485386,0.0,3,3.491964000000735,3.8065416000026744,0,differential_evolution_staged_direct_search,True,27,-3942.9903370737934,4,True,population_collapse_convergence,36,differential_evolution_staged_direct_search,True,92,-2479.411025090094,8,False,maxiter_budget,72,differential_evolution_staged_direct_search,True,182,1417.7127562690503,8,False,maxiter_budget
2025-06-04,M612,1200.0,1200.0,21,57160.75822599947,52670.652854383705,48180.54748276794,4490.105371615769,0.0,13647.114713444957,66317.76756782866,12218.704645563696,0.0,3,3.7259970999875804,4.003896199996234,0,differential_evolution_staged_direct_search,True,22,-2685.177613202662,3,True,population_collapse_convergence,36,differential_evolution_staged_direct_search,True,92,-1674.1437130321085,8,False,maxiter_budget,72,differential_evolution_staged_direct_search,True,182,1772.75104735727,8,False,maxiter_budget
2025-06-05,M612,1200.0,1200.0,21,50252.73699270666,50396.61817882419,48782.489005979325,735.1239933636707,879.0051794811923,14803.551352814713,65200.1695316389,2377.9368460500896,629.5632386260493,3,2.4770424000016646,2.7581474000035087,0,differential_evolution_staged_direct_search,True,47,-3695.2806513145547,8,False,maxiter_budget,36,differential_evolution_staged_direct_search,True,32,-2516.047210190562,2,True,population_collapse_convergence,72,differential_evolution_staged_direct_search,True,182,2276.6504243094337,8,False,maxiter_budget
2025-06-06,M612,1200.0,1217.4015,21,17732.489813752003,17388.675226262912,17044.860638773822,343.81458748909006,0.0,10036.349083836802,27425.024310099714,820.865842394248,0.0,3,2.229566399997566,2.57605329999933,0,differential_evolution_staged_direct_search,True,17,26.90030338346288,2,True,population_collapse_convergence,36,differential_evolution_staged_direct_search,True,92,-449.40134112114106,8,False,maxiter_budget,72,differential_evolution_staged_direct_search,True,182,1549.5047583933233,8,False,maxiter_budget
2025-06-07,M612,1217.4015,1274.0212290618115,21,19927.043261288105,18693.85380191081,17460.664342533506,1233.1894593773009,0.0,6574.424041941232,25268.27784385204,6172.063185057674,0.0,3,2.1336054999992484,2.5259626999904867,0,differential_evolution_staged_direct_search,True,22,-644.1145151028812,3,True,population_collapse_convergence,36,differential_evolution_staged_direct_search,True,32,-1410.114337782587,2,True,population_collapse_convergence,72,differential_evolution_staged_direct_search,True,182,1541.1485249594964,8,False,maxiter_budget
2025-06-08,M612,1274.0212290618115,3806.0526461111094,21,55345.06095214536,54800.52718628108,51556.623778585956,1894.2185867797,1349.6848209154246,0.0,54800.52718628108,6674.544367285534,1234.4399309455325,3,3.318763500006753,3.6202933000022313,0,differential_evolution_staged_direct_search,True,12,-4305.38368641677,1,True,population_collapse_convergence,36,differential_evolution_staged_direct_search,True,92,-3935.0977159791987,8,False,maxiter_budget,72,differential_evolution_staged_direct_search,True,182,1616.285305399551,8,False,maxiter_budget
2025-06-09,M612,3806.0526461111094,3603.121710328456,21,62522.896530713464,60118.52730980599,57714.158088898526,2404.369220907475,0.0,0.0,60118.52730980599,6343.036332865766,0.0,3,2.337875700002769,2.5744924000027822,0,differential_evolution_staged_direct_search,True,12,-4234.510011269787,1,True,population_collapse_convergence,36,differential_evolution_staged_direct_search,True,92,-3224.4071451391624,8,False,maxiter_budget,72,differential_evolution_staged_direct_search,True,182,548.0771569627398,8,False,maxiter_budget
2025-06-10,M612,3603.121710328456,3620.85359656106,21,57343.38226734103,57207.923189085224,57072.4641108294,135.45907825581804,0.0,0.0,57207.923189085224,427.1002700665688,0.0,3,2.2947540000022855,2.4607199000020046,0,differential_evolution_staged_direct_search,True,17,-4285.180855614499,2,True,population_collapse_convergence,36,differential_evolution_staged_direct_search,True,52,-3060.6869917317954,4,True,population_collapse_convergence,72,differential_evolution_staged_direct_search,True,182,1733.77041441079,8,False,maxiter_budget
2025-06-11,M612,3620.85359656106,3486.757799410549,21,62491.33401782756,62592.88476225796,61667.391526881205,411.9712454731781,513.5219899035817,0.0,62592.88476225796,720.6646140007812,441.1417090157628,3,2.601019699999597,2.887629000004381,0,differential_evolution_staged_direct_search,True,12,-4300.483609266385,1,True,population_collapse_convergence,36,differential_evolution_staged_direct_search,True,92,-2157.2836550336224,8,False,maxiter_budget,72,differential_evolution_staged_direct_search,True,182,610.0211965416466,8,False,maxiter_budget
2025-06-12,M612,3486.757799410549,4233.675668468123,21,60513.437170761004,59735.4994040101,58957.56163725919,777.9377667509093,0.0,0.0,59735.4994040101,2213.20119794397,0.0,3,2.227399500014144,2.549561599997105,0,differential_evolution_staged_direct_search,True,12,-4063.0554986209318,1,True,population_collapse_convergence,36,differential_evolution_staged_direct_search,True,62,-3259.7780694556063,5,True,population_collapse_convergence,72,differential_evolution_staged_direct_search,True,182,921.0833928397617,8,False,maxiter_budget
2025-06-13,M612,4233.675668468123,3977.5241543767584,21,21045.181503734468,20832.726546817255,20620.271589900043,212.45495691721243,0.0,0.0,20832.726546817255,361.96019184878946,0.0,3,2.114716500014765,2.305379700002959,0,differential_evolution_staged_direct_search,True,22,-1217.509412077886,3,True,population_collapse_convergence,36,differential_evolution_staged_direct_search,True,52,-2647.7194304971567,4,True,population_collapse_convergence,72,differential_evolution_staged_direct_search,True,182,1297.8464336216794,8,False,maxiter_budget
2025-06-14,M612,3977.5241543767584,3599.9601103769405,21,21974.915464017544,21531.090139884887,21087.26481575222,443.8253241326629,0.0,0.0,21531.090139884887,1309.1485571121575,0.0,3,1.518794399991748,1.6945135999994818,0,differential_evolution_staged_direct_search,True,17,-1347.0165798924488,2,True,population_collapse_convergence,36,differential_evolution_staged_direct_search,True,42,-3480.1917346513364,3,True,population_collapse_convergence,72,differential_evolution_staged_direct_search,True,182,805.0023753037448,8,False,maxiter_budget
2025-06-15,M612,3599.9601103769405,4170.020498140903,21,55320.89401606633,58438.27994943416,55283.64484397444,18.624586045944003,3136.010519413774,0.0,58438.27994943416,48.778608318280476,3351.62485763777,3,2.700163600005908,2.8444330999918748,0,differential_evolution_staged_direct_search,True,17,-4350.7461875596755,2,True,population_collapse_convergence,36,differential_evolution_staged_direct_search,True,52,-3136.3120887087607,4,True,population_collapse_convergence,72,differential_evolution_staged_direct_search,True,182,794.9350457489707,8,False,maxiter_budget
2025-06-16,M612,4170.020498140903,3735.790090278416,21,58451.02559495358,59451.618885840435,57107.33669561759,671.8444496679913,1672.4377405548476,0.0,59451.618885840435,1256.3656256228787,1634.1555381647647,3,3.391818800009787,3.7069845000078203,0,differential_evolution_staged_direct_search,True,17,-4208.602982706505,2,True,population_collapse_convergence,36,differential_evolution_staged_direct_search,True,92,-2836.785710425485,8,False,maxiter_budget,72,differential_evolution_staged_direct_search,True,182,1148.4840724187168,8,False,maxiter_budget
2025-06-17,M612,3735.790090278416,3741.045354134333,21,59385.614646125774,60613.687081126845,58791.40556343305,297.1045413463575,1525.1769763474315,37.67488095964381,60651.36196208649,605.4613084265095,1558.1117654104703,3,3.776717099986854,4.026589899993269,0,differential_evolution_staged_direct_search,True,12,-4499.276562613186,1,True,population_collapse_convergence,36,differential_evolution_staged_direct_search,True,42,-3264.723221547912,3,True,population_collapse_convergence,72,differential_evolution_staged_direct_search,True,182,1409.5644700914124,8,False,maxiter_budget
2025-06-18,M612,3741.045354134333,3976.9285873804424,21,59898.973220743595,59815.69246511397,57059.75131621151,1419.6109522660483,1336.3301966364197,0.0,59815.69246511397,3677.0638719833846,1248.9316900020667,3,4.39366109999537,4.851777399991988,0,differential_evolution_staged_direct_search,True,17,-3447.351879507523,2,True,population_collapse_convergence,36,differential_evolution_staged_direct_search,True,82,-2504.933881220612,7,True,population_collapse_convergence,72,differential_evolution_staged_direct_search,True,182,1560.4363831333224,8,False,maxiter_budget
2025-06-19,M612,3976.9285873804424,3857.1598944665193,21,54933.4967552365,57053.832289600134,51890.83660891329,1521.3300731616018,3641.665607525243,1.0821533716650464,57054.9144429718,4661.678953452141,3035.6610825030984,3,3.394651699985843,3.7919107000052463,0,differential_evolution_staged_direct_search,True,12,-3664.644438462254,1,True,population_collapse_convergence,36,differential_evolution_staged_direct_search,True,32,-2830.1594360114395,2,True,population_collapse_convergence,72,differential_evolution_staged_direct_search,True,182,2472.3318710084486,8,False,maxiter_budget
2025-06-20,M612,3857.1598944665193,3839.6449454223425,21,20544.818457729576,20277.96829237874,20011.118127027898,266.85016535084117,0.0,0.0,20277.96829237874,512.6483072870751,0.0,3,3.7208500999986427,3.88373010000214,0,differential_evolution_staged_direct_search,True,17,-1030.3158580018803,2,True,population_collapse_convergence,36,differential_evolution_staged_direct_search,True,32,-3075.8467964151855,2,True,population_collapse_convergence,72,differential_evolution_staged_direct_search,True,182,1004.1253756062113,8,False,maxiter_budget
2025-06-21,M612,3839.6449454223425,4491.404730018464,21,20151.29758699212,19974.328324854898,19797.359062717675,176.9692621372232,0.0,0.0,19974.328324854898,314.1652122146652,0.0,3,4.0324799999798415,4.352188200005912,0,differential_evolution_staged_direct_search,True,17,-1034.7609732843714,2,True,population_collapse_convergence,36,differential_evolution_staged_direct_search,True,22,-3102.0,1,True,population_collapse_convergence,72,differential_evolution_staged_direct_search,True,182,1223.0340843004142,8,False,maxiter_budget
2025-06-22,M612,4491.404730018464,3922.408382044699,21,52887.07835097809,54273.77901499156,51090.77439466442,898.1519781568394,2284.852642170302,0.0,54273.77901499156,2872.4303977864693,1752.0807861778592,3,4.016247400009888,4.365290999994613,0,differential_evolution_staged_direct_search,True,12,-4258.070312939502,1,True,population_collapse_convergence,36,differential_evolution_staged_direct_search,True,92,-3588.4096138952086,8,False,maxiter_budget,72,differential_evolution_staged_direct_search,True,182,2093.572777897536,8,False,maxiter_budget
2025-06-23,M612,3922.408382044699,3130.04753228079,21,53984.02919230289,53503.16351887618,52068.50114714427,957.764022579316,476.8983491525943,0.0,53503.16351887618,2958.1965728968144,564.0957542384749,3,4.852469499994186,5.133266599994386,0,differential_evolution_staged_direct_search,True,17,-3597.0661131234747,2,True,population_collapse_convergence,36,differential_evolution_staged_direct_search,True,92,-2928.0730308743173,8,False,maxiter_budget,72,differential_evolution_staged_direct_search,True,182,1676.384469794196,8,False,maxiter_budget
2025-06-24,M612,3130.04753228079,3162.4970600911956,21,64149.57834910243,62433.03167718934,60716.48500527626,1716.5466719130836,0.0,0.0,62433.03167718934,4119.194049667032,0.0,3,2.470194599998649,2.6517980999924475,0,differential_evolution_staged_direct_search,True,22,-4112.1554495502805,3,True,population_collapse_convergence,36,differential_evolution_staged_direct_search,True,92,-2935.846695955372,8,False,maxiter_budget,72,differential_evolution_staged_direct_search,True,182,1782.329240164357,8,False,maxiter_budget
2025-06-25,M612,3162.4970600911956,2745.3346515689923,21,53707.00876065354,55297.031342968825,51868.51310575333,919.2478274501096,2509.270409765383,0.0,55297.031342968825,3077.57833901693,2163.1396429188676,3,0.5221695999935037,0.594191399999545,0,differential_evolution_staged_direct_search,True,17,-4145.453802941415,2,True,population_collapse_convergence,36,differential_evolution_staged_direct_search,True,92,-3371.0381209433453,8,False,maxiter_budget,72,differential_evolution_staged_direct_search,True,182,2568.0762258445584,8,False,maxiter_budget
2025-06-26,M612,2745.3346515689923,2361.0254123786262,21,51393.721470573684,52175.08592258228,50532.44370438453,430.63888309457326,1212.00333510317,122.0946849131057,52297.180607495386,1611.827412115648,964.1781145140432,3,0.46998369999346323,0.545533999989857,0,differential_evolution_staged_direct_search,True,17,-4216.804643182361,2,True,population_collapse_convergence,36,differential_evolution_staged_direct_search,True,32,-3313.764926705638,2,True,population_collapse_convergence,72,differential_evolution_staged_direct_search,True,182,1848.8498436681105,8,False,maxiter_budget
2025-06-27,M612,2361.0254123786262,2553.996894659419,21,18296.929517649405,17777.321764417375,17257.71401118534,519.6077532320344,0.0,0.0,17777.321764417375,1697.8150314111522,0.0,3,3.3247886000026483,3.4225811999931466,0,differential_evolution_staged_direct_search,True,47,-1140.7211714592434,8,False,maxiter_budget,36,differential_evolution_staged_direct_search,True,32,-3201.5999999999995,2,True,population_collapse_convergence,72,differential_evolution_staged_direct_search,True,182,831.9457933648875,8,False,maxiter_budget
2025-06-28,M612,2553.996894659419,2023.9882053295423,21,17218.623725048135,17076.46411735915,16934.30450967016,142.15960768898572,0.0,0.0,17076.46411735915,303.736199106069,0.0,3,3.8909707000129856,4.3794465999962995,0,differential_evolution_staged_direct_search,True,17,-575.725554686496,2,True,population_collapse_convergence,36,differential_evolution_staged_direct_search,True,92,-2113.8967906562707,8,False,maxiter_budget,72,differential_evolution_staged_direct_search,True,182,342.86072526934777,8,False,maxiter_budget
2025-06-29,M612,2023.9882053295423,2056.5205202215384,21,49964.49724975304,53091.05674084596,48890.24025475141,537.1284975008159,3663.687988593735,114.03518910000025,53205.091929945964,1550.6290423311248,2942.1277164957683,3,3.887693800017587,4.384551199997077,0,differential_evolution_staged_direct_search,True,22,-4025.0801067313346,3,True,population_collapse_convergence,36,differential_evolution_staged_direct_search,True,52,-2894.319403357385,4,True,population_collapse_convergence,72,differential_evolution_staged_direct_search,True,182,-520.0815748024858,8,False,maxiter_budget
2025-06-30,M612,2056.5205202215384,1937.2944368216406,21,54395.250981985555,53033.74434817202,51526.734211627925,1434.2583851788117,72.75175136527602,546.6061575999997,53580.35050577202,3971.0631456313004,47.932450570612104,3,2.7315872999897692,2.9174950999877183,0,differential_evolution_staged_direct_search,True,22,-4245.829656549088,3,True,population_collapse_convergence,36,differential_evolution_staged_direct_search,True,92,-3118.004512396669,8,False,maxiter_budget,72,differential_evolution_staged_direct_search,True,182,-564.8316845680789,8,False,maxiter_budget
2025-07-01,M612,1937.2944368216406,1200.0,21,52339.008027964854,56408.94161616537,52334.67372502993,2.1671514674633876,4072.1007396679724,39789.63898945789,96198.58060562325,5.900221800880445,3673.4754287759606,3,1.7551663000049302,2.021200699993642,0,differential_evolution_staged_direct_search,True,12,-4314.5349305885065,1,True,population_collapse_convergence,36,differential_evolution_staged_direct_search,True,52,-2759.3883177958332,4,True,population_collapse_convergence,72,differential_evolution_staged_direct_search,True,182,-574.5097166219139,8,False,maxiter_budget
2025-07-02,M612,1200.0,1200.0,21,50599.94104587332,52849.52404277127,50599.94104587332,0.0,2249.58299689796,32420.87539611324,85270.39943888452,0.0,2416.931277618331,3,1.883161600009771,2.054998500010697,0,differential_evolution_staged_direct_search,True,22,-3880.549050083914,3,True,population_collapse_convergence,36,differential_evolution_staged_direct_search,True,92,-2710.277952582294,8,False,maxiter_budget,72,differential_evolution_staged_direct_search,True,182,822.1687392909724,8,False,maxiter_budget
2025-07-03,M612,1200.0,1200.0,21,58653.13580078531,60284.27560139647,56917.76034085678,867.6877299642683,2498.8275305754228,30264.620143640183,90548.89574503666,2003.5054888986995,2237.315226735639,3,1.8256324999965727,1.9503687999967951,0,differential_evolution_staged_direct_search,True,47,-3841.7593717893255,8,False,maxiter_budget,36,differential_evolution_staged_direct_search,True,42,-2203.6560185874328,3,True,population_collapse_convergence,72,differential_evolution_staged_direct_search,True,182,2203.828807728415,8,False,maxiter_budget
2025-07-04,M612,1200.0,1200.0000031450834,21,19315.169519195282,19241.061911942725,19099.93595524739,107.61678197394602,33.50917472138745,27510.233618795464,46751.29553073819,180.03269720266798,35.96755726011641,3,1.0167197999981,1.1692369999946095,0,differential_evolution_staged_direct_search,True,17,4.497464326725094,2,True,population_collapse_convergence,36,differential_evolution_staged_direct_search,True,22,-1959.2337023135447,1,True,population_collapse_convergence,72,differential_evolution_staged_direct_search,True,182,2063.722133152855,8,False,maxiter_budget
2025-07-05,M612,1200.0000031450834,1207.7429999999995,21,20371.437201759007,20099.465965304098,19827.494728849186,271.9712364549122,0.0,22533.84456327012,42633.31052857422,391.4238806269564,0.0,3,1.6050511999928858,1.7640876999939792,0,differential_evolution_staged_direct_search,True,47,-42.46443197912274,8,False,maxiter_budget,36,differential_evolution_staged_direct_search,True,52,-2239.2000604171053,4,True,population_collapse_convergence,72,differential_evolution_staged_direct_search,True,182,2555.117213801991,8,False,maxiter_budget
2025-07-06,M612,1207.7429999999995,1200.0,21,58883.57147774672,63321.07058334493,58861.008534559325,11.281471593698674,4448.780577191912,19044.20501637199,82365.27559971693,28.42038441541422,4926.974289705665,3,1.2119870999886189,1.4270529000059469,0,differential_evolution_staged_direct_search,True,47,-3949.655973356488,8,False,maxiter_budget,36,differential_evolution_staged_direct_search,True,42,-3005.2860657250276,3,True,population_collapse_convergence,72,differential_evolution_staged_direct_search,True,182,4000.556121886597,8,False,maxiter_budget
2025-07-07,M612,1200.0,1320.7775100000001,21,58712.65663158039,57660.73788209117,56608.81913260194,1051.918749489227,0.0,12664.814201667301,70325.55208375846,2119.7490637178053,0.0,3,1.5352063000027556,1.7911818000138737,0,differential_evolution_staged_direct_search,True,17,-3806.476586521815,2,True,population_collapse_convergence,36,differential_evolution_staged_direct_search,True,92,-3693.7067359717407,8,False,maxiter_budget,72,differential_evolution_staged_direct_search,True,182,2699.957475507936,8,False,maxiter_budget
2025-07-08,M612,1320.7775100000001,3778.245210547139,21,74333.92927064435,71651.27526105198,68968.62125145958,2682.6540095923806,0.0,0.0,71651.27526105198,7896.569363210401,0.0,3,1.4308144999813521,1.6862206000078004,0,differential_evolution_staged_direct_search,True,22,-4517.5352206418,3,True,population_collapse_convergence,36,differential_evolution_staged_direct_search,True,32,-2619.61818847726,2,True,population_collapse_convergence,72,differential_evolution_staged_direct_search,True,182,3155.9040103460957,8,False,maxiter_budget
2025-07-09,M612,3778.245210547139,4178.789181255489,21,72303.81747717888,69128.84990877699,65953.8823403751,3174.967568401884,0.0,36.194366600000556,69165.04427537699,8883.319361898364,0.0,3,2.69768369999656,3.021137000003364,0,differential_evolution_staged_direct_search,True,27,-4929.815745393143,4,True,population_collapse_convergence,36,differential_evolution_staged_direct_search,True,32,-3561.7500130468493,2,True,population_collapse_convergence,72,differential_evolution_staged_direct_search,True,182,2759.07552365474,8,False,maxiter_budget
2025-07-10,M612,4178.789181255489,3880.9833387116273,21,68685.7613911345,67254.36905381738,65822.97671650026,1431.392337317111,0.0,0.0,67254.36905381738,3694.8099501032343,0.0,3,2.3155237000028137,2.4631822999945143,0,differential_evolution_staged_direct_search,True,27,-4402.614193389951,4,True,population_collapse_convergence,36,differential_evolution_staged_direct_search,True,92,-3128.967054107709,8,False,maxiter_budget,72,differential_evolution_staged_direct_search,True,182,2448.316474125432,8,False,maxiter_budget
2025-07-11,M612,3880.9833387116273,3912.4164686451118,21,31141.915320692242,30468.345979340673,29794.776637989104,673.569341351569,0.0,0.0,30468.345979340673,1876.4534033505258,0.0,3,1.0766925000061747,1.2146967000007862,0,differential_evolution_staged_direct_search,True,12,-556.6470197675227,1,True,population_collapse_convergence,36,differential_evolution_staged_direct_search,True,32,-1587.6605621734411,2,True,population_collapse_convergence,72,differential_evolution_staged_direct_search,True,182,1889.5986068828006,8,False,maxiter_budget
2025-07-12,M612,3912.4164686451118,3977.194660864256,21,29446.400371528624,29598.12460652511,29429.668096940448,8.366137294086045,160.0903722905731,31.134494314526034,29629.259100839638,40.01020348286556,192.95756326688476,3,2.9821526000014273,3.140278100006981,0,differential_evolution_staged_direct_search,True,47,-551.578076634596,8,False,maxiter_budget,36,differential_evolution_staged_direct_search,True,92,-1993.1804986629231,8,False,maxiter_budget,72,differential_evolution_staged_direct_search,True,182,2344.9290114945993,8,False,maxiter_budget
2025-07-13,M612,3977.194660864256,3990.9190035146157,21,71039.72036678402,66765.34176316345,62490.96315954287,4274.37860362058,0.0,294.6486854750009,67059.99044863845,11824.68869331254,0.0,3,1.7290857000043616,1.965640499998699,0,differential_evolution_staged_direct_search,True,12,-5083.444393031833,1,True,population_collapse_convergence,36,differential_evolution_staged_direct_search,True,92,-3780.7130122494523,8,False,maxiter_budget,72,differential_evolution_staged_direct_search,True,182,1376.9412755726735,8,False,maxiter_budget
2025-07-14,M612,3990.9190035146157,4241.8760559104985,21,67374.63055908597,65258.30950359494,63141.98844810391,2116.3210554910297,0.0,0.0,65258.30950359494,7307.501834379485,0.0,3,1.9935838999954285,2.123164299991913,0,differential_evolution_staged_direct_search,True,12,-4691.718683154862,1,True,population_collapse_convergence,36,differential_evolution_staged_direct_search,True,92,-3731.887753120802,8,False,maxiter_budget,72,differential_evolution_staged_direct_search,True,182,2899.7270109590318,8,False,maxiter_budget
2025-07-15,M612,4241.8760559104985,4444.09818962963,21,70466.26778740456,67010.3662388926,63554.46469038065,3455.9015485119626,0.0,0.0,67010.3662388926,9741.133852759009,0.0,3,1.7556381999893347,1.9087729000020772,0,differential_evolution_staged_direct_search,True,17,-4636.139050922632,2,True,population_collapse_convergence,36,differential_evolution_staged_direct_search,True,52,-3789.77894259113,4,True,population_collapse_convergence,72,differential_evolution_staged_direct_search,True,182,2308.9889868885616,8,False,maxiter_budget
2025-07-16,M612,4444.09818962963,4024.3228485345935,21,68781.32741429607,66784.85663368882,64788.38585308155,1996.4707806072647,0.0,0.0,66784.85663368882,5589.041929336251,0.0,3,2.3903991999977734,2.635229999999865,0,differential_evolution_staged_direct_search,True,17,-4665.73513605003,2,True,population_collapse_convergence,36,differential_evolution_staged_direct_search,True,92,-3861.6722351958374,8,False,maxiter_budget,72,differential_evolution_staged_direct_search,True,182,2202.3658665224893,8,False,maxiter_budget
2025-07-17,M612,4024.3228485345935,4331.90408351852,21,66628.36147302372,66256.83990528937,64374.50570380909,1126.9278846073094,755.406316872957,0.0,66256.83990528937,3967.985776080299,640.1475402271825,3,0.9640834000165341,1.0901021000026958,0,differential_evolution_staged_direct_search,True,17,-4798.01591717956,2,True,population_collapse_convergence,36,differential_evolution_staged_direct_search,True,32,-3754.1212817424466,2,True,population_collapse_convergence,72,differential_evolution_staged_direct_search,True,182,3176.9416558991047,8,False,maxiter_budget
2025-07-18,M612,4331.90408351852,4186.849254444445,21,30666.868027951452,29243.77009882754,27820.672169703626,1423.0979291239119,0.0,96.67813554826863,29340.448234375806,4895.922078155201,0.0,3,2.037837199997739,2.176241500012111,0,differential_evolution_staged_direct_search,True,47,-1710.8785393002652,8,False,maxiter_budget,36,differential_evolution_staged_direct_search,True,32,-3381.126798252775,2,True,population_collapse_convergence,72,differential_evolution_staged_direct_search,True,182,1465.3839467803623,8,False,maxiter_budget
2025-07-19,M612,4186.849254444445,3886.5608883291607,21,30642.982220107573,29624.478310506154,28605.97440090474,1018.5039096014161,0.0,0.0,29624.478310506154,2962.1001343601984,0.0,3,2.444735400014906,2.802775999996811,0,differential_evolution_staged_direct_search,True,47,-1018.5053862440963,8,False,maxiter_budget,36,differential_evolution_staged_direct_search,True,92,-3067.1999999999994,8,False,maxiter_budget,72,differential_evolution_staged_direct_search,True,182,1709.0935400440617,8,False,maxiter_budget
2025-07-20,M612,3886.5608883291607,4226.383284758154,21,69486.06380440158,66758.30556544877,64030.547326495944,2727.7582389528197,0.0,0.0,66758.30556544877,8276.061385486819,0.0,3,3.1838819999829866,3.6331636999966577,0,differential_evolution_staged_direct_search,True,12,-3999.1652580138552,1,True,population_collapse_convergence,36,differential_evolution_staged_direct_search,True,92,-2462.081453077958,8,False,maxiter_budget,72,differential_evolution_staged_direct_search,True,182,3140.847974183574,8,False,maxiter_budget
2025-07-21,M612,4226.383284758154,4209.955362622725,21,72310.44902700219,70170.17581704084,68029.90260707951,2140.273209961346,0.0,0.0,70170.17581704084,6177.987533926996,0.0,3,1.9643104000133462,2.3090004999976372,0,differential_evolution_staged_direct_search,True,17,-4119.4644892194065,2,True,population_collapse_convergence,36,differential_evolution_staged_direct_search,True,32,-3156.393055081259,2,True,population_collapse_convergence,72,differential_evolution_staged_direct_search,True,182,3013.2562998453136,8,False,maxiter_budget
2025-07-22,M612,4209.955362622725,3506.613902570746,21,67942.64916649251,68054.11308809448,65533.02146277738,1204.813851857561,1316.2777734595475,49.33122000000034,68103.44430809449,3579.315078767384,1601.8727111231467,3,2.766442600011942,2.927053099992918,0,differential_evolution_staged_direct_search,True,12,-4003.5809896740416,1,True,population_collapse_convergence,36,differential_evolution_staged_direct_search,True,42,-3130.94729143941,3,True,population_collapse_convergence,72,differential_evolution_staged_direct_search,True,182,2658.652012905191,8,False,maxiter_budget
2025-07-23,M612,3506.613902570746,3489.750821147116,21,74973.73771767059,70201.84764654163,65429.95757541268,4771.890071128962,0.0,229.77220331077893,70431.61984985242,13384.345572609824,0.0,3,1.4135360000072978,1.5654648000054294,0,differential_evolution_staged_direct_search,True,17,-4365.306939104005,2,True,population_collapse_convergence,36,differential_evolution_staged_direct_search,True,42,-3772.895091473046,3,True,population_collapse_convergence,72,differential_evolution_staged_direct_search,True,182,3571.2966226449635,8,False,maxiter_budget
2025-07-24,M612,3489.750821147116,3513.2039712962974,21,73705.38040501787,69622.29960246477,65539.21879991164,4083.0808025531214,0.0,0.0,69622.29960246477,11183.191693197597,0.0,3,2.1312163999973563,2.279984799999511,0,differential_evolution_staged_direct_search,True,27,-4316.1003585494445,4,True,population_collapse_convergence,36,differential_evolution_staged_direct_search,True,52,-3554.178233347518,4,True,population_collapse_convergence,72,differential_evolution_staged_direct_search,True,182,3207.341592147096,8,False,maxiter_budget
2025-07-25,M612,3513.2039712962974,2818.276966469772,21,25888.5288010331,25568.657666901145,25248.78653276919,319.87113413195596,0.0,0.0,25568.657666901145,763.6908815678848,0.0,3,1.8487118000048213,1.994916600000579,0,differential_evolution_staged_direct_search,True,47,-889.5704345536088,8,False,maxiter_budget,36,differential_evolution_staged_direct_search,True,42,-3622.8999353671047,3,True,population_collapse_convergence,72,differential_evolution_staged_direct_search,True,182,2743.1470781750413,8,False,maxiter_budget
2025-07-26,M612,2818.276966469772,2683.7117183479722,21,25701.788695952633,25564.97639910834,25423.026244378038,139.38122578729843,2.5689289430008464,0.0,25564.97639910834,302.04324772979135,3.5159501033338074,3,2.503161699991324,2.6479283000080613,0,differential_evolution_staged_direct_search,True,12,-149.29472381576403,1,True,population_collapse_convergence,36,differential_evolution_staged_direct_search,True,72,-1886.1235055542722,6,True,population_collapse_convergence,72,differential_evolution_staged_direct_search,True,182,2805.7557944919918,8,False,maxiter_budget
2025-07-27,M612,2683.7117183479722,2467.5623553229143,21,61125.50181453405,61949.468595109254,58323.99667715845,1400.7525686878025,2224.719349262999,0.0,61949.468595109254,4567.226099540351,1813.10456262258,3,2.3786347999994177,2.739707000000635,0,differential_evolution_staged_direct_search,True,22,-4095.268583461583,3,True,population_collapse_convergence,36,differential_evolution_staged_direct_search,True,22,-2824.0802588630213,1,True,population_collapse_convergence,72,differential_evolution_staged_direct_search,True,182,2437.3313179665033,8,False,maxiter_budget
2025-07-28,M612,2467.5623553229143,1843.2634158207431,21,62816.15663396805,62980.17748204102,61791.44078463468,512.3579246666839,676.3787727396591,16.350355400000144,62996.52783744102,1345.0028542125162,619.2740008433327,3,1.5284948000044096,1.790139699995052,0,differential_evolution_staged_direct_search,True,17,-4498.641922517375,2,True,population_collapse_convergence,36,differential_evolution_staged_direct_search,True,42,-3044.1822260735107,3,True,population_collapse_convergence,72,differential_evolution_staged_direct_search,True,182,838.3349270216538,8,False,maxiter_budget
2025-07-29,M612,1843.2634158207431,2110.491462764827,21,61205.73173459786,65222.65653169037,60331.75530338148,436.9882156081927,4453.913012700707,260.15308124999825,65482.80961294037,1595.1441554526093,4352.041912027371,3,1.2388838000042597,1.4247639999957755,0,differential_evolution_staged_direct_search,True,17,-4702.622061461969,2,True,population_collapse_convergence,36,differential_evolution_staged_direct_search,True,32,-3300.905238541931,2,True,population_collapse_convergence,72,differential_evolution_staged_direct_search,True,142,-584.602017893418,6,True,population_collapse_convergence
2025-07-30,M612,2110.491462764827,2362.3449166872747,21,57168.3953175879,64379.38060321183,57086.925808158616,40.73475471464535,7251.720040338572,56.75932746666709,64436.139930678495,162.48406348083506,7012.837802660574,3,2.745494700007839,3.0156175999873085,0,differential_evolution_staged_direct_search,True,17,-5154.678987647464,2,True,population_collapse_convergence,36,differential_evolution_staged_direct_search,True,92,-3324.735739468955,8,False,maxiter_budget,72,differential_evolution_staged_direct_search,True,182,-597.2768522487144,8,False,maxiter_budget
2025-07-31,M612,2362.3449166872747,1738.60861788857,21,58788.067000385956,60736.53444098702,58346.406591833926,220.83020427602008,2169.297644877079,338.03881765000085,61074.57325863702,815.9560298685936,1951.9408079756386,3,2.2535609000042314,2.499191899987636,0,differential_evolution_staged_direct_search,True,22,-4962.694450335023,3,True,population_collapse_convergence,36,differential_evolution_staged_direct_search,True,62,-3678.0682510670063,5,True,population_collapse_convergence,72,differential_evolution_staged_direct_search,True,182,-555.0191383134613,8,False,maxiter_budget
2025-08-01,M612,1738.60861788857,1997.972043888737,21,24378.57059470317,23888.147755159855,23397.724915616538,490.4228395433161,0.0,0.0,23888.147755159855,1375.540855636493,0.0,3,1.470679600010044,1.5914606000005733,0,differential_evolution_staged_direct_search,True,17,-668.9367221113374,2,True,population_collapse_convergence,36,differential_evolution_staged_direct_search,True,32,-2304.0,2,True,population_collapse_convergence,72,differential_evolution_staged_direct_search,True,182,-366.7676665318378,8,False,maxiter_budget
2025-08-02,M612,1997.972043888737,2165.092686261173,21,24884.538591835684,24426.91571717587,23969.292842516057,457.6228746598162,0.0,0.0,24426.91571717587,1528.2590983738987,0.0,3,1.7914423999900464,2.0148044000088703,0,differential_evolution_staged_direct_search,True,17,-1080.219580683395,2,True,population_collapse_convergence,36,differential_evolution_staged_direct_search,True,92,-3333.6000000000004,8,False,maxiter_budget,72,differential_evolution_staged_direct_search,True,182,-556.0907038577394,8,False,maxiter_budget
2025-08-03,M612,2165.092686261173,1519.5371550000004,21,51063.78062166762,51200.98093098532,50521.770173279016,271.005224194302,408.20553351200607,2442.663755355245,53643.644686340565,806.2260379457459,553.7822176834886,3,1.3503741000167793,1.4993848000012804,0,differential_evolution_staged_direct_search,True,47,-3493.674740301305,8,False,maxiter_budget,36,differential_evolution_staged_direct_search,True,52,-3664.0048018251123,4,True,population_collapse_convergence,72,differential_evolution_staged_direct_search,True,182,-347.1631918461867,8,False,maxiter_budget
2025-08-04,M612,1519.5371550000004,1947.8185041018671,21,56066.70557007988,56341.991669270355,53307.22927048598,1379.7381497969473,1655.0242489874272,183.9805773499991,56525.97224662035,3309.9798215932037,2267.107465083644,3,2.20072560000699,2.4612291999947047,0,differential_evolution_staged_direct_search,True,12,-4537.023663947385,1,True,population_collapse_convergence,36,differential_evolution_staged_direct_search,True,92,-3859.7451316341544,8,False,maxiter_budget,72,differential_evolution_staged_direct_search,True,182,-332.89944831025014,8,False,maxiter_budget
2025-08-05,M612,1947.8185041018671,1837.551821261832,21,54463.37955266501,55156.980017093316,53541.465704567934,460.9569240485364,1154.5573884768492,302.48848226666405,55459.46849935998,1188.2317349590426,1293.2882440090036,3,1.3380602000106592,1.7878507999994326,0,differential_evolution_staged_direct_search,True,12,-4994.262088511464,1,True,population_collapse_convergence,36,differential_evolution_staged_direct_search,True,42,-3886.7119559314474,3,True,population_collapse_convergence,72,differential_evolution_staged_direct_search,True,182,-404.42444516930254,8,False,maxiter_budget
2025-08-06,M612,1837.551821261832,1654.6777112287868,21,61981.650251444255,59567.59481462964,57153.53937781502,2414.0554368146236,0.0,0.0,59567.59481462964,6104.335077971503,0.0,3,1.862488900020253,2.0319573000015225,0,differential_evolution_staged_direct_search,True,12,-4437.632361626847,1,True,population_collapse_convergence,36,differential_evolution_staged_direct_search,True,42,-3464.520788257979,3,True,population_collapse_convergence,72,differential_evolution_staged_direct_search,True,182,-379.66059221591576,8,False,maxiter_budget
2025-08-07,M612,1654.6777112287868,1945.0626498148133,21,58975.32420497005,57195.68762527614,54043.525410688424,2465.8993971408154,686.2628174469116,73.70980781666738,57269.39743309281,10294.297425771256,501.9671856157181,3,2.248762399991392,2.4526990999875125,0,differential_evolution_staged_direct_search,True,22,-4570.383497560259,3,True,population_collapse_convergence,36,differential_evolution_staged_direct_search,True,52,-4020.106029939445,4,True,population_collapse_convergence,72,differential_evolution_staged_direct_search,True,182,-584.5059566695489,8,False,maxiter_budget
2025-08-08,M612,1945.0626498148133,1943.0223230398437,21,23549.30524558261,23396.437104786495,23243.56896399038,152.86814079611804,0.0,0.0,23396.437104786495,365.7609979746943,0.0,3,1.4676197999942815,1.734687699994538,0,differential_evolution_staged_direct_search,True,22,-705.0891829126036,3,True,population_collapse_convergence,36,differential_evolution_staged_direct_search,True,42,-1881.5999999999997,3,True,population_collapse_convergence,72,differential_evolution_staged_direct_search,True,182,-246.96389362132885,8,False,maxiter_budget
2025-08-09,M612,1943.0223230398437,1688.4715057407439,21,23400.49429532527,23285.270918938564,23170.04754255186,115.22337638670325,0.0,179.8286409973984,23465.099559935963,199.88440291283655,0.0,3,2.3426533000019845,2.5381844000075944,0,differential_evolution_staged_direct_search,True,47,-487.6166186742781,8,False,maxiter_budget,36,differential_evolution_staged_direct_search,True,32,-1462.7999999999997,2,True,population_collapse_convergence,72,differential_evolution_staged_direct_search,True,182,-156.91024545101106,8,False,maxiter_budget
2025-08-10,M612,1688.4715057407439,2365.711195040732,21,57926.23528080978,56269.51106565012,54612.78685049046,1656.724215159657,0.0,162.89839999999973,56432.40946565012,4867.281970101074,0.0,3,1.655347099993378,1.8756611999997403,0,differential_evolution_staged_direct_search,True,17,-3064.5319880066563,2,True,population_collapse_convergence,36,differential_evolution_staged_direct_search,True,42,-3117.952629942909,3,True,population_collapse_convergence,72,differential_evolution_staged_direct_search,True,162,-326.6494607311553,7,True,population_collapse_convergence
2025-08-11,M612,2365.711195040732,1953.0644244444452,21,53315.60756642399,53604.436117444806,51881.4477641882,717.0799011178924,1005.9084521387057,1119.9476111749946,54724.3837286198,3492.751988517817,852.2847448091943,3,2.0485262000147486,2.367515599995386,0,differential_evolution_staged_direct_search,True,17,-4360.144664564215,2,True,population_collapse_convergence,36,differential_evolution_staged_direct_search,True,42,-3212.9074694012884,3,True,population_collapse_convergence,72,differential_evolution_staged_direct_search,True,182,-422.333813669336,8,False,maxiter_budget
2025-08-12,M612,1953.0644244444452,2027.8077150000008,21,57891.237822415096,56519.75171878966,54705.560174920894,1592.8388237471022,221.35272012166507,1094.8176265724214,57614.56934536208,6078.457497717682,158.65852152031005,3,2.5218258000095375,2.7583454999985406,0,differential_evolution_staged_direct_search,True,22,-3736.022088025583,3,True,population_collapse_convergence,36,differential_evolution_staged_direct_search,True,42,-3006.4371828218946,3,True,population_collapse_convergence,72,differential_evolution_staged_direct_search,True,182,-401.9303860788198,8,False,maxiter_budget
2025-08-13,M612,2027.8077150000008,2191.3059099931156,21,52751.25350013624,53459.279406534246,52368.11284911821,191.5703255090163,899.5962319070111,246.88526562499922,53706.16467215925,868.033758125176,932.1524556157685,3,2.268220099998871,2.4675701999949524,0,differential_evolution_staged_direct_search,True,47,-3780.627627168659,8,False,maxiter_budget,36,differential_evolution_staged_direct_search,True,92,-3122.277031982537,8,False,maxiter_budget,72,differential_evolution_staged_direct_search,True,182,-528.2739679097069,8,False,maxiter_budget
2025-08-14,M612,2191.3059099931156,2025.2091099878328,21,55005.579831114985,55390.878584455655,52891.38847919435,1057.0956759603164,1442.3944293009918,1489.7358587999965,56880.614443255654,3278.0696454648714,2064.5004196519185,3,1.0280618999968283,1.249747900001239,0,differential_evolution_staged_direct_search,True,17,-3748.6930614392304,2,True,population_collapse_convergence,36,differential_evolution_staged_direct_search,True,42,-2531.24990032995,3,True,population_collapse_convergence,72,differential_evolution_staged_direct_search,True,122,-323.6846099553467,5,True,population_collapse_convergence
2025-08-15,M612,2025.2091099878328,1838.4763080802143,21,23878.681199210583,23346.132118248657,22813.583037286728,532.5490809619298,0.0,0.0,23346.132118248657,1541.9415252430845,0.0,3,2.655348000014783,3.3601928999996744,0,differential_evolution_staged_direct_search,True,17,-270.92358367179617,2,True,population_collapse_convergence,36,differential_evolution_staged_direct_search,True,32,-798.0,2,True,population_collapse_convergence,72,differential_evolution_staged_direct_search,True,182,-121.57205750443048,8,False,maxiter_budget
2025-08-16,M612,1838.4763080802143,1982.2585031481542,21,25208.81001008718,24176.677636669203,23144.545263251224,1032.1323734179773,0.0,0.0,24176.677636669203,3348.383007599272,0.0,3,1.9996755000029225,2.243812300002901,0,differential_evolution_staged_direct_search,True,12,-611.1343634911756,1,True,population_collapse_convergence,36,differential_evolution_staged_direct_search,True,92,-2056.8000000000006,8,False,maxiter_budget,72,differential_evolution_staged_direct_search,True,182,-274.5282646208413,8,False,maxiter_budget
2025-08-17,M612,1982.2585031481542,2212.340630067379,21,55808.37870500707,55235.84267019048,53858.71672250025,974.8309912534138,402.29495643681906,859.0577160166664,56094.90038620715,4260.760881380872,268.7186613438145,3,4.545728100012639,4.772527699999046,0,differential_evolution_staged_direct_search,True,22,-4511.008577400351,3,True,population_collapse_convergence,36,differential_evolution_staged_direct_search,True,52,-4380.016163912864,4,True,population_collapse_convergence,72,differential_evolution_staged_direct_search,True,182,-516.8179208585011,8,False,maxiter_budget
2025-08-18,M612,2212.340630067379,2298.121023495807,21,55631.59337414306,54706.21895965864,53780.8445451742,925.3744144844326,0.0,930.6141008416686,55636.83306050031,3078.23601308608,0.0,3,4.077386100019794,4.543336299990187,0,differential_evolution_staged_direct_search,True,17,-4271.654065512611,2,True,population_collapse_convergence,36,differential_evolution_staged_direct_search,True,92,-3323.5413886307,8,False,maxiter_budget,72,differential_evolution_staged_direct_search,True,182,-253.6845993845767,8,False,maxiter_budget
2025-08-19,M612,2298.121023495807,2020.0040527178617,21,54832.71720961914,53911.26281695688,52989.80842429461,921.4543926622634,0.0,1270.3383653249962,55181.60118228188,3533.2866369195212,0.0,3,3.1228747999848565,3.543248699992546,0,differential_evolution_staged_direct_search,True,17,-4033.9761289368553,2,True,population_collapse_convergence,36,differential_evolution_staged_direct_search,True,32,-3095.049286268092,2,True,population_collapse_convergence,72,differential_evolution_staged_direct_search,True,142,-158.68857983995667,6,True,population_collapse_convergence
2025-08-20,M612,2020.0040527178617,1856.1360173228463,21,60132.73932491755,58358.69973147688,56289.28909509377,1921.7251149118931,147.6855214712246,1288.735652149997,59647.43538362688,6496.98252285922,118.17522473579709,3,4.534144500008551,4.821650599988061,0,differential_evolution_staged_direct_search,True,22,-4544.18735975926,3,True,population_collapse_convergence,36,differential_evolution_staged_direct_search,True,92,-2701.1939733340537,8,False,maxiter_budget,72,differential_evolution_staged_direct_search,True,182,-537.4652514900588,8,False,maxiter_budget
2025-08-21,M612,1856.1360173228463,2167.180479736222,21,56590.85149739081,55296.21550822315,54001.57951653961,1294.6359904255987,1.2579391939624427e-06,0.0,55296.21550822315,4964.242122737709,1.4161197725570673e-06,3,3.980543099969509,4.650213899993105,0,differential_evolution_staged_direct_search,True,17,-4423.565373529026,2,True,population_collapse_convergence,36,differential_evolution_staged_direct_search,True,42,-3917.180071316268,3,True,population_collapse_convergence,72,differential_evolution_staged_direct_search,True,182,-501.04303400159273,8,False,maxiter_budget
2025-08-22,M612,2167.180479736222,1675.262957777778,21,23583.106338580517,23276.895130197263,22970.68392181401,306.2112083832552,0.0,420.8678541997322,23697.762984396995,802.1767507774684,0.0,3,3.6503537999815308,4.405994699991425,0,differential_evolution_staged_direct_search,True,17,-433.43394229476024,2,True,population_collapse_convergence,36,differential_evolution_staged_direct_search,True,42,-1342.7999999999997,3,True,population_collapse_convergence,72,differential_evolution_staged_direct_search,True,182,-197.92784281287726,8,True,maxiter_budget
2025-08-23,M612,1675.262957777778,1997.8578783333346,21,22975.99508221468,23600.747960574976,22975.99508221468,0.0,624.7528783602957,0.0,23600.747960574976,0.0,635.6149266307985,3,1.0139551000029314,1.446001399992383,0,differential_evolution_staged_direct_search,True,47,-292.4493189019169,8,False,maxiter_budget,36,differential_evolution_staged_direct_search,True,62,-822.0,5,True,population_collapse_convergence,72,differential_evolution_staged_direct_search,True,182,-27.389985742301945,8,False,maxiter_budget
2025-08-24,M612,1997.8578783333346,2381.3694095571464,21,54618.296670115255,54324.81177638802,53746.440833458175,435.9279183285411,142.44302460130893,146.56482770833253,54471.37660409635,1670.3487070605902,117.46594583280051,3,3.536626700006309,3.624758899997687,0,differential_evolution_staged_direct_search,True,12,-3530.137331200584,1,True,population_collapse_convergence,36,differential_evolution_staged_direct_search,True,32,-3306.83392298172,2,True,population_collapse_convergence,72,differential_evolution_staged_direct_search,True,182,-393.8527529063467,8,False,maxiter_budget
2025-08-25,M612,2381.3694095571464,2137.9192727777768,21,68334.88462681978,62866.27004109167,57397.65545536356,5468.614585728114,0.0,419.74115159999985,63286.01119269167,16192.42470371641,0.0,3,3.1883749999833526,3.382060599993565,0,differential_evolution_staged_direct_search,True,17,-3987.2031247427985,2,True,population_collapse_convergence,36,differential_evolution_staged_direct_search,True,32,-3628.223513204048,2,True,population_collapse_convergence,72,differential_evolution_staged_direct_search,True,182,-224.26065199275044,8,False,maxiter_budget
2025-08-26,M612,2137.9192727777768,2560.3988730840033,21,54609.86520171129,54494.291884790604,53717.35475862673,446.2552215422803,330.6819046215902,263.0723552333338,54757.36424002394,1000.1573206279091,555.0008051907582,3,1.1181718000007095,1.3938514000037685,0,differential_evolution_staged_direct_search,True,22,-4764.594774920949,3,True,population_collapse_convergence,36,differential_evolution_staged_direct_search,True,32,-3982.878353686289,2,True,population_collapse_convergence,72,differential_evolution_staged_direct_search,True,142,-495.6506655432493,6,True,population_collapse_convergence
2025-08-27,M612,2560.3988730840033,2288.3205185015886,21,54447.53030870161,57873.71031096231,53929.961539697426,258.78438450208904,3684.9643867627947,0.0,57873.71031096231,1361.9860223744472,3927.165163329589,3,0.42013320000842214,0.5226734000025317,0,differential_evolution_staged_direct_search,True,12,-4898.563838969722,1,True,population_collapse_convergence,36,differential_evolution_staged_direct_search,True,32,-3815.1365889425642,2,True,population_collapse_convergence,72,differential_evolution_staged_direct_search,True,142,-599.0909808750165,6,True,population_collapse_convergence
2025-08-28,M612,2288.3205185015886,2284.9723215445742,21,53662.08328165818,58300.1195453613,53660.68723903092,0.6980213136301349,4638.734285016748,455.714133041666,58755.83367840297,1.9940617444083273,4534.391329985718,3,3.394283200002974,3.7292760999989696,0,differential_evolution_staged_direct_search,True,12,-4993.157711969334,1,True,population_collapse_convergence,36,differential_evolution_staged_direct_search,True,42,-3613.970899493488,3,True,population_collapse_convergence,72,differential_evolution_staged_direct_search,True,182,-515.476362198757,8,False,maxiter_budget
2025-08-29,M612,2284.9723215445742,2208.7684731416994,21,25141.61722902047,24778.642824223753,24415.66841942704,362.9744047967167,0.0,0.0,24778.642824223753,1010.6393894612347,0.0,3,3.8767899999947986,4.193784699993557,0,differential_evolution_staged_direct_search,True,17,-771.2589054197773,2,True,population_collapse_convergence,36,differential_evolution_staged_direct_search,True,92,-1732.8000000000002,8,False,maxiter_budget,72,differential_evolution_staged_direct_search,True,182,-298.69929413502786,8,False,maxiter_budget
2025-08-30,M612,2208.7684731416994,1694.3099828610425,21,24546.128941661387,24121.328005698037,23696.527069734682,424.80093596335223,0.0,0.0,24121.328005698037,1296.540036972061,0.0,3,1.8690787000086857,2.2292411000089487,0,differential_evolution_staged_direct_search,True,17,-641.2361880347016,2,True,population_collapse_convergence,36,differential_evolution_staged_direct_search,True,42,-1686.0,3,True,population_collapse_convergence,72,differential_evolution_staged_direct_search,True,162,-284.3598406063848,7,True,population_collapse_convergence
2025-08-31,M612,1694.3099828610425,2309.287822258258,21,54376.450653417414,54635.88831451876,52514.24176948797,931.1044419647238,1190.5421030660661,787.3637764999974,55423.25209101875,2562.208388508468,1467.878165691885,3,2.6140113000001293,3.04189980000956,0,differential_evolution_staged_direct_search,True,12,-3161.454454416475,1,True,population_collapse_convergence,36,differential_evolution_staged_direct_search,True,42,-2239.4417534163663,3,True,population_collapse_convergence,72,differential_evolution_staged_direct_search,True,182,-188.5847735494541,8,False,maxiter_budget
2025-09-01,M612,2309.287822258258,5948.831592777777,21,53445.98809962407,50840.91669362586,48194.990475482744,2625.4988120706653,20.427406072455497,0.0,50840.91669362586,10112.004632235155,17.432444582028893,3,3.898241800008691,4.226881800001138,0,differential_evolution_staged_direct_search,True,22,-4766.954244432884,3,True,population_collapse_convergence,36,differential_evolution_staged_direct_search,True,42,-3343.8115912943067,3,True,population_collapse_convergence,72,differential_evolution_staged_direct_search,True,182,-533.8060982713642,8,False,maxiter_budget
2025-09-02,M612,5948.831592777777,5648.69228148148,21,45583.35226047308,46550.867264873945,44829.2937948752,377.0292327989444,1344.5442371998047,0.0,46550.867264873945,2144.092092092251,1684.293517353054,3,2.9417893999780063,3.4734068999969168,0,differential_evolution_staged_direct_search,True,12,-3672.6535708444135,1,True,population_collapse_convergence,36,differential_evolution_staged_direct_search,True,92,-2723.980281633352,8,False,maxiter_budget,72,differential_evolution_staged_direct_search,True,122,-384.38565394219046,5,True,population_collapse_convergence
2025-09-03,M612,5648.69228148148,5596.134995370369,21,49854.82753450368,48746.96992830669,47303.76418655861,1275.531673972532,167.67406777554106,0.0,48746.96992830669,5461.46921134258,146.70891837300042,3,3.3843684000021312,3.680802200004109,0,differential_evolution_staged_direct_search,True,47,-3760.383744566479,8,False,maxiter_budget,36,differential_evolution_staged_direct_search,True,42,-3042.876068990631,3,True,population_collapse_convergence,72,differential_evolution_staged_direct_search,True,182,-424.9278797593423,8,False,maxiter_budget
2025-09-04,M612,5596.134995370369,5447.522305080798,21,48805.94084795697,47856.87656625756,46907.812284558146,949.0642816994122,0.0,0.0,47856.87656625756,3333.274890746872,0.0,3,3.369266299996525,3.7537634000036633,0,differential_evolution_staged_direct_search,True,17,-4461.0120998764305,2,True,population_collapse_convergence,36,differential_evolution_staged_direct_search,True,92,-4088.25308170018,8,False,maxiter_budget,72,differential_evolution_staged_direct_search,True,182,-391.7461924610163,8,False,maxiter_budget
2025-09-05,M612,5447.522305080798,5173.52229808919,21,19359.65235203829,18991.936219289462,18624.220086540627,367.71613274883134,0.0,0.0,18991.936219289462,1091.7283684316503,0.0,3,1.1475456000043778,1.3554291000036756,0,differential_evolution_staged_direct_search,True,17,-824.8536641480281,2,True,population_collapse_convergence,36,differential_evolution_staged_direct_search,True,62,-1939.1999999999996,5,True,population_collapse_convergence,72,differential_evolution_staged_direct_search,True,142,-359.38355061879804,6,True,population_collapse_convergence
2025-09-06,M612,5173.52229808919,5698.608128179295,21,20017.533034070373,19812.09643083517,19606.659827599964,205.43660323520498,0.0,0.0,19812.09643083517,555.3785503946626,0.0,3,1.6721631999971578,1.9011384999903385,0,differential_evolution_staged_direct_search,True,17,-572.631215463721,2,True,population_collapse_convergence,36,differential_evolution_staged_direct_search,True,42,-1380.0,3,True,population_collapse_convergence,72,differential_evolution_staged_direct_search,True,122,-231.36004890671475,5,True,population_collapse_convergence
2025-09-07,M612,5698.608128179295,5410.496896296297,21,45581.23006132172,47034.94027779762,44816.018561666584,382.60574982756924,1836.3159663034728,0.0,47034.94027779762,1534.4418106289656,2551.5073318257337,3,3.9964613000047393,4.312263900006656,0,differential_evolution_staged_direct_search,True,12,-4443.457498392681,1,True,population_collapse_convergence,36,differential_evolution_staged_direct_search,True,92,-3768.261444162219,8,False,maxiter_budget,72,differential_evolution_staged_direct_search,True,182,-745.8819640685106,8,False,maxiter_budget
2025-09-08,M612,5410.496896296297,1312.440156481481,21,41229.07300856088,41804.999683094335,39195.68105798385,1016.6959752885149,1592.6226498219671,17.117500577373818,41822.11718367171,4586.113072464452,1373.9275513646521,3,3.8958807999879355,4.305428199993912,0,differential_evolution_staged_direct_search,True,17,-4336.793867328237,2,True,population_collapse_convergence,36,differential_evolution_staged_direct_search,True,92,-3156.9383209964603,8,False,maxiter_budget,72,differential_evolution_staged_direct_search,True,182,-891.8270057900365,8,False,maxiter_budget
2025-09-09,M612,1312.440156481481,1461.3145385185187,21,38583.335467459976,39795.63292583723,38583.33546745998,0.0,1212.2974583772482,1061.57723033595,40857.210156173176,0.0,1059.7913568614078,3,1.8999978000065312,2.164873199988506,0,differential_evolution_staged_direct_search,True,17,-3349.9553901768763,2,True,population_collapse_convergence,36,differential_evolution_staged_direct_search,True,62,-3090.0712576286305,5,True,population_collapse_convergence,72,differential_evolution_staged_direct_search,True,162,-552.951605982393,7,True,population_collapse_convergence
2025-09-10,M612,1461.3145385185187,1943.671840853605,21,45463.74461254767,44874.413617923245,43262.77387254319,1100.4853700022388,511.1543753778164,0.0,44874.413617923245,4053.096656823832,453.26531534070233,3,2.224148699984653,2.6325549999892246,0,differential_evolution_staged_direct_search,True,12,-4466.678965104128,1,True,population_collapse_convergence,36,differential_evolution_staged_direct_search,True,52,-3241.0070594797517,4,True,population_collapse_convergence,72,differential_evolution_staged_direct_search,True,182,-774.8923202147747,8,False,maxiter_budget
2025-09-11,M612,1943.671840853605,1624.832408155519,21,44129.92182427463,41701.679393803905,39273.43696333319,2428.242430470721,0.0,0.0,41701.679393803905,9695.368095366033,0.0,3,3.645315700006904,4.027995900003589,0,differential_evolution_staged_direct_search,True,47,-3935.875163691024,8,False,maxiter_budget,36,differential_evolution_staged_direct_search,True,32,-3000.4886504743117,2,True,population_collapse_convergence,72,differential_evolution_staged_direct_search,True,182,-912.4174940159738,8,False,maxiter_budget
2025-09-12,M612,1624.832408155519,1711.1339422617639,21,15206.482926920213,15130.156864940469,15053.830802960725,76.32606197974388,0.0,0.0,15130.156864940469,154.62309951734068,0.0,3,2.719123300004867,3.123878099999274,0,differential_evolution_staged_direct_search,True,22,-817.597346837559,3,True,population_collapse_convergence,36,differential_evolution_staged_direct_search,True,32,-1744.8000000000004,2,True,population_collapse_convergence,72,differential_evolution_staged_direct_search,True,182,-358.67350727861924,8,False,maxiter_budget
2025-09-13,M612,1711.1339422617639,1767.1486360173967,21,14859.501625211036,14773.87134096687,14682.559559003872,88.47103310358068,2.8407488594161614,0.0,14773.87134096687,172.0899039155729,5.435799577910757,3,1.3193350000074133,1.6730665999930352,0,differential_evolution_staged_direct_search,True,12,-392.7622942364117,1,True,population_collapse_convergence,36,differential_evolution_staged_direct_search,True,52,-840.0,4,True,population_collapse_convergence,72,differential_evolution_staged_direct_search,True,182,-233.00379772672252,8,False,maxiter_budget
2025-09-14,M612,1767.1486360173967,1243.33449,21,48074.23747852959,45246.67375811334,42419.11003769709,2827.5637204162463,0.0,534.896688371003,45781.570446484344,9090.54614005973,0.0,3,3.0027617000159808,3.2644049000082305,0,differential_evolution_staged_direct_search,True,17,-4284.61165748408,2,True,population_collapse_convergence,36,differential_evolution_staged_direct_search,True,42,-2932.345654388697,3,True,population_collapse_convergence,72,differential_evolution_staged_direct_search,True,142,-1088.7288712712325,6,True,population_collapse_convergence
2025-09-15,M612,1243.33449,1778.285831666668,21,41022.58710949197,40936.43940445888,40850.29169942578,86.14770503309575,0.0,92.78765555281015,41029.22706001169,236.6037229619235,0.0,3,3.4096909999934724,3.710217499989085,0,differential_evolution_staged_direct_search,True,22,-4000.3927328787845,3,True,population_collapse_convergence,36,differential_evolution_staged_direct_search,True,92,-3644.179325914967,8,False,maxiter_budget,72,differential_evolution_staged_direct_search,True,182,-1069.376804051431,8,False,maxiter_budget
2025-09-16,M612,1778.285831666668,1275.8299997317024,21,48653.01046018191,45658.76863791036,42506.89844081366,3073.0560096841273,78.81418741257652,32.39882176666639,45691.167459677024,10357.646112244096,52.91705533411675,3,2.8736067000136245,3.3055996999901254,0,differential_evolution_staged_direct_search,True,17,-3080.268426675273,2,True,population_collapse_convergence,36,differential_evolution_staged_direct_search,True,42,-2101.351599346501,3,True,population_collapse_convergence,72,differential_evolution_staged_direct_search,True,182,-768.1255405151572,8,False,maxiter_budget
2025-09-17,M612,1275.8299997317024,1511.9753933822499,21,46415.6337956505,44645.64929282814,42875.66479000577,1769.9845028223667,0.0,0.0,44645.64929282814,5313.4122536600125,0.0,3,2.9236853000184055,3.168525300003239,0,differential_evolution_staged_direct_search,True,17,-4320.313344957874,2,True,population_collapse_convergence,36,differential_evolution_staged_direct_search,True,92,-2588.2143502838394,8,False,maxiter_budget,72,differential_evolution_staged_direct_search,True,182,-1103.6609996446434,8,False,maxiter_budget
2025-09-18,M612,1511.9753933822499,1356.9763203703703,21,40706.61935351278,43595.72373803893,40519.209947975905,93.70470276843615,2982.809087294582,263.12057193303326,43858.84430997196,142.293065430119,4506.279837995659,3,2.261736900007236,2.478598999994574,0,differential_evolution_staged_direct_search,True,12,-3552.756887616445,1,True,population_collapse_convergence,36,differential_evolution_staged_direct_search,True,62,-2138.025943454061,5,True,population_collapse_convergence,72,differential_evolution_staged_direct_search,True,142,-827.1783624814345,6,True,population_collapse_convergence
2025-09-19,M612,1356.9763203703703,1909.9403638931606,21,15748.60614482794,15581.124085656887,15413.642026485839,167.48205917104903,0.0,0.0,15581.124085656887,391.27969342159207,0.0,3,1.0351933000056306,1.180230300000403,0,differential_evolution_staged_direct_search,True,12,-603.498588216797,1,True,population_collapse_convergence,36,differential_evolution_staged_direct_search,True,92,-1341.8335627010395,8,False,maxiter_budget,72,differential_evolution_staged_direct_search,True,182,-338.894144994643,8,False,maxiter_budget
2025-09-20,M612,1909.9403638931606,1781.593083812385,21,15212.499176695272,14948.715899296682,14684.932621898091,263.7832773985898,0.0,358.4515395559455,15307.167438852626,657.9510642704632,0.0,3,2.1861465999973007,2.563598799999454,0,differential_evolution_staged_direct_search,True,17,-214.11079731717277,2,True,population_collapse_convergence,36,differential_evolution_staged_direct_search,True,92,-450.21022412362703,8,False,maxiter_budget,72,differential_evolution_staged_direct_search,True,142,-54.69599096124283,6,True,population_collapse_convergence
2025-09-21,M612,1781.593083812385,1799.1870620610289,21,46050.0037728837,44873.54750517168,43697.09123745965,1176.4562677120261,0.0,0.0,44873.54750517168,4290.064997297568,0.0,3,1.8196759000129532,2.210186300013447,0,differential_evolution_staged_direct_search,True,22,-4527.916248062881,3,True,population_collapse_convergence,36,differential_evolution_staged_direct_search,True,92,-3674.5126996370345,8,False,maxiter_budget,72,differential_evolution_staged_direct_search,True,182,-885.6628100815875,8,True,maxiter_budget
2025-09-22,M612,1799.1870620610289,1442.8387881481497,21,49096.75608157717,46256.9572134663,43417.15834535542,2839.7988681108764,0.0,71.12782666666574,46328.085040132966,8765.383827660475,0.0,3,1.1999573999928543,1.583797900006175,0,differential_evolution_staged_direct_search,True,12,-3765.3733891117,1,True,population_collapse_convergence,36,differential_evolution_staged_direct_search,True,92,-2726.3224662402445,8,False,maxiter_budget,72,differential_evolution_staged_direct_search,True,142,-966.6825466801744,6,True,population_collapse_convergence
2025-09-23,M612,1442.8387881481497,1865.0474044522348,21,48449.46441033393,47085.99520249381,45722.52599465369,1363.4692078401204,0.0,64.92170495000013,47150.91690744381,4742.754006174773,0.0,3,1.6165035000012722,1.7549186999967787,0,differential_evolution_staged_direct_search,True,17,-4488.5966142507605,2,True,population_collapse_convergence,36,differential_evolution_staged_direct_search,True,42,-2996.215477024706,3,True,population_collapse_convergence,72,differential_evolution_staged_direct_search,True,182,-1090.5046259703236,8,True,maxiter_budget
2025-09-24,M612,1865.0474044522348,2173.052755925925,21,41581.660436092454,44316.75301757606,41581.660436092454,0.0,2735.09258148361,0.0,44316.75301757606,0.0,3451.8217287656353,3,1.426683799989405,1.5819038000045111,0,differential_evolution_staged_direct_search,True,22,-3872.896890931218,3,True,population_collapse_convergence,36,differential_evolution_staged_direct_search,True,32,-2460.6157480026704,2,True,population_collapse_convergence,72,differential_evolution_staged_direct_search,True,182,-795.1091881250828,8,False,maxiter_budget
2025-09-25,M612,2173.052755925925,2047.5906078586559,21,45803.02050662427,46054.933264154766,44464.86623385799,669.0771363831407,920.9898939136361,0.0,46054.933264154766,3007.4945462313626,1273.6216726581674,3,0.9222221999953035,1.1279954999918118,0,differential_evolution_staged_direct_search,True,17,-4297.619784174602,2,True,population_collapse_convergence,36,differential_evolution_staged_direct_search,True,82,-2982.22404889065,7,True,population_collapse_convergence,72,differential_evolution_staged_direct_search,True,82,-970.5341221303645,3,True,population_collapse_convergence
2025-09-26,M612,2047.5906078586559,2011.3932466666704,21,16030.914149844211,15598.804909625433,15166.69566940665,432.10924021878066,0.0,0.0,15598.804909625433,1335.60656184431,0.0,3,1.8773184999881778,2.0020698999869637,0,differential_evolution_staged_direct_search,True,12,-1176.7890865206423,1,True,population_collapse_convergence,36,differential_evolution_staged_direct_search,True,32,-2372.7493252008794,2,True,population_collapse_convergence,72,differential_evolution_staged_direct_search,True,182,-577.0002329117164,8,False,maxiter_budget
2025-09-27,M612,2011.3932466666704,1636.320481111114,21,16053.686483216381,16165.663655001656,16052.80396389512,0.44125966062932126,112.41843144590439,0.0,16165.663655001656,2.37747661977005,137.45369653034612,3,0.9896377999975812,1.4858257000014419,0,differential_evolution_staged_direct_search,True,12,-550.58588945155,1,True,population_collapse_convergence,36,differential_evolution_staged_direct_search,True,92,-1149.5999999999997,8,False,maxiter_budget,72,differential_evolution_staged_direct_search,True,142,-224.0211512643901,6,True,population_collapse_convergence
2025-09-28,M612,1636.320481111114,2345.887490143615,21,47411.04643981709,48001.1320687409,46588.12949112909,411.4584743440008,1001.5441032678148,0.0,48001.1320687409,1424.5017618457828,1340.2195276329185,3,2.142917300006957,2.407756900007371,0,differential_evolution_staged_direct_search,True,17,-4319.215863492063,2,True,population_collapse_convergence,36,differential_evolution_staged_direct_search,True,92,-2868.8477339562396,8,False,maxiter_budget,72,differential_evolution_staged_direct_search,True,142,-717.6622641382803,6,True,population_collapse_convergence
2025-09-29,M612,2345.887490143615,2032.790957466653,21,49931.334816179224,47751.32241138603,45571.31000659283,2180.012404793196,0.0,912.1951036441724,48663.5175150302,6372.611602487751,0.0,3,1.0576641999941785,1.2439066999941133,0,differential_evolution_staged_direct_search,True,12,-4567.482079172104,1,True,population_collapse_convergence,36,differential_evolution_staged_direct_search,True,22,-2883.3314695759877,1,True,population_collapse_convergence,72,differential_evolution_staged_direct_search,True,142,-755.8640469469467,6,True,population_collapse_convergence
2025-09-30,M612,2032.790957466653,2331.546736376804,21,49927.772023480036,49945.16374917515,48881.25729159732,523.2573659413598,540.6490916364723,83.61185351666666,50028.77560269182,1143.6401277022246,469.309995544004,3,2.2551122999866493,2.5238889000029303,0,differential_evolution_staged_direct_search,True,47,-3924.0797876232605,8,False,maxiter_budget,36,differential_evolution_staged_direct_search,True,52,-1929.3432212693046,4,True,population_collapse_convergence,72,differential_evolution_staged_direct_search,True,182,-464.2020757470109,8,True,maxiter_budget
2025-10-01,M612,2331.546736376804,4364.129015202915,21,43368.88318146797,42180.25775932659,40991.632337185205,1188.6254221413824,0.0,0.0,42180.25775932659,6032.312667649863,0.0,3,0.7111406000040006,0.9073172000062186,0,differential_evolution_staged_direct_search,True,17,-4439.932526442582,2,True,population_collapse_convergence,36,differential_evolution_staged_direct_search,True,22,-3446.061202324066,1,True,population_collapse_convergence,72,differential_evolution_staged_direct_search,True,122,-696.1604095255027,5,True,population_collapse_convergence
2025-10-02,M612,4364.129015202915,4502.836773299382,21,47205.90041053332,43541.14021908047,39876.38002762763,3664.7601914528454,0.0,0.0,43541.14021908047,12172.412519593643,0.0,3,1.5741734000039287,1.6969727000105195,0,differential_evolution_staged_direct_search,True,17,-4342.738995735842,2,True,population_collapse_convergence,36,differential_evolution_staged_direct_search,True,52,-2977.1258201927403,4,True,population_collapse_convergence,72,differential_evolution_staged_direct_search,True,182,-615.5715388200674,8,False,maxiter_budget
2025-10-03,M612,4502.836773299382,4317.627589814813,21,13284.281899433288,13362.645277683994,13284.281899433288,0.0,78.36337825070606,0.0,13362.645277683994,0.0,95.66047741227374,3,1.1305340000108117,1.360025999994832,0,differential_evolution_staged_direct_search,True,17,-982.76514732953,2,True,population_collapse_convergence,36,differential_evolution_staged_direct_search,True,92,-2143.1999999999994,8,False,maxiter_budget,72,differential_evolution_staged_direct_search,True,182,-469.3206347089918,8,False,maxiter_budget
2025-10-04,M612,4317.627589814813,4179.228214621981,21,15148.070617833393,14998.410565804392,14841.890325022368,153.09014640551226,3.430094376509624,0.0,14998.410565804392,336.64489900608334,7.619891983804564,3,2.3738117999891983,2.4944149000075413,0,differential_evolution_staged_direct_search,True,22,-1326.4470822650806,3,True,population_collapse_convergence,36,differential_evolution_staged_direct_search,True,42,-2496.0,3,True,population_collapse_convergence,72,differential_evolution_staged_direct_search,True,182,-527.8295242394424,8,False,maxiter_budget
2025-10-05,M612,4179.228214621981,4134.056810555557,21,45835.2598377143,42820.99260339619,39781.957067052266,3026.651385331017,12.384151012912287,0.0,42820.99260339619,11270.222513226603,11.427128892116684,3,3.170619800017448,3.333716599998297,0,differential_evolution_staged_direct_search,True,32,-4635.475042502059,5,True,population_collapse_convergence,36,differential_evolution_staged_direct_search,True,92,-2680.48573209454,8,False,maxiter_budget,72,differential_evolution_staged_direct_search,True,162,-908.7996495259916,7,True,population_collapse_convergence
2025-10-06,M612,4134.056810555557,4039.9689471820147,21,41000.24128114729,42718.97209008306,40804.01216522787,98.11455795971087,1816.8453668954749,0.0,42718.97209008306,253.3349090408081,2481.212140067434,3,2.2196174999844516,2.9884770999924513,0,differential_evolution_staged_direct_search,True,12,-4448.328534574956,1,True,population_collapse_convergence,36,differential_evolution_staged_direct_search,True,42,-2929.5137908868464,3,True,population_collapse_convergence,72,differential_evolution_staged_direct_search,True,182,-702.1131242135118,8,False,maxiter_budget
2025-10-07,M612,4039.9689471820147,3947.9902235786403,21,42686.47965674618,43454.61230938713,41616.03287990804,535.2233884190739,1303.356041060017,0.0,43454.61230938713,2504.2618243332518,1100.2820905542028,3,2.2152863000083016,2.5222742000041762,0,differential_evolution_staged_direct_search,True,17,-4305.172568748259,2,True,population_collapse_convergence,36,differential_evolution_staged_direct_search,True,92,-2480.3283414535304,8,False,maxiter_budget,72,differential_evolution_staged_direct_search,True,182,-658.5390422101985,8,False,maxiter_budget
2025-10-08,M612,3947.9902235786403,1595.7162092592594,21,38414.48762051868,37972.56626524911,37517.15705645301,448.6652820328341,6.743926763258473,1417.408814332939,39389.975079582044,1590.9358857340005,10.83361729037506,3,2.625725399979274,2.842730299991672,0,differential_evolution_staged_direct_search,True,17,-2794.0013907834614,2,True,population_collapse_convergence,36,differential_evolution_staged_direct_search,True,42,-1711.6162415226468,3,True,population_collapse_convergence,72,differential_evolution_staged_direct_search,True,182,-427.0754991255,8,False,maxiter_budget
2025-10-09,M612,1595.7162092592594,1507.7290553703701,21,46039.961842145785,42352.35323739989,38664.74463265397,3687.6086047459085,0.0,1746.0514354310885,44098.40467283098,12580.198684565994,0.0,3,2.9944232999841915,3.1770424999995157,0,differential_evolution_staged_direct_search,True,17,-3877.2711484693014,2,True,population_collapse_convergence,36,differential_evolution_staged_direct_search,True,32,-2354.7510502113037,2,True,population_collapse_convergence,72,differential_evolution_staged_direct_search,True,182,-684.9183038775541,8,False,maxiter_budget
2025-10-10,M612,1507.7290553703701,1253.8509546296295,21,13377.486778262835,13150.917086094982,12924.347393927124,226.5696921678561,0.0,683.1715845487978,13834.08867064378,689.8913755371593,0.0,3,0.7765367999963928,0.9334344000089914,0,differential_evolution_staged_direct_search,True,12,-569.1697198670689,1,True,population_collapse_convergence,36,differential_evolution_staged_direct_search,True,42,-1108.7999999999997,3,True,population_collapse_convergence,72,differential_evolution_staged_direct_search,True,122,-56.48851333580387,5,True,population_collapse_convergence
2025-10-11,M612,1253.8509546296295,1646.4469950065347,21,13819.1960855765,13727.014771093116,13634.833456609733,92.18131448338367,0.0,928.3788552474678,14655.393626340583,234.32457249802593,0.0,3,2.3095466999948258,2.485125099992729,0,differential_evolution_staged_direct_search,True,17,-891.9164429601472,2,True,population_collapse_convergence,36,differential_evolution_staged_direct_search,True,42,-1581.5095215322804,3,True,population_collapse_convergence,72,differential_evolution_staged_direct_search,True,182,-121.4501904943869,8,False,maxiter_budget
2025-10-12,M612,1646.4469950065347,1339.396653148148,21,40822.84299096513,40261.65655426624,39591.609143542206,615.616923711461,54.43048701257993,4441.175850151341,44702.83240441758,2819.079258354964,44.67078554646878,3,3.153462300004321,3.501438000006601,0,differential_evolution_staged_direct_search,True,17,-3893.329706983048,2,True,population_collapse_convergence,36,differential_evolution_staged_direct_search,True,42,-2958.813240299332,3,True,population_collapse_convergence,72,differential_evolution_staged_direct_search,True,182,-639.0558033623082,8,False,maxiter_budget
2025-10-13,M612,1339.396653148148,1663.4792596589484,21,42808.83378765505,41526.11357093236,39041.95907634447,1883.4373556552923,600.7171389325911,0.0,41526.11357093236,7227.336129952804,530.0132779933044,3,2.9196759999904316,3.1735387000080664,0,differential_evolution_staged_direct_search,True,17,-3951.4160423280437,2,True,population_collapse_convergence,36,differential_evolution_staged_direct_search,True,42,-2300.292310094272,3,True,population_collapse_convergence,72,differential_evolution_staged_direct_search,True,182,-559.5460201590595,8,False,maxiter_budget
2025-10-14,M612,1663.4792596589484,1340.707159814815,21,44967.82270290174,44005.38317866738,42023.450652984655,1472.1860249585445,509.7465007241866,383.66687125736223,44389.05004992474,4948.2936861149965,392.9521264006427,3,2.231322599996929,2.3820724000106566,0,differential_evolution_staged_direct_search,True,12,-4091.0281199294536,1,True,population_collapse_convergence,36,differential_evolution_staged_direct_search,True,82,-2229.879235981228,7,True,population_collapse_convergence,72,differential_evolution_staged_direct_search,True,182,-666.0443450153937,8,False,maxiter_budget
2025-10-15,M612,1340.707159814815,1622.2353879629663,21,47111.640609007176,44896.20894876261,42680.77728851804,2215.4316602445665,0.0,0.0,44896.20894876261,6548.693022777357,0.0,3,2.2303842999972403,2.395950799997081,0,differential_evolution_staged_direct_search,True,12,-4438.945467372134,1,True,population_collapse_convergence,36,differential_evolution_staged_direct_search,True,92,-3000.76028964075,8,False,maxiter_budget,72,differential_evolution_staged_direct_search,True,182,-787.1483990468043,8,False,maxiter_budget
2025-10-16,M612,1622.2353879629663,1616.5802732309257,21,45251.60394149318,45252.12855990647,43799.7502935516,725.9268239707898,726.4514423840753,0.0,45252.12855990647,1829.579928062237,609.6967115875615,3,2.6228520999866305,2.786683600003016,0,differential_evolution_staged_direct_search,True,12,-4003.448925573191,1,True,population_collapse_convergence,36,differential_evolution_staged_direct_search,True,52,-2234.830173077066,4,True,population_collapse_convergence,72,differential_evolution_staged_direct_search,True,182,-579.5723905287549,8,False,maxiter_budget
2025-10-17,M612,1616.5802732309257,1597.5387059507873,21,13091.055516290642,13699.855847327637,13086.364405769848,2.3455552603981413,611.1458862973926,0.0,13699.855847327637,13.764992154912477,643.0934072454979,3,3.773459800009732,4.060545799991814,0,differential_evolution_staged_direct_search,True,12,-237.55142988792986,1,True,population_collapse_convergence,36,differential_evolution_staged_direct_search,True,52,-468.0,4,True,population_collapse_convergence,72,differential_evolution_staged_direct_search,True,182,173.12710677986013,8,False,maxiter_budget
2025-10-18,M612,1597.5387059507873,1849.6291107935454,21,14398.96521639176,14064.239701489187,13729.514186586612,334.7255149025739,0.0,0.0,14064.239701489187,1112.1766653850843,0.0,3,2.633765400008997,2.7932283999980427,0,differential_evolution_staged_direct_search,True,17,-958.6527608093054,2,True,population_collapse_convergence,36,differential_evolution_staged_direct_search,True,92,-1842.1616781913162,8,False,maxiter_budget,72,differential_evolution_staged_direct_search,True,182,-234.38187951558973,8,False,maxiter_budget
2025-10-19,M612,1849.6291107935454,1602.2260587037044,21,46655.46151992418,45899.203390489594,44966.485178385,844.4881707695904,88.23004133500135,13.860134835822903,45913.063525325415,2622.050575313359,128.6881029258941,3,2.8652616999897873,3.0607469999958994,0,differential_evolution_staged_direct_search,True,12,-3690.323312874779,1,True,population_collapse_convergence,36,differential_evolution_staged_direct_search,True,92,-2660.053479489723,8,False,maxiter_budget,72,differential_evolution_staged_direct_search,True,182,-612.0616123460956,8,False,maxiter_budget
2025-10-20,M612,1602.2260587037044,1375.801578148148,21,49500.15251445688,47856.18286154174,46212.2132086266,1643.9696529151424,0.0,0.0,47856.18286154174,4803.584600434436,0.0,3,2.475058900003205,2.7424431999970693,0,differential_evolution_staged_direct_search,True,17,-4317.774253262787,2,True,population_collapse_convergence,36,differential_evolution_staged_direct_search,True,42,-3118.761973468634,3,True,population_collapse_convergence,72,differential_evolution_staged_direct_search,True,182,-754.2292349847573,8,False,maxiter_budget
2025-10-21,M612,1375.801578148148,1650.1998806840397,21,48810.47186918267,48506.44038759275,47298.499704724076,755.9860822292937,451.95460063938134,0.0,48506.44038759275,1771.3363160165204,545.9343794155809,3,2.945885699984501,3.102631100002327,0,differential_evolution_staged_direct_search,True,17,-3832.0082284930445,2,True,population_collapse_convergence,36,differential_evolution_staged_direct_search,True,32,-2160.67709058562,2,True,population_collapse_convergence,72,differential_evolution_staged_direct_search,True,182,-594.0146271049749,8,False,maxiter_budget
2025-10-22,M612,1650.1998806840397,1400.9796252479198,21,46450.33824088989,46636.84735764939,46392.25441916191,29.041910863987567,215.55102762348906,0.0,46636.84735764939,77.48495339585111,311.0657996744666,3,1.1465267999883508,1.354781500005629,0,differential_evolution_staged_direct_search,True,27,-3933.018973923102,4,True,population_collapse_convergence,36,differential_evolution_staged_direct_search,True,52,-2343.504379007677,4,True,population_collapse_convergence,72,differential_evolution_staged_direct_search,True,182,-672.1486924549997,8,False,maxiter_budget
2025-10-23,M612,1400.9796252479198,1719.046443514691,21,53547.66491364306,49464.77019653859,44403.88376706571,4571.890573288674,488.99585618421185,0.0,49464.77019653859,13317.922721033307,386.6551139723638,3,1.517116699993494,1.7949662000028184,0,differential_evolution_staged_direct_search,True,22,-3867.699177425044,3,True,population_collapse_convergence,36,differential_evolution_staged_direct_search,True,32,-2639.829335230098,2,True,population_collapse_convergence,72,differential_evolution_staged_direct_search,True,182,-577.6953877650262,8,False,maxiter_budget
2025-10-24,M612,1719.046443514691,1542.7253286143853,21,14247.15147906349,14231.454050264216,14215.756621464941,15.697428799275356,0.0,67.07432667632429,14298.52837694054,35.93736577465529,0.0,3,1.2789511000009952,1.5513533999910578,0,differential_evolution_staged_direct_search,True,17,-1178.8383763665743,2,True,population_collapse_convergence,36,differential_evolution_staged_direct_search,True,92,-1992.2850657523938,8,False,maxiter_budget,72,differential_evolution_staged_direct_search,True,102,-284.6898549249953,4,True,population_collapse_convergence
2025-10-25,M612,1542.7253286143853,1460.383734606374,21,14399.027803925524,14366.515967935768,14334.004131946009,32.51183598975799,0.0,345.86629759897613,14712.382265534743,98.70538425699624,0.0,3,2.9002320999861695,3.630400499998359,0,differential_evolution_staged_direct_search,True,17,-1200.0831561164252,2,True,population_collapse_convergence,36,differential_evolution_staged_direct_search,True,52,-2103.706183334747,4,True,population_collapse_convergence,72,differential_evolution_staged_direct_search,True,182,-382.26786181584333,8,False,maxiter_budget
2025-10-26,M612,1460.383734606374,2076.2549439287236,21,50825.59289229966,48467.60246141789,45967.52111176985,2429.0358902649064,71.04545938313589,0.0,48467.60246141789,6550.6972893632455,50.53863422947315,3,1.7209102000051644,1.9513162999937776,0,differential_evolution_staged_direct_search,True,17,-4074.3075101704876,2,True,population_collapse_convergence,36,differential_evolution_staged_direct_search,True,52,-2717.0233280203392,4,True,population_collapse_convergence,72,differential_evolution_staged_direct_search,True,182,-586.4692597140667,8,False,maxiter_budget
2025-10-27,M612,2076.2549439287236,2022.1283842592577,21,45711.603846507904,47586.50330115058,45116.20424338423,297.6998015618393,2172.599256204511,98.3100230666664,47684.81332421725,1449.1387481577412,2112.824161896776,3,1.2716901999810943,1.4275981999962823,0,differential_evolution_staged_direct_search,True,47,-3938.3329543668438,8,False,maxiter_budget,36,differential_evolution_staged_direct_search,True,32,-2602.1033948301947,2,True,population_collapse_convergence,72,differential_evolution_staged_direct_search,True,182,-554.0629579340855,8,False,maxiter_budget
2025-10-28,M612,2022.1283842592577,1944.1898435185212,21,45793.04141562764,48151.10763586819,45793.04141562764,0.0,2358.0662202405447,0.0,48151.10763586819,0.0,2338.947622272799,3,3.313053100006073,3.556578800009447,0,differential_evolution_staged_direct_search,True,17,-4363.905396564081,2,True,population_collapse_convergence,36,differential_evolution_staged_direct_search,True,42,-3258.189052340126,3,True,population_collapse_convergence,72,differential_evolution_staged_direct_search,True,182,-597.0809758693995,8,False,maxiter_budget
2025-10-29,M612,1944.1898435185212,1878.6357049999992,21,52376.78801189306,51541.55331546998,50103.18338425527,1136.8023138188905,301.5676173958115,0.0,51541.55331546998,2946.49455127666,209.99748710699492,3,1.1416133000166155,1.2912325000070268,0,differential_evolution_staged_direct_search,True,17,-4050.3572569860867,2,True,population_collapse_convergence,36,differential_evolution_staged_direct_search,True,42,-2241.1477999771414,3,True,population_collapse_convergence,72,differential_evolution_staged_direct_search,True,142,-576.7208819738262,6,True,population_collapse_convergence
2025-10-30,M612,1878.6357049999992,1731.0847561111145,21,46141.86294607388,48039.53306793336,45864.853717705475,138.5046141842026,2036.1747360436775,17.628294249999538,48057.16136218335,577.2822758847537,1825.0537043512336,3,0.9861686999938684,1.1213879999995697,0,differential_evolution_staged_direct_search,True,17,-4363.4921041642165,2,True,population_collapse_convergence,36,differential_evolution_staged_direct_search,True,32,-3475.8356925732487,2,True,population_collapse_convergence,72,differential_evolution_staged_direct_search,True,182,-587.856785039999,8,False,maxiter_budget
2025-10-31,M612,1731.0847561111145,2002.534374580785,21,15871.458141534544,15531.174382902713,15190.890624270882,340.28375863183123,0.0,0.0,15531.174382902713,1144.4044813110197,0.0,3,1.1158988999959547,1.3451783000055002,0,differential_evolution_staged_direct_search,True,47,-998.8805114763844,8,False,maxiter_budget,36,differential_evolution_staged_direct_search,True,62,-1497.6015062963581,5,True,population_collapse_convergence,72,differential_evolution_staged_direct_search,True,102,-254.83727739461665,4,True,population_collapse_convergence
2025-11-01,M612,2002.534374580785,2088.4359018683826,21,14759.7686898677,14648.87633897024,14537.983988072781,110.8923508974602,0.0,0.0,14648.87633897024,356.9526286315336,0.0,3,1.2007352999935392,1.4560264000028837,0,differential_evolution_staged_direct_search,True,12,-1286.1201789725837,1,True,population_collapse_convergence,36,differential_evolution_staged_direct_search,True,92,-1977.7050662678248,8,False,maxiter_budget,72,differential_evolution_staged_direct_search,True,182,-320.89289632272215,8,False,maxiter_budget
2025-11-02,M612,2088.4359018683826,1567.580926111111,21,50838.10371899246,51834.818262499015,48917.08602061799,960.5088491872326,1957.223392693781,763.4028398189859,52598.221102318,2248.5841486279205,1934.8504114323523,3,1.6790647000161698,1.8606808000040473,0,differential_evolution_staged_direct_search,True,17,-4392.286113100136,2,True,population_collapse_convergence,36,differential_evolution_staged_direct_search,True,92,-2806.0721592637587,8,False,maxiter_budget,72,differential_evolution_staged_direct_search,True,182,-701.692275350511,8,False,maxiter_budget
2025-11-03,M612,1567.580926111111,1884.717670097535,21,55242.69455628919,53184.40489026232,51126.115224235444,2058.289666026873,0.0,0.0,53184.40489026232,5212.798077868123,0.0,3,0.8434695000032661,1.0313577999913832,0,differential_evolution_staged_direct_search,True,17,-4167.932793474427,2,True,population_collapse_convergence,36,differential_evolution_staged_direct_search,True,92,-2763.354690224643,8,False,maxiter_budget,72,differential_evolution_staged_direct_search,True,102,-613.2681442481226,4,True,population_collapse_convergence
2025-11-04,M612,1884.717670097535,1473.769461666667,21,49746.47201895436,49593.441085822604,48501.457600730035,622.5072091121631,469.4762759804038,340.2349602296616,49933.676046052264,2397.2746719695706,456.40772117962376,3,2.0326097999932244,2.2536183999909554,0,differential_evolution_staged_direct_search,True,17,-4104.182917862041,2,True,population_collapse_convergence,36,differential_evolution_staged_direct_search,True,42,-2633.501780392067,3,True,population_collapse_convergence,72,differential_evolution_staged_direct_search,True,182,-666.6925816439281,8,False,maxiter_budget
2025-11-05,M612,1473.769461666667,1962.458414629629,21,57180.58796102541,54020.91073395964,50861.233506893856,3159.6772270657766,0.0,125.19035864916722,54146.101092608806,7883.575941155335,0.0,3,1.4627481999923475,1.6354670000000624,0,differential_evolution_staged_direct_search,True,17,-4339.324645982754,2,True,population_collapse_convergence,36,differential_evolution_staged_direct_search,True,92,-2567.2024125061776,8,False,maxiter_budget,72,differential_evolution_staged_direct_search,True,182,-626.6566920227544,8,False,maxiter_budget
2025-11-06,M612,1962.458414629629,1601.4609971136847,21,52947.92730587061,53078.989783155404,52201.87561272267,373.0258465739693,504.08832385876553,84.52195437407659,53163.51173752948,1021.9526881299939,357.36316616851866,3,4.056908599988674,4.283924700008356,0,differential_evolution_staged_direct_search,True,17,-3859.4435681853793,2,True,population_collapse_convergence,36,differential_evolution_staged_direct_search,True,42,-2229.878482034954,3,True,population_collapse_convergence,72,differential_evolution_staged_direct_search,True,182,-594.406599866224,8,False,maxiter_budget
2025-11-07,M612,1601.4609971136847,1788.8070105327442,21,14927.004635968766,14920.67327965147,14914.341923334174,6.331356317295019,0.0,0.0,14920.67327965147,17.46581360559253,0.0,3,2.7649421999958577,3.140781499998411,0,differential_evolution_staged_direct_search,True,12,-1700.680758560765,1,True,population_collapse_convergence,36,differential_evolution_staged_direct_search,True,52,-1594.4267540303679,4,True,population_collapse_convergence,72,differential_evolution_staged_direct_search,True,182,-423.8600236695939,8,False,maxiter_budget
2025-11-08,M612,1788.8070105327442,1773.213014409913,21,15247.289067443153,15189.782942456884,15132.276817470618,57.50612498626804,0.0,0.0,15189.782942456884,149.28632690366783,0.0,3,1.2565940000204137,1.399224900000263,0,differential_evolution_staged_direct_search,True,27,-1694.929116121882,4,True,population_collapse_convergence,36,differential_evolution_staged_direct_search,True,92,-2352.5829004021157,8,False,maxiter_budget,72,differential_evolution_staged_direct_search,True,142,-377.98702252365194,6,True,population_collapse_convergence
2025-11-09,M612,1773.213014409913,1921.5583686434006,21,54428.305552399615,53363.148906600174,52297.99226080073,1065.1566457994443,0.0,0.0,53363.148906600174,2993.0457396891943,0.0,3,1.0960157999797957,1.2867276000033598,0,differential_evolution_staged_direct_search,True,22,-4586.463401048404,3,True,population_collapse_convergence,36,differential_evolution_staged_direct_search,True,62,-2904.562470935539,5,True,population_collapse_convergence,72,differential_evolution_staged_direct_search,True,182,-783.4561202269384,8,False,maxiter_budget
2025-11-10,M612,1921.5583686434006,1580.1919668518515,21,55935.40561261508,57294.90100577487,53754.20513524646,1090.600238684308,2450.0956318440913,358.45265298056665,57653.35365875543,2459.8725264164773,2119.9616766242525,3,1.7368489000073168,1.8511077999864938,0,differential_evolution_staged_direct_search,True,17,-4200.725278130511,2,True,population_collapse_convergence,36,differential_evolution_staged_direct_search,True,52,-2283.1568726301784,4,True,population_collapse_convergence,72,differential_evolution_staged_direct_search,True,182,-650.2625266063267,8,False,maxiter_budget
2025-11-11,M612,1580.1919668518515,1848.2847190740736,21,57107.219485802874,54867.10734138769,52626.99519697249,2240.112144415189,0.0,0.0,54867.10734138769,5057.390370466908,0.0,3,0.8537881999800447,0.9387969999952475,0,differential_evolution_staged_direct_search,True,17,-4312.280803791888,2,True,population_collapse_convergence,36,differential_evolution_staged_direct_search,True,92,-2786.7210550409995,8,False,maxiter_budget,72,differential_evolution_staged_direct_search,True,142,-672.6710691315909,6,True,population_collapse_convergence
2025-11-12,M612,1848.2847190740736,1779.3467665574292,21,54095.67270553983,54920.29572333402,51803.73808750115,1145.9673090193414,1970.5903268135326,57.06534666666657,54977.36107000069,3413.2851366612713,1643.8505660058702,3,1.176271899996209,1.3766026999946916,0,differential_evolution_staged_direct_search,True,22,-4509.68427016461,3,True,population_collapse_convergence,36,differential_evolution_staged_direct_search,True,32,-2839.5318380537783,2,True,population_collapse_convergence,72,differential_evolution_staged_direct_search,True,182,-707.8407084499495,8,False,maxiter_budget
2025-11-13,M612,1779.3467665574292,1779.5870507407406,21,53430.077926126665,54248.834726055444,52309.92961042588,560.07415785039,1378.8309577791692,760.2952327259229,55009.12995878137,1743.030849026012,1032.9570637053052,3,0.9650042999855941,1.3392215000058059,0,differential_evolution_staged_direct_search,True,17,-4658.637676082303,2,True,population_collapse_convergence,36,differential_evolution_staged_direct_search,True,42,-3465.5828573950894,3,True,population_collapse_convergence,72,differential_evolution_staged_direct_search,True,102,-797.0054547472662,4,True,population_collapse_convergence
2025-11-14,M612,1779.5870507407406,1894.4700882173104,21,15764.739248027336,15632.018178882305,15499.297109737274,132.72106914503055,0.0,0.0,15632.018178882305,388.764018720909,0.0,3,2.8443903000152204,3.1871165000047768,0,differential_evolution_staged_direct_search,True,47,-1781.8339992872834,8,False,maxiter_budget,36,differential_evolution_staged_direct_search,True,52,-2326.236280109225,4,True,population_collapse_convergence,72,differential_evolution_staged_direct_search,True,122,-381.1239655583667,5,True,population_collapse_convergence
2025-11-15,M612,1894.4700882173104,1610.2188903703707,21,17213.04710714588,16597.897040208067,15982.746973270258,615.1500669378108,0.0,0.0,16597.897040208067,3273.825254145659,0.0,3,3.8813778000039747,4.852678100010962,0,differential_evolution_staged_direct_search,True,12,-2261.2532382037743,1,True,population_collapse_convergence,36,differential_evolution_staged_direct_search,True,22,-2431.06513629468,1,True,population_collapse_convergence,72,differential_evolution_staged_direct_search,True,182,-448.65462786971295,8,False,maxiter_budget
2025-11-16,M612,1610.2188903703707,1751.0046244444443,21,55670.102627036365,56996.243152653085,54938.95215871844,365.5752341589581,1691.7157597756848,0.0,56996.243152653085,1264.1533890182118,1252.176584160014,3,1.4290009999967879,1.5720339000108652,0,differential_evolution_staged_direct_search,True,12,-4218.084050676072,1,True,population_collapse_convergence,36,differential_evolution_staged_direct_search,True,42,-2727.7792078746456,3,True,population_collapse_convergence,72,differential_evolution_staged_direct_search,True,182,-658.2368027502291,8,False,maxiter_budget
2025-11-17,M612,1751.0046244444443,2254.3311873486527,21,53594.917437815544,57295.04593290778,53032.51987177739,281.19878301907437,3981.327278111312,0.0,57295.04593290778,897.9007758369827,3330.722882527054,3,1.5310448999953223,1.7515413999935845,0,differential_evolution_staged_direct_search,True,17,-3589.46267669998,2,True,population_collapse_convergence,36,differential_evolution_staged_direct_search,True,92,-2300.7984950653286,8,False,maxiter_budget,72,differential_evolution_staged_direct_search,True,182,-574.912095346131,8,False,maxiter_budget
2025-11-18,M612,2254.3311873486527,1966.5346583333353,21,56286.43309691065,55802.8576848163,55319.282272721946,483.5754120943516,0.0,0.0,55802.8576848163,994.3499881592039,0.0,3,2.912150499978452,3.0861356999957934,0,differential_evolution_staged_direct_search,True,17,-4169.240477905154,2,True,population_collapse_convergence,36,differential_evolution_staged_direct_search,True,52,-2469.0232905221137,4,True,population_collapse_convergence,72,differential_evolution_staged_direct_search,True,182,-614.8363134054858,8,False,maxiter_budget
2025-11-19,M612,1966.5346583333353,1650.9494964814821,21,55929.639659199005,59110.797573262345,55012.876942312665,458.3813584431696,3639.5392725065058,0.0,59110.797573262345,1417.389208280078,2815.254786684914,3,1.7421059000043897,2.0770704000024125,0,differential_evolution_staged_direct_search,True,17,-4186.037417960024,2,True,population_collapse_convergence,36,differential_evolution_staged_direct_search,True,32,-2515.8362620228186,2,True,population_collapse_convergence,72,differential_evolution_staged_direct_search,True,182,-714.6438841854603,8,False,maxiter_budget
2025-11-20,M612,1650.9494964814821,1824.6231161111155,21,55311.62809440668,56370.653811870565,54791.101863630945,260.2631153878692,1319.2888328517488,0.0,56370.653811870565,725.3710016384315,925.264046898688,3,2.489940999992541,2.775247700003092,0,differential_evolution_staged_direct_search,True,12,-4145.634370370371,1,True,population_collapse_convergence,36,differential_evolution_staged_direct_search,True,92,-2833.903470748332,8,False,maxiter_budget,72,differential_evolution_staged_direct_search,True,182,-656.507304955785,8,False,maxiter_budget
2025-11-21,M612,1824.6231161111155,1965.7539726697041,21,16195.322369924665,16562.80675796065,16128.953564591277,33.18440266669436,400.6687907026804,0.0,16562.80675796065,79.8316046056444,697.7648048808646,3,4.018051699997159,4.537332100007916,0,differential_evolution_staged_direct_search,True,27,-2112.055498258575,4,True,population_collapse_convergence,36,differential_evolution_staged_direct_search,True,52,-2071.92066445999,4,True,population_collapse_convergence,72,differential_evolution_staged_direct_search,True,182,-497.7693053258713,8,False,maxiter_budget
2025-11-22,M612,1965.7539726697041,1740.878138659861,21,17933.28047225124,17141.233997577292,16349.18752290334,792.0464746739501,0.0,0.0,17141.233997577292,4463.6459647049,0.0,3,2.043193000019528,2.433965200005332,0,differential_evolution_staged_direct_search,True,22,-2536.89713664753,3,True,population_collapse_convergence,36,differential_evolution_staged_direct_search,True,92,-2241.498967974688,8,False,maxiter_budget,72,differential_evolution_staged_direct_search,True,142,-453.7792020657163,6,True,population_collapse_convergence
2025-11-23,M612,1740.878138659861,1876.5759524585735,21,57117.94275486176,58422.64158439255,56050.467396850814,533.7376790054714,1838.4365085362567,0.0,58422.64158439255,1613.578324350976,1547.8112564097216,3,1.3694587999925716,1.7499386999988928,0,differential_evolution_staged_direct_search,True,32,-4310.982223398002,5,True,population_collapse_convergence,36,differential_evolution_staged_direct_search,True,32,-2706.710608683122,2,True,population_collapse_convergence,72,differential_evolution_staged_direct_search,True,182,-663.2379282185143,8,False,maxiter_budget
2025-11-24,M612,1876.5759524585735,1354.6080152765412,21,55112.09441372535,54874.33926354133,54479.729429800886,316.18249196222905,78.42734177822337,0.0,54874.33926354133,763.6413620192715,88.99565845478048,3,0.8962092000001576,1.0202528000081657,0,differential_evolution_staged_direct_search,True,17,-4345.7675557515195,2,True,population_collapse_convergence,36,differential_evolution_staged_direct_search,True,92,-2865.1021459842946,8,False,maxiter_budget,72,differential_evolution_staged_direct_search,True,122,-683.7225938637441,5,True,population_collapse_convergence
2025-11-25,M612,1354.6080152765412,1691.828371851852,21,65337.41871677269,61545.992926286024,57754.56713579935,3791.4257904866718,0.0,0.0,61545.992926286024,9311.53457886624,0.0,3,3.2677052000217373,3.740111599996453,0,differential_evolution_staged_direct_search,True,12,-3906.7250033411706,1,True,population_collapse_convergence,36,differential_evolution_staged_direct_search,True,42,-2574.496059929669,3,True,population_collapse_convergence,72,differential_evolution_staged_direct_search,True,182,-567.5288278806187,8,False,maxiter_budget
2025-11-26,M612,1691.828371851852,2148.6803279409714,21,61284.917451708,60458.02019872876,58619.88011828157,1332.518666713216,505.6214137339698,0.0,60458.02019872876,3303.2546560978208,356.2542849824805,3,1.0368823000171687,1.2449049999995623,0,differential_evolution_staged_direct_search,True,17,-4510.504764070154,2,True,population_collapse_convergence,36,differential_evolution_staged_direct_search,True,52,-2587.4631133865105,4,True,population_collapse_convergence,72,differential_evolution_staged_direct_search,True,142,-754.5447203499191,6,True,population_collapse_convergence
2025-11-27,M612,2148.6803279409714,1991.754058150019,21,59656.557542992945,59256.75726460508,58089.644378522025,783.4565822354614,383.65630384760334,0.0,59256.75726460508,2138.513993270557,373.79445762053615,3,2.4054501000064192,2.694401699991431,0,differential_evolution_staged_direct_search,True,17,-4386.978576699982,2,True,population_collapse_convergence,36,differential_evolution_staged_direct_search,True,92,-2775.181895003281,8,False,maxiter_budget,72,differential_evolution_staged_direct_search,True,182,-707.3000755077214,8,False,maxiter_budget
2025-11-28,M612,1991.754058150019,1803.0618545309999,21,16213.649479216507,16375.572198142185,16017.898833985375,97.87532261556589,259.79804154124696,443.6412834749969,16819.213481617182,251.16114682617422,486.55287946466933,3,1.4866494000016246,1.6404035000014119,0,differential_evolution_staged_direct_search,True,17,-2423.3239387309245,2,True,population_collapse_convergence,36,differential_evolution_staged_direct_search,True,32,-2265.4598146131093,2,True,population_collapse_convergence,72,differential_evolution_staged_direct_search,True,102,-495.9753496174488,4,True,population_collapse_convergence
2025-11-29,M612,1803.0618545309999,1779.4427627525374,21,21080.86976507364,19381.88128228687,17682.892799500107,1698.9884827867672,0.0,0.0,19381.88128228687,7969.383950190413,0.0,3,2.631125800020527,3.0799157000001287,0,differential_evolution_staged_direct_search,True,22,-2709.2787682539683,3,True,population_collapse_convergence,36,differential_evolution_staged_direct_search,True,92,-2211.2466741256817,8,False,maxiter_budget,72,differential_evolution_staged_direct_search,True,162,-457.5411112806689,7,True,population_collapse_convergence
2025-11-30,M612,1779.4427627525374,1835.3954746296317,21,61758.508012951745,62319.700108846344,60576.20975973415,591.1491266087983,1152.3412225033949,0.0,62319.700108846344,1568.5089683042174,825.9195404163372,3,1.8184372000105213,1.993633799997042,0,differential_evolution_staged_direct_search,True,22,-4192.652476484421,3,True,population_collapse_convergence,36,differential_evolution_staged_direct_search,True,42,-2705.253655960455,3,True,population_collapse_convergence,72,differential_evolution_staged_direct_search,True,182,-678.1331314344186,8,False,maxiter_budget
2025-12-01,M612,1835.3954746296317,1604.6917064126628,21,69738.44028159702,67410.71194261097,65082.98360362491,2327.728338986055,0.0,20489.677629306672,87900.38957191765,4728.379802513824,0.0,3,0.8704232999880332,1.1256723999977112,0,differential_evolution_staged_direct_search,True,17,-4324.61006515775,2,True,population_collapse_convergence,36,differential_evolution_staged_direct_search,True,32,-2774.792225839785,2,True,population_collapse_convergence,72,differential_evolution_staged_direct_search,True,102,-654.9328870988228,4,True,population_collapse_convergence
2025-12-02,M612,1604.6917064126628,1421.3895061111111,21,73151.24869183809,71842.74023588671,69345.06687613067,1903.0909078537063,594.5824519023412,16676.242591444287,88518.982827331,4167.808503296497,363.617609023931,3,0.9481666999927256,1.162902900003246,0,differential_evolution_staged_direct_search,True,12,-4110.447173179204,1,True,population_collapse_convergence,36,differential_evolution_staged_direct_search,True,92,-1794.399463239444,8,False,maxiter_budget,72,differential_evolution_staged_direct_search,True,182,-656.3797959523696,8,False,maxiter_budget
2025-12-03,M612,1421.3895061111111,1444.8875746006975,21,64357.704694453976,71712.73164020959,64330.26259684966,13.721048802156018,7368.747994557767,8754.78859463388,80467.52023484347,30.467522598325786,5317.811140662608,3,1.8422278999933042,2.052481799997622,0,differential_evolution_staged_direct_search,True,17,-3534.2873935148914,2,True,population_collapse_convergence,36,differential_evolution_staged_direct_search,True,92,-498.572634422652,8,False,maxiter_budget,72,differential_evolution_staged_direct_search,True,182,-453.33261333783946,8,False,maxiter_budget
2025-12-04,M612,1444.8875746006975,1308.3183537037048,21,71483.83808493619,70139.12331772334,66901.13929978255,2291.349392576817,946.6346253639742,15867.210676255192,86006.33399397854,4470.863199453035,599.2061570377872,3,2.0686509999941336,2.2246975999878487,0,differential_evolution_staged_direct_search,True,22,-4146.664621223468,3,True,population_collapse_convergence,36,differential_evolution_staged_direct_search,True,92,-737.0814996139595,8,False,maxiter_budget,72,differential_evolution_staged_direct_search,True,182,-618.6347219321364,8,False,maxiter_budget
2025-12-05,M612,1308.3183537037048,1484.8866444557557,21,21098.807257005603,20936.190192976035,20773.573128946467,162.61706402956668,0.0,1553.3030414483437,22489.49323442438,737.6631283434714,0.0,3,1.7012133999960497,1.8229040000005625,0,differential_evolution_staged_direct_search,True,17,-2690.214647144582,2,True,population_collapse_convergence,36,differential_evolution_staged_direct_search,True,92,-1528.969869353016,8,False,maxiter_budget,72,differential_evolution_staged_direct_search,True,182,-419.0288614054612,8,False,maxiter_budget
2025-12-06,M612,1484.8866444557557,1582.9828983784041,21,23048.803214708325,22762.88847519934,22283.7185334033,382.54234065251273,96.62760114352622,135.56515222749036,22898.45362742683,1551.2162034811938,116.36493725548542,3,2.576448599997093,3.076507399993716,0,differential_evolution_staged_direct_search,True,22,-3236.0384814788013,3,True,population_collapse_convergence,36,differential_evolution_staged_direct_search,True,42,-1103.027536712953,3,True,population_collapse_convergence,72,differential_evolution_staged_direct_search,True,182,-579.4839792171489,8,False,maxiter_budget
2025-12-07,M612,1582.9828983784041,1480.111252777778,21,75151.8307554482,72646.94485539713,70142.05895534606,2504.8859000510693,0.0,4335.977850445377,76982.9227058425,5223.313568101366,0.0,3,2.571348100012983,3.0915527000033762,0,differential_evolution_staged_direct_search,True,17,-4326.000709743744,2,True,population_collapse_convergence,36,differential_evolution_staged_direct_search,True,92,-1872.5302976441812,8,False,maxiter_budget,72,differential_evolution_staged_direct_search,True,182,-594.1246689227415,8,False,maxiter_budget
2025-12-08,M612,1480.111252777778,1884.8268477640568,21,80326.9377748555,77934.10558549513,75541.27339613471,2392.8321893604007,0.0,0.0,77934.10558549513,5720.3369689779765,0.0,3,2.1496515999897383,2.450118399996427,0,differential_evolution_staged_direct_search,True,17,-4287.964777553929,2,True,population_collapse_convergence,36,differential_evolution_staged_direct_search,True,52,-2702.509803994747,4,True,population_collapse_convergence,72,differential_evolution_staged_direct_search,True,182,-510.0935536073891,8,False,maxiter_budget
2025-12-09,M612,1884.8268477640568,1921.873600348494,21,78412.06040563408,75720.57051675464,73029.08062787521,2691.4898888794332,0.0,0.0,75720.57051675464,5669.160876081488,0.0,3,3.169508400009363,3.3120965999987675,0,differential_evolution_staged_direct_search,True,17,-4490.162514662963,2,True,population_collapse_convergence,36,differential_evolution_staged_direct_search,True,92,-1288.2750977667672,8,False,maxiter_budget,72,differential_evolution_staged_direct_search,True,182,-603.0678601163194,8,False,maxiter_budget
2025-12-10,M612,1921.873600348494,1770.1194937037021,21,74647.73259298925,75173.03381543742,73666.12404932242,490.80427183341516,1016.105494281583,0.0,75173.03381543742,882.8521073697777,911.0514025819815,3,2.0107530999957817,2.348107700003311,0,differential_evolution_staged_direct_search,True,22,-4412.429323683393,3,True,population_collapse_convergence,36,differential_evolution_staged_direct_search,True,92,-947.4058524118522,8,False,maxiter_budget,72,differential_evolution_staged_direct_search,True,182,-639.2759812123799,8,False,maxiter_budget
2025-12-11,M612,1770.1194937037021,1929.9636626534073,21,76870.65752749762,74212.2029566364,71553.74838577516,2658.454570861226,0.0,0.0,74212.2029566364,5726.176977179439,0.0,3,2.9643143999855965,3.412043899996206,0,differential_evolution_staged_direct_search,True,12,-4576.486445861584,1,True,population_collapse_convergence,36,differential_evolution_staged_direct_search,True,92,-635.942180457165,8,False,maxiter_budget,72,differential_evolution_staged_direct_search,True,182,-643.6395522794511,8,False,maxiter_budget
2025-12-12,M612,1929.9636626534073,2055.2410507407417,21,25706.236202045868,25730.299899967606,24204.978572477004,750.6288147844309,774.6925127061722,0.0,25730.299899967606,2892.4038941065887,997.516782788691,3,4.090851100001601,4.848153300001286,0,differential_evolution_staged_direct_search,True,22,-2796.253336529085,3,True,population_collapse_convergence,36,differential_evolution_staged_direct_search,True,92,-632.3394436004249,8,False,maxiter_budget,72,differential_evolution_staged_direct_search,True,182,-346.4275148843096,8,False,maxiter_budget
2025-12-13,M612,2055.2410507407417,2211.512335185183,21,26926.226989194358,25867.541590821438,24736.04929189616,1095.0888486490985,36.4034502761816,0.0,25867.541590821438,3701.0589302065264,34.19597774412506,3,3.6529331000056118,4.382552299997769,0,differential_evolution_staged_direct_search,True,17,-3570.012179140142,2,True,population_collapse_convergence,36,differential_evolution_staged_direct_search,True,42,-2281.9426169461954,3,True,population_collapse_convergence,72,differential_evolution_staged_direct_search,True,182,-487.4453510971277,8,False,maxiter_budget
2025-12-14,M612,2211.512335185183,1956.6254761111122,21,73747.12256565319,76795.39288160682,73747.12256565318,0.0,3048.2703159536336,0.0,76795.39288160682,0.0,2413.80688990579,3,2.9054235000076005,3.3953674000076717,0,differential_evolution_staged_direct_search,True,12,-4666.063739735363,1,True,population_collapse_convergence,36,differential_evolution_staged_direct_search,True,32,-861.7370672707168,2,True,population_collapse_convergence,72,differential_evolution_staged_direct_search,True,182,-708.3929848815235,8,False,maxiter_budget
2025-12-15,M612,1956.6254761111122,1812.564419365713,21,73254.21030836256,76644.00175220787,73136.52420292239,58.84305272008005,3448.6344965654102,0.0,76644.00175220787,91.62017111494879,2322.774683348289,3,3.872282800017274,4.622625300005893,0,differential_evolution_staged_direct_search,True,47,-4089.3959576982506,8,False,maxiter_budget,36,differential_evolution_staged_direct_search,True,92,-217.17034334949608,8,False,maxiter_budget,72,differential_evolution_staged_direct_search,True,182,-627.1384266169189,8,False,maxiter_budget
2025-12-16,M612,1812.564419365713,1796.0829520370357,21,78668.5235746432,76770.48674195829,74871.64441932132,1898.4395776609429,0.4027449760284664,0.0,76770.48674195829,3795.876488270117,0.6825001641078166,3,1.3472965999972075,1.558508600006462,0,differential_evolution_staged_direct_search,True,47,-4061.4825061055676,8,False,maxiter_budget,36,differential_evolution_staged_direct_search,True,92,-473.8189114345405,8,False,maxiter_budget,72,differential_evolution_staged_direct_search,True,122,-572.8448308823479,5,True,population_collapse_convergence
2025-12-17,M612,1796.0829520370357,1864.5685927777818,21,78835.94929117587,76073.22764614323,73310.50600111061,2762.721645032629,0.0,0.0,76073.22764614323,5402.457545628471,0.0,3,2.495546899997862,2.7347073999990243,0,differential_evolution_staged_direct_search,True,12,-4552.156091458494,1,True,population_collapse_convergence,36,differential_evolution_staged_direct_search,True,92,-1084.372989291543,8,False,maxiter_budget,72,differential_evolution_staged_direct_search,True,142,-636.2637714750215,6,True,population_collapse_convergence
2025-12-18,M612,1864.5685927777818,1821.3314368928482,21,73885.09814663608,73507.4866401825,72702.23364368542,591.4322514753337,213.82074502174822,0.0,73507.4866401825,1635.0629102063604,193.16824387380245,3,2.1125130000000354,2.367802799999481,0,differential_evolution_staged_direct_search,True,17,-4368.342272792897,2,True,population_collapse_convergence,36,differential_evolution_staged_direct_search,True,92,-1643.0969770834615,8,False,maxiter_budget,72,differential_evolution_staged_direct_search,True,182,-599.9544725262135,8,False,maxiter_budget
2025-12-19,M612,1821.3314368928482,1758.0478381981375,21,24550.503609752446,24487.900731635993,23368.743778177843,590.8799157873025,528.2770376708488,0.0,24487.900731635993,2233.854595967485,774.2777962212972,3,2.1076977999910014,2.5280721000017365,0,differential_evolution_staged_direct_search,True,17,-3183.9928073236465,2,True,population_collapse_convergence,36,differential_evolution_staged_direct_search,True,92,-1863.4101373810622,8,False,maxiter_budget,72,differential_evolution_staged_direct_search,True,122,-535.1520750618363,5,True,population_collapse_convergence
2025-12-20,M612,1758.0478381981375,1855.6040621750515,21,26354.26789272526,25044.43918168384,23734.610470642423,1309.828711041418,0.0,0.0,25044.43918168384,4622.762937488503,0.0,3,1.2649419000081252,1.3962121999938972,0,differential_evolution_staged_direct_search,True,12,-3721.8565691303147,1,True,population_collapse_convergence,36,differential_evolution_staged_direct_search,True,92,-1264.979556409005,8,False,maxiter_budget,72,differential_evolution_staged_direct_search,True,122,-625.0203046004226,5,True,population_collapse_convergence
2025-12-21,M612,1855.6040621750515,2006.9711249432098,21,77315.37686146962,76084.87822699384,74854.37959251806,1230.4986344757776,0.0,0.0,76084.87822699384,2307.454965689241,0.0,3,2.2883124999934807,2.421766799991019,0,differential_evolution_staged_direct_search,True,17,-4477.56241020308,2,True,population_collapse_convergence,36,differential_evolution_staged_direct_search,True,92,-830.0620337266784,8,False,maxiter_budget,72,differential_evolution_staged_direct_search,True,182,-718.400681374255,8,False,maxiter_budget
2025-12-22,M612,2006.9711249432098,1608.2882938888886,21,76085.69604169394,75387.46582040073,74670.68098355911,707.5075290674213,9.277307774208012,104.53822175374822,75492.00404215448,1341.5717964257756,4.409890801762572,3,1.3651167000207352,1.606925100000808,0,differential_evolution_staged_direct_search,True,17,-4168.598201077781,2,True,population_collapse_convergence,36,differential_evolution_staged_direct_search,True,92,-799.5263099202866,8,False,maxiter_budget,72,differential_evolution_staged_direct_search,True,182,-655.5082524651708,8,False,maxiter_budget
2025-12-23,M612,1608.2882938888886,1962.5693150090858,21,77624.16676393463,75242.71440659255,72861.26204925048,2381.4523573420674,0.0,0.0,75242.71440659255,4769.010338614332,0.0,3,1.1212931999907596,1.3482837000046857,0,differential_evolution_staged_direct_search,True,27,-4403.366215391196,4,True,population_collapse_convergence,36,differential_evolution_staged_direct_search,True,92,-1267.4627113048593,8,False,maxiter_budget,72,differential_evolution_staged_direct_search,True,122,-699.8734114904745,5,True,population_collapse_convergence
2025-12-24,M612,1962.5693150090858,1709.0299551851883,21,75836.99849905711,74263.09506843801,72681.24458417727,1577.8769574399162,3.973526820809366,0.0,74263.09506843801,3103.8636766559357,1.7952140692190142,3,2.2938495999987936,2.4181944000010844,0,differential_evolution_staged_direct_search,True,17,-4136.014835619567,2,True,population_collapse_convergence,36,differential_evolution_staged_direct_search,True,92,-754.8685884353862,8,False,maxiter_budget,72,differential_evolution_staged_direct_search,True,182,-624.4810273070777,8,False,maxiter_budget
2025-12-25,M612,1709.0299551851883,1877.3836150000009,21,71418.21492200522,72754.30181018573,71356.64611974175,30.784401131736956,1366.8712893122452,0.0,72754.30181018573,50.65189956629797,1142.2200132138005,3,0.9936936000012793,1.11378450000484,0,differential_evolution_staged_direct_search,True,17,-4443.77217824162,2,True,population_collapse_convergence,36,differential_evolution_staged_direct_search,True,92,-1328.681497807035,8,False,maxiter_budget,72,differential_evolution_staged_direct_search,True,182,-624.6369024509943,8,False,maxiter_budget
2025-12-26,M612,1877.3836150000009,2397.256060486838,21,23341.428342781623,23292.33870210188,22931.32667107231,205.05083585465601,155.96119517491093,0.0,23292.33870210188,695.4634579610272,151.6305091179387,3,1.767113000008976,2.330050400007167,0,differential_evolution_staged_direct_search,True,17,-2956.167842322522,2,True,population_collapse_convergence,36,differential_evolution_staged_direct_search,True,92,-1097.9967781747812,8,False,maxiter_budget,72,differential_evolution_staged_direct_search,True,182,-506.75169875593105,8,False,maxiter_budget
2025-12-27,M612,2397.256060486838,2116.4738486098995,21,23161.092336276033,22782.44686807998,22403.801399883927,378.64546819605243,0.0,0.0,22782.44686807998,1495.6796613612723,0.0,3,1.4875164999830304,1.6363196000020253,0,differential_evolution_staged_direct_search,True,17,-3117.2418776731492,2,True,population_collapse_convergence,36,differential_evolution_staged_direct_search,True,92,-1561.1634274877333,8,False,maxiter_budget,72,differential_evolution_staged_direct_search,True,182,-490.9242897349116,8,False,maxiter_budget
2025-12-28,M612,2116.4738486098995,1922.267254444447,21,72517.19558024147,71126.54357410499,69735.89156796849,1390.6520061364902,0.0,75.2454335453822,71201.78900765037,2643.950345458766,0.0,3,0.9533873000182211,1.074955999996746,0,differential_evolution_staged_direct_search,True,17,-4653.70257245366,2,True,population_collapse_convergence,36,differential_evolution_staged_direct_search,True,92,-1715.1572731014055,8,False,maxiter_budget,72,differential_evolution_staged_direct_search,True,162,-731.8218791775453,7,True,population_collapse_convergence
2025-12-29,M612,1922.267254444447,1820.84595277778,21,71139.02404126528,72181.0520037062,70781.26618682963,178.87892721782458,1220.9068896587364,0.0,72181.0520037062,472.0852483711693,921.6820370089033,3,1.6217175000056159,1.8978525000129594,0,differential_evolution_staged_direct_search,True,17,-4449.768777346659,2,True,population_collapse_convergence,36,differential_evolution_staged_direct_search,True,92,-2657.6217862033895,8,False,maxiter_budget,72,differential_evolution_staged_direct_search,True,182,-767.9025084202596,8,False,maxiter_budget
2025-12-30,M612,1820.84595277778,1794.5384991284632,21,71352.14301741216,70113.10048517163,68827.4386418775,1262.3521877673354,23.30965552680118,350.9536858816256,70464.05417105326,2957.397588597034,10.668522827956053,3,0.9403216000064276,1.1286181999894325,0,differential_evolution_staged_direct_search,True,12,-4616.5301308250055,1,True,population_collapse_convergence,36,differential_evolution_staged_direct_search,True,92,-2577.6961279627008,8,False,maxiter_budget,72,differential_evolution_staged_direct_search,True,142,-716.798447557607,6,True,population_collapse_convergence
2025-12-31,M612,1794.5384991284632,1543.9800965470079,21,73959.21179236245,72932.8971275681,71906.58246277375,1026.3146647943497,0.0,54.97568757624547,72987.87281514434,2184.9107641778855,0.0,3,2.7480796000018017,3.0832904999988386,0,differential_evolution_staged_direct_search,True,17,-4308.201585185185,2,True,population_collapse_convergence,36,differential_evolution_staged_direct_search,True,92,-2558.331433423237,8,False,maxiter_budget,72,differential_evolution_staged_direct_search,True,162,-701.6593511346363,7,True,population_collapse_convergence
