calibrations,residual_count,initial_soc_kwh,final_soc_kwh,calibration_seconds,day_seconds
"[{'theta': array([-3528.2261098]), 'n_active': 1, 'beta1_train': -4008.981338175454, 'beta0_train': -4037.143703453317, 'beta1_val': -4054.261593004115, 'beta0_val': -4054.261593004115, 'selected_score': -4037.143703453317, 'evaluations': 20, 'seconds': 0.043760000000474975, 'method': 'differential_evolution_v2', 'accepted_search': True, 'solver_message': 'Optimization terminated successfully.'}, {'theta': array([-9093.82914998,     0.        , -4371.66203131,     0.        ,
       -6427.22775944,     0.        ]), 'n_active': 3, 'beta1_train': -879.0877496411747, 'beta0_train': -3631.301936937507, 'beta1_val': -600.2240168778708, 'beta0_val': -3656.284192995463, 'selected_score': -3631.301936937507, 'evaluations': 140, 'seconds': 0.2485445000056643, 'method': 'differential_evolution_v2', 'accepted_search': True, 'solver_message': 'Maximum number of iterations has been exceeded.'}]",24,2122.4825093090917,9645.736535166057,0.2923045000061393,0.4257988000026671
"[{'theta': array([-1917.12119212]), 'n_active': 1, 'beta1_train': -4427.319363845117, 'beta0_train': -4643.508429694352, 'beta1_val': -4645.2, 'beta0_val': -4645.2, 'selected_score': -4643.508429694352, 'evaluations': 15, 'seconds': 0.045252100011566654, 'method': 'differential_evolution_v2', 'accepted_search': True, 'solver_message': 'Optimization terminated successfully.'}, {'theta': array([-4456.48219681,     0.        , -9087.39782181,     0.        ,
        -398.87075866,     0.        ]), 'n_active': 3, 'beta1_train': 271.06077966213087, 'beta0_train': -828.7488148803295, 'beta1_val': -677.3254762416049, 'beta0_val': -1229.1599143595681, 'selected_score': -832.9664714942546, 'evaluations': 140, 'seconds': 0.27223840000806376, 'method': 'differential_evolution_v2', 'accepted_search': True, 'solver_message': 'Maximum number of iterations has been exceeded.'}]",25,9645.736535166057,3023.860051111114,0.3174905000196304,0.4581401999894297
"[{'theta': array([-6318.39664348]), 'n_active': 1, 'beta1_train': -3681.6758786833234, 'beta0_train': -3863.251696704948, 'beta1_val': -3873.155861666667, 'beta0_val': -3913.2000000000003, 'selected_score': -3863.251696704948, 'evaluations': 20, 'seconds': 0.052125099988188595, 'method': 'differential_evolution_v2', 'accepted_search': True, 'solver_message': 'Optimization terminated successfully.'}, {'theta': array([ -248.88055914,     0.        ,  -545.44886927,     0.        ,
       -4109.60275569,     0.        ]), 'n_active': 3, 'beta1_train': 545.4979990619892, 'beta0_train': -431.77300095053704, 'beta1_val': -806.1312322721609, 'beta0_val': -853.3551947721604, 'selected_score': -443.8439413334532, 'evaluations': 140, 'seconds': 0.31564200000138953, 'method': 'differential_evolution_v2', 'accepted_search': True, 'solver_message': 'Maximum number of iterations has been exceeded.'}]",26,3023.860051111114,2328.369625185186,0.36776709998957813,0.5126517999888165
"[{'theta': array([-7498.38649487]), 'n_active': 1, 'beta1_train': -4399.148988762295, 'beta0_train': -4425.578828893637, 'beta1_val': -4426.799999999999, 'beta0_val': -4426.799999999999, 'selected_score': -4425.578828893637, 'evaluations': 15, 'seconds': 0.05834370000229683, 'method': 'differential_evolution_v2', 'accepted_search': True, 'solver_message': 'Optimization terminated successfully.'}, {'theta': array([-9020.21386504,     0.        , -7831.72311139,     0.        ,
        -217.1562373 ,     0.        ]), 'n_active': 3, 'beta1_train': 443.36541522894936, 'beta0_train': -349.78841012405917, 'beta1_val': -921.0218424932019, 'beta0_val': -942.397053845727, 'selected_score': -355.3114390203454, 'evaluations': 140, 'seconds': 0.33280040000681765, 'method': 'differential_evolution_v2', 'accepted_search': True, 'solver_message': 'Maximum number of iterations has been exceeded.'}]",27,2328.369625185186,2270.814585064419,0.3911441000091145,0.5600360999960685
"[{'theta': array([-8034.15497142]), 'n_active': 1, 'beta1_train': -4364.95121647454, 'beta0_train': -4396.831707933242, 'beta1_val': -4398.0, 'beta0_val': -4398.0, 'selected_score': -4396.831707933242, 'evaluations': 20, 'seconds': 0.068949699998484, 'method': 'differential_evolution_v2', 'accepted_search': True, 'solver_message': 'Optimization terminated successfully.'}, {'theta': array([-7067.06996093,     0.        ,  -572.62040524,     0.        ,
       -3961.4560568 ,     0.        ]), 'n_active': 3, 'beta1_train': -163.4452079562155, 'beta0_train': -634.1545985423646, 'beta1_val': -1231.079931999588, 'beta0_val': -1231.079931999588, 'selected_score': -644.7925170806266, 'evaluations': 140, 'seconds': 0.3439881000085734, 'method': 'differential_evolution_v2', 'accepted_search': True, 'solver_message': 'Maximum number of iterations has been exceeded.'}]",28,2270.814585064419,2844.166824444443,0.4129378000070574,0.6038866000017151
"[{'theta': array([-9202.45149599]), 'n_active': 1, 'beta1_train': -2025.0200850587603, 'beta0_train': -2852.7751438152995, 'beta1_val': -2512.815316734009, 'beta0_val': -2918.3999999999996, 'selected_score': -2852.7751438152995, 'evaluations': 20, 'seconds': 0.05875989999913145, 'method': 'differential_evolution_v2', 'accepted_search': True, 'solver_message': 'Optimization terminated successfully.'}, {'theta': array([-4284.2049007 ,     0.        ,  -566.19346428,     0.        ,
        -426.90280676,     0.        ]), 'n_active': 3, 'beta1_train': 337.8152548423669, 'beta0_train': -181.5122123401803, 'beta1_val': -265.6487787690892, 'beta0_val': -399.08004017134203, 'selected_score': -194.64368972090315, 'evaluations': 140, 'seconds': 0.42378260000259615, 'method': 'differential_evolution_v2', 'accepted_search': True, 'solver_message': 'Maximum number of iterations has been exceeded.'}]",29,2844.166824444443,2269.6233770370372,0.4825425000017276,0.6568757999921218
"[{'theta': array([-4952.48730465]), 'n_active': 1, 'beta1_train': -2976.139769092208, 'beta0_train': -3042.3196311036877, 'beta1_val': -3044.3999999999996, 'beta0_val': -3044.3999999999996, 'selected_score': -3042.3196311036877, 'evaluations': 20, 'seconds': 0.08949670000583865, 'method': 'differential_evolution_v2', 'accepted_search': True, 'solver_message': 'Optimization terminated successfully.'}, {'theta': array([-1284.80872947,     0.        ,  -656.4441327 ,     0.        ,
       -9571.19229886,     0.        ]), 'n_active': 3, 'beta1_train': 2447.7393934613033, 'beta0_train': -359.3373146359772, 'beta1_val': 1549.212962084935, 'beta0_val': -645.2847934058526, 'selected_score': -364.09328985813636, 'evaluations': 140, 'seconds': 0.41963650000980124, 'method': 'differential_evolution_v2', 'accepted_search': True, 'solver_message': 'Maximum number of iterations has been exceeded.'}]",30,2269.6233770370372,1687.5950149486405,0.5091332000156399,0.7274384999909671
"[{'theta': array([-6080.38763995]), 'n_active': 1, 'beta1_train': -3358.7269411084862, 'beta0_train': -3391.737353518402, 'beta1_val': -3652.2019403808094, 'beta0_val': -3652.2019403808094, 'selected_score': -3391.737353518402, 'evaluations': 50, 'seconds': 0.1229345000028843, 'method': 'differential_evolution_v2', 'accepted_search': True, 'solver_message': 'Maximum number of iterations has been exceeded.'}, {'theta': array([-6653.47672101,     0.        ,  -465.46095744,     0.        ,
       -3452.1051012 ,     0.        ]), 'n_active': 3, 'beta1_train': -1491.7846136722476, 'beta0_train': -4035.2708795590233, 'beta1_val': -2327.352326015228, 'beta0_val': -4096.646503374835, 'selected_score': -4035.828288361018, 'evaluations': 140, 'seconds': 0.33510080000269227, 'method': 'differential_evolution_v2', 'accepted_search': True, 'solver_message': 'Maximum number of iterations has been exceeded.'}]",31,1687.5950149486405,9765.162940333808,0.4580353000055766,0.6395734000107041
"[{'theta': array([-8291.05388486]), 'n_active': 1, 'beta1_train': -4341.314841356132, 'beta0_train': -4444.081109013645, 'beta1_val': -4450.8, 'beta0_val': -4450.8, 'selected_score': -4444.081109013645, 'evaluations': 15, 'seconds': 0.048430099996039644, 'method': 'differential_evolution_v2', 'accepted_search': True, 'solver_message': 'Optimization terminated successfully.'}, {'theta': array([-3707.37824976,     0.        ,  -524.20596431,     0.        ,
       -8775.22818635,     0.        ]), 'n_active': 3, 'beta1_train': 414.5919989130609, 'beta0_train': -301.59785923602345, 'beta1_val': -657.864321996563, 'beta0_val': -754.4807017756114, 'selected_score': -345.3280363951876, 'evaluations': 140, 'seconds': 0.38944279999122955, 'method': 'differential_evolution_v2', 'accepted_search': True, 'solver_message': 'Maximum number of iterations has been exceeded.'}]",32,9765.162940333808,1666.2277016723583,0.4378728999872692,0.6300849999970524
"[{'theta': array([-1448.04256854]), 'n_active': 1, 'beta1_train': -4476.140684510492, 'beta0_train': -4564.953514270467, 'beta1_val': -4572.0, 'beta0_val': -4572.0, 'selected_score': -4564.953514270467, 'evaluations': 25, 'seconds': 0.06885520000651013, 'method': 'differential_evolution_v2', 'accepted_search': True, 'solver_message': 'Optimization terminated successfully.'}, {'theta': array([-4665.36047942,     0.        ,  -560.95582292,     0.        ,
       -3517.2828142 ,     0.        ]), 'n_active': 3, 'beta1_train': -562.0684978748195, 'beta0_train': -925.1679103232289, 'beta1_val': -673.2721394409416, 'beta0_val': -1004.3289830556573, 'selected_score': -935.7232258798896, 'evaluations': 140, 'seconds': 0.3411938000062946, 'method': 'differential_evolution_v2', 'accepted_search': True, 'solver_message': 'Maximum number of iterations has been exceeded.'}]",33,1666.2277016723583,2143.5632656200846,0.41004900001280475,0.5789462999964599
"[{'theta': array([-3800.65262176]), 'n_active': 1, 'beta1_train': -4036.858861553467, 'beta0_train': -4104.2089782004305, 'beta1_val': -4055.1254090895827, 'beta0_val': -4107.599999999999, 'selected_score': -4104.2089782004305, 'evaluations': 20, 'seconds': 0.052671199999167584, 'method': 'differential_evolution_v2', 'accepted_search': True, 'solver_message': 'Optimization terminated successfully.'}, {'theta': array([-2859.41894577,     0.        , -4529.58222458,     0.        ,
        -915.01420954,     0.        ]), 'n_active': 3, 'beta1_train': -218.05798191728442, 'beta0_train': -582.4391272862016, 'beta1_val': -372.85608722280676, 'beta0_val': -630.8216551540124, 'selected_score': -582.4391272862016, 'evaluations': 140, 'seconds': 0.2960575000033714, 'method': 'differential_evolution_v2', 'accepted_search': True, 'solver_message': 'Maximum number of iterations has been exceeded.'}]",34,2143.5632656200846,1551.0964688888882,0.34872870000253897,0.48291739998967387
"[{'theta': array([-2891.92080684]), 'n_active': 1, 'beta1_train': -3987.15071707988, 'beta0_train': -4056.34145975107, 'beta1_val': -4059.6, 'beta0_val': -4059.6, 'selected_score': -4056.34145975107, 'evaluations': 25, 'seconds': 0.05492199999571312, 'method': 'differential_evolution_v2', 'accepted_search': True, 'solver_message': 'Optimization terminated successfully.'}, {'theta': array([-5517.41929306,     0.        ,  -568.33354161,     0.        ,
       -4798.20032709,     0.        ]), 'n_active': 3, 'beta1_train': -512.7787508080255, 'beta0_train': -889.0278228792233, 'beta1_val': 93.31642096132362, 'beta0_val': 37.364751736227845, 'selected_score': -889.8004453589768, 'evaluations': 140, 'seconds': 0.33138509999844246, 'method': 'differential_evolution_v2', 'accepted_search': True, 'solver_message': 'Maximum number of iterations has been exceeded.'}]",35,1551.0964688888882,2198.0389498148143,0.3863070999941556,0.5217978000000585
"[{'theta': array([-7680.36237312]), 'n_active': 1, 'beta1_train': -1977.8009001079763, 'beta0_train': -3060.3866650966966, 'beta1_val': -2459.223164649002, 'beta0_val': -3123.2297888769754, 'selected_score': -3060.3866650966966, 'evaluations': 15, 'seconds': 0.03816670000378508, 'method': 'differential_evolution_v2', 'accepted_search': True, 'solver_message': 'Optimization terminated successfully.'}, {'theta': array([-3991.4515762 ,     0.        ,  -552.51458978,     0.        ,
       -6156.62251   ,     0.        ]), 'n_active': 3, 'beta1_train': 4605.04863531867, 'beta0_train': 1901.6287336139267, 'beta1_val': 4703.240168954328, 'beta0_val': 4185.202157301261, 'selected_score': 1863.8064136162304, 'evaluations': 140, 'seconds': 0.2991710000060266, 'method': 'differential_evolution_v2', 'accepted_search': True, 'solver_message': 'Maximum number of iterations has been exceeded.'}]",36,2198.0389498148143,1704.5654221820846,0.33733770000981167,0.4708576999983052
"[{'theta': array([-6263.19252788]), 'n_active': 1, 'beta1_train': -2468.2435932269564, 'beta0_train': -2511.3903483269714, 'beta1_val': -2457.393609667951, 'beta0_val': -2457.393609667951, 'selected_score': -2511.3903483269714, 'evaluations': 30, 'seconds': 0.056259199991473, 'method': 'differential_evolution_v2', 'accepted_search': True, 'solver_message': 'Optimization terminated successfully.'}, {'theta': array([-5019.09028567,     0.        , -1347.42585249,     0.        ,
       -4963.97422308,     0.        ]), 'n_active': 3, 'beta1_train': 1612.3116487098148, 'beta0_train': -595.4951575460984, 'beta1_val': 1583.3594726121823, 'beta0_val': -555.7675981727471, 'selected_score': -595.4951575460984, 'evaluations': 140, 'seconds': 0.2869040999939898, 'method': 'differential_evolution_v2', 'accepted_search': True, 'solver_message': 'Maximum number of iterations has been exceeded.'}]",37,1704.5654221820846,1743.401201877342,0.3431632999854628,0.4650766999984626
"[{'theta': array([-8153.81526209]), 'n_active': 1, 'beta1_train': -2421.949442843245, 'beta0_train': -2447.5323948641176, 'beta1_val': -2404.296474088947, 'beta0_val': -2404.296474088947, 'selected_score': -2447.5323948641176, 'evaluations': 15, 'seconds': 0.03550750001159031, 'method': 'differential_evolution_v2', 'accepted_search': True, 'solver_message': 'Optimization terminated successfully.'}, {'theta': array([-1682.21392224,     0.        , -8486.01659653,     0.        ,
       -1317.59534355,     0.        ]), 'n_active': 3, 'beta1_train': 1020.887806746607, 'beta0_train': -1098.2064827170902, 'beta1_val': 1955.5616783366331, 'beta0_val': -1054.6147286353334, 'selected_score': -1098.2064827170902, 'evaluations': 140, 'seconds': 0.26742959998955484, 'method': 'differential_evolution_v2', 'accepted_search': True, 'solver_message': 'Maximum number of iterations has been exceeded.'}]",38,1743.401201877342,2765.5314612962957,0.30293710000114515,0.424311900002067
"[{'theta': array([-4792.98374781]), 'n_active': 1, 'beta1_train': -4260.774702141942, 'beta0_train': -4362.12211947283, 'beta1_val': -4262.969309005, 'beta0_val': -4359.695098971194, 'selected_score': -4362.12211947283, 'evaluations': 20, 'seconds': 0.044551300001330674, 'method': 'differential_evolution_v2', 'accepted_search': True, 'solver_message': 'Optimization terminated successfully.'}, {'theta': array([-6696.81349512,     0.        ,  -641.00588511,     0.        ,
       -7872.6933755 ,     0.        ]), 'n_active': 3, 'beta1_train': 3006.210842539872, 'beta0_train': -1054.3440212985158, 'beta1_val': 3973.662417871892, 'beta0_val': -534.7493543301617, 'selected_score': -1055.1315118334564, 'evaluations': 140, 'seconds': 0.27589600000646897, 'method': 'differential_evolution_v2', 'accepted_search': True, 'solver_message': 'Maximum number of iterations has been exceeded.'}]",39,2765.5314612962957,3002.6744312806613,0.32044730000779964,0.4412309000035748
"[{'theta': array([-4604.68314138]), 'n_active': 1, 'beta1_train': -4225.5049940495755, 'beta0_train': -4321.747370962889, 'beta1_val': -4160.877848191667, 'beta0_val': -4323.401316049382, 'selected_score': -4321.747370962889, 'evaluations': 20, 'seconds': 0.04467770000337623, 'method': 'differential_evolution_v2', 'accepted_search': True, 'solver_message': 'Optimization terminated successfully.'}, {'theta': array([-5576.05063439,     0.        , -6452.54544098,     0.        ,
       -6037.20771983,     0.        ]), 'n_active': 3, 'beta1_train': 2283.8257392127475, 'beta0_train': -677.4116823415463, 'beta1_val': 2874.455655045286, 'beta0_val': 997.1595257788191, 'selected_score': -677.4116823415463, 'evaluations': 140, 'seconds': 0.27784840000094846, 'method': 'differential_evolution_v2', 'accepted_search': True, 'solver_message': 'Maximum number of iterations has been exceeded.'}]",40,3002.6744312806613,2340.9147716666707,0.3225261000043247,0.455092499993043
"[{'theta': array([-8231.2591068]), 'n_active': 1, 'beta1_train': -4054.1242076293515, 'beta0_train': -4228.777687257408, 'beta1_val': -4136.56244402222, 'beta0_val': -4246.582119407405, 'selected_score': -4228.777687257408, 'evaluations': 20, 'seconds': 0.04213030000391882, 'method': 'differential_evolution_v2', 'accepted_search': True, 'solver_message': 'Optimization terminated successfully.'}, {'theta': array([-4604.35062707,     0.        , -7732.36997809,     0.        ,
       -6682.00764625,     0.        ]), 'n_active': 3, 'beta1_train': -902.0638082745578, 'beta0_train': -1047.063208136849, 'beta1_val': -912.3899527544713, 'beta0_val': -982.5149334814816, 'selected_score': -1047.063208136849, 'evaluations': 140, 'seconds': 0.27431400000932626, 'method': 'differential_evolution_v2', 'accepted_search': True, 'solver_message': 'Maximum number of iterations has been exceeded.'}]",41,2340.9147716666707,2712.49457943551,0.3164443000132451,0.4446132999873953
"[{'theta': array([-2657.33346522]), 'n_active': 1, 'beta1_train': -4152.131062251016, 'beta0_train': -4292.278789896807, 'beta1_val': -4136.898272433333, 'beta0_val': -4293.422547325103, 'selected_score': -4292.278789896807, 'evaluations': 20, 'seconds': 0.046466800005873665, 'method': 'differential_evolution_v2', 'accepted_search': True, 'solver_message': 'Optimization terminated successfully.'}, {'theta': array([-7.59792362e+03, -1.61478652e+00, -5.66001445e+02,  2.30101473e-01,
       -2.90517241e+03,  1.86430321e+00]), 'n_active': 6, 'beta1_train': 3782.56263432283, 'beta0_train': 1132.6451533587046, 'beta1_val': 4646.060719853999, 'beta0_val': -669.2911220339753, 'selected_score': 1125.3323305483307, 'evaluations': 275, 'seconds': 0.3169239999988349, 'method': 'differential_evolution_v2', 'accepted_search': True, 'solver_message': 'Maximum number of iterations has been exceeded.'}]",42,2712.49457943551,1448.1370198890902,0.3633908000047086,0.49151190000702627
"[{'theta': array([-2474.37472864]), 'n_active': 1, 'beta1_train': -2668.1636505625283, 'beta0_train': -2696.212817660343, 'beta1_val': -2627.1935666116656, 'beta0_val': -2696.4, 'selected_score': -2696.212817660343, 'evaluations': 20, 'seconds': 0.04330390000541229, 'method': 'differential_evolution_v2', 'accepted_search': True, 'solver_message': 'Optimization terminated successfully.'}, {'theta': array([-3.08110510e+03, -7.79415549e-01, -6.70002833e+02,  8.39369518e-02,
       -1.56036615e+03, -1.00008540e+00]), 'n_active': 6, 'beta1_train': 3429.305428235399, 'beta0_train': 24.167038370866265, 'beta1_val': 3627.46506678066, 'beta0_val': 1245.5160082105174, 'selected_score': 16.221766937515806, 'evaluations': 275, 'seconds': 0.34627439999894705, 'method': 'differential_evolution_v2', 'accepted_search': True, 'solver_message': 'Maximum number of iterations has been exceeded.'}]",42,1448.1370198890902,1733.7993574681539,0.38957830000435933,0.5113788000016939
"[{'theta': array([-2047.1112966]), 'n_active': 1, 'beta1_train': -2396.990757144098, 'beta0_train': -2421.4655057998607, 'beta1_val': -2435.9370549809532, 'beta0_val': -2435.9370549809532, 'selected_score': -2421.4655057998607, 'evaluations': 20, 'seconds': 0.043638400005875155, 'method': 'differential_evolution_v2', 'accepted_search': True, 'solver_message': 'Optimization terminated successfully.'}, {'theta': array([-7.60661973e+03,  1.24179517e+00, -6.42542853e+03, -1.37828157e+00,
       -4.96417609e+03,  3.97516224e-01]), 'n_active': 6, 'beta1_train': 1574.9815319725392, 'beta0_train': -749.4325010906388, 'beta1_val': 2046.6634857812764, 'beta0_val': -727.4063467076057, 'selected_score': -749.4325010906388, 'evaluations': 275, 'seconds': 0.33702099999936763, 'method': 'differential_evolution_v2', 'accepted_search': True, 'solver_message': 'Maximum number of iterations has been exceeded.'}]",42,1733.7993574681539,2260.623937521368,0.3806594000052428,0.5063979999977164
"[{'theta': array([-759.93121817]), 'n_active': 1, 'beta1_train': -2651.8839716153616, 'beta0_train': -2669.020675842326, 'beta1_val': -2635.0273356035445, 'beta0_val': -2635.0273356035445, 'selected_score': -2669.020675842326, 'evaluations': 20, 'seconds': 0.04822900000726804, 'method': 'differential_evolution_v2', 'accepted_search': True, 'solver_message': 'Optimization terminated successfully.'}, {'theta': array([-7.14730512e+03, -1.41540884e-01, -6.13486028e+03,  8.73356136e-01,
       -7.13443685e+02, -3.98199383e-01]), 'n_active': 6, 'beta1_train': 0.9013466858183475, 'beta0_train': -2391.733623064963, 'beta1_val': -86.34521256566859, 'beta0_val': -2350.2471569851978, 'selected_score': -2391.733623064963, 'evaluations': 275, 'seconds': 0.3193452999985311, 'method': 'differential_evolution_v2', 'accepted_search': True, 'solver_message': 'Maximum number of iterations has been exceeded.'}]",42,2260.623937521368,6362.7758122271625,0.36757430000579916,0.502877199993236
"[{'theta': array([-4511.83214343]), 'n_active': 1, 'beta1_train': -4083.056826766098, 'beta0_train': -4265.143823507604, 'beta1_val': -4191.405388431111, 'beta0_val': -4249.51649318574, 'selected_score': -4265.143823507604, 'evaluations': 20, 'seconds': 0.046869300000253133, 'method': 'differential_evolution_v2', 'accepted_search': True, 'solver_message': 'Optimization terminated successfully.'}, {'theta': array([-2.83097350e+03, -1.37738654e+00, -6.67196650e+02,  6.64123400e-01,
       -4.06624873e+02,  1.46217292e+00]), 'n_active': 6, 'beta1_train': 3629.813985467797, 'beta0_train': 538.898308172349, 'beta1_val': 3797.3354384719423, 'beta0_val': 2877.1874667235834, 'selected_score': 534.4763516501876, 'evaluations': 275, 'seconds': 0.3245692000054987, 'method': 'differential_evolution_v2', 'accepted_search': True, 'solver_message': 'Maximum number of iterations has been exceeded.'}]",42,6362.7758122271625,1722.1405285575129,0.37143850000575185,0.5050096000049962
"[{'theta': array([-8434.12335939]), 'n_active': 1, 'beta1_train': -4416.006317328252, 'beta0_train': -4448.178223692662, 'beta1_val': -4448.4, 'beta0_val': -4448.4, 'selected_score': -4448.178223692662, 'evaluations': 15, 'seconds': 0.04375719999370631, 'method': 'differential_evolution_v2', 'accepted_search': True, 'solver_message': 'Optimization terminated successfully.'}, {'theta': array([-2.06766107e+03,  8.13972845e-01, -8.39344827e+02,  1.71356957e+00,
       -6.54330468e+03,  1.28835968e+00]), 'n_active': 6, 'beta1_train': 3123.399383685124, 'beta0_train': -1016.7407259503527, 'beta1_val': 3214.0170391396805, 'beta0_val': -1004.6517205067486, 'selected_score': -1019.6986429829932, 'evaluations': 275, 'seconds': 0.3293967999925371, 'method': 'differential_evolution_v2', 'accepted_search': True, 'solver_message': 'Maximum number of iterations has been exceeded.'}]",42,1722.1405285575129,2581.7081210875444,0.37315399998624343,0.5016455000004498
"[{'theta': array([-4629.09971005]), 'n_active': 1, 'beta1_train': -4222.869922827077, 'beta0_train': -4405.625448393373, 'beta1_val': -4444.982921932605, 'beta0_val': -4483.2, 'selected_score': -4405.625448393373, 'evaluations': 20, 'seconds': 0.047525199988740496, 'method': 'differential_evolution_v2', 'accepted_search': True, 'solver_message': 'Optimization terminated successfully.'}, {'theta': array([-1.47620614e+03, -1.95556188e+00, -7.07536096e+02, -1.65327011e+00,
       -1.68986309e+03,  2.03819156e-01]), 'n_active': 6, 'beta1_train': 3603.2497557880642, 'beta0_train': -643.1116241831664, 'beta1_val': 3391.4090190989327, 'beta0_val': -843.9361852466361, 'selected_score': -672.3173260775362, 'evaluations': 275, 'seconds': 0.3310310999950161, 'method': 'differential_evolution_v2', 'accepted_search': True, 'solver_message': 'Maximum number of iterations has been exceeded.'}]",42,2581.7081210875444,2398.993792222226,0.3785562999837566,0.5057350999995833
"[{'theta': array([-2150.20718588]), 'n_active': 1, 'beta1_train': -3897.633361815137, 'beta0_train': -3954.5321797409133, 'beta1_val': -3908.462959638085, 'beta0_val': -3955.2000000000003, 'selected_score': -3954.5321797409133, 'evaluations': 20, 'seconds': 0.043142800001078285, 'method': 'differential_evolution_v2', 'accepted_search': True, 'solver_message': 'Optimization terminated successfully.'}, {'theta': array([-6.45130709e+03,  2.85132926e-01, -6.48692496e+02, -6.99771117e-01,
       -1.12559589e+03, -1.53148378e+00]), 'n_active': 6, 'beta1_train': 3905.67800072639, 'beta0_train': -355.30360386999473, 'beta1_val': 4535.830351488095, 'beta0_val': -335.9705657993841, 'selected_score': -391.79786078181706, 'evaluations': 275, 'seconds': 0.3159868000075221, 'method': 'differential_evolution_v2', 'accepted_search': True, 'solver_message': 'Maximum number of iterations has been exceeded.'}]",42,2398.993792222226,1947.5665698491428,0.3591296000086004,0.4873803999944357
"[{'theta': array([-4052.2168001]), 'n_active': 1, 'beta1_train': -2868.53509624925, 'beta0_train': -2965.633261110926, 'beta1_val': -2841.7859192499996, 'beta0_val': -2967.6, 'selected_score': -2965.633261110926, 'evaluations': 15, 'seconds': 0.03970900000422262, 'method': 'differential_evolution_v2', 'accepted_search': True, 'solver_message': 'Optimization terminated successfully.'}, {'theta': array([-7.99214070e+03,  4.27486137e-01, -6.95116983e+02, -4.00929238e-02,
       -4.72391071e+03, -1.44975407e-01]), 'n_active': 6, 'beta1_train': 4505.35654008799, 'beta0_train': 757.051439862206, 'beta1_val': 5649.8204852644785, 'beta0_val': 2236.354203649657, 'selected_score': 741.6966126336175, 'evaluations': 275, 'seconds': 0.35524220000661444, 'method': 'differential_evolution_v2', 'accepted_search': True, 'solver_message': 'Maximum number of iterations has been exceeded.'}]",42,1947.5665698491428,1848.4076083333334,0.39495120001083706,0.5201517999958014
"[{'theta': array([-4930.34899448]), 'n_active': 1, 'beta1_train': -1821.1247491924987, 'beta0_train': -1832.0622483887794, 'beta1_val': -1879.1649550268055, 'beta0_val': -1879.1649550268055, 'selected_score': -1832.0622483887794, 'evaluations': 15, 'seconds': 0.0375686999905156, 'method': 'differential_evolution_v2', 'accepted_search': True, 'solver_message': 'Optimization terminated successfully.'}, {'theta': array([-1.65443482e+03,  1.61327599e+00, -5.31217990e+03, -9.71463672e-01,
       -1.47191127e+03, -1.21580101e-01]), 'n_active': 6, 'beta1_train': 1449.9118680721267, 'beta0_train': -517.3643950932327, 'beta1_val': 1440.1227469665262, 'beta0_val': -480.27910738060524, 'selected_score': -517.3643950932327, 'evaluations': 275, 'seconds': 0.4713835000002291, 'method': 'differential_evolution_v2', 'accepted_search': True, 'solver_message': 'Maximum number of iterations has been exceeded.'}]",42,1848.4076083333334,1690.208835774409,0.5089521999907447,0.6623996999987867
"[{'theta': array([-7646.68318902]), 'n_active': 1, 'beta1_train': -3159.5338241259165, 'beta0_train': -3178.8119775817368, 'beta1_val': -3152.6410321940225, 'beta0_val': -3153.327415348866, 'selected_score': -3178.8119775817368, 'evaluations': 20, 'seconds': 0.07154019999143202, 'method': 'differential_evolution_v2', 'accepted_search': True, 'solver_message': 'Optimization terminated successfully.'}, {'theta': array([-9.50103761e+03, -1.21964577e-01, -7.69603382e+02, -3.64488290e-02,
       -5.48044384e+03,  3.09176161e-01]), 'n_active': 6, 'beta1_train': -2024.8910581679095, 'beta0_train': -4295.43021439238, 'beta1_val': -1580.7786457625402, 'beta0_val': -4197.894270040988, 'selected_score': -4295.43021439238, 'evaluations': 275, 'seconds': 0.43459820000862237, 'method': 'differential_evolution_v2', 'accepted_search': True, 'solver_message': 'Maximum number of iterations has been exceeded.'}]",42,1690.208835774409,9905.311494882875,0.5061384000000544,0.6795971999963513
"[{'theta': array([-7571.55193198]), 'n_active': 1, 'beta1_train': -4263.515285549422, 'beta0_train': -4373.414533027818, 'beta1_val': -4378.8, 'beta0_val': -4378.8, 'selected_score': -4373.414533027818, 'evaluations': 25, 'seconds': 0.08236650000617374, 'method': 'differential_evolution_v2', 'accepted_search': True, 'solver_message': 'Optimization terminated successfully.'}, {'theta': array([-7.68805054e+03, -4.11796551e-02, -1.72438180e+03, -1.24265365e+00,
       -4.98612196e+03,  5.60118495e-01]), 'n_active': 6, 'beta1_train': -676.6169323612091, 'beta0_train': -762.7689871961742, 'beta1_val': -718.6348580498155, 'beta0_val': -718.6348580498155, 'selected_score': -762.7689871961742, 'evaluations': 275, 'seconds': 0.43532029999187216, 'method': 'differential_evolution_v2', 'accepted_search': True, 'solver_message': 'Maximum number of iterations has been exceeded.'}]",42,9905.311494882875,1752.2031020271997,0.5176867999980459,0.7125904999993509
"[{'theta': array([-2755.06951904]), 'n_active': 1, 'beta1_train': -4730.120569779381, 'beta0_train': -4748.878893561175, 'beta1_val': -4750.799999999999, 'beta0_val': -4750.799999999999, 'selected_score': -4748.878893561175, 'evaluations': 25, 'seconds': 0.0585723000112921, 'method': 'differential_evolution_v2', 'accepted_search': True, 'solver_message': 'Optimization terminated successfully.'}, {'theta': array([-1.43331932e+03,  9.56376940e-01, -6.37135565e+03,  1.52669782e+00,
       -3.15513526e+02, -1.05888791e+00]), 'n_active': 6, 'beta1_train': -872.5777582910131, 'beta0_train': -1423.7144060913586, 'beta1_val': -601.798184535684, 'beta0_val': -1421.3125273622368, 'selected_score': -1427.11493655654, 'evaluations': 275, 'seconds': 0.38106600000173785, 'method': 'differential_evolution_v2', 'accepted_search': True, 'solver_message': 'Maximum number of iterations has been exceeded.'}]",42,1752.2031020271997,3223.4333276321886,0.43963830001302995,0.5798980999970809
"[{'theta': array([-4989.44151168]), 'n_active': 1, 'beta1_train': -4017.9922511902237, 'beta0_train': -4051.652029371466, 'beta1_val': -4053.5999999999995, 'beta0_val': -4053.5999999999995, 'selected_score': -4051.652029371466, 'evaluations': 20, 'seconds': 0.06304189999355003, 'method': 'differential_evolution_v2', 'accepted_search': True, 'solver_message': 'Optimization terminated successfully.'}, {'theta': array([-2.59405615e+03, -4.78071557e-01, -9.56528768e+03,  1.34550308e+00,
       -5.55683033e+03,  6.68347315e-01]), 'n_active': 6, 'beta1_train': 3397.320320867166, 'beta0_train': -230.66270011180237, 'beta1_val': 2942.7819269859033, 'beta0_val': -658.9864106190124, 'selected_score': -230.66270011180237, 'evaluations': 275, 'seconds': 0.37957409999216907, 'method': 'differential_evolution_v2', 'accepted_search': True, 'solver_message': 'Maximum number of iterations has been exceeded.'}]",42,3223.4333276321886,1851.9127472222197,0.4426159999857191,0.6086230999935651
"[{'theta': array([-9115.62369494]), 'n_active': 1, 'beta1_train': -4417.5942785086745, 'beta0_train': -4455.108625835592, 'beta1_val': -4361.3202956625, 'beta0_val': -4456.8, 'selected_score': -4455.108625835592, 'evaluations': 20, 'seconds': 0.05171709999558516, 'method': 'differential_evolution_v2', 'accepted_search': True, 'solver_message': 'Optimization terminated successfully.'}, {'theta': array([-2.07441486e+03, -9.35710647e-01, -7.43278348e+03, -1.16101632e+00,
       -2.42788964e+02, -2.67300476e-01]), 'n_active': 6, 'beta1_train': 3342.7476948247627, 'beta0_train': -345.9518201872084, 'beta1_val': 3466.327357016221, 'beta0_val': -1070.1663138458014, 'selected_score': -346.92956134756946, 'evaluations': 275, 'seconds': 0.35324699999182485, 'method': 'differential_evolution_v2', 'accepted_search': True, 'solver_message': 'Maximum number of iterations has been exceeded.'}]",42,1851.9127472222197,2517.9890170370386,0.40496409998741,0.5457819000002928
"[{'theta': array([-5022.54961628]), 'n_active': 1, 'beta1_train': -2834.6070846076645, 'beta0_train': -2887.6377593167526, 'beta1_val': -2890.8, 'beta0_val': -2890.8, 'selected_score': -2887.6377593167526, 'evaluations': 15, 'seconds': 0.04645169999275822, 'method': 'differential_evolution_v2', 'accepted_search': True, 'solver_message': 'Optimization terminated successfully.'}, {'theta': array([-5.22785388e+03, -1.57770002e+00, -4.96120397e+03, -1.54311301e+00,
       -4.00501151e+02,  1.38746159e+00]), 'n_active': 6, 'beta1_train': 4094.989453758532, 'beta0_train': 69.75759136017649, 'beta1_val': 3411.3229658936225, 'beta0_val': -451.551616686975, 'selected_score': 69.53279923902778, 'evaluations': 275, 'seconds': 0.4042496000038227, 'method': 'differential_evolution_v2', 'accepted_search': True, 'solver_message': 'Maximum number of iterations has been exceeded.'}]",42,2517.9890170370386,1736.6357555447064,0.45070129999658093,0.6043470000004163
"[{'theta': array([-8516.20233222]), 'n_active': 1, 'beta1_train': -1700.0126664499073, 'beta0_train': -1717.9278424743093, 'beta1_val': -1751.3683005960822, 'beta0_val': -1772.1418619129547, 'selected_score': -1717.9278424743093, 'evaluations': 20, 'seconds': 0.04462440000497736, 'method': 'differential_evolution_v2', 'accepted_search': True, 'solver_message': 'Optimization terminated successfully.'}, {'theta': array([-1.59366513e+03,  5.93106493e-01, -2.91305198e+03, -1.41977210e+00,
       -3.55364659e+03,  1.16297891e+00]), 'n_active': 6, 'beta1_train': 1657.403262537113, 'beta0_train': -502.98719273715636, 'beta1_val': 929.2436390985232, 'beta0_val': -478.10141728570636, 'selected_score': -502.98719273715636, 'evaluations': 275, 'seconds': 0.3436541999981273, 'method': 'differential_evolution_v2', 'accepted_search': True, 'solver_message': 'Maximum number of iterations has been exceeded.'}]",42,1736.6357555447064,1811.4852118518497,0.38827860000310466,0.5056394999992335
"[{'theta': array([-5944.93460843]), 'n_active': 1, 'beta1_train': -1876.0793026617744, 'beta0_train': -1888.0417782801808, 'beta1_val': -2143.962488360518, 'beta0_val': -2143.962488360518, 'selected_score': -1888.0417782801808, 'evaluations': 20, 'seconds': 0.043076800007838756, 'method': 'differential_evolution_v2', 'accepted_search': True, 'solver_message': 'Optimization terminated successfully.'}, {'theta': array([-9.30633286e+03, -1.16182621e+00, -7.79840152e+03, -3.02479818e-01,
       -1.12526003e+03,  1.51171064e+00]), 'n_active': 6, 'beta1_train': 711.7360166466648, 'beta0_train': -1356.1228017325914, 'beta1_val': 17.6501088992527, 'beta0_val': -1402.6935932275721, 'selected_score': -1356.1228017325914, 'evaluations': 275, 'seconds': 0.33285579999210313, 'method': 'differential_evolution_v2', 'accepted_search': True, 'solver_message': 'Maximum number of iterations has been exceeded.'}]",42,1811.4852118518497,4116.56865316246,0.3759325999999419,0.49468200000410434
"[{'theta': array([-4100.54679825]), 'n_active': 1, 'beta1_train': -3279.84138791051, 'beta0_train': -3845.0574800088643, 'beta1_val': -2602.1597599945835, 'beta0_val': -3713.5256516069144, 'selected_score': -3845.0574800088643, 'evaluations': 20, 'seconds': 0.040333700002520345, 'method': 'differential_evolution_v2', 'accepted_search': True, 'solver_message': 'Optimization terminated successfully.'}, {'theta': array([-1.07944640e+03, -1.72664961e-01, -4.52176191e+03, -1.55267982e+00,
       -3.63262153e+02,  5.92044410e-01]), 'n_active': 6, 'beta1_train': 3655.4989572564427, 'beta0_train': 410.3862615077623, 'beta1_val': 4089.8742237737083, 'beta0_val': 689.6009328743388, 'selected_score': 408.49568943859254, 'evaluations': 275, 'seconds': 0.32622149999951944, 'method': 'differential_evolution_v2', 'accepted_search': True, 'solver_message': 'Maximum number of iterations has been exceeded.'}]",42,4116.56865316246,1562.7450497268978,0.3665552000020398,0.5023462000099244
"[{'theta': array([-8975.43307571]), 'n_active': 1, 'beta1_train': -4017.573061322319, 'beta0_train': -4054.101187025556, 'beta1_val': -4057.2, 'beta0_val': -4057.2, 'selected_score': -4054.101187025556, 'evaluations': 20, 'seconds': 0.04593790000944864, 'method': 'differential_evolution_v2', 'accepted_search': True, 'solver_message': 'Optimization terminated successfully.'}, {'theta': array([-1.12629935e+03,  4.01422662e-01, -5.18912143e+03,  1.00795365e+00,
       -3.93031110e+03, -1.41408455e+00]), 'n_active': 6, 'beta1_train': 3782.1198013682038, 'beta0_train': -131.59815375119717, 'beta1_val': 5932.161109897547, 'beta0_val': 4821.30492212767, 'selected_score': -134.2969037519351, 'evaluations': 275, 'seconds': 0.34871069999644533, 'method': 'differential_evolution_v2', 'accepted_search': True, 'solver_message': 'Maximum number of iterations has been exceeded.'}]",42,1562.7450497268978,1752.8455619709034,0.39464860000589397,0.5304621999966912
"[{'theta': array([-7733.00237618]), 'n_active': 1, 'beta1_train': -4342.139128749732, 'beta0_train': -4369.650077827962, 'beta1_val': -4325.6668488635, 'beta0_val': -4372.799999999999, 'selected_score': -4369.650077827962, 'evaluations': 15, 'seconds': 0.03899549999914598, 'method': 'differential_evolution_v2', 'accepted_search': True, 'solver_message': 'Optimization terminated successfully.'}, {'theta': array([-7.36085926e+03,  1.41770044e+00, -7.81575118e+02,  8.86579517e-02,
       -1.45089712e+03, -6.50107593e-01]), 'n_active': 6, 'beta1_train': 3773.5719947938965, 'beta0_train': -206.89118859666667, 'beta1_val': 4528.749214741308, 'beta0_val': 639.8319388007284, 'selected_score': -250.05522836312437, 'evaluations': 275, 'seconds': 0.35411450000538025, 'method': 'differential_evolution_v2', 'accepted_search': True, 'solver_message': 'Maximum number of iterations has been exceeded.'}]",42,1752.8455619709034,2169.157189933292,0.3931100000045262,0.5349625999951968
"[{'theta': array([-5580.00232552]), 'n_active': 1, 'beta1_train': -4044.6786768517986, 'beta0_train': -4147.094760874914, 'beta1_val': -4103.97818, 'beta0_val': -4154.4, 'selected_score': -4147.094760874914, 'evaluations': 25, 'seconds': 0.05364430000190623, 'method': 'differential_evolution_v2', 'accepted_search': True, 'solver_message': 'Optimization terminated successfully.'}, {'theta': array([-9.09053659e+02,  4.51935390e-01, -3.69099862e+03, -1.66821249e+00,
       -8.93327422e+03, -1.96088245e+00]), 'n_active': 6, 'beta1_train': 3308.021441473789, 'beta0_train': 1057.1166604194104, 'beta1_val': 3055.5468681311613, 'beta0_val': 2489.4572102242764, 'selected_score': 1046.3622036028485, 'evaluations': 275, 'seconds': 0.34750200000416953, 'method': 'differential_evolution_v2', 'accepted_search': True, 'solver_message': 'Maximum number of iterations has been exceeded.'}]",42,2169.157189933292,2075.0078107734525,0.40114630000607576,0.5483365000109188
"[{'theta': array([-7967.33517315]), 'n_active': 1, 'beta1_train': -1667.336376219694, 'beta0_train': -1819.0727463743526, 'beta1_val': -1591.276296266606, 'beta0_val': -1792.8039394771004, 'selected_score': -1819.0727463743526, 'evaluations': 20, 'seconds': 0.04543119999289047, 'method': 'differential_evolution_v2', 'accepted_search': True, 'solver_message': 'Optimization terminated successfully.'}, {'theta': array([-5.13211064e+03,  5.35938815e-01, -6.45288998e+02, -8.50329455e-01,
       -1.07213249e+03,  1.68292495e+00]), 'n_active': 6, 'beta1_train': 3670.545671469765, 'beta0_train': -117.26704865258766, 'beta1_val': 8935.81359193039, 'beta0_val': 6814.91242769753, 'selected_score': -152.76336471070326, 'evaluations': 275, 'seconds': 0.34507440000015777, 'method': 'differential_evolution_v2', 'accepted_search': True, 'solver_message': 'Maximum number of iterations has been exceeded.'}]",42,2075.0078107734525,1612.8816688888892,0.39050559999304824,0.5257292000023881
"[{'theta': array([-8966.67644241]), 'n_active': 1, 'beta1_train': -1298.9894978158356, 'beta0_train': -1301.70980218548, 'beta1_val': -1240.0879941049325, 'beta0_val': -1240.0879941049325, 'selected_score': -1301.70980218548, 'evaluations': 15, 'seconds': 0.04121919999306556, 'method': 'differential_evolution_v2', 'accepted_search': True, 'solver_message': 'Optimization terminated successfully.'}, {'theta': array([-8.09466527e+03, -1.84576476e+00, -5.05080848e+02,  1.05463091e-01,
       -6.23133488e+03,  1.04957091e-01]), 'n_active': 6, 'beta1_train': 1158.8900210359368, 'beta0_train': -528.6130383248158, 'beta1_val': 1529.925669236154, 'beta0_val': -493.5290486172841, 'selected_score': -536.3269924960197, 'evaluations': 275, 'seconds': 0.3419906999915838, 'method': 'differential_evolution_v2', 'accepted_search': True, 'solver_message': 'Maximum number of iterations has been exceeded.'}]",42,1612.8816688888892,2508.4753904689724,0.3832098999846494,0.5149116999964463
"[{'theta': array([-9584.0474343]), 'n_active': 1, 'beta1_train': -1821.484366466518, 'beta0_train': -2107.2240783996895, 'beta1_val': -1758.8992983052892, 'beta0_val': -1940.8829778506329, 'selected_score': -2107.2240783996895, 'evaluations': 15, 'seconds': 0.04263159999391064, 'method': 'differential_evolution_v2', 'accepted_search': True, 'solver_message': 'Optimization terminated successfully.'}, {'theta': array([-2.29443414e+03,  1.62746908e+00, -2.70531231e+03, -1.64827225e+00,
       -7.74796934e+03,  2.75331951e-01]), 'n_active': 6, 'beta1_train': -2250.002101472928, 'beta0_train': -4002.39180410315, 'beta1_val': -2219.9555698873487, 'beta0_val': -4084.4424314193966, 'selected_score': -4002.39180410315, 'evaluations': 275, 'seconds': 0.3622438000020338, 'method': 'differential_evolution_v2', 'accepted_search': True, 'solver_message': 'Maximum number of iterations has been exceeded.'}]",42,2508.4753904689724,9572.336512962962,0.40487539999594446,0.5500833999976749
"[{'theta': array([-6061.02020287]), 'n_active': 1, 'beta1_train': -4411.375989522964, 'beta0_train': -4428.81398801064, 'beta1_val': -4372.873350308333, 'beta0_val': -4429.2, 'selected_score': -4428.81398801064, 'evaluations': 25, 'seconds': 0.059508499994990416, 'method': 'differential_evolution_v2', 'accepted_search': True, 'solver_message': 'Optimization terminated successfully.'}, {'theta': array([-8.98987742e+03, -3.02047930e-01, -5.17883349e+02, -1.99633505e+00,
       -2.82237915e+03, -3.64329049e-01]), 'n_active': 6, 'beta1_train': 2453.201193248718, 'beta0_train': -1175.284830614596, 'beta1_val': 2434.256075778454, 'beta0_val': -1191.2281604485581, 'selected_score': -1208.2800116562903, 'evaluations': 275, 'seconds': 0.32758599999942817, 'method': 'differential_evolution_v2', 'accepted_search': True, 'solver_message': 'Maximum number of iterations has been exceeded.'}]",42,9572.336512962962,3568.6915031481476,0.3870944999944186,0.5199110999965342
"[{'theta': array([-7249.87964122]), 'n_active': 1, 'beta1_train': -4580.37261643305, 'beta0_train': -4586.39445669979, 'beta1_val': -4567.472936666666, 'beta0_val': -4583.6994345679, 'selected_score': -4586.39445669979, 'evaluations': 30, 'seconds': 0.059871399993426166, 'method': 'differential_evolution_v2', 'accepted_search': True, 'solver_message': 'Optimization terminated successfully.'}, {'theta': array([-6.43752309e+03,  9.10486713e-01, -6.70784355e+03,  1.80837833e+00,
       -2.66570539e+03,  6.71402653e-01]), 'n_active': 6, 'beta1_train': 3173.0794769155095, 'beta0_train': -1076.7877986998083, 'beta1_val': 3548.706766580453, 'beta0_val': -1087.1302486258548, 'selected_score': -1076.7877986998083, 'evaluations': 275, 'seconds': 0.32468360000348184, 'method': 'differential_evolution_v2', 'accepted_search': True, 'solver_message': 'Maximum number of iterations has been exceeded.'}]",42,3568.6915031481476,2539.9779407407405,0.384554999996908,0.5142096999916248
"[{'theta': array([-2045.28739423]), 'n_active': 1, 'beta1_train': -3252.5528038326797, 'beta0_train': -4129.827473609104, 'beta1_val': -3490.4928394725803, 'beta0_val': -4199.23191441358, 'selected_score': -4129.827473609104, 'evaluations': 25, 'seconds': 0.04995539999799803, 'method': 'differential_evolution_v2', 'accepted_search': True, 'solver_message': 'Optimization terminated successfully.'}, {'theta': array([-9.34613230e+03, -9.31249997e-01, -5.22690622e+02, -4.52894727e-01,
       -5.85273231e+03, -1.78059746e+00]), 'n_active': 6, 'beta1_train': 3544.8568963812154, 'beta0_train': -389.60731556559415, 'beta1_val': 8505.362545863925, 'beta0_val': 8899.935164483199, 'selected_score': -443.5283516620625, 'evaluations': 275, 'seconds': 0.32019680000666995, 'method': 'differential_evolution_v2', 'accepted_search': True, 'solver_message': 'Maximum number of iterations has been exceeded.'}]",42,2539.9779407407405,1822.014391296299,0.370152200004668,0.49700959998881444
"[{'theta': array([-97.57118487]), 'n_active': 1, 'beta1_train': -4291.90707264217, 'beta0_train': -4322.904650997436, 'beta1_val': -4324.8, 'beta0_val': -4324.8, 'selected_score': -4322.904650997436, 'evaluations': 20, 'seconds': 0.04255149999517016, 'method': 'differential_evolution_v2', 'accepted_search': True, 'solver_message': 'Optimization terminated successfully.'}, {'theta': array([-5.41369672e+03, -1.91354667e+00, -5.56362442e+02,  1.11264396e+00,
       -6.53438325e+03,  7.77727480e-01]), 'n_active': 6, 'beta1_train': 3716.059881964788, 'beta0_train': -224.52379815957448, 'beta1_val': 2845.3174108019093, 'beta0_val': -1036.7341639803299, 'selected_score': -366.94303841072764, 'evaluations': 275, 'seconds': 0.3497142999985954, 'method': 'differential_evolution_v2', 'accepted_search': True, 'solver_message': 'Maximum number of iterations has been exceeded.'}]",42,1822.014391296299,3047.757158518518,0.39226579999376554,0.523376900004223
"[{'theta': array([-3890.47425553]), 'n_active': 1, 'beta1_train': -1890.8137476633133, 'beta0_train': -1921.4012305618521, 'beta1_val': -1922.4000000000003, 'beta0_val': -1922.4000000000003, 'selected_score': -1921.4012305618521, 'evaluations': 15, 'seconds': 0.040200899995397776, 'method': 'differential_evolution_v2', 'accepted_search': True, 'solver_message': 'Optimization terminated successfully.'}, {'theta': array([-2.06822631e+03,  7.79274846e-01, -8.00833149e+02, -7.99421994e-02,
       -9.54001451e+02,  1.17015531e+00]), 'n_active': 6, 'beta1_train': 4138.839731684285, 'beta0_train': -152.04046608635292, 'beta1_val': 3953.783974737865, 'beta0_val': -393.7829619707411, 'selected_score': -168.19205053578486, 'evaluations': 275, 'seconds': 0.35491239999828395, 'method': 'differential_evolution_v2', 'accepted_search': True, 'solver_message': 'Maximum number of iterations has been exceeded.'}]",42,3047.757158518518,1703.66959537037,0.3951132999936817,0.542451200002688
"[{'theta': array([-1954.08339547]), 'n_active': 1, 'beta1_train': -1433.4802853494523, 'beta0_train': -1436.4667526205606, 'beta1_val': -1346.4161532995204, 'beta0_val': -1346.4161532995204, 'selected_score': -1436.4667526205606, 'evaluations': 20, 'seconds': 0.04889859999821056, 'method': 'differential_evolution_v2', 'accepted_search': True, 'solver_message': 'Optimization terminated successfully.'}, {'theta': array([-3.11434741e+03, -7.00291304e-01, -9.28400502e+03, -6.98633732e-02,
       -8.14287380e+03, -1.53950665e+00]), 'n_active': 6, 'beta1_train': 1197.7014433829568, 'beta0_train': -678.4301308329234, 'beta1_val': 704.9106298660687, 'beta0_val': -773.6402570835033, 'selected_score': -678.4301308329234, 'evaluations': 245, 'seconds': 0.3306079000030877, 'method': 'differential_evolution_v2', 'accepted_search': True, 'solver_message': 'Optimization terminated successfully.'}]",42,1703.66959537037,2015.2381879629656,0.37950650000129826,0.5126869999949122
"[{'theta': array([-3547.69332451]), 'n_active': 1, 'beta1_train': -1611.4228520311844, 'beta0_train': -1908.3298456223292, 'beta1_val': -1155.6296681557822, 'beta0_val': -1786.4085266600594, 'selected_score': -1908.3298456223292, 'evaluations': 20, 'seconds': 0.05326220000279136, 'method': 'differential_evolution_v2', 'accepted_search': True, 'solver_message': 'Optimization terminated successfully.'}, {'theta': array([-1.41660634e+03,  2.69611133e-01, -2.37741532e+03,  1.61133489e-01,
       -8.46698594e+02,  2.94767050e-01]), 'n_active': 6, 'beta1_train': -2400.5120669064404, 'beta0_train': -4211.6534430439115, 'beta1_val': -2351.6053521675994, 'beta0_val': -4136.685014445116, 'selected_score': -4211.6534430439115, 'evaluations': 275, 'seconds': 0.3775935000012396, 'method': 'differential_evolution_v2', 'accepted_search': True, 'solver_message': 'Maximum number of iterations has been exceeded.'}]",42,2015.2381879629656,10800.0,0.43085570000403095,0.582125700006145
"[{'theta': array([-7983.76733911]), 'n_active': 1, 'beta1_train': -3730.355364357645, 'beta0_train': -4389.556109895719, 'beta1_val': -4248.853283156668, 'beta0_val': -4404.0, 'selected_score': -4389.556109895719, 'evaluations': 25, 'seconds': 0.0538345999957528, 'method': 'differential_evolution_v2', 'accepted_search': True, 'solver_message': 'Optimization terminated successfully.'}, {'theta': array([-7.63367605e+03,  1.24183938e+00, -7.87705603e+02, -4.79189283e-01,
       -1.42250146e+03,  8.04373437e-01]), 'n_active': 6, 'beta1_train': 4030.473737328656, 'beta0_train': -448.68212517103717, 'beta1_val': 2994.3546812947934, 'beta0_val': -924.631266917754, 'selected_score': -483.8341093980946, 'evaluations': 275, 'seconds': 0.38434429999324493, 'method': 'differential_evolution_v2', 'accepted_search': True, 'solver_message': 'Maximum number of iterations has been exceeded.'}]",42,10800.0,1673.3130689204268,0.4381788999889977,0.5864838999987114
"[{'theta': array([-376.11354439]), 'n_active': 1, 'beta1_train': -4434.595084980473, 'beta0_train': -4447.672608687143, 'beta1_val': -4448.4, 'beta0_val': -4448.4, 'selected_score': -4447.672608687143, 'evaluations': 20, 'seconds': 0.05836160000762902, 'method': 'differential_evolution_v2', 'accepted_search': True, 'solver_message': 'Optimization terminated successfully.'}, {'theta': array([-2.49551839e+03, -1.28116497e+00, -5.21330099e+02, -1.26845098e+00,
       -4.33552943e+03,  1.66458915e+00]), 'n_active': 6, 'beta1_train': 3611.4406277463563, 'beta0_train': -473.3387560028027, 'beta1_val': 2977.6646709972465, 'beta0_val': -1032.1181449499138, 'selected_score': -649.8613966861936, 'evaluations': 275, 'seconds': 0.39291740000771824, 'method': 'differential_evolution_v2', 'accepted_search': True, 'solver_message': 'Maximum number of iterations has been exceeded.'}]",42,1673.3130689204268,2593.81027002101,0.45127900001534726,0.5955376999918371
"[{'theta': array([-5080.65512127]), 'n_active': 1, 'beta1_train': -4057.160635895025, 'beta0_train': -4079.949655445148, 'beta1_val': -4081.2, 'beta0_val': -4081.2, 'selected_score': -4079.949655445148, 'evaluations': 25, 'seconds': 0.06699779999325983, 'method': 'differential_evolution_v2', 'accepted_search': True, 'solver_message': 'Optimization terminated successfully.'}, {'theta': array([-7.16890035e+03,  1.23570415e-01, -3.01516606e+03,  5.96791892e-01,
       -2.19858961e+03,  2.93943254e-01]), 'n_active': 6, 'beta1_train': 3637.250163449353, 'beta0_train': 416.61723880321705, 'beta1_val': 3615.7433271631735, 'beta0_val': 673.7996848494735, 'selected_score': 416.61723880321705, 'evaluations': 275, 'seconds': 0.3696927999990294, 'method': 'differential_evolution_v2', 'accepted_search': True, 'solver_message': 'Maximum number of iterations has been exceeded.'}]",42,2593.81027002101,1469.140054814815,0.4366905999922892,0.593031999989762
"[{'theta': array([-92.69989966]), 'n_active': 1, 'beta1_train': -4157.592385872525, 'beta0_train': -4179.519141302819, 'beta1_val': -4175.115525411164, 'beta0_val': -4180.799999999999, 'selected_score': -4179.519141302819, 'evaluations': 15, 'seconds': 0.0388983000011649, 'method': 'differential_evolution_v2', 'accepted_search': True, 'solver_message': 'Optimization terminated successfully.'}, {'theta': array([-5.07367173e+03, -7.89912050e-02, -6.19079803e+03,  1.26896347e+00,
       -5.12083020e+02,  1.30276158e+00]), 'n_active': 6, 'beta1_train': 3277.4439438144873, 'beta0_train': -706.5431080439365, 'beta1_val': 3797.960903291247, 'beta0_val': -884.8139859816687, 'selected_score': -716.1101857252729, 'evaluations': 275, 'seconds': 0.36510850000195205, 'method': 'differential_evolution_v2', 'accepted_search': True, 'solver_message': 'Maximum number of iterations has been exceeded.'}]",42,1469.140054814815,2420.5386295833446,0.40400680000311695,0.5462514999962877
"[{'theta': array([-1317.13264089]), 'n_active': 1, 'beta1_train': -1473.1803844325668, 'beta0_train': -1599.846877091363, 'beta1_val': -1493.955233853941, 'beta0_val': -1590.7449084141315, 'selected_score': -1599.846877091363, 'evaluations': 25, 'seconds': 0.06296070000098553, 'method': 'differential_evolution_v2', 'accepted_search': True, 'solver_message': 'Optimization terminated successfully.'}, {'theta': array([-4.05394349e+03,  1.08002532e+00, -5.49016013e+02, -7.51920167e-01,
       -1.63413695e+03,  4.16900122e-01]), 'n_active': 6, 'beta1_train': 4929.699011556902, 'beta0_train': 591.6733876239234, 'beta1_val': 3167.660408945612, 'beta0_val': -264.90371152275753, 'selected_score': 357.1165069154364, 'evaluations': 275, 'seconds': 0.3730814000009559, 'method': 'differential_evolution_v2', 'accepted_search': True, 'solver_message': 'Maximum number of iterations has been exceeded.'}]",42,2420.5386295833446,1835.6038634206143,0.43604210000194144,0.5919495999987703
"[{'theta': array([-7062.55181748]), 'n_active': 1, 'beta1_train': -963.0428615011626, 'beta0_train': -966.2744105980095, 'beta1_val': -924.4323396719773, 'beta0_val': -924.4323396719773, 'selected_score': -966.2744105980095, 'evaluations': 15, 'seconds': 0.03474470000946894, 'method': 'differential_evolution_v2', 'accepted_search': True, 'solver_message': 'Optimization terminated successfully.'}, {'theta': array([-9.20514425e+02,  1.18182535e-01, -3.58326830e+03, -1.43576860e-02,
       -5.11001033e+03, -1.51670910e+00]), 'n_active': 6, 'beta1_train': 1556.2108902346602, 'beta0_train': -309.22146052784126, 'beta1_val': 1030.328434244965, 'beta0_val': -314.11679470679314, 'selected_score': -309.22146052784126, 'evaluations': 275, 'seconds': 0.35549999999057036, 'method': 'differential_evolution_v2', 'accepted_search': True, 'solver_message': 'Maximum number of iterations has been exceeded.'}]",42,1835.6038634206143,1975.8986097012892,0.3902447000000393,0.5224465000064811
"[{'theta': array([-5534.01297396]), 'n_active': 1, 'beta1_train': -1818.8519237914795, 'beta0_train': -1822.577455236851, 'beta1_val': -1773.411411974657, 'beta0_val': -1773.411411974657, 'selected_score': -1822.577455236851, 'evaluations': 50, 'seconds': 0.08936149999499321, 'method': 'differential_evolution_v2', 'accepted_search': True, 'solver_message': 'Maximum number of iterations has been exceeded.'}, {'theta': array([-8.99785910e+03,  1.95518963e+00, -5.52794056e+03,  1.61836828e+00,
       -7.42810083e+03, -1.66581556e+00]), 'n_active': 6, 'beta1_train': -453.0900527081781, 'beta0_train': -2252.324338276705, 'beta1_val': -1001.6565500993245, 'beta0_val': -2442.3621616275454, 'selected_score': -2252.324338276705, 'evaluations': 275, 'seconds': 0.33621080000011716, 'method': 'differential_evolution_v2', 'accepted_search': True, 'solver_message': 'Maximum number of iterations has been exceeded.'}]",42,1975.8986097012892,6127.37033800827,0.42557229999511037,0.5509996000037063
"[{'theta': array([-9158.1649971]), 'n_active': 1, 'beta1_train': -3988.3458631577782, 'beta0_train': -4001.973631754291, 'beta1_val': -4003.2, 'beta0_val': -4003.2, 'selected_score': -4001.973631754291, 'evaluations': 20, 'seconds': 0.04390410000632983, 'method': 'differential_evolution_v2', 'accepted_search': True, 'solver_message': 'Optimization terminated successfully.'}, {'theta': array([-4.69442875e+03,  5.08892574e-01, -4.28207360e+02, -1.72691615e+00,
       -3.80686439e+03,  1.46639734e+00]), 'n_active': 6, 'beta1_train': 3991.723670312211, 'beta0_train': -427.0641724090855, 'beta1_val': 3278.319111864512, 'beta0_val': -646.4213668845933, 'selected_score': -491.27377794598084, 'evaluations': 275, 'seconds': 0.3149671999999555, 'method': 'differential_evolution_v2', 'accepted_search': True, 'solver_message': 'Maximum number of iterations has been exceeded.'}]",42,6127.37033800827,1962.0034302031163,0.3588713000062853,0.4778024999977788
"[{'theta': array([-443.67790334]), 'n_active': 1, 'beta1_train': -4080.968576081276, 'beta0_train': -4095.16361591902, 'beta1_val': -4104.7914657448555, 'beta0_val': -4104.7914657448555, 'selected_score': -4095.16361591902, 'evaluations': 50, 'seconds': 0.09217960000387393, 'method': 'differential_evolution_v2', 'accepted_search': True, 'solver_message': 'Maximum number of iterations has been exceeded.'}, {'theta': array([-7.60237119e+03,  8.54980939e-02, -5.21798530e+02, -6.68136091e-01,
       -6.50880781e+03, -6.03051014e-01]), 'n_active': 6, 'beta1_train': 4342.2560687342175, 'beta0_train': 270.38357135791546, 'beta1_val': 3223.2911051942256, 'beta0_val': -1080.9404718292417, 'selected_score': -77.45844306827107, 'evaluations': 275, 'seconds': 0.35502279999491293, 'method': 'differential_evolution_v2', 'accepted_search': True, 'solver_message': 'Maximum number of iterations has been exceeded.'}]",42,1962.0034302031163,2705.6008348347914,0.44720239999878686,0.5764587999874493
"[{'theta': array([-6171.58400064]), 'n_active': 1, 'beta1_train': -4223.203597401932, 'beta0_train': -4330.073808550949, 'beta1_val': -4240.900791316808, 'beta0_val': -4275.048150113104, 'selected_score': -4330.073808550949, 'evaluations': 25, 'seconds': 0.05115309999382589, 'method': 'differential_evolution_v2', 'accepted_search': True, 'solver_message': 'Optimization terminated successfully.'}, {'theta': array([-9.57399148e+03, -4.08385877e-01, -6.50156102e+02, -4.77105201e-01,
       -4.94472134e+03,  9.87718876e-01]), 'n_active': 6, 'beta1_train': 4153.129448140662, 'beta0_train': 556.8140917492185, 'beta1_val': 2154.242338262895, 'beta0_val': -819.7185793270847, 'selected_score': 235.09445756033702, 'evaluations': 275, 'seconds': 0.3270955999905709, 'method': 'differential_evolution_v2', 'accepted_search': True, 'solver_message': 'Maximum number of iterations has been exceeded.'}]",42,2705.6008348347914,2038.255205547621,0.3782486999843968,0.5034293000062462
"[{'theta': array([-2267.6406634]), 'n_active': 1, 'beta1_train': -4068.364109275193, 'beta0_train': -4084.8246740070767, 'beta1_val': -4086.0000000000005, 'beta0_val': -4086.0000000000005, 'selected_score': -4084.8246740070767, 'evaluations': 20, 'seconds': 0.045061600001645274, 'method': 'differential_evolution_v2', 'accepted_search': True, 'solver_message': 'Optimization terminated successfully.'}, {'theta': array([-7.66076753e+03,  8.62362401e-01, -5.22891027e+02, -6.05455779e-01,
       -4.84399050e+03,  6.81064024e-01]), 'n_active': 6, 'beta1_train': 4595.954963052573, 'beta0_train': 802.0624241005853, 'beta1_val': 2730.9069036190563, 'beta0_val': -729.9875946990946, 'selected_score': 465.1389205138651, 'evaluations': 275, 'seconds': 0.3298030000005383, 'method': 'differential_evolution_v2', 'accepted_search': True, 'solver_message': 'Maximum number of iterations has been exceeded.'}]",42,2038.255205547621,1783.9402933221977,0.3748646000021836,0.5004364000051282
"[{'theta': array([-7980.33993264]), 'n_active': 1, 'beta1_train': -1505.4244952948216, 'beta0_train': -1522.4015939918702, 'beta1_val': -1522.8000000000002, 'beta0_val': -1522.8000000000002, 'selected_score': -1522.4015939918702, 'evaluations': 15, 'seconds': 0.03741400000581052, 'method': 'differential_evolution_v2', 'accepted_search': True, 'solver_message': 'Optimization terminated successfully.'}, {'theta': array([-2.09059612e+03, -1.58482578e+00, -4.02967398e+02,  1.62819495e-01,
       -9.04994142e+03, -4.00686230e-01]), 'n_active': 6, 'beta1_train': 3876.6472343888836, 'beta0_train': 229.58212579824297, 'beta1_val': 3727.1473133377585, 'beta0_val': -237.5289139644786, 'selected_score': 132.1106500907098, 'evaluations': 275, 'seconds': 0.3175158999947598, 'method': 'differential_evolution_v2', 'accepted_search': True, 'solver_message': 'Maximum number of iterations has been exceeded.'}]",42,1783.9402933221977,1782.0950724410661,0.35492990000057034,0.48043219999817666
"[{'theta': array([-1422.72565065]), 'n_active': 1, 'beta1_train': -455.5638979633183, 'beta0_train': -459.31968325816456, 'beta1_val': -427.1641972823964, 'beta0_val': -427.1641972823964, 'selected_score': -459.31968325816456, 'evaluations': 50, 'seconds': 0.10015050000220072, 'method': 'differential_evolution_v2', 'accepted_search': True, 'solver_message': 'Maximum number of iterations has been exceeded.'}, {'theta': array([-6.82199325e+03,  9.38351584e-01, -4.10072741e+03, -1.06148804e+00,
       -4.94760970e+03,  4.23141155e-01]), 'n_active': 6, 'beta1_train': 1474.6870466083633, 'beta0_train': -185.39567811608538, 'beta1_val': 1313.3445036792718, 'beta0_val': -182.35816445462976, 'selected_score': -185.39567811608538, 'evaluations': 275, 'seconds': 0.3506578999949852, 'method': 'differential_evolution_v2', 'accepted_search': True, 'solver_message': 'Maximum number of iterations has been exceeded.'}]",42,1782.0950724410661,1769.4104578047504,0.4508083999971859,0.5802941000001738
"[{'theta': array([-2659.71155132]), 'n_active': 1, 'beta1_train': -1610.690635661041, 'beta0_train': -1612.8794251094578, 'beta1_val': -1537.4100056206219, 'beta0_val': -1537.4100056206219, 'selected_score': -1612.8794251094578, 'evaluations': 25, 'seconds': 0.05401400000846479, 'method': 'differential_evolution_v2', 'accepted_search': True, 'solver_message': 'Optimization terminated successfully.'}, {'theta': array([-2.21672311e+03, -8.33485552e-01, -5.92745886e+03, -1.21736325e+00,
       -9.31356609e+03,  1.98048604e+00]), 'n_active': 6, 'beta1_train': -2625.920211005714, 'beta0_train': -4109.153147098724, 'beta1_val': -2065.7434740908534, 'beta0_val': -4035.2081003300195, 'selected_score': -4109.153147098724, 'evaluations': 185, 'seconds': 0.30997029998979997, 'method': 'differential_evolution_v2', 'accepted_search': True, 'solver_message': 'Optimization terminated successfully.'}]",42,1769.4104578047504,10561.291634578709,0.36398429999826476,0.5101905000046827
"[{'theta': array([-5186.02870864]), 'n_active': 1, 'beta1_train': -3132.1911407287644, 'beta0_train': -4156.066897056219, 'beta1_val': -3187.1400256644133, 'beta0_val': -4157.881374697324, 'selected_score': -4156.066897056219, 'evaluations': 20, 'seconds': 0.05003990000113845, 'method': 'differential_evolution_v2', 'accepted_search': True, 'solver_message': 'Optimization terminated successfully.'}, {'theta': array([-4.10962864e+03,  5.55615472e-01, -4.44710894e+02,  3.40129874e-01,
       -4.02146309e+03,  1.38645550e+00]), 'n_active': 6, 'beta1_train': 3853.0919335168655, 'beta0_train': -250.527439060297, 'beta1_val': 5898.979501917288, 'beta0_val': 991.9183781875986, 'selected_score': -354.616001334305, 'evaluations': 275, 'seconds': 0.4087500000023283, 'method': 'differential_evolution_v2', 'accepted_search': True, 'solver_message': 'Maximum number of iterations has been exceeded.'}]",42,10561.291634578709,2015.9657140456718,0.45878990000346676,0.6183730000047944
"[{'theta': array([-4859.27379744]), 'n_active': 1, 'beta1_train': -3938.145782410744, 'beta0_train': -3964.5776028041473, 'beta1_val': -3946.871208185185, 'beta0_val': -3957.863343185185, 'selected_score': -3964.5776028041473, 'evaluations': 20, 'seconds': 0.049965500002144836, 'method': 'differential_evolution_v2', 'accepted_search': True, 'solver_message': 'Optimization terminated successfully.'}, {'theta': array([-7.56558945e+03, -5.76303346e-01, -3.98154891e+02, -1.65521672e-01,
       -5.36039339e+03, -4.82884776e-01]), 'n_active': 6, 'beta1_train': 3784.0796432782677, 'beta0_train': 14.80379500872894, 'beta1_val': 2197.7773001636856, 'beta0_val': -989.9068228564997, 'selected_score': -256.46213903726465, 'evaluations': 275, 'seconds': 0.3452531000075396, 'method': 'differential_evolution_v2', 'accepted_search': True, 'solver_message': 'Maximum number of iterations has been exceeded.'}]",42,2015.9657140456718,2375.2106343594455,0.39521860000968445,0.5430954000039492
"[{'theta': array([-5183.10559471]), 'n_active': 1, 'beta1_train': -4291.141043768069, 'beta0_train': -4377.573986734894, 'beta1_val': -4267.871823661484, 'beta0_val': -4313.634128019299, 'selected_score': -4377.573986734894, 'evaluations': 20, 'seconds': 0.051775600004475564, 'method': 'differential_evolution_v2', 'accepted_search': True, 'solver_message': 'Optimization terminated successfully.'}, {'theta': array([-1.70600267e+03,  5.48933315e-01, -4.25278833e+02, -5.15455647e-01,
       -1.00205608e+03,  3.29356310e-01]), 'n_active': 6, 'beta1_train': 3427.6207888555373, 'beta0_train': -594.5891600531583, 'beta1_val': 3612.6253738087444, 'beta0_val': -1023.1806413629546, 'selected_score': -665.2163408726246, 'evaluations': 275, 'seconds': 0.4155049999972107, 'method': 'differential_evolution_v2', 'accepted_search': True, 'solver_message': 'Maximum number of iterations has been exceeded.'}]",42,2375.2106343594455,2362.231250338775,0.46728060000168625,0.6145618000009563
"[{'theta': array([-8002.61565682]), 'n_active': 1, 'beta1_train': -4251.632136854155, 'beta0_train': -4341.1306788477605, 'beta1_val': -4402.8, 'beta0_val': -4402.8, 'selected_score': -4341.1306788477605, 'evaluations': 20, 'seconds': 0.05329540000820998, 'method': 'differential_evolution_v2', 'accepted_search': True, 'solver_message': 'Optimization terminated successfully.'}, {'theta': array([-5.15640695e+03, -1.91601246e+00, -1.02190657e+03,  4.66596552e-01,
       -1.57107356e+02, -1.62293883e+00]), 'n_active': 6, 'beta1_train': 3034.6463986605554, 'beta0_train': -314.37494249472513, 'beta1_val': 3146.359852226762, 'beta0_val': -994.3052167255854, 'selected_score': -461.4668171743907, 'evaluations': 275, 'seconds': 0.3984834000002593, 'method': 'differential_evolution_v2', 'accepted_search': True, 'solver_message': 'Maximum number of iterations has been exceeded.'}]",42,2362.231250338775,2514.477420939752,0.45177880000846926,0.6184916999918642
"[{'theta': array([-432.27054699]), 'n_active': 1, 'beta1_train': -1055.7217592491907, 'beta0_train': -1085.6649773660042, 'beta1_val': -1086.0, 'beta0_val': -1086.0, 'selected_score': -1085.6649773660042, 'evaluations': 20, 'seconds': 0.06602769999881275, 'method': 'differential_evolution_v2', 'accepted_search': True, 'solver_message': 'Optimization terminated successfully.'}, {'theta': array([-8.64608826e+03, -1.98216493e+00, -8.21585942e+02, -1.19455386e+00,
       -1.51829077e+03, -4.05529040e-01]), 'n_active': 6, 'beta1_train': 3534.587859333783, 'beta0_train': 208.77786128737517, 'beta1_val': 3123.4979538495154, 'beta0_val': -185.05831472448796, 'selected_score': 115.29879715446884, 'evaluations': 275, 'seconds': 0.42200880000018515, 'method': 'differential_evolution_v2', 'accepted_search': True, 'solver_message': 'Maximum number of iterations has been exceeded.'}]",42,2514.477420939752,2013.8622182364386,0.4880364999989979,0.6532733000058215
"[{'theta': array([-8625.58028105]), 'n_active': 1, 'beta1_train': -607.686585920526, 'beta0_train': -611.3786500665343, 'beta1_val': -595.9714323927083, 'beta0_val': -595.9714323927083, 'selected_score': -611.3786500665343, 'evaluations': 20, 'seconds': 0.049808700001449324, 'method': 'differential_evolution_v2', 'accepted_search': True, 'solver_message': 'Optimization terminated successfully.'}, {'theta': array([-4.70366613e+03,  7.08201873e-01, -3.33433140e+02, -2.98529372e-02,
       -4.67311486e+03,  1.52413588e+00]), 'n_active': 6, 'beta1_train': 1116.4479649682191, 'beta0_train': -286.4244627022939, 'beta1_val': 1260.0931393626447, 'beta0_val': -331.98435220842146, 'selected_score': -287.98435968191006, 'evaluations': 275, 'seconds': 0.42467400000896305, 'method': 'differential_evolution_v2', 'accepted_search': True, 'solver_message': 'Maximum number of iterations has been exceeded.'}]",42,2013.8622182364386,1769.4786956043042,0.4744827000104124,0.6313058999949135
"[{'theta': array([-345.2167165]), 'n_active': 1, 'beta1_train': -1534.0844283102913, 'beta0_train': -1538.8914359124585, 'beta1_val': -1407.3382840238496, 'beta0_val': -1407.3382840238496, 'selected_score': -1538.8914359124585, 'evaluations': 25, 'seconds': 0.049280500010354444, 'method': 'differential_evolution_v2', 'accepted_search': True, 'solver_message': 'Optimization terminated successfully.'}, {'theta': array([-5.51644732e+03,  1.15433767e-01, -6.24290910e+03,  1.48906554e+00,
       -6.27935136e+02,  1.39099836e+00]), 'n_active': 6, 'beta1_train': -2324.4957136767703, 'beta0_train': -3696.035571603583, 'beta1_val': -1491.2894625549898, 'beta0_val': -3686.3536030105975, 'selected_score': -3696.035571603583, 'evaluations': 275, 'seconds': 0.34947319999628235, 'method': 'differential_evolution_v2', 'accepted_search': True, 'solver_message': 'Maximum number of iterations has been exceeded.'}]",42,1769.4786956043042,9457.414774174917,0.3987537000066368,0.5260493999958271
"[{'theta': array([-2334.84048275]), 'n_active': 1, 'beta1_train': -4237.308113295289, 'beta0_train': -4318.146010706332, 'beta1_val': -4295.3196250441915, 'beta0_val': -4306.435580400217, 'selected_score': -4318.146010706332, 'evaluations': 25, 'seconds': 0.05252440000185743, 'method': 'differential_evolution_v2', 'accepted_search': True, 'solver_message': 'Optimization terminated successfully.'}, {'theta': array([-2.84563612e+03, -3.97112646e-01, -4.14280767e+02, -1.30161749e+00,
       -2.99887147e+03,  1.69482170e+00]), 'n_active': 6, 'beta1_train': 3160.460578570942, 'beta0_train': -440.17441880668804, 'beta1_val': 2422.4004480457206, 'beta0_val': -830.4599440171646, 'selected_score': -496.5049119288377, 'evaluations': 275, 'seconds': 0.3331354999972973, 'method': 'differential_evolution_v2', 'accepted_search': True, 'solver_message': 'Maximum number of iterations has been exceeded.'}]",42,9457.414774174917,1621.5733685185185,0.38565989999915473,0.5117504999943776
"[{'theta': array([-6553.98120593]), 'n_active': 1, 'beta1_train': -3873.2242322088973, 'beta0_train': -3893.7070664071416, 'beta1_val': -3895.2, 'beta0_val': -3895.2, 'selected_score': -3893.7070664071416, 'evaluations': 50, 'seconds': 0.08607089999713935, 'method': 'differential_evolution_v2', 'accepted_search': True, 'solver_message': 'Maximum number of iterations has been exceeded.'}, {'theta': array([-2.86430439e+03,  4.94518628e-01, -6.38347639e+02, -4.00511191e-01,
       -8.82867763e+03,  1.05120200e+00]), 'n_active': 6, 'beta1_train': 2976.2984556412707, 'beta0_train': -512.6084512943942, 'beta1_val': 3336.4597589161403, 'beta0_val': -665.1488154692626, 'selected_score': -522.3503047864237, 'evaluations': 275, 'seconds': 0.32765559999097604, 'method': 'differential_evolution_v2', 'accepted_search': True, 'solver_message': 'Maximum number of iterations has been exceeded.'}]",42,1621.5733685185185,1765.0717157407407,0.4137264999881154,0.5403205000038724
"[{'theta': array([-912.06034018]), 'n_active': 1, 'beta1_train': -3996.9387136602572, 'beta0_train': -4001.0268583423863, 'beta1_val': -3909.268755858041, 'beta0_val': -3909.268755858041, 'selected_score': -4001.0268583423863, 'evaluations': 50, 'seconds': 0.09948459999577608, 'method': 'differential_evolution_v2', 'accepted_search': True, 'solver_message': 'Maximum number of iterations has been exceeded.'}, {'theta': array([-6.70208796e+03, -2.34334670e-01, -4.53176332e+02,  6.46935644e-01,
       -2.06998418e+03, -1.23830453e+00]), 'n_active': 6, 'beta1_train': 3264.0790757292402, 'beta0_train': -366.76329116352133, 'beta1_val': 6959.380576492185, 'beta0_val': 6320.246526192591, 'selected_score': -678.4938171335064, 'evaluations': 275, 'seconds': 0.32949960000405554, 'method': 'differential_evolution_v2', 'accepted_search': True, 'solver_message': 'Maximum number of iterations has been exceeded.'}]",42,1765.0717157407407,3548.557381472508,0.4289841999998316,0.5814778999920236
"[{'theta': array([-7114.5283467]), 'n_active': 1, 'beta1_train': -3996.470981071232, 'beta0_train': -4008.2933167171536, 'beta1_val': -4009.2000000000003, 'beta0_val': -4009.2000000000003, 'selected_score': -4008.2933167171536, 'evaluations': 50, 'seconds': 0.09341279999352992, 'method': 'differential_evolution_v2', 'accepted_search': True, 'solver_message': 'Maximum number of iterations has been exceeded.'}, {'theta': array([-3.91986018e+03, -1.51790563e+00, -5.21897115e+02, -1.46088221e+00,
       -7.33545991e+03, -1.19986982e-01]), 'n_active': 6, 'beta1_train': 4358.481254148868, 'beta0_train': 780.3699352662065, 'beta1_val': 2193.958848648039, 'beta0_val': -788.8278733770946, 'selected_score': 433.99073556664814, 'evaluations': 275, 'seconds': 0.3485874000034528, 'method': 'differential_evolution_v2', 'accepted_search': True, 'solver_message': 'Maximum number of iterations has been exceeded.'}]",42,3548.557381472508,1963.0037843032771,0.4420001999969827,0.5795585000014398
"[{'theta': array([-394.16092829]), 'n_active': 1, 'beta1_train': -1038.7974017422237, 'beta0_train': -1048.4553572300147, 'beta1_val': -933.2946585504841, 'beta0_val': -1022.5072645797925, 'selected_score': -1048.4553572300147, 'evaluations': 20, 'seconds': 0.04752240001107566, 'method': 'differential_evolution_v2', 'accepted_search': True, 'solver_message': 'Optimization terminated successfully.'}, {'theta': array([-7.70741066e+03, -1.48396171e+00, -8.39913498e+02, -1.52711536e+00,
       -7.01577166e+03, -8.88010536e-01]), 'n_active': 6, 'beta1_train': 3495.5961798514195, 'beta0_train': 324.36474126730104, 'beta1_val': 3054.494417151696, 'beta0_val': 979.5435385601827, 'selected_score': 261.0175412707751, 'evaluations': 275, 'seconds': 0.3487718000105815, 'method': 'differential_evolution_v2', 'accepted_search': True, 'solver_message': 'Maximum number of iterations has been exceeded.'}]",42,1963.0037843032771,2094.220764337765,0.39629420002165716,0.5374126000097021
"[{'theta': array([-8946.26829521]), 'n_active': 1, 'beta1_train': -864.0164357995463, 'beta0_train': -869.4700926864458, 'beta1_val': -844.3730634404344, 'beta0_val': -844.3730634404344, 'selected_score': -869.4700926864458, 'evaluations': 20, 'seconds': 0.044166799998492934, 'method': 'differential_evolution_v2', 'accepted_search': True, 'solver_message': 'Optimization terminated successfully.'}, {'theta': array([-4.31118570e+03,  6.23985350e-01, -8.24353534e+03, -7.73022212e-01,
       -3.67322035e+03,  1.19093476e+00]), 'n_active': 6, 'beta1_train': 1061.127267753667, 'beta0_train': -448.75286529372266, 'beta1_val': 834.911028283524, 'beta0_val': -466.1386995939788, 'selected_score': -448.75286529372266, 'evaluations': 275, 'seconds': 0.32860470000014175, 'method': 'differential_evolution_v2', 'accepted_search': True, 'solver_message': 'Maximum number of iterations has been exceeded.'}]",42,2094.220764337765,2188.4813375358135,0.3727714999986347,0.5063165000028675
"[{'theta': array([-4653.9903489]), 'n_active': 1, 'beta1_train': -1377.543077500337, 'beta0_train': -1386.3452813706224, 'beta1_val': -1336.9727693017244, 'beta0_val': -1336.9727693017244, 'selected_score': -1386.3452813706224, 'evaluations': 15, 'seconds': 0.03855029999976978, 'method': 'differential_evolution_v2', 'accepted_search': True, 'solver_message': 'Optimization terminated successfully.'}, {'theta': array([-1.23670660e+03, -9.30611816e-01, -8.70713104e+03, -3.08929905e-01,
       -4.99403122e+03,  5.90311153e-01]), 'n_active': 6, 'beta1_train': -1253.4759606909608, 'beta0_train': -2549.940094423543, 'beta1_val': -1651.4926911505129, 'beta0_val': -2577.123055687282, 'selected_score': -2549.940094423543, 'evaluations': 275, 'seconds': 0.32753799999773037, 'method': 'differential_evolution_v2', 'accepted_search': True, 'solver_message': 'Maximum number of iterations has been exceeded.'}]",42,2188.4813375358135,6373.998523332566,0.36608829999750014,0.4945756000088295
"[{'theta': array([-2596.1476511]), 'n_active': 1, 'beta1_train': -2600.86067916883, 'beta0_train': -3762.964506440673, 'beta1_val': -2444.929522121377, 'beta0_val': -3744.987129820359, 'selected_score': -3762.964506440673, 'evaluations': 20, 'seconds': 0.043989800004055724, 'method': 'differential_evolution_v2', 'accepted_search': True, 'solver_message': 'Optimization terminated successfully.'}, {'theta': array([-3.66735280e+03,  9.35637919e-01, -2.80862849e+02,  5.14237893e-01,
       -3.36020956e+03,  1.44760375e+00]), 'n_active': 6, 'beta1_train': 2885.57643788857, 'beta0_train': -434.3794849767897, 'beta1_val': 4097.37901778681, 'beta0_val': 289.4049081329797, 'selected_score': -497.17041316837765, 'evaluations': 275, 'seconds': 0.36257660000410397, 'method': 'differential_evolution_v2', 'accepted_search': True, 'solver_message': 'Maximum number of iterations has been exceeded.'}]",42,6373.998523332566,2098.804057136603,0.4065664000081597,0.5329045000107726
"[{'theta': array([-2700.51606345]), 'n_active': 1, 'beta1_train': -3905.0396331995853, 'beta0_train': -3929.1038595114424, 'beta1_val': -3923.4232158666664, 'beta0_val': -3930.0, 'selected_score': -3929.1038595114424, 'evaluations': 50, 'seconds': 0.09749910001119133, 'method': 'differential_evolution_v2', 'accepted_search': True, 'solver_message': 'Maximum number of iterations has been exceeded.'}, {'theta': array([-2.63368935e+03,  8.21188467e-01, -1.64742237e+03,  1.32451925e+00,
       -8.07275412e+03,  4.23633927e-01]), 'n_active': 6, 'beta1_train': 2714.9104136709025, 'beta0_train': -673.8733093051316, 'beta1_val': 2841.23078719299, 'beta0_val': -739.893211508383, 'selected_score': -673.8733093051316, 'evaluations': 275, 'seconds': 0.3565410000010161, 'method': 'differential_evolution_v2', 'accepted_search': True, 'solver_message': 'Maximum number of iterations has been exceeded.'}]",42,2098.804057136603,1647.8219828454066,0.4540401000122074,0.5889842000033241
"[{'theta': array([-4149.28012725]), 'n_active': 1, 'beta1_train': -4219.22516857778, 'beta0_train': -4225.558124014249, 'beta1_val': -4161.673001538013, 'beta0_val': -4161.673001538013, 'selected_score': -4225.558124014249, 'evaluations': 25, 'seconds': 0.05305320001207292, 'method': 'differential_evolution_v2', 'accepted_search': True, 'solver_message': 'Optimization terminated successfully.'}, {'theta': array([-8.32585784e+03,  4.90910428e-01, -3.50246643e+02, -1.82702369e+00,
       -3.40147304e+02, -4.26267575e-01]), 'n_active': 6, 'beta1_train': 2606.45926964118, 'beta0_train': -564.7172875946713, 'beta1_val': 4889.2625369744455, 'beta0_val': -1025.5482690569397, 'selected_score': -774.9598920988276, 'evaluations': 275, 'seconds': 0.38119309999456163, 'method': 'differential_evolution_v2', 'accepted_search': True, 'solver_message': 'Maximum number of iterations has been exceeded.'}]",42,1647.8219828454066,3377.8624114073327,0.43424630000663456,0.5790119000012055
"[{'theta': array([-5120.01229858]), 'n_active': 1, 'beta1_train': -3758.242462761161, 'beta0_train': -3761.5321690589926, 'beta1_val': -3688.8659486674005, 'beta0_val': -3702.611413632525, 'selected_score': -3761.5321690589926, 'evaluations': 15, 'seconds': 0.03715299999748822, 'method': 'differential_evolution_v2', 'accepted_search': True, 'solver_message': 'Optimization terminated successfully.'}, {'theta': array([-8.34592648e+03, -1.34477546e+00, -2.76026335e+02, -1.29080214e+00,
       -1.15801417e+03, -6.72672049e-02]), 'n_active': 6, 'beta1_train': 3045.5531163156083, 'beta0_train': 163.47233927000642, 'beta1_val': 1873.7620376684847, 'beta0_val': -689.958384669261, 'selected_score': -50.25785800829926, 'evaluations': 275, 'seconds': 0.40661809999437537, 'method': 'differential_evolution_v2', 'accepted_search': True, 'solver_message': 'Maximum number of iterations has been exceeded.'}]",42,3377.8624114073327,2175.017620028546,0.4437710999918636,0.6800293000123929
"[{'theta': array([-1326.57132708]), 'n_active': 1, 'beta1_train': -2166.801657728678, 'beta0_train': -2167.2234727721006, 'beta1_val': -2164.311922699056, 'beta0_val': -2164.311922699056, 'selected_score': -2167.2234727721006, 'evaluations': 20, 'seconds': 0.051378999996813945, 'method': 'differential_evolution_v2', 'accepted_search': True, 'solver_message': 'Optimization terminated successfully.'}, {'theta': array([-6.63096342e+03,  6.42967279e-01, -2.51932154e+02, -6.14423314e-01,
       -5.68363878e+03,  2.96385465e-02]), 'n_active': 6, 'beta1_train': 3121.0532577805843, 'beta0_train': -228.63860054159386, 'beta1_val': 2693.226941617125, 'beta0_val': -453.8064576614932, 'selected_score': -244.4544732045471, 'evaluations': 275, 'seconds': 0.3616984999971464, 'method': 'differential_evolution_v2', 'accepted_search': True, 'solver_message': 'Maximum number of iterations has been exceeded.'}]",42,2175.017620028546,1819.0289623970052,0.4130774999939604,0.5451079999911599
"[{'theta': array([-7302.73389935]), 'n_active': 1, 'beta1_train': -362.0929730311114, 'beta0_train': -364.0925889764242, 'beta1_val': -360.8791033805159, 'beta0_val': -360.8791033805159, 'selected_score': -364.0925889764242, 'evaluations': 20, 'seconds': 0.04856129999097902, 'method': 'differential_evolution_v2', 'accepted_search': True, 'solver_message': 'Optimization terminated successfully.'}, {'theta': array([-7.31174871e+03,  1.65342581e+00, -3.07552727e+02,  1.52072090e+00,
       -5.42065401e+03,  9.56664460e-01]), 'n_active': 6, 'beta1_train': 727.2764693790998, 'beta0_train': -215.17782093719703, 'beta1_val': 1040.8376008503758, 'beta0_val': -216.5041039387083, 'selected_score': -215.56262585217533, 'evaluations': 275, 'seconds': 0.3705941000080202, 'method': 'differential_evolution_v2', 'accepted_search': True, 'solver_message': 'Maximum number of iterations has been exceeded.'}]",42,1819.0289623970052,1519.8067044612042,0.4191553999989992,0.564501000000746
"[{'theta': array([-2114.62438077]), 'n_active': 1, 'beta1_train': -1220.262904974287, 'beta0_train': -1222.5720867010248, 'beta1_val': -1316.3169930005947, 'beta0_val': -1316.3169930005947, 'selected_score': -1222.5720867010248, 'evaluations': 15, 'seconds': 0.04434870000113733, 'method': 'differential_evolution_v2', 'accepted_search': True, 'solver_message': 'Optimization terminated successfully.'}, {'theta': array([-8.09132407e+02,  1.48018684e+00, -2.32397427e+03,  1.27702631e+00,
       -3.31425755e+03, -1.83005396e+00]), 'n_active': 6, 'beta1_train': -3081.8322262976717, 'beta0_train': -4064.5070421644914, 'beta1_val': -2914.3836058267916, 'beta0_val': -4009.610847387728, 'selected_score': -4064.5070421644914, 'evaluations': 275, 'seconds': 0.3970218000031309, 'method': 'differential_evolution_v2', 'accepted_search': True, 'solver_message': 'Optimization terminated successfully.'}]",42,1519.8067044612042,9797.445994496811,0.44137050000426825,0.5743538999959128
"[{'theta': array([-4841.22483309]), 'n_active': 1, 'beta1_train': -3229.225461534109, 'beta0_train': -3232.870642511292, 'beta1_val': -3210.8969228518517, 'beta0_val': -3210.8969228518517, 'selected_score': -3232.870642511292, 'evaluations': 15, 'seconds': 0.04020009998930618, 'method': 'differential_evolution_v2', 'accepted_search': True, 'solver_message': 'Optimization terminated successfully.'}, {'theta': array([-2.65980571e+03, -1.45431605e+00, -3.88267082e+02, -1.35613557e+00,
       -2.48466192e+03,  6.23288458e-01]), 'n_active': 6, 'beta1_train': 2849.5447246878275, 'beta0_train': -502.55682655997447, 'beta1_val': 2777.3805531003986, 'beta0_val': -502.1402478392999, 'selected_score': -506.8099517866103, 'evaluations': 275, 'seconds': 0.32215559999167453, 'method': 'differential_evolution_v2', 'accepted_search': True, 'solver_message': 'Maximum number of iterations has been exceeded.'}]",42,9797.445994496811,1560.0683159259256,0.3623556999809807,0.5017844999965746
"[{'theta': array([-7509.02829347]), 'n_active': 1, 'beta1_train': -3917.2119891445086, 'beta0_train': -3939.0691043090087, 'beta1_val': -3934.1896339386503, 'beta0_val': -3934.1896339386503, 'selected_score': -3939.0691043090087, 'evaluations': 50, 'seconds': 0.08695860000443645, 'method': 'differential_evolution_v2', 'accepted_search': True, 'solver_message': 'Maximum number of iterations has been exceeded.'}, {'theta': array([-6.71383556e+03, -1.56349826e+00, -8.51036953e+02, -1.06626906e+00,
       -2.26989140e+03,  5.62860797e-01]), 'n_active': 6, 'beta1_train': 3067.6344940047275, 'beta0_train': -248.00207475880865, 'beta1_val': 3123.971999357588, 'beta0_val': -304.7149680827684, 'selected_score': -376.2331128715885, 'evaluations': 275, 'seconds': 0.31579219999548513, 'method': 'differential_evolution_v2', 'accepted_search': True, 'solver_message': 'Maximum number of iterations has been exceeded.'}]",42,1560.0683159259256,2083.6233734635007,0.4027507999999216,0.5331819999992149
"[{'theta': array([-7594.79412857]), 'n_active': 1, 'beta1_train': -3390.5399635466983, 'beta0_train': -3395.089931293668, 'beta1_val': -3446.529727668647, 'beta0_val': -3446.529727668647, 'selected_score': -3395.089931293668, 'evaluations': 20, 'seconds': 0.04614200000651181, 'method': 'differential_evolution_v2', 'accepted_search': True, 'solver_message': 'Optimization terminated successfully.'}, {'theta': array([-5.71607260e+03, -7.99303559e-01, -3.62191103e+02, -1.67762413e+00,
       -2.21114847e+03, -7.99207356e-01]), 'n_active': 6, 'beta1_train': 2710.036453924355, 'beta0_train': -323.4254639039747, 'beta1_val': 1663.6827353592262, 'beta0_val': -751.5939946767032, 'selected_score': -392.0691543154468, 'evaluations': 275, 'seconds': 0.3201718000054825, 'method': 'differential_evolution_v2', 'accepted_search': True, 'solver_message': 'Maximum number of iterations has been exceeded.'}]",42,2083.6233734635007,2127.988617352664,0.3663138000119943,0.49145640000642743
"[{'theta': array([-5871.81846474]), 'n_active': 1, 'beta1_train': -2803.784554973237, 'beta0_train': -2808.2152345644663, 'beta1_val': -2884.089913592613, 'beta0_val': -2884.089913592613, 'selected_score': -2808.2152345644663, 'evaluations': 20, 'seconds': 0.05249429999093991, 'method': 'differential_evolution_v2', 'accepted_search': True, 'solver_message': 'Optimization terminated successfully.'}, {'theta': array([-7.15712775e+03, -1.41093382e+00, -4.61726996e+02,  9.91229126e-02,
       -6.76443187e+03,  7.90272855e-01]), 'n_active': 6, 'beta1_train': 2283.9477711764494, 'beta0_train': -824.3692436454689, 'beta1_val': 1761.213913612351, 'beta0_val': -981.3211304721364, 'selected_score': -836.2449353848149, 'evaluations': 275, 'seconds': 0.3113745000009658, 'method': 'differential_evolution_v2', 'accepted_search': True, 'solver_message': 'Maximum number of iterations has been exceeded.'}]",42,2127.988617352664,2335.4518701539264,0.3638687999919057,0.5011737000022549
"[{'theta': array([-932.54632045]), 'n_active': 1, 'beta1_train': -554.7862220415989, 'beta0_train': -1064.2315838127156, 'beta1_val': -967.24111978202, 'beta0_val': -1104.589942525847, 'selected_score': -1064.2315838127156, 'evaluations': 20, 'seconds': 0.0429842000012286, 'method': 'differential_evolution_v2', 'accepted_search': True, 'solver_message': 'Optimization terminated successfully.'}, {'theta': array([-6.39079394e+02, -1.79829278e+00, -5.29766968e+03, -1.04622350e+00,
       -2.32523510e+03, -7.93932099e-01]), 'n_active': 6, 'beta1_train': 3353.6026559249326, 'beta0_train': 1457.4415121009874, 'beta1_val': 3090.1218571373656, 'beta0_val': 2944.730023168449, 'selected_score': 1450.3385634228912, 'evaluations': 275, 'seconds': 0.32122199999867007, 'method': 'differential_evolution_v2', 'accepted_search': True, 'solver_message': 'Maximum number of iterations has been exceeded.'}]",42,2335.4518701539264,1213.1835,0.36420619999989867,0.49365419999230653
"[{'theta': array([-8872.57641711]), 'n_active': 1, 'beta1_train': -26.278005033086156, 'beta0_train': -29.95185061050686, 'beta1_val': -30.163782487281676, 'beta0_val': -30.163782487281676, 'selected_score': -29.95185061050686, 'evaluations': 20, 'seconds': 0.04521149999345653, 'method': 'differential_evolution_v2', 'accepted_search': True, 'solver_message': 'Optimization terminated successfully.'}, {'theta': array([-7.86816537e+03, -8.48724528e-01, -7.70050143e+03, -2.88891353e-01,
       -1.46327166e+03,  7.37288460e-01]), 'n_active': 6, 'beta1_train': 1049.1979485033978, 'beta0_train': -17.393266182506036, 'beta1_val': 8084.43880350998, 'beta0_val': 6963.418656977071, 'selected_score': -17.393266182506036, 'evaluations': 275, 'seconds': 0.3236094000021694, 'method': 'differential_evolution_v2', 'accepted_search': True, 'solver_message': 'Maximum number of iterations has been exceeded.'}]",42,1213.1835,1200.0,0.36882089999562595,0.4913075999938883
"[{'theta': array([-1313.98823006]), 'n_active': 1, 'beta1_train': -1083.731060708119, 'beta0_train': -1085.427246824392, 'beta1_val': -990.9752209762361, 'beta0_val': -990.9752209762361, 'selected_score': -1085.427246824392, 'evaluations': 25, 'seconds': 0.0480119999992894, 'method': 'differential_evolution_v2', 'accepted_search': True, 'solver_message': 'Optimization terminated successfully.'}, {'theta': array([-7.44124060e+02,  1.56011458e+00, -3.52880880e+03,  9.37471287e-01,
       -6.63298824e+02, -7.52126026e-01]), 'n_active': 6, 'beta1_train': 440.59628352162093, 'beta0_train': -692.9990622098545, 'beta1_val': 5467.522849078617, 'beta0_val': 3759.460810424214, 'selected_score': -694.4283176616968, 'evaluations': 275, 'seconds': 0.3148585000017192, 'method': 'differential_evolution_v2', 'accepted_search': True, 'solver_message': 'Maximum number of iterations has been exceeded.'}]",42,1200.0,1859.936758888889,0.3628705000010086,0.4852104000019608
"[{'theta': array([-6114.24430863]), 'n_active': 1, 'beta1_train': -3482.0425462518233, 'beta0_train': -3923.0090716700433, 'beta1_val': -3495.7554470259693, 'beta0_val': -3917.7745018010464, 'selected_score': -3923.0090716700433, 'evaluations': 20, 'seconds': 0.04455190000589937, 'method': 'differential_evolution_v2', 'accepted_search': True, 'solver_message': 'Optimization terminated successfully.'}, {'theta': array([-3.90656931e+03,  1.18557535e+00, -1.66073091e+03,  2.88274846e-01,
       -6.04874324e+03, -1.69717354e+00]), 'n_active': 6, 'beta1_train': 2544.830473223665, 'beta0_train': -712.849655908659, 'beta1_val': 7732.598108855591, 'beta0_val': 5705.396546806237, 'selected_score': -712.849655908659, 'evaluations': 275, 'seconds': 0.363029700005427, 'method': 'differential_evolution_v2', 'accepted_search': True, 'solver_message': 'Maximum number of iterations has been exceeded.'}]",42,1859.936758888889,1276.37601,0.4075816000113264,0.5321819000091637
"[{'theta': array([-6549.32988358]), 'n_active': 1, 'beta1_train': -3683.44448185839, 'beta0_train': -3704.383225215948, 'beta1_val': -3696.8428466744185, 'beta0_val': -3706.7999999999997, 'selected_score': -3704.383225215948, 'evaluations': 20, 'seconds': 0.052982799999881536, 'method': 'differential_evolution_v2', 'accepted_search': True, 'solver_message': 'Optimization terminated successfully.'}, {'theta': array([-3.73347827e+03, -1.17694213e+00, -6.64539612e+03,  1.08576543e-01,
       -9.97004138e+01, -1.33410027e+00]), 'n_active': 6, 'beta1_train': 2523.5137196605892, 'beta0_train': -569.8364057038388, 'beta1_val': 8711.676722650902, 'beta0_val': 4585.582731215785, 'selected_score': -574.4747557971664, 'evaluations': 275, 'seconds': 0.38634820000152104, 'method': 'differential_evolution_v2', 'accepted_search': True, 'solver_message': 'Maximum number of iterations has been exceeded.'}]",42,1276.37601,1230.6944999999998,0.43933100000140257,0.5775207000115188
"[{'theta': array([-7129.71145406]), 'n_active': 1, 'beta1_train': -2873.06152380255, 'beta0_train': -2876.5691242274384, 'beta1_val': -2838.708807426048, 'beta0_val': -2884.0285156418167, 'selected_score': -2876.5691242274384, 'evaluations': 25, 'seconds': 0.05823029999737628, 'method': 'differential_evolution_v2', 'accepted_search': True, 'solver_message': 'Optimization terminated successfully.'}, {'theta': array([-9600.,     0., -9600.,     0., -9600.,     0.]), 'n_active': 6, 'beta1_train': 2310.814034667814, 'beta0_train': 641.5988422033303, 'beta1_val': 6460.311988728602, 'beta0_val': 4821.015088407322, 'selected_score': 641.5988422033303, 'evaluations': 275, 'seconds': 0.34808340000745375, 'method': 'differential_evolution_v2', 'accepted_search': False, 'solver_message': 'Maximum number of iterations has been exceeded.'}]",42,1230.6944999999998,1251.4279825925926,0.40631370000483,0.5486039000097662
"[{'theta': array([-7472.15924529]), 'n_active': 1, 'beta1_train': -3791.1543956467913, 'beta0_train': -3808.457237077688, 'beta1_val': -3744.6955149862665, 'beta0_val': -3803.081688765432, 'selected_score': -3808.457237077688, 'evaluations': 50, 'seconds': 0.09631800001079682, 'method': 'differential_evolution_v2', 'accepted_search': True, 'solver_message': 'Maximum number of iterations has been exceeded.'}, {'theta': array([-9600.,     0., -9600.,     0., -9600.,     0.]), 'n_active': 6, 'beta1_train': 2537.783021468295, 'beta0_train': -996.1064885326815, 'beta1_val': 8062.442236602522, 'beta0_val': 6030.150575484553, 'selected_score': -996.1064885326815, 'evaluations': 275, 'seconds': 0.3849541999952635, 'method': 'differential_evolution_v2', 'accepted_search': False, 'solver_message': 'Maximum number of iterations has been exceeded.'}]",42,1251.4279825925926,2080.202753233508,0.4812722000060603,0.6297480000066571
"[{'theta': array([-641.39151957]), 'n_active': 1, 'beta1_train': -2290.8767564900973, 'beta0_train': -2879.4680501908856, 'beta1_val': -2079.2426055792553, 'beta0_val': -2691.5626040454604, 'selected_score': -2879.554239606985, 'evaluations': 50, 'seconds': 0.09781720000319183, 'method': 'differential_evolution_v2', 'accepted_search': True, 'solver_message': 'Maximum number of iterations has been exceeded.'}, {'theta': array([-2.66748691e+03, -1.51024342e-01, -6.23101638e+02, -3.63482791e-01,
       -9.55904381e+03, -1.20675679e-01]), 'n_active': 6, 'beta1_train': 2954.540264578858, 'beta0_train': -355.05936292250755, 'beta1_val': 3827.192737755661, 'beta0_val': 1830.6241877904306, 'selected_score': -359.72652731052796, 'evaluations': 275, 'seconds': 0.43467689999670256, 'method': 'differential_evolution_v2', 'accepted_search': True, 'solver_message': 'Maximum number of iterations has been exceeded.'}]",42,2080.202753233508,3556.684298783176,0.5324940999998944,0.6832955999998376
"[{'theta': array([-3316.67642155]), 'n_active': 1, 'beta1_train': -554.5177957560746, 'beta0_train': -556.2029835684971, 'beta1_val': -548.1440529185708, 'beta0_val': -550.5149977047435, 'selected_score': -556.2029835684971, 'evaluations': 20, 'seconds': 0.0620098999934271, 'method': 'differential_evolution_v2', 'accepted_search': True, 'solver_message': 'Optimization terminated successfully.'}, {'theta': array([-4.93004687e+03,  6.36253364e-01, -4.98607888e+01,  9.95128673e-01,
       -7.89671011e+03, -7.89362498e-01]), 'n_active': 6, 'beta1_train': 1018.7617164668554, 'beta0_train': 36.13087738622211, 'beta1_val': 384.692536187894, 'beta0_val': -543.2895618934609, 'selected_score': -28.60200757361955, 'evaluations': 275, 'seconds': 0.3752316000027349, 'method': 'differential_evolution_v2', 'accepted_search': True, 'solver_message': 'Maximum number of iterations has been exceeded.'}]",42,3556.684298783176,3703.6017188782535,0.437241499996162,0.5952703999937512
"[{'theta': array([-5206.37099409]), 'n_active': 1, 'beta1_train': -1467.8533632491044, 'beta0_train': -1469.539487729791, 'beta1_val': -1510.4173803786898, 'beta0_val': -1510.4173803786898, 'selected_score': -1469.539487729791, 'evaluations': 20, 'seconds': 0.04909290000796318, 'method': 'differential_evolution_v2', 'accepted_search': True, 'solver_message': 'Optimization terminated successfully.'}, {'theta': array([-5.58788079e+03, -1.44640297e+00, -1.16043731e+02,  7.57216728e-01,
       -5.68714345e+03,  1.38682721e+00]), 'n_active': 6, 'beta1_train': -2473.8339105314208, 'beta0_train': -3277.81457044709, 'beta1_val': -3528.7684871601055, 'beta0_val': -4004.586114213494, 'selected_score': -3347.671645617802, 'evaluations': 275, 'seconds': 0.38388680000207387, 'method': 'differential_evolution_v2', 'accepted_search': True, 'solver_message': 'Maximum number of iterations has been exceeded.'}]",42,3703.6017188782535,9768.677551680827,0.43297970001003705,0.5804733999975724
"[{'theta': array([-471.02864858]), 'n_active': 1, 'beta1_train': -4028.5120174858803, 'beta0_train': -4047.3501161924114, 'beta1_val': -4050.0, 'beta0_val': -4050.0, 'selected_score': -4047.3501161924114, 'evaluations': 15, 'seconds': 0.04390409999177791, 'method': 'differential_evolution_v2', 'accepted_search': True, 'solver_message': 'Optimization terminated successfully.'}, {'theta': array([-6.13866969e+03, -3.98558696e-01, -1.01258377e+03, -1.73217472e+00,
       -5.62738377e+03,  9.97664215e-01]), 'n_active': 6, 'beta1_train': 2978.712081246984, 'beta0_train': -322.4837580291378, 'beta1_val': 2036.6829253483113, 'beta0_val': -1129.189857222222, 'selected_score': -339.7846542689006, 'evaluations': 275, 'seconds': 0.3376066999917384, 'method': 'differential_evolution_v2', 'accepted_search': True, 'solver_message': 'Maximum number of iterations has been exceeded.'}]",42,9768.677551680827,2992.9300824074057,0.38151079998351634,0.5195135999965714
"[{'theta': array([-8222.69973338]), 'n_active': 1, 'beta1_train': -2558.173373204738, 'beta0_train': -2562.1417894315955, 'beta1_val': -2484.6643162668415, 'beta0_val': -2484.6643162668415, 'selected_score': -2562.1417894315955, 'evaluations': 25, 'seconds': 0.05341920000500977, 'method': 'differential_evolution_v2', 'accepted_search': True, 'solver_message': 'Optimization terminated successfully.'}, {'theta': array([-3.11102830e+03, -1.80219563e+00, -8.03951790e+02,  9.96611121e-01,
       -1.40234199e+03,  6.44449639e-01]), 'n_active': 6, 'beta1_train': 3456.791901963249, 'beta0_train': 57.31848691984523, 'beta1_val': 2058.7697307338735, 'beta0_val': -981.5506135773013, 'selected_score': 27.793300109676395, 'evaluations': 275, 'seconds': 0.3212755999993533, 'method': 'differential_evolution_v2', 'accepted_search': True, 'solver_message': 'Maximum number of iterations has been exceeded.'}]",42,2992.9300824074057,3269.289573977988,0.37469480000436306,0.5099941000080435
"[{'theta': array([-3116.63503837]), 'n_active': 1, 'beta1_train': -4139.916411852294, 'beta0_train': -4161.4730291839805, 'beta1_val': -4084.0000818166664, 'beta0_val': -4149.832339855967, 'selected_score': -4161.4730291839805, 'evaluations': 20, 'seconds': 0.05014409999421332, 'method': 'differential_evolution_v2', 'accepted_search': True, 'solver_message': 'Optimization terminated successfully.'}, {'theta': array([-3.75316355e+03, -1.15298917e+00, -8.45731363e+02, -5.61045656e-01,
       -5.48711205e+03,  6.51995942e-01]), 'n_active': 6, 'beta1_train': 3326.0245730663173, 'beta0_train': -85.04537278347533, 'beta1_val': 2252.0828282169546, 'beta0_val': -1241.875656016317, 'selected_score': -108.93725871653697, 'evaluations': 275, 'seconds': 0.3233391000103438, 'method': 'differential_evolution_v2', 'accepted_search': True, 'solver_message': 'Maximum number of iterations has been exceeded.'}]",42,3269.289573977988,3402.0443318862403,0.37348320000455715,0.4947883999993792
"[{'theta': array([-5091.24988829]), 'n_active': 1, 'beta1_train': -4034.346735732474, 'beta0_train': -4045.5374897117717, 'beta1_val': -4028.4096881292962, 'beta0_val': -4028.4096881292962, 'selected_score': -4045.5374897117717, 'evaluations': 25, 'seconds': 0.05403469999146182, 'method': 'differential_evolution_v2', 'accepted_search': True, 'solver_message': 'Optimization terminated successfully.'}, {'theta': array([-3.80320304e+03, -1.42233726e+00, -8.13696414e+03,  1.56461608e+00,
       -6.18552760e+03,  1.52769961e+00]), 'n_active': 6, 'beta1_train': 2385.792624675546, 'beta0_train': -534.4533259735553, 'beta1_val': 1689.563714930874, 'beta0_val': -1235.8600169297115, 'selected_score': -534.4533259735553, 'evaluations': 275, 'seconds': 0.31215939999674447, 'method': 'differential_evolution_v2', 'accepted_search': True, 'solver_message': 'Maximum number of iterations has been exceeded.'}]",42,3402.0443318862403,3007.3599057407405,0.3661940999882063,0.4932773000036832
"[{'theta': array([-5622.55267018]), 'n_active': 1, 'beta1_train': -1881.32497187325, 'beta0_train': -1913.732681942505, 'beta1_val': -1913.5656145320863, 'beta0_val': -1913.5656145320863, 'selected_score': -1913.732681942505, 'evaluations': 50, 'seconds': 0.08786320000945125, 'method': 'differential_evolution_v2', 'accepted_search': True, 'solver_message': 'Maximum number of iterations has been exceeded.'}, {'theta': array([-1.13492765e+03,  3.34437276e-01, -1.16842808e+03, -9.12970246e-01,
       -5.47610370e+03,  9.48491956e-01]), 'n_active': 6, 'beta1_train': 4158.687177171926, 'beta0_train': 419.6204894772692, 'beta1_val': 2219.644758264184, 'beta0_val': -573.8345362294538, 'selected_score': 378.5572176148097, 'evaluations': 275, 'seconds': 0.36673619999783114, 'method': 'differential_evolution_v2', 'accepted_search': True, 'solver_message': 'Maximum number of iterations has been exceeded.'}]",42,3007.3599057407405,3522.274732866334,0.4545994000072824,0.5890256999991834
"[{'theta': array([-1033.48140488]), 'n_active': 1, 'beta1_train': -354.38574950407775, 'beta0_train': -365.2945697447953, 'beta1_val': -387.2467335562989, 'beta0_val': -387.2467335562989, 'selected_score': -365.2945697447953, 'evaluations': 20, 'seconds': 0.05012309999438003, 'method': 'differential_evolution_v2', 'accepted_search': True, 'solver_message': 'Optimization terminated successfully.'}, {'theta': array([-1.91785515e+03,  6.03605749e-01, -1.30822238e+02, -6.05245905e-01,
       -3.15077176e+03, -9.12410408e-01]), 'n_active': 6, 'beta1_train': 1112.4624076325647, 'beta0_train': 482.3529024797925, 'beta1_val': 189.85806503177514, 'beta0_val': -467.2445954491793, 'selected_score': 444.17250852157986, 'evaluations': 275, 'seconds': 0.30520820000674576, 'method': 'differential_evolution_v2', 'accepted_search': True, 'solver_message': 'Maximum number of iterations has been exceeded.'}]",42,3522.274732866334,2223.5347306743706,0.3553313000011258,0.48692450000089593
"[{'theta': array([-4093.71353865]), 'n_active': 1, 'beta1_train': -938.6274821421387, 'beta0_train': -947.7435620366216, 'beta1_val': -953.9710245188611, 'beta0_val': -971.1999338604251, 'selected_score': -947.7435620366216, 'evaluations': 20, 'seconds': 0.04563320000306703, 'method': 'differential_evolution_v2', 'accepted_search': True, 'solver_message': 'Optimization terminated successfully.'}, {'theta': array([-1.09471489e+03, -4.48490087e-01,  1.82985669e+01,  1.15999506e+00,
       -1.20946604e+03,  7.96522448e-01]), 'n_active': 6, 'beta1_train': 527.4185016206127, 'beta0_train': -171.06245383938, 'beta1_val': -386.9232963911069, 'beta0_val': -962.4465703130497, 'selected_score': -217.58006543129477, 'evaluations': 275, 'seconds': 0.31910100000095554, 'method': 'differential_evolution_v2', 'accepted_search': True, 'solver_message': 'Maximum number of iterations has been exceeded.'}]",42,2223.5347306743706,2993.1317578782264,0.36473420000402257,0.4932136999996146
"[{'theta': array([-1301.51444041]), 'n_active': 1, 'beta1_train': -3667.009206784366, 'beta0_train': -3815.651282597976, 'beta1_val': -3515.045315422998, 'beta0_val': -3762.838893751122, 'selected_score': -3815.651282597976, 'evaluations': 20, 'seconds': 0.04916209999646526, 'method': 'differential_evolution_v2', 'accepted_search': True, 'solver_message': 'Optimization terminated successfully.'}, {'theta': array([-5.64014777e+03, -1.80385191e+00, -5.62469031e+03, -1.57275116e+00,
       -6.37192426e+02,  1.90934203e+00]), 'n_active': 6, 'beta1_train': 3936.728633925499, 'beta0_train': 564.1404740903226, 'beta1_val': 2826.3573418833485, 'beta0_val': -689.7001281674313, 'selected_score': 558.6369437129761, 'evaluations': 275, 'seconds': 0.353007500001695, 'method': 'differential_evolution_v2', 'accepted_search': True, 'solver_message': 'Maximum number of iterations has been exceeded.'}]",42,2993.1317578782264,2873.968107241447,0.40216959999816027,0.5318686999962665
"[{'theta': array([-1931.19063416]), 'n_active': 1, 'beta1_train': -3372.964641943283, 'beta0_train': -3408.1453250164113, 'beta1_val': -3409.2000000000003, 'beta0_val': -3409.2000000000003, 'selected_score': -3408.1453250164113, 'evaluations': 20, 'seconds': 0.0471049000043422, 'method': 'differential_evolution_v2', 'accepted_search': True, 'solver_message': 'Optimization terminated successfully.'}, {'theta': array([-6.91400056e+03, -7.76409966e-01, -5.17549071e+02,  1.49998958e+00,
       -1.84548547e+03, -9.94195477e-01]), 'n_active': 6, 'beta1_train': 3680.2145157105206, 'beta0_train': 429.6263547423836, 'beta1_val': 1500.7121417475557, 'beta0_val': -955.2917708512098, 'selected_score': 407.86465363855456, 'evaluations': 275, 'seconds': 0.3467411000019638, 'method': 'differential_evolution_v2', 'accepted_search': True, 'solver_message': 'Maximum number of iterations has been exceeded.'}]",42,2873.968107241447,2330.8371113320395,0.393846000006306,0.529310700003407
"[{'theta': array([-3388.62357094]), 'n_active': 1, 'beta1_train': -3235.567872607963, 'beta0_train': -3265.389501828465, 'beta1_val': -3266.4, 'beta0_val': -3266.4, 'selected_score': -3265.389501828465, 'evaluations': 20, 'seconds': 0.042617500002961606, 'method': 'differential_evolution_v2', 'accepted_search': True, 'solver_message': 'Optimization terminated successfully.'}, {'theta': array([-9.33992332e+03, -1.61038680e+00, -7.35332427e+02, -1.66061874e+00,
       -7.76726939e+03, -1.65520454e+00]), 'n_active': 6, 'beta1_train': 4419.44312030738, 'beta0_train': 1235.1789158024123, 'beta1_val': 2078.7284127775706, 'beta0_val': -232.40293727690965, 'selected_score': 1031.7218692302652, 'evaluations': 275, 'seconds': 0.35359949999838136, 'method': 'differential_evolution_v2', 'accepted_search': True, 'solver_message': 'Maximum number of iterations has been exceeded.'}]",42,2330.8371113320395,2212.1825918271347,0.39621700000134297,0.5413349000009475
"[{'theta': array([-3675.84504876]), 'n_active': 1, 'beta1_train': -2962.07144874762, 'beta0_train': -2972.1131506731485, 'beta1_val': -2992.823402889971, 'beta0_val': -2992.823402889971, 'selected_score': -2972.1131506731485, 'evaluations': 20, 'seconds': 0.052346399999805726, 'method': 'differential_evolution_v2', 'accepted_search': True, 'solver_message': 'Optimization terminated successfully.'}, {'theta': array([-5.15974529e+03,  1.45143568e+00, -6.58084432e+02, -1.77979804e+00,
       -3.11492466e+03, -1.68558716e+00]), 'n_active': 6, 'beta1_train': 4102.457629464134, 'beta0_train': 1200.0386226263627, 'beta1_val': 2145.503887805649, 'beta0_val': -711.9976511048854, 'selected_score': 959.2242546956913, 'evaluations': 275, 'seconds': 0.37000650000118185, 'method': 'differential_evolution_v2', 'accepted_search': True, 'solver_message': 'Maximum number of iterations has been exceeded.'}]",42,2212.1825918271347,2479.7860033875604,0.4223529000009876,0.5660895999899367
"[{'theta': array([-6708.01107255]), 'n_active': 1, 'beta1_train': -1090.5529537031755, 'beta0_train': -1102.9947587648128, 'beta1_val': -1114.6478346008232, 'beta0_val': -1114.6478346008232, 'selected_score': -1102.9947587648128, 'evaluations': 15, 'seconds': 0.04979289999755565, 'method': 'differential_evolution_v2', 'accepted_search': True, 'solver_message': 'Optimization terminated successfully.'}, {'theta': array([-4.82577543e+03, -3.27301107e-01, -4.97368690e+02,  1.67275583e+00,
       -4.45030641e+03, -6.49190593e-01]), 'n_active': 6, 'beta1_train': 4638.943766745651, 'beta0_train': 1055.0990125958092, 'beta1_val': 2511.0160016277437, 'beta0_val': -254.0024375017738, 'selected_score': 1028.7626867175102, 'evaluations': 275, 'seconds': 0.35286939999787137, 'method': 'differential_evolution_v2', 'accepted_search': True, 'solver_message': 'Maximum number of iterations has been exceeded.'}]",42,2479.7860033875604,2581.7748746512557,0.402662299995427,0.5588981000037165
"[{'theta': array([-9315.71853054]), 'n_active': 1, 'beta1_train': -630.5224405793394, 'beta0_train': -640.7333167535401, 'beta1_val': -683.8600150089997, 'beta0_val': -683.8600150089997, 'selected_score': -640.7333167535401, 'evaluations': 15, 'seconds': 0.0434697999880882, 'method': 'differential_evolution_v2', 'accepted_search': True, 'solver_message': 'Optimization terminated successfully.'}, {'theta': array([-5.42765402e+03, -5.35935565e-01, -1.59857253e+02, -2.65025606e-01,
       -3.30898069e+03,  9.55051007e-01]), 'n_active': 6, 'beta1_train': 1264.7840647366766, 'beta0_train': 600.3909182083826, 'beta1_val': 55.5564672718308, 'beta0_val': -591.2736764350385, 'selected_score': 518.6853972961683, 'evaluations': 275, 'seconds': 0.35546240000985563, 'method': 'differential_evolution_v2', 'accepted_search': True, 'solver_message': 'Maximum number of iterations has been exceeded.'}]",42,2581.7748746512557,2814.2017555314883,0.3989321999979438,0.5497349000070244
"[{'theta': array([-2079.26823176]), 'n_active': 1, 'beta1_train': -1027.1998356243635, 'beta0_train': -1031.8110920653992, 'beta1_val': -1008.2621670225942, 'beta0_val': -1008.2621670225942, 'selected_score': -1031.8110920653992, 'evaluations': 20, 'seconds': 0.04439670000283513, 'method': 'differential_evolution_v2', 'accepted_search': True, 'solver_message': 'Optimization terminated successfully.'}, {'theta': array([-9600.,     0., -9600.,     0., -9600.,     0.]), 'n_active': 6, 'beta1_train': -2492.1511826060714, 'beta0_train': -2993.264481029563, 'beta1_val': -3424.7689540671463, 'beta0_val': -4078.49491335861, 'selected_score': -2993.264481029563, 'evaluations': 275, 'seconds': 0.3337768000055803, 'method': 'differential_evolution_v2', 'accepted_search': False, 'solver_message': 'Maximum number of iterations has been exceeded.'}]",42,2814.2017555314883,9981.854628897672,0.37817350000841543,0.513943099998869
"[{'theta': array([-777.95779286]), 'n_active': 1, 'beta1_train': -3152.325082821153, 'beta0_train': -3182.0775111385356, 'beta1_val': -3183.6, 'beta0_val': -3183.6, 'selected_score': -3182.0775111385356, 'evaluations': 15, 'seconds': 0.03793830001086462, 'method': 'differential_evolution_v2', 'accepted_search': True, 'solver_message': 'Optimization terminated successfully.'}, {'theta': array([-2.18685909e+03, -7.50019560e-01, -6.01664360e+02, -8.83132711e-01,
       -6.69980358e+03, -1.64273009e+00]), 'n_active': 6, 'beta1_train': 3922.0783745528747, 'beta0_train': 1116.262044642576, 'beta1_val': 2903.593799373941, 'beta0_val': -751.9384880028953, 'selected_score': 987.5977523584198, 'evaluations': 275, 'seconds': 0.3595008999982383, 'method': 'differential_evolution_v2', 'accepted_search': True, 'solver_message': 'Maximum number of iterations has been exceeded.'}]",42,9981.854628897672,2362.654924058406,0.39743920000910293,0.5251084999908926
"[{'theta': array([-8352.54154678]), 'n_active': 1, 'beta1_train': -2668.3369081423457, 'beta0_train': -2680.0267795659415, 'beta1_val': -2843.2042252573083, 'beta0_val': -2843.2042252573083, 'selected_score': -2680.0267795659415, 'evaluations': 20, 'seconds': 0.04805189999751747, 'method': 'differential_evolution_v2', 'accepted_search': True, 'solver_message': 'Optimization terminated successfully.'}, {'theta': array([-1.88373385e+03, -1.48285871e-02,  2.63059393e+01, -1.73327455e-01,
       -5.09561919e+03,  9.77951577e-01]), 'n_active': 6, 'beta1_train': 3024.6048752504335, 'beta0_train': 1345.6013434218748, 'beta1_val': 1923.6127048844269, 'beta0_val': -742.745517149836, 'selected_score': 1290.656957818252, 'evaluations': 275, 'seconds': 0.3342287999985274, 'method': 'differential_evolution_v2', 'accepted_search': True, 'solver_message': 'Maximum number of iterations has been exceeded.'}]",42,2362.654924058406,2700.521837440173,0.38228069999604486,0.5062968999991426
"[{'theta': array([-6382.47251602]), 'n_active': 1, 'beta1_train': -3231.937960627886, 'beta0_train': -3255.8579121494763, 'beta1_val': -3252.8515371805292, 'beta0_val': -3252.8515371805292, 'selected_score': -3255.8579121494763, 'evaluations': 15, 'seconds': 0.03423530000145547, 'method': 'differential_evolution_v2', 'accepted_search': True, 'solver_message': 'Optimization terminated successfully.'}, {'theta': array([-8.49743676e+03, -6.95025079e-01, -7.19148876e+02, -1.26734867e+00,
       -4.64034779e+02, -6.69488329e-01]), 'n_active': 6, 'beta1_train': 4214.356642439826, 'beta0_train': 1470.5948100376227, 'beta1_val': 3275.811227049066, 'beta0_val': -739.7081580428185, 'selected_score': 1271.3711356897759, 'evaluations': 275, 'seconds': 0.3150303000002168, 'method': 'differential_evolution_v2', 'accepted_search': True, 'solver_message': 'Maximum number of iterations has been exceeded.'}]",42,2700.521837440173,2492.3235300000015,0.3492656000016723,0.48332629998913035
"[{'theta': array([-6027.98237891]), 'n_active': 1, 'beta1_train': -3849.9531659798286, 'beta0_train': -3885.2879200061725, 'beta1_val': -3886.8, 'beta0_val': -3886.8, 'selected_score': -3885.2879200061725, 'evaluations': 15, 'seconds': 0.03588029999809805, 'method': 'differential_evolution_v2', 'accepted_search': True, 'solver_message': 'Optimization terminated successfully.'}, {'theta': array([-5.62154672e+03, -4.33518948e-01, -4.38943581e+02,  1.55572395e+00,
       -5.51921975e+03,  4.59298993e-01]), 'n_active': 6, 'beta1_train': 3934.9927168058002, 'beta0_train': 1073.1127497057928, 'beta1_val': 3282.349280416414, 'beta0_val': -1016.5534560829589, 'selected_score': 934.6965807032124, 'evaluations': 275, 'seconds': 0.3185446999996202, 'method': 'differential_evolution_v2', 'accepted_search': True, 'solver_message': 'Maximum number of iterations has been exceeded.'}]",42,2492.3235300000015,2937.372034294522,0.35442499999771826,0.4752172000007704
"[{'theta': array([-2720.50044224]), 'n_active': 1, 'beta1_train': -1885.4232142721953, 'beta0_train': -1910.6679846565098, 'beta1_val': -1911.6, 'beta0_val': -1911.6, 'selected_score': -1910.6679846565098, 'evaluations': 15, 'seconds': 0.035115499995299615, 'method': 'differential_evolution_v2', 'accepted_search': True, 'solver_message': 'Optimization terminated successfully.'}, {'theta': array([-7.88292271e+03,  1.46516740e+00, -7.80707863e+02, -1.58413382e+00,
       -8.37625234e+02, -8.80407458e-01]), 'n_active': 6, 'beta1_train': 4844.073293118824, 'beta0_train': 1586.8464778844568, 'beta1_val': 1791.6030797489643, 'beta0_val': -516.0417670682483, 'selected_score': 1425.8133789561587, 'evaluations': 275, 'seconds': 0.3325755999976536, 'method': 'differential_evolution_v2', 'accepted_search': True, 'solver_message': 'Maximum number of iterations has been exceeded.'}]",42,2937.372034294522,2353.399655944234,0.36769109999295324,0.4911173000000417
"[{'theta': array([-2977.46012599]), 'n_active': 1, 'beta1_train': -397.2556082972631, 'beta0_train': -402.9528057262711, 'beta1_val': -364.86527843646263, 'beta0_val': -364.86527843646263, 'selected_score': -402.9528057262711, 'evaluations': 25, 'seconds': 0.05736669999896549, 'method': 'differential_evolution_v2', 'accepted_search': True, 'solver_message': 'Optimization terminated successfully.'}, {'theta': array([-3.16955526e+03,  1.17938697e+00, -2.23461775e+02,  1.67028070e+00,
       -6.43902107e+03, -7.04550616e-01]), 'n_active': 6, 'beta1_train': 1613.7479889221172, 'beta0_train': 1014.3461543056096, 'beta1_val': 743.0257906374202, 'beta0_val': -302.51796042085545, 'selected_score': 912.2303396191501, 'evaluations': 275, 'seconds': 0.33315059999586083, 'method': 'differential_evolution_v2', 'accepted_search': True, 'solver_message': 'Maximum number of iterations has been exceeded.'}]",42,2353.399655944234,2676.6926631509245,0.3905172999948263,0.5250420999946073
"[{'theta': array([-4243.13419217]), 'n_active': 1, 'beta1_train': -1420.4618834898663, 'beta0_train': -1428.2257295904574, 'beta1_val': -1545.784551688152, 'beta0_val': -1545.784551688152, 'selected_score': -1428.2257295904574, 'evaluations': 15, 'seconds': 0.03565879999950994, 'method': 'differential_evolution_v2', 'accepted_search': True, 'solver_message': 'Optimization terminated successfully.'}, {'theta': array([-1.65260623e+03, -3.20642186e-01, -1.30055357e+02,  1.46844205e+00,
       -3.82651895e+02, -9.94671594e-01]), 'n_active': 6, 'beta1_train': -1535.8650878499875, 'beta0_train': -2281.159392547568, 'beta1_val': -2874.6103275067035, 'beta0_val': -3629.319861989591, 'selected_score': -2362.644628535095, 'evaluations': 275, 'seconds': 0.33092670000041835, 'method': 'differential_evolution_v2', 'accepted_search': True, 'solver_message': 'Maximum number of iterations has been exceeded.'}]",42,2676.6926631509245,8921.121347657909,0.3665854999999283,0.4905731999897398
"[{'theta': array([-278.81857704]), 'n_active': 1, 'beta1_train': -3895.241511830869, 'beta0_train': -3943.082485310042, 'beta1_val': -3946.8, 'beta0_val': -3946.8, 'selected_score': -3943.082485310042, 'evaluations': 35, 'seconds': 0.07393199999933131, 'method': 'differential_evolution_v2', 'accepted_search': True, 'solver_message': 'Optimization terminated successfully.'}, {'theta': array([-5.12084851e+03,  7.15201263e-01, -8.54282814e+03, -3.87360288e-01,
       -8.84377913e+02,  6.79918435e-01]), 'n_active': 6, 'beta1_train': 4968.452766065831, 'beta0_train': 1191.3621417782795, 'beta1_val': 2185.738648337551, 'beta0_val': -789.7760763473232, 'selected_score': 1183.3379780198607, 'evaluations': 275, 'seconds': 0.3121487000025809, 'method': 'differential_evolution_v2', 'accepted_search': True, 'solver_message': 'Maximum number of iterations has been exceeded.'}]",42,8921.121347657909,1200.0,0.3860807000019122,0.5067640999914147
"[{'theta': array([-1408.5837593]), 'n_active': 1, 'beta1_train': -3952.706878807807, 'beta0_train': -3965.0011535931576, 'beta1_val': -2389.9491337796417, 'beta0_val': -3415.5524914416783, 'selected_score': -3965.0011535931576, 'evaluations': 20, 'seconds': 0.05355969999800436, 'method': 'differential_evolution_v2', 'accepted_search': True, 'solver_message': 'Optimization terminated successfully.'}, {'theta': array([-9600.,     0., -9600.,     0., -9600.,     0.]), 'n_active': 6, 'beta1_train': 3761.6422846639252, 'beta0_train': 115.20265739550419, 'beta1_val': 14197.468942015199, 'beta0_val': 9722.340241375958, 'selected_score': 115.20265739550419, 'evaluations': 275, 'seconds': 0.31416700000409037, 'method': 'differential_evolution_v2', 'accepted_search': False, 'solver_message': 'Maximum number of iterations has been exceeded.'}]",42,1200.0,1538.3792685185185,0.36772670000209473,0.5057996999967145
"[{'theta': array([-1935.15639577]), 'n_active': 1, 'beta1_train': -1905.7567745297554, 'beta0_train': -1962.346751255346, 'beta1_val': -1054.0172599494977, 'beta0_val': -1583.4472959021732, 'selected_score': -1962.346751255346, 'evaluations': 30, 'seconds': 0.06127950000518467, 'method': 'differential_evolution_v2', 'accepted_search': True, 'solver_message': 'Optimization terminated successfully.'}, {'theta': array([0., 0., 0., 0., 0., 0.]), 'n_active': 6, 'beta1_train': 4571.43681022897, 'beta0_train': 1221.8364315943802, 'beta1_val': 20633.189123294796, 'beta0_val': 24901.211057741275, 'selected_score': 4571.43681022897, 'evaluations': 275, 'seconds': 0.3194608999910997, 'method': 'differential_evolution_v2', 'accepted_search': False, 'solver_message': 'Maximum number of iterations has been exceeded.'}]",42,1538.3792685185185,1200.0,0.3807403999962844,0.5477940000128001
"[{'theta': array([-942.62935519]), 'n_active': 1, 'beta1_train': -3753.755126760975, 'beta0_train': -3785.5107635060913, 'beta1_val': -3378.5662482333346, 'beta0_val': -3698.5904062260033, 'selected_score': -3785.5107635060913, 'evaluations': 25, 'seconds': 0.04846890000044368, 'method': 'differential_evolution_v2', 'accepted_search': True, 'solver_message': 'Optimization terminated successfully.'}, {'theta': array([-8.76743183e+03,  2.89313515e-02, -1.47266882e+02,  1.70918434e+00,
       -2.93690171e+03, -6.91830306e-01]), 'n_active': 6, 'beta1_train': 2599.2427187917256, 'beta0_train': -328.72217011045655, 'beta1_val': 6398.848110999621, 'beta0_val': 3906.76915533014, 'selected_score': -368.2911336410962, 'evaluations': 275, 'seconds': 0.3891628999990644, 'method': 'differential_evolution_v2', 'accepted_search': True, 'solver_message': 'Maximum number of iterations has been exceeded.'}]",42,1200.0,1718.712244444445,0.4376317999995081,0.5798932000034256
"[{'theta': array([-999.94988871]), 'n_active': 1, 'beta1_train': -33.18778814911395, 'beta0_train': -182.66770794747364, 'beta1_val': 649.6455777961706, 'beta0_val': 62.551580119262894, 'selected_score': -182.66770794747364, 'evaluations': 15, 'seconds': 0.03658869999344461, 'method': 'differential_evolution_v2', 'accepted_search': True, 'solver_message': 'Optimization terminated successfully.'}, {'theta': array([0., 0., 0., 0., 0., 0.]), 'n_active': 6, 'beta1_train': 4494.241775086172, 'beta0_train': 1202.35328142751, 'beta1_val': 26403.132096682497, 'beta0_val': 32213.576869513225, 'selected_score': 4494.241775086172, 'evaluations': 275, 'seconds': 0.31363259999488946, 'method': 'differential_evolution_v2', 'accepted_search': False, 'solver_message': 'Maximum number of iterations has been exceeded.'}]",42,1718.712244444445,1200.0,0.35022129998833407,0.49282250000396743
"[{'theta': array([-3022.9091805]), 'n_active': 1, 'beta1_train': -686.1172326518258, 'beta0_train': -699.8947395446011, 'beta1_val': -387.03139355418205, 'beta0_val': -461.07063979592573, 'selected_score': -699.8947395446011, 'evaluations': 20, 'seconds': 0.04639439999300521, 'method': 'differential_evolution_v2', 'accepted_search': True, 'solver_message': 'Optimization terminated successfully.'}, {'theta': array([-9600.,     0., -9600.,     0., -9600.,     0.]), 'n_active': 6, 'beta1_train': 1035.743046487741, 'beta0_train': 93.41642710331539, 'beta1_val': 4034.459544598374, 'beta0_val': 2993.7616046516323, 'selected_score': 93.41642710331539, 'evaluations': 275, 'seconds': 0.31913930000155233, 'method': 'differential_evolution_v2', 'accepted_search': False, 'solver_message': 'Maximum number of iterations has been exceeded.'}]",42,1200.0,1312.575722777778,0.36553369999455754,0.48716209999111015
"[{'theta': array([-2526.95596522]), 'n_active': 1, 'beta1_train': -1986.3850199517883, 'beta0_train': -1991.7057156404412, 'beta1_val': -1418.5670503211038, 'beta0_val': -1581.0611648715271, 'selected_score': -1991.7057156404412, 'evaluations': 20, 'seconds': 0.04477579999365844, 'method': 'differential_evolution_v2', 'accepted_search': True, 'solver_message': 'Optimization terminated successfully.'}, {'theta': array([-7.91148283e+03, -1.03423291e+00, -1.15915812e+02, -1.42677721e+00,
       -3.22690133e+03,  7.52503782e-01]), 'n_active': 6, 'beta1_train': -2537.816719195251, 'beta0_train': -3423.6700750037676, 'beta1_val': 1286.6189102126282, 'beta0_val': 308.64613647307715, 'selected_score': -3436.8894334182814, 'evaluations': 275, 'seconds': 0.3143396999948891, 'method': 'differential_evolution_v2', 'accepted_search': True, 'solver_message': 'Maximum number of iterations has been exceeded.'}]",42,1312.575722777778,7277.330932037037,0.3591154999885475,0.49900049999996554
"[{'theta': array([-4508.03840145]), 'n_active': 1, 'beta1_train': -2490.5872576901734, 'beta0_train': -4206.044448932636, 'beta1_val': -1898.1348720000015, 'beta0_val': -4122.4624057700785, 'selected_score': -4206.044448932636, 'evaluations': 15, 'seconds': 0.035915400003432296, 'method': 'differential_evolution_v2', 'accepted_search': True, 'solver_message': 'Optimization terminated successfully.'}, {'theta': array([-2.36495493e+03,  3.35379829e-02, -6.60268179e+02, -5.65940584e-01,
       -6.63051832e+03,  8.03556543e-01]), 'n_active': 6, 'beta1_train': 2423.2986941441495, 'beta0_train': -603.9540664483782, 'beta1_val': 12428.036213087553, 'beta0_val': 12561.554038006632, 'selected_score': -670.6149657565375, 'evaluations': 275, 'seconds': 0.3450821000005817, 'method': 'differential_evolution_v2', 'accepted_search': True, 'solver_message': 'Maximum number of iterations has been exceeded.'}]",42,7277.330932037037,4344.937440377812,0.380997500004014,0.5019919999904232
"[{'theta': array([-1042.43933561]), 'n_active': 1, 'beta1_train': -4271.26934308849, 'beta0_train': -4299.9374605687335, 'beta1_val': -4303.199999999999, 'beta0_val': -4303.199999999999, 'selected_score': -4299.9374605687335, 'evaluations': 15, 'seconds': 0.04342589998850599, 'method': 'differential_evolution_v2', 'accepted_search': True, 'solver_message': 'Optimization terminated successfully.'}, {'theta': array([-8.86542307e+03, -1.05763761e+00, -9.70691911e+02, -1.81202251e+00,
       -1.32787149e+03, -1.35109762e+00]), 'n_active': 6, 'beta1_train': 2541.8988270701498, 'beta0_train': -419.106415213024, 'beta1_val': 953.7245362261631, 'beta0_val': -1742.657488975167, 'selected_score': -455.20934311614207, 'evaluations': 275, 'seconds': 0.35490330000175163, 'method': 'differential_evolution_v2', 'accepted_search': True, 'solver_message': 'Maximum number of iterations has been exceeded.'}]",42,4344.937440377812,4188.693913738842,0.3983291999902576,0.5352203000074951
"[{'theta': array([-8209.06746871]), 'n_active': 1, 'beta1_train': -4280.894736544874, 'beta0_train': -4314.594427175667, 'beta1_val': -4317.6, 'beta0_val': -4317.6, 'selected_score': -4314.594427175667, 'evaluations': 20, 'seconds': 0.051898300007451326, 'method': 'differential_evolution_v2', 'accepted_search': True, 'solver_message': 'Optimization terminated successfully.'}, {'theta': array([-6.14403041e+03, -1.21996741e+00, -4.09552974e+02, -1.10442311e+00,
       -3.24283181e+02, -3.64506680e-01]), 'n_active': 6, 'beta1_train': 3171.9835675381164, 'beta0_train': 529.3951508534758, 'beta1_val': 1174.114948409306, 'beta0_val': -1602.40365187183, 'selected_score': 305.0708587788759, 'evaluations': 275, 'seconds': 0.3573712999932468, 'method': 'differential_evolution_v2', 'accepted_search': True, 'solver_message': 'Maximum number of iterations has been exceeded.'}]",42,4188.693913738842,3857.0082905651757,0.4092696000006981,0.5572187999932794
"[{'theta': array([-2078.98530164]), 'n_active': 1, 'beta1_train': -4015.271324775682, 'beta0_train': -4079.026552372403, 'beta1_val': -4083.5999999999995, 'beta0_val': -4083.5999999999995, 'selected_score': -4079.026552372403, 'evaluations': 50, 'seconds': 0.09740830000373535, 'method': 'differential_evolution_v2', 'accepted_search': True, 'solver_message': 'Maximum number of iterations has been exceeded.'}, {'theta': array([-7.00118824e+03, -1.41288017e+00, -2.56271553e+02, -1.12794073e+00,
       -5.93088245e+02, -6.95876446e-01]), 'n_active': 6, 'beta1_train': 2633.826692318608, 'beta0_train': 712.90171610581, 'beta1_val': 1504.20769353852, 'beta0_val': -674.0424491254792, 'selected_score': 666.1887187312636, 'evaluations': 275, 'seconds': 0.37058400000387337, 'method': 'differential_evolution_v2', 'accepted_search': True, 'solver_message': 'Maximum number of iterations has been exceeded.'}]",42,3857.0082905651757,4026.788864770455,0.4679923000076087,0.6084565999917686
"[{'theta': array([-1918.23538111]), 'n_active': 1, 'beta1_train': -2841.8844260749465, 'beta0_train': -2927.6828614352366, 'beta1_val': -2934.0, 'beta0_val': -2934.0, 'selected_score': -2927.6828614352366, 'evaluations': 15, 'seconds': 0.03698410000652075, 'method': 'differential_evolution_v2', 'accepted_search': True, 'solver_message': 'Optimization terminated successfully.'}, {'theta': array([-7.47411111e+03,  4.15067914e-01, -6.60515725e+02,  1.82557554e+00,
       -6.14947014e+03, -8.82502552e-01]), 'n_active': 6, 'beta1_train': 3447.1723876756646, 'beta0_train': 566.4845724227847, 'beta1_val': 1871.0689055043674, 'beta0_val': -1142.8065493642086, 'selected_score': 443.5928068829122, 'evaluations': 275, 'seconds': 0.34833559999242425, 'method': 'differential_evolution_v2', 'accepted_search': True, 'solver_message': 'Maximum number of iterations has been exceeded.'}]",42,4026.788864770455,4709.900369971871,0.385319699998945,0.5198689000098966
"[{'theta': array([-1140.69759586]), 'n_active': 1, 'beta1_train': -1443.0384268213872, 'beta0_train': -1443.4692211728243, 'beta1_val': -1739.661950752031, 'beta0_val': -1739.661950752031, 'selected_score': -1443.4692211728243, 'evaluations': 25, 'seconds': 0.04989419999765232, 'method': 'differential_evolution_v2', 'accepted_search': True, 'solver_message': 'Optimization terminated successfully.'}, {'theta': array([-9.44285103e+03, -1.95899022e+00, -6.64780284e+03, -9.90112664e-01,
       -2.84096303e+02,  1.51386178e+00]), 'n_active': 6, 'beta1_train': 804.7404544353091, 'beta0_train': 58.606526852941506, 'beta1_val': -755.201505841253, 'beta0_val': -1374.333474680039, 'selected_score': 50.88238873784355, 'evaluations': 275, 'seconds': 0.31943639999371953, 'method': 'differential_evolution_v2', 'accepted_search': True, 'solver_message': 'Maximum number of iterations has been exceeded.'}]",42,4709.900369971871,3998.7677763255356,0.36933059999137186,0.49861260000034235
"[{'theta': array([-9144.2973744]), 'n_active': 1, 'beta1_train': -2079.8488656729232, 'beta0_train': -2096.7850371544682, 'beta1_val': -2373.664872988918, 'beta0_val': -2373.664872988918, 'selected_score': -2096.7850371544682, 'evaluations': 20, 'seconds': 0.050224899998283945, 'method': 'differential_evolution_v2', 'accepted_search': True, 'solver_message': 'Optimization terminated successfully.'}, {'theta': array([-3.25469779e+03, -1.04353796e+00, -8.09411138e+01,  1.70510285e+00,
       -2.12369815e+02,  1.31943207e-01]), 'n_active': 6, 'beta1_train': 486.5776166937978, 'beta0_train': -181.49050176227618, 'beta1_val': -1012.2741543519484, 'beta0_val': -1826.546757608439, 'selected_score': -304.87226633501336, 'evaluations': 275, 'seconds': 0.3176223999907961, 'method': 'differential_evolution_v2', 'accepted_search': True, 'solver_message': 'Maximum number of iterations has been exceeded.'}]",42,3998.7677763255356,4425.091075836879,0.36784729998908006,0.4908739999955287
"[{'theta': array([-3284.7134948]), 'n_active': 1, 'beta1_train': -3768.2675487896204, 'beta0_train': -4153.835796746311, 'beta1_val': -4226.4, 'beta0_val': -4226.4, 'selected_score': -4153.835796746311, 'evaluations': 20, 'seconds': 0.018721100001130253, 'method': 'differential_evolution_v2', 'accepted_search': True, 'solver_message': 'Optimization terminated successfully.'}, {'theta': array([-6.23561756e+03, -1.32815771e+00, -6.68240164e+02, -3.15316212e-01,
       -3.42835769e+02,  4.16514847e-01]), 'n_active': 6, 'beta1_train': 3649.377198324124, 'beta0_train': 1219.0442049179971, 'beta1_val': 1205.5956761951409, 'beta0_val': -1332.3303222368434, 'selected_score': 1040.2018326809882, 'evaluations': 275, 'seconds': 0.34941409999737516, 'method': 'differential_evolution_v2', 'accepted_search': True, 'solver_message': 'Maximum number of iterations has been exceeded.'}]",42,4425.091075836879,3954.301933511273,0.3681351999985054,0.4562160000059521
"[{'theta': array([-5770.65725396]), 'n_active': 1, 'beta1_train': -4338.203091229732, 'beta0_train': -4497.724112432036, 'beta1_val': -4524.0, 'beta0_val': -4524.0, 'selected_score': -4497.724112432036, 'evaluations': 20, 'seconds': 0.0567291000043042, 'method': 'differential_evolution_v2', 'accepted_search': True, 'solver_message': 'Optimization terminated successfully.'}, {'theta': array([-8.05301709e+03,  1.27757200e+00, -7.92480127e+02,  1.05503352e+00,
       -1.03255237e+02,  5.81848119e-01]), 'n_active': 6, 'beta1_train': 3745.3244378845407, 'beta0_train': 1261.7792732757368, 'beta1_val': 1117.5514149522166, 'beta0_val': -1632.4414769327875, 'selected_score': 1098.1774241597907, 'evaluations': 275, 'seconds': 0.44012120000843424, 'method': 'differential_evolution_v2', 'accepted_search': True, 'solver_message': 'Maximum number of iterations has been exceeded.'}]",42,3954.301933511273,3759.728132071481,0.49685030001273844,0.6563686000008602
"[{'theta': array([-5522.57270006]), 'n_active': 1, 'beta1_train': -3271.0613641013488, 'beta0_train': -3445.365389101425, 'beta1_val': -3466.8, 'beta0_val': -3466.8, 'selected_score': -3445.365389101425, 'evaluations': 50, 'seconds': 0.11922179999237414, 'method': 'differential_evolution_v2', 'accepted_search': True, 'solver_message': 'Maximum number of iterations has been exceeded.'}, {'theta': array([-2.93076574e+03, -8.51464783e-01, -6.94064829e+02,  1.17872724e+00,
       -4.04387039e+03, -7.62608074e-01]), 'n_active': 6, 'beta1_train': 4883.516381405846, 'beta0_train': 2278.023661952374, 'beta1_val': 2032.363887567299, 'beta0_val': -1222.955449219073, 'selected_score': 2034.2267412092497, 'evaluations': 275, 'seconds': 0.44490570000198204, 'method': 'differential_evolution_v2', 'accepted_search': True, 'solver_message': 'Maximum number of iterations has been exceeded.'}]",42,3759.728132071481,3427.1912616403715,0.5641274999943562,0.7420710000005784
"[{'theta': array([-2452.23665979]), 'n_active': 1, 'beta1_train': -3419.41279208937, 'beta0_train': -3649.8623944585574, 'beta1_val': -3682.8, 'beta0_val': -3682.8, 'selected_score': -3649.8623944585574, 'evaluations': 20, 'seconds': 0.05938980000792071, 'method': 'differential_evolution_v2', 'accepted_search': True, 'solver_message': 'Optimization terminated successfully.'}, {'theta': array([-4.79080714e+03, -3.75341013e-01, -8.34860598e+02,  1.53481313e+00,
       -8.84707708e+02,  1.37860098e+00]), 'n_active': 6, 'beta1_train': 4802.213859541638, 'beta0_train': 2004.5728606450384, 'beta1_val': 1855.2009779049718, 'beta0_val': -1312.7246748724406, 'selected_score': 1733.5878072077815, 'evaluations': 275, 'seconds': 0.43995040000299923, 'method': 'differential_evolution_v2', 'accepted_search': True, 'solver_message': 'Maximum number of iterations has been exceeded.'}]",42,3427.1912616403715,4132.438909124776,0.49934020001091994,0.6565579000016442
"[{'theta': array([-9349.32970551]), 'n_active': 1, 'beta1_train': -2741.0211655214994, 'beta0_train': -3011.4575076582983, 'beta1_val': -3077.9999999999995, 'beta0_val': -3077.9999999999995, 'selected_score': -3011.4575076582983, 'evaluations': 15, 'seconds': 0.05606919999991078, 'method': 'differential_evolution_v2', 'accepted_search': True, 'solver_message': 'Optimization terminated successfully.'}, {'theta': array([-6.27096396e+03, -1.26929538e+00, -1.02819262e+03,  1.47272409e+00,
       -1.41835262e+03,  1.26536584e+00]), 'n_active': 6, 'beta1_train': 5478.11208532152, 'beta0_train': 3028.742188909065, 'beta1_val': 1740.8841172977436, 'beta0_val': -919.0482592034849, 'selected_score': 2787.6408397424457, 'evaluations': 275, 'seconds': 0.44371520000277087, 'method': 'differential_evolution_v2', 'accepted_search': True, 'solver_message': 'Maximum number of iterations has been exceeded.'}]",42,4132.438909124776,2963.8726284423133,0.49978440000268165,0.6868721000064397
"[{'theta': array([-5070.56939293]), 'n_active': 1, 'beta1_train': -746.6490226569994, 'beta0_train': -879.0615272085647, 'beta1_val': -1042.4226483132038, 'beta0_val': -1042.4226483132038, 'selected_score': -879.0615272085647, 'evaluations': 50, 'seconds': 0.11590740000247024, 'method': 'differential_evolution_v2', 'accepted_search': True, 'solver_message': 'Maximum number of iterations has been exceeded.'}, {'theta': array([-2.32469130e+03, -5.02000658e-01,  7.86784147e+03, -1.12552628e+00,
       -1.17397479e+02,  6.33436092e-02]), 'n_active': 6, 'beta1_train': 1545.606353682265, 'beta0_train': 982.9011411739023, 'beta1_val': 529.7617390696493, 'beta0_val': -817.301984125496, 'selected_score': 934.5111366814637, 'evaluations': 275, 'seconds': 0.45001280000724364, 'method': 'differential_evolution_v2', 'accepted_search': True, 'solver_message': 'Maximum number of iterations has been exceeded.'}]",42,2963.8726284423133,3046.6231289128696,0.5659202000097139,0.7287355000007665
"[{'theta': array([-225.90136994]), 'n_active': 1, 'beta1_train': -1169.886720619257, 'beta0_train': -1170.641940808157, 'beta1_val': -1608.561878968061, 'beta0_val': -1608.561878968061, 'selected_score': -1191.3576656930861, 'evaluations': 50, 'seconds': 0.11388360000273678, 'method': 'differential_evolution_v2', 'accepted_search': True, 'solver_message': 'Maximum number of iterations has been exceeded.'}, {'theta': array([-4.92048224e+03, -6.40583506e-02, -8.41113313e+01, -1.08583558e+00,
       -1.58566098e+03,  1.46506426e+00]), 'n_active': 6, 'beta1_train': 1742.2472405764067, 'beta0_train': 699.0076167375375, 'beta1_val': -361.19961628131045, 'beta0_val': -1473.0598168488275, 'selected_score': 568.4814057252186, 'evaluations': 275, 'seconds': 0.4326959000027273, 'method': 'differential_evolution_v2', 'accepted_search': True, 'solver_message': 'Maximum number of iterations has been exceeded.'}]",42,3046.6231289128696,4315.547770468038,0.5465795000054641,0.7080706999986432
"[{'theta': array([-3039.1226906]), 'n_active': 1, 'beta1_train': -2859.7821000266663, 'beta0_train': -3529.0809605415843, 'beta1_val': -3416.7218221530006, 'beta0_val': -3627.6000000000004, 'selected_score': -3529.0809605415843, 'evaluations': 20, 'seconds': 0.060453800004324876, 'method': 'differential_evolution_v2', 'accepted_search': True, 'solver_message': 'Optimization terminated successfully.'}, {'theta': array([-8.47117932e+03,  7.99871933e-01, -6.60720458e+02, -5.47389247e-01,
       -5.56193762e+02,  6.03103935e-01]), 'n_active': 6, 'beta1_train': 5785.37098548826, 'beta0_train': 3544.355186385991, 'beta1_val': 1464.9972372857658, 'beta0_val': -1107.5454727838717, 'selected_score': 3183.120391961792, 'evaluations': 275, 'seconds': 0.5516525999992155, 'method': 'differential_evolution_v2', 'accepted_search': True, 'solver_message': 'Maximum number of iterations has been exceeded.'}]",42,4315.547770468038,2705.0864242349194,0.6121064000035403,0.7834711999894353
"[{'theta': array([-8566.83144043]), 'n_active': 1, 'beta1_train': -3881.4963581445663, 'beta0_train': -4110.734955678642, 'beta1_val': -4157.999999999999, 'beta0_val': -4157.999999999999, 'selected_score': -4110.734955678642, 'evaluations': 20, 'seconds': 0.05909179999434855, 'method': 'differential_evolution_v2', 'accepted_search': True, 'solver_message': 'Optimization terminated successfully.'}, {'theta': array([-7.35353961e+03, -1.05261194e+00, -6.00375059e+02,  1.39988815e+00,
       -2.62081245e+03, -1.65863357e-01]), 'n_active': 6, 'beta1_train': 5910.192888503744, 'beta0_train': 3236.430152905337, 'beta1_val': 4024.5302192193944, 'beta0_val': -1011.3883309539693, 'selected_score': 2943.269143995678, 'evaluations': 275, 'seconds': 0.476496400005999, 'method': 'differential_evolution_v2', 'accepted_search': True, 'solver_message': 'Maximum number of iterations has been exceeded.'}]",42,2705.0864242349194,2534.664826179073,0.5355882000003476,0.7070999999996275
"[{'theta': array([-5361.36009336]), 'n_active': 1, 'beta1_train': -3830.6560127925113, 'beta0_train': -4141.281320735185, 'beta1_val': -4198.8, 'beta0_val': -4198.8, 'selected_score': -4141.281320735185, 'evaluations': 25, 'seconds': 0.06624050000391435, 'method': 'differential_evolution_v2', 'accepted_search': True, 'solver_message': 'Optimization terminated successfully.'}, {'theta': array([-2.12041600e+03, -1.26141958e-01, -8.25079887e+02, -6.04681754e-01,
       -8.69228609e+03,  1.56407944e+00]), 'n_active': 6, 'beta1_train': 6092.850707005719, 'beta0_train': 3247.202672449764, 'beta1_val': 1609.0370196005313, 'beta0_val': -910.0856030628954, 'selected_score': 3068.332575862727, 'evaluations': 275, 'seconds': 0.5241401000093902, 'method': 'differential_evolution_v2', 'accepted_search': True, 'solver_message': 'Maximum number of iterations has been exceeded.'}]",42,2534.664826179073,2719.2047755855374,0.5903806000133045,0.7656884000025457
"[{'theta': array([-9191.36120374]), 'n_active': 1, 'beta1_train': -4007.6698377679654, 'beta0_train': -4217.459893670301, 'beta1_val': -4232.886648016666, 'beta0_val': -4259.846001884773, 'selected_score': -4217.459893670301, 'evaluations': 20, 'seconds': 0.08397550000518095, 'method': 'differential_evolution_v2', 'accepted_search': True, 'solver_message': 'Optimization terminated successfully.'}, {'theta': array([-9600.,     0., -9600.,     0., -9600.,     0.]), 'n_active': 6, 'beta1_train': 6283.783758190965, 'beta0_train': 3852.704891589416, 'beta1_val': 4190.3013741863715, 'beta0_val': -1121.6123591423286, 'selected_score': 3852.704891589416, 'evaluations': 275, 'seconds': 0.5215201999963028, 'method': 'differential_evolution_v2', 'accepted_search': False, 'solver_message': 'Maximum number of iterations has been exceeded.'}]",42,2719.2047755855374,2525.473435310001,0.6054957000014838,0.8287309000006644
"[{'theta': array([-6008.57562691]), 'n_active': 1, 'beta1_train': -2869.4238024492347, 'beta0_train': -3159.445992295881, 'beta1_val': -3201.5999999999995, 'beta0_val': -3201.5999999999995, 'selected_score': -3159.445992295881, 'evaluations': 20, 'seconds': 0.05206509999698028, 'method': 'differential_evolution_v2', 'accepted_search': True, 'solver_message': 'Optimization terminated successfully.'}, {'theta': array([-7.42270073e+03,  6.15458563e-01, -5.99103623e+02,  1.18261776e+00,
       -8.53293330e+03,  1.84400900e+00]), 'n_active': 6, 'beta1_train': 6173.297797867373, 'beta0_train': 3275.8492096944224, 'beta1_val': 3450.5929127830104, 'beta0_val': -747.6519892204617, 'selected_score': 2983.757000216342, 'evaluations': 275, 'seconds': 0.3837705000041751, 'method': 'differential_evolution_v2', 'accepted_search': True, 'solver_message': 'Maximum number of iterations has been exceeded.'}]",42,2525.473435310001,2391.789527466583,0.4358356000011554,0.583350499990047
"[{'theta': array([-693.06499279]), 'n_active': 1, 'beta1_train': -648.9698448087057, 'beta0_train': -680.3203313513883, 'beta1_val': -1008.6607519691157, 'beta0_val': -1008.6607519691157, 'selected_score': -681.8641104634639, 'evaluations': 50, 'seconds': 0.09213489999820013, 'method': 'differential_evolution_v2', 'accepted_search': True, 'solver_message': 'Maximum number of iterations has been exceeded.'}, {'theta': array([-4.07519251e+03,  9.61302699e-02, -6.90929195e+01, -2.68773702e-01,
       -2.60004047e+02,  1.14610743e+00]), 'n_active': 6, 'beta1_train': 2727.1782806146434, 'beta0_train': 1870.0896863923901, 'beta1_val': 735.62904537466, 'beta0_val': -468.3448019451137, 'selected_score': 1729.4367961991193, 'evaluations': 275, 'seconds': 0.3408485000109067, 'method': 'differential_evolution_v2', 'accepted_search': True, 'solver_message': 'Maximum number of iterations has been exceeded.'}]",42,2391.789527466583,2713.6259869923874,0.43298340000910684,0.5752256999985548
"[{'theta': array([-278.1062631]), 'n_active': 1, 'beta1_train': -1001.6489447676317, 'beta0_train': -1007.6885594911657, 'beta1_val': -1392.395798606607, 'beta0_val': -1392.395798606607, 'selected_score': -1013.9115155014304, 'evaluations': 50, 'seconds': 0.08797619999677408, 'method': 'differential_evolution_v2', 'accepted_search': True, 'solver_message': 'Maximum number of iterations has been exceeded.'}, {'theta': array([-5.80630817e+03, -5.88700679e-01, -1.47461406e+02,  1.41865228e+00,
       -3.95990376e+03,  1.24019959e+00]), 'n_active': 6, 'beta1_train': 2451.982679311559, 'beta0_train': 1937.3708451771565, 'beta1_val': -564.0152335366727, 'beta0_val': -1233.8291008123238, 'selected_score': 1513.9118868650357, 'evaluations': 275, 'seconds': 0.3180397999967681, 'method': 'differential_evolution_v2', 'accepted_search': True, 'solver_message': 'Maximum number of iterations has been exceeded.'}]",42,2713.6259869923874,3140.4230655726687,0.4060159999935422,0.534915500000352
"[{'theta': array([-3876.85907047]), 'n_active': 1, 'beta1_train': -2140.422818822019, 'beta0_train': -3325.3129365648288, 'beta1_val': -2817.564372662723, 'beta0_val': -4089.3409627188425, 'selected_score': -3325.3129365648288, 'evaluations': 25, 'seconds': 0.05235510000784416, 'method': 'differential_evolution_v2', 'accepted_search': True, 'solver_message': 'Optimization terminated successfully.'}, {'theta': array([-1.50543184e+03,  1.50744264e+00, -4.72417066e+02, -1.61906881e+00,
       -4.31735972e+02,  1.23933527e+00]), 'n_active': 6, 'beta1_train': 7252.630216506193, 'beta0_train': 4722.406783997523, 'beta1_val': 2055.8501050757045, 'beta0_val': -392.9206754532679, 'selected_score': 4097.591183914008, 'evaluations': 275, 'seconds': 0.3133455000061076, 'method': 'differential_evolution_v2', 'accepted_search': True, 'solver_message': 'Maximum number of iterations has been exceeded.'}]",42,3140.4230655726687,2484.713699006811,0.36570060001395177,0.4842025999969337
"[{'theta': array([-7675.30729201]), 'n_active': 1, 'beta1_train': -4103.376010631113, 'beta0_train': -4282.801490512279, 'beta1_val': -4333.2, 'beta0_val': -4333.2, 'selected_score': -4282.801490512279, 'evaluations': 25, 'seconds': 0.05798009999853093, 'method': 'differential_evolution_v2', 'accepted_search': True, 'solver_message': 'Optimization terminated successfully.'}, {'theta': array([-6.79997985e+03, -1.39014051e+00, -3.77265644e+02, -9.51013098e-01,
       -4.83117399e+03,  5.11089573e-01]), 'n_active': 6, 'beta1_train': 6334.123431363113, 'beta0_train': 3919.1704120713785, 'beta1_val': 2195.1173352097676, 'beta0_val': -1024.6809449678606, 'selected_score': 3508.013951272682, 'evaluations': 275, 'seconds': 0.36196489998837933, 'method': 'differential_evolution_v2', 'accepted_search': True, 'solver_message': 'Maximum number of iterations has been exceeded.'}]",42,2484.713699006811,2316.107666517397,0.41994499998691026,0.5367079999996349
"[{'theta': array([-5764.71098478]), 'n_active': 1, 'beta1_train': -3686.1949049627733, 'beta0_train': -4002.5084561925414, 'beta1_val': -4060.7999999999993, 'beta0_val': -4060.7999999999993, 'selected_score': -4002.5084561925414, 'evaluations': 50, 'seconds': 0.09834959999716375, 'method': 'differential_evolution_v2', 'accepted_search': True, 'solver_message': 'Maximum number of iterations has been exceeded.'}, {'theta': array([-7.40126029e+03, -3.93530021e-01, -2.47539558e+02, -1.98670532e+00,
       -1.86807642e+03, -1.65913113e+00]), 'n_active': 6, 'beta1_train': 6128.989866615907, 'beta0_train': 4213.517220488673, 'beta1_val': 2358.517221183851, 'beta0_val': -524.0270538583706, 'selected_score': 3721.7807042721506, 'evaluations': 275, 'seconds': 0.34993199999735225, 'method': 'differential_evolution_v2', 'accepted_search': True, 'solver_message': 'Maximum number of iterations has been exceeded.'}]",42,2316.107666517397,1200.0,0.448281599994516,0.5939570999908028
"[{'theta': array([-9600.]), 'n_active': 1, 'beta1_train': -3818.6194183569473, 'beta0_train': -3890.2811645186894, 'beta1_val': -651.3645882938622, 'beta0_val': -2508.701325468814, 'selected_score': -3890.2811645186894, 'evaluations': 25, 'seconds': 0.05859739999868907, 'method': 'differential_evolution_v2', 'accepted_search': False, 'solver_message': 'Optimization terminated successfully.'}, {'theta': array([0., 0., 0., 0., 0., 0.]), 'n_active': 6, 'beta1_train': 3541.7735434940146, 'beta0_train': 1049.4414370561067, 'beta1_val': 22468.758683401236, 'beta0_val': 29580.035973171245, 'selected_score': 3541.7735434940146, 'evaluations': 275, 'seconds': 0.34576470000320114, 'method': 'differential_evolution_v2', 'accepted_search': False, 'solver_message': 'Maximum number of iterations has been exceeded.'}]",42,1200.0,1200.0,0.4043621000018902,0.5397098999965237
"[{'theta': array([-9129.27180553]), 'n_active': 1, 'beta1_train': -1903.9056926308858, 'beta0_train': -1949.5871779235777, 'beta1_val': 1019.328107398688, 'beta0_val': -446.20027436821806, 'selected_score': -1949.5871779235777, 'evaluations': 50, 'seconds': 0.08875260000058915, 'method': 'differential_evolution_v2', 'accepted_search': True, 'solver_message': 'Maximum number of iterations has been exceeded.'}, {'theta': array([-4.70473217e+03, -3.21925127e-01,  1.58652042e+02,  1.61618871e+00,
       -8.20388760e+03,  1.60161990e+00]), 'n_active': 6, 'beta1_train': 4195.661597217553, 'beta0_train': 2615.603606111652, 'beta1_val': 28876.918043101996, 'beta0_val': 34368.28526219735, 'selected_score': 2112.1603789445667, 'evaluations': 275, 'seconds': 0.33267620000697207, 'method': 'differential_evolution_v2', 'accepted_search': True, 'solver_message': 'Maximum number of iterations has been exceeded.'}]",42,1200.0,1254.182055,0.4214288000075612,0.5608979999960866
"[{'theta': array([-3248.20459831]), 'n_active': 1, 'beta1_train': -1021.83456392426, 'beta0_train': -1026.7522860756517, 'beta1_val': 1512.1437613316796, 'beta0_val': 1217.4207538647622, 'selected_score': -1026.7522860756517, 'evaluations': 20, 'seconds': 0.04233879999083001, 'method': 'differential_evolution_v2', 'accepted_search': True, 'solver_message': 'Optimization terminated successfully.'}, {'theta': array([-7.08833466e+03,  4.18406436e-01,  2.61834319e+02,  5.05938844e-01,
       -8.34598267e+03,  1.59909833e+00]), 'n_active': 6, 'beta1_train': 1254.5754525429538, 'beta0_train': 1032.3383648754561, 'beta1_val': 9761.406761177044, 'beta0_val': 11876.327044232647, 'selected_score': 616.1734996526812, 'evaluations': 275, 'seconds': 0.32605879999755416, 'method': 'differential_evolution_v2', 'accepted_search': True, 'solver_message': 'Maximum number of iterations has been exceeded.'}]",42,1254.182055,1200.0,0.3683975999883842,0.4876776000019163
"[{'theta': array([0.]), 'n_active': 1, 'beta1_train': -2029.3933542496447, 'beta0_train': -2033.9023463341032, 'beta1_val': 258.66328119892796, 'beta0_val': 312.9153119135151, 'selected_score': -2029.3933542496447, 'evaluations': 15, 'seconds': 0.039167499999166466, 'method': 'differential_evolution_v2', 'accepted_search': False, 'solver_message': 'Optimization terminated successfully.'}, {'theta': array([-4.88970701e+03, -2.05276231e-01, -4.72239675e+02, -1.77300039e-02,
       -5.88971901e+03, -1.17952059e+00]), 'n_active': 6, 'beta1_train': -149.47546431321456, 'beta0_train': -1105.2652494825759, 'beta1_val': 8105.442094820594, 'beta0_val': 5866.353702785345, 'selected_score': -1123.4450472264825, 'evaluations': 275, 'seconds': 0.32270110001263674, 'method': 'differential_evolution_v2', 'accepted_search': True, 'solver_message': 'Maximum number of iterations has been exceeded.'}]",42,1200.0,2071.012321303663,0.3618686000118032,0.4838942000060342
"[{'theta': array([-4387.83260806]), 'n_active': 1, 'beta1_train': -3828.444153826057, 'beta0_train': -3906.7083371446324, 'beta1_val': -2995.198616293929, 'beta0_val': -3536.773888965458, 'selected_score': -3906.7083371446324, 'evaluations': 20, 'seconds': 0.04443629999877885, 'method': 'differential_evolution_v2', 'accepted_search': True, 'solver_message': 'Optimization terminated successfully.'}, {'theta': array([0., 0., 0., 0., 0., 0.]), 'n_active': 6, 'beta1_train': 2615.1571370134798, 'beta0_train': 364.46834037781673, 'beta1_val': 14840.783528096888, 'beta0_val': 21122.825067339025, 'selected_score': 2615.1571370134798, 'evaluations': 275, 'seconds': 0.3465180000057444, 'method': 'differential_evolution_v2', 'accepted_search': False, 'solver_message': 'Maximum number of iterations has been exceeded.'}]",42,2071.012321303663,1200.0,0.39095430000452325,0.524155699997209
"[{'theta': array([-6868.60324902]), 'n_active': 1, 'beta1_train': -4574.478195252762, 'beta0_train': -4620.300695296647, 'beta1_val': -4634.819965666927, 'beta0_val': -4634.819965666927, 'selected_score': -4620.300695296647, 'evaluations': 20, 'seconds': 0.05176740000024438, 'method': 'differential_evolution_v2', 'accepted_search': True, 'solver_message': 'Optimization terminated successfully.'}, {'theta': array([-6.51724412e+03,  6.52888509e-01, -9.88978891e+02,  1.42764906e+00,
       -3.00684817e+03,  1.35342667e+00]), 'n_active': 6, 'beta1_train': 1791.6102392536275, 'beta0_train': -1341.97835414074, 'beta1_val': 9240.642156366051, 'beta0_val': 2165.0472237064228, 'selected_score': -1376.186584587537, 'evaluations': 275, 'seconds': 0.3608115000097314, 'method': 'differential_evolution_v2', 'accepted_search': True, 'solver_message': 'Maximum number of iterations has been exceeded.'}]",42,1200.0,2404.447321481482,0.41257890000997577,0.565691900003003
"[{'theta': array([-3995.10887837]), 'n_active': 1, 'beta1_train': -4863.072652991954, 'beta0_train': -4953.891099159175, 'beta1_val': -3429.529636361661, 'beta0_val': -4457.664245700961, 'selected_score': -4953.891099159175, 'evaluations': 25, 'seconds': 0.0744663999939803, 'method': 'differential_evolution_v2', 'accepted_search': True, 'solver_message': 'Optimization terminated successfully.'}, {'theta': array([0., 0., 0., 0., 0., 0.]), 'n_active': 6, 'beta1_train': 2996.1366674169913, 'beta0_train': -192.83828315559686, 'beta1_val': 14723.010176954334, 'beta0_val': 17392.558425305706, 'selected_score': 2996.1366674169913, 'evaluations': 275, 'seconds': 0.4094430000113789, 'method': 'differential_evolution_v2', 'accepted_search': False, 'solver_message': 'Maximum number of iterations has been exceeded.'}]",42,2404.447321481482,4487.350631476363,0.4839094000053592,0.6370636999927228
"[{'theta': array([-3070.90377627]), 'n_active': 1, 'beta1_train': -4421.423766386355, 'beta0_train': -4475.626249168426, 'beta1_val': -4484.4, 'beta0_val': -4484.4, 'selected_score': -4475.626249168426, 'evaluations': 20, 'seconds': 0.056917299996712245, 'method': 'differential_evolution_v2', 'accepted_search': True, 'solver_message': 'Optimization terminated successfully.'}, {'theta': array([-5.84372500e+03, -1.54227550e+00, -5.82452582e+02, -8.71605402e-01,
       -7.01407419e+03, -1.80191329e+00]), 'n_active': 6, 'beta1_train': 3452.784562546387, 'beta0_train': 659.7738831225654, 'beta1_val': 1158.3634205840845, 'beta0_val': -1831.2768080117735, 'selected_score': 348.6906399720189, 'evaluations': 275, 'seconds': 0.44408990000374615, 'method': 'differential_evolution_v2', 'accepted_search': True, 'solver_message': 'Maximum number of iterations has been exceeded.'}]",42,4487.350631476363,4602.024681771833,0.5010072000004584,0.6572556000028271
"[{'theta': array([-2091.78551099]), 'n_active': 1, 'beta1_train': -1519.35095206504, 'beta0_train': -1600.2610984260923, 'beta1_val': -1604.4000000000003, 'beta0_val': -1604.4000000000003, 'selected_score': -1600.2610984260923, 'evaluations': 30, 'seconds': 0.10890750000544358, 'method': 'differential_evolution_v2', 'accepted_search': True, 'solver_message': 'Optimization terminated successfully.'}, {'theta': array([-5.99372361e+03,  6.33272570e-02, -1.68729673e+02,  9.26509793e-01,
       -9.48139368e+03,  1.22525513e+00]), 'n_active': 6, 'beta1_train': 4715.51667780529, 'beta0_train': 2590.0245687238976, 'beta1_val': 2292.7680986065707, 'beta0_val': -721.6120409562761, 'selected_score': 2024.8590729383584, 'evaluations': 275, 'seconds': 0.48288910000701435, 'method': 'differential_evolution_v2', 'accepted_search': True, 'solver_message': 'Maximum number of iterations has been exceeded.'}]",42,4602.024681771833,4588.564671111113,0.5917966000124579,0.7944630999991205
"[{'theta': array([-8141.17450372]), 'n_active': 1, 'beta1_train': -1150.450520851185, 'beta0_train': -1167.0902314368616, 'beta1_val': -1458.4702812298246, 'beta0_val': -1458.4702812298246, 'selected_score': -1167.0902314368616, 'evaluations': 15, 'seconds': 0.04544220000389032, 'method': 'differential_evolution_v2', 'accepted_search': True, 'solver_message': 'Optimization terminated successfully.'}, {'theta': array([-9.90219746e+02,  1.73168468e+00, -6.66571931e+03, -1.07180159e+00,
       -4.01342540e+02,  1.53386736e+00]), 'n_active': 6, 'beta1_train': 1511.770829830709, 'beta0_train': 60.079384479109116, 'beta1_val': 441.81019293719487, 'beta0_val': -785.5974948969854, 'selected_score': 40.471595429213295, 'evaluations': 275, 'seconds': 0.41567489999579266, 'method': 'differential_evolution_v2', 'accepted_search': True, 'solver_message': 'Maximum number of iterations has been exceeded.'}]",42,4588.564671111113,4486.76165633967,0.461117099999683,0.6342014999972889
"[{'theta': array([-6.5034084]), 'n_active': 1, 'beta1_train': -2668.5986759673524, 'beta0_train': -2667.741595955222, 'beta1_val': -3099.0785947195577, 'beta0_val': -3099.0785947195577, 'selected_score': -2669.954394891031, 'evaluations': 50, 'seconds': 0.1398134999908507, 'method': 'differential_evolution_v2', 'accepted_search': True, 'solver_message': 'Maximum number of iterations has been exceeded.'}, {'theta': array([-1.40314901e+03, -1.03816132e+00, -5.71331850e+01,  5.74878918e-01,
       -6.91654432e+02,  7.53573960e-01]), 'n_active': 6, 'beta1_train': 233.72520087156795, 'beta0_train': -167.82259693953404, 'beta1_val': -2195.414618260046, 'beta0_val': -2859.31843337054, 'selected_score': -903.9494605369986, 'evaluations': 275, 'seconds': 0.40624470000329893, 'method': 'differential_evolution_v2', 'accepted_search': True, 'solver_message': 'Maximum number of iterations has been exceeded.'}]",42,4486.76165633967,5672.8358363363495,0.5460581999941496,0.7245933000085643
"[{'theta': array([-4460.57826343]), 'n_active': 1, 'beta1_train': -4363.182870429143, 'beta0_train': -4644.182353477644, 'beta1_val': -4779.599999999999, 'beta0_val': -4779.599999999999, 'selected_score': -4644.182353477644, 'evaluations': 20, 'seconds': 0.05223100000876002, 'method': 'differential_evolution_v2', 'accepted_search': True, 'solver_message': 'Optimization terminated successfully.'}, {'theta': array([-9.31091985e+03,  7.64099783e-02, -4.74421379e+02,  1.65326992e-01,
       -6.53913896e+03, -1.79830683e+00]), 'n_active': 6, 'beta1_train': 4379.512824762598, 'beta0_train': 1403.0843492846077, 'beta1_val': 999.3449132509777, 'beta0_val': -1762.3069495625023, 'selected_score': 1121.0490664873332, 'evaluations': 275, 'seconds': 0.3795708999969065, 'method': 'differential_evolution_v2', 'accepted_search': True, 'solver_message': 'Maximum number of iterations has been exceeded.'}]",42,5672.8358363363495,4188.647393851399,0.43180190000566654,0.5709692999953404
"[{'theta': array([-5049.49337957]), 'n_active': 1, 'beta1_train': -4443.722612445713, 'beta0_train': -4677.475163837568, 'beta1_val': -4722.0, 'beta0_val': -4722.0, 'selected_score': -4677.475163837568, 'evaluations': 15, 'seconds': 0.04371009999886155, 'method': 'differential_evolution_v2', 'accepted_search': True, 'solver_message': 'Optimization terminated successfully.'}, {'theta': array([-7.19375557e+03,  5.56763074e-01, -1.66286120e+02,  1.44801604e+00,
       -3.40959880e+02, -2.89484468e-01]), 'n_active': 6, 'beta1_train': 4846.135577341652, 'beta0_train': 3573.737366608635, 'beta1_val': 473.6487172367274, 'beta0_val': -1850.610118460178, 'selected_score': 2460.7248417339774, 'evaluations': 275, 'seconds': 0.3358403000020189, 'method': 'differential_evolution_v2', 'accepted_search': True, 'solver_message': 'Maximum number of iterations has been exceeded.'}]",42,4188.647393851399,4220.699897359152,0.3795504000008805,0.5312931999942521
"[{'theta': array([-6515.67348018]), 'n_active': 1, 'beta1_train': -4491.413226061948, 'beta0_train': -4709.175805983863, 'beta1_val': -4771.2, 'beta0_val': -4771.2, 'selected_score': -4709.175805983863, 'evaluations': 20, 'seconds': 0.03980109999247361, 'method': 'differential_evolution_v2', 'accepted_search': True, 'solver_message': 'Optimization terminated successfully.'}, {'theta': array([-1.83548555e+03, -3.12341589e-01, -4.70947359e+02,  1.63236799e+00,
       -8.19950761e+03,  9.86919705e-01]), 'n_active': 6, 'beta1_train': 5781.72181589249, 'beta0_train': 3622.3193905765957, 'beta1_val': 1496.445433943089, 'beta0_val': -1716.4260146786837, 'selected_score': 2855.309864130741, 'evaluations': 275, 'seconds': 0.3411143999983324, 'method': 'differential_evolution_v2', 'accepted_search': True, 'solver_message': 'Maximum number of iterations has been exceeded.'}]",42,4220.699897359152,4357.5088487655585,0.380915499990806,0.5089703999983612
"[{'theta': array([-4195.82566588]), 'n_active': 1, 'beta1_train': -4537.408624277075, 'beta0_train': -4794.091591046129, 'beta1_val': -4886.4, 'beta0_val': -4886.4, 'selected_score': -4794.091591046129, 'evaluations': 20, 'seconds': 0.04081409999344032, 'method': 'differential_evolution_v2', 'accepted_search': True, 'solver_message': 'Optimization terminated successfully.'}, {'theta': array([-6.66747040e+03,  1.84882948e-01, -5.10203301e+02, -4.42590174e-01,
       -3.31984532e+02,  1.70972786e+00]), 'n_active': 6, 'beta1_train': 5795.077267142884, 'beta0_train': 2910.842020553751, 'beta1_val': 1572.4920841792084, 'beta0_val': -1793.17231774251, 'selected_score': 2420.1968184111142, 'evaluations': 275, 'seconds': 0.3402691000082996, 'method': 'differential_evolution_v2', 'accepted_search': True, 'solver_message': 'Maximum number of iterations has been exceeded.'}]",42,4357.5088487655585,3606.0724078639123,0.3810832000017399,0.5124018999922555
"[{'theta': array([-5499.71168249]), 'n_active': 1, 'beta1_train': -3042.949211764142, 'beta0_train': -3376.21834471057, 'beta1_val': -3245.3012706, 'beta0_val': -3405.1246394650207, 'selected_score': -3376.21834471057, 'evaluations': 20, 'seconds': 0.05167420000361744, 'method': 'differential_evolution_v2', 'accepted_search': True, 'solver_message': 'Optimization terminated successfully.'}, {'theta': array([-9600.,     0., -9600.,     0., -9600.,     0.]), 'n_active': 6, 'beta1_train': 6832.242264358142, 'beta0_train': 5943.776133151199, 'beta1_val': 2258.5735980419936, 'beta0_val': -1294.1124492779531, 'selected_score': 5943.776133151199, 'evaluations': 275, 'seconds': 0.3322728999919491, 'method': 'differential_evolution_v2', 'accepted_search': False, 'solver_message': 'Maximum number of iterations has been exceeded.'}]",42,3606.0724078639123,4009.6968372801775,0.38394709999556653,0.509965800010832
"[{'theta': array([-4080.47573889]), 'n_active': 1, 'beta1_train': -1152.7398567521802, 'beta0_train': -1489.1382589975854, 'beta1_val': -1646.8253455732238, 'beta0_val': -1646.8253455732238, 'selected_score': -1489.1382589975854, 'evaluations': 25, 'seconds': 0.052382599998964, 'method': 'differential_evolution_v2', 'accepted_search': True, 'solver_message': 'Optimization terminated successfully.'}, {'theta': array([-4.64236480e+03,  9.96550713e-01, -1.83673010e+02,  5.07324670e-01,
       -5.21867467e+03, -1.17252983e+00]), 'n_active': 6, 'beta1_train': 3347.6614147674936, 'beta0_train': 2576.973078561272, 'beta1_val': -13.988819892007655, 'beta0_val': -916.499326377862, 'selected_score': 2189.9212479179805, 'evaluations': 275, 'seconds': 0.3151977000088664, 'method': 'differential_evolution_v2', 'accepted_search': True, 'solver_message': 'Maximum number of iterations has been exceeded.'}]",42,4009.6968372801775,3378.554715814069,0.3675803000078304,0.49506279999332037
"[{'theta': array([-1472.7889337]), 'n_active': 1, 'beta1_train': -1280.640297072498, 'beta0_train': -1376.512082981421, 'beta1_val': -2038.8431425694246, 'beta0_val': -2038.8431425694246, 'selected_score': -1376.512082981421, 'evaluations': 20, 'seconds': 0.043839799996931106, 'method': 'differential_evolution_v2', 'accepted_search': True, 'solver_message': 'Optimization terminated successfully.'}, {'theta': array([-2.38379727e+03,  6.89298742e-01,  6.80913972e+03, -5.92389089e-01,
       -3.50581054e+02, -1.13434215e+00]), 'n_active': 6, 'beta1_train': 2430.866157726549, 'beta0_train': 1543.9829649654646, 'beta1_val': -752.3505642015712, 'beta0_val': -1546.175644132345, 'selected_score': 1249.9368000321538, 'evaluations': 275, 'seconds': 0.3261114000051748, 'method': 'differential_evolution_v2', 'accepted_search': True, 'solver_message': 'Maximum number of iterations has been exceeded.'}]",42,3378.554715814069,3948.7679637037054,0.3699512000021059,0.4921718999976292
"[{'theta': array([-3228.79660535]), 'n_active': 1, 'beta1_train': -3476.35139304645, 'beta0_train': -4022.697270485008, 'beta1_val': -4226.4, 'beta0_val': -4226.4, 'selected_score': -4022.697270485008, 'evaluations': 50, 'seconds': 0.1158484000043245, 'method': 'differential_evolution_v2', 'accepted_search': True, 'solver_message': 'Maximum number of iterations has been exceeded.'}, {'theta': array([-9600.,     0., -9600.,     0., -9600.,     0.]), 'n_active': 6, 'beta1_train': 7117.377251619433, 'beta0_train': 5277.811447393889, 'beta1_val': 4885.690580583728, 'beta0_val': -1056.488939920616, 'selected_score': 5277.811447393889, 'evaluations': 275, 'seconds': 0.46726930000295397, 'method': 'differential_evolution_v2', 'accepted_search': False, 'solver_message': 'Maximum number of iterations has been exceeded.'}]",42,3948.7679637037054,3016.7457781102225,0.5831177000072785,0.7458047999971313
"[{'theta': array([-2829.3702308]), 'n_active': 1, 'beta1_train': -3445.582176275206, 'beta0_train': -3613.0615366642764, 'beta1_val': -4102.799999999999, 'beta0_val': -4102.799999999999, 'selected_score': -3613.0615366642764, 'evaluations': 20, 'seconds': 0.06390969999483787, 'method': 'differential_evolution_v2', 'accepted_search': True, 'solver_message': 'Optimization terminated successfully.'}, {'theta': array([-5.94342883e+03, -7.43262507e-01, -3.77847553e+02, -4.06134710e-01,
       -2.68246349e+03,  1.62363537e+00]), 'n_active': 6, 'beta1_train': 6630.825624282563, 'beta0_train': 4475.0567623810875, 'beta1_val': 1715.0746147315335, 'beta0_val': -1076.0811080514281, 'selected_score': 3954.6830820606265, 'evaluations': 275, 'seconds': 0.42956560000311583, 'method': 'differential_evolution_v2', 'accepted_search': True, 'solver_message': 'Maximum number of iterations has been exceeded.'}]",42,3016.7457781102225,3038.2762168140703,0.4934752999979537,0.6519203999923775
"[{'theta': array([-5496.18500116]), 'n_active': 1, 'beta1_train': -3692.6336467273663, 'beta0_train': -4310.665041553844, 'beta1_val': -4461.599999999999, 'beta0_val': -4461.599999999999, 'selected_score': -4310.665041553844, 'evaluations': 20, 'seconds': 0.07521600001200568, 'method': 'differential_evolution_v2', 'accepted_search': True, 'solver_message': 'Optimization terminated successfully.'}, {'theta': array([-1.60175744e+03, -4.25141528e-02, -3.42467706e+02,  1.23281024e+00,
       -6.00010927e+03,  6.91256548e-01]), 'n_active': 6, 'beta1_train': 7943.607478982767, 'beta0_train': 7074.342353176611, 'beta1_val': 2999.5481576618276, 'beta0_val': -1350.337059305207, 'selected_score': 5325.430967903391, 'evaluations': 275, 'seconds': 0.3368062999943504, 'method': 'differential_evolution_v2', 'accepted_search': True, 'solver_message': 'Maximum number of iterations has been exceeded.'}]",42,3038.2762168140703,2485.396580098273,0.4120223000063561,0.5655314000032376
"[{'theta': array([-6122.26619014]), 'n_active': 1, 'beta1_train': -3693.9381631644083, 'beta0_train': -4278.481707003206, 'beta1_val': -4435.2, 'beta0_val': -4435.2, 'selected_score': -4278.481707003206, 'evaluations': 20, 'seconds': 0.04584040000918321, 'method': 'differential_evolution_v2', 'accepted_search': True, 'solver_message': 'Optimization terminated successfully.'}, {'theta': array([-9.09572977e+03, -1.18261568e+00, -3.64026735e+02, -2.35382128e-02,
       -6.75480150e+01, -1.06536843e+00]), 'n_active': 6, 'beta1_train': 7503.477124871792, 'beta0_train': 4857.768179071997, 'beta1_val': 2809.265175778543, 'beta0_val': -477.9778183221421, 'selected_score': 4142.948427927181, 'evaluations': 275, 'seconds': 0.3451227000041399, 'method': 'differential_evolution_v2', 'accepted_search': True, 'solver_message': 'Maximum number of iterations has been exceeded.'}]",42,2485.396580098273,2551.3454051851836,0.39096310001332313,0.5123463999916567
"[{'theta': array([-3397.82635087]), 'n_active': 1, 'beta1_train': -2917.831107592788, 'beta0_train': -3520.29480536379, 'beta1_val': -3637.1999999999994, 'beta0_val': -3637.1999999999994, 'selected_score': -3520.29480536379, 'evaluations': 50, 'seconds': 0.08823259999917354, 'method': 'differential_evolution_v2', 'accepted_search': True, 'solver_message': 'Maximum number of iterations has been exceeded.'}, {'theta': array([-8.40539907e+03,  1.47460228e+00, -8.39281356e+02,  9.55482418e-01,
       -7.70755260e+01, -2.43145611e-01]), 'n_active': 6, 'beta1_train': 7479.650079463525, 'beta0_train': 5192.980572168271, 'beta1_val': 1980.4839087302332, 'beta0_val': -712.6519828928999, 'selected_score': 4332.4387592981275, 'evaluations': 275, 'seconds': 0.3414016000024276, 'method': 'differential_evolution_v2', 'accepted_search': True, 'solver_message': 'Maximum number of iterations has been exceeded.'}]",42,2551.3454051851836,3098.062913333334,0.42963420000160113,0.5650506999954814
"[{'theta': array([-7399.29675561]), 'n_active': 1, 'beta1_train': 104.36760295175178, 'beta0_train': -71.86081369413277, 'beta1_val': -716.5922149048172, 'beta0_val': -716.5922149048172, 'selected_score': -71.86081369413277, 'evaluations': 20, 'seconds': 0.04202389999409206, 'method': 'differential_evolution_v2', 'accepted_search': True, 'solver_message': 'Optimization terminated successfully.'}, {'theta': array([-3.50945304e+03,  2.70310391e-01, -3.65282976e+02,  1.27963084e+00,
       -1.16893545e+02, -9.56885256e-01]), 'n_active': 6, 'beta1_train': 4533.186903231436, 'beta0_train': 4106.122262762899, 'beta1_val': 493.249972402915, 'beta0_val': -518.7734224874081, 'selected_score': 3310.973573420022, 'evaluations': 275, 'seconds': 0.305386100008036, 'method': 'differential_evolution_v2', 'accepted_search': True, 'solver_message': 'Maximum number of iterations has been exceeded.'}]",42,3098.062913333334,2633.966360142395,0.34741000000212807,0.48424389999127015
"[{'theta': array([-4403.32769777]), 'n_active': 1, 'beta1_train': -863.4408088257304, 'beta0_train': -940.6773485305143, 'beta1_val': -1815.330564623481, 'beta0_val': -1815.330564623481, 'selected_score': -940.6773485305143, 'evaluations': 50, 'seconds': 0.08441919999313541, 'method': 'differential_evolution_v2', 'accepted_search': True, 'solver_message': 'Maximum number of iterations has been exceeded.'}, {'theta': array([-4.81430568e+03,  1.27914541e+00,  3.64860850e+01,  1.64596016e+00,
       -1.97805454e+03, -3.04785751e-02]), 'n_active': 6, 'beta1_train': 3729.1095340966785, 'beta0_train': 3633.218314282767, 'beta1_val': -550.2351088179797, 'beta0_val': -1351.0533723852363, 'selected_score': 2649.7013488040852, 'evaluations': 275, 'seconds': 0.32222170000022743, 'method': 'differential_evolution_v2', 'accepted_search': True, 'solver_message': 'Maximum number of iterations has been exceeded.'}]",42,2633.966360142395,3666.133433881907,0.40664089999336284,0.5328306000010343
"[{'theta': array([-8027.06704694]), 'n_active': 1, 'beta1_train': -1945.2945471171063, 'beta0_train': -4359.262050428562, 'beta1_val': -2714.3051321516673, 'beta0_val': -4665.599999999999, 'selected_score': -4359.262050428562, 'evaluations': 25, 'seconds': 0.053840199994738214, 'method': 'differential_evolution_v2', 'accepted_search': True, 'solver_message': 'Optimization terminated successfully.'}, {'theta': array([-4.39859733e+03, -1.21666706e-01, -4.82550746e+02, -4.06437143e-01,
       -8.53853785e+02,  1.11151869e+00]), 'n_active': 6, 'beta1_train': 9083.378797480962, 'beta0_train': 8544.258021289686, 'beta1_val': 2250.4962854574983, 'beta0_val': -1185.338595279999, 'selected_score': 6362.771958798482, 'evaluations': 275, 'seconds': 0.3571875000052387, 'method': 'differential_evolution_v2', 'accepted_search': True, 'solver_message': 'Maximum number of iterations has been exceeded.'}]",42,3666.133433881907,2630.4893284779837,0.4110276999999769,0.539021300006425
"[{'theta': array([-2570.13739004]), 'n_active': 1, 'beta1_train': -3856.756491984648, 'beta0_train': -4530.320600443278, 'beta1_val': -4743.599999999999, 'beta0_val': -4743.599999999999, 'selected_score': -4530.320600443278, 'evaluations': 20, 'seconds': 0.039326800004346296, 'method': 'differential_evolution_v2', 'accepted_search': True, 'solver_message': 'Optimization terminated successfully.'}, {'theta': array([-2.17247631e+03, -1.53689498e+00, -2.61625565e+02, -1.56135908e+00,
       -3.59003773e+02,  1.47956247e+00]), 'n_active': 6, 'beta1_train': 8412.414556010293, 'beta0_train': 7590.440414076225, 'beta1_val': 2323.6208546679763, 'beta0_val': -1160.7381659771572, 'selected_score': 5685.587998701454, 'evaluations': 275, 'seconds': 0.3804890999890631, 'method': 'differential_evolution_v2', 'accepted_search': True, 'solver_message': 'Maximum number of iterations has been exceeded.'}]",42,2630.4893284779837,2278.0380144444434,0.4198158999934094,0.5404325999988941
"[{'theta': array([-7677.05167725]), 'n_active': 1, 'beta1_train': -4332.469199166938, 'beta0_train': -4642.2814969912015, 'beta1_val': -5157.6, 'beta0_val': -5157.6, 'selected_score': -4642.2814969912015, 'evaluations': 20, 'seconds': 0.06105329999991227, 'method': 'differential_evolution_v2', 'accepted_search': True, 'solver_message': 'Optimization terminated successfully.'}, {'theta': array([-9600.,     0., -9600.,     0., -9600.,     0.]), 'n_active': 6, 'beta1_train': 8255.091121054349, 'beta0_train': 7436.584655769344, 'beta1_val': 2631.8330880553303, 'beta0_val': -1076.6477014845154, 'selected_score': 7436.584655769344, 'evaluations': 275, 'seconds': 0.3938002999930177, 'method': 'differential_evolution_v2', 'accepted_search': False, 'solver_message': 'Maximum number of iterations has been exceeded.'}]",42,2278.0380144444434,2542.585246657092,0.45485359999292996,0.6014892000093823
"[{'theta': array([-8284.40722713]), 'n_active': 1, 'beta1_train': -4085.444941276905, 'beta0_train': -4774.956543011681, 'beta1_val': -4965.6, 'beta0_val': -4965.6, 'selected_score': -4774.956543011681, 'evaluations': 15, 'seconds': 0.03801899999962188, 'method': 'differential_evolution_v2', 'accepted_search': True, 'solver_message': 'Optimization terminated successfully.'}, {'theta': array([-4.54376497e+03, -1.15432177e+00, -6.13618942e+02,  1.41527793e+00,
       -1.63653806e+02,  8.84463391e-01]), 'n_active': 6, 'beta1_train': 9709.790960711178, 'beta0_train': 8878.071695668388, 'beta1_val': 2338.6764672246845, 'beta0_val': -1060.257133705087, 'selected_score': 6907.669974493757, 'evaluations': 275, 'seconds': 0.4334493999922415, 'method': 'differential_evolution_v2', 'accepted_search': True, 'solver_message': 'Maximum number of iterations has been exceeded.'}]",42,2542.585246657092,2785.851623556755,0.4714683999918634,0.6176394999929471
"[{'theta': array([-3090.87654418]), 'n_active': 1, 'beta1_train': -1400.3153682594639, 'beta0_train': -2211.7155979081053, 'beta1_val': -2304.0, 'beta0_val': -2304.0, 'selected_score': -2211.7155979081053, 'evaluations': 25, 'seconds': 0.06131400000595022, 'method': 'differential_evolution_v2', 'accepted_search': True, 'solver_message': 'Optimization terminated successfully.'}, {'theta': array([-6.65956621e+03,  3.33896493e-02, -4.90809908e+02,  1.67900812e+00,
       -5.18284377e+03,  3.33882044e-01]), 'n_active': 6, 'beta1_train': 9676.96654843699, 'beta0_train': 8896.387931292053, 'beta1_val': 2250.473052524109, 'beta0_val': -564.7891961694863, 'selected_score': 7168.193439483445, 'evaluations': 275, 'seconds': 0.3364399999991292, 'method': 'differential_evolution_v2', 'accepted_search': True, 'solver_message': 'Maximum number of iterations has been exceeded.'}]",42,2785.851623556755,2132.889642574841,0.39775400000507943,0.5326590000040596
"[{'theta': array([-6471.54221366]), 'n_active': 1, 'beta1_train': -153.6509371747414, 'beta0_train': -156.3868157780891, 'beta1_val': -1289.269826722896, 'beta0_val': -1289.269826722896, 'selected_score': -156.3868157780891, 'evaluations': 20, 'seconds': 0.043596299990895204, 'method': 'differential_evolution_v2', 'accepted_search': True, 'solver_message': 'Optimization terminated successfully.'}, {'theta': array([-9600.,     0., -9600.,     0., -9600.,     0.]), 'n_active': 6, 'beta1_train': 3954.14595817969, 'beta0_train': 3507.389935002846, 'beta1_val': 576.6335858732953, 'beta0_val': -642.4413232478224, 'selected_score': 3507.389935002846, 'evaluations': 275, 'seconds': 0.4791923000011593, 'method': 'differential_evolution_v2', 'accepted_search': False, 'solver_message': 'Maximum number of iterations has been exceeded.'}]",42,2132.889642574841,2468.390402305017,0.5227885999920545,0.6515811999997823
"[{'theta': array([-687.03645253]), 'n_active': 1, 'beta1_train': -624.400166159481, 'beta0_train': -698.0515429670015, 'beta1_val': -1489.4832509441674, 'beta0_val': -1489.4832509441674, 'selected_score': -702.7750909250226, 'evaluations': 50, 'seconds': 0.14138299999467563, 'method': 'differential_evolution_v2', 'accepted_search': True, 'solver_message': 'Maximum number of iterations has been exceeded.'}, {'theta': array([-3.67001412e+03,  1.71772756e+00,  0.00000000e+00, -9.30598304e-01,
       -8.18228206e+01, -8.79770652e-02]), 'n_active': 6, 'beta1_train': 3582.1243803764833, 'beta0_train': 3118.958886043989, 'beta1_val': -393.76561373657967, 'beta0_val': -1321.8881919151797, 'selected_score': 2372.8253841888277, 'evaluations': 275, 'seconds': 0.5587835000042105, 'method': 'differential_evolution_v2', 'accepted_search': True, 'solver_message': 'Maximum number of iterations has been exceeded.'}]",42,2468.390402305017,3446.1817329058536,0.7001664999988861,0.8882553000003099
"[{'theta': array([-8990.38949482]), 'n_active': 1, 'beta1_train': -2078.4758742273225, 'beta0_train': -3140.1028145206956, 'beta1_val': -3556.074393043689, 'beta0_val': -3588.513439970232, 'selected_score': -3140.1028145206956, 'evaluations': 25, 'seconds': 0.10705750000488479, 'method': 'differential_evolution_v2', 'accepted_search': True, 'solver_message': 'Optimization terminated successfully.'}, {'theta': array([-2.81994221e+03, -9.53178617e-01, -4.26495220e+02,  5.96599406e-01,
       -6.67745952e+03, -1.95627516e+00]), 'n_active': 6, 'beta1_train': 8770.837068982042, 'beta0_train': 7443.17256897702, 'beta1_val': 1727.7767601440548, 'beta0_val': -1107.0570773301895, 'selected_score': 6051.228360379577, 'evaluations': 275, 'seconds': 0.4852755000028992, 'method': 'differential_evolution_v2', 'accepted_search': True, 'solver_message': 'Maximum number of iterations has been exceeded.'}]",42,3446.1817329058536,1678.4883494444457,0.592333000007784,0.8087786999967648
"[{'theta': array([-7811.58703986]), 'n_active': 1, 'beta1_train': -4103.111238005464, 'beta0_train': -4750.144713290592, 'beta1_val': -4996.756338566668, 'beta0_val': -4996.79229745679, 'selected_score': -4750.144713290592, 'evaluations': 15, 'seconds': 0.0669975000055274, 'method': 'differential_evolution_v2', 'accepted_search': True, 'solver_message': 'Optimization terminated successfully.'}, {'theta': array([-9600.,     0., -9600.,     0., -9600.,     0.]), 'n_active': 6, 'beta1_train': 7631.740598705654, 'beta0_train': 6419.052150075891, 'beta1_val': 2907.713343018149, 'beta0_val': -139.47113299234718, 'selected_score': 6419.052150075891, 'evaluations': 275, 'seconds': 0.4520648999896366, 'method': 'differential_evolution_v2', 'accepted_search': False, 'solver_message': 'Maximum number of iterations has been exceeded.'}]",42,1678.4883494444457,2442.6627404161604,0.519062399995164,0.6849367999966489
"[{'theta': array([-5750.64241144]), 'n_active': 1, 'beta1_train': -3440.5875363979353, 'beta0_train': -4253.33599300243, 'beta1_val': -4412.438047541666, 'beta0_val': -4472.4, 'selected_score': -4253.33599300243, 'evaluations': 25, 'seconds': 0.10397830000147223, 'method': 'differential_evolution_v2', 'accepted_search': True, 'solver_message': 'Optimization terminated successfully.'}, {'theta': array([-6.86431205e+03,  0.00000000e+00,  0.00000000e+00, -1.26439361e+00,
        0.00000000e+00,  3.43433652e-02]), 'n_active': 6, 'beta1_train': 8314.241000937114, 'beta0_train': 7494.596058601827, 'beta1_val': 1608.7200235497419, 'beta0_val': -1017.8091707317042, 'selected_score': 6217.531898948026, 'evaluations': 275, 'seconds': 0.5771171999949729, 'method': 'differential_evolution_v2', 'accepted_search': True, 'solver_message': 'Maximum number of iterations has been exceeded.'}]",42,2442.6627404161604,2301.732616296294,0.6810954999964451,0.9338109999953303
"[{'theta': array([-4215.0612798]), 'n_active': 1, 'beta1_train': -3513.9075106489627, 'beta0_train': -4326.688667756164, 'beta1_val': -4572.0, 'beta0_val': -4572.0, 'selected_score': -4326.688667756164, 'evaluations': 15, 'seconds': 0.05252690000634175, 'method': 'differential_evolution_v2', 'accepted_search': True, 'solver_message': 'Optimization terminated successfully.'}, {'theta': array([-2.28782497e+03,  1.92865631e+00, -4.77085722e+02,  7.36901584e-01,
       -8.51162567e+03, -5.96593058e-01]), 'n_active': 6, 'beta1_train': 8489.978900313727, 'beta0_train': 6649.590680119559, 'beta1_val': 1975.0304868788262, 'beta0_val': -806.4107729376535, 'selected_score': 5706.095903729795, 'evaluations': 275, 'seconds': 0.36391939999884926, 'method': 'differential_evolution_v2', 'accepted_search': True, 'solver_message': 'Maximum number of iterations has been exceeded.'}]",42,2301.732616296294,1943.0715727777754,0.416446300005191,0.634287900000345
"[{'theta': array([-8549.69803451]), 'n_active': 1, 'beta1_train': -878.8096870193349, 'beta0_train': -1797.5857935648507, 'beta1_val': -1749.5917053999997, 'beta0_val': -1874.24733181893, 'selected_score': -1797.5857935648507, 'evaluations': 50, 'seconds': 0.14963080000597984, 'method': 'differential_evolution_v2', 'accepted_search': True, 'solver_message': 'Maximum number of iterations has been exceeded.'}, {'theta': array([-6.41041054e+03, -1.06457975e-01, -3.07574386e+02, -4.13601677e-01,
       -1.31520035e+03,  1.38076654e-03]), 'n_active': 6, 'beta1_train': 10087.486075312372, 'beta0_train': 8919.8579849566, 'beta1_val': 2676.6642102904198, 'beta0_val': -366.7603587845266, 'selected_score': 7238.516150150088, 'evaluations': 275, 'seconds': 0.41889780000201426, 'method': 'differential_evolution_v2', 'accepted_search': True, 'solver_message': 'Maximum number of iterations has been exceeded.'}]",42,1943.0715727777754,2255.9953549999987,0.5685286000079941,0.7481555999984266
"[{'theta': array([-7839.83190517]), 'n_active': 1, 'beta1_train': 502.8652538504382, 'beta0_train': 284.1356410694912, 'beta1_val': -591.6301792435625, 'beta0_val': -591.6301792435625, 'selected_score': 284.1356410694912, 'evaluations': 25, 'seconds': 0.07025710000016261, 'method': 'differential_evolution_v2', 'accepted_search': True, 'solver_message': 'Optimization terminated successfully.'}, {'theta': array([-2.58991621e+03,  3.05201398e-01,  3.19857770e+03,  4.44239457e-02,
       -1.14312769e+02,  9.02000048e-01]), 'n_active': 6, 'beta1_train': 5236.95112334935, 'beta0_train': 4794.775172216473, 'beta1_val': 955.9932873413557, 'beta0_val': -287.0349925239866, 'selected_score': 3827.164530189379, 'evaluations': 275, 'seconds': 0.5994527999864658, 'method': 'differential_evolution_v2', 'accepted_search': True, 'solver_message': 'Maximum number of iterations has been exceeded.'}]",42,2255.9953549999987,2174.494263913666,0.6697098999866284,0.8371403999917675
"[{'theta': array([-2143.9199784]), 'n_active': 1, 'beta1_train': -369.13398994236843, 'beta0_train': -506.1730105435479, 'beta1_val': -1800.387463625586, 'beta0_val': -1800.387463625586, 'selected_score': -506.1730105435479, 'evaluations': 50, 'seconds': 0.10140959999989718, 'method': 'differential_evolution_v2', 'accepted_search': True, 'solver_message': 'Maximum number of iterations has been exceeded.'}, {'theta': array([-3.84627910e+03,  1.95216355e+00, -1.64308730e+02,  1.31761067e+00,
       -4.47611712e+02,  2.14748508e-01]), 'n_active': 6, 'beta1_train': 4169.605128971409, 'beta0_train': 3405.2290881020785, 'beta1_val': -238.539867481442, 'beta0_val': -1158.5904589979066, 'selected_score': 2670.6769916367784, 'evaluations': 275, 'seconds': 0.354613799994695, 'method': 'differential_evolution_v2', 'accepted_search': True, 'solver_message': 'Maximum number of iterations has been exceeded.'}]",42,2174.494263913666,2763.3790363572775,0.4560233999945922,0.5901870999950916
"[{'theta': array([-7033.14197158]), 'n_active': 1, 'beta1_train': -1561.5959445750718, 'beta0_train': -2955.4691303030777, 'beta1_val': -3256.861547038422, 'beta0_val': -3291.316162443772, 'selected_score': -2955.4691303030777, 'evaluations': 25, 'seconds': 0.05126079999899957, 'method': 'differential_evolution_v2', 'accepted_search': True, 'solver_message': 'Optimization terminated successfully.'}, {'theta': array([-8.28378539e+03, -4.12084273e-01, -4.65965106e+02, -4.64932510e-01,
       -5.92859570e+02,  7.18777931e-01]), 'n_active': 6, 'beta1_train': 9390.048907859928, 'beta0_train': 7760.441019054224, 'beta1_val': 2623.4589172688484, 'beta0_val': -808.4261748150336, 'selected_score': 6356.704884389087, 'evaluations': 275, 'seconds': 0.4433203999942634, 'method': 'differential_evolution_v2', 'accepted_search': True, 'solver_message': 'Maximum number of iterations has been exceeded.'}]",42,2763.3790363572775,2564.198045926447,0.494581199993263,0.6480353999941144
"[{'theta': array([-3340.33018378]), 'n_active': 1, 'beta1_train': -2754.656301568866, 'beta0_train': -3615.268007521101, 'beta1_val': -3907.4561098355225, 'beta0_val': -3907.4561098355225, 'selected_score': -3615.268007521101, 'evaluations': 50, 'seconds': 0.10191100000520237, 'method': 'differential_evolution_v2', 'accepted_search': True, 'solver_message': 'Maximum number of iterations has been exceeded.'}, {'theta': array([-9.56559062e+03,  4.25671842e-02, -3.52545887e+02,  9.12897553e-01,
       -1.81179179e+03, -3.48320051e-01]), 'n_active': 6, 'beta1_train': 10149.732476129995, 'beta0_train': 9715.968387361228, 'beta1_val': 1863.682408485752, 'beta0_val': -975.6274305684773, 'selected_score': 7686.384181698954, 'evaluations': 275, 'seconds': 0.3805874999961816, 'method': 'differential_evolution_v2', 'accepted_search': True, 'solver_message': 'Maximum number of iterations has been exceeded.'}]",42,2564.198045926447,2167.072059259261,0.48249850000138395,0.6409700000076555
"[{'theta': array([-3564.07704717]), 'n_active': 1, 'beta1_train': -2768.1239021045894, 'beta0_train': -3827.8402068806777, 'beta1_val': -4102.7888357311, 'beta0_val': -4102.7888357311, 'selected_score': -3827.8402068806777, 'evaluations': 25, 'seconds': 0.058540199999697506, 'method': 'differential_evolution_v2', 'accepted_search': True, 'solver_message': 'Optimization terminated successfully.'}, {'theta': array([-5.39808490e+03,  1.80574043e+00, -3.14584360e+02,  8.16363427e-01,
       -2.88611748e+02, -4.57265257e-01]), 'n_active': 6, 'beta1_train': 10326.602748499521, 'beta0_train': 10621.909437025335, 'beta1_val': 1691.941885149823, 'beta0_val': -655.7964487167313, 'selected_score': 7927.022393518533, 'evaluations': 275, 'seconds': 0.32814840000355616, 'method': 'differential_evolution_v2', 'accepted_search': True, 'solver_message': 'Maximum number of iterations has been exceeded.'}]",42,2167.072059259261,2252.6253022886094,0.38668860000325367,0.5127677999989828
"[{'theta': array([-3592.4101385]), 'n_active': 1, 'beta1_train': -2364.4761534506792, 'beta0_train': -3167.197980652661, 'beta1_val': -3553.2890876699516, 'beta0_val': -3553.2890876699516, 'selected_score': -3167.197980652661, 'evaluations': 20, 'seconds': 0.05105530000582803, 'method': 'differential_evolution_v2', 'accepted_search': True, 'solver_message': 'Optimization terminated successfully.'}, {'theta': array([-1.12253343e+03, -1.09810898e+00, -3.73157237e+02,  4.16299897e-01,
       -1.13720133e+03,  2.42934563e-01]), 'n_active': 6, 'beta1_train': 9110.288182444681, 'beta0_train': 7972.213253701078, 'beta1_val': 4129.516857541677, 'beta0_val': 58.57959607385885, 'selected_score': 6306.130504264958, 'evaluations': 275, 'seconds': 0.3749930000049062, 'method': 'differential_evolution_v2', 'accepted_search': True, 'solver_message': 'Maximum number of iterations has been exceeded.'}]",42,2252.6253022886094,2335.6958819971114,0.42604830001073424,0.5718822999915574
"[{'theta': array([-6650.79609348]), 'n_active': 1, 'beta1_train': -40.30293614681056, 'beta0_train': -190.8303192967193, 'beta1_val': -777.3216007708875, 'beta0_val': -777.3216007708875, 'selected_score': -190.8303192967193, 'evaluations': 20, 'seconds': 0.05298629999742843, 'method': 'differential_evolution_v2', 'accepted_search': True, 'solver_message': 'Optimization terminated successfully.'}, {'theta': array([-7.74182509e+03, -1.01455606e-01, -3.79216341e+02, -8.50542119e-01,
       -5.87128458e+02,  2.35060187e-01]), 'n_active': 6, 'beta1_train': 8109.382874337528, 'beta0_train': 6709.454780307005, 'beta1_val': 3303.983415054512, 'beta0_val': -145.33425898601377, 'selected_score': 5560.109670309497, 'evaluations': 275, 'seconds': 0.4191800999979023, 'method': 'differential_evolution_v2', 'accepted_search': True, 'solver_message': 'Maximum number of iterations has been exceeded.'}]",42,2335.6958819971114,2317.3229474506643,0.4721663999953307,0.6193221000139602
"[{'theta': array([-2561.01546435]), 'n_active': 1, 'beta1_train': -142.0320522372668, 'beta0_train': -266.412896462242, 'beta1_val': -810.7572177455434, 'beta0_val': -810.7572177455434, 'selected_score': -266.412896462242, 'evaluations': 20, 'seconds': 0.046856300003128126, 'method': 'differential_evolution_v2', 'accepted_search': True, 'solver_message': 'Optimization terminated successfully.'}, {'theta': array([-8.13195646e+03, -1.12208460e-01,  1.31059165e+03, -6.09761043e-01,
       -1.87715938e+02,  1.25815190e+00]), 'n_active': 6, 'beta1_train': 3275.269916032364, 'beta0_train': 2422.8531954817163, 'beta1_val': 517.9053461606863, 'beta0_val': -422.0820919135536, 'selected_score': 1920.8616314228059, 'evaluations': 275, 'seconds': 0.35780960001284257, 'method': 'differential_evolution_v2', 'accepted_search': True, 'solver_message': 'Maximum number of iterations has been exceeded.'}]",42,2317.3229474506643,2031.156251919475,0.4046659000159707,0.5438493000110611
"[{'theta': array([-5855.55225346]), 'n_active': 1, 'beta1_train': -1004.3441558276008, 'beta0_train': -1045.078999597441, 'beta1_val': -1300.5800769477098, 'beta0_val': -1300.5800769477098, 'selected_score': -1045.078999597441, 'evaluations': 15, 'seconds': 0.04544129999703728, 'method': 'differential_evolution_v2', 'accepted_search': True, 'solver_message': 'Optimization terminated successfully.'}, {'theta': array([-8.21280136e+03, -6.68071821e-01, -1.87673899e+02, -6.65856121e-01,
       -5.85140454e+02, -4.55505722e-01]), 'n_active': 6, 'beta1_train': 2124.7028168780726, 'beta0_train': 974.0219235530442, 'beta1_val': -85.81799748226626, 'beta0_val': -1121.2703122043956, 'selected_score': 583.0155599669666, 'evaluations': 275, 'seconds': 0.36856540000007953, 'method': 'differential_evolution_v2', 'accepted_search': True, 'solver_message': 'Maximum number of iterations has been exceeded.'}]",42,2031.156251919475,2925.6078724611107,0.4140066999971168,0.560513099990203
"[{'theta': array([-7695.25389554]), 'n_active': 1, 'beta1_train': -3482.2909530422694, 'beta0_train': -4069.1838165032896, 'beta1_val': -3234.276016990393, 'beta0_val': -4050.037650486491, 'selected_score': -4069.1838165032896, 'evaluations': 30, 'seconds': 0.08063149999361485, 'method': 'differential_evolution_v2', 'accepted_search': True, 'solver_message': 'Optimization terminated successfully.'}, {'theta': array([-1.26657393e+03,  1.28937622e+00, -4.96957287e+02, -3.77831184e-01,
       -9.27819716e+03,  1.47246780e+00]), 'n_active': 6, 'beta1_train': 5943.755822421699, 'beta0_train': 3589.3359163985333, 'beta1_val': 4655.758062031748, 'beta0_val': -334.01940298961733, 'selected_score': 2454.912750340387, 'evaluations': 275, 'seconds': 0.37662080000154674, 'method': 'differential_evolution_v2', 'accepted_search': True, 'solver_message': 'Maximum number of iterations has been exceeded.'}]",42,2925.6078724611107,2145.9934078217043,0.4572522999951616,0.6302605000091717
"[{'theta': array([-8729.01851551]), 'n_active': 1, 'beta1_train': -3944.5441679736123, 'beta0_train': -4003.405518834737, 'beta1_val': -4142.771214467832, 'beta0_val': -4142.771214467832, 'selected_score': -4003.405518834737, 'evaluations': 50, 'seconds': 0.10383810001076199, 'method': 'differential_evolution_v2', 'accepted_search': True, 'solver_message': 'Maximum number of iterations has been exceeded.'}, {'theta': array([-2.59090085e+03, -7.57734308e-01, -1.04377334e+03,  4.82539640e-01,
       -1.13679278e+03, -1.69877492e+00]), 'n_active': 6, 'beta1_train': 5018.972676299317, 'beta0_train': 2126.507241650061, 'beta1_val': 2943.189557244786, 'beta0_val': -285.41533222449937, 'selected_score': 1530.3943079139067, 'evaluations': 275, 'seconds': 0.32501410000259057, 'method': 'differential_evolution_v2', 'accepted_search': True, 'solver_message': 'Maximum number of iterations has been exceeded.'}]",42,2145.9934078217043,2396.1687113058756,0.42885220001335256,0.5788064999942435
"[{'theta': array([-2650.97004362]), 'n_active': 1, 'beta1_train': -4098.775363666185, 'beta0_train': -4119.755143748538, 'beta1_val': -4053.78208009393, 'beta0_val': -4053.78208009393, 'selected_score': -4119.755143748538, 'evaluations': 20, 'seconds': 0.05648780000046827, 'method': 'differential_evolution_v2', 'accepted_search': True, 'solver_message': 'Optimization terminated successfully.'}, {'theta': array([-4.61232315e+03, -1.42555063e+00, -5.57142190e+02, -1.65764988e+00,
       -2.84159920e+03, -3.73673689e-01]), 'n_active': 6, 'beta1_train': 3922.836093592204, 'beta0_train': 166.1444298218938, 'beta1_val': 4156.978882856352, 'beta0_val': 103.73226242507565, 'selected_score': 3.03645078224825, 'evaluations': 275, 'seconds': 0.3724119999969844, 'method': 'differential_evolution_v2', 'accepted_search': True, 'solver_message': 'Maximum number of iterations has been exceeded.'}]",42,2396.1687113058756,2040.3661860286807,0.42889979999745265,0.5759385999990627
"[{'theta': array([-4811.98767902]), 'n_active': 1, 'beta1_train': -4581.336467964595, 'beta0_train': -4609.618942950315, 'beta1_val': -4611.599999999999, 'beta0_val': -4611.599999999999, 'selected_score': -4609.618942950315, 'evaluations': 25, 'seconds': 0.08035810000728816, 'method': 'differential_evolution_v2', 'accepted_search': True, 'solver_message': 'Optimization terminated successfully.'}, {'theta': array([-9.17049212e+03, -5.91995838e-01, -8.05625441e+02,  1.87481044e+00,
       -4.24162815e+02,  6.37277814e-02]), 'n_active': 6, 'beta1_train': 4628.533325556804, 'beta0_train': 733.2823624245267, 'beta1_val': 4486.616789781052, 'beta0_val': -222.72298638815585, 'selected_score': 429.00281449442895, 'evaluations': 275, 'seconds': 0.329303999998956, 'method': 'differential_evolution_v2', 'accepted_search': True, 'solver_message': 'Maximum number of iterations has been exceeded.'}]",42,2040.3661860286807,1827.8864872222207,0.40966210000624415,0.5763627999986056
"[{'theta': array([-554.82725844]), 'n_active': 1, 'beta1_train': -1209.5835964519733, 'beta0_train': -1232.7496378575213, 'beta1_val': -1116.7404694770607, 'beta0_val': -1241.9724110770605, 'selected_score': -1232.7496378575213, 'evaluations': 20, 'seconds': 0.04326839999703225, 'method': 'differential_evolution_v2', 'accepted_search': True, 'solver_message': 'Optimization terminated successfully.'}, {'theta': array([-2.31712527e+03, -1.56955001e+00, -4.91111903e+02,  4.23882546e-01,
       -6.54222371e+03, -1.77509170e+00]), 'n_active': 6, 'beta1_train': 4657.765111159501, 'beta0_train': 889.582731932089, 'beta1_val': 4546.917947208469, 'beta0_val': 637.5671809013563, 'selected_score': 669.404817944781, 'evaluations': 275, 'seconds': 0.2925641000038013, 'method': 'differential_evolution_v2', 'accepted_search': True, 'solver_message': 'Maximum number of iterations has been exceeded.'}]",42,1827.8864872222207,2217.872945,0.33583250000083353,0.4432353000011062
"[{'theta': array([-8423.82950234]), 'n_active': 1, 'beta1_train': -274.49197243440193, 'beta0_train': -280.0139630024475, 'beta1_val': -272.0926619580855, 'beta0_val': -272.0926619580855, 'selected_score': -280.0139630024475, 'evaluations': 20, 'seconds': 0.0387102000095183, 'method': 'differential_evolution_v2', 'accepted_search': True, 'solver_message': 'Optimization terminated successfully.'}, {'theta': array([-6.51853829e+02, -1.04617576e+00, -7.55922155e+03,  1.68062649e+00,
       -5.34158745e+03,  1.19734860e+00]), 'n_active': 6, 'beta1_train': 1261.7925962093586, 'beta0_train': -134.94922832858649, 'beta1_val': 1022.0747252209892, 'beta0_val': -161.2843855775263, 'selected_score': -134.94922832858649, 'evaluations': 275, 'seconds': 0.2768163000000641, 'method': 'differential_evolution_v2', 'accepted_search': True, 'solver_message': 'Maximum number of iterations has been exceeded.'}]",42,2217.872945,1651.75509,0.3155265000095824,0.42077729999436997
"[{'theta': array([-6536.85989524]), 'n_active': 1, 'beta1_train': -1650.0494342578231, 'beta0_train': -1650.0494342578231, 'beta1_val': -1586.8549690248374, 'beta0_val': -1586.8549690248374, 'selected_score': -1650.0494342578231, 'evaluations': 50, 'seconds': 0.1058502999949269, 'method': 'differential_evolution_v2', 'accepted_search': True, 'solver_message': 'Maximum number of iterations has been exceeded.'}, {'theta': array([-625.96976449,   -1.26705946, -263.60354404,    1.83170934,
       -641.20679468,    1.38044926]), 'n_active': 6, 'beta1_train': 374.06181574340275, 'beta0_train': -983.5771951653672, 'beta1_val': 1993.755747031169, 'beta0_val': 664.1352222446667, 'selected_score': -1034.6062802265867, 'evaluations': 275, 'seconds': 0.38121269999828655, 'method': 'differential_evolution_v2', 'accepted_search': True, 'solver_message': 'Maximum number of iterations has been exceeded.'}]",42,1651.75509,2820.3151899082286,0.48706299999321345,0.6407154999906197
"[{'theta': array([-5205.83430495]), 'n_active': 1, 'beta1_train': -2994.7079512600762, 'beta0_train': -3236.7841765551834, 'beta1_val': -3165.1814691264713, 'beta0_val': -3204.3825884253356, 'selected_score': -3236.7841765551834, 'evaluations': 15, 'seconds': 0.040565800009062514, 'method': 'differential_evolution_v2', 'accepted_search': True, 'solver_message': 'Optimization terminated successfully.'}, {'theta': array([-7.75299778e+03, -4.39518143e-01, -8.11154972e+02, -2.70599385e-01,
       -7.04254932e+03, -8.69366826e-01]), 'n_active': 6, 'beta1_train': 3362.9504927364023, 'beta0_train': -577.4884279292783, 'beta1_val': 2662.705551340738, 'beta0_val': -886.1497635144301, 'selected_score': -627.6207197083673, 'evaluations': 275, 'seconds': 0.6907634999952279, 'method': 'differential_evolution_v2', 'accepted_search': True, 'solver_message': 'Maximum number of iterations has been exceeded.'}]",42,2820.3151899082286,2570.150200540419,0.7313293000042904,0.9088963999965927
"[{'theta': array([-3634.45798605]), 'n_active': 1, 'beta1_train': -4780.8341945512175, 'beta0_train': -5045.470684490482, 'beta1_val': -4977.049518686034, 'beta0_val': -5006.121043934827, 'selected_score': -5045.470684490482, 'evaluations': 20, 'seconds': 0.07344670000020415, 'method': 'differential_evolution_v2', 'accepted_search': True, 'solver_message': 'Optimization terminated successfully.'}, {'theta': array([-8.42525994e+03,  4.16861884e-01, -5.91482960e+02, -1.28384900e+00,
       -7.88030430e+03, -3.72775155e-01]), 'n_active': 6, 'beta1_train': 4121.734327129352, 'beta0_train': -347.98857285396195, 'beta1_val': 8721.463591249982, 'beta0_val': 2096.3584071645787, 'selected_score': -443.0129143261327, 'evaluations': 275, 'seconds': 0.6040788999962388, 'method': 'differential_evolution_v2', 'accepted_search': True, 'solver_message': 'Maximum number of iterations has been exceeded.'}]",42,2570.150200540419,2164.5292528451196,0.6775255999964429,0.8404538000031607
"[{'theta': array([-6703.9202206]), 'n_active': 1, 'beta1_train': -4444.549530033106, 'beta0_train': -4463.186301960867, 'beta1_val': -4561.586922127277, 'beta0_val': -4561.586922127277, 'selected_score': -4463.186301960867, 'evaluations': 25, 'seconds': 0.061623000001418404, 'method': 'differential_evolution_v2', 'accepted_search': True, 'solver_message': 'Optimization terminated successfully.'}, {'theta': array([-1.41357240e+03,  4.94804787e-01, -8.65785534e+02,  8.37375024e-01,
       -7.11391968e+02,  9.98333689e-01]), 'n_active': 6, 'beta1_train': 3326.7780831529085, 'beta0_train': -126.18615870244064, 'beta1_val': 2329.7077059368025, 'beta0_val': -873.0860042253092, 'selected_score': -303.6588471990408, 'evaluations': 275, 'seconds': 0.368147900007898, 'method': 'differential_evolution_v2', 'accepted_search': True, 'solver_message': 'Maximum number of iterations has been exceeded.'}]",42,2164.5292528451196,2621.602761851851,0.4297709000093164,0.5975534000026528
"[{'theta': array([-5971.99927803]), 'n_active': 1, 'beta1_train': -4950.920497060081, 'beta0_train': -4992.651254714243, 'beta1_val': -4995.6, 'beta0_val': -4995.6, 'selected_score': -4992.651254714243, 'evaluations': 15, 'seconds': 0.03857530000095721, 'method': 'differential_evolution_v2', 'accepted_search': True, 'solver_message': 'Optimization terminated successfully.'}, {'theta': array([-5.63982027e+03,  1.68763453e+00, -7.33411103e+02,  1.22948777e+00,
       -8.81998600e+03, -7.14852232e-01]), 'n_active': 6, 'beta1_train': 4351.756882635183, 'beta0_train': 725.2897660494726, 'beta1_val': 2447.3022534098554, 'beta0_val': -1102.744212059671, 'selected_score': 297.05155717138837, 'evaluations': 275, 'seconds': 0.36116000000038184, 'method': 'differential_evolution_v2', 'accepted_search': True, 'solver_message': 'Maximum number of iterations has been exceeded.'}]",42,2621.602761851851,2281.343967270843,0.39973530000133906,0.6808273000060581
"[{'theta': array([-5234.32891362]), 'n_active': 1, 'beta1_train': -1696.5333708221851, 'beta0_train': -1731.9711620445648, 'beta1_val': -1732.8, 'beta0_val': -1732.8, 'selected_score': -1731.9711620445648, 'evaluations': 50, 'seconds': 0.09283189999405295, 'method': 'differential_evolution_v2', 'accepted_search': True, 'solver_message': 'Maximum number of iterations has been exceeded.'}, {'theta': array([-4.16274456e+03, -2.97891686e-01, -5.09346019e+02,  9.73978855e-01,
       -4.97398846e+03, -3.91277712e-01]), 'n_active': 6, 'beta1_train': 4764.390368818751, 'beta0_train': 1508.8058790100279, 'beta1_val': 2386.5093040064753, 'beta0_val': -365.8484569259671, 'selected_score': 1053.907535245822, 'evaluations': 275, 'seconds': 0.30328590000863187, 'method': 'differential_evolution_v2', 'accepted_search': True, 'solver_message': 'Maximum number of iterations has been exceeded.'}]",42,2281.343967270843,2304.8757316806837,0.3961178000026848,0.5312158000015188
"[{'theta': array([-1117.62307527]), 'n_active': 1, 'beta1_train': -733.7061779580316, 'beta0_train': -759.3430162538513, 'beta1_val': -796.8974367434678, 'beta0_val': -796.8974367434678, 'selected_score': -759.3430162538513, 'evaluations': 20, 'seconds': 0.04689089999010321, 'method': 'differential_evolution_v2', 'accepted_search': True, 'solver_message': 'Optimization terminated successfully.'}, {'theta': array([-3.88634159e+03,  6.86623461e-01, -5.36868561e+03, -3.22004451e-01,
       -8.29823038e+03, -1.71364478e+00]), 'n_active': 6, 'beta1_train': 1329.3464129835552, 'beta0_train': -224.62974261685733, 'beta1_val': 1877.169947024554, 'beta0_val': -319.5635193034844, 'selected_score': -224.62974261685733, 'evaluations': 275, 'seconds': 0.28112729999702424, 'method': 'differential_evolution_v2', 'accepted_search': True, 'solver_message': 'Maximum number of iterations has been exceeded.'}]",42,2304.8757316806837,2187.55762304064,0.32801819998712745,0.4488032000081148
"[{'theta': array([-2584.59673932]), 'n_active': 1, 'beta1_train': -1546.1784786401788, 'beta0_train': -1561.3677544858006, 'beta1_val': -1795.0628310069815, 'beta0_val': -1795.0628310069815, 'selected_score': -1561.3677544858006, 'evaluations': 20, 'seconds': 0.04129649999958929, 'method': 'differential_evolution_v2', 'accepted_search': True, 'solver_message': 'Optimization terminated successfully.'}, {'theta': array([-5.62810364e+03, -2.53461663e-02, -3.22311076e+02,  1.24001524e+00,
       -1.27273039e+03,  7.78138500e-01]), 'n_active': 6, 'beta1_train': 725.8638323305155, 'beta0_train': -938.4663117263706, 'beta1_val': 527.7904484697999, 'beta0_val': -1149.7589122059433, 'selected_score': -952.998991080059, 'evaluations': 275, 'seconds': 0.29061290000390727, 'method': 'differential_evolution_v2', 'accepted_search': True, 'solver_message': 'Maximum number of iterations has been exceeded.'}]",42,2187.55762304064,2547.3113476684834,0.33190940000349656,0.4460644999926444
"[{'theta': array([-3372.79081945]), 'n_active': 1, 'beta1_train': -3009.152042839763, 'beta0_train': -3422.31146266031, 'beta1_val': -3052.6430784123772, 'beta0_val': -3402.3741802775908, 'selected_score': -3422.31146266031, 'evaluations': 15, 'seconds': 0.03179709998948965, 'method': 'differential_evolution_v2', 'accepted_search': True, 'solver_message': 'Optimization terminated successfully.'}, {'theta': array([-9.65379141e+02, -1.12480814e+00, -1.42743719e+03,  1.86351002e-01,
       -2.78576946e+03, -2.56092856e-01]), 'n_active': 6, 'beta1_train': 3848.0486051826956, 'beta0_train': 1137.7649982934008, 'beta1_val': 3067.7658482026645, 'beta0_val': -323.43239885741633, 'selected_score': 1131.059077424615, 'evaluations': 275, 'seconds': 0.29883449999033473, 'method': 'differential_evolution_v2', 'accepted_search': True, 'solver_message': 'Maximum number of iterations has been exceeded.'}]",42,2547.3113476684834,2321.2340366562917,0.3306315999798244,0.43710599999758415
"[{'theta': array([-8809.57585236]), 'n_active': 1, 'beta1_train': -3838.132559576492, 'beta0_train': -3867.9411826088526, 'beta1_val': -3868.8, 'beta0_val': -3868.8, 'selected_score': -3867.9411826088526, 'evaluations': 50, 'seconds': 0.08615529999951832, 'method': 'differential_evolution_v2', 'accepted_search': True, 'solver_message': 'Maximum number of iterations has been exceeded.'}, {'theta': array([-3.66483184e+03,  1.66313533e+00, -3.90911907e+03, -9.89898263e-01,
       -5.45221343e+02, -4.45297715e-01]), 'n_active': 6, 'beta1_train': 3975.864005471738, 'beta0_train': -116.47555690544374, 'beta1_val': 3660.0137603774874, 'beta0_val': -192.45977587640084, 'selected_score': -118.81139831572139, 'evaluations': 275, 'seconds': 0.2978605999960564, 'method': 'differential_evolution_v2', 'accepted_search': True, 'solver_message': 'Maximum number of iterations has been exceeded.'}]",42,2321.2340366562917,5674.526073066129,0.3840158999955747,0.520803799998248
"[{'theta': array([-3123.04175935]), 'n_active': 1, 'beta1_train': -3914.9825845768005, 'beta0_train': -3949.8793101627252, 'beta1_val': -3971.0778606369804, 'beta0_val': -3971.0778606369804, 'selected_score': -3949.8793101627252, 'evaluations': 50, 'seconds': 0.07222810000530444, 'method': 'differential_evolution_v2', 'accepted_search': True, 'solver_message': 'Maximum number of iterations has been exceeded.'}, {'theta': array([-6.99876873e+03, -1.85000672e+00, -6.35344135e+02,  3.34924996e-01,
       -7.58783632e+03, -1.15287925e+00]), 'n_active': 6, 'beta1_train': 4520.858708825526, 'beta0_train': 783.0714918866853, 'beta1_val': 569.5799670375886, 'beta0_val': -2210.8654390972215, 'selected_score': 438.81349991279467, 'evaluations': 275, 'seconds': 0.29875170000013895, 'method': 'differential_evolution_v2', 'accepted_search': True, 'solver_message': 'Maximum number of iterations has been exceeded.'}]",42,5674.526073066129,5645.4681735185195,0.3709798000054434,0.4750423000077717
"[{'theta': array([-9430.11407705]), 'n_active': 1, 'beta1_train': -4184.074896220402, 'beta0_train': -4265.513811585129, 'beta1_val': -4198.38990346892, 'beta0_val': -4240.70653860852, 'selected_score': -4265.513811585129, 'evaluations': 20, 'seconds': 0.04022640000039246, 'method': 'differential_evolution_v2', 'accepted_search': True, 'solver_message': 'Optimization terminated successfully.'}, {'theta': array([-1.53821212e+03, -4.56977742e-01, -6.23605959e+02, -1.45053504e+00,
       -3.46566154e+03, -1.06577440e+00]), 'n_active': 6, 'beta1_train': 4338.877966432819, 'beta0_train': 568.0490551803499, 'beta1_val': 610.6188630697138, 'beta0_val': -2328.2765276313585, 'selected_score': 317.1504345503778, 'evaluations': 275, 'seconds': 0.30854910000925884, 'method': 'differential_evolution_v2', 'accepted_search': True, 'solver_message': 'Maximum number of iterations has been exceeded.'}]",42,5645.4681735185195,5570.503516296298,0.3487755000096513,0.4621056000032695
"[{'theta': array([-3706.34956052]), 'n_active': 1, 'beta1_train': -1888.084560659337, 'beta0_train': -1938.5977136533172, 'beta1_val': -1939.2, 'beta0_val': -1939.2, 'selected_score': -1938.5977136533172, 'evaluations': 20, 'seconds': 0.04073229999630712, 'method': 'differential_evolution_v2', 'accepted_search': True, 'solver_message': 'Optimization terminated successfully.'}, {'theta': array([-6.34776962e+03, -6.32082580e-01, -6.59421188e+02,  5.49322554e-01,
       -3.68605496e+03, -8.14748569e-01]), 'n_active': 6, 'beta1_train': 5038.224832485151, 'beta0_train': 1212.9011701250195, 'beta1_val': 2805.501386634232, 'beta0_val': -985.8646539555558, 'selected_score': 893.1031221425217, 'evaluations': 275, 'seconds': 0.2978787000029115, 'method': 'differential_evolution_v2', 'accepted_search': True, 'solver_message': 'Maximum number of iterations has been exceeded.'}]",42,5570.503516296298,5476.451378148148,0.3386109999992186,0.4501635000051465
"[{'theta': array([-6670.96956813]), 'n_active': 1, 'beta1_train': -507.3377441631111, 'beta0_train': -545.4899319028352, 'beta1_val': -875.3544669461821, 'beta0_val': -875.3544669461821, 'selected_score': -545.4899319028352, 'evaluations': 20, 'seconds': 0.03974989999551326, 'method': 'differential_evolution_v2', 'accepted_search': True, 'solver_message': 'Optimization terminated successfully.'}, {'theta': array([-6.91006537e+03, -3.73697624e-01, -3.01074389e+03, -9.34572415e-01,
       -5.72460010e+02,  1.19740670e+00]), 'n_active': 6, 'beta1_train': 1647.7581990258775, 'beta0_train': -117.34753403790312, 'beta1_val': 526.5287926726593, 'beta0_val': -770.3750241995882, 'selected_score': -120.12338949492538, 'evaluations': 275, 'seconds': 0.2738050000043586, 'method': 'differential_evolution_v2', 'accepted_search': True, 'solver_message': 'Maximum number of iterations has been exceeded.'}]",42,5476.451378148148,5689.824908703702,0.31355489999987185,0.4264590999955544
"[{'theta': array([-2130.77815999]), 'n_active': 1, 'beta1_train': -1838.168222021755, 'beta0_train': -1877.9855780513356, 'beta1_val': -2942.4214886345912, 'beta0_val': -2942.4214886345912, 'selected_score': -1877.9855780513356, 'evaluations': 50, 'seconds': 0.07711120000749361, 'method': 'differential_evolution_v2', 'accepted_search': True, 'solver_message': 'Maximum number of iterations has been exceeded.'}, {'theta': array([-2.38268306e+03,  1.25381877e+00, -2.16363033e+02, -5.25966256e-01,
       -5.56787631e+03,  1.52304635e+00]), 'n_active': 6, 'beta1_train': -1332.6942950462137, 'beta0_train': -3054.52574345254, 'beta1_val': -3051.570291438602, 'beta0_val': -4395.795580833826, 'selected_score': -3068.6168014636037, 'evaluations': 275, 'seconds': 0.2661978999967687, 'method': 'differential_evolution_v2', 'accepted_search': True, 'solver_message': 'Maximum number of iterations has been exceeded.'}]",42,5689.824908703702,10347.418759259259,0.3433091000042623,0.43945720000192523
"[{'theta': array([-7954.09212773]), 'n_active': 1, 'beta1_train': -3815.944372232297, 'beta0_train': -3964.3884920723754, 'beta1_val': -3976.022174024691, 'beta0_val': -3976.022174024691, 'selected_score': -3964.3884920723754, 'evaluations': 50, 'seconds': 0.08282239999971353, 'method': 'differential_evolution_v2', 'accepted_search': True, 'solver_message': 'Maximum number of iterations has been exceeded.'}, {'theta': array([-5.46906987e+03, -1.05827221e-01, -5.70065027e+02,  5.50862975e-01,
       -2.55348014e+03, -6.12238652e-01]), 'n_active': 6, 'beta1_train': 5387.3539674678295, 'beta0_train': 1752.7882772477712, 'beta1_val': 1490.3254520072128, 'beta0_val': -2330.8474998459255, 'selected_score': 1263.5249845945973, 'evaluations': 275, 'seconds': 0.8161433999921428, 'method': 'differential_evolution_v2', 'accepted_search': True, 'solver_message': 'Maximum number of iterations has been exceeded.'}]",42,10347.418759259259,5420.2535425925935,0.8989657999918563,1.1333625999977812
"[{'theta': array([-577.98777472]), 'n_active': 1, 'beta1_train': -3747.8737228990817, 'beta0_train': -3819.328510425203, 'beta1_val': -3821.9999999999995, 'beta0_val': -3821.9999999999995, 'selected_score': -3819.328510425203, 'evaluations': 50, 'seconds': 0.08254790000501089, 'method': 'differential_evolution_v2', 'accepted_search': True, 'solver_message': 'Maximum number of iterations has been exceeded.'}, {'theta': array([-1.40677203e+03, -1.29600871e+00, -3.94208692e+02, -1.36909681e-01,
       -5.09325449e+03, -6.35438881e-01]), 'n_active': 6, 'beta1_train': 4136.93704714629, 'beta0_train': 1066.5500332304039, 'beta1_val': 516.7837903210052, 'beta0_val': -2160.6459185289073, 'selected_score': 606.4673866672775, 'evaluations': 275, 'seconds': 0.28306219998921733, 'method': 'differential_evolution_v2', 'accepted_search': True, 'solver_message': 'Maximum number of iterations has been exceeded.'}]",42,5420.2535425925935,1368.576617592592,0.3656100999942282,0.4788682000071276
"[{'theta': array([-1904.13826335]), 'n_active': 1, 'beta1_train': -3864.449406559255, 'beta0_train': -3935.963361444438, 'beta1_val': -3816.1961721538983, 'beta0_val': -3816.1961721538983, 'selected_score': -3935.963361444438, 'evaluations': 20, 'seconds': 0.051466599994455464, 'method': 'differential_evolution_v2', 'accepted_search': True, 'solver_message': 'Optimization terminated successfully.'}, {'theta': array([-7.02797009e+03,  8.12622384e-01, -3.49992546e+02, -5.77302834e-01,
       -9.13460950e+03, -1.49005608e+00]), 'n_active': 6, 'beta1_train': 3697.831249132611, 'beta0_train': 319.5816170824056, 'beta1_val': 5174.852865693989, 'beta0_val': 393.2488652072766, 'selected_score': -181.84187303402496, 'evaluations': 275, 'seconds': 0.2833954000088852, 'method': 'differential_evolution_v2', 'accepted_search': True, 'solver_message': 'Maximum number of iterations has been exceeded.'}]",42,1368.576617592592,3839.3758717020282,0.33486200000334065,0.4554703000030713
"[{'theta': array([-2285.98174619]), 'n_active': 1, 'beta1_train': -4160.851017452571, 'beta0_train': -4264.571641604188, 'beta1_val': -4267.2, 'beta0_val': -4267.2, 'selected_score': -4264.571641604188, 'evaluations': 15, 'seconds': 0.03484259999822825, 'method': 'differential_evolution_v2', 'accepted_search': True, 'solver_message': 'Optimization terminated successfully.'}, {'theta': array([-8.59868757e+03,  1.06375396e+00, -4.58779593e+02, -1.36240994e+00,
       -5.24891932e+02,  1.65908669e-01]), 'n_active': 6, 'beta1_train': 4119.209065726684, 'beta0_train': 377.8638506844178, 'beta1_val': 3272.7047782892273, 'beta0_val': -449.3489114169528, 'selected_score': 204.99220583194668, 'evaluations': 275, 'seconds': 0.29847460000019055, 'method': 'differential_evolution_v2', 'accepted_search': True, 'solver_message': 'Maximum number of iterations has been exceeded.'}]",42,3839.3758717020282,1635.079610185185,0.3333171999984188,0.4575244999869028
"[{'theta': array([-4606.06055469]), 'n_active': 1, 'beta1_train': -1511.8879303285223, 'beta0_train': -1607.4384820826203, 'beta1_val': -1471.7223787300397, 'beta0_val': -1603.2573662633747, 'selected_score': -1607.4384820826203, 'evaluations': 20, 'seconds': 0.03670970001257956, 'method': 'differential_evolution_v2', 'accepted_search': True, 'solver_message': 'Optimization terminated successfully.'}, {'theta': array([-4.30143567e+03,  3.07622209e-01, -1.48802958e+03,  1.31977770e-01,
       -8.12152366e+03, -6.12423334e-01]), 'n_active': 6, 'beta1_train': 4221.7591949882735, 'beta0_train': -6.181676736424839, 'beta1_val': 5881.633434425158, 'beta0_val': -183.29309125713615, 'selected_score': -6.181676736424839, 'evaluations': 275, 'seconds': 0.32399509999959264, 'method': 'differential_evolution_v2', 'accepted_search': True, 'solver_message': 'Maximum number of iterations has been exceeded.'}]",42,1635.079610185185,1908.5607516321495,0.3607048000121722,0.5133696000120835
"[{'theta': array([-968.10059661]), 'n_active': 1, 'beta1_train': -345.9502474402174, 'beta0_train': -372.4903967247031, 'beta1_val': -332.2271647675244, 'beta0_val': -332.2271647675244, 'selected_score': -372.4903967247031, 'evaluations': 25, 'seconds': 0.05082099999708589, 'method': 'differential_evolution_v2', 'accepted_search': True, 'solver_message': 'Optimization terminated successfully.'}, {'theta': array([-2.10922510e+03, -7.85927822e-01, -2.49940709e+02,  2.99488534e-01,
       -7.42483790e+03, -7.70790583e-01]), 'n_active': 6, 'beta1_train': 1798.8946390439883, 'beta0_train': -24.007442174323106, 'beta1_val': 1409.6828399640901, 'beta0_val': -136.83651815760123, 'selected_score': -30.146736440574003, 'evaluations': 275, 'seconds': 0.28940639999927953, 'method': 'differential_evolution_v2', 'accepted_search': True, 'solver_message': 'Maximum number of iterations has been exceeded.'}]",42,1908.5607516321495,1934.62394919073,0.3402273999963654,0.45639680000022054
"[{'theta': array([-8155.79942887]), 'n_active': 1, 'beta1_train': -1909.8558206546395, 'beta0_train': -1935.9769620274126, 'beta1_val': -1541.0583979661956, 'beta0_val': -1595.5570941910964, 'selected_score': -1935.9769620274126, 'evaluations': 50, 'seconds': 0.07580410000809934, 'method': 'differential_evolution_v2', 'accepted_search': True, 'solver_message': 'Maximum number of iterations has been exceeded.'}, {'theta': array([-6.22372424e+03,  1.11070295e+00, -3.67248249e+03, -1.87394017e+00,
       -3.21991929e+03, -1.49103453e+00]), 'n_active': 6, 'beta1_train': -2430.0852298344435, 'beta0_train': -4022.5502996624036, 'beta1_val': -2718.3121545425183, 'beta0_val': -4229.489853692376, 'selected_score': -4022.5502996624036, 'evaluations': 275, 'seconds': 0.28573109999706503, 'method': 'differential_evolution_v2', 'accepted_search': True, 'solver_message': 'Maximum number of iterations has been exceeded.'}]",42,1934.62394919073,10654.09535630811,0.36153520000516437,0.46954449999611825
"[{'theta': array([-5949.54607926]), 'n_active': 1, 'beta1_train': -4175.083775246648, 'beta0_train': -4355.430111361343, 'beta1_val': -4223.15021281667, 'beta0_val': -4362.0, 'selected_score': -4355.430111361343, 'evaluations': 20, 'seconds': 0.0362641999963671, 'method': 'differential_evolution_v2', 'accepted_search': True, 'solver_message': 'Optimization terminated successfully.'}, {'theta': array([-4.99712763e+03, -3.76299686e-01, -5.90739073e+02,  1.99115101e+00,
       -4.42563129e+03,  5.63723982e-01]), 'n_active': 6, 'beta1_train': 2835.136132078815, 'beta0_train': -1062.4260203825443, 'beta1_val': 2670.3794317965016, 'beta0_val': -1458.5140658996356, 'selected_score': -1088.7723371648844, 'evaluations': 275, 'seconds': 0.30357550000189804, 'method': 'differential_evolution_v2', 'accepted_search': True, 'solver_message': 'Maximum number of iterations has been exceeded.'}]",42,10654.09535630811,2876.624167599664,0.33983969999826513,0.45233850000659004
"[{'theta': array([-8064.87162048]), 'n_active': 1, 'beta1_train': -2754.416749642005, 'beta0_train': -2822.3452899729746, 'beta1_val': -2820.719184597869, 'beta0_val': -2835.3458090370364, 'selected_score': -2822.3452899729746, 'evaluations': 25, 'seconds': 0.043095599990920164, 'method': 'differential_evolution_v2', 'accepted_search': True, 'solver_message': 'Optimization terminated successfully.'}, {'theta': array([-8.74509755e+03, -1.93818988e+00, -4.92749575e+02,  1.48556432e+00,
       -6.49885097e+03, -1.27567671e+00]), 'n_active': 6, 'beta1_train': 3883.428998386671, 'beta0_train': -273.16022595765224, 'beta1_val': 4138.245681253745, 'beta0_val': -130.90478950697025, 'selected_score': -352.07409490980365, 'evaluations': 275, 'seconds': 0.28890149999642745, 'method': 'differential_evolution_v2', 'accepted_search': True, 'solver_message': 'Maximum number of iterations has been exceeded.'}]",42,2876.624167599664,2791.440832306191,0.3319970999873476,0.44468549999874085
"[{'theta': array([-3543.54547031]), 'n_active': 1, 'beta1_train': -4005.5108839913664, 'beta0_train': -4228.410003609978, 'beta1_val': -4050.912391947646, 'beta0_val': -4194.483526691884, 'selected_score': -4228.410003609978, 'evaluations': 20, 'seconds': 0.04653140000300482, 'method': 'differential_evolution_v2', 'accepted_search': True, 'solver_message': 'Optimization terminated successfully.'}, {'theta': array([-2.57118664e+03,  9.91904989e-01, -8.68843482e+02,  1.15777958e+00,
       -1.83991479e+03, -1.13832608e+00]), 'n_active': 6, 'beta1_train': 3059.407463214195, 'beta0_train': -847.0283416819796, 'beta1_val': 4392.719642698918, 'beta0_val': -379.62839743749, 'selected_score': -893.8135078220231, 'evaluations': 275, 'seconds': 0.30866969999624416, 'method': 'differential_evolution_v2', 'accepted_search': True, 'solver_message': 'Maximum number of iterations has been exceeded.'}]",42,2791.440832306191,2466.7673521062948,0.355201099999249,0.4806389999866951
"[{'theta': array([-6311.55916571]), 'n_active': 1, 'beta1_train': -3578.8561999412805, 'beta0_train': -3610.284467977517, 'beta1_val': -3497.7518624163336, 'beta0_val': -3612.0, 'selected_score': -3610.284467977517, 'evaluations': 50, 'seconds': 0.06917669999529608, 'method': 'differential_evolution_v2', 'accepted_search': True, 'solver_message': 'Maximum number of iterations has been exceeded.'}, {'theta': array([-2.71596010e+03,  9.19421657e-01, -9.64510011e+02,  1.58031234e+00,
       -7.93273275e+03, -6.96095380e-01]), 'n_active': 6, 'beta1_train': 4019.430104450282, 'beta0_train': 128.6028393278957, 'beta1_val': 3558.891259620349, 'beta0_val': -354.3553344871654, 'selected_score': 96.52393948566487, 'evaluations': 275, 'seconds': 0.25487569998949766, 'method': 'differential_evolution_v2', 'accepted_search': True, 'solver_message': 'Maximum number of iterations has been exceeded.'}]",42,2466.7673521062948,1834.9201900639453,0.32405239998479374,0.4297515999933239
"[{'theta': array([-4608.45224246]), 'n_active': 1, 'beta1_train': -1273.6213094838665, 'beta0_train': -1326.5998942541185, 'beta1_val': -1301.2309364859045, 'beta0_val': -1325.0845412436988, 'selected_score': -1326.5998942541185, 'evaluations': 15, 'seconds': 0.03115280000201892, 'method': 'differential_evolution_v2', 'accepted_search': True, 'solver_message': 'Optimization terminated successfully.'}, {'theta': array([-4.78261799e+03, -1.29151591e-01, -6.67380897e+02,  6.28750959e-01,
       -1.51912752e+03, -1.49970207e+00]), 'n_active': 6, 'beta1_train': 4854.104932657189, 'beta0_train': 1178.4134571954278, 'beta1_val': 4038.704162409371, 'beta0_val': -232.18496042344054, 'selected_score': 922.5394076050178, 'evaluations': 275, 'seconds': 0.24852649999957066, 'method': 'differential_evolution_v2', 'accepted_search': True, 'solver_message': 'Maximum number of iterations has been exceeded.'}]",42,1834.9201900639453,1819.881433398608,0.2796793000015896,0.38815810000232887
"[{'theta': array([-9135.41370553]), 'n_active': 1, 'beta1_train': -178.23691311911824, 'beta0_train': -195.75074598760648, 'beta1_val': -179.6625578034175, 'beta0_val': -179.6625578034175, 'selected_score': -195.75074598760648, 'evaluations': 15, 'seconds': 0.02961440000217408, 'method': 'differential_evolution_v2', 'accepted_search': True, 'solver_message': 'Optimization terminated successfully.'}, {'theta': array([-2.18705469e+03,  6.09210692e-01, -5.33343904e+02,  1.01428951e+00,
       -9.59803947e+03,  1.43920671e+00]), 'n_active': 6, 'beta1_train': 1716.4129691902472, 'beta0_train': 44.81045232215303, 'beta1_val': 1349.8449181557714, 'beta0_val': -77.98150329072747, 'selected_score': 13.342671399718073, 'evaluations': 275, 'seconds': 0.26739700000325684, 'method': 'differential_evolution_v2', 'accepted_search': True, 'solver_message': 'Maximum number of iterations has been exceeded.'}]",42,1819.881433398608,2414.160595516375,0.2970114000054309,0.408662000001641
"[{'theta': array([-2084.24800395]), 'n_active': 1, 'beta1_train': -2061.999644891056, 'beta0_train': -2076.9516377277528, 'beta1_val': -1882.9641700442094, 'beta0_val': -1882.9641700442094, 'selected_score': -2076.9516377277528, 'evaluations': 20, 'seconds': 0.04484829999273643, 'method': 'differential_evolution_v2', 'accepted_search': True, 'solver_message': 'Optimization terminated successfully.'}, {'theta': array([-8.31658316e+03,  2.39245110e-01, -6.77192326e+03,  3.71470949e-01,
       -6.22154496e+02,  2.91636691e-01]), 'n_active': 6, 'beta1_train': -2596.070218518342, 'beta0_train': -4386.285299204592, 'beta1_val': -2516.748755749225, 'beta0_val': -4528.8, 'selected_score': -4387.283536477562, 'evaluations': 275, 'seconds': 0.3223446999909356, 'method': 'differential_evolution_v2', 'accepted_search': True, 'solver_message': 'Maximum number of iterations has been exceeded.'}]",42,2414.160595516375,10793.320725826008,0.36719299998367205,0.48960809998970944
"[{'theta': array([-5775.16923419]), 'n_active': 1, 'beta1_train': -3620.093624792617, 'beta0_train': -3763.9249644352644, 'beta1_val': -3553.39200201396, 'beta0_val': -3765.6000000000004, 'selected_score': -3763.9249644352644, 'evaluations': 50, 'seconds': 0.08551649999571964, 'method': 'differential_evolution_v2', 'accepted_search': True, 'solver_message': 'Maximum number of iterations has been exceeded.'}, {'theta': array([-3.41703188e+03, -1.54758960e+00, -6.70234896e+02, -1.00194564e+00,
       -5.74244789e+03, -1.17396148e+00]), 'n_active': 6, 'beta1_train': 4389.729514783945, 'beta0_train': 229.48364086919452, 'beta1_val': 5767.163973161778, 'beta0_val': -572.4289264436056, 'selected_score': 73.8511098675695, 'evaluations': 275, 'seconds': 0.3371471999998903, 'method': 'differential_evolution_v2', 'accepted_search': True, 'solver_message': 'Maximum number of iterations has been exceeded.'}]",42,10793.320725826008,2305.3293479450604,0.42266369999560993,0.542451399989659
"[{'theta': array([-4378.51119043]), 'n_active': 1, 'beta1_train': -4462.275718563072, 'beta0_train': -4487.446112147998, 'beta1_val': -4489.2, 'beta0_val': -4489.2, 'selected_score': -4487.446112147998, 'evaluations': 15, 'seconds': 0.04293890000553802, 'method': 'differential_evolution_v2', 'accepted_search': True, 'solver_message': 'Optimization terminated successfully.'}, {'theta': array([-2.53426699e+03,  1.76895196e+00, -1.15076929e+03,  8.27602461e-02,
       -4.21771573e+03,  4.19062633e-01]), 'n_active': 6, 'beta1_train': 3940.923134395391, 'beta0_train': -451.24257257523453, 'beta1_val': 3566.9976874423887, 'beta0_val': -629.4541714049227, 'selected_score': -497.3400435247765, 'evaluations': 275, 'seconds': 0.3878151000099024, 'method': 'differential_evolution_v2', 'accepted_search': True, 'solver_message': 'Maximum number of iterations has been exceeded.'}]",42,2305.3293479450604,1852.2765334109606,0.4307540000154404,0.6305437999981223
"[{'theta': array([-3344.52913779]), 'n_active': 1, 'beta1_train': -3825.131087832338, 'beta0_train': -3870.6664274404297, 'beta1_val': -3826.0063516928376, 'beta0_val': -3873.5999999999995, 'selected_score': -3870.6664274404297, 'evaluations': 20, 'seconds': 0.04587759998685215, 'method': 'differential_evolution_v2', 'accepted_search': True, 'solver_message': 'Optimization terminated successfully.'}, {'theta': array([-3.35843444e+03, -4.46689328e-01, -6.78418656e+02,  1.61826075e+00,
       -4.99306107e+03, -1.68474795e+00]), 'n_active': 6, 'beta1_train': 4769.349652467859, 'beta0_train': 414.38520034027346, 'beta1_val': 3158.8605682553407, 'beta0_val': -679.897835828234, 'selected_score': 252.02200934113296, 'evaluations': 275, 'seconds': 0.3249401999928523, 'method': 'differential_evolution_v2', 'accepted_search': True, 'solver_message': 'Maximum number of iterations has been exceeded.'}]",42,1852.2765334109606,2114.232672620368,0.37081779997970443,0.4887666000140598
"[{'theta': array([-8090.93285836]), 'n_active': 1, 'beta1_train': -4275.641499140731, 'beta0_train': -4296.720655897923, 'beta1_val': -4298.400000000001, 'beta0_val': -4298.400000000001, 'selected_score': -4296.720655897923, 'evaluations': 25, 'seconds': 0.046194199996534735, 'method': 'differential_evolution_v2', 'accepted_search': True, 'solver_message': 'Optimization terminated successfully.'}, {'theta': array([-7.74659450e+03, -8.67541587e-01, -4.48570130e+02,  5.69819773e-01,
       -7.80715298e+03, -9.15191015e-01]), 'n_active': 6, 'beta1_train': 4076.060309979114, 'beta0_train': 2.8954274780510385, 'beta1_val': 3373.782971797535, 'beta0_val': -748.7778858868096, 'selected_score': -194.79819533876056, 'evaluations': 275, 'seconds': 0.30214679999335203, 'method': 'differential_evolution_v2', 'accepted_search': True, 'solver_message': 'Maximum number of iterations has been exceeded.'}]",42,2114.232672620368,2000.4181578873454,0.34834099998988677,0.4602089999971213
"[{'theta': array([-6658.68820369]), 'n_active': 1, 'beta1_train': -2387.9233401942806, 'beta0_train': -2423.871468985296, 'beta1_val': -2425.2000000000003, 'beta0_val': -2425.2000000000003, 'selected_score': -2423.871468985296, 'evaluations': 20, 'seconds': 0.040481999996700324, 'method': 'differential_evolution_v2', 'accepted_search': True, 'solver_message': 'Optimization terminated successfully.'}, {'theta': array([-6.31408408e+03,  1.48435055e+00, -6.95496965e+02, -6.12999340e-01,
       -7.77674652e+03, -1.81741683e-02]), 'n_active': 6, 'beta1_train': 4831.652105150396, 'beta0_train': 745.7370673865572, 'beta1_val': 5211.752331224585, 'beta0_val': -416.46477552382123, 'selected_score': 481.97039999201706, 'evaluations': 275, 'seconds': 0.3506908999988809, 'method': 'differential_evolution_v2', 'accepted_search': True, 'solver_message': 'Maximum number of iterations has been exceeded.'}]",42,2000.4181578873454,2190.831253929899,0.39117289999558125,0.5053450999985216
"[{'theta': array([-6923.25874762]), 'n_active': 1, 'beta1_train': -567.9473213271981, 'beta0_train': -576.0321524657129, 'beta1_val': -392.37905267631663, 'beta0_val': -525.1854914707942, 'selected_score': -576.0321524657129, 'evaluations': 15, 'seconds': 0.03335130000778008, 'method': 'differential_evolution_v2', 'accepted_search': True, 'solver_message': 'Optimization terminated successfully.'}, {'theta': array([-5.06245028e+03, -1.76960161e-01, -3.71840545e+02, -8.32462537e-01,
       -5.20005323e+03,  1.51086396e+00]), 'n_active': 6, 'beta1_train': 1692.498845210971, 'beta0_train': -291.23389879304506, 'beta1_val': 1626.1069243809043, 'beta0_val': -271.33240121426354, 'selected_score': -298.8271310543596, 'evaluations': 275, 'seconds': 0.27179480000631884, 'method': 'differential_evolution_v2', 'accepted_search': True, 'solver_message': 'Maximum number of iterations has been exceeded.'}]",42,2190.831253929899,2669.200564203574,0.3051461000140989,0.4138621000020066
"[{'theta': array([-5876.33290933]), 'n_active': 1, 'beta1_train': -1403.6038658139285, 'beta0_train': -1958.301163742487, 'beta1_val': -1464.8822336618232, 'beta0_val': -1973.4323364970091, 'selected_score': -1958.301163742487, 'evaluations': 50, 'seconds': 0.08352849999209866, 'method': 'differential_evolution_v2', 'accepted_search': True, 'solver_message': 'Maximum number of iterations has been exceeded.'}, {'theta': array([-8.36072733e+03,  1.68494141e+00, -4.33934257e+02, -2.38088797e-01,
       -1.35023494e+03, -1.61248718e-01]), 'n_active': 6, 'beta1_train': -1679.598340010075, 'beta0_train': -3489.7989515775093, 'beta1_val': -2027.0058004490115, 'beta0_val': -3840.181755345468, 'selected_score': -3564.69485756448, 'evaluations': 275, 'seconds': 0.3306178000057116, 'method': 'differential_evolution_v2', 'accepted_search': True, 'solver_message': 'Maximum number of iterations has been exceeded.'}]",42,2669.200564203574,9127.883407502362,0.4141462999978103,0.5577385000069626
"[{'theta': array([-5081.82807511]), 'n_active': 1, 'beta1_train': -4351.9108348146465, 'beta0_train': -4565.9876454975065, 'beta1_val': -4277.677673148571, 'beta0_val': -4557.770374466478, 'selected_score': -4565.9876454975065, 'evaluations': 20, 'seconds': 0.04957399998966139, 'method': 'differential_evolution_v2', 'accepted_search': True, 'solver_message': 'Optimization terminated successfully.'}, {'theta': array([-9.35846881e+03,  1.20970051e+00, -8.96852577e+02,  3.77548671e-01,
       -5.81935494e+03, -1.71819621e+00]), 'n_active': 6, 'beta1_train': 4351.718328783839, 'beta0_train': 477.5212046653366, 'beta1_val': 3366.6934450189538, 'beta0_val': -994.3042301103069, 'selected_score': 69.47427100885375, 'evaluations': 275, 'seconds': 0.3391386000002967, 'method': 'differential_evolution_v2', 'accepted_search': True, 'solver_message': 'Maximum number of iterations has been exceeded.'}]",42,9127.883407502362,3120.217873839403,0.3887125999899581,0.5126129999989644
"[{'theta': array([-9089.60472948]), 'n_active': 1, 'beta1_train': -3830.964387971274, 'beta0_train': -3918.0448934266874, 'beta1_val': -3925.2000000000003, 'beta0_val': -3925.2000000000003, 'selected_score': -3918.0448934266874, 'evaluations': 15, 'seconds': 0.038867499999469146, 'method': 'differential_evolution_v2', 'accepted_search': True, 'solver_message': 'Optimization terminated successfully.'}, {'theta': array([-2.42865557e+03,  8.51257019e-01, -6.02880940e+02,  9.10058358e-01,
       -7.70650826e+03,  9.57013085e-01]), 'n_active': 6, 'beta1_train': 3976.762370406136, 'beta0_train': 66.47161861021361, 'beta1_val': 3612.4851073627005, 'beta0_val': -825.1507127330296, 'selected_score': -13.713061136989758, 'evaluations': 275, 'seconds': 0.3645176999998512, 'method': 'differential_evolution_v2', 'accepted_search': True, 'solver_message': 'Maximum number of iterations has been exceeded.'}]",42,3120.217873839403,2034.9373193511585,0.4033851999993203,0.560664500007988
"[{'theta': array([-7983.5278712]), 'n_active': 1, 'beta1_train': -4418.326448059864, 'beta0_train': -4440.2528983866305, 'beta1_val': -4314.190182599999, 'beta0_val': -4430.300890069959, 'selected_score': -4440.2528983866305, 'evaluations': 20, 'seconds': 0.04114480000862386, 'method': 'differential_evolution_v2', 'accepted_search': True, 'solver_message': 'Optimization terminated successfully.'}, {'theta': array([-4.01274962e+03,  2.15232878e-01, -8.86137534e+02,  1.81335540e+00,
       -3.44843085e+03,  1.82705390e-01]), 'n_active': 6, 'beta1_train': 3651.617847638246, 'beta0_train': -46.44517679987727, 'beta1_val': 7846.569761219605, 'beta0_val': 4123.724205687908, 'selected_score': -72.630927104357, 'evaluations': 275, 'seconds': 0.3364000000001397, 'method': 'differential_evolution_v2', 'accepted_search': True, 'solver_message': 'Maximum number of iterations has been exceeded.'}]",42,2034.9373193511585,2420.9468280816673,0.37754480000876356,0.49218139999720734
"[{'theta': array([-8661.14247645]), 'n_active': 1, 'beta1_train': -4320.948760014608, 'beta0_train': -4342.199367017966, 'beta1_val': -4344.0, 'beta0_val': -4344.0, 'selected_score': -4342.199367017966, 'evaluations': 20, 'seconds': 0.054947299999184906, 'method': 'differential_evolution_v2', 'accepted_search': True, 'solver_message': 'Optimization terminated successfully.'}, {'theta': array([-4.78279127e+03, -9.92205720e-01, -6.55014120e+02, -3.64087720e-01,
       -5.27619198e+03, -1.98596233e+00]), 'n_active': 6, 'beta1_train': 4127.72768842468, 'beta0_train': -23.842113436204205, 'beta1_val': 2367.182563637035, 'beta0_val': -1008.9911523590644, 'selected_score': -278.00792853689507, 'evaluations': 275, 'seconds': 0.46170379999966826, 'method': 'differential_evolution_v2', 'accepted_search': True, 'solver_message': 'Maximum number of iterations has been exceeded.'}]",42,2420.9468280816673,4490.753966841138,0.5166510999988532,0.6764065000024857
"[{'theta': array([-3291.25253126]), 'n_active': 1, 'beta1_train': -2122.674883220167, 'beta0_train': -2142.7488017784804, 'beta1_val': -2143.2000000000003, 'beta0_val': -2143.2000000000003, 'selected_score': -2142.7488017784804, 'evaluations': 20, 'seconds': 0.0617630999913672, 'method': 'differential_evolution_v2', 'accepted_search': True, 'solver_message': 'Optimization terminated successfully.'}, {'theta': array([-4.70838332e+03, -5.06207768e-01, -8.27499080e+02, -1.99497363e+00,
       -2.22165965e+03,  1.02200693e+00]), 'n_active': 6, 'beta1_train': 4557.207903084282, 'beta0_train': 345.24061632247145, 'beta1_val': 3221.788751491166, 'beta0_val': -773.8756215647107, 'selected_score': 296.2792899932367, 'evaluations': 275, 'seconds': 0.4052308999962406, 'method': 'differential_evolution_v2', 'accepted_search': True, 'solver_message': 'Maximum number of iterations has been exceeded.'}]",42,4490.753966841138,4456.327636624877,0.4669939999876078,0.6365875000046799
"[{'theta': array([-4559.59634194]), 'n_active': 1, 'beta1_train': -1244.109476504324, 'beta0_train': -1251.0659204701442, 'beta1_val': -1172.4133228146518, 'beta0_val': -1172.4133228146518, 'selected_score': -1251.0659204701442, 'evaluations': 20, 'seconds': 0.043904999998630956, 'method': 'differential_evolution_v2', 'accepted_search': True, 'solver_message': 'Optimization terminated successfully.'}, {'theta': array([-3.53554214e+03,  1.01589586e+00, -4.70186479e+02,  1.83314044e+00,
       -5.91041803e+03,  1.44381905e+00]), 'n_active': 6, 'beta1_train': 1614.079349361924, 'beta0_train': -453.5380620362087, 'beta1_val': 609.4877566452922, 'beta0_val': -1080.1992901721003, 'selected_score': -478.37071801251267, 'evaluations': 275, 'seconds': 0.3378492999909213, 'method': 'differential_evolution_v2', 'accepted_search': True, 'solver_message': 'Maximum number of iterations has been exceeded.'}]",42,4456.327636624877,4181.872998543817,0.38175429998955224,0.49981619999744
"[{'theta': array([-2010.22162311]), 'n_active': 1, 'beta1_train': -2708.962720729054, 'beta0_train': -2715.0124219515483, 'beta1_val': -2525.8814788663367, 'beta0_val': -2525.8814788663367, 'selected_score': -2715.0124219515483, 'evaluations': 25, 'seconds': 0.04796389999683015, 'method': 'differential_evolution_v2', 'accepted_search': True, 'solver_message': 'Optimization terminated successfully.'}, {'theta': array([-5.61116477e+03,  1.80866073e+00, -2.55310176e+02,  1.76361699e+00,
       -7.80977261e+03,  1.29253094e-01]), 'n_active': 6, 'beta1_train': -1798.680276581822, 'beta0_train': -3931.3181067421015, 'beta1_val': -2903.639420685752, 'beta0_val': -4636.8, 'selected_score': -3954.490567849276, 'evaluations': 275, 'seconds': 0.28712649999943096, 'method': 'differential_evolution_v2', 'accepted_search': True, 'solver_message': 'Maximum number of iterations has been exceeded.'}]",42,4181.872998543817,10800.0,0.3350903999962611,0.4492935000016587
"[{'theta': array([-1414.49877304]), 'n_active': 1, 'beta1_train': -4287.501394055466, 'beta0_train': -4446.105364216888, 'beta1_val': -4334.9895775, 'beta0_val': -4441.742244444445, 'selected_score': -4446.105364216888, 'evaluations': 35, 'seconds': 0.07625529999495484, 'method': 'differential_evolution_v2', 'accepted_search': True, 'solver_message': 'Optimization terminated successfully.'}, {'theta': array([-6.84575675e+03, -1.84729942e+00, -5.10212341e+02, -1.65873349e-01,
       -8.52012980e+03, -4.03543982e-01]), 'n_active': 6, 'beta1_train': 3797.4574564775708, 'beta0_train': 64.96850175246954, 'beta1_val': 2695.6151378146023, 'beta0_val': -1689.9795127748432, 'selected_score': -140.7877699290419, 'evaluations': 275, 'seconds': 0.29471689999627415, 'method': 'differential_evolution_v2', 'accepted_search': True, 'solver_message': 'Maximum number of iterations has been exceeded.'}]",42,10800.0,4013.0740200018663,0.370972199991229,0.5066030000016326
"[{'theta': array([-7807.60244592]), 'n_active': 1, 'beta1_train': -4279.831011506756, 'beta0_train': -4305.864861788317, 'beta1_val': -4306.8, 'beta0_val': -4306.8, 'selected_score': -4305.864861788317, 'evaluations': 15, 'seconds': 0.03595649999624584, 'method': 'differential_evolution_v2', 'accepted_search': True, 'solver_message': 'Optimization terminated successfully.'}, {'theta': array([-2.96793936e+03, -1.21382747e+00, -4.88630049e+02, -5.08784872e-01,
       -2.82985608e+03,  1.04736426e+00]), 'n_active': 6, 'beta1_train': 3976.064336453553, 'beta0_train': 27.385930732220082, 'beta1_val': 3158.201294165425, 'beta0_val': -1467.789723281545, 'selected_score': -73.80849752550519, 'evaluations': 275, 'seconds': 0.3129674999945564, 'method': 'differential_evolution_v2', 'accepted_search': True, 'solver_message': 'Maximum number of iterations has been exceeded.'}]",42,4013.0740200018663,3997.858321453185,0.34892399999080226,0.45595160000084434
"[{'theta': array([-3439.89444958]), 'n_active': 1, 'beta1_train': -2713.6882526538175, 'beta0_train': -2793.335655322791, 'beta1_val': -2752.9036749999996, 'beta0_val': -2794.7999999999997, 'selected_score': -2793.335655322791, 'evaluations': 20, 'seconds': 0.04336850000254344, 'method': 'differential_evolution_v2', 'accepted_search': True, 'solver_message': 'Optimization terminated successfully.'}, {'theta': array([-8.43841117e+02,  1.44521552e+00, -4.48993316e+02,  4.15307614e-01,
       -3.88413580e+03,  5.95843176e-02]), 'n_active': 6, 'beta1_train': 4343.153345755921, 'beta0_train': 2080.12672332425, 'beta1_val': 3271.1350586742933, 'beta0_val': 1145.527345534666, 'selected_score': 1952.3434022146203, 'evaluations': 275, 'seconds': 0.273253500010469, 'method': 'differential_evolution_v2', 'accepted_search': True, 'solver_message': 'Maximum number of iterations has been exceeded.'}]",42,3997.858321453185,3791.769545634393,0.31662200001301244,0.42410299999755807
"[{'theta': array([-8763.96713911]), 'n_active': 1, 'beta1_train': -3858.6575031884627, 'beta0_train': -3879.957359438121, 'beta1_val': -3880.8, 'beta0_val': -3880.8, 'selected_score': -3879.957359438121, 'evaluations': 20, 'seconds': 0.045269800000824034, 'method': 'differential_evolution_v2', 'accepted_search': True, 'solver_message': 'Optimization terminated successfully.'}, {'theta': array([-3.93935167e+03,  1.07836447e+00, -2.95104562e+02, -2.30246712e-01,
       -5.62868478e+02,  1.12877049e-01]), 'n_active': 6, 'beta1_train': 3866.502580627503, 'beta0_train': 29.392173868137494, 'beta1_val': 3440.8566217477337, 'beta0_val': -1597.2123511492207, 'selected_score': -29.83689280582786, 'evaluations': 275, 'seconds': 0.3834454000025289, 'method': 'differential_evolution_v2', 'accepted_search': True, 'solver_message': 'Maximum number of iterations has been exceeded.'}]",42,3791.769545634393,2166.1689541405362,0.42871520000335295,0.5627758000046015
"[{'theta': array([-7650.19312604]), 'n_active': 1, 'beta1_train': -960.2718468570699, 'beta0_train': -1091.1619689584843, 'beta1_val': -1001.7677602864811, 'beta0_val': -1092.334780897284, 'selected_score': -1091.1619689584843, 'evaluations': 20, 'seconds': 0.049675400005071424, 'method': 'differential_evolution_v2', 'accepted_search': True, 'solver_message': 'Optimization terminated successfully.'}, {'theta': array([-7.96301845e+03,  7.03823329e-01, -4.50857189e+02,  4.16763839e-01,
       -3.39672249e+02, -1.57937190e+00]), 'n_active': 6, 'beta1_train': 4459.5935929382695, 'beta0_train': 948.6279593905998, 'beta1_val': 5701.727520680864, 'beta0_val': 3834.326448706559, 'selected_score': 914.0581614629434, 'evaluations': 275, 'seconds': 0.3165627999987919, 'method': 'differential_evolution_v2', 'accepted_search': True, 'solver_message': 'Maximum number of iterations has been exceeded.'}]",42,2166.1689541405362,1465.3878446296294,0.3662382000038633,0.4964153000037186
"[{'theta': array([-9145.49462434]), 'n_active': 1, 'beta1_train': -854.5174724569081, 'beta0_train': -874.2963497013094, 'beta1_val': -821.1920933121274, 'beta0_val': -821.1920933121274, 'selected_score': -874.2963497013094, 'evaluations': 15, 'seconds': 0.03321949999372009, 'method': 'differential_evolution_v2', 'accepted_search': True, 'solver_message': 'Optimization terminated successfully.'}, {'theta': array([-3.28419899e+03, -1.61607029e-01, -4.87501150e+02, -1.65164965e+00,
       -6.56357456e+03,  2.51383529e-01]), 'n_active': 6, 'beta1_train': 1614.703472844733, 'beta0_train': -280.0451694641141, 'beta1_val': 3158.5051391518095, 'beta0_val': 1335.4121704642898, 'selected_score': -281.9440255744397, 'evaluations': 275, 'seconds': 0.30888940001023, 'method': 'differential_evolution_v2', 'accepted_search': True, 'solver_message': 'Maximum number of iterations has been exceeded.'}]",42,1465.3878446296294,1209.1454502159227,0.3421089000039501,0.44893370001227595
"[{'theta': array([-8686.39359969]), 'n_active': 1, 'beta1_train': -2349.7037435538114, 'beta0_train': -2362.392043610248, 'beta1_val': -2180.096813801191, 'beta0_val': -2180.096813801191, 'selected_score': -2362.392043610248, 'evaluations': 20, 'seconds': 0.0337054999981774, 'method': 'differential_evolution_v2', 'accepted_search': True, 'solver_message': 'Optimization terminated successfully.'}, {'theta': array([-3.30868646e+03, -1.42572251e-01, -3.90639965e+02,  5.36292794e-01,
       -5.90134446e+03,  1.64072402e-01]), 'n_active': 6, 'beta1_train': -578.1697457091147, 'beta0_train': -2667.061658385797, 'beta1_val': -18.72448655719154, 'beta0_val': -2380.9450175771476, 'selected_score': -2688.617016072571, 'evaluations': 275, 'seconds': 0.2441794999904232, 'method': 'differential_evolution_v2', 'accepted_search': True, 'solver_message': 'Maximum number of iterations has been exceeded.'}]",42,1209.1454502159227,6775.976038482989,0.2778849999886006,0.372946099989349
"[{'theta': array([-2600.8428444]), 'n_active': 1, 'beta1_train': -3752.3332232937328, 'beta0_train': -3902.7223968865646, 'beta1_val': -3943.0874024000004, 'beta0_val': -3952.8000000000006, 'selected_score': -3902.7223968865646, 'evaluations': 30, 'seconds': 0.04579060000833124, 'method': 'differential_evolution_v2', 'accepted_search': True, 'solver_message': 'Optimization terminated successfully.'}, {'theta': array([-4.42659670e+03, -1.62826999e+00, -7.97643404e+02,  1.83499867e+00,
       -4.54023447e+03, -1.16815058e+00]), 'n_active': 6, 'beta1_train': 3976.0688915234114, 'beta0_train': -230.56176061402877, 'beta1_val': 2962.170105657409, 'beta0_val': -635.9942927771167, 'selected_score': -336.3343802440051, 'evaluations': 275, 'seconds': 0.2502037999947788, 'method': 'differential_evolution_v2', 'accepted_search': True, 'solver_message': 'Maximum number of iterations has been exceeded.'}]",42,6775.976038482989,1324.3809701851853,0.29599440000311006,0.3927865000005113
"[{'theta': array([-4244.13071606]), 'n_active': 1, 'beta1_train': -4068.7615212613046, 'beta0_train': -4091.2322889671786, 'beta1_val': -4092.0, 'beta0_val': -4092.0, 'selected_score': -4091.2322889671786, 'evaluations': 20, 'seconds': 0.039949799989699386, 'method': 'differential_evolution_v2', 'accepted_search': True, 'solver_message': 'Optimization terminated successfully.'}, {'theta': array([-1.24791327e+03,  1.62583607e+00, -6.82558655e+02, -1.49571828e+00,
       -8.44585667e+03, -1.17697593e+00]), 'n_active': 6, 'beta1_train': 3514.161387635991, 'beta0_train': 551.1896472131908, 'beta1_val': 5042.870286793451, 'beta0_val': 2346.7712119726907, 'selected_score': 516.3368773199946, 'evaluations': 275, 'seconds': 0.2761547999980394, 'method': 'differential_evolution_v2', 'accepted_search': True, 'solver_message': 'Maximum number of iterations has been exceeded.'}]",42,1324.3809701851853,2418.0435064266408,0.31610459998773877,0.426149599996279
"[{'theta': array([-7147.6650287]), 'n_active': 1, 'beta1_train': -3527.2927416388047, 'beta0_train': -4348.137739336571, 'beta1_val': -3737.551450369199, 'beta0_val': -4367.017859197821, 'selected_score': -4348.137739336571, 'evaluations': 20, 'seconds': 0.03364809999766294, 'method': 'differential_evolution_v2', 'accepted_search': True, 'solver_message': 'Optimization terminated successfully.'}, {'theta': array([-9.21546239e+03, -1.09325867e+00, -6.55892713e+02, -1.89380348e+00,
       -7.34967025e+03,  3.34856180e-01]), 'n_active': 6, 'beta1_train': 3185.6812482687205, 'beta0_train': 637.3045396716022, 'beta1_val': 4081.2054786135714, 'beta0_val': 1515.933737579898, 'selected_score': 607.6565454067581, 'evaluations': 275, 'seconds': 0.24558440000691917, 'method': 'differential_evolution_v2', 'accepted_search': True, 'solver_message': 'Maximum number of iterations has been exceeded.'}]",42,2418.0435064266408,2822.1460725925926,0.2792325000045821,0.37469789999886416
"[{'theta': array([-5600.96098438]), 'n_active': 1, 'beta1_train': -3805.1716474808295, 'beta0_train': -3929.1139883230912, 'beta1_val': -3787.81204881572, 'beta0_val': -3901.4197911639712, 'selected_score': -3929.1139883230912, 'evaluations': 15, 'seconds': 0.027918200008571148, 'method': 'differential_evolution_v2', 'accepted_search': True, 'solver_message': 'Optimization terminated successfully.'}, {'theta': array([-9600.,     0., -9600.,     0., -9600.,     0.]), 'n_active': 6, 'beta1_train': -641.6838517610646, 'beta0_train': -1126.4966256111193, 'beta1_val': 2750.2635218404494, 'beta0_val': -522.5738070185889, 'selected_score': -1126.4966256111193, 'evaluations': 275, 'seconds': 0.24611469999945257, 'method': 'differential_evolution_v2', 'accepted_search': False, 'solver_message': 'Maximum number of iterations has been exceeded.'}]",42,2822.1460725925926,2397.485380396546,0.2740329000080237,0.3671254999935627
"[{'theta': array([-4498.07553076]), 'n_active': 1, 'beta1_train': -310.7858248835264, 'beta0_train': -458.90469156757996, 'beta1_val': -337.0130707360445, 'beta0_val': -452.94907400271114, 'selected_score': -458.90469156757996, 'evaluations': 50, 'seconds': 0.0658666999952402, 'method': 'differential_evolution_v2', 'accepted_search': True, 'solver_message': 'Maximum number of iterations has been exceeded.'}, {'theta': array([-8.26161438e+03, -1.52717797e+00, -6.24257981e+02,  9.90433377e-01,
       -4.59338732e+03,  6.17890489e-01]), 'n_active': 6, 'beta1_train': 4102.70103177149, 'beta0_train': 1510.1685807826664, 'beta1_val': 3862.4098893718315, 'beta0_val': 1753.5807988308425, 'selected_score': 1464.1726733259206, 'evaluations': 275, 'seconds': 0.26863060001051053, 'method': 'differential_evolution_v2', 'accepted_search': True, 'solver_message': 'Maximum number of iterations has been exceeded.'}]",42,2397.485380396546,1816.1906584599385,0.33449730000575073,0.4279251999978442
"[{'theta': array([-3094.61635918]), 'n_active': 1, 'beta1_train': -959.6326803080836, 'beta0_train': -981.0972354898287, 'beta1_val': -917.1127689706925, 'beta0_val': -917.1127689706925, 'selected_score': -981.0972354898287, 'evaluations': 50, 'seconds': 0.0735224000090966, 'method': 'differential_evolution_v2', 'accepted_search': True, 'solver_message': 'Maximum number of iterations has been exceeded.'}, {'theta': array([-2.69904741e+03,  4.23225777e-01, -3.83431926e+03, -1.57736797e+00,
       -9.28360974e+02, -1.19985439e+00]), 'n_active': 6, 'beta1_train': 1621.5548105479106, 'beta0_train': -398.0647962657763, 'beta1_val': 1772.4971278300434, 'beta0_val': -332.1664528725111, 'selected_score': -398.0647962657763, 'evaluations': 275, 'seconds': 0.25060559999838006, 'method': 'differential_evolution_v2', 'accepted_search': True, 'solver_message': 'Maximum number of iterations has been exceeded.'}]",42,1816.1906584599385,2078.723217383456,0.32412800000747666,0.4274669000005815
"[{'theta': array([-3265.6336168]), 'n_active': 1, 'beta1_train': -1762.9115016349529, 'beta0_train': -1871.9511868087359, 'beta1_val': -1887.032919575503, 'beta0_val': -1887.032919575503, 'selected_score': -1871.9511868087359, 'evaluations': 50, 'seconds': 0.0643125000060536, 'method': 'differential_evolution_v2', 'accepted_search': True, 'solver_message': 'Maximum number of iterations has been exceeded.'}, {'theta': array([-5.24936442e+03,  2.86522734e-01, -7.16344007e+03, -2.22914703e-01,
       -7.05401316e+03, -1.85017434e+00]), 'n_active': 6, 'beta1_train': -160.68195487060248, 'beta0_train': -2281.728982827197, 'beta1_val': -6.6668678943651685, 'beta0_val': -2065.957371025158, 'selected_score': -2281.728982827197, 'evaluations': 275, 'seconds': 0.23700259999895934, 'method': 'differential_evolution_v2', 'accepted_search': True, 'solver_message': 'Maximum number of iterations has been exceeded.'}]",42,2078.723217383456,6459.041851312588,0.30131510000501294,0.39171350000833627
"[{'theta': array([-5607.06241335]), 'n_active': 1, 'beta1_train': -4112.305657810566, 'beta0_train': -4269.02750396292, 'beta1_val': -3934.5083007255967, 'beta0_val': -4206.308661165308, 'selected_score': -4269.02750396292, 'evaluations': 20, 'seconds': 0.031917499989503995, 'method': 'differential_evolution_v2', 'accepted_search': True, 'solver_message': 'Optimization terminated successfully.'}, {'theta': array([-5.17407035e+03,  1.39020796e+00, -7.30357565e+02, -1.55559991e+00,
       -3.15008810e+03, -6.38841470e-01]), 'n_active': 6, 'beta1_train': 3738.191026461884, 'beta0_train': -424.01894946505985, 'beta1_val': 2730.2633838519964, 'beta0_val': -1113.184003710905, 'selected_score': -553.7035907740163, 'evaluations': 275, 'seconds': 0.2527494999958435, 'method': 'differential_evolution_v2', 'accepted_search': True, 'solver_message': 'Maximum number of iterations has been exceeded.'}]",42,6459.041851312588,2600.6382653703695,0.2846669999853475,0.3788249000062933
"[{'theta': array([-6900.75177186]), 'n_active': 1, 'beta1_train': -3612.3293964690897, 'beta0_train': -3756.226864173383, 'beta1_val': -3573.954930632577, 'beta0_val': -3706.1151086391615, 'selected_score': -3756.226864173383, 'evaluations': 50, 'seconds': 0.06258399999933317, 'method': 'differential_evolution_v2', 'accepted_search': True, 'solver_message': 'Maximum number of iterations has been exceeded.'}, {'theta': array([-1.78421288e+03, -3.76468988e-01, -5.16692779e+02, -1.58476958e+00,
       -8.18402684e+03,  2.21402380e-01]), 'n_active': 6, 'beta1_train': 4058.5310281817424, 'beta0_train': 5.682911906667691, 'beta1_val': 3743.1731394956814, 'beta0_val': -281.01927469867246, 'selected_score': -60.534282356061226, 'evaluations': 275, 'seconds': 0.23253120000299532, 'method': 'differential_evolution_v2', 'accepted_search': True, 'solver_message': 'Maximum number of iterations has been exceeded.'}]",42,2600.6382653703695,1610.5998406342374,0.2951152000023285,0.39080129998910706
"[{'theta': array([-8397.80888157]), 'n_active': 1, 'beta1_train': -3913.1458665031523, 'beta0_train': -3934.200051279736, 'beta1_val': -3934.8, 'beta0_val': -3934.8, 'selected_score': -3934.200051279736, 'evaluations': 20, 'seconds': 0.035858000002917834, 'method': 'differential_evolution_v2', 'accepted_search': True, 'solver_message': 'Optimization terminated successfully.'}, {'theta': array([-8.06922470e+03, -6.23194290e-02, -6.96672304e+02, -4.78902025e-01,
       -3.40292708e+03,  1.11217414e+00]), 'n_active': 6, 'beta1_train': 4638.89916031131, 'beta0_train': 138.52937040211984, 'beta1_val': 3929.8793071561777, 'beta0_val': -474.2531733328925, 'selected_score': 0.6298594863528983, 'evaluations': 275, 'seconds': 0.23969630000647157, 'method': 'differential_evolution_v2', 'accepted_search': True, 'solver_message': 'Maximum number of iterations has been exceeded.'}]",42,1610.5998406342374,1902.9715864723123,0.2755543000093894,0.37051930000598077
"[{'theta': array([-9148.07430431]), 'n_active': 1, 'beta1_train': -3844.2743031309183, 'beta0_train': -3868.229530302118, 'beta1_val': -3775.8804233333335, 'beta0_val': -3858.373079835391, 'selected_score': -3868.229530302118, 'evaluations': 30, 'seconds': 0.04419359999883454, 'method': 'differential_evolution_v2', 'accepted_search': True, 'solver_message': 'Optimization terminated successfully.'}, {'theta': array([-2.61161209e+03,  1.29335171e+00, -3.08264374e+02,  1.44823964e+00,
       -8.34922281e+02,  1.68830453e+00]), 'n_active': 6, 'beta1_train': 4050.896475903657, 'beta0_train': 244.95427764265065, 'beta1_val': 2974.1756025263817, 'beta0_val': -692.7994671781065, 'selected_score': 210.4108098381583, 'evaluations': 275, 'seconds': 0.24514099999214523, 'method': 'differential_evolution_v2', 'accepted_search': True, 'solver_message': 'Maximum number of iterations has been exceeded.'}]",42,1902.9715864723123,1516.6766049999999,0.28933459999097977,0.38283569998748135
"[{'theta': array([-9501.00546232]), 'n_active': 1, 'beta1_train': -1969.6669109080387, 'beta0_train': -1992.8360904546823, 'beta1_val': -1993.2, 'beta0_val': -1993.2, 'selected_score': -1992.8360904546823, 'evaluations': 50, 'seconds': 0.06243979999271687, 'method': 'differential_evolution_v2', 'accepted_search': True, 'solver_message': 'Maximum number of iterations has been exceeded.'}, {'theta': array([-2.52235870e+03,  1.32634678e+00, -6.89615402e+02,  1.93264377e+00,
       -1.88544219e+03,  1.54399660e+00]), 'n_active': 6, 'beta1_train': 4382.343769718298, 'beta0_train': 1696.8979083553013, 'beta1_val': 9378.350242345325, 'beta0_val': 8447.596819696835, 'selected_score': 1642.912740552403, 'evaluations': 275, 'seconds': 0.23888560000341386, 'method': 'differential_evolution_v2', 'accepted_search': True, 'solver_message': 'Maximum number of iterations has been exceeded.'}]",42,1516.6766049999999,1787.1024820285716,0.3013253999961307,0.39878989999124315
"[{'theta': array([-7029.68153194]), 'n_active': 1, 'beta1_train': -1243.8130608429392, 'beta0_train': -1256.4561474228162, 'beta1_val': -1298.6957627240554, 'beta0_val': -1298.6957627240554, 'selected_score': -1256.4561474228162, 'evaluations': 20, 'seconds': 0.03135099999781232, 'method': 'differential_evolution_v2', 'accepted_search': True, 'solver_message': 'Optimization terminated successfully.'}, {'theta': array([-4.32990365e+03,  1.77319177e+00, -5.18886744e+02,  1.05668932e+00,
       -3.56193831e+03, -1.16456537e-01]), 'n_active': 6, 'beta1_train': 1796.2902088040385, 'beta0_train': -290.77543036550355, 'beta1_val': 2028.5051469148189, 'beta0_val': -365.28912019837054, 'selected_score': -306.71174704621507, 'evaluations': 275, 'seconds': 0.2587904999963939, 'method': 'differential_evolution_v2', 'accepted_search': True, 'solver_message': 'Maximum number of iterations has been exceeded.'}]",42,1787.1024820285716,1799.0137519938976,0.29014149999420624,0.38520610000705346
"[{'theta': array([-4216.23851414]), 'n_active': 1, 'beta1_train': -2313.151392426791, 'beta0_train': -2330.77854236283, 'beta1_val': -2294.7076342023133, 'beta0_val': -2294.7076342023133, 'selected_score': -2330.77854236283, 'evaluations': 20, 'seconds': 0.031738299992866814, 'method': 'differential_evolution_v2', 'accepted_search': True, 'solver_message': 'Optimization terminated successfully.'}, {'theta': array([-6.78557185e+03, -1.01326979e+00, -3.96714731e+02,  1.84180096e+00,
       -7.52726989e+03, -3.93564592e-01]), 'n_active': 6, 'beta1_train': -877.2526478278169, 'beta0_train': -2992.917599749817, 'beta1_val': -1291.1854574549802, 'beta0_val': -2897.7479284533338, 'selected_score': -3005.524212102981, 'evaluations': 275, 'seconds': 0.25127449999854434, 'method': 'differential_evolution_v2', 'accepted_search': True, 'solver_message': 'Maximum number of iterations has been exceeded.'}]",42,1799.0137519938976,7399.15921058396,0.28301279999141116,0.3787344000011217
"[{'theta': array([-2061.98514339]), 'n_active': 1, 'beta1_train': -3727.4285000783134, 'beta0_train': -3911.527425993607, 'beta1_val': -3734.444803059258, 'beta0_val': -3904.558839583538, 'selected_score': -3911.527425993607, 'evaluations': 50, 'seconds': 0.0635486000101082, 'method': 'differential_evolution_v2', 'accepted_search': True, 'solver_message': 'Maximum number of iterations has been exceeded.'}, {'theta': array([-4.71755255e+03,  1.32102309e+00, -7.68829461e+02,  9.66102325e-01,
       -5.72691293e+03,  2.52510986e-01]), 'n_active': 6, 'beta1_train': 3961.679274026554, 'beta0_train': 1035.9368165978333, 'beta1_val': 2969.5329654612387, 'beta0_val': 244.68204005331108, 'selected_score': 992.2976719176289, 'evaluations': 275, 'seconds': 0.24495130000286736, 'method': 'differential_evolution_v2', 'accepted_search': True, 'solver_message': 'Maximum number of iterations has been exceeded.'}]",42,7399.15921058396,2877.1548176846613,0.30849990001297556,0.4029658999934327
"[{'theta': array([-6388.90364881]), 'n_active': 1, 'beta1_train': -4147.848925823809, 'beta0_train': -4283.281930492649, 'beta1_val': -4287.830675435865, 'beta0_val': -4317.03560366642, 'selected_score': -4283.281930492649, 'evaluations': 25, 'seconds': 0.039148299998487346, 'method': 'differential_evolution_v2', 'accepted_search': True, 'solver_message': 'Optimization terminated successfully.'}, {'theta': array([-8.33810111e+03, -9.18721629e-01, -1.06466198e+03, -1.67711743e-02,
       -7.83569802e+03,  1.45284016e+00]), 'n_active': 6, 'beta1_train': -408.0122248977793, 'beta0_train': -1016.2271459190318, 'beta1_val': -1043.9453439792246, 'beta0_val': -1497.529953660381, 'selected_score': -1054.1075371700595, 'evaluations': 275, 'seconds': 0.23894870000367519, 'method': 'differential_evolution_v2', 'accepted_search': True, 'solver_message': 'Maximum number of iterations has been exceeded.'}]",42,2877.1548176846613,3555.7685320370338,0.27809700000216253,0.3733582999993814
"[{'theta': array([-2630.4712648]), 'n_active': 1, 'beta1_train': -4019.687064201806, 'beta0_train': -4049.968938423247, 'beta1_val': -4051.2000000000003, 'beta0_val': -4051.2000000000003, 'selected_score': -4049.968938423247, 'evaluations': 20, 'seconds': 0.03818400000454858, 'method': 'differential_evolution_v2', 'accepted_search': True, 'solver_message': 'Optimization terminated successfully.'}, {'theta': array([-8.01893883e+03, -6.15279630e-01, -1.02204535e+03,  1.57775206e+00,
       -3.66079588e+03,  1.77494940e-01]), 'n_active': 6, 'beta1_train': 4299.971745307409, 'beta0_train': -56.7664369851249, 'beta1_val': 3477.2881823941525, 'beta0_val': -739.42360906476, 'selected_score': -149.05488692732976, 'evaluations': 275, 'seconds': 0.23012480000033975, 'method': 'differential_evolution_v2', 'accepted_search': True, 'solver_message': 'Maximum number of iterations has been exceeded.'}]",42,3555.7685320370338,1981.0021099999992,0.2683088000048883,0.361421399997198
"[{'theta': array([-2459.74511957]), 'n_active': 1, 'beta1_train': -4339.8309174863725, 'beta0_train': -4363.79394284854, 'beta1_val': -4364.296987713752, 'beta0_val': -4364.400000000001, 'selected_score': -4363.79394284854, 'evaluations': 20, 'seconds': 0.030617299998993985, 'method': 'differential_evolution_v2', 'accepted_search': True, 'solver_message': 'Optimization terminated successfully.'}, {'theta': array([-3.95127099e+03,  1.64807829e+00, -5.71539175e+02,  2.09620947e-02,
       -4.64926567e+03, -2.92964408e-01]), 'n_active': 6, 'beta1_train': 3401.1729580400465, 'beta0_train': 582.8437321956337, 'beta1_val': 2621.9429092260843, 'beta0_val': 36.55499822006482, 'selected_score': 550.2148453549045, 'evaluations': 275, 'seconds': 0.29256300000997726, 'method': 'differential_evolution_v2', 'accepted_search': True, 'solver_message': 'Maximum number of iterations has been exceeded.'}]",42,1981.0021099999992,3256.949127613131,0.32318030000897124,0.4230004999990342
"[{'theta': array([-9093.23603518]), 'n_active': 1, 'beta1_train': -1606.4624311341302, 'beta0_train': -1625.6378506473955, 'beta1_val': -1626.0, 'beta0_val': -1626.0, 'selected_score': -1625.6378506473955, 'evaluations': 20, 'seconds': 0.05442610000318382, 'method': 'differential_evolution_v2', 'accepted_search': True, 'solver_message': 'Optimization terminated successfully.'}, {'theta': array([-8.22867416e+03, -1.11955367e+00, -9.42490045e+02,  1.28339589e+00,
       -8.80527914e+03,  2.94027588e-01]), 'n_active': 6, 'beta1_train': 3364.460943598977, 'beta0_train': 316.1363453187855, 'beta1_val': 2468.773350401362, 'beta0_val': -157.35526322480274, 'selected_score': 250.48078902236512, 'evaluations': 275, 'seconds': 0.3230440000043018, 'method': 'differential_evolution_v2', 'accepted_search': True, 'solver_message': 'Maximum number of iterations has been exceeded.'}]",42,3256.949127613131,1705.9865537037065,0.3774701000074856,0.5070408999890788
"[{'theta': array([-8654.42992473]), 'n_active': 1, 'beta1_train': -1310.0394129136694, 'beta0_train': -1318.020899173377, 'beta1_val': -1358.318654949655, 'beta0_val': -1358.318654949655, 'selected_score': -1318.020899173377, 'evaluations': 20, 'seconds': 0.037000299998908304, 'method': 'differential_evolution_v2', 'accepted_search': True, 'solver_message': 'Optimization terminated successfully.'}, {'theta': array([-2.67246114e+03, -5.68073353e-01, -1.60135815e+02,  7.77550642e-01,
       -3.92709426e+03, -1.29387793e+00]), 'n_active': 6, 'beta1_train': 1510.8698610676895, 'beta0_train': -443.5713114616581, 'beta1_val': 1191.9135400592793, 'beta0_val': -414.22276950114036, 'selected_score': -469.46754765467347, 'evaluations': 275, 'seconds': 0.28716890000214335, 'method': 'differential_evolution_v2', 'accepted_search': True, 'solver_message': 'Maximum number of iterations has been exceeded.'}]",42,1705.9865537037065,2402.122091533285,0.32416920000105165,0.4294432000024244
"[{'theta': array([-8392.1736096]), 'n_active': 1, 'beta1_train': -2398.508566394864, 'beta0_train': -2496.234165920087, 'beta1_val': -2454.2876102061246, 'beta0_val': -2475.046708230919, 'selected_score': -2496.234165920087, 'evaluations': 20, 'seconds': 0.04230460000690073, 'method': 'differential_evolution_v2', 'accepted_search': True, 'solver_message': 'Optimization terminated successfully.'}, {'theta': array([-4.30761408e+03,  3.36977835e-01, -3.04905842e+02,  1.87063052e+00,
       -8.25945219e+03,  1.44837675e-01]), 'n_active': 6, 'beta1_train': -2197.931845972769, 'beta0_train': -4035.6216342286752, 'beta1_val': -1927.246397523335, 'beta0_val': -4073.8480474523244, 'selected_score': -4047.4977862609567, 'evaluations': 275, 'seconds': 0.3216935999953421, 'method': 'differential_evolution_v2', 'accepted_search': True, 'solver_message': 'Maximum number of iterations has been exceeded.'}]",42,2402.122091533285,10275.519710000002,0.3639982000022428,0.4863956000044709
"[{'theta': array([-3655.10555671]), 'n_active': 1, 'beta1_train': -4061.9912195832217, 'beta0_train': -4167.80382105747, 'beta1_val': -3803.6863464166654, 'beta0_val': -4168.799999999999, 'selected_score': -4167.80382105747, 'evaluations': 20, 'seconds': 0.04507600000943057, 'method': 'differential_evolution_v2', 'accepted_search': True, 'solver_message': 'Optimization terminated successfully.'}, {'theta': array([-1.60113717e+03,  1.97348359e+00, -1.24212902e+03, -1.87846580e+00,
       -8.20958692e+03,  1.33185771e+00]), 'n_active': 6, 'beta1_train': 4194.97029479877, 'beta0_train': 224.91233882477724, 'beta1_val': 4898.806641369598, 'beta0_val': -756.9677974686242, 'selected_score': 190.92759279790286, 'evaluations': 275, 'seconds': 0.2756904999987455, 'method': 'differential_evolution_v2', 'accepted_search': True, 'solver_message': 'Maximum number of iterations has been exceeded.'}]",42,10275.519710000002,1556.396673148149,0.3207665000081761,0.435589999993681
"[{'theta': array([-1659.64472825]), 'n_active': 1, 'beta1_train': -4535.796274767034, 'beta0_train': -4573.532041686239, 'beta1_val': -4576.8, 'beta0_val': -4576.8, 'selected_score': -4573.532041686239, 'evaluations': 20, 'seconds': 0.037922399991657585, 'method': 'differential_evolution_v2', 'accepted_search': True, 'solver_message': 'Optimization terminated successfully.'}, {'theta': array([-5.60358945e+03,  4.12191039e-01, -7.82037544e+02,  1.62612447e+00,
       -2.61367432e+03,  7.64292639e-01]), 'n_active': 6, 'beta1_train': 36.91768069515538, 'beta0_train': -1079.2574132946095, 'beta1_val': -75.4450137192091, 'beta0_val': -390.66971422902554, 'selected_score': -1119.621475852303, 'evaluations': 275, 'seconds': 0.2904887999902712, 'method': 'differential_evolution_v2', 'accepted_search': True, 'solver_message': 'Maximum number of iterations has been exceeded.'}]",42,1556.396673148149,3375.70954009936,0.3284111999819288,0.4363673000043491
"[{'theta': array([-4428.78839018]), 'n_active': 1, 'beta1_train': -4294.00391159991, 'beta0_train': -4338.003729709093, 'beta1_val': -4230.199410900001, 'beta0_val': -4340.400000000001, 'selected_score': -4338.003729709093, 'evaluations': 20, 'seconds': 0.05629680000129156, 'method': 'differential_evolution_v2', 'accepted_search': True, 'solver_message': 'Optimization terminated successfully.'}, {'theta': array([-1.00234117e+03,  8.16313180e-01, -1.13440388e+03,  1.66274692e+00,
       -4.97098291e+03, -9.95765789e-01]), 'n_active': 6, 'beta1_train': 1189.2555761444125, 'beta0_train': -54.84152535120553, 'beta1_val': -738.4653013448229, 'beta0_val': -800.0364155697224, 'selected_score': -132.05298606395013, 'evaluations': 275, 'seconds': 0.27336160000413656, 'method': 'differential_evolution_v2', 'accepted_search': True, 'solver_message': 'Maximum number of iterations has been exceeded.'}]",42,3375.70954009936,1497.6253646432515,0.3296584000054281,0.4495360000000801
"[{'theta': array([-1868.06919339]), 'n_active': 1, 'beta1_train': -3836.643977237077, 'beta0_train': -3859.340889205058, 'beta1_val': -3800.8228725999998, 'beta0_val': -3860.3999999999996, 'selected_score': -3859.340889205058, 'evaluations': 50, 'seconds': 0.0786556999955792, 'method': 'differential_evolution_v2', 'accepted_search': True, 'solver_message': 'Maximum number of iterations has been exceeded.'}, {'theta': array([-4.17797066e+03,  1.00536845e+00, -7.63775531e+03, -1.47598092e-01,
       -2.32355794e+02, -4.23568589e-01]), 'n_active': 6, 'beta1_train': 3759.624290912412, 'beta0_train': 1410.9013630184809, 'beta1_val': 3671.358596853157, 'beta0_val': -611.0615578634347, 'selected_score': 1402.6378026377934, 'evaluations': 275, 'seconds': 0.26712720000068657, 'method': 'differential_evolution_v2', 'accepted_search': True, 'solver_message': 'Maximum number of iterations has been exceeded.'}]",42,1497.6253646432515,2670.547458703702,0.34578289999626577,0.4543002999998862
"[{'theta': array([-8648.33888819]), 'n_active': 1, 'beta1_train': -2047.8035146396617, 'beta0_train': -2384.1504169352847, 'beta1_val': -2127.259076438494, 'beta0_val': -2367.8889314370376, 'selected_score': -2384.1504169352847, 'evaluations': 20, 'seconds': 0.04225589999987278, 'method': 'differential_evolution_v2', 'accepted_search': True, 'solver_message': 'Optimization terminated successfully.'}, {'theta': array([-4.35452406e+03, -1.95527629e+00, -1.07041410e+03,  1.44326491e+00,
       -8.40041291e+03,  1.68204719e+00]), 'n_active': 6, 'beta1_train': 4533.629265797506, 'beta0_train': 1185.4682214366505, 'beta1_val': 4185.223707324134, 'beta0_val': 1249.5119497133285, 'selected_score': 1104.3751722078903, 'evaluations': 275, 'seconds': 0.24721050000516698, 'method': 'differential_evolution_v2', 'accepted_search': True, 'solver_message': 'Maximum number of iterations has been exceeded.'}]",42,2670.547458703702,1681.7402814814807,0.28946640000503976,0.395127700001467
"[{'theta': array([-220.02582311]), 'n_active': 1, 'beta1_train': -1808.7421691864697, 'beta0_train': -1815.9915634043132, 'beta1_val': -1755.0906455706108, 'beta0_val': -1755.0906455706108, 'selected_score': -1815.9915634043132, 'evaluations': 15, 'seconds': 0.030525999987730756, 'method': 'differential_evolution_v2', 'accepted_search': True, 'solver_message': 'Optimization terminated successfully.'}, {'theta': array([-5.69257876e+03,  1.05839142e+00, -2.42702598e+02,  7.13289579e-01,
       -6.37035771e+03, -1.17841793e+00]), 'n_active': 6, 'beta1_train': 1532.7563802395678, 'beta0_train': -445.4318527745856, 'beta1_val': 1575.9896611966615, 'beta0_val': -408.86418903851916, 'selected_score': -464.3583411257029, 'evaluations': 275, 'seconds': 0.28096459999505896, 'method': 'differential_evolution_v2', 'accepted_search': True, 'solver_message': 'Maximum number of iterations has been exceeded.'}]",42,1681.7402814814807,1891.0178497305294,0.3114905999827897,0.4055140999989817
"[{'theta': array([-3719.50481934]), 'n_active': 1, 'beta1_train': -3224.5380863732207, 'beta0_train': -3229.272093671683, 'beta1_val': -3170.6908130176557, 'beta0_val': -3181.9062490216065, 'selected_score': -3229.272093671683, 'evaluations': 30, 'seconds': 0.056622399992193095, 'method': 'differential_evolution_v2', 'accepted_search': True, 'solver_message': 'Optimization terminated successfully.'}, {'theta': array([-9.29067901e+03, -1.17538277e+00, -3.89362169e+02, -1.26750081e+00,
       -9.40791040e+03,  5.75495665e-01]), 'n_active': 6, 'beta1_train': -2510.857145950488, 'beta0_train': -4470.762980207305, 'beta1_val': -2598.0954851144475, 'beta0_val': -4566.101762362668, 'selected_score': -4482.170487521478, 'evaluations': 275, 'seconds': 0.24496370000997558, 'method': 'differential_evolution_v2', 'accepted_search': True, 'solver_message': 'Maximum number of iterations has been exceeded.'}]",42,1891.0178497305294,10648.04201814815,0.3015861000021687,0.4111510999937309
"[{'theta': array([-8158.51878441]), 'n_active': 1, 'beta1_train': -4009.6019277550536, 'beta0_train': -4197.823552269297, 'beta1_val': -4175.118312625001, 'beta0_val': -4202.400000000001, 'selected_score': -4197.823552269297, 'evaluations': 25, 'seconds': 0.040844000002834946, 'method': 'differential_evolution_v2', 'accepted_search': True, 'solver_message': 'Optimization terminated successfully.'}, {'theta': array([-8.56659889e+03,  1.88524779e+00, -9.75799439e+02,  2.64014251e-01,
       -1.12794663e+03,  1.95391637e+00]), 'n_active': 6, 'beta1_train': 500.5339054809247, 'beta0_train': -322.57430418170065, 'beta1_val': 78.21568023352302, 'beta0_val': -668.975377437487, 'selected_score': -381.79279580865347, 'evaluations': 275, 'seconds': 0.26245819999894593, 'method': 'differential_evolution_v2', 'accepted_search': True, 'solver_message': 'Maximum number of iterations has been exceeded.'}]",42,10648.04201814815,1824.599072791475,0.3033022000017809,0.3978891000006115
"[{'theta': array([-4493.75094826]), 'n_active': 1, 'beta1_train': -4077.5956086676565, 'beta0_train': -4103.146095192212, 'beta1_val': -4105.2, 'beta0_val': -4105.2, 'selected_score': -4103.146095192212, 'evaluations': 20, 'seconds': 0.03417650000483263, 'method': 'differential_evolution_v2', 'accepted_search': True, 'solver_message': 'Optimization terminated successfully.'}, {'theta': array([-2.91974161e+03,  1.18704337e+00, -8.42340935e+02,  6.88775429e-03,
       -5.22499323e+03, -1.14373779e+00]), 'n_active': 6, 'beta1_train': 4302.018371347378, 'beta0_train': 1654.8644185628052, 'beta1_val': 3207.5691556249044, 'beta0_val': -742.1508103465858, 'selected_score': 1625.3019851557042, 'evaluations': 275, 'seconds': 0.24244259999250062, 'method': 'differential_evolution_v2', 'accepted_search': True, 'solver_message': 'Maximum number of iterations has been exceeded.'}]",42,1824.599072791475,1623.7618111111153,0.27661909999733325,0.3751409000105923
"[{'theta': array([-2135.76846505]), 'n_active': 1, 'beta1_train': -4489.467282055772, 'beta0_train': -4508.7065165763315, 'beta1_val': -4510.8, 'beta0_val': -4510.8, 'selected_score': -4508.7065165763315, 'evaluations': 20, 'seconds': 0.03315669999574311, 'method': 'differential_evolution_v2', 'accepted_search': True, 'solver_message': 'Optimization terminated successfully.'}, {'theta': array([-9.47276366e+02,  6.74320384e-02, -1.14459136e+03,  1.78663669e+00,
       -5.24987108e+02, -1.12529192e-01]), 'n_active': 6, 'beta1_train': 234.9352643950329, 'beta0_train': -447.67928722974153, 'beta1_val': -682.1207577100005, 'beta0_val': -682.1207577100005, 'selected_score': -512.7678382487981, 'evaluations': 275, 'seconds': 0.24654569999256637, 'method': 'differential_evolution_v2', 'accepted_search': True, 'solver_message': 'Maximum number of iterations has been exceeded.'}]",42,1623.7618111111153,1974.68166537037,0.2797023999883095,0.3799719999951776
"[{'theta': array([-8799.60444326]), 'n_active': 1, 'beta1_train': -4642.777594313866, 'beta0_train': -4661.035787021981, 'beta1_val': -4663.2, 'beta0_val': -4663.2, 'selected_score': -4661.035787021981, 'evaluations': 25, 'seconds': 0.03773910000745673, 'method': 'differential_evolution_v2', 'accepted_search': True, 'solver_message': 'Optimization terminated successfully.'}, {'theta': array([-5.56478090e+03,  5.17442728e-01, -7.35772926e+02,  5.47845120e-01,
       -3.88487551e+03, -1.85848249e+00]), 'n_active': 6, 'beta1_train': 383.74064608178253, 'beta0_train': -109.86878200962596, 'beta1_val': -861.1276664724683, 'beta0_val': -861.1276664724683, 'selected_score': -189.1403201029492, 'evaluations': 275, 'seconds': 0.248451199993724, 'method': 'differential_evolution_v2', 'accepted_search': True, 'solver_message': 'Maximum number of iterations has been exceeded.'}]",42,1974.68166537037,1908.3623594444455,0.28619030000118073,0.3791475000034552
"[{'theta': array([-5006.99305321]), 'n_active': 1, 'beta1_train': -2531.5811462600127, 'beta0_train': -2586.1601260149555, 'beta1_val': -2589.6, 'beta0_val': -2589.6, 'selected_score': -2586.1601260149555, 'evaluations': 20, 'seconds': 0.03398880000167992, 'method': 'differential_evolution_v2', 'accepted_search': True, 'solver_message': 'Optimization terminated successfully.'}, {'theta': array([-6.30583222e+03, -5.44423280e-01, -1.37648159e+03,  1.76908573e+00,
       -4.52563943e+03, -1.23446542e+00]), 'n_active': 6, 'beta1_train': 1744.6015638562026, 'beta0_train': 414.94612770584484, 'beta1_val': 143.92645439744092, 'beta0_val': -456.82245163827196, 'selected_score': 356.18766630639345, 'evaluations': 275, 'seconds': 0.25226399999519344, 'method': 'differential_evolution_v2', 'accepted_search': True, 'solver_message': 'Maximum number of iterations has been exceeded.'}]",42,1908.3623594444455,1817.4876829629632,0.28625279999687336,0.3804209000081755
"[{'theta': array([-7511.12550208]), 'n_active': 1, 'beta1_train': -2038.1460421277081, 'beta0_train': -2045.2246687472311, 'beta1_val': -2018.6808893786274, 'beta0_val': -2018.6808893786274, 'selected_score': -2045.2246687472311, 'evaluations': 15, 'seconds': 0.027392899995902553, 'method': 'differential_evolution_v2', 'accepted_search': True, 'solver_message': 'Optimization terminated successfully.'}, {'theta': array([-8.14148788e+03,  1.55562297e-01, -1.87680256e+02,  1.94352671e-01,
       -9.06310742e+03, -7.47579945e-01]), 'n_active': 6, 'beta1_train': 1560.9838069489956, 'beta0_train': -623.1074450854138, 'beta1_val': 1199.9690578568143, 'beta0_val': -676.110670454321, 'selected_score': -645.0187037678238, 'evaluations': 275, 'seconds': 0.24419090000446886, 'method': 'differential_evolution_v2', 'accepted_search': True, 'solver_message': 'Maximum number of iterations has been exceeded.'}]",42,1817.4876829629632,2486.9746596296336,0.2715838000003714,0.36061879999761004
"[{'theta': array([-1929.77585382]), 'n_active': 1, 'beta1_train': -2627.387963516739, 'beta0_train': -3289.002396169517, 'beta1_val': -2751.7069594828235, 'beta0_val': -3317.0273028340584, 'selected_score': -3289.002396169517, 'evaluations': 50, 'seconds': 0.0696347000048263, 'method': 'differential_evolution_v2', 'accepted_search': True, 'solver_message': 'Maximum number of iterations has been exceeded.'}, {'theta': array([-7.30751736e+03,  1.86305703e+00, -4.26490473e+02, -5.12334427e-01,
       -4.35804613e+03,  8.84601323e-01]), 'n_active': 6, 'beta1_train': -1174.5136298976736, 'beta0_train': -3372.0498712476133, 'beta1_val': -1807.8532613878738, 'beta0_val': -3322.3554845918525, 'selected_score': -3375.8493304772314, 'evaluations': 275, 'seconds': 0.2495426000095904, 'method': 'differential_evolution_v2', 'accepted_search': True, 'solver_message': 'Maximum number of iterations has been exceeded.'}]",42,2486.9746596296336,8338.299096296296,0.3191773000144167,0.41998599999351427
"[{'theta': array([-1158.19474059]), 'n_active': 1, 'beta1_train': -2681.6262203250158, 'beta0_train': -3555.6253268301493, 'beta1_val': -2671.2101728381667, 'beta0_val': -3469.1960678946502, 'selected_score': -3555.6253268301493, 'evaluations': 15, 'seconds': 0.037355499996920116, 'method': 'differential_evolution_v2', 'accepted_search': True, 'solver_message': 'Optimization terminated successfully.'}, {'theta': array([-2.06371963e+03,  5.87931802e-01, -5.78113811e+02,  2.36731158e-01,
       -7.08659653e+03,  1.00004280e+00]), 'n_active': 6, 'beta1_train': 528.5120191190306, 'beta0_train': -224.7004779550759, 'beta1_val': -829.6537684283123, 'beta0_val': -829.6537684283123, 'selected_score': -317.58028232359936, 'evaluations': 275, 'seconds': 0.29446429999370594, 'method': 'differential_evolution_v2', 'accepted_search': True, 'solver_message': 'Maximum number of iterations has been exceeded.'}]",42,8338.299096296296,2493.451567478762,0.33181979999062605,0.451883399990038
"[{'theta': array([-8452.6563798]), 'n_active': 1, 'beta1_train': -3274.453920651654, 'beta0_train': -4082.63955060066, 'beta1_val': -3681.8901886577496, 'beta0_val': -4109.040577143003, 'selected_score': -4082.63955060066, 'evaluations': 25, 'seconds': 0.044098999991547316, 'method': 'differential_evolution_v2', 'accepted_search': True, 'solver_message': 'Optimization terminated successfully.'}, {'theta': array([-9.07459449e+03,  1.33959234e+00, -7.88323179e+02, -7.52975523e-01,
       -8.36333561e+03, -1.88008129e-01]), 'n_active': 6, 'beta1_train': 4996.910794944443, 'beta0_train': 960.6518513213867, 'beta1_val': 3578.4681087254785, 'beta0_val': -709.1804886803101, 'selected_score': 851.113919109864, 'evaluations': 275, 'seconds': 0.2783445999957621, 'method': 'differential_evolution_v2', 'accepted_search': True, 'solver_message': 'Maximum number of iterations has been exceeded.'}]",42,2493.451567478762,2381.3900290740776,0.3224435999873094,0.43114800000330433
"[{'theta': array([-5461.20946218]), 'n_active': 1, 'beta1_train': -4159.197441012413, 'beta0_train': -4184.542200617284, 'beta1_val': -4186.8, 'beta0_val': -4186.8, 'selected_score': -4184.542200617284, 'evaluations': 20, 'seconds': 0.04073350000544451, 'method': 'differential_evolution_v2', 'accepted_search': True, 'solver_message': 'Optimization terminated successfully.'}, {'theta': array([-5.27917834e+03, -1.60773285e+00, -9.12982129e+02,  1.43345134e+00,
       -3.36038761e+03, -1.34625471e+00]), 'n_active': 6, 'beta1_train': 4398.632084572492, 'beta0_train': -82.89179701528859, 'beta1_val': 2555.4835643578285, 'beta0_val': -1119.0148612316652, 'selected_score': -124.26537613811931, 'evaluations': 275, 'seconds': 0.30324199999449775, 'method': 'differential_evolution_v2', 'accepted_search': True, 'solver_message': 'Maximum number of iterations has been exceeded.'}]",42,2381.3900290740776,2373.7511925493786,0.34397549999994226,0.45189559999562334
"[{'theta': array([-4251.27420561]), 'n_active': 1, 'beta1_train': -3935.353087573726, 'beta0_train': -4070.7442045675884, 'beta1_val': -4030.14522624, 'beta0_val': -4096.584765084445, 'selected_score': -4070.7442045675884, 'evaluations': 50, 'seconds': 0.09207719999540132, 'method': 'differential_evolution_v2', 'accepted_search': True, 'solver_message': 'Maximum number of iterations has been exceeded.'}, {'theta': array([-1.08772196e+03,  1.33477023e+00, -5.81556576e+02,  5.50202507e-01,
       -3.18536195e+03,  1.70270967e+00]), 'n_active': 6, 'beta1_train': 353.55673015236283, 'beta0_train': -350.7884989619263, 'beta1_val': 2026.5153045443856, 'beta0_val': 30.135269147769236, 'selected_score': -438.6997624582685, 'evaluations': 275, 'seconds': 0.2852998000016669, 'method': 'differential_evolution_v2', 'accepted_search': True, 'solver_message': 'Maximum number of iterations has been exceeded.'}]",42,2373.7511925493786,2460.34757425926,0.3773769999970682,0.5115933000051882
"[{'theta': array([-3246.40842189]), 'n_active': 1, 'beta1_train': -2725.6520856189227, 'beta0_train': -2851.2063563633747, 'beta1_val': -2518.8527303622022, 'beta0_val': -2781.688424836173, 'selected_score': -2851.2063563633747, 'evaluations': 20, 'seconds': 0.04051679999975022, 'method': 'differential_evolution_v2', 'accepted_search': True, 'solver_message': 'Optimization terminated successfully.'}, {'theta': array([-5.32795241e+03, -5.69576140e-01, -5.04958212e+02, -1.87316809e+00,
       -3.52991921e+02, -7.34015140e-01]), 'n_active': 6, 'beta1_train': 979.855707373396, 'beta0_train': 172.9043443602129, 'beta1_val': -467.92166792310655, 'beta0_val': -467.92166792310655, 'selected_score': 93.53057173175631, 'evaluations': 275, 'seconds': 0.2816519000043627, 'method': 'differential_evolution_v2', 'accepted_search': True, 'solver_message': 'Maximum number of iterations has been exceeded.'}]",42,2460.34757425926,1866.303987592594,0.3221687000041129,0.4330874000006588
"[{'theta': array([-3884.59744864]), 'n_active': 1, 'beta1_train': -2236.707698533663, 'beta0_train': -2247.338223416528, 'beta1_val': -2255.973808648561, 'beta0_val': -2255.973808648561, 'selected_score': -2247.338223416528, 'evaluations': 30, 'seconds': 0.05589990000589751, 'method': 'differential_evolution_v2', 'accepted_search': True, 'solver_message': 'Optimization terminated successfully.'}, {'theta': array([-1.31592928e+03,  1.37393897e+00, -1.72484683e+03, -1.08144966e+00,
       -8.73779259e+02, -1.63873758e-02]), 'n_active': 6, 'beta1_train': 1493.4335341758422, 'beta0_train': -362.6240086534981, 'beta1_val': 971.2112134012191, 'beta0_val': -540.8835890728396, 'selected_score': -365.9632046350924, 'evaluations': 275, 'seconds': 0.29919010000594426, 'method': 'differential_evolution_v2', 'accepted_search': True, 'solver_message': 'Maximum number of iterations has been exceeded.'}]",42,1866.303987592594,2123.8605659044338,0.35509000001184177,0.4715178000042215
"[{'theta': array([-4975.64534801]), 'n_active': 1, 'beta1_train': -3984.400185236697, 'beta0_train': -3993.540792449046, 'beta1_val': -3883.794789721209, 'beta0_val': -3883.794789721209, 'selected_score': -3993.540792449046, 'evaluations': 50, 'seconds': 0.06743819999974221, 'method': 'differential_evolution_v2', 'accepted_search': True, 'solver_message': 'Maximum number of iterations has been exceeded.'}, {'theta': array([-4.49332188e+03,  5.17411570e-01, -3.22772373e+02, -2.21144672e-01,
       -2.07800872e+03,  1.16927729e-01]), 'n_active': 6, 'beta1_train': -450.69621136406596, 'beta0_train': -2470.980200107298, 'beta1_val': -828.667518017709, 'beta0_val': -2615.0998302722937, 'selected_score': -2488.8917725952497, 'evaluations': 275, 'seconds': 0.27107539999997243, 'method': 'differential_evolution_v2', 'accepted_search': True, 'solver_message': 'Maximum number of iterations has been exceeded.'}]",42,2123.8605659044338,6355.392481481482,0.33851359999971464,0.4371064999868395
"[{'theta': array([-8138.93778966]), 'n_active': 1, 'beta1_train': -4329.090881648382, 'beta0_train': -4346.012287433504, 'beta1_val': -4320.8051375000005, 'beta0_val': -4343.585626543209, 'selected_score': -4346.012287433504, 'evaluations': 35, 'seconds': 0.05542780000541825, 'method': 'differential_evolution_v2', 'accepted_search': True, 'solver_message': 'Optimization terminated successfully.'}, {'theta': array([-4.00000189e+02, -1.08659162e+00, -7.45041935e+02,  1.43531910e+00,
       -9.33492536e+03,  7.11384876e-01]), 'n_active': 6, 'beta1_train': 1032.9235880108959, 'beta0_train': 168.2562116661954, 'beta1_val': -489.8874846348009, 'beta0_val': -758.7037034783319, 'selected_score': 74.89788459237235, 'evaluations': 275, 'seconds': 0.24727960000745952, 'method': 'differential_evolution_v2', 'accepted_search': True, 'solver_message': 'Maximum number of iterations has been exceeded.'}]",42,6355.392481481482,1967.5022113635002,0.30270740001287777,0.4016546000057133
"[{'theta': array([-2778.62003599]), 'n_active': 1, 'beta1_train': -3876.8167403771154, 'beta0_train': -3906.810287819934, 'beta1_val': -3836.3224435583334, 'beta0_val': -3908.3999999999996, 'selected_score': -3906.810287819934, 'evaluations': 20, 'seconds': 0.03289940000104252, 'method': 'differential_evolution_v2', 'accepted_search': True, 'solver_message': 'Optimization terminated successfully.'}, {'theta': array([-6.21217911e+02, -1.75588738e+00, -5.57042785e+02,  3.54930908e-01,
       -3.36862245e+03,  1.76690210e+00]), 'n_active': 6, 'beta1_train': 828.7453540353929, 'beta0_train': 146.91352713170082, 'beta1_val': -703.4723804714604, 'beta0_val': -703.4723804714604, 'selected_score': 27.71729084723905, 'evaluations': 275, 'seconds': 0.2610565999930259, 'method': 'differential_evolution_v2', 'accepted_search': True, 'solver_message': 'Maximum number of iterations has been exceeded.'}]",42,1967.5022113635002,1466.557807777776,0.2939559999940684,0.3880034000030719
"[{'theta': array([-1769.28584098]), 'n_active': 1, 'beta1_train': -4491.898985907479, 'beta0_train': -4512.340911798656, 'beta1_val': -4438.946869166666, 'beta0_val': -4501.066518724279, 'selected_score': -4512.340911798656, 'evaluations': 15, 'seconds': 0.03435300001001451, 'method': 'differential_evolution_v2', 'accepted_search': True, 'solver_message': 'Optimization terminated successfully.'}, {'theta': array([-4.74086596e+03,  1.22084008e+00, -5.67987403e+02, -8.15318759e-01,
       -9.07858758e+03, -7.87293747e-01]), 'n_active': 6, 'beta1_train': 639.0558235735825, 'beta0_train': -172.65015301929165, 'beta1_val': -234.33626945830167, 'beta0_val': -457.24577568391805, 'selected_score': -230.47364888785648, 'evaluations': 275, 'seconds': 0.2507026999955997, 'method': 'differential_evolution_v2', 'accepted_search': True, 'solver_message': 'Maximum number of iterations has been exceeded.'}]",42,1466.557807777776,1691.3709056277007,0.2850557000056142,0.3790216000052169
"[{'theta': array([-3175.60199621]), 'n_active': 1, 'beta1_train': -4375.238368904831, 'beta0_train': -4388.476605179163, 'beta1_val': -4389.6, 'beta0_val': -4389.6, 'selected_score': -4388.476605179163, 'evaluations': 20, 'seconds': 0.03129559999797493, 'method': 'differential_evolution_v2', 'accepted_search': True, 'solver_message': 'Optimization terminated successfully.'}, {'theta': array([-8.93222464e+02, -1.32871285e+00, -6.07486257e+03,  5.68960951e-01,
       -4.89697889e+03, -1.31445536e+00]), 'n_active': 6, 'beta1_train': 588.4978798674757, 'beta0_train': -176.3197866501298, 'beta1_val': -418.3498370157259, 'beta0_val': -743.87943768568, 'selected_score': -176.3197866501298, 'evaluations': 275, 'seconds': 0.24092250000103377, 'method': 'differential_evolution_v2', 'accepted_search': True, 'solver_message': 'Maximum number of iterations has been exceeded.'}]",42,1691.3709056277007,2260.820611481481,0.2722180999990087,0.36603620000823867
"[{'theta': array([-1107.44203769]), 'n_active': 1, 'beta1_train': -2997.278435486096, 'beta0_train': -3027.4329790023085, 'beta1_val': -3028.8, 'beta0_val': -3028.8, 'selected_score': -3027.4329790023085, 'evaluations': 20, 'seconds': 0.035067399992840365, 'method': 'differential_evolution_v2', 'accepted_search': True, 'solver_message': 'Optimization terminated successfully.'}, {'theta': array([-1.19888128e+03,  1.45967481e+00, -8.68847807e+02, -3.16314034e-01,
       -1.31541532e+03,  4.53886304e-01]), 'n_active': 6, 'beta1_train': 845.9096195145358, 'beta0_train': -27.827791328920174, 'beta1_val': -253.18216087732617, 'beta0_val': -490.4611685337336, 'selected_score': -52.22798199150251, 'evaluations': 275, 'seconds': 0.26525380001112353, 'method': 'differential_evolution_v2', 'accepted_search': True, 'solver_message': 'Maximum number of iterations has been exceeded.'}]",42,2260.820611481481,2084.2494831481513,0.3003212000039639,0.4068764999974519
"[{'theta': array([-8577.09346101]), 'n_active': 1, 'beta1_train': -2314.840054095978, 'beta0_train': -2322.9666928164484, 'beta1_val': -2348.3565218839813, 'beta0_val': -2348.3565218839813, 'selected_score': -2322.9666928164484, 'evaluations': 20, 'seconds': 0.034754200009047054, 'method': 'differential_evolution_v2', 'accepted_search': True, 'solver_message': 'Optimization terminated successfully.'}, {'theta': array([-8.04846939e+03, -1.71821493e+00, -6.36978891e+02, -4.62700667e-01,
       -1.36621015e+03, -2.02497571e-01]), 'n_active': 6, 'beta1_train': 1633.8413542920207, 'beta0_train': -288.68297853870865, 'beta1_val': 1235.6040115142296, 'beta0_val': -592.5800607563823, 'selected_score': -318.75021825178766, 'evaluations': 275, 'seconds': 0.3592564999999013, 'method': 'differential_evolution_v2', 'accepted_search': True, 'solver_message': 'Maximum number of iterations has been exceeded.'}]",42,2084.2494831481513,1898.4376396664368,0.39401070000894833,0.49556299998948816
"[{'theta': array([-3389.14921807]), 'n_active': 1, 'beta1_train': -3969.2869455318646, 'beta0_train': -3985.0765088075877, 'beta1_val': -3972.2221141975306, 'beta0_val': -3972.2221141975306, 'selected_score': -3985.0765088075877, 'evaluations': 50, 'seconds': 0.08899869999731891, 'method': 'differential_evolution_v2', 'accepted_search': True, 'solver_message': 'Maximum number of iterations has been exceeded.'}, {'theta': array([-8.29779020e+03,  7.66094019e-01, -5.12058186e+02,  6.59340923e-01,
       -3.07909803e+03, -5.46977275e-01]), 'n_active': 6, 'beta1_train': -1082.7707932118333, 'beta0_train': -3325.709355736697, 'beta1_val': -925.6320415487967, 'beta0_val': -3150.369594647192, 'selected_score': -3346.9102076621075, 'evaluations': 275, 'seconds': 0.29374740000639576, 'method': 'differential_evolution_v2', 'accepted_search': True, 'solver_message': 'Maximum number of iterations has been exceeded.'}]",42,1898.4376396664368,9202.073360604756,0.3827461000037147,0.4972818000096595
"[{'theta': array([-6703.26390551]), 'n_active': 1, 'beta1_train': -2844.3164508469185, 'beta0_train': -4290.398642277138, 'beta1_val': -2903.7247135968346, 'beta0_val': -4326.0, 'selected_score': -4290.398642277138, 'evaluations': 25, 'seconds': 0.06577899999683723, 'method': 'differential_evolution_v2', 'accepted_search': True, 'solver_message': 'Optimization terminated successfully.'}, {'theta': array([-8.14246787e+03,  1.68654162e-01, -6.65653250e+02, -9.00267351e-01,
       -6.38225533e+03,  5.20385360e-01]), 'n_active': 6, 'beta1_train': 899.8180948961162, 'beta0_train': -25.777541394970278, 'beta1_val': -228.96081574216214, 'beta0_val': -1360.5611731746922, 'selected_score': -191.3312630105854, 'evaluations': 275, 'seconds': 0.2814671999949496, 'method': 'differential_evolution_v2', 'accepted_search': True, 'solver_message': 'Maximum number of iterations has been exceeded.'}]",42,9202.073360604756,3373.647679444445,0.34724619999178685,0.48861509999551345
"[{'theta': array([-296.67803464]), 'n_active': 1, 'beta1_train': -4120.457515214297, 'beta0_train': -4141.306485536485, 'beta1_val': -4106.345173984917, 'beta0_val': -4142.4, 'selected_score': -4141.306485536485, 'evaluations': 20, 'seconds': 0.036382400008733384, 'method': 'differential_evolution_v2', 'accepted_search': True, 'solver_message': 'Optimization terminated successfully.'}, {'theta': array([-9.06280997e+03, -1.28283491e-01, -6.04560339e+02, -5.52076402e-01,
       -3.60194711e+03, -1.18464085e+00]), 'n_active': 6, 'beta1_train': 916.7806284333356, 'beta0_train': 128.34624804798614, 'beta1_val': -524.9312371004744, 'beta0_val': -524.9312371004783, 'selected_score': 87.6275943065285, 'evaluations': 275, 'seconds': 0.2469273000024259, 'method': 'differential_evolution_v2', 'accepted_search': True, 'solver_message': 'Maximum number of iterations has been exceeded.'}]",42,3373.647679444445,1791.1843217613125,0.2833097000111593,0.37936510000145063
"[{'theta': array([-3619.98572432]), 'n_active': 1, 'beta1_train': -3567.294126252467, 'beta0_train': -3578.834893285155, 'beta1_val': -800.3467540257475, 'beta0_val': -3076.60827503611, 'selected_score': -3578.834893285155, 'evaluations': 15, 'seconds': 0.029997400008141994, 'method': 'differential_evolution_v2', 'accepted_search': True, 'solver_message': 'Optimization terminated successfully.'}, {'theta': array([0., 0., 0., 0., 0., 0.]), 'n_active': 6, 'beta1_train': 757.4341018234798, 'beta0_train': -57.85877276717023, 'beta1_val': 16215.686601376101, 'beta0_val': 17541.994133397035, 'selected_score': 757.4341018234798, 'evaluations': 275, 'seconds': 0.32130680000409484, 'method': 'differential_evolution_v2', 'accepted_search': False, 'solver_message': 'Maximum number of iterations has been exceeded.'}]",42,1791.1843217613125,1523.175929814815,0.35130420001223683,0.45020609999482986
"[{'theta': array([-6848.78236588]), 'n_active': 1, 'beta1_train': -4175.294131287976, 'beta0_train': -4204.292601036034, 'beta1_val': -2801.1731790420154, 'beta0_val': -3860.8565132903705, 'selected_score': -4204.292601036034, 'evaluations': 20, 'seconds': 0.03796129999682307, 'method': 'differential_evolution_v2', 'accepted_search': True, 'solver_message': 'Optimization terminated successfully.'}, {'theta': array([-2.45063520e+02, -2.23995319e-01, -6.74454106e+02, -5.56631911e-01,
       -5.84731456e+03, -1.55364893e+00]), 'n_active': 6, 'beta1_train': 893.3324153255373, 'beta0_train': 359.5933341281001, 'beta1_val': 11676.741577207673, 'beta0_val': 11452.277874299856, 'selected_score': 268.16496434442826, 'evaluations': 275, 'seconds': 0.24272589999600314, 'method': 'differential_evolution_v2', 'accepted_search': True, 'solver_message': 'Maximum number of iterations has been exceeded.'}]",42,1523.175929814815,1222.647909444444,0.2806871999928262,0.393584399993415
"[{'theta': array([-3219.6677539]), 'n_active': 1, 'beta1_train': -2819.4115789003827, 'beta0_train': -2880.8877940066286, 'beta1_val': -1862.6966958643025, 'beta0_val': -2714.0408608732514, 'selected_score': -2880.8877940066286, 'evaluations': 25, 'seconds': 0.037807400003657676, 'method': 'differential_evolution_v2', 'accepted_search': True, 'solver_message': 'Optimization terminated successfully.'}, {'theta': array([ 6.97631235e+01, -1.65357037e+00, -7.59753211e+03, -1.80723075e+00,
       -5.62146453e+03,  9.78700689e-01]), 'n_active': 6, 'beta1_train': 434.7620197374963, 'beta0_train': 145.14546499183484, 'beta1_val': 3165.259612335729, 'beta0_val': 3291.808165480497, 'selected_score': 113.26414502799572, 'evaluations': 275, 'seconds': 0.24302799999713898, 'method': 'differential_evolution_v2', 'accepted_search': True, 'solver_message': 'Maximum number of iterations has been exceeded.'}]",42,1222.647909444444,1351.6930750757322,0.28083540000079665,0.3720556000043871
"[{'theta': array([-5285.73367725]), 'n_active': 1, 'beta1_train': -3077.43981595182, 'beta0_train': -3109.2218541289253, 'beta1_val': -2334.1624179722357, 'beta0_val': -2975.8843079170383, 'selected_score': -3109.2218541289253, 'evaluations': 20, 'seconds': 0.03173580000293441, 'method': 'differential_evolution_v2', 'accepted_search': True, 'solver_message': 'Optimization terminated successfully.'}, {'theta': array([-6.07858091e+03, -2.73807904e-01, -6.08869884e+03,  1.12617036e+00,
       -4.36885314e+03, -1.06329490e-01]), 'n_active': 6, 'beta1_train': 2114.8587114066295, 'beta0_train': -427.7052308550011, 'beta1_val': 8414.003266779864, 'beta0_val': 6446.771828025261, 'selected_score': -427.7052308550011, 'evaluations': 245, 'seconds': 0.2393757999961963, 'method': 'differential_evolution_v2', 'accepted_search': True, 'solver_message': 'Optimization terminated successfully.'}]",42,1351.6930750757322,1542.6004146554255,0.2711115999991307,0.3662012999993749
"[{'theta': array([-5886.15614685]), 'n_active': 1, 'beta1_train': -4334.263068317774, 'beta0_train': -4372.479101596408, 'beta1_val': -4322.62541385, 'beta0_val': -4381.2, 'selected_score': -4372.479101596408, 'evaluations': 25, 'seconds': 0.04214479999791365, 'method': 'differential_evolution_v2', 'accepted_search': True, 'solver_message': 'Optimization terminated successfully.'}, {'theta': array([-6.99485415e+03, -3.18963408e-01, -1.21872456e+03,  5.96696540e-01,
       -2.50396126e+02,  1.00174100e+00]), 'n_active': 6, 'beta1_train': -1598.4767026671514, 'beta0_train': -3803.2605483624766, 'beta1_val': 535.5890442912023, 'beta0_val': -4006.561020881233, 'selected_score': -3808.702577010231, 'evaluations': 275, 'seconds': 0.25071520000346936, 'method': 'differential_evolution_v2', 'accepted_search': True, 'solver_message': 'Maximum number of iterations has been exceeded.'}]",42,1542.6004146554255,9684.147548398949,0.292860000001383,0.40135329999611713
"[{'theta': array([-2939.91747716]), 'n_active': 1, 'beta1_train': -4255.6350492480815, 'beta0_train': -4326.102564973512, 'beta1_val': -3702.7313383261644, 'beta0_val': -4307.039593822839, 'selected_score': -4326.102564973512, 'evaluations': 20, 'seconds': 0.033752500006812625, 'method': 'differential_evolution_v2', 'accepted_search': True, 'solver_message': 'Optimization terminated successfully.'}, {'theta': array([-6.62839637e+03,  1.37959613e+00, -6.54023370e+02,  1.33289075e+00,
       -5.49520984e+03,  4.95412078e-01]), 'n_active': 6, 'beta1_train': 396.5940749944415, 'beta0_train': -409.1743578470726, 'beta1_val': 3347.3437819143833, 'beta0_val': 95.70990524756576, 'selected_score': -412.74759630590444, 'evaluations': 275, 'seconds': 0.2387769000051776, 'method': 'differential_evolution_v2', 'accepted_search': True, 'solver_message': 'Maximum number of iterations has been exceeded.'}]",42,9684.147548398949,1521.173332592593,0.2725294000119902,0.36641709999821614
"[{'theta': array([-9020.04127456]), 'n_active': 1, 'beta1_train': -4504.525412004554, 'beta0_train': -4533.013278587263, 'beta1_val': -4409.359628024335, 'beta0_val': -4520.439, 'selected_score': -4533.013278587263, 'evaluations': 20, 'seconds': 0.03814359998796135, 'method': 'differential_evolution_v2', 'accepted_search': True, 'solver_message': 'Optimization terminated successfully.'}, {'theta': array([-4.01547067e+03, -9.07314408e-01, -6.49778160e+02, -9.95532958e-01,
       -6.85670161e+03, -8.38189145e-01]), 'n_active': 6, 'beta1_train': 271.10768580988577, 'beta0_train': -865.6959082825946, 'beta1_val': 7396.305852444878, 'beta0_val': 7926.301153608094, 'selected_score': -874.4504281574922, 'evaluations': 275, 'seconds': 0.2578767999948468, 'method': 'differential_evolution_v2', 'accepted_search': True, 'solver_message': 'Maximum number of iterations has been exceeded.'}]",42,1521.173332592593,2774.3881633333326,0.29602039998280816,0.4047407000034582
"[{'theta': array([-5416.27359902]), 'n_active': 1, 'beta1_train': -4391.989259137742, 'beta0_train': -4449.116285175404, 'beta1_val': -4455.6, 'beta0_val': -4455.6, 'selected_score': -4449.116285175404, 'evaluations': 20, 'seconds': 0.0346616000024369, 'method': 'differential_evolution_v2', 'accepted_search': True, 'solver_message': 'Optimization terminated successfully.'}, {'theta': array([-7.60641844e+03,  9.20487973e-02, -7.14754584e+02,  5.62578111e-02,
       -4.59021630e+03, -6.28255872e-01]), 'n_active': 6, 'beta1_train': 312.48691897728474, 'beta0_train': -186.93652096757464, 'beta1_val': -675.8459925090385, 'beta0_val': -845.1740222895927, 'selected_score': -187.50602415944934, 'evaluations': 275, 'seconds': 0.25301470000704285, 'method': 'differential_evolution_v2', 'accepted_search': True, 'solver_message': 'Maximum number of iterations has been exceeded.'}]",42,2774.3881633333326,1941.7071854581598,0.28767630000947975,0.38437030000204686
"[{'theta': array([-8794.59332995]), 'n_active': 1, 'beta1_train': -4563.800867066257, 'beta0_train': -4616.356260743579, 'beta1_val': -4623.599999999999, 'beta0_val': -4623.599999999999, 'selected_score': -4616.356260743579, 'evaluations': 25, 'seconds': 0.039532300012069754, 'method': 'differential_evolution_v2', 'accepted_search': True, 'solver_message': 'Optimization terminated successfully.'}, {'theta': array([-6.42848702e+03, -1.57416077e+00, -9.49351872e+03, -1.20370117e+00,
       -6.40734807e+02, -1.74559733e+00]), 'n_active': 6, 'beta1_train': 1001.6542842205112, 'beta0_train': 126.08486782602631, 'beta1_val': 478.83896435856366, 'beta0_val': -862.5176101436433, 'selected_score': 119.14892859437454, 'evaluations': 275, 'seconds': 0.25185420000343584, 'method': 'differential_evolution_v2', 'accepted_search': True, 'solver_message': 'Maximum number of iterations has been exceeded.'}]",42,1941.7071854581598,1927.4051075925956,0.2913865000155056,0.38436470000306144
"[{'theta': array([-2307.32484379]), 'n_active': 1, 'beta1_train': -2743.2937447779914, 'beta0_train': -2817.478063896264, 'beta1_val': -2824.7999999999997, 'beta0_val': -2824.7999999999997, 'selected_score': -2817.478063896264, 'evaluations': 15, 'seconds': 0.028815499987103976, 'method': 'differential_evolution_v2', 'accepted_search': True, 'solver_message': 'Optimization terminated successfully.'}, {'theta': array([-7.26564281e+01, -1.00451763e+00, -8.85035178e+03, -5.60862164e-01,
       -8.67787908e+02,  1.28758079e+00]), 'n_active': 6, 'beta1_train': 1101.3334452345553, 'beta0_train': 598.6129629265712, 'beta1_val': -205.37643939409583, 'beta0_val': -470.1246954750204, 'selected_score': 544.749457015061, 'evaluations': 275, 'seconds': 0.24189749998913612, 'method': 'differential_evolution_v2', 'accepted_search': True, 'solver_message': 'Maximum number of iterations has been exceeded.'}]",42,1927.4051075925956,1955.3221748148146,0.2707129999762401,0.3634805000037886
"[{'theta': array([-2776.09110585]), 'n_active': 1, 'beta1_train': -3522.7505508176814, 'beta0_train': -3593.5864496622526, 'beta1_val': -3605.9999999999995, 'beta0_val': -3605.9999999999995, 'selected_score': -3593.5864496622526, 'evaluations': 20, 'seconds': 0.03814730000158306, 'method': 'differential_evolution_v2', 'accepted_search': True, 'solver_message': 'Optimization terminated successfully.'}, {'theta': array([-3.20784991e+03,  1.27324723e+00, -4.85189096e+02, -5.55308101e-01,
       -6.72613898e+03,  3.77538286e-01]), 'n_active': 6, 'beta1_train': 57.37194723171045, 'beta0_train': -469.02228688019153, 'beta1_val': -1500.2186826493823, 'beta0_val': -1500.2186826493823, 'selected_score': -511.3505648234192, 'evaluations': 275, 'seconds': 0.2508992999937618, 'method': 'differential_evolution_v2', 'accepted_search': True, 'solver_message': 'Maximum number of iterations has been exceeded.'}]",42,1955.3221748148146,4235.1982287037035,0.2890465999953449,0.3896399999939604
"[{'theta': array([-4370.83418973]), 'n_active': 1, 'beta1_train': -4588.089274019226, 'beta0_train': -4691.241777039152, 'beta1_val': -4711.2, 'beta0_val': -4711.2, 'selected_score': -4691.241777039152, 'evaluations': 20, 'seconds': 0.03361159999622032, 'method': 'differential_evolution_v2', 'accepted_search': True, 'solver_message': 'Optimization terminated successfully.'}, {'theta': array([-2.67783035e+03, -1.16256894e+00, -5.62448401e+03, -9.14036090e-01,
       -7.00437684e+02,  4.03308999e-01]), 'n_active': 6, 'beta1_train': -2952.430155349544, 'beta0_train': -3833.8311988476567, 'beta1_val': -4646.84645845744, 'beta0_val': -4673.791295444612, 'selected_score': -3913.556753754888, 'evaluations': 275, 'seconds': 0.2672005999920657, 'method': 'differential_evolution_v2', 'accepted_search': True, 'solver_message': 'Maximum number of iterations has been exceeded.'}]",42,4235.1982287037035,10800.0,0.300812199988286,0.3984467999980552
"[{'theta': array([-7808.31225164]), 'n_active': 1, 'beta1_train': -3922.0298851103657, 'beta0_train': -4107.170711075155, 'beta1_val': -4133.999999999999, 'beta0_val': -4133.999999999999, 'selected_score': -4107.170711075155, 'evaluations': 15, 'seconds': 0.0288767000020016, 'method': 'differential_evolution_v2', 'accepted_search': True, 'solver_message': 'Optimization terminated successfully.'}, {'theta': array([-4.44478827e+02, -1.59341327e+00, -8.73521715e+02, -1.84694984e+00,
       -8.36387489e+03, -4.14510192e-01]), 'n_active': 6, 'beta1_train': 1666.5137398662241, 'beta0_train': 1208.4451498261515, 'beta1_val': -841.8998121778809, 'beta0_val': -841.8998121778809, 'selected_score': 1093.007595278129, 'evaluations': 275, 'seconds': 0.2412417000014102, 'method': 'differential_evolution_v2', 'accepted_search': True, 'solver_message': 'Maximum number of iterations has been exceeded.'}]",42,10800.0,2006.822573703706,0.2701184000034118,0.3644158000097377
"[{'theta': array([-6504.16781858]), 'n_active': 1, 'beta1_train': -3922.230641364665, 'beta0_train': -4073.6989676960497, 'beta1_val': -4101.6, 'beta0_val': -4101.6, 'selected_score': -4073.6989676960497, 'evaluations': 20, 'seconds': 0.03829260000202339, 'method': 'differential_evolution_v2', 'accepted_search': True, 'solver_message': 'Optimization terminated successfully.'}, {'theta': array([-4.94883934e+01, -7.84027605e-01, -4.70731210e+03,  6.17051173e-01,
       -3.81634710e+03,  4.71090739e-02]), 'n_active': 6, 'beta1_train': 1289.0354675474703, 'beta0_train': 1183.1161055161394, 'beta1_val': -997.1244061377945, 'beta0_val': -997.1244061377945, 'selected_score': 1001.4664751112056, 'evaluations': 275, 'seconds': 0.24649530000169761, 'method': 'differential_evolution_v2', 'accepted_search': True, 'solver_message': 'Maximum number of iterations has been exceeded.'}]",42,2006.822573703706,2570.7004108515293,0.284787900003721,0.3808190999989165
"[{'theta': array([-3683.43200315]), 'n_active': 1, 'beta1_train': -4330.027804823563, 'beta0_train': -4513.612554996802, 'beta1_val': -4598.3874375000005, 'beta0_val': -4600.8, 'selected_score': -4513.612554996802, 'evaluations': 25, 'seconds': 0.03870679999818094, 'method': 'differential_evolution_v2', 'accepted_search': True, 'solver_message': 'Optimization terminated successfully.'}, {'theta': array([-3.14034242e+02, -4.19043997e-01, -6.72308433e+03, -1.78418172e+00,
       -5.28903682e+03, -3.27873397e-01]), 'n_active': 6, 'beta1_train': 558.3282350347768, 'beta0_train': 132.77246774087968, 'beta1_val': -1562.9512368092521, 'beta0_val': -1721.933143553333, 'selected_score': 72.47158517354985, 'evaluations': 275, 'seconds': 0.24474399999598972, 'method': 'differential_evolution_v2', 'accepted_search': True, 'solver_message': 'Maximum number of iterations has been exceeded.'}]",42,2570.7004108515293,4038.492909565309,0.28345079999417067,0.3739921999949729
"[{'theta': array([-786.47174973]), 'n_active': 1, 'beta1_train': -4148.118846880199, 'beta0_train': -4371.211087785095, 'beta1_val': -4414.8, 'beta0_val': -4414.8, 'selected_score': -4371.211087785095, 'evaluations': 15, 'seconds': 0.02756319999753032, 'method': 'differential_evolution_v2', 'accepted_search': True, 'solver_message': 'Optimization terminated successfully.'}, {'theta': array([-1.11562973e+02, -8.60702376e-01, -8.93033330e+02, -8.33480838e-02,
       -7.58387967e+03,  3.44353827e-01]), 'n_active': 6, 'beta1_train': 1489.564269237802, 'beta0_train': 998.9214225282036, 'beta1_val': -956.1851362102763, 'beta0_val': -1009.2591912034786, 'selected_score': 779.9030235893863, 'evaluations': 275, 'seconds': 0.24433919999864884, 'method': 'differential_evolution_v2', 'accepted_search': True, 'solver_message': 'Maximum number of iterations has been exceeded.'}]",42,4038.492909565309,2573.9364220370408,0.27190239999617916,0.3621142000047257
"[{'theta': array([-9003.47137905]), 'n_active': 1, 'beta1_train': -2885.4067684118377, 'beta0_train': -3142.18566014638, 'beta1_val': -3217.2, 'beta0_val': -3217.2, 'selected_score': -3142.18566014638, 'evaluations': 20, 'seconds': 0.03331660000549164, 'method': 'differential_evolution_v2', 'accepted_search': True, 'solver_message': 'Optimization terminated successfully.'}, {'theta': array([-9.22871094e+03,  1.12197564e+00, -5.09147366e+02,  6.53446260e-01,
       -7.34019596e+03, -1.05858737e+00]), 'n_active': 6, 'beta1_train': 2153.292081578215, 'beta0_train': 1601.6396375897946, 'beta1_val': 1086.0904693252528, 'beta0_val': -598.1363521624104, 'selected_score': 1509.6060613443078, 'evaluations': 275, 'seconds': 0.23873870000534225, 'method': 'differential_evolution_v2', 'accepted_search': True, 'solver_message': 'Maximum number of iterations has been exceeded.'}]",42,2573.9364220370408,1949.7979518518541,0.2720553000108339,0.369319399993401
"[{'theta': array([-8653.672822]), 'n_active': 1, 'beta1_train': -3491.409542099944, 'beta0_train': -3713.8643841718767, 'beta1_val': -3759.6000000000004, 'beta0_val': -3759.6000000000004, 'selected_score': -3713.8643841718767, 'evaluations': 20, 'seconds': 0.03829779999796301, 'method': 'differential_evolution_v2', 'accepted_search': True, 'solver_message': 'Optimization terminated successfully.'}, {'theta': array([-8.57418870e+03, -8.78993717e-01, -4.17179755e+03,  1.62288079e+00,
       -2.16950565e+02,  4.36837057e-02]), 'n_active': 6, 'beta1_train': 2691.3340943625813, 'beta0_train': 352.8741067979815, 'beta1_val': 437.5045191144884, 'beta0_val': -1493.6487720855148, 'selected_score': 68.9351601126854, 'evaluations': 275, 'seconds': 0.25523640000028536, 'method': 'differential_evolution_v2', 'accepted_search': True, 'solver_message': 'Maximum number of iterations has been exceeded.'}]",42,1949.7979518518541,4134.45567577057,0.29353419999824837,0.3967802999977721
"[{'theta': array([-2759.39309362]), 'n_active': 1, 'beta1_train': -4203.5394509151565, 'beta0_train': -4458.208434994593, 'beta1_val': -4522.8, 'beta0_val': -4522.8, 'selected_score': -4458.208434994593, 'evaluations': 15, 'seconds': 0.027457300006062724, 'method': 'differential_evolution_v2', 'accepted_search': True, 'solver_message': 'Optimization terminated successfully.'}, {'theta': array([-7.37986024e+02,  5.52402153e-01, -7.23370191e+02, -1.52183562e+00,
       -8.71520768e+03, -8.11739037e-01]), 'n_active': 6, 'beta1_train': 900.7295317606373, 'beta0_train': -1716.375241718991, 'beta1_val': -1521.745010131648, 'beta0_val': -3858.0766894975764, 'selected_score': -1826.196732796621, 'evaluations': 275, 'seconds': 0.2567109999945387, 'method': 'differential_evolution_v2', 'accepted_search': True, 'solver_message': 'Maximum number of iterations has been exceeded.'}]",42,4134.45567577057,9285.430865925926,0.28416830000060145,0.38626970000041183
"[{'theta': array([-4722.81991266]), 'n_active': 1, 'beta1_train': -3703.4470464349215, 'beta0_train': -4137.369125701108, 'beta1_val': -4210.799999999999, 'beta0_val': -4210.799999999999, 'selected_score': -4137.369125701108, 'evaluations': 20, 'seconds': 0.038209699996514246, 'method': 'differential_evolution_v2', 'accepted_search': True, 'solver_message': 'Optimization terminated successfully.'}, {'theta': array([-1.49238161e+02,  3.15980905e-01, -4.77367811e+03,  1.67415684e+00,
       -1.93693035e+03,  1.63613285e+00]), 'n_active': 6, 'beta1_train': 2446.56944378385, 'beta0_train': 2002.6491727934754, 'beta1_val': -482.9215741285556, 'beta0_val': -681.4576448388483, 'selected_score': 1808.10766882787, 'evaluations': 275, 'seconds': 0.23888389999046922, 'method': 'differential_evolution_v2', 'accepted_search': True, 'solver_message': 'Maximum number of iterations has been exceeded.'}]",42,9285.430865925926,1973.0345109709156,0.27709359998698346,0.3738348000042606
"[{'theta': array([-2656.12985818]), 'n_active': 1, 'beta1_train': -4075.8801055199506, 'beta0_train': -4384.577819850158, 'beta1_val': -4458.0, 'beta0_val': -4458.0, 'selected_score': -4384.577819850158, 'evaluations': 20, 'seconds': 0.03257710000616498, 'method': 'differential_evolution_v2', 'accepted_search': True, 'solver_message': 'Optimization terminated successfully.'}, {'theta': array([-2.14278792e+02, -1.45710311e+00, -4.68460867e+03,  1.37149226e+00,
       -4.56938341e+02, -1.81082372e+00]), 'n_active': 6, 'beta1_train': 2136.702418532157, 'beta0_train': 1747.4566286806298, 'beta1_val': -611.1825815049376, 'beta0_val': -812.0892450673862, 'selected_score': 1465.9042341727402, 'evaluations': 275, 'seconds': 0.2412118000065675, 'method': 'differential_evolution_v2', 'accepted_search': True, 'solver_message': 'Maximum number of iterations has been exceeded.'}]",42,1973.0345109709156,1588.2196749999996,0.2737889000127325,0.3664721999957692
"[{'theta': array([-5317.40849126]), 'n_active': 1, 'beta1_train': -3834.7831169680812, 'beta0_train': -4138.962291548181, 'beta1_val': -4208.4, 'beta0_val': -4208.4, 'selected_score': -4138.962291548181, 'evaluations': 30, 'seconds': 0.041539899990311824, 'method': 'differential_evolution_v2', 'accepted_search': True, 'solver_message': 'Optimization terminated successfully.'}, {'theta': array([-1.28091290e+02,  1.25647761e+00, -3.62381859e+02, -2.07976763e-01,
       -6.41976174e+03,  1.70539552e+00]), 'n_active': 6, 'beta1_train': 2110.21737896692, 'beta0_train': 1980.20949276916, 'beta1_val': -639.1004854728661, 'beta0_val': -639.1004854728661, 'selected_score': 1658.2611012931582, 'evaluations': 275, 'seconds': 0.24367509999137837, 'method': 'differential_evolution_v2', 'accepted_search': True, 'solver_message': 'Maximum number of iterations has been exceeded.'}]",42,1588.2196749999996,1973.019361236178,0.2852149999816902,0.3774954999971669
"[{'theta': array([-5297.47370072]), 'n_active': 1, 'beta1_train': -4132.642927288355, 'beta0_train': -4450.435146156205, 'beta1_val': -4527.6, 'beta0_val': -4527.6, 'selected_score': -4450.435146156205, 'evaluations': 20, 'seconds': 0.03349950000119861, 'method': 'differential_evolution_v2', 'accepted_search': True, 'solver_message': 'Optimization terminated successfully.'}, {'theta': array([-1.08895973e+02,  4.74764947e-01, -4.66343371e+03,  1.89925895e+00,
       -4.39536969e+03,  1.70093272e+00]), 'n_active': 6, 'beta1_train': 2446.682661232875, 'beta0_train': 2134.4970287927854, 'beta1_val': -788.5479312399424, 'beta0_val': -788.5479312399424, 'selected_score': 1730.3981031673725, 'evaluations': 275, 'seconds': 0.26250460000301246, 'method': 'differential_evolution_v2', 'accepted_search': True, 'solver_message': 'Maximum number of iterations has been exceeded.'}]",42,1973.019361236178,1717.1830280246181,0.29600410000421107,0.38937959999020677
"[{'theta': array([-9366.61108228]), 'n_active': 1, 'beta1_train': -2705.486142651443, 'beta0_train': -3086.2622523738282, 'beta1_val': -3145.2, 'beta0_val': -3145.2, 'selected_score': -3086.2622523738282, 'evaluations': 20, 'seconds': 0.03770549999899231, 'method': 'differential_evolution_v2', 'accepted_search': True, 'solver_message': 'Optimization terminated successfully.'}, {'theta': array([-4.44801676e+02, -4.26020735e-01, -7.55708542e+03, -5.73355223e-03,
       -2.16424014e+02, -1.60166567e+00]), 'n_active': 6, 'beta1_train': 2886.422470899044, 'beta0_train': 2330.513143497363, 'beta1_val': 89.22999047688336, 'beta0_val': -510.0963087211114, 'selected_score': 1981.3230160467906, 'evaluations': 275, 'seconds': 0.246553999997559, 'method': 'differential_evolution_v2', 'accepted_search': True, 'solver_message': 'Maximum number of iterations has been exceeded.'}]",42,1717.1830280246181,1821.9789083333349,0.2842594999965513,0.390921400001389
"[{'theta': array([-5258.74170428]), 'n_active': 1, 'beta1_train': -2714.8098031457066, 'beta0_train': -3099.9202917175826, 'beta1_val': -3095.707098625, 'beta0_val': -3158.4, 'selected_score': -3099.9202917175826, 'evaluations': 20, 'seconds': 0.03420920000644401, 'method': 'differential_evolution_v2', 'accepted_search': True, 'solver_message': 'Optimization terminated successfully.'}, {'theta': array([-9600.,     0., -9600.,     0., -9600.,     0.]), 'n_active': 6, 'beta1_train': 3449.4940220700546, 'beta0_train': 1282.1310018757138, 'beta1_val': 2505.5741367807814, 'beta0_val': -682.6077196301435, 'selected_score': 1282.1310018757138, 'evaluations': 275, 'seconds': 0.24306900000374299, 'method': 'differential_evolution_v2', 'accepted_search': False, 'solver_message': 'Maximum number of iterations has been exceeded.'}]",42,1821.9789083333349,2959.431645474896,0.277278200010187,0.3674209000018891
"[{'theta': array([-6317.65876529]), 'n_active': 1, 'beta1_train': -4019.5219461823704, 'beta0_train': -4556.117017637745, 'beta1_val': -4684.798238016667, 'beta0_val': -4686.0, 'selected_score': -4556.117017637745, 'evaluations': 20, 'seconds': 0.03424459999951068, 'method': 'differential_evolution_v2', 'accepted_search': True, 'solver_message': 'Optimization terminated successfully.'}, {'theta': array([-4.11434352e+03,  8.89822734e-01, -5.63554390e+03, -1.05954917e+00,
       -3.32080825e+02, -1.36341215e+00]), 'n_active': 6, 'beta1_train': -114.3379722396537, 'beta0_train': -2557.3151722435828, 'beta1_val': -113.39893339406262, 'beta0_val': -4686.0, 'selected_score': -2672.656871045979, 'evaluations': 275, 'seconds': 0.25107840000418946, 'method': 'differential_evolution_v2', 'accepted_search': True, 'solver_message': 'Maximum number of iterations has been exceeded.'}]",42,2959.431645474896,10800.0,0.28532300000370014,0.38536369999928866
"[{'theta': array([-3748.10992176]), 'n_active': 1, 'beta1_train': -3815.1878676584656, 'beta0_train': -4356.950637156902, 'beta1_val': -4345.740827975001, 'beta0_val': -4450.8, 'selected_score': -4356.950637156902, 'evaluations': 20, 'seconds': 0.03219090000493452, 'method': 'differential_evolution_v2', 'accepted_search': True, 'solver_message': 'Optimization terminated successfully.'}, {'theta': array([-1.28574543e+02,  1.80735747e+00, -5.02913087e+03, -1.82757637e+00,
       -5.49877220e+03, -8.93308600e-02]), 'n_active': 6, 'beta1_train': 2287.675581585321, 'beta0_train': 2217.433011424741, 'beta1_val': -666.7008493958077, 'beta0_val': -830.7379173316465, 'selected_score': 1803.656273235427, 'evaluations': 275, 'seconds': 0.24077819999365602, 'method': 'differential_evolution_v2', 'accepted_search': True, 'solver_message': 'Maximum number of iterations has been exceeded.'}]",42,10800.0,1955.6512159259257,0.27296909999859054,0.3617270999966422
"[{'theta': array([-3686.19165247]), 'n_active': 1, 'beta1_train': -4128.3955536748845, 'beta0_train': -4522.5222917635, 'beta1_val': -4617.599999999999, 'beta0_val': -4617.599999999999, 'selected_score': -4522.5222917635, 'evaluations': 20, 'seconds': 0.03300460000173189, 'method': 'differential_evolution_v2', 'accepted_search': True, 'solver_message': 'Optimization terminated successfully.'}, {'theta': array([-4.49383134e+02, -6.69508728e-02, -5.14017404e+03, -1.24576278e+00,
       -2.47233373e+03,  3.94516056e-01]), 'n_active': 6, 'beta1_train': 2388.77737145561, 'beta0_train': 1932.9287990414603, 'beta1_val': -991.606579025863, 'beta0_val': -1196.1046504938226, 'selected_score': 1631.940244467731, 'evaluations': 275, 'seconds': 0.32155670000065584, 'method': 'differential_evolution_v2', 'accepted_search': True, 'solver_message': 'Maximum number of iterations has been exceeded.'}]",42,1955.6512159259257,2640.3010609657063,0.3545613000023877,0.4662077999964822
"[{'theta': array([-3671.73256087]), 'n_active': 1, 'beta1_train': -3747.9422669457285, 'beta0_train': -4213.962230190876, 'beta1_val': -4309.2, 'beta0_val': -4309.2, 'selected_score': -4213.962230190876, 'evaluations': 20, 'seconds': 0.038126299987197854, 'method': 'differential_evolution_v2', 'accepted_search': True, 'solver_message': 'Optimization terminated successfully.'}, {'theta': array([-3.39157935e+02,  9.37301640e-01, -7.38875824e+03, -1.78589043e+00,
       -2.67500869e+03, -8.31921643e-01]), 'n_active': 6, 'beta1_train': 2608.8047075749155, 'beta0_train': 2541.338214675843, 'beta1_val': -741.312634560557, 'beta0_val': -741.312634560557, 'selected_score': 2110.775194600752, 'evaluations': 275, 'seconds': 0.253133499994874, 'method': 'differential_evolution_v2', 'accepted_search': True, 'solver_message': 'Maximum number of iterations has been exceeded.'}]",42,2640.3010609657063,1962.2838685185231,0.29125979998207185,0.3959482000063872
"[{'theta': array([-6804.66274387]), 'n_active': 1, 'beta1_train': -3841.605465436795, 'beta0_train': -4230.096789554073, 'beta1_val': -4321.2, 'beta0_val': -4321.2, 'selected_score': -4230.096789554073, 'evaluations': 25, 'seconds': 0.043958399997791275, 'method': 'differential_evolution_v2', 'accepted_search': True, 'solver_message': 'Optimization terminated successfully.'}, {'theta': array([-4.24481098e+02,  1.28695467e-01, -9.06678850e+02,  2.10692935e-01,
       -7.22131959e+03,  1.35184963e+00]), 'n_active': 6, 'beta1_train': 2324.644742674133, 'beta0_train': 1888.4903552671042, 'beta1_val': -850.1215183002726, 'beta0_val': -912.1133967823714, 'selected_score': 1489.6351946165569, 'evaluations': 275, 'seconds': 0.24484749999828637, 'method': 'differential_evolution_v2', 'accepted_search': True, 'solver_message': 'Maximum number of iterations has been exceeded.'}]",42,1962.2838685185231,2348.371415185186,0.28880589999607764,0.3912484000029508
