date,e0,e1,e2,e3,e4,e5,e6,e7,e8,e9,e10,e11,e12,e13,e14,e15,e16,e17,e18,e19,e20,e21,e22,e23,e24,e25,e26,e27,e28,e29,e30,e31,e32,e33,e34,e35,e36,e37,e38,e39,e40,e41,e42,e43,e44,e45,e46,e47,e48,e49,e50,e51,e52,e53,e54,e55,e56,e57,e58,e59,e60,e61,e62,e63,e64,e65,e66,e67,e68,e69,e70,e71,e72,e73,e74,e75,e76,e77,e78,e79,e80,e81,e82,e83,e84,e85,e86,e87,e88,e89,e90,e91,e92,e93,e94,e95,e96,e97,e98,e99,e100,e101,e102,e103,e104,e105,e106,e107,e108,e109,e110,e111,e112,e113,e114,e115,e116,e117,e118,e119,e120,e121,e122,e123,e124,e125,e126,e127,e128,e129,e130,e131,e132,e133,e134,e135,e136,e137,e138,e139,e140,e141,e142,e143
2025-02-01,2872.4825093090917,3622.4825093090917,4372.482509309091,5122.482509309091,5872.482509309091,6622.482509309091,6622.482509309091,7372.482509309091,8122.482509309091,8122.482509309091,8122.482509309091,8872.482509309091,9622.482509309091,10334.35660317566,10334.35660317566,10334.35660317566,10334.35660317566,10334.35660317566,10334.35660317566,10334.35660317566,10334.35660317566,10334.35660317566,10334.35660317566,10334.35660317566,10334.35660317566,10334.35660317566,10334.35660317566,10334.35660317566,10334.35660317566,10334.35660317566,10334.35660317566,10334.35660317566,10334.35660317566,10334.35660317566,9698.373269842326,9063.37962577162,9595.594495799525,8980.963188760355,8357.202346809952,7691.27196488428,7010.731557476873,6415.8719214188,5859.365940558368,5304.6051442676635,4806.50881528404,4414.94418387596,4093.3231838759602,3824.3756638113528,3602.4726302586237,3423.174420006187,3300.0528910771172,3208.7754125651504,3133.8674866392244,3086.039230754315,3086.039230754315,3086.039230754315,3086.039230754315,3086.039230754315,3086.039230754315,3086.039230754315,3169.4385843120745,3419.2505376654785,3706.2750502672566,4007.5211788663555,4322.420693866356,4638.250749568808,5000.474151609712,5352.184388535957,5691.891706586154,6035.51755159944,6430.87616659944,6801.131175081886,8025.834016023622,8355.522102008308,8686.855563360528,9014.591511226108,9295.252041226107,9567.043990101833,9785.428715689819,10031.860269359355,10198.701940647168,10347.796800089653,10530.054690089652,10650.34121785069,10714.681776614576,10763.55616527019,10800.0,10800.0,10795.295203703703,10795.295203703703,10800.0,10800.0,10800.0,10800.0,10800.0,10800.0,10800.0,10800.0,10800.0,10800.0,10800.0,10800.0,10800.0,10800.0,10800.0,10800.0,10800.0,10292.305129629629,9765.943685185184,9221.3085,8655.774018518518,8142.88184482432,7562.0651781576535,7050.176826305802,6584.3481040835795,6097.166622602098,5586.228085565061,5049.49171519469,4494.388011490986,3937.723363342838,3391.2425485280232,2847.7110670465418,2326.4369374169123,1780.7703818613568,1200.0000114909863,1200.0000114909863,1200.0000114909863,1200.0000114909863,1200.0000114909863,1200.0000114909863,1200.0000114909863,1946.0733264909866,2685.607421490987,3422.804921490987,4168.201976490987,4903.0727214909875,5637.156221490988,6385.6452264909885,7118.1230514909885,7867.730051490988,7867.730051490988,7867.730051490988,8609.695743020144,8609.695743020144
2025-02-02,9645.736537787285,9645.736537787285,10395.736537787285,10800.0,10800.0,10800.0,10800.0,10800.0,10800.0,10800.0,10800.0,10800.0,10800.0,10800.0,10800.0,10800.0,10800.0,10800.0,10800.0,10800.0,10800.0,10800.0,10800.0,10800.0,10800.0,10800.0,10800.0,10050.0,10050.0,10050.0,10050.0,10050.0,10050.0,10800.0,10800.0,10800.0,10800.0,10800.0,10800.0,10800.0,10800.0,10800.0,9893.492873662184,9893.492873662184,9893.492873662184,10614.00862460996,10437.555467789132,9511.629541863207,8659.852682415058,7814.898181759187,7016.170608543299,6308.495382723987,5677.242364205468,5092.927710864151,4551.244307455325,4092.846266382936,3677.8157700205165,3323.263046206871,3021.689879540204,2748.308077641031,2506.382082295435,2296.7778363695847,2055.704503588959,1872.3149629629634,1800.0,2550.0,3300.0,4050.0,4800.0,5550.0,6300.0,7050.0,8337.198732883593,9087.198732883593,9837.198732883593,10587.198732883593,10800.0,10800.0,10800.0,10800.0,10800.0,10800.0,10610.883737015647,10345.848281251936,10009.908908954843,9664.042414326248,9335.86363497395,8946.932387938687,8477.641184234983,9221.792241381796,10060.687764434757,10060.687764434757,10800.0,10800.0,10800.0,10800.0,10800.0,10795.70907016115,10784.851022248426,10775.553986203353,10775.464963789824,10775.464963789824,10775.464963789824,10775.464963789824,10775.464963789824,10775.464963789824,10775.464963789824,10775.464963789824,10775.464963789824,10775.464963789824,10775.464963789824,10775.464963789824,10230.692759435658,9427.686592768992,8640.39562980603,7839.647481657881,6993.38187054677,6151.681203880104,5352.846018694919,4528.842018694919,3694.3477594356596,2870.671833509734,2036.6525927689931,1200.0000372134375,1200.0000372134375,1200.0000372134375,1200.0000372134375,1200.0000372134375,1200.0000372134375,1200.0000372134375,1200.0000372134375,1200.0000372134375,1941.9068518518518,2560.6793703703706,2560.6793703703706,2560.6793703703706,2560.6793703703706,2560.6793703703706,2560.6793703703706,2560.6793703703706,2560.6793703703706,2560.6793703703706,1856.5664074074075,1200.0
2025-02-03,3054.1647541643556,3804.1647541643556,4554.164754164356,5304.164754164356,6054.164754164356,6804.164754164356,6804.164754164356,6804.164754164356,6804.164754164356,6804.164754164356,7554.164754164356,8304.164754164356,9054.164754164356,9300.0,10050.0,10800.0,10800.0,10800.0,10800.0,10800.0,10800.0,10800.0,10800.0,10800.0,10800.0,10800.0,10800.0,10800.0,10800.0,10800.0,10800.0,10800.0,10800.0,10800.0,10800.0,10800.0,9874.074074074075,8948.14814814815,8883.871425779698,8883.871425779698,8883.871425779698,8883.871425779698,8883.871425779698,8883.871425779698,8883.871425779698,9633.871154308647,9633.871154308647,8811.35665266533,8093.876509447842,7408.823514703885,6750.131766943102,6141.654992622395,5577.793622252025,5046.654970718991,4552.87753742267,4085.001596320503,3664.6771108174325,3303.2876794011004,2982.7704571788786,2695.204867918348,2425.8672551058357,2158.6998102057387,1944.5031314259813,1800.0,1800.0,2550.0,3300.0,4050.0,4800.0,5550.0,6300.0,7050.0,7707.3464826280115,8457.34648262801,9207.34648262801,9957.34648262801,10707.34648262801,10707.34648262801,10707.34648262801,10707.34648262801,10707.34648262801,10707.34648262801,10707.34648262801,10417.38492506932,10079.556516804822,9713.955930174867,9342.576962013904,8897.983827374821,8400.598795299402,9150.598795299402,10512.368896686397,10799.999992665085,10799.999992665085,10799.999992665085,10799.999992665085,10799.999992665085,10799.999992665085,10799.999992665085,10799.999992665085,10799.999992665085,10799.999992665085,10799.999992665085,10799.999992665085,10799.999992665085,10799.999992665085,10799.999992665085,10799.999992665085,10799.999992665085,10799.999992665085,10799.999992665085,10799.999992665085,10799.999992665085,10273.591851851852,9465.258851851851,8632.393944444444,7790.36987037037,6934.46962962963,6091.317703703704,5272.6454814814815,4436.988166666667,3614.632703703704,2808.0993703703707,2009.1772592592592,1200.0,1200.0,1200.0,1200.0,1200.0,1200.0,1200.0,1200.0,1200.0,1200.0,1200.0,1200.0,1200.0,1200.0,1200.0,1200.0,1200.0,1200.0,1200.0,1200.0,1200.0
2025-02-04,2328.369632520101,2328.369632520101,3078.369632520101,3828.369632520101,3828.369632520101,4050.0,4050.0,4050.0,4800.0,5550.0,5550.0,5550.0,6300.0,7050.0,7800.0,8550.0,8550.0,8550.0,8550.0,9300.0,9300.0,9300.0,9300.0,9300.0,9300.0,9300.0,9300.0,9300.0,9300.0,9300.0,10050.0,10050.0,10050.0,10800.0,10800.0,10800.0,9879.918517457338,9879.918517457338,9879.918517457338,9879.918517457338,9879.918517457338,9879.918517457338,9879.918517457338,9879.918517457338,10036.92793594869,10780.967358270513,10780.967358270513,9855.041432344588,9058.859366809978,8284.0349476489,7494.655414168995,6730.413362809452,6037.354622068711,5369.589966925107,4749.150627599478,4224.326358651057,3717.142468155508,3490.1631498380766,3090.434760949188,2725.3583536298984,2364.71157643301,1978.2005126730687,1586.2571040429436,1237.811641118724,1200.000141118724,1912.9982671655812,2649.202928331675,3399.202928331675,4149.202928331675,4899.202928331675,5649.202928331675,6399.202928331675,8160.161941227168,8910.161941227168,9660.161941227168,10410.161941227168,10800.0,10800.0,10800.0,10800.0,10682.480546749683,10682.480546749683,10339.086213416349,10025.702430992162,9666.208532227349,9229.398397929419,8785.54985028548,8322.181621393598,7800.000213986191,8550.0,9714.238999979932,10049.999990678516,10799.999990678516,10799.999990678516,10799.999990678516,10799.999990678516,10799.999990678516,10799.999990678516,10799.999990678516,10799.999990678516,10799.999990678516,10799.999990678516,10799.999990678516,10799.999990678516,10799.999990678516,10799.999990678516,10799.999990678516,10799.999990678516,10799.999990678516,10799.999990678516,10799.999990678516,10799.999990678516,10293.265277777778,9495.016462962963,8696.028814814816,7867.704740740742,7036.689500000001,6197.091185185186,5339.296740740741,4511.010759259259,3684.2821481481483,2821.459925925926,2001.2404629629632,1200.0,1200.0,1200.0,1200.0,1200.0,1200.0,1200.0,1200.0,1200.0,1200.0,1200.0,1948.0753650000001,1948.0753650000001,1273.2827724074077,1273.2827724074077,1273.2827724074077,1273.2827724074077,1224.9697383969,1224.9697383969,1224.9697383969,1224.9697383969
2025-02-05,3020.8145943655654,3300.0,4050.0,4800.0,5550.0,5550.0,5550.0,5550.0,6300.0,7050.0,7800.0,8550.0,8550.0,8550.0,8550.0,9300.0,9300.0,9300.0,9300.0,9300.0,9300.0,9300.0,9300.0,9300.0,9300.0,10050.0,10050.0,10050.0,10050.0,10050.0,10050.0,10050.0,10050.0,10800.0,10800.0,10800.0,10800.0,10800.0,10800.0,10800.0,10800.0,10800.0,10800.0,10800.0,10800.0,10800.0,10778.354928908746,9852.42900298282,8994.816467208133,8176.563431038419,7409.390698877893,6657.626903083869,5922.114217898684,5267.4708885206555,4693.263638379738,4179.480366831379,3661.669616568706,3190.667635531096,2795.3567281236888,2456.5878867813067,2138.768832091413,1820.992147134967,1501.3840251550764,1200.0,1200.0,1837.6839353852113,2476.926745681489,3122.598845089495,3755.490408641297,4379.181147545425,5014.153332545425,5758.01363007775,7540.713015509891,8283.16045387072,9033.16045387072,9783.16045387072,10533.16045387072,10379.010101333162,10214.448199939037,10040.609563880595,10040.609563880595,10040.609563880595,9898.810767584298,9701.39657387275,9441.458636730657,9131.197354300743,8755.428326770225,8305.369763575005,7800.000282093523,8550.000282093522,10229.74187037037,10799.999993791469,10799.999993791469,10799.999993791469,10799.999993791469,10799.999993791469,10799.999993791469,10799.999993791469,10799.999993791469,10799.999993791469,10799.999993791469,10799.999993791469,10799.999993791469,10799.999993791469,10799.999993791469,10799.999993791469,10799.999993791469,10799.999993791469,10799.999993791469,10799.999993791469,10799.999993791469,10799.999993791469,10077.238574074074,9286.423685185186,8455.16712962963,7611.581944444444,6793.115796296296,6013.30137037037,5244.079148148148,4450.364462962963,3645.3505,2833.448648148148,2025.3479259259257,1200.0,1200.0,1200.0,1200.0,1200.0,1200.0,1200.0,1200.0,1200.0,1200.0,1200.0,1200.0,1200.0,1200.0,1200.0,1200.0,1200.0,1200.0,1940.780835,1940.780835,1304.9380757407407
2025-02-06,3479.943126949271,4229.943126949271,4979.943126949271,5729.943126949271,6479.943126949271,7229.943126949271,7979.943126949271,8729.94312694927,9479.94312694927,9479.94312694927,9479.94312694927,10229.94312694927,10229.94312694927,10229.94312694927,10229.94312694927,10800.0,10800.0,10800.0,10800.0,10800.0,10800.0,10800.0,10800.0,10800.0,10800.0,9990.083333333334,9300.000080579226,9300.000080579226,9300.000080579226,10050.0,10050.0,10050.0,10050.0,10800.0,10800.0,10800.0,9874.074074074075,9874.074074074075,9874.074074074075,9874.074074074075,9874.074074074075,9874.074074074075,9874.074074074075,9874.074074074075,9874.074074074075,10624.074074074075,9905.472191061024,8979.546265135099,8120.116624290675,7321.403522810526,6569.47115402769,5884.958572661946,5276.334183773057,4722.691875695349,4219.078627034433,3752.1833117477718,3312.5415522205676,2910.180630207104,2542.781074651549,2227.180993493683,1958.4334356595334,1701.9211598796005,1437.4087095845869,1207.3169200771872,1207.3169200771872,1947.1790984269223,2697.1790984269223,3447.1790984269223,4197.179098426923,4947.179098426923,5697.179098426923,6447.179098426923,7744.352131986949,8494.352131986949,9244.352131986949,9994.352131986949,10744.352131986949,10744.352131986949,10744.352131986949,10744.352131986949,10744.352131986949,10744.352131986949,10452.016413489779,10162.072338998163,9845.003625540088,9471.02123595617,9054.516970192173,8592.96421028232,8098.989988060098,8098.989988060098,9268.379497915872,10018.379497915872,10768.379497915872,10799.999991052257,10799.999991052257,10799.999991052257,10799.999991052257,10799.999991052257,10799.999991052257,10799.999991052257,10799.999991052257,10799.999991052257,10799.999991052257,10799.999991052257,10799.999991052257,10799.999991052257,10799.999991052257,10799.999991052257,10799.999991052257,10348.425462962963,10348.425462962963,10348.425462962963,10348.425462962963,9521.773981481481,8680.312666666667,7817.553407407408,6957.977444444445,6114.5349259259265,5290.66825925926,4481.486444444445,3670.584,2836.6395555555555,2023.6815,1200.0,1200.0,1200.0,1200.0,1200.0,1200.0,1200.0,1200.0,1200.0,1925.0074800000002,1925.0074800000002,1925.0074800000002,1925.0074800000002,1925.0074800000002,1925.0074800000002,1259.6849614814819,1204.6868874074075,1204.6868874074075,1204.6868874074075,1204.6868874074075,1204.6868874074075
2025-02-07,3019.6233859847807,3019.6233859847807,3019.6233859847807,3019.6233859847807,3019.6233859847807,3019.6233859847807,3769.6233859847807,4519.623385984781,5269.623385984781,5550.0,6300.0,7050.0,7800.0,8550.0,8550.0,8550.0,8550.0,8550.0,8550.0,8550.0,8550.0,8550.0,8550.0,8550.0,8550.0,8550.0,9300.0,9300.0,9300.0,9300.0,9300.0,9300.0,10050.0,10800.0,10800.0,10154.458036344864,10145.320023584818,9532.97553041666,8927.793566840059,8304.035765799594,7660.769784318112,7026.417760196471,6453.347665781893,5957.784963434712,5489.347713369851,5084.988749304152,4742.859638193041,4429.510220309785,4154.759296963711,3952.8396080307834,3795.2346049611183,3600.9414982678445,3345.348868638215,3133.0652623692836,3006.5698589228164,2947.9979465200304,2947.9979465200304,2994.5441223230555,3046.6764573230557,3120.986510370363,3216.6161244784935,3345.6283522330414,3466.8627902031253,3614.7711895503644,3820.475099550364,4056.886274253908,4564.721090238976,4835.231916219117,5135.990417999965,5482.987682289215,6232.987682289215,6982.987682289215,8537.127654843101,8537.127654843101,8537.127654843101,8537.127654843101,8537.127654843101,8537.127654843101,8779.978326902543,9163.088265608949,9471.76425810022,9762.186751076793,10030.588321076793,10268.182115081558,10450.321612550048,10588.175581753288,10689.027125282686,10753.907835,10800.0,10800.0,10800.0,10800.0,10800.0,10800.0,10800.0,10800.0,10800.0,10800.0,10800.0,10800.0,10800.0,10800.0,10800.0,10800.0,10800.0,10800.0,10800.0,10281.741722222223,9786.83425925926,9302.791666666668,8855.39014814815,8380.680962962964,7814.093925925928,7306.934962962964,6841.865166666667,6349.854055555556,5859.261407407408,5342.806796296297,4803.358648148149,4285.050222222223,3770.0035000000007,3205.6405370370376,2627.1852592592595,2090.9181481481482,1616.2051851851852,1616.2051851851852,1616.2051851851852,1616.2051851851852,1616.2051851851852,1200.0000122198842,1200.0000122198842,1946.3732699516013,2668.5206549516015,2204.4706549516013,1756.30804384049,1318.1200253219715,1210.9001496272917,1210.9001496272917,1210.9001496272917,1210.9001496272917,1210.9001496272917,1210.9001496272917,1210.9001496272917,1210.9001496272915
2025-02-08,1687.5950180066839,2437.595018006684,3187.595018006684,3937.595018006684,4687.595018006684,4687.595018006684,4687.595018006684,4687.595018006684,4687.595018006684,4687.595018006684,5437.595018006684,6187.595018006684,6937.594688874876,6937.594688874876,6937.594688874876,7687.594688874876,8437.594688874877,8437.594688874877,8437.594688874877,8437.594688874877,8437.594688874877,8437.594688874877,8437.594688874877,9187.594688874877,9187.594688874877,8599.442837023025,8599.442837023025,8599.442837023025,8373.094206926227,8373.094206926227,8373.094206926227,8373.094206926227,8373.094206926227,8373.094206926227,7791.494206926227,7185.967409524374,7769.628609703726,7230.528080097323,6676.921679440824,6095.971232531857,5506.593806605932,4945.233658968201,4454.069797838664,4036.114873267345,3633.0545800616264,3265.1053487746203,2960.669311737583,2771.7190665594994,2670.311917818738,2626.7404432858607,2626.7404432858607,2623.633319805165,2577.721949434794,2577.721949434794,2577.721949434794,2577.721949434794,2577.721949434794,2577.721949434794,2577.721949434794,2807.3524144369753,3008.3757125656975,3344.5632958616416,3690.4293050725087,4067.740665763404,4504.543470763404,4943.747755070108,5343.467801704123,5705.7176657556765,6012.586505282547,6344.252811280527,6708.732996280527,7012.257703846234,7875.184647397572,8208.383472252177,8631.524337252176,8631.524337252176,8631.524337252176,9025.175695147187,9395.259204434866,9712.449224375665,9942.281499626215,10134.254855509518,10271.763005509518,10407.370476442038,10506.0807010516,10572.316397602293,10668.875670713272,10752.382065,10800.0,10800.0,10800.0,10800.0,10742.369436455243,10742.369436455243,10742.369436455243,10742.369436455243,10705.2889719807,10671.716284130292,10646.32011401705,10630.967482862645,10622.703407407405,10622.703407407405,10622.703407407405,10622.703407407405,10622.703407407405,10622.703407407405,10339.46487037037,9832.121,9296.249574074074,8783.321796296297,8296.178925925926,7814.559111111111,7311.223925925926,6828.783,6330.509759259259,5784.706055555555,5234.740388888888,4722.133333333333,4249.007407407407,3756.6706111111107,3253.673,2738.5785555555553,2223.0412037037036,1710.45,1200.0,1200.0,1200.0,1200.0,1200.0,1200.0,1200.0,1946.373345,2668.52073,3380.9772300000004,4126.521975000001,4872.102855000001,4872.102855000001,5618.376075000001,6358.988505000001,7092.271005000001,7818.872580000001,8557.456740000001,9306.457735368695,9306.457735368696
2025-02-09,9733.626704999999,9733.626704999999,9733.626704999999,9733.626704999999,9733.626704999999,9733.626704999999,9284.819564096091,9284.819564096091,10034.819564096091,10034.819564096091,10034.819564096091,10034.819564096091,10034.819564096091,10034.819564096091,10034.819564096091,10034.819564096091,10034.819564096091,10034.819564096091,10034.819564096091,10784.819,10784.819,10050.0,10050.0,10050.0,10050.0,10050.0,10050.0,10050.0,10050.0,10050.0,10050.0,10050.0,10050.0,10800.0,10800.0,10800.0,9996.853577817865,9996.853577817865,9070.92765189194,8174.777562811063,8174.777562811063,8174.777562811063,8174.777562811063,8174.777562811063,8174.777562811063,8924.777562811063,8924.777562811063,8088.879311184207,7327.0146022311,6609.004369554758,5943.69480440094,5325.040945802949,4757.319093951097,4224.271907198345,3726.2075520001263,3258.719967019808,2847.522476215392,2484.31587803003,2484.31587803003,2484.31587803003,2153.46591078844,2153.46591078844,2153.46591078844,2153.46591078844,2233.2740385811558,2983.2740385811558,3733.2740385811558,4483.274038581156,5233.274038581156,5952.746736758091,6682.138116758091,7342.983717629486,8217.982225677757,8964.854901493454,9699.856793754341,10417.719686601517,10800.0,10627.440779337423,10450.485062781943,10450.485062781943,10450.485062781943,10212.460545503076,9982.557323280855,9982.557323280855,9982.557323280855,9982.557323280855,9982.557323280855,9982.557323280855,9982.557323280855,9955.21049137532,10799.999989961334,10799.999989961334,10799.999989961334,10799.999989961334,10799.999989961334,10799.999989961334,10799.999989961334,10799.999989961334,10799.999989961334,10799.999989961334,10799.999989961334,10799.999989961334,10799.999989961334,10799.999989961334,10799.999989961334,10799.999989961334,10799.999989961334,10035.93167514652,9198.18067514652,8350.688082553927,7489.957064035408,6647.858934405778,5823.645971442815,4995.683675146518,4178.930730702074,3405.7844344057776,2596.239360331703,1991.518925925926,1991.518925925926,1991.518925925926,1200.0,1200.0,1200.0,1200.0,1200.0,1200.0,1200.0,1200.0,1200.0,1200.0,1200.0,1200.0,1200.0,1200.0,1200.0,1200.0,1200.0,1200.0,1200.0,1200.0,1200.0,1200.0,1200.0,1200.0
2025-02-10,2405.9640287423717,3155.9640287423717,3905.9640287423717,3905.9640287423717,4655.964028742372,5405.964028742372,6155.964028742372,6905.964028742372,7655.964028742372,8405.964028742372,8405.964028742372,8405.964028742372,8405.964028742372,8405.964028742372,8405.964028742372,8405.964028742372,9155.964028742372,9155.964028742372,9155.964028742372,9155.964028742372,9905.964028742372,9905.964028742372,9905.964028742372,9905.964028742372,9905.964028742372,9905.964028742372,9905.964028742372,9905.964028742372,9905.964028742372,9905.964028742372,9905.964028742372,10050.0,10800.0,10800.0,10800.0,10800.0,9857.375925925926,8931.45,8005.524074074075,7079.5981481481485,6901.929081482603,6901.929081482603,6901.929081482603,6901.331745426649,6901.331745426649,6901.331745426649,6901.331745426649,6121.481582045962,5422.96290728853,4741.086782292633,4144.448230383398,3626.9189539227814,3155.061694663522,2697.3118939857973,2306.054082392055,2015.399719270936,1737.9493864864282,1512.900403564038,1389.5065702307047,1389.5065702307047,1389.5065702307047,1389.5065702307047,1265.2570357899278,1200.0001040551042,1227.1051490551042,1977.1051490551042,2727.1051490551044,3477.1051490551044,4227.105149055104,4977.105149055104,5727.105149055104,6477.105149055104,7197.474613707411,7947.474613707411,8697.47461370741,9447.47461370741,10197.47461370741,10232.356061511286,10232.356061511286,10232.356061511286,10232.356061511286,10232.356061511286,10232.356061511286,10232.356061511286,10232.356061511286,10232.356061511286,10232.356061511286,9832.427721939057,9832.427721939057,10049.999993510291,10790.773042558529,10790.773042558529,10799.999988185125,10799.999988185125,10799.999988185125,10799.999988185125,10799.999988185125,10799.999988185125,10796.255513043165,10794.398912544915,10794.398912544915,10794.398912544915,10794.398912544915,10794.398912544915,10794.398912544915,10794.398912544915,10794.398912544915,10001.080190322693,9175.81698661899,8359.924394026397,7554.01085698936,6760.105153285656,5969.045894026397,5969.045894026397,5969.045894026397,5136.327375507879,4316.819819952323,3598.252648148148,2787.6359814814814,1989.8397777777777,1989.8397777777777,1989.8397777777777,1989.8397777777777,1200.0,1200.0,1200.0,1200.0,1200.0,1200.0,1200.0,1200.0,1200.0,1200.0,1200.0,1200.0,1200.0,1200.0,1945.96947,1945.96947,1945.96947,1945.96947,1945.96947,1945.96947,1945.96947
2025-02-11,3115.40141838101,3865.40141838101,4615.40141838101,5365.40141838101,6115.40141838101,6865.40141838101,6865.40141838101,6865.40141838101,6865.40141838101,7615.40141838101,8365.40141838101,9115.40141838101,9115.40141838101,9115.40141838101,9115.40141838101,9115.40141838101,9115.40141838101,9115.40141838101,9115.40141838101,9115.40141838101,9115.40141838101,9115.40141838101,9115.40141838101,9115.40141838101,9115.40141838101,9115.40141838101,9115.40141838101,9115.40141838101,9115.40141838101,9300.0,10050.0,10050.0,10050.0,10800.0,10800.0,10800.0,9874.074074074075,9874.074074074075,8950.781952511712,8047.811414047496,7192.541765899348,7192.541765899348,6700.741984710967,6680.304997717443,6652.158732881463,7360.114362247567,7313.687399284605,6482.774601949491,5727.2013309176255,4998.752545655896,4385.173180003341,3839.353307116263,3323.7423071162625,2891.402700901632,2499.262578554215,2118.7755097222753,1808.7283483207652,1559.4548291989781,1343.0264958656448,1200.0,1200.0,1200.0,1200.0,1200.0,1205.784255,1910.7216051573942,2660.721605157394,3405.867137954619,4153.217599137018,4854.487075955366,5557.688860955366,6224.045936693579,6370.717506443937,7120.717506443937,7870.717506443937,8620.717506443936,9370.717506443936,9353.679295517908,9353.679295517908,9353.679295517908,9353.679295517908,9317.539260881947,9262.077649770836,9262.077649770836,9262.077649770836,9058.233654890204,8825.709000420846,8550.000091747605,8550.000091747605,9300.000091747605,10009.998699819738,10009.998699819738,10049.999989679309,10799.999989679309,10799.999989679309,10799.999989679309,10799.999989679309,10799.999989679309,10799.999989679309,10799.999989679309,10799.999989679309,10799.999989679309,10799.999989679309,10799.999989679309,10799.999989679309,10799.999989679309,10799.999989679309,10031.387063753382,9245.550193383011,8437.265008197826,7617.558693383011,6793.585693383011,5994.939397086715,5994.939397086715,5206.470314814815,4404.7055,4404.7055,4404.7055,3556.146240740741,2767.0082962962965,2022.0685,2022.0685,2022.0685,1200.0,1200.0,1200.0,1200.0,1200.0,1200.0,1200.0,1200.0,1200.0,1200.0,1200.0,1200.0,1200.0,1200.0,1200.0,1200.0,1200.0,1200.0,1200.0,1200.0,1200.0
2025-02-12,1551.0964688888882,2301.096468888888,3051.096468888888,3801.096468888888,4551.096468888888,5301.096468888888,5301.096468888888,5301.096468888888,6051.096468888888,6051.096468888888,6051.096468888888,6801.096468888888,7551.096468888888,7551.096468888888,7551.096468888888,7551.096468888888,7551.096468888888,7551.096468888888,8301.096468888889,9051.096468888889,9801.096468888889,10050.0,10050.0,10050.0,10050.0,10050.0,10050.0,10050.0,10050.0,10050.0,10050.0,10050.0,10050.0,10800.0,10800.0,10800.0,9874.074074074075,9874.074074074075,8948.14814814815,8034.532635213149,8034.532635213149,8034.532635213149,7202.158287086796,6472.736793937269,6472.736793937269,7222.736629568884,6715.97560066622,5876.211703449523,5169.922424676937,4514.787919424891,3940.7455282443966,3450.2981158932557,3029.897375152515,2634.60934261101,2285.1286291982433,1993.4262191623948,1703.259394643689,1462.0403406455048,1318.1677295343939,1318.1677295343939,1318.1677295343939,1200.0,1200.0,1200.0,1200.0,1950.0,2700.0,3450.0,4200.0,4950.0,5700.0,6450.0,6533.181257037796,7283.181257037796,8033.181257037796,8783.181257037795,9533.181257037795,9594.70260317148,9594.70260317148,9594.70260317148,9594.70260317148,9476.41981066008,9476.41981066008,9476.41981066008,9476.41981066008,9221.043906134511,8946.403683318042,8618.745192836792,8618.745192836792,8618.745192836792,10054.976724356151,10799.999989664673,10799.999989664673,10799.999989664673,10799.999989664673,10799.999989664673,10799.999989664673,10799.999989664673,10799.999989664673,10799.999989664673,10799.999989664673,10799.999989664673,10799.999989664673,10799.999989664673,10799.999989664673,10799.999989664673,10799.999989664673,9992.578952627637,9163.958174849859,8393.787804479489,7707.033790740741,6869.991587037037,6065.421216666667,6065.421216666667,6065.421216666667,5254.748994444444,4444.627568518518,3639.477661111111,3639.477661111111,2837.4268648148145,2034.5006055555552,2034.5006055555552,2034.5006055555552,1237.831198148148,1237.831198148148,1237.831198148148,1237.831198148148,1237.831198148148,1237.831198148148,1237.831198148148,1237.831198148148,1237.831198148148,1962.9150431481478,1962.9150431481478,1962.9150431481478,2355.679833333333,3093.5643333333333,3093.5643333333333,2478.6127592592593,2478.6127592592593,2478.6127592592593,2478.6127592592593,1858.9331296296295,1200.0
2025-02-13,2198.038960150141,2948.038960150141,3698.038960150141,4448.038960150141,5198.038960150141,5948.038960150141,5948.038960150141,5948.038960150141,5948.038960150141,6698.038960150141,7448.038960150141,7448.038960150141,7448.038960150141,8198.038960150141,8948.038960150141,9299.450372050582,9299.450372050582,9299.450372050582,10049.450372050582,10799.450372050582,10799.450372050582,10799.450372050582,10799.450372050582,10050.0,10050.0,10800.0,10800.0,10800.0,10800.0,10800.0,10800.0,10800.0,10800.0,10800.0,10800.0,9874.074074074075,9423.587257407411,9423.587257407411,8497.661331481486,7611.78239061533,6767.403483207922,5961.713378649882,5242.045439386023,5242.045439386023,5242.045439386023,5992.045439386023,5992.045439386023,5123.21883333929,4390.873255353949,3733.804577579748,3144.757861692907,2641.4887178227323,2231.432384489399,1900.404376721552,1643.537039775841,1471.135848010058,1315.464609788582,1216.1975185185183,1200.0,1200.0,1200.0,1229.4935025617783,1269.456980126671,1313.7515699030964,1800.0,2550.0,3300.0,4050.0,4800.0,5550.0,6300.0,7050.0,7356.957582068652,8106.957582068652,8856.957582068651,9606.957582068651,10356.957582068651,10408.969841757693,10380.926150502322,10420.677325166362,10300.63066428119,10195.482023980721,10104.115227684426,10104.115227684426,10104.115227684426,10104.115227684426,10104.115227684426,9805.423142774387,9805.423142774387,10555.423142774387,10800.0,10800.0,10800.0,10800.0,10782.971992159848,10763.81072624946,10745.389054167068,10726.760459560011,10726.760459560011,10713.560057785075,10709.248553777286,10709.248553777286,10693.062952486383,10691.795148148149,10691.795148148149,10691.795148148149,10691.795148148149,9913.877185185185,9098.388333333334,8296.812407407408,8296.812407407408,7496.088333333333,6652.443888888889,6059.3836666666675,6059.3836666666675,5265.4355185185195,4486.677407407408,4486.677407407408,4486.677407407408,4486.677407407408,3672.529166666667,2842.651388888889,2012.623425925926,1200.0,1200.0,1200.0,1200.0,1200.0,1200.0,1200.0,1200.0,1200.0,1200.0,1200.0,1945.5552964607132,1945.5552964607132,1945.5552964607132,1945.5552964607132,1945.5552964607132,1945.5552964607132,1275.4115742384909,1207.4940372014537,1207.4940372014537,1207.4940372014537
2025-02-14,1814.690149444447,1814.690149444447,2564.690149444447,3314.690149444446,4064.690149444446,4814.690149444446,5564.690149444446,5564.690149444446,5564.690149444446,5564.690149444446,5564.690149444446,6314.690149444446,7064.690149444446,7814.690149444446,7814.690149444446,7814.690149444446,7814.690149444446,7814.690149444446,7814.690149444446,7814.690149444446,7217.615779074076,7217.615779074076,7217.615779074076,7217.615779074076,7217.615779074076,7217.615779074076,7940.206803757969,7940.206803757969,7940.206803757969,7940.206803757969,7366.206822276487,6816.273488943154,7566.273488943154,8316.273488943154,7767.043859313524,7188.907158112728,7601.166688601543,7041.178354761926,6485.128834905033,5913.232285711711,5332.245952378377,4807.241315852396,4348.353623417865,3964.0706713986547,3683.8782872879083,3474.356010180359,3273.1840472173963,3127.970812186163,3050.096521393326,3022.2831985227,3022.2831985227,3022.2831985227,3022.2831985227,3022.2831985227,3022.2831985227,3022.2831985227,3022.2831985227,3022.2831985227,3022.2831985227,3022.2831985227,3022.2831985227,3061.1212283145246,3311.0428320804513,3601.981875170642,3899.416965170642,4183.871079556708,4506.144616369678,4793.849659438993,5088.306419166342,5382.899650018768,5658.785995018768,5983.093732799105,6983.435119869078,6983.435119869078,7429.0977676468565,7879.525659417379,7912.439441182173,7912.439441182173,8288.78408262902,8672.96164426666,9014.035701220217,9348.668171880474,9666.039176880475,9931.848889033883,10154.335933042668,10367.098226686016,10520.389429806213,10618.517294189645,10711.583324189645,10772.936593021734,10800.0,10800.0,10800.0,10800.0,10800.0,10757.617628274025,10757.617628274025,10757.617628274025,10715.470752479676,10684.064484508503,10669.619758665734,10657.440880308313,10642.837812297941,10634.521055555555,10634.521055555555,10634.521055555555,10634.521055555555,10131.28124074074,9654.473074074072,9179.602703703702,8654.577240740738,8104.12635185185,7567.863388888887,7043.487444444443,6535.3324814814805,6040.328777777777,5516.320870370369,4981.795888888888,4454.564407407406,3940.182851851851,3443.4879629629622,2922.791666666666,2365.2574259259254,1795.708574074073,1258.8882037037026,1258.8882037037026,1258.8882037037026,1258.8882037037026,1258.8882037037026,1200.0,1200.0,1200.0,1934.7466368624573,1934.7466368624573,1934.7466368624573,1934.7466368624573,1654.4570185185185,1654.4570185185185,1200.0,1200.0,1200.0,1200.0,1200.0,1200.0
2025-02-15,1743.4012021275912,1743.4012021275912,2493.401202127591,3243.401202127591,3993.401202127591,4743.401202127591,4743.401202127591,4743.401202127591,5493.401202127591,6243.401202127591,6243.401202127591,6243.401202127591,6243.401202127591,6243.401202127591,6243.401202127591,6245.532495386034,6245.532495386034,6245.532495386034,6245.532495386034,6245.532495386034,6995.532495386034,7745.532495386034,8495.532495386034,8495.532495386034,8495.532495386034,8495.532495386034,7908.669736126774,7908.669736126774,7908.669736126774,7328.618922616273,7328.618922616273,7328.618922616273,7328.618922616273,7328.618922616273,6750.72633002368,6199.031490509845,6602.005182313962,6035.584173469193,5538.9385260426425,5053.626093170387,4507.35368576298,3951.9988120295466,3438.6270829588507,2999.2407158376204,2646.981858470261,2375.278601006544,2183.885378784322,2084.5988935298806,2048.523486894141,2037.418810856839,2037.418810856839,2037.418810856839,2037.418810856839,2037.418810856839,2037.418810856839,2037.418810856839,2037.418810856839,2037.418810856839,2037.418810856839,2037.418810856839,2037.418810856839,2037.418810856839,2037.418810856839,2037.418810856839,2037.418810856839,2148.0337008075126,2523.8748858375966,2908.7649829870675,3291.0845523064704,3654.601440521099,3998.424900521099,4401.842899040379,6969.940761158376,6969.940761158376,6969.940761158376,6969.940761158376,7402.783428504886,7402.783428504886,7863.621714895826,8291.828228001625,8690.048419843371,9092.233915103776,9462.881935103776,9777.873020784009,10016.311076739365,10231.325940448207,10431.799685912758,10574.03037005547,10681.47846005547,10771.514828048546,10800.0,10800.0,10800.0,10800.0,10800.0,10800.0,10800.0,10800.0,10800.0,10800.0,10800.0,10800.0,10800.0,10800.0,10800.0,10800.0,10800.0,10281.250685185185,9768.275425925925,9276.525425925925,8786.17911111111,8280.575462962963,7746.706944444444,7210.8071481481475,6693.297574074073,6178.5531296296285,5656.421129629629,5136.930351851851,4630.693314814814,4124.041555555555,3610.158314814814,3076.780537037036,2507.958277777777,1964.6149074074065,1484.0593518518508,1686.1135555555556,1686.1135555555556,1686.1135555555556,1686.1135555555556,1200.0,1200.0,1937.396904299772,2662.480749299772,2662.480749299772,2662.480749299772,2662.480749299772,2662.480749299772,2662.480749299772,2662.480749299772,2662.480749299772,2662.480749299772,2662.480749299772,2662.480749299772,2662.480749299772
2025-02-16,3515.5314612962957,3515.5314612962957,3515.5314612962957,3515.5314612962957,4265.531461296296,5015.531461296296,5765.531461296296,5765.531461296296,6300.0,7050.0,7800.0,7800.0,7800.0,7800.0,7800.0,7800.0,7800.0,8550.0,8550.0,8550.0,9300.0,9300.0,9300.0,9300.0,9300.0,9300.0,10050.0,10800.0,10800.0,10800.0,10800.0,10800.0,10800.0,10800.0,10800.0,9874.074074074075,9871.38888888889,8945.462962962965,8945.462962962965,8945.462962962965,8945.462962962965,8945.462962962965,8945.462962962965,8945.462962962965,8945.462962962965,8945.462962962965,8079.036962962966,7323.404334407501,6670.803756273138,6040.010971644653,5498.86026803775,5026.506024767035,4565.835635878147,4095.319507069443,3654.207038193758,3286.357831061778,2970.4650345823698,2683.816468042671,2414.635542116745,2164.453168144209,1956.6368666489009,1701.8348955163658,1635.188586427506,1474.7892308303717,1474.7892308303717,2224.7892308303717,2974.7892308303717,3724.7892308303717,4474.789230830372,5224.789230830372,5974.789230830372,6724.789230830372,6353.090097938135,7103.090097938135,7853.090097938135,8603.090097938135,9353.090097938135,9354.599032488666,9354.599032488666,9354.599032488666,9354.599032488666,9354.599032488666,9354.599032488666,9354.599032488666,9354.599032488666,9225.88365018829,9018.690621272195,8767.150285846234,8767.150285846234,9517.150285846234,10799.999991849365,10799.999991849365,10799.999991849365,10799.999991849365,10799.999991849365,10799.999991849365,10799.999991849365,10799.999991849365,10799.999991849365,10799.999991849365,10799.999991849365,10799.999991849365,10799.999991849365,10799.999991849365,10799.999991849365,10799.999991849365,10799.999991849365,10004.807214071587,9167.446084441957,8345.566454812328,7530.967362219735,7530.967362219735,7530.967362219735,6715.4653066641795,5902.783158516031,5093.999825182697,5093.999825182697,4256.642251108623,3451.9700288864005,3451.9700288864005,3451.9700288864005,2678.6348437012157,2009.0927962962965,1200.0,1200.0,1200.0,1200.0,1200.0,1200.0,1200.0,1200.0,1937.3969100000002,2661.350205,2661.350205,2661.350205,2661.350205,2661.350205,2661.350205,2661.350205,2661.350205,2661.350205,2661.350205,2661.350205,2661.350205
2025-02-17,3789.6330949783205,4539.6330949783205,4800.0,5550.0,6300.0,7050.0,7050.0,7050.0,7050.0,7800.0,8550.0,8550.0,9300.0,10050.0,10050.0,10050.0,10050.0,10050.0,10050.0,10050.0,10050.0,10800.0,10800.0,10800.0,10050.000051508723,10050.000051508723,10050.000051508723,10050.000051508723,10050.000051508723,10050.000051508723,10050.000051508723,10050.000051508723,10050.000051508723,10800.0,10800.0,10087.125130901508,9874.074074074075,8948.14814814815,8022.2222222222235,8022.2222222222235,8022.2222222222235,7253.393151346744,7253.393151346744,7253.393151346744,7253.393151346744,7253.393151346744,6449.965429124522,5680.973558419569,4996.557603880805,4371.487916358942,3841.145943123634,3378.6676301560797,2976.1493708968205,2602.2390265429553,2254.735766741238,1934.3453169246827,1675.2209194437778,1488.955152067616,1306.7794854009494,1257.072107525416,1257.072107525416,1257.072107525416,1257.072107525416,1200.0,1200.0,1950.0,2700.0,3450.0,4200.0,4950.0,5700.0,6450.0,7119.133896006544,7869.133896006544,8619.133896006544,9369.133896006544,10119.133896006544,10148.656581123856,10187.254821727438,10240.588907659096,10296.493495094439,10319.18731623211,10319.22030123211,10319.22030123211,10225.70526123161,10142.29025843853,9958.091549539016,9697.423191323644,9344.202272439716,10094.202272439716,10800.0,10800.0,10800.0,10800.0,10794.681412611317,10794.681412611317,10794.324988816277,10794.324988816277,10794.588637208248,10799.999952896744,10799.999952896744,10799.999952896744,10799.999952896744,10799.999952896744,10799.999952896744,10799.999952896744,10799.999952896744,10799.999952896744,10076.727907407409,10076.727907407409,9283.342222222223,8448.018907407408,7598.3133518518525,6802.91762962963,6023.217018518519,5212.442944444445,5212.442944444445,4395.46012962963,3590.404574074074,2795.925888888889,2012.5003333333332,2012.5003333333332,2012.5003333333332,1200.0,1200.0,1200.0,1200.0,1200.0,1200.0,1200.0,1200.0,1200.0,1200.0,1200.0,1852.244392037037,1852.244392037037,1852.244392037037,1852.244392037037,1852.244392037037,1852.244392037037,1852.244392037037,1852.244392037037,1852.244392037037,1203.3517994444442
2025-02-18,2990.9809298810387,3740.9809298810387,3740.9809298810387,3740.9809298810387,3740.9809298810387,4490.980929881039,5240.980929881039,5990.980929881039,6740.980929881039,6740.980929881039,6740.980929881039,7490.980929881039,8240.98092988104,8240.98092988104,8240.98092988104,8240.98092988104,8240.98092988104,8240.98092988104,8550.0,8550.0,8550.0,8550.0,8550.0,9300.0,9300.0,9300.0,9300.0,9300.0,9300.0,9300.0,9300.0,9300.0,10050.0,10800.0,10800.0,10800.0,9541.017677534011,8621.15684019975,7704.113143058255,7612.649809089899,7612.649809089899,7612.649809089899,7612.649809089899,7612.649809089899,7612.649809089899,7612.649809089899,6796.969623904713,5989.725687285982,5271.641035213283,4608.5367685897745,4026.9101322585466,3494.82455768714,2982.535983613066,2510.7324440274715,2108.4147126183866,1791.028886751778,1532.1707804917428,1340.5778703703702,1200.0,1200.0,1200.0,1200.0,1200.0,1200.0,1200.0,1869.507135365434,2619.507135365434,3369.507135365434,3957.871748647611,4707.871748647611,5457.871748647611,6207.871748647611,8031.05245402998,8604.101485840147,9250.70383671193,9937.542654500152,10623.255309500153,10603.244301592988,10603.244301592988,10626.63130966475,10616.314610425941,10579.636045120205,10528.620526601688,10401.018102755252,10235.79541743595,10036.535872001652,9793.238421894983,9490.31666964869,9143.65766964869,9800.700776671083,9990.884394320521,10010.017611980837,10760.017611980837,10773.989616318824,10799.999988425792,10799.999988425792,10799.999988425792,10799.999988425792,10799.999988425792,10799.999988425792,10799.999988425792,10799.999988425792,10799.999988425792,10799.999988425792,10799.999988425792,10799.999988425792,10799.999988425792,10028.628618055422,9224.115581018385,8523.725537037037,7712.291370370371,6901.211796296297,6085.856240740741,5280.479555555556,4469.382351851852,4469.382351851852,4469.382351851852,4469.382351851852,4469.382351851852,3660.2057222222224,3660.2057222222224,2827.5038703703704,2015.316277777778,1200.0,1200.0,1200.0,1200.0,1200.0,1200.0,1200.0,1200.0,1200.0,1200.0,1200.0,1200.0,1200.0,1200.0,1200.0,1200.0,1200.0,1200.0,1200.0,1947.0645000000002,2691.0849433071526
2025-02-19,3318.384159370218,4050.0,4800.0,4800.0,4800.0,5550.0,6300.0,7050.0,7050.0,7050.0,7050.0,7800.0,8550.0,9300.0,10050.0,10050.0,10050.0,10050.0,10050.0,10050.0,10800.0,10800.0,10800.0,10800.0,10800.0,10800.0,10800.0,10800.0,10800.0,10800.0,10800.0,10800.0,10800.0,10800.0,10800.0,9874.074074074075,9873.716666666667,8947.790740740742,8021.864814814816,8021.864814814816,8021.864814814816,7635.371868502964,7635.371868502964,7635.371868502964,7635.371868502964,7635.371868502964,6852.225387021483,6110.776084916312,5453.99109842698,4807.790889796691,4196.506607628442,3656.136260930887,3202.2096683382943,2812.796182938354,2428.5675030281277,2054.0253821890246,1774.5382310432633,1574.6327985915243,1402.200891184117,1282.8501396198299,1222.3287761258853,1205.949827396614,1200.0000723323492,1223.846756142623,1297.058081142623,2018.977323114288,2768.977323114288,3512.1323232622526,4262.132323262253,5012.132323262253,5762.132323262253,6512.132323262253,6430.666869757645,7180.666869757645,7930.666869757645,8680.666869757646,9430.666869757646,9438.109566180245,9438.109566180245,9438.109566180245,9346.583468630992,9221.725265117206,9113.267505857946,9078.65119445053,8826.612833566545,8532.83078271207,8163.513172631296,7741.829100692567,7741.829100692567,8491.829085053165,10746.561585840585,10799.999992379868,10799.999992379868,10799.999992379868,10799.999992379868,10777.034978420845,10754.004962559284,10736.222391601646,10724.948598618736,10720.37330889308,10715.581282256167,10715.581282256167,10715.581282256167,10715.581282256167,10715.581282256167,10715.581282256167,10715.581282256167,9921.962337811723,9088.506282256167,8271.767393367278,7442.66148595987,6639.992504478389,6639.992504478389,6639.992504478389,6639.992504478389,5799.175837811722,4995.596319293203,4429.103833333334,4429.103833333334,3609.12112962963,2818.4146111111113,2014.742388888889,2014.742388888889,1200.0,1200.0,1200.0,1200.0,1200.0,1200.0,1200.0,1200.0,1200.0,1200.0,1200.0,1200.0,1200.0,1200.0,1200.0,1200.0,1200.0,1200.0,1200.0,1200.0,1200.0
2025-02-20,1469.5297692253146,2219.5297692253143,2969.5297692253143,2969.5297692253143,2969.5297692253143,3719.5297692253143,4469.529769225314,5219.529769225314,5969.529769225314,5969.529769225314,5969.529769225314,5969.529769225314,6719.529769225314,7469.529769225314,7469.529769225314,7469.529769225314,7800.0,7800.0,7800.0,7800.0,7800.0,7800.0,7800.0,8550.0,9300.0,9300.0,9300.0,9300.0,9300.0,9300.0,10050.0,10050.0,10050.0,10800.0,10800.0,10049.442649504046,9874.074074074075,8975.477232752992,8049.551306827066,7158.141803028184,7158.141803028184,7158.141803028184,7158.141803028184,7158.141803028184,7158.141803028184,7158.141803028184,6356.38809932448,5625.600570868525,4989.563222993475,4384.255490894868,3857.8596228271917,3388.769144062988,2967.5168848037288,2582.457123084341,2257.7330778454525,1953.0810873474747,1709.6968575358828,1509.8379289879088,1509.8379289879088,1509.8379289879088,1509.8379289879088,1509.8379289879088,1509.8379289879088,1509.8379289879088,1620.3423555564787,2370.3423555564787,3120.3423555564787,3870.3423555564787,4620.342355556479,5370.342355556479,6120.342355556479,6870.342355556479,6678.643042877492,7428.643042877492,8178.643042877492,8928.643042877491,9678.643042877491,9718.876197594804,9733.280111981225,9746.455974644274,9746.455974644274,9746.455974644274,9746.455974644274,9730.91918729168,9689.815042540633,9689.815042540633,9689.815042540633,9472.141775429387,9254.946221462307,10004.946221462307,10800.0,10800.0,10800.0,10800.0,10800.0,10800.0,10800.0,10800.0,10771.050407039655,10756.976501829557,10738.151723460001,10730.904182372738,10719.055305360178,10717.668037037038,10717.668037037038,10717.668037037038,10717.668037037038,10717.668037037038,9912.510074074075,9119.184148148148,8298.024648148148,7498.019925925926,6709.927333333333,5891.816481481481,5891.816481481481,5048.723888888888,4199.198499999999,3598.342574074074,3598.342574074074,2802.165296296296,1998.8387592592594,1998.8387592592594,1998.8387592592594,1200.0,1200.0,1200.0,1200.0,1200.0,1200.0,1200.0,1200.0,1200.0,1949.3926612443706,1949.3926612443706,1949.3926612443706,1301.041179762889,1301.041179762889,1301.041179762889,1301.041179762889,1207.7558093925188,1207.7558093925188,1207.7558093925188,1207.7558093925188,1207.7558093925188
2025-02-21,2443.261071834161,3193.261071834161,3943.261071834161,4693.261071834161,4693.261071834161,5443.260135625482,6193.260135625482,6943.260135625482,6943.260135625482,6943.260135625482,6943.260135625482,7693.260135625482,8443.260135625482,9193.260135625482,9193.260135625482,9193.260135625482,9193.260135625482,9193.260135625482,9193.260135625482,9193.260135625482,9193.260135625482,9193.260135625482,9193.260135625482,9193.260135625482,9193.260135625482,9193.260135625482,8612.025968958817,8015.380431921779,8015.380431921779,8015.380431921779,8015.380431921779,8015.380431921779,8015.380431921779,7687.172768850004,7062.483879961115,6453.116521092501,7044.563085681584,6500.271850932082,5996.718357198326,5456.923421374454,4881.835088041121,4396.20460608142,3981.0656949250447,3593.156956821639,3274.559906748957,2991.5089061749923,2733.5148321009183,2579.345950075431,2487.436286040522,2416.7471670545606,2416.7471670545606,2416.7471670545606,2375.7570189064127,2371.411977235124,2371.411977235124,2371.411977235124,2371.411977235124,2371.411977235124,2371.411977235124,2371.411977235124,2485.8499036315384,2485.8499036315384,2782.125072841367,3106.509848204392,3447.9777382043917,3797.214384209512,4189.240813843831,4589.791154276972,4968.198974094132,5354.727395911994,5787.657005911994,6228.352560811217,8784.595873762388,8784.595873762388,8784.595873762388,8784.595873762388,8784.595873762388,8784.595873762388,8784.595873762388,8784.595873762388,8784.595873762388,8936.83591959543,9281.51694459543,9627.9024932597,9894.761806587367,10126.721834633756,10291.37804936487,10429.029626487838,10569.513701487838,10666.302804685103,10800.0,10800.0,10800.0,10800.0,10800.0,10800.0,10800.0,10796.140446154952,10787.18443314341,10781.658134854499,10774.771016177503,10767.541255094739,10765.650378460172,10765.650378460172,10765.650378460172,10765.650378460172,10477.261568501448,9953.39867961256,9436.915698131077,8937.074957390336,8411.041272205151,7895.236549982929,7388.214327760707,6861.677512945893,6352.778290723671,5878.256068501449,5377.017901834782,4846.669161094041,4323.780272205152,3812.8986425755224,3296.6819203533,2770.1967351681146,2236.2480499829294,1716.0703833162627,1200.0000129458924,1200.0000129458924,1200.0000129458924,1200.0000129458924,1200.0000129458924,1200.0000129458924,1200.0000129458924,1944.6691479458923,2694.061827945892,2694.061827945892,2251.2724390570033,2251.2724390570033,2251.2724390570033,1796.1895501681145,1796.1895501681145,1796.1895501681145,1796.1895501681145,1796.1895501681145,1796.1895501681145,1796.1895501681108
2025-02-22,3044.9735599565447,3794.9735599565447,3794.9735599565447,3794.9735599565447,3794.9735599565447,3794.9735599565447,4544.973559956545,4544.973559956545,4544.973559956545,5294.973559956545,6044.973559956545,6794.973559956545,7544.972259179374,7544.972259179374,7544.972259179374,7544.972259179374,7544.972259179374,8294.972259179374,8294.972259179374,7782.190777697893,7782.190777697893,7782.190777697893,7782.190777697893,7782.190777697893,7782.190777697893,7782.190777697893,7662.0074753945,7662.0074753945,7662.0074753945,7662.0074753945,7662.0074753945,7662.0074753945,7079.747697616723,7079.747697616723,6433.640290209315,5820.1432149829925,6369.90722781331,5829.6253910002415,5317.704187124345,4806.926630710072,4287.320927006368,3868.189192663489,3497.826328528703,3140.652278264839,2866.8930036188785,2693.5441389031434,2536.332657421662,2410.4391245179813,2372.7080787909526,2372.7080787909526,2372.7080787909526,2372.7080787909526,2372.7080787909526,2372.7080787909526,2372.7080787909526,2372.7080787909526,2372.7080787909526,2372.7080787909526,2513.7032518062306,2763.200539635488,3000.8998341074694,3302.1717996794305,3655.822074146489,4045.324467577987,4414.652052577987,4757.6400190196255,5119.525190279355,5486.413477083935,5854.590219380466,6210.716458952298,6554.137618952298,6894.451480220605,7737.94768617167,7737.94768617167,7737.94768617167,7737.94768617167,7737.94768617167,7954.0698630340175,8311.135644344766,8650.57078885606,8991.318170294116,9285.642782046307,9565.162577046307,9882.413218347388,10147.559010206014,10391.558499937533,10566.761940823735,10689.56816357373,10765.86222857373,10796.134494148231,10800.0,10800.0,10800.0,10800.0,10800.0,10763.066250089027,10727.512254947223,10693.437680416751,10686.47880988588,10694.215757845619,10695.576504056433,10695.576504056433,10695.576504056433,10697.725629629631,10697.725629629631,10697.725629629631,10580.409148148146,10049.67048148148,9513.64411111111,9026.792259259259,8526.901388888888,8007.385425925925,7473.72987037037,6976.470925925925,6495.738166666666,5975.777055555555,5402.540851851852,4832.059388888889,4302.976055555556,3790.6726851851854,3279.130462962963,2761.406388888889,2241.5399444444447,1730.927777777778,1200.0,1200.0,1200.0,1200.0,1200.0,1200.0,1200.0,1945.4226749999998,2692.5877199999995,2692.5877199999995,3439.3433099999993,4181.520509999999,4921.484009999999,4921.484009999999,4921.484009999999,4921.484009999999,4921.484009999999,5664.207639964716,5664.207639964716,4989.729806631383
2025-02-23,6362.775812257611,6362.775812257611,6362.775812257611,6362.775812257611,6362.775812257611,6362.775812257611,7112.775812257611,7862.775812257611,7862.775812257611,7862.775812257611,8612.77581225761,8612.77581225761,9300.0,9300.0,9300.0,9300.0,9300.0,9300.0,9300.0,9300.0,9300.0,9300.0,10050.0,10800.0,10800.0,10800.0,10800.0,10800.0,10800.0,10800.0,10800.0,10800.0,10800.0,10800.0,10800.0,9874.074074074075,9750.722658676754,8824.796732750829,7898.8708068249025,7030.512722249377,7028.3891296567845,7025.839950888614,7025.839950888614,7023.854303106283,7023.854303106283,7423.666258878262,6617.448203322707,5860.791807194004,5190.412872668675,4594.1079591617,4113.942855700079,3710.740306418257,3355.7837878997384,3046.833535542359,2738.0430412610135,2416.5185116167286,2147.4302342652495,1923.8852378316021,1715.07088597975,1523.8802905919993,1367.0354734529224,1241.4907321959945,1200.0,1200.0,1200.85797,1884.139071390637,2614.696310829076,3317.1328731307835,4043.19187347322,4772.734498969742,5492.808553969743,6235.6525527704,6538.0963343657295,7288.0963343657295,8038.0963343657295,8788.09633436573,9538.09633436573,9577.496431326586,9602.833568582739,9609.299533701089,9609.299533701089,9542.871745425375,9428.942393573523,9428.942393573523,9340.003918104998,9209.789045218287,8978.876962881779,8742.395789550592,8742.395789550592,8742.395789550592,10658.14993290417,10799.999992360348,10799.999992360348,10799.999992360348,10799.999992360348,10799.999992360348,10799.999992360348,10799.999992360348,10799.999992360348,10799.999992360348,10799.999992360348,10784.611449505783,10783.231901590578,10783.231901590578,10783.231901590578,10783.231901590578,10783.231901590578,10033.256568257244,9219.351271960948,8393.01423492391,7577.430827516503,7577.430827516503,7577.430827516503,6730.933679368355,5899.534679368355,5083.938383072058,4436.7780555555555,4436.7780555555555,3599.6299074074077,2778.5063333333337,1988.1020925925927,1988.1020925925927,1988.1020925925927,1200.0,1200.0,1200.0,1200.0,1200.0,1200.0,1200.0,1200.0,1945.3197750000004,2692.4848200000006,2692.4848200000006,2692.4848200000006,2692.4848200000006,2488.6457829629635,1865.6166903703709,1865.6166903703709,1865.6166903703709,1865.6166903703709,1217.7035051851856,1217.7035051851856,1217.7035051851856
2025-02-24,2401.421964705719,3151.421964705719,3901.421964705719,3901.421964705719,3901.421964705719,3901.421964705719,4651.421964705719,5401.421964705719,6151.421964705719,6151.421964705719,6151.421964705719,6151.421964705719,6151.421964705719,6151.421964705719,6300.0,6300.0,6300.0,6300.0,7050.0,7800.0,7800.0,7800.0,8550.0,8550.0,8550.0,8550.0,8550.0,8550.0,8550.0,9300.0,9300.0,9300.0,10050.0,10800.0,10800.0,9874.074074074075,9902.466835050132,9354.393295338747,9361.842742795126,8477.008498796682,7632.882017315201,7635.795295871075,7660.375443395661,7672.872706381424,7700.676733608333,7734.708728733184,7764.896603733185,7051.176942169146,6455.680286416258,5947.596542223343,5508.274808887396,5121.620909424797,4785.233057572945,4470.82253704787,4208.361392365081,3996.74983251042,3798.7422167331215,3605.1790846263166,3423.289177218909,3253.2700466889473,3172.5156432018894,3070.94799157649,2969.9545830147445,2918.629604480942,2918.629604480942,3482.2139346242398,4033.7139508726586,4549.143433485498,5074.116586438608,5588.516485382287,6080.423185382288,6600.409571851359,8251.697018093726,8883.312595892396,9500.620296837316,10138.536761318224,10603.762009644668,10654.746666394827,10699.256908450054,10765.612972245573,10800.0,10800.0,10800.0,10749.407175286216,10621.189308646324,10519.103655726718,10338.24778208292,10061.962483978316,10050.002938787076,10800.0,10800.0,10800.0,10800.0,10800.0,10800.0,10800.0,10800.0,10800.0,10800.0,10800.0,10800.0,10800.0,10800.0,10800.0,10800.0,10800.0,10800.0,10800.0,9982.770314814814,9191.41661111111,8370.498648148146,7531.6842777777765,6701.5379814814805,6074.106729266595,6074.106729266595,5234.738210748076,4433.691710748077,4433.691710748077,4433.691710748077,4433.691710748077,3606.5368218591875,2789.033118155484,1981.530081118447,1200.000007044373,1200.000007044373,1200.000007044373,1200.000007044373,1200.000007044373,1200.000007044373,1200.000007044373,1200.000007044373,1200.000007044373,1947.1650520443732,1947.1650520443732,1947.1650520443732,1947.1650520443732,1947.1650520443732,1857.3869409332622,1857.3869409332622,1857.3869409332622,1857.3869409332622,1857.3869409332622,1857.3869409332622,1207.2638298221495
2025-02-25,2485.5000287755897,3235.5000287755897,3985.5000287755897,4735.50002877559,5485.50002877559,5485.50002877559,6235.50002877559,6235.50002877559,6235.50002877559,6235.50002877559,6235.50002877559,6985.50002877559,7735.50002877559,8485.50002877559,9235.50002877559,9235.50002877559,9235.50002877559,9235.50002877559,9235.50002877559,9235.50002877559,9300.0,9300.0,9300.0,9300.0,9300.0,9300.0,9300.0,9300.0,9300.0,9300.0,10050.0,10050.0,10050.0,10800.0,10800.0,9874.074074074075,9762.248826406969,8842.986640991603,7953.795819583223,7131.877314044446,6400.438314044446,6120.832794741695,6120.832794741695,6120.832794741695,6120.832794741695,6120.832794741695,5395.100739186139,4744.74161759545,4153.957447076062,3590.7715407770097,3074.7332637532377,2686.328082538795,2426.695008464721,2166.980274239438,1925.9975218973289,1790.8802430798944,1738.283363393134,1738.283363393134,1741.8535583931339,1763.5730244072242,1760.9597682074736,1762.119310958065,1767.6015118249647,1792.1408754482393,1832.8091154482393,2582.809115448239,3332.809115448239,4082.809115448239,4832.809115448239,5582.809115448239,6332.809115448239,7082.809115448239,7057.591695,7807.591695,8557.591695,9307.591695,10057.591695,10217.525551085393,10366.988863752264,10434.819851670372,10489.609827879674,10489.609827879674,10489.609827879674,10489.609827879674,10489.609827879674,10489.609827879674,10489.609827879674,10305.508559795546,10305.508559795546,10305.508559795546,10725.226031243688,10725.226031243688,10799.999990798686,10799.999990798686,10799.999990798686,10799.999990798686,10799.999990798686,10799.999990798686,10799.999990798686,10799.999990798686,10799.999990798686,10799.999990798686,10799.999990798686,10799.999990798686,10799.999990798686,10799.999990798686,10799.999990798686,10799.999990798686,9990.289101909797,9192.933546354241,9192.933546354241,8373.329861169055,7594.129861169055,6786.045527835722,6063.559481481482,5264.750222222223,4470.900166666667,3653.2513333333336,3653.2513333333336,3653.2513333333336,2832.736074074074,2001.2564444444442,2001.2564444444442,1200.0,1200.0,1200.0,1200.0,1200.0,1200.0,1200.0,1200.0,1200.0,1200.0,1200.0,1835.7664690740742,1835.7664690740742,1835.7664690740742,1204.2562098148148,1204.2562098148148,1204.2562098148148,1204.2562098148148,1204.2562098148148,1942.6503879836478,1942.6503879836478
2025-02-26,3040.9828384605753,3790.9828384605753,4540.982838460575,5290.982838460575,6040.982838460575,6040.982838460575,6040.982838460575,6790.982838460575,6790.982838460575,7540.982838460575,7540.982838460575,7540.982838460575,7540.982838460575,7540.982838460575,7540.982838460575,7540.982838460575,7540.982838460575,7540.982838460575,8290.982838460575,9040.982838460575,9040.982838460575,9040.982838460575,9790.982838460575,10540.982838460575,10800.0,10800.0,10800.0,9998.468441826904,9195.370293678756,9195.370293678756,9945.370293678756,9945.370293678756,10050.0,10800.0,10800.0,9874.074074074075,9884.170952978253,8967.230322065647,8070.227670837574,7247.854387269728,7247.854387269728,6502.982204980671,6502.982204980671,6502.982204980671,6506.745161971375,6506.745161971375,6018.5644440441065,5346.529981673517,4777.522591980729,4254.791826170779,3752.4668258449146,3319.3990245909936,2979.9855245909935,2697.0980391194084,2461.4216046283277,2319.255553202351,2238.241266698294,2182.061127265685,2152.1670346730925,2155.7855977695945,2155.7855977695945,2155.235615331845,2155.235615331845,2172.05092897401,2214.77596897401,2927.5214450389094,3653.6083793556254,4366.534493312171,5115.245276073452,5829.320708478177,6538.759763478177,7265.064931421985,6984.01892833108,7734.01892833108,8484.01892833108,9234.01892833108,9984.01892833108,9984.01892833108,9984.01892833108,9984.01892833108,9962.752308863714,9962.207475020261,9962.207475020261,9962.207475020261,9784.076780941428,9575.49774518922,9363.547957661991,9125.180655483147,9125.180655483147,9289.576233905127,10799.999998791289,10799.999998791289,10799.999998791289,10799.999998791289,10799.999998791289,10799.999998791289,10799.999998791289,10791.310271312279,10791.310271312279,10769.458474837793,10757.744188391925,10748.533483039113,10742.2206805879,10740.389684023792,10740.064851851854,10740.064851851854,10740.064851851854,9942.85514814815,9114.851537037039,9114.851537037039,8309.087592592594,7504.832407407409,7504.832407407409,7504.832407407409,6666.850796296298,5826.367462962964,5020.932777777779,4527.695481481482,3660.725111111111,3660.725111111111,3660.725111111111,2850.151037037037,2032.4209444444446,1200.0,1200.0,1200.0,1200.0,1200.0,1200.0,1200.0,1200.0,1200.0,1200.0,1200.0,1200.0,1200.0,1200.0,1200.0,1200.0,1200.0,1200.0,1200.0,1200.0,1200.0
2025-02-27,2277.189209241681,2277.189209241681,2277.189209241681,2277.189209241681,2277.189209241681,3027.189209241681,3777.189209241681,4527.189209241681,5277.189209241681,6027.189209241681,6777.189209241681,7527.189209241681,7527.189209241681,7527.189209241681,8277.189209241682,9027.189209241682,9027.189209241682,9027.189209241682,9027.189209241682,9777.189209241682,10527.189209241682,10800.0,10800.0,10800.0,10800.0,10800.0,10800.0,10800.0,10800.0,10800.0,10800.0,10800.0,10050.0,10800.0,10800.0,9874.074074074075,9874.074074074075,8997.736322479472,8108.192789630328,7252.282729137727,6458.434432841431,6458.434432841431,6457.703494352799,6457.703494352799,6457.703494352799,7192.483629123087,6393.454425419383,5661.913857203712,5003.4968552959745,4343.3812690882705,3734.695713695887,3222.020688973331,2808.018837121479,2448.9151276464036,2093.3364042674175,1782.9438917713958,1550.4494029179211,1404.6287792304138,1307.5383718230064,1248.24568408411,1200.0,1200.5817129294103,1253.5854346389744,1351.82010605639,1470.7319160563895,2220.7319160563893,2970.7319160563893,3720.7319160563893,4470.731916056389,5220.731916056389,5970.731916056389,6720.731916056389,6977.791545,7727.791545,8477.791545,9227.791545,9977.791545,10091.750694825701,10173.755867847929,10218.362984171672,10241.189545800247,10241.189545800247,10212.55513839284,10212.55513839284,10124.70504278164,10040.293293197596,9826.637705525602,9565.703948176859,9282.898522250933,10032.898522250933,10800.0,10800.0,10800.0,10800.0,10800.0,10800.0,10800.0,10787.055832155129,10770.440650862085,10750.846500411424,10750.846500411424,10733.488773355028,10731.043074074076,10731.043074074076,10731.043074074076,10731.043074074076,10731.043074074076,9970.125833333335,9311.942981481483,9311.942981481483,8485.74851851852,7690.676962962963,7690.676962962963,7690.676962962963,6885.905703703705,6083.302000000001,5272.000944444445,4474.29887037037,4474.29887037037,4474.29887037037,3626.0570925925927,2810.812648148148,2012.171074074074,1200.0,1200.0,1200.0,1200.0,1200.0,1200.0,1200.0,1200.0,1200.0,1943.7394243367498,1943.7394243367498,1330.3523687811942,1330.3523687811942,1330.3523687811942,1213.397961373787,1213.397961373787,1213.397961373787,1213.397961373787,1213.397961373787,1213.397961373787,1213.3979613737868
2025-02-28,2598.4076083333334,2598.4076083333334,2598.4076083333334,2598.4076083333334,2598.4076083333334,2598.4076083333334,2598.4076083333334,2598.4076083333334,2598.4076083333334,2598.4076083333334,2598.4076083333334,2598.4076083333334,2598.4076083333334,3348.4076083333334,4098.407608333333,4098.407608333333,4098.407608333333,4848.407608333333,5598.407608333333,6348.407608333333,6348.407608333333,6348.407608333333,6348.407608333333,6348.407608333333,7077.6310139307425,7827.6310139307425,7827.6310139307425,7827.6310139307425,7827.6310139307425,7263.574106523335,7263.574106523335,7263.574106523335,6640.044458375187,6640.044458375187,6049.390754671484,5489.01512195099,6125.266462629778,5615.6682378459445,5091.659105773237,4571.139302314237,4065.7445060179407,3599.797569954539,3191.325421955083,2841.137432230297,2544.7081970551203,2344.6804203882602,2244.5115685364085,2206.8714204821326,2206.8714204821326,2206.8714204821326,2206.8714204821326,2206.8714204821326,2206.8714204821326,2206.8714204821326,2206.8714204821326,2206.8714204821326,2206.8714204821326,2206.8714204821326,2206.8714204821326,2206.8714204821326,2206.8714204821326,2206.8714204821326,2206.8714204821326,2206.8714204821326,2537.2506354821326,2640.8321939240104,3036.653388474103,3427.11692513247,3811.2794269507117,4201.595632642373,4580.241922642373,4986.169940289551,9654.528921708521,9654.528921708521,9654.528921708521,9654.528921708521,9654.528921708521,9654.528921708521,9654.528921708521,9654.528921708521,9654.528921708521,9654.528921708521,9654.528921708521,9654.528921708521,9654.528921708521,9950.804718759931,10041.438661804481,10249.167825517889,10442.009445517888,10580.513536194425,10800.0,10800.0,10800.0,10779.745880724011,10779.745880724011,10771.090919236518,10771.090919236518,10778.348734561267,10791.704909893677,10791.704909893677,10791.704909893677,10791.704909893677,10799.24955534978,10799.24955534978,10799.24955534978,10799.24955534978,10357.609296296296,9840.888796296296,9306.513388888889,8782.889314814814,8336.8855,7875.811592592593,7338.570851851852,6842.864351851852,6350.985407407407,5798.909481481482,5268.21174074074,4770.963425925926,4274.306018518519,3777.095277777778,3279.3535,2773.4016481481485,2271.423277777778,1755.9481481481482,1200.0,1200.0,1200.0,1200.0,1200.0,1200.0,1200.0,1200.0,1940.9309100000003,2669.1158694107776,2669.1158694107776,2203.0731101515184,1734.8175545959627,1675.4364470370379,1210.1810025925934,1210.1810025925934,1210.1810025925934,1210.1810025925934,1210.1810025925934,1210.1810025925934
2025-03-01,2440.9592804246295,3190.9592804246295,3190.9592804246295,3940.958838363054,3940.958838363054,3940.958838363054,3940.958838363054,4690.9588383630535,5440.9588383630535,5440.9588383630535,5440.9588383630535,5440.9588383630535,5440.9588383630535,5440.9588383630535,5440.9588383630535,5440.9588383630535,5440.9588383630535,5440.9588383630535,5440.9588383630535,5440.9588383630535,5440.9588383630535,5440.9588383630535,5440.9588383630535,5440.9588383630535,5440.9588383630535,5440.9588383630535,6190.9588383630535,6940.9588383630535,6940.9588383630535,6657.419733074291,6657.419733074291,6657.419733074291,6657.419733074291,7407.419733074291,6800.234547889106,6213.633072391619,7695.730183927121,7141.391040062098,6645.755988211097,6175.070250750342,5668.976584083675,5209.706965928466,4825.7456987047435,4508.971187449503,4251.452226017999,4057.2417771400565,3894.768147510427,3745.383611570014,3654.3447050675336,3636.551664585056,3636.551664585056,3636.551664585056,3636.551664585056,3636.551664585056,3636.551664585056,3636.551664585056,3636.551664585056,3636.551664585056,3636.551664585056,3636.551664585056,3636.551664585056,3636.551664585056,3636.551664585056,3636.551664585056,3636.551664585056,3636.551664585056,3636.551664585056,3636.551664585056,3636.551664585056,3636.551664585056,3636.551664585056,3790.5906083701693,9864.721241061796,9864.721241061796,9864.721241061796,9864.721241061796,9864.721241061796,9864.721241061796,9864.721241061796,9864.721241061796,9864.721241061796,9864.721241061796,9864.721241061796,10141.962234903822,10141.962234903822,10143.993087612927,10337.398324963375,10500.430524117462,10647.429024117462,10750.060220533089,10800.0,10800.0,10800.0,10800.0,10800.0,10800.0,10800.0,10800.0,10800.0,10800.0,10800.0,10800.0,10800.0,10800.0,10800.0,10800.0,10561.706759259261,10055.288462962964,9571.096074074076,9101.346074074076,8617.349648148149,8123.234111111112,7622.215592592594,7117.746018518519,6601.345685185186,6061.5808703703715,5501.748796296298,4959.014685185187,4441.3720925925945,3916.9114814814834,3397.57264814815,2895.246722222224,2354.254611111113,1812.3866666666686,1312.8385185185202,1312.8385185185202,2056.195945509951,2056.195945509951,1504.3655010655066,1319.4518158803214,1319.4518158803214,2068.0967158803214,2809.0276258803215,3552.9586258803215,4299.714215880322,5045.331095880322,5786.5200958803225,6531.558335880322,7279.428965880323,8024.352965880323,8770.619720880322,9510.135170880323,9510.135170880323,9510.135170880323
2025-03-02,9905.311499584022,9905.311499584022,9905.311499584022,9905.311499584022,9905.311499584022,9905.311499584022,9905.311499584022,9905.311499584022,9905.311499584022,9905.311499584022,10050.0,10050.0,10050.0,10050.0,10050.0,10050.0,10050.0,10050.0,10050.0,10050.0,10800.0,10800.0,10800.0,10800.0,10800.0,10800.0,10800.0,10800.0,10800.0,10800.0,10800.0,10050.0,10050.0,10800.0,10800.0,10800.0,9883.139368900056,8981.700317269513,8091.889209782277,8091.889209782277,8091.889209782277,8091.889209782277,8091.889209782277,8091.889209782277,8091.889209782277,8386.58442349619,7661.734071644338,6899.262818301519,6198.860915790851,5568.747939344285,4999.708579673946,4478.635375810425,4048.2067832178323,3675.901558433959,3305.796135703688,2962.770306040547,2621.2327977155883,2310.6392123170044,2026.054471576264,1742.622061275913,1485.5785407322496,1316.9866344431366,1316.9866344431366,1200.0,1200.0,1813.512596430401,2543.8589124361674,3215.717121759341,3862.539154076875,4531.528739390977,5188.850579390976,5884.155360949051,9158.057945411632,9908.057945411632,10050.0,10800.0,10800.0,10800.0,10596.995422125754,10596.995422125754,10596.995422125754,10596.995422125754,10596.995422125754,10300.061115309692,10015.261236667962,9701.026783258458,9701.026783258458,9300.000029255885,9300.000029255885,10050.0,10799.999994622534,10799.999994622534,10799.999994622534,10799.999994622534,10799.999994622534,10799.999994622534,10799.999994622534,10799.999994622534,10799.999994622534,10799.999994622534,10799.999994622534,10799.999994622534,10799.999994622534,10799.999994622534,10799.999994622534,10799.999994622534,10799.999994622534,10017.83042054846,9188.800976104016,8374.462087215126,7575.180753881793,6773.048476104015,5955.77255017809,5955.77255017809,5955.77255017809,5112.604031659571,4269.409364992904,3441.282105733644,3441.282105733644,3441.282105733644,3441.282105733644,2828.4032037037036,1998.5442777777776,1200.0,1200.0,1200.0,1200.0,1200.0,1200.0,1200.0,1200.0,1200.0,1200.0,1200.0,1200.0,1200.0,1200.0,1200.0,1200.0,1200.0,1200.0,1200.0,1200.0,1200.0
2025-03-03,1652.9640888861459,1652.9640888861459,1652.9640888861459,1652.9640888861459,2402.964088886146,2402.964088886146,2402.964088886146,2402.964088886146,2402.964088886146,2402.964088886146,3152.964088886146,3300.0,4050.0,4050.0,4050.0,4800.0,5550.0,5550.0,5550.0,6300.0,7050.0,7800.0,7800.0,7800.0,7800.0,7800.0,8550.0,9300.0,10050.0,10050.0,10050.0,10050.0,10050.0,10800.0,10800.0,10800.0,9874.074074074075,8969.985434199358,8044.059508273432,7157.4060403445055,6377.100058863024,6377.100058863024,6377.100058863024,6377.100058863024,6377.100058863024,7109.513020928771,7109.513020928771,6348.049565848567,5659.993657709051,5032.300418322463,4444.039184493951,3863.536929645831,3332.2965222384237,2863.77790875428,2416.2338738722356,2029.8965145268048,1703.8951594272994,1703.8951594272994,1636.8987275326751,1361.1878475713736,1361.1878475713736,1361.1878475713736,1200.0,1200.0,1670.3973707416226,2420.3973707416226,3170.3973707416226,3920.3973707416226,4670.397370741623,5420.397370741623,6170.397370741623,6920.397370741623,8705.475119052,9300.0,10050.0,10800.0,10800.0,10800.0,10800.0,10800.0,10769.432131527401,10769.432131527401,10769.432131527401,10605.913849998948,10407.081178688963,10166.43248155701,9839.924183910429,9442.637124834404,8992.384995204775,9742.384995204775,10569.986888888889,10800.0,10800.0,10800.0,10800.0,10800.0,10800.0,10800.0,10800.0,10800.0,10800.0,10789.173196460686,10765.427010940986,10751.161005503078,10742.85688888889,10742.85688888889,10742.85688888889,9963.856111111112,9158.706870370372,9158.706870370372,9158.706870370372,8329.397425925927,7521.134462962965,6717.449388888891,6717.449388888891,5923.784574074076,5132.023425925928,4478.942555555556,3677.718481481482,2872.3560925925926,2872.3560925925926,2872.3560925925926,2032.137722222222,1200.0,1200.0,1200.0,1200.0,1200.0,1200.0,1200.0,1200.0,1200.0,1942.0596,1942.0596,1942.0596,1942.0596,1942.0596,1942.0596,1942.0596,1942.0596,1942.0596,2689.7987001917163,2689.7987001917163,2689.798700191716
2025-03-04,3223.4333231546757,3223.4333231546757,3973.4333231546757,4723.433323154675,5473.433323154675,5473.433323154675,5473.433323154675,5473.433323154675,6223.433323154675,6223.433323154675,6223.433323154675,6973.433323154675,7723.433323154675,8473.433323154675,8473.433323154675,8473.433323154675,8473.433323154675,8473.433323154675,8473.433323154675,8473.433323154675,8473.433323154675,8473.433323154675,9223.433323154675,9973.433323154675,9973.433323154675,9973.433323154675,10050.0,10050.0,10050.0,10050.0,10050.0,10050.0,10050.0,10800.0,10800.0,9874.074074074075,9897.08385820069,9147.24475686077,8276.509100278241,8276.509100278241,8276.509100278241,8276.509100278241,8280.54941917855,8280.54941917855,8282.648290880325,8282.648290880325,7476.680920509954,6706.651610264944,6017.5986036087,5348.498948520983,4739.135677284027,4177.996972550116,3692.1076206982643,3294.132779195053,2913.4942582974504,2563.520555994785,2240.7540770986598,1966.6288332982851,1916.7926851501368,1847.1029416974488,1772.6438003845774,1735.1899834989658,1692.3437022748499,1654.727372152136,1918.6921839489908,2594.3462784119474,3253.8985973695562,3901.507325876936,4651.507325876936,5288.262744969819,5910.316239969819,6660.316239969819,8597.910720770993,9266.076691595681,9946.91527021009,10690.502858192887,10800.0,10800.0,10800.0,10800.0,10800.0,10799.104975191914,10787.164290006729,10746.21842683471,10668.241066358183,10544.667216449116,10437.065215638935,10292.953303272869,10292.953303272869,10613.401732859711,10503.40631730348,10503.40631730348,10509.509633263564,10528.039333150764,10575.370398156712,10604.415922598997,10622.056633170598,10657.314077895138,10683.498172800671,10698.760518570825,10704.94210143138,10708.697757126021,10708.697757126021,10708.697757126021,10708.697757126021,10708.697757126021,10708.697757126021,9923.709090459355,9300.677240740742,8490.960574074075,7707.146870370371,7707.146870370371,7707.146870370371,6874.101907407408,6074.8275555555565,5268.246074074075,4453.113685185186,4453.113685185186,4453.113685185186,3643.8775555555562,3643.8775555555562,2849.7368148148153,2030.183462962963,1200.0,1200.0,1200.0,1200.0,1200.0,1200.0,1200.0,1200.0,1200.0,1200.0,1200.0,1200.0,1200.0,1200.0,1200.0,1200.0,1200.0,1200.0,1200.0,1200.0,1200.0
2025-03-05,2601.9127493554597,3351.9127493554597,4101.91274935546,4851.91274935546,5601.91274935546,6351.91274935546,6351.91274935546,7101.91274935546,7851.91274935546,7851.91274935546,7851.91274935546,7851.91274935546,7851.91274935546,7851.91274935546,8601.912749355459,8601.912749355459,8601.912749355459,8601.912749355459,8601.912749355459,8601.912749355459,8601.912749355459,9300.0,9300.0,9300.0,9300.0,9300.0,9300.0,9300.0,9300.0,9300.0,10050.0,10050.0,10050.0,10800.0,10800.0,9874.074074074075,9874.074074074075,8948.14814814815,8047.539186889902,7212.20193070723,6440.5769121887115,5760.666942795335,5760.666942795335,5756.305519874741,5756.170714482595,6475.1671848874885,6475.1671848874885,5747.668781639632,5135.2656280060655,4583.556226418523,4059.2815157577948,3531.2616843178757,3047.6729991326906,2663.2717355681098,2368.9849050410376,2155.399531382068,1947.0605036352747,1776.7413663823304,1678.6213478638117,1607.7389762396397,1607.7389762396397,1607.7389762396397,1639.5383567066137,1694.0340628915797,1702.9933828915796,2452.9933828915796,3202.9933828915796,3952.9933828915796,4702.99338289158,5452.99338289158,6202.99338289158,6952.99338289158,8549.39558801936,9299.39558801936,10049.39558801936,10799.39558801936,10800.0,10760.42644910998,10778.780773193836,10750.757451707443,10750.757451707443,10655.948641110568,10558.543992962419,10436.854700590715,10294.264575564099,10128.881840294789,9908.827952803176,9680.986829549402,9458.759014734587,9458.759014734587,10274.4267262058,10799.99999431138,10799.99999431138,10799.99999431138,10799.99999431138,10799.99999431138,10799.99999431138,10799.99999431138,10799.99999431138,10799.99999431138,10799.99999431138,10799.99999431138,10781.261864761555,10778.813309934258,10778.813309934258,10778.813309934258,10778.813309934258,10113.21540740741,10113.21540740741,10113.21540740741,9333.094222222224,8561.615037037038,7743.49837037037,6916.0914999999995,6107.794259259259,6107.794259259259,6107.794259259259,6107.794259259259,5279.42574074074,4457.49887037037,3645.964851851852,2838.013,2029.6774074074074,1200.0,1200.0,1200.0,1200.0,1200.0,1200.0,1200.0,1200.0,1200.0,1942.0595999999998,1942.0595999999998,1942.0595999999998,1942.0595999999998,1942.0595999999998,1942.0595999999998,1942.0595999999998,1942.0595999999998,1942.0595999999998,1942.0595999999998,1942.0595999999998,1942.0595999999998
2025-03-06,3197.9617996953734,3947.9617996953734,3947.9617996953734,3947.9617996953734,3947.9617996953734,3947.9617996953734,3947.9617996953734,4697.961799695373,5447.961799695373,5447.961799695373,5447.961799695373,5447.961799695373,6197.961799695373,6947.961799695373,6947.961799695373,6947.961799695373,6947.961799695373,6947.961799695373,7697.961799695373,8447.961799695373,8447.961799695373,8447.961799695373,9197.961799695373,9300.0,9300.0,9300.0,9300.0,9300.0,9300.0,10050.0,10050.0,10050.0,10050.0,10800.0,10800.0,9874.074074074075,9876.122851391674,8981.973629610398,8097.717574929604,7288.008449519634,6581.311727297412,6581.311727297412,6581.311727297412,6191.982932190504,6191.982932190504,6941.450991857738,6284.785417783663,5637.791400447303,5069.788029134064,4556.884447246722,4119.511561635767,3697.212653910972,3289.8116168739352,2966.9970419897186,2698.82036675086,2467.958426808328,2249.3951821311502,2072.137066540462,1947.0546961700916,1839.4583069229755,1773.7252090145867,1773.7252090145867,1791.5479033774682,1834.1859434784842,1873.4224934784843,2560.117903330761,3309.2478816600337,4059.2478816600337,4809.247881660034,5559.247881660034,6309.247881660034,7059.247881660034,8401.154872100993,9147.580510464742,9897.580510464742,10647.580510464742,10800.0,10800.0,10800.0,10751.065876737797,10731.42852318561,10679.570930865722,10576.703319754612,10576.703319754612,10495.383614303782,10227.41668450655,9933.056429982791,9635.66008601915,9300.000511945076,10050.0,10799.99999373211,10799.99999373211,10799.99999373211,10799.99999373211,10799.99999373211,10799.99999373211,10799.99999373211,10799.99999373211,10799.99999373211,10799.99999373211,10799.99999373211,10799.99999373211,10799.99999373211,10799.99999373211,10799.99999373211,10799.99999373211,10799.99999373211,10024.04849373211,9445.338277777777,8592.943833333333,7755.536685185185,6948.103592592593,6948.103592592593,6948.103592592593,6948.103592592593,6126.016555555556,5307.173296296297,4505.459907407408,4505.459907407408,4505.459907407408,3682.9932777777776,2854.3192037037034,2026.8570370370367,1200.0,1200.0,1200.0,1200.0,1200.0,1200.0,1200.0,1200.0,1200.0,1200.0,1200.0,1200.0,1200.0,1200.0,1200.0,1200.0,1200.0,1200.0,1200.0,1200.0,1200.0
2025-03-07,2486.6357618125967,2486.6357618125967,2486.6357618125967,3236.635761812595,3986.635761812595,3986.635761812595,4736.635761812595,5486.635761812595,5486.635761812595,4980.4552803311135,4980.4552803311135,5730.4552803311135,5730.4552803311135,5730.4552803311135,5730.4552803311135,5730.4552803311135,5730.4552803311135,5730.4552803311135,5730.4552803311135,5730.4552803311135,5730.4552803311135,5730.4552803311135,6480.454004606114,6480.454004606114,6480.454004606114,6480.454004606114,7230.454004606114,7230.454004606114,7014.413184049942,6432.373795161053,6432.373795161053,6432.373795161053,6432.373795161053,6432.373795161053,5878.240461827719,5307.789567833125,6591.579116549992,6071.321816617329,5606.985613490176,5165.271838183562,4710.51848633171,4304.243850187443,3962.7890169032016,3666.7118278140797,3438.4049710304175,3313.5165555118742,3275.545462919282,3238.237078273381,3238.237078273381,3238.237078273381,3238.237078273381,3238.237078273381,3238.237078273381,3238.237078273381,3238.237078273381,3238.237078273381,3238.237078273381,3238.237078273381,3238.237078273381,3238.237078273381,3238.237078273381,3238.237078273381,3238.237078273381,3238.237078273381,3238.237078273381,3238.237078273381,3238.237078273381,3238.237078273381,3506.9755143394837,3982.2430012476616,4481.7106762476615,5005.679545612144,10800.0,10800.0,10800.0,10800.0,10800.0,10800.0,10800.0,10800.0,10800.0,10800.0,10800.0,10800.0,10800.0,10800.0,10800.0,10800.0,10800.0,10800.0,10800.0,10800.0,10800.0,10800.0,10800.0,10800.0,10800.0,10800.0,10800.0,10800.0,10800.0,10800.0,10800.0,10800.0,10800.0,10800.0,10800.0,10317.97775925926,9836.433611111112,9325.091018518518,8823.398722222222,8329.88962962963,7810.5692592592595,7307.742296296296,6794.210185185186,6268.776851851852,5759.921074074075,5258.04775925926,4736.329240740742,4234.613462962963,3710.267925925926,3136.7994074074077,2608.3498333333337,2099.106777777778,1536.9438148148151,1536.9438148148151,1536.9438148148151,1536.9438148148151,1536.9438148148151,1200.0,1200.0,1200.0,1200.0,1200.0,1200.0,1943.1405300000001,2692.485022506233,2208.72892991364,1719.3281336173438,1242.5299854691957,1242.5299854691957,1242.5299854691957,1242.5299854691957,1224.686244728456
2025-03-08,1811.4852118518493,1811.4852118518493,1811.4852118518493,1811.4852118518493,1811.4852118518493,2561.4852118518493,3311.4852118518493,3311.4852118518493,2799.1923699848962,2799.1923699848962,2799.1923699848962,2799.1923699848962,3549.1923699848962,3549.1923699848962,3549.1923699848962,3549.1923699848962,3549.1923699848962,3549.1923699848962,4299.192369984895,4968.602665983291,4968.602665983291,5718.602665983291,6468.602665983291,6468.602665983291,5975.605388205514,5975.605388205514,5975.605388205514,5975.605388205514,5975.605388205514,5975.605388205514,5975.605388205514,5975.605388205514,5450.360832649958,5450.360832649958,4931.505277094401,4401.340331792665,4494.803123667541,4050.9207728332385,3614.4052319493294,3210.9765720175246,2861.356294239747,2548.465822949758,2273.9565884453336,2058.4056813545803,1931.6388896729743,1853.0021617263235,1804.2647728374345,1804.2647728374345,1804.2647728374345,1804.2647728374345,1804.2647728374345,1804.2647728374345,1804.2647728374345,1804.2647728374345,1804.2647728374345,1804.2647728374345,1804.2647728374345,1804.2647728374345,1804.2647728374345,1804.2647728374345,1804.2647728374345,1804.2647728374345,1804.2647728374345,1804.2647728374345,1804.2647728374345,1804.2647728374345,1804.2647728374345,1804.2647728374345,1985.204185644684,2439.649317948839,2924.272152948839,3459.6485368172152,10062.41505302033,10062.41505302033,10062.41505302033,10062.41505302033,10062.41505302033,10062.41505302033,10062.41505302033,10062.41505302033,10062.41505302033,10062.41505302033,10062.41505302033,10062.41505302033,10062.41505302033,10062.41505302033,10062.41505302033,10211.2610827493,10418.5362127493,10590.14899927819,10800.0,10800.0,10800.0,10800.0,10800.0,10800.0,10800.0,10800.0,10800.0,10800.0,10800.0,10800.0,10800.0,10800.0,10800.0,10800.0,10800.0,10303.899518518518,9754.44261111111,9213.696314814813,8717.100722222222,8231.145685185184,7715.356796296295,7182.426499999999,6651.827055555555,6131.493722222222,5587.044648148148,5047.974999999999,4544.702777777778,4042.4377037037034,3514.6932222222217,2970.198777777777,2477.416814814814,1990.3080740740734,1448.1673333333326,1200.0000335658708,1200.0000335658708,1200.0000335658708,1200.0000335658708,1200.0000335658708,1200.0000335658708,1200.0000335658708,1946.930433565871,2685.623433565871,2685.623433565871,3428.763963565871,3428.763963565871,3428.763963565871,3428.763963565871,3428.763963565871,3428.763963565871,3428.763963565871,3428.763963565871,2793.050315417723
2025-03-09,4116.5686598621705,4866.5686598621705,5616.5686598621705,5616.5686598621705,6366.5686598621705,7116.5686598621705,7116.5686598621705,7116.5686598621705,7116.5686598621705,7116.5686598621705,7116.5686598621705,7116.5686598621705,7866.5686598621705,8616.56865986217,8616.56865986217,8616.56865986217,8616.56865986217,8616.56865986217,8616.56865986217,8616.56865986217,8616.56865986217,8616.56865986217,8616.56865986217,7909.561141343652,7800.0,7800.0,8550.0,8550.0,8550.0,9300.0,9300.0,9300.0,10050.0,10800.0,10800.0,9913.984643904974,9586.816697200675,8756.64040959429,7985.62855597095,7279.001684949558,6596.448555319928,5948.428495039902,5351.264505942811,5290.8124609848,5262.063766936946,5961.203816564969,5302.885205453858,4677.64314650197,4142.889234892002,3644.829535570152,3204.618950619273,2824.1155487081887,2513.598770930411,2243.8317804475428,2005.7909729536095,1830.4561935274523,1707.6453244094243,1638.2041859310434,1584.5317600051173,1562.4353923947704,1562.4353923947704,1562.4353923947704,1577.2268208059359,1612.621210385015,1662.7318453850148,2412.731845385015,3162.731845385015,3912.731845385015,4662.731845385015,5412.731845385015,6162.731845385015,6912.731845385015,6612.70784757189,7362.70784757189,8112.70784757189,8862.70784757189,9153.42752757189,9398.680289320062,9583.928979949831,9693.252810216487,9728.330277453377,9696.108339109223,9633.965061331446,9527.796079114494,9343.583568013013,9109.886534587604,8896.646245924741,8685.12500985115,8424.548569774377,9174.548569774377,10799.999992604453,10799.999992604453,10799.999992604453,10799.999992604453,10799.999992604453,10799.999992604453,10799.999992604453,10799.999992604453,10799.999992604453,10799.999992604453,10799.999992604453,10799.999992604453,10799.999992604453,10796.334075206301,10796.334075206301,10796.334075206301,10796.334075206301,9985.338038169264,9138.943408539635,8322.965630761857,8322.965630761857,8322.965630761857,7482.993408539634,6675.533612243338,5878.456927058153,5058.351371502597,4219.2763344655605,4219.2763344655605,4219.2763344655605,3419.546204835931,2615.6477974285235,2615.6477974285235,2021.570425925926,1200.0,1200.0,1200.0,1200.0,1200.0,1200.0,1200.0,1200.0,1944.3541499999997,2686.3880399999994,2442.1728663987456,2442.1728663987456,2442.1728663987456,2442.1728663987456,3185.4460372222215,3185.4460372222215,2538.2978890740733,2538.2978890740733,1866.9338890740732,1222.0042594444435,1222.0042594444435
2025-03-10,2559.3844676739286,3309.3844676739286,3309.3844676739286,4059.3844676739286,4809.384467673928,4809.384467673928,4809.384467673928,4809.384467673928,5559.384467673928,5559.384467673928,5559.384467673928,5559.384467673928,6309.384467673928,7059.384467673928,7059.384467673928,7809.384467673928,7809.384467673928,7809.384467673928,7809.384467673928,7809.384467673928,7106.204226933188,7106.204226933188,7800.0,7800.0,7800.0,7800.0,8550.0,9300.0,9300.0,9300.0,10050.0,10050.0,10050.0,10800.0,10800.0,9885.883819096183,9945.047349576358,9088.331664370144,8299.075457768002,7594.495489252188,6951.619452215151,6679.892026987606,6679.892026987606,6679.892026987606,6679.892026987606,6679.892026987606,6035.412341802421,5403.103327553008,4854.8095591880165,4364.290614211127,3929.5371239761803,3534.389447524098,3201.881836412987,2929.84958356528,2672.352323822523,2440.585872241369,2285.1050896480565,2181.1295773606616,2077.1372069902914,2007.4921176836594,1972.6322073514136,1949.556168421677,1949.2825093847216,1949.2825093847216,1949.2825093847216,2667.5775807332075,3348.2484723253974,4002.501458988846,4703.232861660249,5424.7215615703435,6143.304991570343,6865.920355188104,6501.362554289507,7251.362554289507,8001.362554289507,8751.362554289506,9501.362554289506,9509.990689804323,9509.990689804323,9509.990689804323,9509.990689804323,9509.990689804323,9509.990689804323,9509.990689804323,9509.990689804323,9308.394759664428,9095.282980936941,8850.4310892675,8559.16869576554,9309.16869576554,10799.999992475488,10799.999992475488,10799.999992475488,10799.999992475488,10799.999992475488,10799.999992475488,10799.999992475488,10799.999992475488,10799.999992475488,10799.999992475488,10799.999992475488,10793.330729292551,10790.668442864742,10785.355655478548,10785.355655478548,10785.355655478548,10785.355655478548,10785.355655478548,9980.424433256327,9174.95776658966,8363.601859182252,8363.601859182252,8363.601859182252,7514.960766589659,6693.972192515585,5909.218488811882,5355.743296296297,4558.8147592592595,4558.8147592592595,4558.8147592592595,3746.004611111111,2920.656462962963,2073.6028333333334,1200.0,1200.0,1200.0,1200.0,1200.0,1200.0,1200.0,1200.0,1200.0,1200.0,1200.0,1200.0,1200.0,1200.0,1200.0,1200.0,1200.0,1200.0,1200.0,1200.0,1200.0
2025-03-11,1767.4899024844167,1767.4899024844167,2517.4899024844167,3236.019407407408,3236.019407407408,3986.019407407408,3986.019407407408,3986.019407407408,4736.019407407408,4736.019407407408,4736.019407407408,4736.019407407408,5486.019407407408,6236.019407407408,6986.019407407408,7736.019407407408,8486.019407407408,9236.019407407408,9236.019407407408,9236.019407407408,8550.0,8550.0,9300.0,9300.0,9300.0,9300.0,10050.0,10050.0,10050.0,10050.0,10050.0,10050.0,10050.0,10800.0,10800.0,9879.103832207165,9920.936416776216,9089.536106741605,8333.188217753956,7649.258192029598,7001.789877214783,6402.379724962146,5840.767642727221,5354.561137254156,5354.561137254156,5354.561137254156,4742.097989106008,4128.3068721669915,3634.9191620559295,3245.7857006409035,2910.3038010681776,2602.5914157898223,2333.951675049081,2158.6344831823812,2046.2509727731258,1994.824020364949,1981.370968640652,1981.370968640652,1996.2903136406524,2046.7841561735434,2098.2601802940685,2142.7989999775086,2239.2026498171363,2350.529032072883,2445.0042820728827,3195.0042820728827,3945.0042820728827,4050.0,4800.0,5550.0,6300.0,7050.0,6373.948965074522,7123.948965074522,7873.948965074522,8623.948965074522,9373.948965074522,9409.311648142071,9418.974444122125,9418.974444122125,9440.905642464877,9474.511110187454,9507.212370187453,9519.49685084566,9478.229118987463,9385.588706023449,9236.783174505055,8998.047700797071,8998.047700797071,9198.809466608085,10800.0,10800.0,10783.697916563706,10755.543685367622,10755.543685367622,10755.543685367622,10755.543685367622,10755.902246692885,10755.902246692885,10758.86714650696,10758.86714650696,10758.86714650696,10758.86714650696,10758.86714650696,10758.86714650696,10758.86714650696,10758.86714650696,10001.004850210664,10001.004850210664,10001.004850210664,9211.773739099552,8403.68923909955,7589.805905766218,6780.240757618069,5981.444442803255,5358.736757618069,5358.736757618069,5315.298439629629,4523.135476666666,4523.135476666666,3703.1718655555555,2865.518161851852,2039.9681062962964,1206.6929766666667,1206.6929766666667,1206.6929766666667,1206.6929766666667,1206.6929766666667,1206.6929766666667,1206.6929766666667,1206.6929766666667,1206.6929766666667,1950.0861666666667,2537.375478126248,2537.375478126248,2537.375478126248,2537.375478126248,2537.375478126248,1864.2462962962964,1200.0,1200.0,1200.0,1200.0,1200.0
2025-03-12,2877.8932623152245,3627.8932623152245,4377.893262315225,5127.893262315225,5127.893262315225,5127.893262315225,5127.893262315225,5877.893262315225,6627.893262315225,6627.893262315225,6627.893262315225,7050.0,7050.0,7050.0,7050.0,7800.0,8550.0,8550.0,9300.0,9300.0,9300.0,10050.0,10800.0,10800.0,10800.0,10800.0,10800.0,10800.0,10800.0,10800.0,10800.0,10800.0,10800.0,10800.0,10800.0,9876.45981742557,9951.950569350869,9137.934440163193,8383.447739320343,7688.666460271954,7015.025367679362,6412.589141440871,5861.45223755706,5355.641771270745,4961.462110319297,4639.799023391006,4025.760745613228,3455.0466776114326,2979.299104128335,2539.41963776977,2157.221563707547,1834.643514722392,1560.0597369446145,1357.027653672747,1227.7090862325715,1200.0000765283278,1200.6681408632744,1213.1179733966883,1245.3482183966883,1268.4751401951476,1315.5708412472934,1408.4284743196818,1507.2547084314629,1575.05410546852,1655.8231054685202,2405.82310546852,3155.82310546852,3680.3559198004787,4430.355919800479,5180.355919800479,5930.355919800479,6680.355919800479,7235.521418363321,7985.521418363321,8735.521418363322,9485.521418363322,10235.521418363322,10444.344183432288,10608.551550262755,10662.325897680212,10709.778931169674,10744.030675014037,10746.464965014036,10746.464965014036,10688.344164336648,10578.503163522588,10446.146729071994,10242.025857938019,9945.473006086168,10049.999994419946,10799.99999499536,10799.99999499536,10799.99999499536,10799.99999499536,10799.99999499536,10799.99999499536,10799.99999499536,10799.99999499536,10799.99999499536,10799.99999499536,10799.99999499536,10799.99999499536,10799.99999499536,10799.99999499536,10799.99999499536,10799.99999499536,10799.99999499536,10030.222013513878,9428.37687037037,9428.37687037037,8612.533907407407,7801.594796296296,7030.452203703704,6209.948814814815,6209.948814814815,6209.948814814815,6209.948814814815,5379.701888888889,4538.550037037037,4538.550037037037,3711.110666666667,2884.0625185185186,2040.8721296296296,1200.0,1200.0,1200.0,1200.0,1200.0,1200.0,1200.0,1200.0,1200.0,1200.0,1200.0,1200.0,1200.0,1766.5728248484954,2515.5764948484953,2515.5764948484953,2515.5764948484953,2515.5764948484953,2515.5764948484953,1848.7061244781248,1205.5514848148148
2025-03-13,2288.046401890172,3038.046401890172,3788.046401890172,3788.046401890172,3788.046401890172,4538.046401890172,4538.046401890172,4538.046401890172,5288.046401890172,6038.046401890172,6038.046401890172,6038.046401890172,6038.046401890172,6038.046401890172,6300.0,6300.0,6300.0,7050.0,7800.0,7800.0,7800.0,7800.0,8550.0,8550.0,8550.0,8550.0,9300.0,10050.0,10050.0,10050.0,10050.0,10050.0,10050.0,10800.0,10800.0,9947.008537340846,9648.868666862021,8842.658972342748,8104.191938745141,7417.303401760996,6740.482401760996,6145.434331347959,6145.434331347959,6145.434331347959,6145.434331347959,6541.065584702512,5953.107992109919,5419.001273836593,4972.276650997944,4561.354129679778,4235.678568983695,3934.674624499092,3605.9128652398326,3355.2526747860734,3163.5139223683827,2990.5830310588017,2783.285693002279,2584.913947030893,2427.9348544383,2286.3935267557576,2152.9266134148993,2152.9266134148993,2152.9266134148993,2071.4141120564805,2071.4141120564805,2821.4141120564805,3571.4141120564805,4301.825005612301,5051.825005612301,5801.825005612301,6551.825005612301,7301.825005612301,6514.289594132526,7264.289594132526,8014.289594132526,8764.289594132526,9514.289594132526,9514.289594132526,9514.289594132526,9514.289594132526,9447.844617015422,9447.844617015422,9447.844617015422,9447.844617015422,9447.844617015422,9447.844617015422,9261.435366026908,9037.926380929392,8808.97201055902,9558.97201055902,10800.0,10800.0,10791.125939082442,10754.26365832468,10741.924727819847,10730.793371159338,10722.515566938322,10713.43504094657,10713.43504094657,10717.335241781502,10717.335241781502,10718.672263218145,10718.672263218145,10718.672263218145,10718.672263218145,10718.672263218145,10718.672263218145,10718.672263218145,10136.135166666667,9325.749981481482,8522.335111111111,7703.6790925925925,6891.775388888889,6891.775388888889,6118.730870370371,5306.136425925926,4484.8275,3679.5820925925927,3679.5820925925927,3679.5820925925927,3679.5820925925927,2857.1043148148146,2039.219833333333,1200.0,1200.0,1200.0,1200.0,1200.0,1200.0,1200.0,1200.0,1200.0,1947.7713550008639,1947.7713550008639,1947.7713550008639,1947.7713550008639,1284.108392037901,1200.0,1200.0,1200.0,1200.0,1200.0,1200.0,1200.0
2025-03-14,1612.8816688888892,1612.8816688888892,1612.8816688888892,1612.8816688888892,1612.8816688888892,2362.8816688888874,2362.8816688888874,2362.8816688888874,3112.8816688888874,3862.8816688888874,3862.8816688888874,3862.8816688888874,3862.8816688888874,3862.8816688888874,3862.8816688888874,4612.881668888887,4612.881668888887,4101.157123243402,4101.157123243402,4851.157123243403,4851.157123243403,4851.157123243403,4851.157123243403,4851.157123243403,4851.157123243403,4851.157123243403,4321.262345465626,4321.262345465626,4550.904106322725,4550.904106322725,4550.904106322725,4550.904106322725,4550.904106322725,5300.904106322725,4802.691143359762,4321.572715851946,4645.1880573341205,4215.307601091574,3841.7730878821794,3491.3246832374925,3112.009701756011,2810.0490770339416,2575.059780303948,2393.316907627842,2305.336616736719,2301.694727629868,2301.694727629868,2301.694727629868,2301.694727629868,2301.694727629868,2301.694727629868,2301.694727629868,2301.694727629868,2301.694727629868,2301.694727629868,2301.694727629868,2301.694727629868,2301.694727629868,2301.694727629868,2301.694727629868,2301.694727629868,2301.694727629868,2301.694727629868,2301.694727629868,2301.694727629868,2301.694727629868,2301.694727629868,2301.694727629868,2301.694727629868,2825.0053993154174,3546.6966793154174,4264.675391446738,10800.0,10800.0,10800.0,10800.0,10800.0,10800.0,10800.0,10800.0,10800.0,10800.0,10800.0,10800.0,10800.0,10800.0,10800.0,10800.0,10800.0,10800.0,10800.0,10800.0,10800.0,10800.0,10800.0,10800.0,10800.0,10800.0,10786.721570652899,10756.770825886093,10725.973331022322,10701.540950723478,10678.676533412758,10666.089240740741,10666.089240740741,10666.089240740741,10366.943666666666,9849.204074074074,9346.662277777777,8864.049314814814,8365.840462962962,7851.031722222222,7335.418759259259,6814.821777777777,6313.43037037037,5822.850740740741,5304.19387037037,4784.950814814814,4294.232296296296,3797.691148148148,3287.966407407407,2786.8293703703703,2289.2391666666667,1762.1018518518517,1200.0,1200.0,1200.0,1200.0,1200.0,1200.0,1200.0,1200.0,1200.0,1200.0,1947.08925,2647.99972457231,2647.99972457231,2647.99972457231,2182.481650498236,1690.3501690167543,1690.3501690167543,1690.3501690167543,1690.3501690167543,1207.1152986463837
2025-03-15,2485.205971434624,2485.205971434624,3224.9668575519895,3224.9668575519895,3974.9668575519895,3974.9668575519895,3974.9668575519895,3974.9668575519895,4724.96685755199,5474.96685755199,5474.96685755199,5474.96685755199,5474.96685755199,5474.96685755199,4963.728561255693,4963.728561255693,5713.728561255693,6463.728561255693,6463.728561255693,6463.728561255693,6463.728561255693,6463.728561255693,6463.728561255693,6463.728561255693,6463.728561255693,6463.728561255693,6463.728561255693,5913.879505700138,5913.879505700138,5913.879505700138,5913.879505700138,5401.209266167374,5401.209266167374,5401.209266167374,4890.468525426633,4380.802219680359,4382.542314387976,3949.9850437391183,3545.3254013852616,3182.795154077204,2828.78370963276,2536.3483559717633,2285.6348560888982,2079.8954869433906,1946.4655596149323,1892.9450467035244,1884.2273985553766,1924.7452480978504,2027.1260141600628,2183.5072780714418,2354.5586896538625,2522.133090463181,2640.607980463181,2773.144143958814,2922.344835073039,3051.7689968361115,3173.7791650007966,3295.033174381893,3461.882164381893,3613.6455564626517,3762.3446360558632,3986.5715552888823,4234.512183971929,4517.313747954416,4770.077517954415,5021.976969637868,5285.872192459354,5531.496406281677,5802.527333424451,6061.542685834841,6289.479355834841,6570.306403400548,8556.130507093301,8556.130507093301,8556.130507093301,8556.130507093301,8556.130507093301,8556.130507093301,8556.130507093301,8556.130507093301,8556.130507093301,8556.130507093301,8856.752474274012,9173.552356832095,9476.520184751438,9777.576726571833,10036.424490761807,10241.289870228515,10424.982840228515,10588.950647674512,10800.0,10800.0,10800.0,10800.0,10800.0,10800.0,10800.0,10765.772099557771,10736.40942317883,10701.926155504005,10666.069009605217,10666.069009605217,10646.796162364257,10632.405018518519,10632.405018518519,10632.405018518519,10632.405018518519,10118.513166666668,9613.771611111111,9100.414203703704,8601.981407407407,8097.01425925926,7585.258703703705,7083.052870370371,6576.8824814814825,6041.258407407408,5506.005222222223,4987.420314814815,4473.201796296296,3952.6709629629627,3437.6158888888885,2934.8418148148144,2440.508555555555,1941.5581666666662,1425.195203703703,1425.195203703703,1425.195203703703,1425.195203703703,1425.195203703703,1200.0,1200.0,1200.0,1946.56641,2681.96991,3426.7711799999997,4174.674015,4920.526510202075,5668.1636202020745,6411.891115202075,7153.749115202075,7900.450795202075,8641.641790202075,9375.309790202075,9375.309790202073
2025-03-16,9572.336512962962,9572.336512962962,9981.33888888889,9981.33888888889,9981.33888888889,9981.33888888889,9981.33888888889,9981.33888888889,9981.33888888889,9981.33888888889,9981.33888888889,9981.33888888889,9981.33888888889,9300.0,9300.0,9300.0,9300.0,9300.0,9300.0,9300.0,9300.0,9300.0,9300.0,9300.0,10050.0,10800.0,10800.0,10776.55,10050.0,10050.0,10050.0,10050.0,10050.0,10800.0,10800.0,9921.398260544369,9960.337519088078,9133.680832325183,8348.799327103545,7654.570431563369,6994.392820452258,6371.444480615774,5791.306738379866,5286.1070141153705,5286.444408621663,5998.349199395939,5255.831754951494,4593.719469260605,4075.651268847102,3634.522723689776,3230.0596470636324,2927.511416961029,2740.3777132573255,2596.09357819459,2475.6674960015584,2432.976305621202,2425.4466363269003,2425.4466363269003,2425.4466363269003,2425.4466363269003,2425.4466363269003,2471.1689801853167,2530.8229453356566,2639.924677825393,2762.2500228253925,3406.4927833023676,3990.108047824652,4048.063623694102,4645.298650522664,5272.317667063637,5856.150652063637,6606.150652063637,7368.265813587149,8071.503811567568,8777.115663416544,9520.67491860373,10270.67491860373,10270.67491860373,10274.50164153413,10274.50164153413,10274.50164153413,10274.50164153413,10274.50164153413,10146.222006181784,9977.677612268919,9825.681187694263,9632.709898705722,9378.751724571348,9097.166743089867,9299.999996491562,10799.999994102614,10799.999994102614,10799.999994102614,10799.999994102614,10799.999994102614,10799.999994102614,10799.999994102614,10799.999994102614,10799.999994102614,10799.999994102614,10799.115220033425,10799.115220033425,10795.659679406148,10788.928992518386,10788.928992518386,10788.928992518386,10788.928992518386,10018.574011036904,9208.09767770357,8361.41619622209,7503.877418444312,6646.51693696283,5829.663233259126,5008.764029555422,5008.764029555422,5008.764029555422,4186.788714740607,3632.3418333333334,3632.3418333333334,3632.3418333333334,3632.3418333333334,2805.4047962962964,2010.975,1200.0,1200.0,1200.0,1200.0,1200.0,1200.0,1200.0,1200.0,1200.0,1946.56641,1946.56641,1946.56641,1946.56641,1946.56641,2688.459555,2688.459555,2688.459555,2688.459555,2688.459555,2688.459555,2688.459555
2025-03-17,4232.056140259394,4232.056140259394,4982.056140259394,4982.056140259394,5732.056140259394,6482.056140259394,6482.056140259394,6482.056140259394,7232.056140259394,7982.056140259394,7982.056140259394,7982.056140259394,7982.056140259394,7982.056140259394,7982.056140259394,7982.056140259394,8550.0,9300.0,9300.0,9300.0,9300.0,9300.0,9300.0,9300.0,10050.0,10050.0,10050.0,10050.0,10050.0,10050.0,10050.0,10050.0,10050.0,10800.0,10800.0,9874.074074074075,9979.8648388025,9225.455976119067,8531.256573098603,7899.382506999402,7292.175173666068,6794.405717680914,6320.3730066595,5853.675923704723,5565.200346813844,5565.200346813844,5011.272846813844,4494.6160825357165,4124.0638307380605,3829.760748080876,3576.6168315550126,3373.6424653065633,3261.443057899156,3231.7867504586225,3246.254342993803,3341.4240382538464,3390.2264029375233,3413.9027474139834,3510.0637724139833,3609.121193890602,3711.814628670074,3869.43262590963,4045.471747401423,4209.997644920245,4379.129619920245,4555.0748375057765,4742.2138652398435,4949.774438988407,5261.311467754139,5879.461448036927,6629.461448036927,7379.461448036927,6747.784122048439,7497.784122048439,8247.784122048439,8997.784122048439,9747.784122048439,9868.394660182192,9947.319260668783,10023.83397031393,10110.266723063065,10224.96390270921,10367.50819770921,10456.041822736244,10516.012664888121,10541.035295689942,10541.035295689942,10468.452728753708,10309.006876901856,10309.006876901856,10571.41738518005,10500.775075639613,10800.0,10800.0,10762.673329683557,10762.673329683557,10762.673329683557,10762.673329683557,10762.673329683557,10749.347244826953,10730.11824380331,10720.456336554405,10715.903920774173,10711.618703703703,10711.618703703703,10711.618703703703,10711.618703703703,9951.308185185186,9951.308185185186,9951.308185185186,9141.762592592593,8330.606666666667,7507.106666666666,6670.608814814814,6145.964777777779,6145.964777777779,5278.748111111112,4413.483962962963,3587.9728518518523,3587.9728518518523,2807.4679444444446,2031.3623888888887,2031.3623888888887,1200.0,1200.0,1200.0,1200.0,1200.0,1200.0,1200.0,1200.0,1200.0,1946.5664056208163,1946.5664056208163,1946.5664056208163,1946.5664056208163,1946.5664056208163,1946.5664056208163,1946.5664056208163,1946.5664056208163,1946.5664056208163,1946.5664056208163,1946.5664056208163,1277.4757389541496
2025-03-18,2951.884191111115,2951.884191111115,2951.884191111115,2951.884191111115,3207.7042222222226,3207.7042222222226,3207.7042222222226,3207.7042222222226,3957.7042222222226,4707.704222222223,4707.704222222223,4707.704222222223,5457.704222222223,5457.704222222223,4800.0,4800.0,5550.0,6300.0,6300.0,7050.0,7800.0,8550.0,9300.0,10050.0,10050.0,10050.0,10050.0,10050.0,10050.0,10050.0,10050.0,10050.0,10050.0,10800.0,10800.0,9894.980845880124,9870.908527080423,9066.174198813176,8270.87278131441,7583.879706502169,6964.112113909576,6373.938347865789,6373.938347865789,6373.938347865789,6373.938347865789,6373.938347865789,5777.895625643567,5171.388008197709,4673.0907205155,4234.717817161275,3805.2806548108447,3387.913015185258,3035.6741077778506,2752.763242287868,2508.223422019544,2320.5809533946817,2179.3005948782425,2033.2534285137071,1937.3467618470402,1794.3497566583412,1710.9179350590223,1710.9179350590223,1727.011779768488,1756.4365635606814,1778.8835385606817,2528.8835385606817,3278.8835385606817,4028.8835385606817,4778.883538560682,5528.883538560682,6278.883538560682,7028.883538560682,7506.667147968174,8256.667147968174,9006.667147968174,9756.667147968174,10260.173603487981,10432.877775139297,10551.951389468974,10648.945679590002,10742.500694617262,10800.0,10800.0,10800.0,10769.79275927201,10729.675725304125,10639.359234661493,10464.567612435103,10215.475205354185,10215.475205354185,10799.999993653795,10799.999993653795,10799.999993653795,10799.999993653795,10799.999993653795,10799.999993653795,10799.999993653795,10799.999993653795,10799.999993653795,10799.999993653795,10799.999993653795,10799.999993653795,10799.999993653795,10799.999993653795,10799.999993653795,10799.999993653795,10799.999993653795,10013.656215876017,9181.644012172314,8358.508826987128,8358.508826987128,7570.671604764906,6783.59567883898,5994.348364024166,5994.348364024166,5994.348364024166,5170.031289950091,4358.886493653795,3602.1227222222224,2786.311425925926,2786.311425925926,2786.311425925926,1992.9729444444445,1200.0,1200.0,1200.0,1200.0,1200.0,1200.0,1200.0,1200.0,1200.0,1200.0,1200.0,1200.0,1200.0,1200.0,1200.0,1200.0,1200.0,1200.0,1200.0,1200.0,1200.0
2025-03-19,2480.0968976425042,2480.0968976425042,2480.0968976425042,2550.0,3300.0,4050.0,4800.0,5550.0,5550.0,5550.0,5550.0,5550.0,5550.0,5550.0,5550.0,5550.0,5550.0,5550.0,5550.0,6300.0,6300.0,6300.0,6300.0,7050.0,7800.0,8550.0,9300.0,9300.0,9300.0,10050.0,10800.0,10800.0,10800.0,10800.0,10800.0,9896.396490680425,9996.712300623169,9212.099960322459,8423.346019368877,7727.395487918158,7143.313876807048,6667.1550679899365,6645.091991944593,6182.8685481642215,6144.678345420204,6144.678345420204,5523.422234309093,4903.14864581801,4359.045122773759,3825.8573483452956,3325.8070515912736,2873.196461732663,2508.1151654363666,2229.228606110829,2024.4434268516482,1913.8315104492046,1852.3527841228602,1852.3527841228602,1913.98280412286,1990.5295758297968,2064.6349037815794,2185.296523250002,2345.7388645737205,2534.901287741197,2754.8974077411967,3036.017030644918,3786.017030644918,4397.111213503507,5147.111213503507,5897.111213503507,6647.111213503507,7397.111213503507,7063.216622678898,7813.216622678898,8563.216622678898,9313.216622678898,10063.216622678898,10247.556960209278,10393.118436672281,10497.566294474516,10539.366766713349,10562.939281940273,10562.939281940273,10525.179671418686,10436.148946580468,10329.863394062784,10212.912376446082,10028.532345883752,9782.095137986982,10532.095137986982,10799.825138902692,10799.459170420132,10799.459170420132,10790.742330397703,10799.99999175831,10799.99999175831,10799.99999175831,10799.99999175831,10799.99999175831,10799.99999175831,10799.99999175831,10799.99999175831,10799.99999175831,10799.99999175831,10799.99999175831,10799.99999175831,10799.99999175831,10007.33823249905,9178.15999175831,8489.74388888889,7672.8983518518535,6877.285314814816,6093.066796296297,6093.066796296297,6093.066796296297,5281.464944444445,4470.446944444445,3653.9104074074075,2823.3363333333336,2823.3363333333336,2823.3363333333336,2823.3363333333336,2010.4574814814816,1200.0,1200.0,1200.0,1200.0,1200.0,1200.0,1200.0,1200.0,1200.0,1942.03389,1942.03389,1942.03389,1942.03389,1274.395001111111,1202.407741851852,1202.407741851852,1202.407741851852,1202.407741851852,1202.407741851852,1949.808241851852,1949.808241851852
2025-03-20,2946.7307963898365,2946.7307963898365,2946.7307963898365,2946.7307963898365,2946.7307963898365,2946.7307963898365,3696.7307963898365,4446.7307963898365,5196.7307963898365,5550.0,5550.0,5550.0,6300.0,7050.0,7050.0,7050.0,7800.0,7800.0,8550.0,8550.0,8550.0,8550.0,8550.0,8550.0,8550.0,8550.0,9300.0,9300.0,9300.0,10050.0,10800.0,10800.0,10800.0,10800.0,10800.0,9876.167563978841,9977.02577685489,9186.478731205798,8458.139852438264,7834.657880518147,7259.497602740369,6751.261444635637,6267.070478766526,5820.037250326517,5485.930624531971,5485.930624531971,4888.8594023097485,4378.129522054428,3996.576948682515,3609.5489644685977,3272.852124198233,2979.035943060241,2748.2097763935744,2584.0473632705953,2455.4674101991745,2356.3916913033586,2301.374191018759,2269.754231905737,2259.440768942774,2256.10394587551,2256.10394587551,2266.306590941081,2318.2535168152112,2404.4497652897053,2482.533045289705,3143.366368147693,3289.6060201134515,3472.6936208717007,4222.26271521517,4902.408247587031,5652.408247587031,6402.408247587031,5498.50951283945,6248.50951283945,6998.50951283945,7748.50951283945,8011.116087839449,8151.087921502421,8244.513837248458,8363.27751332612,8437.958554652534,8508.863561542077,8586.281636542077,8605.912271815414,8596.5263244475,8567.337211810562,8477.356326598041,8309.330587418637,8309.330587418637,9059.330587418637,10549.58599521733,10549.58599521733,10549.58599521733,10549.58599521733,10549.58599521733,10799.999993780379,10799.999993780379,10799.999993780379,10799.999993780379,10799.999993780379,10799.999993780379,10799.999993780379,10799.999993780379,10799.999993780379,10799.999993780379,10799.999993780379,10799.999993780379,10799.999993780379,9978.359697484082,9164.167104891489,9164.167104891489,8347.846771558156,7545.635660447044,6712.751216002599,5876.229660447043,5046.333364150747,4597.681777777778,3726.600018518518,2890.9777962962958,2050.820259259259,2050.820259259259,2050.820259259259,2050.820259259259,1200.0,1200.0,1200.0,1200.0,1200.0,1200.0,1200.0,1200.0,1200.0,1200.0,1200.0,1200.0,1200.0,1200.0,1200.0,1200.0,1200.0,1200.0,1200.0,1200.0,1200.0
2025-03-21,2037.8220508492539,2037.8220508492539,2037.8220508492539,2037.8220508492539,2037.8220508492539,2037.8220508492539,2037.8220508492539,2787.822050849254,3537.822050849254,3537.822050849254,2994.923902701106,2807.6154082473868,2807.6154082473868,3557.614685487555,4307.614685487555,5057.614685487555,5057.614685487555,4507.548296598667,3982.2478706727406,3982.2478706727406,3982.2478706727406,3982.2478706727406,3982.2478706727406,3982.2478706727406,3459.650981783852,3459.650981783852,4209.650981783852,4209.650981783852,3687.5417225245933,3184.523574376445,3184.523574376445,3934.523574376445,4684.523574376445,4684.523574376445,4092.384685487556,3556.6550406731462,4049.2285898223113,3648.9713360579726,3300.637451055468,2970.1535931630924,2643.4179264964255,2374.1871323769187,2196.896669422036,2115.188806111703,2115.188806111703,2115.188806111703,2115.188806111703,2115.188806111703,2115.188806111703,2115.188806111703,2115.188806111703,2115.188806111703,2115.188806111703,2115.188806111703,2115.188806111703,2115.188806111703,2115.188806111703,2115.188806111703,2115.188806111703,2115.188806111703,2115.188806111703,2115.188806111703,2115.188806111703,2115.188806111703,2115.188806111703,2115.188806111703,2115.188806111703,2115.188806111703,2115.188806111703,2115.188806111703,2115.188806111703,2328.4419057917753,10800.0,10800.0,10800.0,10800.0,10800.0,10800.0,10800.0,10800.0,10800.0,10800.0,10800.0,10800.0,10800.0,10800.0,10800.0,10800.0,10800.0,10800.0,10800.0,10800.0,10800.0,10800.0,10800.0,10800.0,10800.0,10800.0,10800.0,10800.0,10800.0,10792.294320317153,10785.460147306176,10783.373020918014,10783.373020918014,10783.373020918014,10488.266398398371,9978.698805805778,9467.273324324296,8944.049250250222,8456.07426876874,7978.4037502502215,7484.659305805777,6979.970898398369,6486.699102102073,6001.247250250221,5473.440750250222,4920.421490990962,4377.3788983983695,3857.406694694666,3335.8136021020737,2804.2284169168884,2259.3209354354067,1726.6635650650362,1200.0006021020731,1200.0006021020731,1200.0006021020731,1200.0006021020731,1200.0006021020731,1200.0006021020731,1200.0006021020731,1200.0006021020731,1943.3059814814815,2150.775259259259,2150.775259259259,1690.322925925926,1690.322925925926,1690.322925925926,1690.322925925926,1690.322925925926,1690.322925925926,1690.322925925926,1690.322925925926,1200.0
2025-03-22,2031.8651670449499,2031.8651670449499,2031.8651670449499,2031.8651670449499,2031.8651670449499,2781.86516704495,3531.8651670449494,3531.8651670449494,3531.8651670449494,3531.8651670449494,3531.8651670449494,4281.86516704495,4281.86516704495,3751.859611489394,3751.859611489394,3751.859611489394,3751.859611489394,3751.859611489394,3751.859611489394,3751.859611489394,3751.859611489394,3751.859611489394,3751.859611489394,3751.859611489394,4501.859611489394,5251.859611489394,4712.0097226005055,4712.0097226005055,5318.27458829026,6068.27458829026,6068.27458829026,5547.6134771791485,5051.9478211790965,5051.9478211790965,4498.718191549467,3971.870655884971,4169.606278775108,3766.07449796076,3435.8074434026394,3127.1282143079143,2832.643677270877,2607.870375319135,2440.616925620446,2308.2918597908374,2232.4777231835924,2232.4777231835924,2232.4777231835924,2232.4777231835924,2232.4777231835924,2232.4777231835924,2232.4777231835924,2232.4777231835924,2232.4777231835924,2232.4777231835924,2232.4777231835924,2232.4777231835924,2232.4777231835924,2232.4777231835924,2232.4777231835924,2232.4777231835924,2232.4777231835924,2232.4777231835924,2232.4777231835924,2232.4777231835924,2232.4777231835924,2232.4777231835924,2232.4777231835924,2232.4777231835924,2232.4777231835924,2232.4777231835924,2232.4777231835924,2447.094410412446,10800.0,10800.0,10800.0,10800.0,10800.0,10800.0,10800.0,10800.0,10800.0,10800.0,10800.0,10800.0,10800.0,10800.0,10800.0,10800.0,10800.0,10800.0,10800.0,10800.0,10800.0,10800.0,10800.0,10800.0,10800.0,10800.0,10800.0,10800.0,10800.0,10800.0,10800.0,10800.0,10800.0,10800.0,10731.40675695522,10203.86212732559,9656.150775473738,9098.363738436701,8580.423979177442,8067.536164362627,7548.069497695959,7023.306682881144,6501.273349547811,5981.54186806633,5474.691886584848,4989.3732569552185,4496.699182881144,3964.8629051033663,3423.829423621885,2896.049793992255,2331.6632199181813,1754.7817569552185,1200.000275473737,1200.000275473737,1200.000275473737,1200.000275473737,1200.000275473737,1200.000275473737,1200.000275473737,1936.789475473737,2683.138235473737,3416.525735473737,4160.368265473737,4901.172845473737,5632.745345473737,6378.5447604737365,7122.032915473735,7868.527415473734,8600.501495473734,9330.618905473735,10074.126905473735,9417.99183139966
2025-03-23,10800.0,10800.0,10800.0,10800.0,10800.0,10800.0,10800.0,10800.0,10800.0,10800.0,10800.0,10800.0,10800.0,10800.0,10119.129777777778,10119.129777777778,10119.129777777778,10119.129777777778,10119.129777777778,10119.129777777778,10119.129777777778,10119.129777777778,10119.129777777778,10119.129777777778,9446.833166666667,9300.0,9300.0,9300.0,9300.0,10050.0,10050.0,10050.0,10050.0,10800.0,10800.0,9874.074074074075,9908.123950789553,9132.350372458317,8416.045666247808,7757.053108348008,7159.277867607268,6595.396606239595,6595.396606239595,6595.396606239595,6595.396606239595,6595.396606239595,6012.289402535891,5464.703412321556,4989.039695767468,4514.871647019076,4102.512033256535,3768.656331387193,3509.2336832390447,3329.5403766809454,3153.0230294143726,2999.1669716992656,2843.7985775143475,2728.4436065306945,2634.139550975139,2488.9070067273888,2403.57301223803,2370.990035260328,2342.1668237464473,2287.2979354755557,2287.2979354755557,2964.754809215686,3645.20191065005,4305.79899031489,5009.01618299744,5701.9962141237675,6390.482084123768,7123.019346074254,8411.601778055117,8511.442716202147,9240.247351477841,9848.112419859373,9950.475554859373,10041.373996310902,10106.717769482204,10174.524994094203,10279.050372438827,10411.788046891123,10540.659406891124,10690.50288122644,10789.664538128794,10800.0,10800.0,10762.54189018086,10650.512501291973,10650.512501291973,10799.999994679332,10799.999994679332,10799.999994679332,10799.999994679332,10799.999994679332,10799.999994679332,10799.999994679332,10799.999994679332,10799.999994679332,10799.999994679332,10799.999994679332,10799.999994679332,10799.999994679332,10799.999994679332,10799.999994679332,10799.999994679332,10799.999994679332,10793.945386701123,9965.64523199671,9148.25866685838,8360.790777777778,8360.790777777778,7528.316703703704,6738.059074074074,5983.693129629629,5211.880166666666,4398.784722222222,4398.784722222222,4398.784722222222,3610.223259259259,2813.4730555555557,2813.4730555555557,2014.9659074074075,1200.0,1200.0,1200.0,1200.0,1200.0,1200.0,1200.0,1200.0,1200.0,1945.588095,1945.588095,1300.2087246296296,1210.6909457722786,1210.6909457722786,1210.6909457722786,1210.6909457722786,1210.6909457722786,1210.6909457722786,1210.6909457722786,1210.6909457722786,1210.6909457722786
2025-03-24,2423.3130689204268,2423.3130689204268,2423.3130689204268,2423.3130689204268,3173.3130689204268,3923.3130689204268,4673.313068920426,4673.313068920426,5423.313068920426,5423.313068920426,5423.313068920426,5423.313068920426,5423.313068920426,5423.313068920426,5423.313068920426,6173.313068920426,6923.313068920426,6923.313068920426,6923.313068920426,6923.313068920426,6923.313068920426,7050.0,7050.0,7050.0,7050.0,7050.0,7800.0,8550.0,9300.0,10050.0,10050.0,10050.0,10050.0,10800.0,10800.0,9892.403159872798,10007.618249431562,9276.313910830584,8535.290277810836,7837.709477837205,7258.4515889483155,6739.953030680162,6215.369332792613,5727.273234880811,5365.963730139288,5292.490299896315,4712.198651748167,4132.39397840596,3678.8438724755597,3289.443107141998,2958.903024894534,2667.9552079551163,2456.660726473635,2296.7060331458397,2150.0865665983783,2062.4897601024086,2062.4897601024086,2111.750296041743,2172.7948210417426,2220.9246258450617,2242.6131114781406,2273.152347361271,2334.942449406608,2404.934372251212,2461.5292822512124,3211.529253891358,3961.529253891358,4711.529253891358,5461.529253891358,6211.529253891358,6961.529253891358,7711.529253891358,7594.668121996665,8344.668121996665,9094.668121996665,9844.668121996665,10109.471386996665,10345.072410300669,10519.757621749004,10645.500983899874,10743.205372912545,10799.020755,10800.0,10800.0,10735.882052247964,10584.113432122433,10407.895360215127,10206.612132270639,9951.823076715084,10644.56271823963,10800.0,10800.0,10800.0,10800.0,10800.0,10748.795770508044,10748.795770508044,10748.795770508044,10726.698144223199,10724.865941957098,10724.865941957098,10724.865941957098,10724.865941957098,10724.865941957098,10724.865941957098,10724.865941957098,10724.865941957098,9951.972686923204,9144.799255706157,9144.799255706157,8333.3888003857,7495.434984418254,6692.69053997381,6692.69053997381,6692.69053997381,5886.364614047884,5087.644984418254,4552.7055,3676.7055,2870.6828333333333,2870.6828333333333,2870.6828333333333,2020.6757962962963,1200.0,1200.0,1200.0,1200.0,1200.0,1200.0,1200.0,1200.0,1200.0,1200.0,1200.0,1200.0,1200.0,1200.0,1200.0,1948.409948703083,1948.409948703083,1948.409948703083,1948.409948703083,1948.409948703083,1948.409948703083
2025-03-25,3343.81027002101,3343.81027002101,3343.81027002101,4093.81027002101,4843.81027002101,4843.81027002101,4843.81027002101,4843.81027002101,4843.81027002101,5593.81027002101,6343.81027002101,6343.81027002101,6343.81027002101,6343.81027002101,6343.81027002101,6343.81027002101,6343.81027002101,7093.808183488059,7093.808183488059,7050.0,7050.0,7050.0,7050.0,7800.0,7800.0,7800.0,7800.0,7800.0,7800.0,7800.0,8550.0,9300.0,10050.0,10800.0,10800.0,9882.983406920692,9963.433636218584,9210.106613227033,8512.534700754934,7852.002257141358,7228.842275659877,6659.71021274814,6154.182780015791,5728.181506973832,5433.894458235307,5433.894458235307,4902.301847124196,4331.912949942112,3858.4157240403056,3448.4551019030046,3049.5636804986148,2687.2094144246976,2386.312969980253,2165.16364351048,1984.8430838592976,1853.9591376786118,1716.9006003742065,1564.9025908517929,1464.3536834443858,1378.1572076983662,1309.8098745556304,1275.6437951755315,1217.8533483752608,1200.0000441685509,1213.3593741685509,1963.3593741685509,2713.359374168551,3463.359374168551,4213.359374168551,4963.359374168551,5713.359374168551,6463.359374168551,6516.873045,7266.873045,8016.873045,8766.873045,9504.450289596145,9701.798082220388,9879.669001811046,10062.226192255705,10243.22479287057,10426.506130746755,10596.445270746755,10740.031449230686,10800.0,10794.658863650939,10754.576600606602,10667.495299868531,10508.994022090754,10508.994022090754,10799.999994873488,10799.999994873488,10799.999994873488,10799.999994873488,10799.999994873488,10799.999994873488,10799.999994873488,10799.999994873488,10799.999994873488,10799.999994873488,10799.999994873488,10799.999994873488,10799.999994873488,10799.999994873488,10799.999994873488,10799.999994873488,10799.999994873488,10032.319406117304,10032.319406117304,10032.319406117304,9227.142463681364,8419.840392941689,7611.062615163911,6779.802615163911,5945.994633682429,5127.474263312059,4324.192522571318,3532.049763312058,3532.049763312058,2801.8922592592594,2006.5835185185188,2006.5835185185188,2006.5835185185188,1200.0,1200.0,1200.0,1200.0,1200.0,1200.0,1200.0,1200.0,1200.0,1946.12817,1946.12817,1946.12817,1946.12817,1865.0526329629627,1218.2264107407404,1218.2264107407404,1218.2264107407404,1218.2264107407404,1218.2264107407404,1218.2264107407404,1218.2264107407404
2025-03-26,1726.027255635408,2476.027255635408,3226.027255635408,3976.027255635408,3976.027255635408,4726.027255635408,5476.027255635408,6226.027255635408,6226.027255635408,6226.027255635408,6226.027255635408,6226.027255635408,6226.027255635408,6226.027255635408,6226.027255635408,6226.027255635408,6976.027255635408,7726.027255635408,8476.027255635408,8476.027255635408,8476.027255635408,8476.027255635408,8476.027255635408,8476.027255635408,8476.027255635408,8476.027255635408,9226.027255635408,9976.027255635408,10726.027255635408,10726.027255635408,10726.027255635408,10726.027255635408,10050.0,10800.0,10800.0,9886.271046153948,9967.026524078996,9185.825613734947,8503.705293642573,7875.155653524111,7287.852468338926,6800.480773732927,6363.375739149662,5940.234376291894,5598.978472366586,5207.124905552814,4645.097794441703,4081.018474390699,3614.9477994972626,3185.4134120083636,2828.7721785968442,2554.2383718843603,2331.9783904028786,2186.589349633961,2071.6562040945278,1998.4247934350776,1982.8319012545796,2012.3558808850005,2082.5545758850003,2181.5763062083965,2306.342674264463,2465.878826526922,2665.513116983972,2888.0585636539495,3128.787548653949,3878.787548653949,4628.787548653949,4788.371938570192,4964.322668305222,5200.095616165229,5485.431451165229,6235.431451165229,7107.46414915973,7857.46414915973,8607.46414915973,9357.46414915973,9826.533583316605,10017.426514944013,10160.219526169349,10307.982738586341,10433.417363295119,10559.77433324851,10685.74218824851,10767.747317068066,10800.0,10800.0,10770.483610659761,10684.746082242844,10539.440897057659,10539.440897057659,10799.999995277445,10799.999995277445,10799.999995277445,10799.999995277445,10799.999995277445,10799.999995277445,10799.999995277445,10799.999995277445,10799.999995277445,10799.999995277445,10799.999995277445,10799.999995277445,10799.999995277445,10799.999995277445,10799.999995277445,10799.999995277445,10799.999995277445,10034.147441379633,10034.147441379633,10034.147441379633,9236.503351646938,8409.367848627517,7588.128959738628,6771.558700479368,5991.353444444445,5198.812703703704,4420.651611111111,3626.2965555555556,3626.2965555555556,3626.2965555555556,3626.2965555555556,2816.32062962963,2009.2193333333335,1200.0,1200.0,1200.0,1200.0,1200.0,1200.0,1200.0,1200.0,1200.0,1946.12817,1946.12817,1946.12817,1852.9209662962962,1852.9209662962962,1852.9209662962962,1852.9209662962962,1852.9209662962962,1852.9209662962962,1852.9209662962962,1852.9209662962962,1221.6893181481482
2025-03-27,2343.452839684272,2343.452839684272,3093.452839684272,3843.452839684272,4593.4528396842725,4593.4528396842725,4593.4528396842725,4593.4528396842725,4593.4528396842725,5343.4528396842725,5343.4528396842725,5343.4528396842725,5343.4528396842725,5343.4528396842725,5343.4528396842725,5343.4528396842725,6093.4528396842725,6843.4528396842725,7050.0,7050.0,7050.0,7050.0,7050.0,7050.0,7800.0,8550.0,8550.0,8550.0,8550.0,9300.0,10050.0,10050.0,10050.0,10800.0,10800.0,9898.822091478398,9732.712323431424,8982.308421866757,8280.700693537716,7621.120946392797,7026.166576022427,6541.357147974272,6103.944061275339,5679.937912230393,5408.345602128493,5408.345602128493,4924.845972498863,4451.093704291507,4043.249624689734,3633.397153082971,3276.0837132991246,2927.354053211421,2613.691775433643,2438.1202840311425,2325.304838439255,2258.779538802231,2268.184494303595,2320.1498804312064,2356.236940431206,2421.5629157523335,2498.00057187766,2575.099992122524,2683.361019256812,2817.573483727557,2982.961308727557,3732.961308727557,4482.9613087275575,4964.733130886935,5663.895314580725,6386.482666723986,7088.720866723986,7838.720866723986,7380.754029744958,8088.2594760842485,8838.259476084248,9588.259476084248,10338.259476084248,10427.221384802788,10493.568746617126,10567.722157600956,10656.202375742945,10719.262986503094,10758.010881503094,10764.758602764385,10749.01746808324,10711.30975310216,10668.197607329046,10608.493043035058,10493.419598590614,10493.419598590614,10800.0,10800.0,10800.0,10800.0,10800.0,10800.0,10800.0,10800.0,10800.0,10800.0,10800.0,10795.493555054223,10795.493555054223,10795.493555054223,10795.493555054223,10795.493555054223,10795.493555054223,10795.493555054223,9969.146545669899,9174.764171263541,9174.764171263541,8332.665858574099,7468.682525240765,6622.43884005558,5812.396506722246,5323.493833333333,5323.493833333333,4500.523722222222,3670.5996481481484,3670.5996481481484,2811.807314814815,2007.4665740740743,2007.4665740740743,1200.0,1200.0,1200.0,1200.0,1200.0,1200.0,1200.0,1200.0,1200.0,1928.0145928522347,1928.0145928522347,1928.0145928522347,1928.0145928522347,1928.0145928522347,1298.086963222605,1200.0,1200.0,1200.0,1200.0,1200.0,1200.0
2025-03-28,1763.669312458177,1763.669312458177,1763.669312458177,1763.669312458177,1763.669312458177,1763.669312458177,2513.669312458176,3263.6691427786045,3263.6691427786045,4013.6691427786045,4763.6691427786045,4763.6691427786045,4763.6691427786045,4254.9191427786045,4254.9191427786045,4254.9191427786045,4254.9191427786045,4254.9191427786045,5004.9191427786045,5004.9191427786045,4488.775365000826,4488.775365000826,4488.775365000826,3988.349994630456,3988.349994630456,3988.349994630456,3988.349994630456,3988.349994630456,3988.349994630456,4738.349994630456,4738.349994630456,4673.236135322105,4673.236135322105,5423.236135322105,4896.450653840624,4409.140502530698,5193.0525377817,4809.698408121583,4466.3149622692645,4137.076105709,3831.4929945978893,3599.3646160546464,3411.588752890981,3249.6022152987193,3154.517247943009,3112.436758559746,3112.436758559746,3112.436758559746,3112.436758559746,3112.436758559746,3112.436758559746,3112.436758559746,3112.436758559746,3112.436758559746,3112.436758559746,3112.436758559746,3112.436758559746,3112.436758559746,3112.436758559746,3112.436758559746,3112.436758559746,3112.436758559746,3112.436758559746,3112.436758559746,3112.436758559746,3112.436758559746,3112.436758559746,3112.436758559746,3112.436758559746,3112.436758559746,3112.436758559746,3112.436758559746,10800.0,10800.0,10800.0,10800.0,10800.0,10800.0,10800.0,10800.0,10800.0,10800.0,10800.0,10800.0,10800.0,10800.0,10800.0,10800.0,10800.0,10800.0,10800.0,10800.0,10800.0,10800.0,10800.0,10800.0,10800.0,10800.0,10800.0,10800.0,10800.0,10800.0,10800.0,10800.0,10800.0,10800.0,10648.940805692106,10148.39318134251,9645.246813360603,9155.520166232112,8684.644219111628,8172.580814814814,7622.74562962963,7098.279425925925,6594.941314814814,6061.430203703703,5516.434555555556,4953.518333333333,4394.501666666667,3883.0455925925926,3358.297722222222,2787.9162407407407,2235.7417962962963,1718.237037037037,1200.0,1200.0,1200.0,1200.0,1200.0,1200.0,1200.0,1942.410135,2668.9587269754306,2581.825338086542,2581.825338086542,2581.825338086542,2581.825338086542,2581.825338086542,2581.825338086542,2581.825338086542,2115.2811343828384,1673.1470788272832,1205.3970788272832,1205.3970788272827
2025-03-29,2730.5080097485425,3133.9711132135053,3133.9711132135053,3883.9711132135053,3883.9711132135053,3421.1962428431348,4171.196242843134,4921.196242843134,4392.239037498277,3864.945796757536,3373.971722683462,3373.971722683462,3373.971722683462,3373.971722683462,3373.971722683462,3373.971722683462,3373.971722683462,3373.971722683462,3373.971722683462,4123.971722683462,4873.971722683462,4873.971722683462,4873.971722683462,4873.971722683462,4363.1170004612395,4363.1170004612395,4363.1170004612395,4363.1170004612395,3832.4707041649435,3832.4707041649435,3832.4707041649435,3832.4707041649435,3832.4707041649435,4582.4707041649435,4067.248667127906,3593.5831594719407,4234.649712476616,3837.7655798586507,3530.4224249999347,3256.998913460899,2981.6215430905286,2761.945568138584,2622.447107953248,2561.760248764221,2550.9210496165288,2550.9210496165288,2550.9210496165288,2550.9210496165288,2550.9210496165288,2550.9210496165288,2550.9210496165288,2550.9210496165288,2550.9210496165288,2550.9210496165288,2550.9210496165288,2550.9210496165288,2550.9210496165288,2550.9210496165288,2550.9210496165288,2550.9210496165288,2550.9210496165288,2550.9210496165288,2550.9210496165288,2550.9210496165288,2550.9210496165288,2550.9210496165288,2550.9210496165288,2550.9210496165288,2550.9210496165288,2550.9210496165288,2550.9210496165288,2550.9210496165288,10800.0,10800.0,10800.0,10800.0,10800.0,10800.0,10800.0,10800.0,10800.0,10800.0,10800.0,10800.0,10800.0,10800.0,10800.0,10800.0,10800.0,10800.0,10800.0,10800.0,10800.0,10800.0,10800.0,10800.0,10783.327565972048,10783.327565972048,10783.327565972048,10750.011646544595,10725.181290550876,10725.181290550876,10714.07313048078,10704.562933242783,10704.562933242783,10704.562933242783,10392.651094593202,9900.429027814385,9384.471861996524,8857.941793102915,8381.271123627259,7889.567611111112,7359.3379814814825,6840.378537037038,6341.03238888889,5832.584240740742,5325.989814814816,4808.483944444445,4290.222833333334,3788.2635000000005,3280.4148888888894,2751.990814814815,2222.8527222222224,1710.7407407407409,1200.0,1200.0,1200.0,1200.0,1200.0,1200.0,1200.0,1200.0,1926.548625,2674.688619951894,2674.688619951894,2674.688619951894,2674.688619951894,3409.529769951894,4143.864879951894,4889.514879951895,4889.514879951895,4889.514879951895,5634.962379951895,5634.962379951895
2025-03-30,6784.606281016579,6784.606281016579,6784.606281016579,6784.606281016579,6784.606281016579,6784.606281016579,7534.606281016579,8284.606281016579,8284.606281016579,8284.606281016579,8284.606281016579,8284.606281016579,8284.606281016579,8284.606281016579,8284.606281016579,8284.606281016579,8284.606281016579,8284.606281016579,9034.606281016579,9034.606281016579,9034.606281016579,9034.606281016579,9034.606281016579,9034.606281016579,9034.606281016579,9034.606281016579,9300.0,10050.0,10050.0,10050.0,10050.0,10050.0,10050.0,10800.0,10800.0,9897.558961083412,9989.05527608655,9241.020878552463,8564.511286687644,7952.86485197673,7421.357185310064,6991.458337110795,6605.345430522812,6250.678885069309,5968.860095576596,5588.609086963769,5039.17332770451,4524.8178861553615,4115.81415670566,3740.5113923137283,3414.06443536223,3126.1163956311707,2869.3516734089485,2697.805588885443,2577.0333149847493,2515.9700516819435,2514.1844343086177,2514.1844343086177,2579.0486943086175,2669.3804143120933,2798.3604874152147,2989.466881784295,3197.18849351799,3395.5998671243256,3607.9480421243256,3865.847750861882,4114.235659295621,4333.953477495999,4587.297733312614,5337.297733312614,6087.297733312614,6837.297733312614,6815.935245936294,7565.935245936294,8290.03044390542,9040.03044390542,9356.54254890542,9683.914169136197,9980.173033791947,10177.62739042191,10337.812380597386,10509.366841095492,10662.149386095492,10757.465048904844,10792.259483953141,10800.0,10800.0,10779.257033975673,10702.07468212382,10702.07468212382,10799.999995507469,10799.999995507469,10799.999995507469,10799.999995507469,10799.999995507469,10799.999995507469,10799.999995507469,10799.999995507469,10799.999995507469,10799.999995507469,10799.999995507469,10799.999995507469,10799.999995507469,10799.999995507469,10799.999995507469,10799.999995507469,10799.999995507469,10053.656065721327,9275.987366083013,9275.987366083013,9275.987366083013,8444.036862526098,7604.35908474832,6793.974732896469,5981.300825489061,5129.491566229802,4301.058140303876,3468.81458474832,3468.81458474832,3468.81458474832,3468.81458474832,2612.4201403038755,1797.1160662298016,1200.0,1200.0,1200.0,1200.0,1200.0,1200.0,1200.0,1200.0,1200.0,1926.110385,1926.110385,1291.6114405555554,1210.5114961111112,1210.5114961111112,1210.5114961111112,1210.5114961111112,1210.5114961111112,1210.5114961111112,1210.5114961111112,1210.5114961111112,1210.5114961111112
2025-03-31,1956.8000702379218,1956.8000702379218,2706.800070237922,3456.800070237922,3456.800070237922,3456.800070237922,4206.800070237921,4956.800070237921,4956.800070237921,4956.800070237921,5706.800070237921,5706.800070237921,5706.800070237921,5706.800070237921,5706.800070237921,6456.800070237921,7206.800070237921,7206.800070237921,7206.800070237921,7206.800070237921,7206.800070237921,7206.800070237921,7956.800070237921,7956.800070237921,7956.800070237921,7956.800070237921,7956.800070237921,8550.0,8550.0,8550.0,9300.0,9300.0,10050.0,10800.0,9907.401277777777,9031.829660281746,9122.680758375644,8378.59661815225,7681.1339483227985,7053.514070398938,6520.533848176716,6051.610244958362,5641.4902152755785,5335.941435850687,5113.600220853288,4774.220641093282,4269.274104056245,3827.0624167394103,3525.9193727778897,3263.4155107087936,3037.2884597367747,2848.8189728810794,2718.901435844042,2614.986684889785,2520.490549546679,2498.6194617883916,2499.7069021053944,2499.7069021053944,2539.2044221053943,2577.1386867849483,2638.2135522993276,2747.177353451779,2942.8550227890164,3163.077219981751,3370.5130899817514,3587.646101837967,3799.0817145455403,4549.08171454554,5299.08171454554,6049.08171454554,6799.08171454554,7549.08171454554,8157.058290740741,8907.05829074074,9657.05829074074,10407.05829074074,10655.2051163037,10731.283794078892,10781.768728919606,10781.768728919606,10782.113661639742,10800.0,10797.326432649303,10779.19630076266,10717.789279064113,10634.886586026552,10555.232493247302,10424.625030260206,10225.504771000946,10661.417931432708,10700.863772190894,10700.863772190894,10700.863772190894,10700.863772190894,10700.863772190894,10700.863772190894,10701.93974763577,10708.278157741262,10712.94511380325,10730.316228375961,10730.316228375961,10739.182784943687,10739.182784943687,10739.182784943687,10739.182784943687,10739.182784943687,10739.182784943687,10056.851409991505,9229.536468843322,8421.122085623952,7643.697425925926,7643.697425925926,7643.697425925926,7643.697425925926,6837.932018518519,6032.220907407408,5246.522481481482,5246.522481481482,4435.244703703704,3641.9227222222216,2846.9935370370367,2846.9935370370367,2023.1104074074074,1200.0,1200.0,1200.0,1200.0,1200.0,1200.0,1200.0,1200.0,1950.0,2689.5898967298403,2046.545763648963,2046.545763648963,2534.8077037037037,2534.8077037037037,2534.8077037037037,2534.8077037037037,2534.8077037037037,2534.8077037037037,2534.8077037037037,1862.7225185185187,1200.0
2025-04-01,2705.6008575493956,3455.6008575493956,3455.6008575493956,4050.0,4050.0,4050.0,4050.0,4800.0,5550.0,5550.0,5550.0,5550.0,5550.0,5550.0,5550.0,5550.0,5550.0,5550.0,5550.0,5550.0,5550.0,5550.0,6300.0,6300.0,6300.0,6300.0,7050.0,7800.0,8550.0,9300.0,10050.0,10050.0,10050.0,10800.0,10800.0,9943.508166926176,9434.417400771319,8675.286343723456,7991.310815791818,7373.203081583136,6818.388192694247,6359.8170630767045,5946.831370826891,5578.460419946708,5307.037485198883,5307.037485198883,4849.354411124808,4424.876259635813,4086.1856120032207,3775.5003175992033,3561.072885802967,3368.6220742140436,3148.095277917747,2976.9757637603525,2851.7708439802927,2773.523101898865,2654.6761956334317,2510.9774386045424,2403.8681793452834,2338.1544104138634,2266.509678000225,2169.464432288626,2131.453271596539,2131.453271596539,2106.6597530780205,2856.6597530780205,3606.6597530780205,4356.65975307802,5106.65975307802,5856.65975307802,6606.65975307802,7356.65975307802,8599.199004797927,9062.826986551443,9812.826986551443,10562.826986551443,10632.440336551443,10662.938969968422,10681.252145563278,10660.774726464055,10673.846741433097,10726.90962302845,10772.73481802845,10799.902677187692,10800.0,10785.07006055388,10747.4008200451,10669.704087982785,10537.564291686489,10800.0,10778.059031497776,10767.610522405641,10759.045879067546,10747.548006692632,10740.790127440869,10733.433986618205,10727.512825243546,10715.746488360619,10715.746488360619,10716.349702491829,10716.349702491829,10722.191025599186,10722.191025599186,10722.191025599186,10722.191025599186,10722.191025599186,10723.924734047107,10723.924734047107,10723.924734047107,9928.264339338364,9137.323709850405,8322.457896533902,7501.380118756125,6686.936248385754,6153.0436851851855,5278.875166666667,4448.147111111111,3638.4842037037038,2814.643462962963,2814.643462962963,2814.643462962963,1988.5490185185186,1988.5490185185186,1200.0,1200.0,1200.0,1200.0,1200.0,1200.0,1200.0,1200.0,1200.0,1200.0,1200.0,1200.0,1200.0,1200.0,1200.0,1200.0,1200.0,1200.0,1200.0,1200.0,1200.0
2025-04-02,2038.255201808801,2788.255201808801,3538.255201808801,4288.255201808801,4288.255201808801,4288.255201808801,4288.255201808801,4288.255201808801,4288.255201808801,5038.255201808801,5788.255201808801,5788.255201808801,5788.255201808801,5788.255201808801,5788.255201808801,5788.255201808801,6300.0,7050.0,7800.0,8550.0,9300.0,9300.0,9300.0,9300.0,9300.0,9300.0,9300.0,9300.0,9300.0,9300.0,10050.0,10050.0,10050.0,10800.0,10800.0,9957.074843009123,10046.874868395245,9346.947326239435,8706.27512542038,8115.917647827045,8115.917647827045,8110.756991971999,8110.756991971999,8110.756991971999,8110.756991971999,8092.717341758115,7441.972675091449,6811.619708326625,6278.087437729945,5791.673470851934,5386.053172603476,5011.131285093818,4648.543544353078,4331.836116825663,4020.833957438196,3717.1159792360313,3408.7205276738464,3132.6812756354557,2892.1212941539743,2623.78543950333,2405.7114054465924,2309.5163455331253,2309.5163455331253,2263.607140361107,2301.2505181684714,3051.2505181684714,3792.688035800188,4542.688035800188,5289.223456202773,6016.312165742831,6757.691260742831,7507.691260742831,8416.151142077022,8883.262801159122,9604.341853381604,10349.526042117408,10445.519877117407,10503.134622395683,10550.381717974607,10555.53490252887,10571.141288493973,10642.136626965612,10733.474791965611,10779.455628564701,10798.372285859243,10800.0,10800.0,10796.460671794053,10746.166005127387,10748.096229047536,10793.01816786204,10793.01816786204,10793.01816786204,10785.093012135878,10785.093012135878,10785.093012135878,10785.093012135878,10788.642781796518,10788.642781796518,10789.992324539864,10789.992324539864,10785.948654795799,10785.948654795799,10785.948654795799,10785.948654795799,10785.948654795799,10785.948654795799,10055.07946686023,9293.199905248839,9293.199905248839,8507.50372541547,8507.50372541547,7794.371796296297,6965.186444444445,6148.142722222223,6148.142722222223,6148.142722222223,5329.004740740741,4496.526962962963,3641.796351851852,2796.198685185185,1993.050537037037,1993.050537037037,1200.0,1200.0,1200.0,1200.0,1200.0,1200.0,1200.0,1200.0,1946.8105132171527,1946.8105132171527,1318.7882909949305,1224.2032266666672,1224.2032266666672,1224.2032266666672,1224.2032266666672,1224.2032266666672,1224.2032266666672,1224.2032266666672,1224.2032266666672,1224.2032266666672,1224.2032266666672
2025-04-03,2467.148789281504,3217.148789281504,3967.148789281504,4717.148789281504,5467.148789281504,5467.148789281504,5467.148789281504,6217.148789281504,6217.148789281504,6217.148789281504,6967.148789281504,6967.148789281504,6967.148789281504,6967.148789281504,6967.148789281504,6967.148789281504,6967.148789281504,6967.148789281504,7717.148789281504,8467.148789281504,9217.148789281504,9300.0,9300.0,9300.0,9300.0,9300.0,9300.0,9300.0,9300.0,9300.0,10050.0,10050.0,10050.0,10800.0,10800.0,9978.783071069938,10017.299796832658,9262.194134839123,8561.304100597128,7945.822633588518,7416.664818773704,6921.70739773816,6440.6469530027025,6007.753696825361,5680.353798725877,5680.353798725877,5038.321891318469,4418.751633394669,3907.827648554025,3442.3538457702352,3062.0356069830614,2727.739835810435,2437.453317291917,2226.8819678690725,2089.5489920491304,2028.0489639317566,2023.281508051355,2039.3047087574575,2097.1266637574577,2113.5705302064694,2177.0665286058384,2317.368350060682,2465.065914714973,2589.2137211956547,2719.2261611956546,2898.1721505765936,3621.7938413330867,4085.1410823160013,4825.380687057795,5553.371500580361,6303.371500580361,7053.371500580361,8309.47962536103,9059.47962536103,9417.933969130048,9787.089987387095,10146.168522387095,10433.299577318763,10648.290481372733,10752.155615204616,10798.282769300928,10800.0,10782.907444444445,10707.612648052776,10630.360429298948,10540.640093034952,10432.88475235834,10321.467885817685,10166.536645076945,10800.0,10800.0,10800.0,10800.0,10800.0,10800.0,10800.0,10800.0,10800.0,10800.0,10800.0,10800.0,10800.0,10800.0,10800.0,10800.0,10800.0,10800.0,10061.545472421343,9276.247055519027,8494.861508013784,8494.861508013784,8494.861508013784,8494.861508013784,8494.861508013784,7685.395082087858,6884.719156161932,6884.719156161932,6114.3465,5274.137240740741,4450.729314814815,3641.3985000000002,2838.818870370371,2020.2130925925926,1200.0,1200.0,1200.0,1200.0,1200.0,1200.0,1200.0,1200.0,1200.0,1200.0,1200.0,1940.804682210672,1940.804682210672,1940.804682210672,1940.804682210672,1278.5145340625238,1200.0,1200.0,1200.0,1200.0,1200.0
2025-04-04,1782.9746835979709,1782.9746835979709,2532.974683597971,2532.974683597971,2041.4024613757488,2041.4024613757488,2041.4024613757488,2264.4964444444445,2264.4964444444445,1732.4907407407409,1200.0,1200.0,1200.0,1200.0,1950.0,2699.999757397248,2699.999757397248,2699.999757397248,2699.999757397248,2699.999757397248,2699.999757397248,3449.999757397248,3449.999757397248,2933.6077018416922,2708.470663328587,2708.470663328587,3458.470663328587,3458.470663328587,3458.470663328587,3458.470663328587,3458.470663328587,3458.470663328587,3458.470663328587,4208.470663328587,3716.9228855508095,3292.428702522947,4021.6263371565783,3675.221832055219,3436.930125111141,3243.082717674629,3011.8617732301846,2797.398255508441,2657.7725172653227,2591.5827637229204,2551.8104695875545,2551.8104695875545,2551.8104695875545,2551.8104695875545,2551.8104695875545,2551.8104695875545,2551.8104695875545,2551.8104695875545,2551.8104695875545,2551.8104695875545,2551.8104695875545,2551.8104695875545,2551.8104695875545,2551.8104695875545,2551.8104695875545,2551.8104695875545,2551.8104695875545,2551.8104695875545,2551.8104695875545,2551.8104695875545,2551.8104695875545,2551.8104695875545,2551.8104695875545,2551.8104695875545,2551.8104695875545,2551.8104695875545,2551.8104695875545,2551.8104695875545,10800.0,10800.0,10800.0,10800.0,10800.0,10800.0,10800.0,10800.0,10800.0,10800.0,10800.0,10800.0,10800.0,10800.0,10800.0,10800.0,10800.0,10800.0,10800.0,10800.0,10800.0,10800.0,10800.0,10800.0,10800.0,10791.362352590226,10782.950660173243,10782.950660173243,10782.950660173243,10765.163260300227,10765.163260300227,10765.163260300227,10765.163260300227,10765.163260300227,10765.163260300227,10272.068060742691,9765.385762791288,9263.541192712184,8794.592127568892,8333.00576665571,7849.898359248302,7335.95463702608,6805.301248137191,6258.619766655709,5726.287396285339,5192.92176665571,4666.418062952006,4159.654062952006,3637.905951840895,3075.5078036927466,2549.6044888779315,2073.4664518408945,1591.9942296186723,1591.9942296186723,1591.9942296186723,1591.9942296186723,1591.9942296186723,1200.000004505344,1200.000004505344,1401.5964888888884,2144.2833888888886,2144.2833888888886,1685.7405555555554,1685.7405555555554,1685.7405555555554,1685.7405555555554,1685.7405555555554,1685.7405555555554,1685.7405555555554,1200.0,1200.0,1200.0
2025-04-05,1818.9172237146581,1818.9172237146581,1818.9172237146581,1818.9172237146581,1818.9172237146581,1818.9172237146581,1818.9172237146581,1297.680186677621,1297.680186677621,1297.680186677621,1297.680186677621,1297.680186677621,1297.680186677621,1297.680186677621,1297.680186677621,1297.680186677621,1297.680186677621,1297.680186677621,2047.680186677621,2797.680186677621,2797.680186677621,2797.680186677621,2797.680186677621,2797.680186677621,3547.6795857194547,3547.6795857194547,3007.8915857194547,3007.8915857194547,3007.8915857194547,2997.004737032726,2997.004737032726,2997.004737032726,2997.004737032726,3747.004737032726,3324.5849036993927,2932.2566359458224,3504.726049167635,3179.575218363523,2905.887829907155,2654.4713110115513,2417.975218418959,2241.0608023576665,2141.839546069596,2103.607528938036,2103.607528938036,2103.607528938036,2103.607528938036,2103.607528938036,2103.607528938036,2103.607528938036,2103.607528938036,2103.607528938036,2103.607528938036,2103.607528938036,2103.607528938036,2103.607528938036,2103.607528938036,2103.607528938036,2103.607528938036,2103.607528938036,2103.607528938036,2103.607528938036,2103.607528938036,2103.607528938036,2103.607528938036,2103.607528938036,2103.607528938036,2103.607528938036,2103.607528938036,2103.607528938036,2103.607528938036,2103.607528938036,10800.0,10800.0,10800.0,10800.0,10800.0,10800.0,10800.0,10800.0,10800.0,10800.0,10800.0,10800.0,10800.0,10800.0,10800.0,10800.0,10800.0,10800.0,10800.0,10800.0,10800.0,10800.0,10800.0,10800.0,10758.205002539644,10707.25231300678,10680.359358877027,10669.024623138243,10667.619720132832,10652.076279702651,10652.076279702651,10652.076279702651,10652.076279702651,10652.076279702651,10652.076279702651,10153.296206939673,9625.30816529955,9123.64581859933,8634.311856293092,8125.046536119652,7606.842832415949,7105.034610193727,6591.278647230763,6045.282350934467,5556.70694352706,5061.5033324159485,4505.8996287122445,3947.8497953789115,3413.2652583418744,2881.867110193726,2344.488073156689,1813.8795546381702,1288.607332415948,1288.607332415948,1288.607332415948,1288.607332415948,1288.607332415948,1200.0,1200.0,1943.386995,2685.635655,3423.2756550000004,4161.6523050000005,4892.723235,5640.009735000001,6373.9345650000005,7109.49546,7848.61596,8578.30347,9322.115175,10065.453669984381,9381.1996885029
2025-04-06,10561.739186723025,10561.739186723025,10561.739186723025,10050.0,10050.0,10050.0,10800.0,10800.0,10800.0,10800.0,10800.0,10800.0,10800.0,10800.0,10800.0,10800.0,10800.0,10800.0,10800.0,10800.0,10800.0,10800.0,10752.929777777777,10752.929777777777,10050.0,10050.0,10050.0,10050.0,10050.0,10050.0,10050.0,10050.0,10050.0,10800.0,10800.0,9960.535656036092,10035.365739934097,9338.082200793355,8691.092428521517,8102.272890971331,7556.15540948985,7040.037890737257,6596.60247124594,6260.973019147114,5978.210082100669,5563.492194035655,5015.315842183803,4499.987118798208,4076.7651786537735,3676.467692440424,3361.86396059452,3103.5653342249857,2892.980315706467,2761.8535792545226,2675.7014287350307,2627.1042426591634,2627.1042426591634,2636.071798389554,2653.389313389554,2666.1658370757937,2706.96326636767,2797.4427314133927,2904.7268132525774,3015.5237882667757,3158.7647282667763,3309.4096556288587,3490.7970283937743,3707.5819518630847,4457.581951863085,4920.635349003487,5670.635349003487,6420.635349003487,7657.906098654963,8037.309804554681,8787.309804554681,9537.309804554681,9823.315464554682,10074.129765833875,10301.375200260625,10462.00489544012,10583.523667257374,10710.789263244926,10788.385418244925,10800.0,10776.84046715903,10741.228040799157,10676.522112640934,10584.060657412181,10457.392953708477,10457.392953708477,10800.0,10800.0,10800.0,10800.0,10800.0,10800.0,10800.0,10800.0,10800.0,10800.0,10800.0,10800.0,10800.0,10785.801004422148,10751.866601981415,10745.846043060008,10737.762878135793,10735.126811003507,9896.993093573017,9070.206915417057,8259.397188707104,8259.397188707104,7456.271262781179,6618.771559077475,5789.152355373772,5789.152355373772,5789.152355373772,5235.790925925927,4421.42425925926,3622.146407407408,2825.7340185185185,2825.7340185185185,2004.6536666666666,1200.0,1200.0,1200.0,1200.0,1200.0,1200.0,1200.0,1200.0,1943.544045,1943.544045,1328.2773783333334,1328.2773783333334,1328.2773783333334,1328.2773783333334,1328.2773783333334,2058.4398471061563,2058.4398471061563,2058.4398471061563,2058.4398471061563,1393.182439698749,1393.182439698749
2025-04-07,2015.9657140456718,2765.965714045672,3515.965714045672,3515.965714045672,3515.965714045672,3515.965714045672,4265.965714045672,5015.965714045672,5765.965714045672,6300.0,6300.0,6300.0,6300.0,6300.0,6300.0,6300.0,6300.0,6300.0,7050.0,7800.0,7800.0,7800.0,7800.0,8550.0,8550.0,9300.0,10050.0,10800.0,10800.0,10800.0,10800.0,10800.0,10800.0,10800.0,9920.23387037037,9114.855365927247,9295.433476457725,8607.60475413457,7978.145356859042,7445.430027963738,6980.247694630405,6558.617166414517,6167.40651466261,5848.35716660201,5628.995517878227,5340.818507554936,4860.073581629011,4431.560826839964,4127.800227604573,3866.2049942377294,3666.074575803166,3527.7855418738227,3477.433652984934,3477.433652984934,3518.747841110098,3608.2009614552867,3744.617974810847,3911.5471611169573,4126.851266116957,4324.646762322257,4526.072944204967,4765.893059893307,4999.439908444,5236.419512378103,5510.173637378103,6039.04390165458,6789.04390165458,7006.772186912412,7192.805022897468,7363.119923430406,8113.119923430406,8863.119923430406,8629.221293414614,8835.252744414433,9460.346472442998,10190.668542883079,10305.43933288308,10361.208473001703,10415.522491825419,10451.969954487113,10470.951070209087,10544.215130670762,10657.835345670763,10754.40251668942,10800.0,10800.0,10730.000468999027,10614.702169117296,10459.3054034978,10800.0,10800.0,10800.0,10800.0,10800.0,10800.0,10800.0,10800.0,10800.0,10800.0,10788.12028072228,10763.605629695772,10737.896166806082,10737.896166806082,10737.896166806082,10730.144769687537,10730.144769687537,10730.144769687537,10730.144769687537,9940.87565522914,9162.918566225037,9162.918566225037,9162.918566225037,8354.733381039852,7563.5163625213345,7563.5163625213345,7563.5163625213345,6895.683740740742,6080.1826666666675,5256.232666666668,4433.568814814816,3610.7031851851857,2792.1142962962967,2008.0937037037038,1200.0,1200.0,1200.0,1200.0,1200.0,1200.0,1200.0,1200.0,1200.0,1935.4102001229735,1935.4102001229735,1935.4102001229735,1935.4102001229735,1935.4102001229735,1935.4102001229735,1935.4102001229735,1935.4102001229735,1935.4102001229735,1884.4660137081053,1884.4660137081053,1213.4593470414386
2025-04-08,2375.210629482419,3125.210629482419,3875.210629482419,3875.210629482419,3875.210629482419,4050.0,4800.0,5550.0,5550.0,5550.0,6300.0,7050.0,7800.0,8550.0,9300.0,9300.0,9300.0,9300.0,9300.0,9300.0,9300.0,9300.0,9300.0,9300.0,10050.0,10800.0,10800.0,10800.0,10800.0,10800.0,10800.0,10800.0,10800.0,10800.0,10800.0,9962.133735849164,10036.51530846904,9351.254179370888,8687.02264845072,8062.030810217545,7497.732717624953,7005.763790461461,6557.663860181227,6176.326389829427,6176.326389829427,6176.326389829427,5632.413056496094,5113.593112982018,4698.657331928295,4295.034537202098,3939.28587780466,3636.7161834320405,3387.383146395003,3186.4746369360637,3022.143592880365,2916.206066510717,2878.2993712121984,2854.163404188334,2847.043774558704,2872.600534761872,2937.442182698264,3041.3525533843267,3150.8896162430647,3256.0692627190056,3411.483272719006,3588.2730837451577,3764.3343130092467,3940.848071756373,4126.596530264953,4673.547913497932,5423.547913497932,6173.547913497932,7425.0274191286835,8120.498873489278,8458.908524477542,9208.908524477542,9550.715174477542,9822.297325999174,10044.507166199908,10198.879896934475,10326.612932297872,10478.261616993062,10616.018061993063,10729.62278789557,10800.0,10779.31619701355,10779.31619701355,10773.368427103554,10753.720890066517,10800.0,10800.0,10800.0,10800.0,10800.0,10800.0,10800.0,10800.0,10800.0,10800.0,10800.0,10798.175846745968,10787.673155347878,10784.805376123155,10784.805376123155,10773.708936401377,10773.708936401377,10773.708936401377,10026.784964343831,9251.999709118249,9251.999709118249,9251.999709118249,9251.999709118249,8428.701560970101,7595.605468377508,6767.897635044175,6767.897635044175,5920.33394985899,5108.8808572663975,4321.510486896027,4321.510486896027,3671.1338955195406,2847.941302926948,2029.5646732973184,1200.0000066306516,1200.0000066306516,1200.0000066306516,1200.0000066306516,1200.0000066306516,1200.0000066306516,1200.0000066306516,1200.0000066306516,1200.0000066306516,1939.9671338583273,1939.9671338583273,1939.9671338583273,1939.9671338583273,1939.9671338583273,1939.9671338583273,1939.9671338583273,1939.9671338583273,1939.9671338583273,1939.9671338583273,1939.9671338583273,1263.2957820064755
2025-04-09,2315.3204114300547,2315.3204114300547,2315.3204114300547,2315.3204114300547,2315.3204114300547,2315.3204114300547,3065.3204114300547,3815.3204114300547,3815.3204114300547,4565.320411430055,5315.320411430055,5315.320411430055,6065.320411430055,6815.320411430055,7565.320411430055,7565.320411430055,8315.320411430055,9065.320411430055,9065.320411430055,9065.320411430055,9065.320411430055,9065.320411430055,9065.320411430055,9065.320411430055,9065.320411430055,9065.320411430055,9065.320411430055,9065.320411430055,9815.320411430055,10565.320411430055,10565.320411430055,10565.320411430055,10565.320411430055,10800.0,10800.0,9979.035236667369,10048.963584187983,9329.504527885378,8667.9554209344,8089.287176050504,7584.459194569023,7135.8226879963495,6711.126963067157,6322.51393423484,5997.439078777715,5997.439078777715,5449.761800999937,4906.478146432796,4444.346924359923,4041.9635584753587,3720.7764879791084,3465.670108722272,3268.506016129679,3139.9700478719164,3068.037693197762,3044.619233077592,3041.6510505365186,3041.6510505365186,3041.6510505365186,3058.2961642626033,3075.8147630736726,3109.489333386509,3121.9180021244183,3121.9180021244183,3144.2903221244187,3166.764337172026,3563.429677665462,3651.3435592385654,4305.61606816817,5055.61606816817,5805.61606816817,6555.61606816817,6911.154042826672,7568.356177342312,8236.144737123537,8963.192028993959,9072.680613993958,9095.617056610876,9095.617056610876,9095.617056610876,9095.617056610876,9095.617056610876,9095.617056610876,9095.617056610876,9034.036976975527,8884.63561246537,8752.762778387803,8607.506739962919,8431.659739962919,9181.659739962919,10800.0,10800.0,10800.0,10800.0,10800.0,10800.0,10800.0,10800.0,10800.0,10800.0,10797.93427750688,10780.907292223634,10769.748122805486,10769.748122805486,10753.443365299358,10750.194697318439,10750.194697318439,10750.018729970621,10750.018729970621,10315.070011845291,9501.289608748053,8691.362737159108,8691.362737159108,7916.254663085034,7916.254663085034,7916.254663085034,7063.292403825774,6223.464644566515,5404.362792714663,4575.8767186405885,3717.8739038257736,2845.5720519739216,2009.353496418366,1201.0208482702178,1201.0208482702178,1201.0208482702178,1201.0208482702178,1201.0208482702178,1201.0208482702178,1201.0208482702178,1201.0208482702178,1201.0208482702178,1201.0208482702178,1201.0208482702178,1201.0208482702178,1201.0208482702178,1201.0208482702178,1827.6333397516992,1827.6333397516992,1200.000006418366,1200.000006418366,1200.000006418366,1943.4855064183657,1943.485506418366
2025-04-10,3225.2210624670965,3225.2210624670965,3225.2210624670965,3975.2210624670965,4725.221062467097,5475.221062467097,6225.221062467097,6975.221062467097,6975.221062467097,6986.676522829301,6986.676522829301,6267.008115421893,6267.008115421893,6267.008115421893,6267.008115421893,6267.008115421893,7017.008115421893,7767.008115421893,8517.008115421893,9267.008115421893,9267.008115421893,9267.008115421893,9267.008115421893,9267.008115421893,9267.008115421893,10017.008115421893,10017.008115421893,10767.008115421893,10767.008115421893,10050.0,10050.0,10050.0,10050.0,10800.0,10800.0,10006.611040017686,10094.04590046686,9413.813125684508,8789.595837984674,8211.494028921341,7658.92141781023,7230.144600484107,6884.034053752327,6576.209333869673,6348.755305428587,6024.721795065816,5496.386980251002,5042.848359408404,4714.5081149634825,4412.6940244742555,4190.151522347432,4031.3357467423684,3900.024839334961,3731.7363755494903,3551.9426630982657,3441.6453585449262,3340.2629212103293,3280.7455792333303,3252.27383849259,3237.42781012849,3237.42781012849,3249.503943850774,3293.2689445814494,3352.2011040918155,3443.588184091816,4047.325383948857,4797.325383948857,5399.502193514481,6018.315076569434,6189.932900250102,6415.643060250101,7058.63154812272,8047.095567592591,8465.867959359179,8730.3195671632,9480.3195671632,9688.4247221632,9847.479495019135,10016.461006729784,10174.252643995373,10333.833587066934,10506.7504298598,10652.2436798598,10741.767729611769,10800.0,10800.0,10800.0,10750.68565643786,10640.697878660081,10800.0,10800.0,10800.0,10800.0,10800.0,10800.0,10800.0,10800.0,10800.0,10800.0,10800.0,10800.0,10800.0,10800.0,10800.0,10800.0,10800.0,10800.0,10800.0,10249.314129629629,10249.314129629629,10249.314129629629,10249.314129629629,9383.960425925925,8524.605166666666,7691.566925925926,6867.772481481481,6063.197962962962,5255.888499999999,4444.4570185185175,3642.9060740740733,2829.981055555555,2829.981055555555,2006.3328333333334,1200.0,1200.0,1200.0,1200.0,1200.0,1200.0,1200.0,1200.0,1200.0,1200.0,1200.0,1933.9182474753788,1933.9182474753788,1822.892537037037,1822.892537037037,1822.892537037037,1822.892537037037,1822.892537037037,1200.0,1200.0,1200.0
2025-04-11,2319.4570659754413,2319.4570659754413,2319.4570659754413,2319.4570659754413,2319.4570659754413,2319.4570659754413,2319.4570659754413,2319.4570659754413,2319.4570659754413,2319.4570659754413,2319.4570659754413,2319.4570659754413,2319.4570659754413,2319.4570659754413,2319.4570659754413,2319.4570659754413,2319.4570659754413,3069.4570659754413,3069.4570659754413,3069.4570659754413,3069.4570659754413,3069.4570659754413,3069.4570659754413,3069.4570659754413,3069.4570659754413,3069.4570659754413,3069.4570659754413,3069.4570659754413,3069.4570659754413,2564.9998596901155,2564.9998596901155,2564.9998596901155,2564.9998596901155,3314.9998596901155,2886.3119708012264,2515.3765507936255,3077.5282442483904,2811.8722138246317,2580.0294992638983,2361.5708935903217,2146.370449145877,2012.0383547061151,1960.90670898076,1948.3021834652309,1948.3021834652309,1948.3021834652309,1948.3021834652309,1948.3021834652309,1948.3021834652309,1948.3021834652309,1948.3021834652309,1948.3021834652309,1948.3021834652309,1948.3021834652309,1948.3021834652309,1948.3021834652309,1948.3021834652309,1948.3021834652309,1948.3021834652309,1948.3021834652309,1948.3021834652309,1948.3021834652309,1948.3021834652309,1948.3021834652309,1948.3021834652309,1948.3021834652309,1948.3021834652309,1948.3021834652309,1948.3021834652309,1948.3021834652309,1948.3021834652309,1948.3021834652309,10800.0,10800.0,10800.0,10800.0,10800.0,10800.0,10800.0,10800.0,10800.0,10800.0,10800.0,10800.0,10800.0,10800.0,10800.0,10800.0,10800.0,10800.0,10800.0,10800.0,10800.0,10800.0,10800.0,10800.0,10800.0,10782.053740605586,10780.459122722481,10780.459122722481,10779.31557098664,10773.738739015114,10776.9887678012,10776.9887678012,10769.504600253467,10764.66884876487,10441.120801076475,10002.429665600719,9505.517453732005,8983.46686741029,8485.706012096149,7994.827685185184,7484.992499999999,6973.454925925926,6464.51412962963,5966.693759259259,5477.1336296296295,4946.907685185185,4367.211388888889,3813.6252777777777,3294.316685185185,2766.4463148148147,2254.0974074074074,1733.7574074074073,1200.0,1200.0,1200.0,1200.0,1200.0,1200.0,1200.0,1200.0,1941.566715,1941.566715,1662.5745298148147,1662.5745298148147,1662.5745298148147,1217.0872335185184,1217.0872335185184,1217.0872335185184,1217.0872335185184,1217.0872335185184,1217.0872335185184,1217.0872335185184
2025-04-12,1559.105161906681,1559.105161906681,1559.105161906681,1559.105161906681,1559.105161906681,1559.105161906681,1559.105161906681,1559.105161906681,1559.105161906681,1200.0,1200.0,1200.0,1200.0,1200.0,1200.0,1758.0807499437465,2508.080749943747,3258.0807499437465,3258.0807499437465,3258.0807499437465,3258.0807499437465,3258.0807499437465,3258.0807499437465,2724.8117314252277,2724.8117314252277,2724.8117314252277,2724.8117314252277,3474.8117314252277,3474.8117314252277,3474.8117314252277,3474.8117314252277,3474.8117314252277,3474.8117314252277,3474.8117314252277,3041.4594721659687,2645.0175069319434,3525.726491942719,3251.2080523082122,3053.8527761773767,2893.4031543650626,2737.7076173280257,2643.9342815348214,2643.9342815348214,2643.9342815348214,2643.9342815348214,2643.9342815348214,2643.9342815348214,2643.9342815348214,2643.9342815348214,2643.9342815348214,2643.9342815348214,2643.9342815348214,2643.9342815348214,2643.9342815348214,2643.9342815348214,2643.9342815348214,2643.9342815348214,2643.9342815348214,2643.9342815348214,2643.9342815348214,2643.9342815348214,2643.9342815348214,2643.9342815348214,2643.9342815348214,2643.9342815348214,2643.9342815348214,2643.9342815348214,2643.9342815348214,2643.9342815348214,2643.9342815348214,2643.9342815348214,2699.39535471108,10800.0,10800.0,10800.0,10800.0,10800.0,10800.0,10800.0,10800.0,10800.0,10800.0,10800.0,10800.0,10800.0,10800.0,10800.0,10800.0,10800.0,10800.0,10800.0,10800.0,10800.0,10800.0,10800.0,10800.0,10800.0,10800.0,10800.0,10800.0,10800.0,10800.0,10800.0,10800.0,10800.0,10800.0,10800.0,10300.296147043615,9783.594701501233,9287.400343638583,8789.409321986555,8275.668020441002,7754.619872292854,7260.421742663224,6761.458464885446,6218.267724144705,5665.922816737298,5137.6001315521125,4619.461242663224,4099.884631552113,3589.1672611817426,3060.3209648854463,2513.9757797002612,1957.229557478039,1412.266594515076,1412.266594515076,1412.266594515076,1299.2206175788842,1299.2206175788842,1299.2206175788842,1299.2206175788842,2045.7863225788842,2789.633067578884,3523.802067578884,4264.7222675788835,4264.7222675788835,5009.093940033589,5746.817280033589,6482.613345033589,6482.613345033589,7218.118860033589,7952.444175033589,8699.99467503359,8699.99467503359
2025-04-13,9457.41477417492,9457.41477417492,10207.41477417492,10207.41477417492,10207.41477417492,10207.41477417492,10207.41477417492,10207.41477417492,10207.41477417492,10207.41477417492,10207.41477417492,10207.41477417492,10207.41477417492,10207.41477417492,10207.41477417492,10050.0,10050.0,10800.0,10800.0,10800.0,10107.137076586509,10107.137076586509,10107.137076586509,10800.0,10800.0,10800.0,10800.0,10800.0,10800.0,10800.0,10800.0,10800.0,10800.0,10800.0,10549.957680829251,9739.781697588433,9812.512009228383,9121.432731906603,8462.352783473214,7853.551865234138,7308.19384671562,6842.575086454332,6422.980021891346,6053.436021996316,5792.409465172465,5450.44994400734,4930.752740303636,4489.725066800948,4173.475565148436,3872.320970351632,3598.904847078422,3370.8097159399686,3214.4344566807094,3096.077435956873,3016.4617819426926,2960.63991369772,2907.472641752629,2896.4735386118573,2896.4735386118573,2929.7022268467863,3020.532245907627,3135.257704011277,3269.683565545864,3405.8276799130435,3566.6998299130437,3741.5313242735833,4491.531324273583,5241.531324273583,5903.216110880709,6088.199418301547,6336.761883301547,6580.308967754194,7137.690927691762,7886.544746403617,8636.544746403617,9386.544746403617,9622.500821403617,9818.247285046693,9981.458872025485,10085.56619713849,10234.289656305344,10392.095554716476,10516.561324716477,10610.223207370334,10711.551429190395,10774.49029187563,10794.226935,10794.226935,10800.0,10794.330280954448,10747.940314814814,10747.940314814814,10747.940314814814,10747.940314814814,10747.940314814814,10747.940314814814,10726.786952007024,10726.551845163485,10714.331862396115,10705.744945939421,10700.914800309703,10693.126501104309,10696.18443978489,10700.865178554379,10706.012970172109,10706.012970172109,10708.926153804907,10708.926153804907,9915.294915446886,9392.529296296296,9392.529296296296,9392.529296296296,9392.529296296296,9392.529296296296,8603.615018518518,7779.402055555555,6954.150796296296,6128.971592592592,5292.2586296296295,4466.639185185185,3640.1489814814813,2807.3212037037038,2012.0199444444445,1200.0,1200.0,1200.0,1200.0,1200.0,1200.0,1200.0,1200.0,1200.0,1200.0,1200.0,1200.0,1200.0,1200.0,1200.0,1200.0,1200.0,1200.0,1200.0,1200.0,1200.0
2025-04-14,1970.1345324348367,1970.1345324348367,2720.1345324348367,3470.1345324348367,4220.134532434837,4970.134532434837,4970.134532434837,4970.134532434837,5720.134532434837,5720.134532434837,6470.134532434837,7220.134532434837,7220.134532434837,7220.134532434837,7220.134532434837,7220.134532434837,7220.134532434837,7970.134532434837,8550.0,8550.0,8550.0,8550.0,9300.0,10050.0,10050.0,10050.0,10050.0,10050.0,10050.0,10050.0,10050.0,10050.0,10050.0,10800.0,10800.0,10010.475104554533,10044.571255397754,9357.32819795554,8709.030117922692,8136.693640396337,7620.159677433375,7160.6604269947275,6778.918083909061,6500.317259432154,6297.924174822864,6025.864980688957,5612.166165874142,5163.349400332239,4797.77189895419,4524.566803895266,4310.569937324795,4118.531864603585,3942.4898275665482,3801.107496797306,3694.638520237903,3647.2430616361553,3647.2430616361553,3657.0370423891754,3683.018197389176,3752.9940969527484,3890.041165372984,4017.1399665928184,4143.479867829529,4278.314319005597,4446.462684005597,5135.433965471178,5374.919137101861,5654.843909666294,5940.578227076009,6207.309266906336,6524.502281906336,6854.409903882252,7219.148116603327,7969.148116603327,8331.248602158883,8721.723457992217,9104.557762992217,9413.956075862068,9672.107121166126,9897.021005741724,10108.600868973921,10300.90211657105,10458.265961571049,10597.037017226612,10699.962663350721,10745.825274886736,10783.249930552884,10800.0,10800.0,10800.0,10800.0,10800.0,10800.0,10800.0,10800.0,10800.0,10800.0,10800.0,10800.0,10800.0,10800.0,10800.0,10800.0,10800.0,10800.0,10800.0,10800.0,10800.0,10800.0,10800.0,10015.718147972266,9209.904017317265,8387.735498798747,8387.735498798747,8387.735498798747,7580.765128428377,6767.19583213208,5958.5001839839315,5139.200183983931,4297.353517317265,3473.770183983932,2746.4981659259256,1991.3288881481483,1203.0990918518519,1203.0990918518519,1203.0990918518519,1203.0990918518519,1203.0990918518519,1203.0990918518519,1203.0990918518519,1203.0990918518519,1203.0990918518519,1851.7796296296297,1200.0,1200.0,1832.0690393404707,1832.0690393404707,1832.0690393404707,1832.0690393404707,1832.0690393404707,1200.0336490109983,1200.0336490109983,1200.0336490109983,1200.033649010998
2025-04-15,1765.0717093813682,1765.0717093813682,1765.0717093813682,2515.0717093813682,3265.0717093813682,3265.0717093813682,3265.0717093813682,4015.0717093813682,4015.0717093813682,4598.461502052616,4598.461502052616,4598.461502052616,4598.461502052616,5348.461502052616,6098.461502052616,6848.461502052616,7598.461502052616,8348.461502052616,9098.461502052616,9098.461502052616,9098.461502052616,9098.461502052616,9098.461502052616,9098.461502052616,9098.461502052616,9098.461502052616,9098.461502052616,9098.461502052616,9098.461502052616,9098.461502052616,9098.461502052616,9098.461502052616,9098.461502052616,9848.461502052616,9019.304927978543,8246.001057968715,8987.590408685304,8270.233625986186,7612.789141807982,7071.280553574916,6602.285831352693,6162.761439572073,5743.69173573958,5416.797141457934,5194.431269487738,4933.048235994101,4521.279421179285,4101.39998125508,3785.536499040426,3570.8306130549245,3440.6554255805845,3360.7457219308726,3331.953407116058,3344.405224255103,3400.220193423222,3474.15047776884,3595.0983234989244,3756.1037963524604,3921.118271352461,4107.115589930089,4345.099119732332,4581.637767586383,4828.931243124139,5059.883973213059,5296.45584321306,5552.331384919986,6229.9547154199,6495.4175820808205,6759.701327493068,7038.57946361297,7662.8874586129705,8232.175323642858,9172.102818200374,9376.817404696478,9717.663653559574,10000.034749338034,10227.605944338035,10418.359030308922,10570.647429681132,10663.139673912474,10737.053475242285,10768.550355,10800.0,10785.101217268153,10751.265318215927,10717.72670242648,10685.748635545677,10628.546918549202,10531.79345558624,10799.999976606572,10800.0,10800.0,10800.0,10800.0,10800.0,10800.0,10800.0,10800.0,10779.713681184432,10756.097256245615,10756.097256245615,10740.279509415368,10740.279509415368,10740.279509415368,10731.854663481003,10719.705200233053,10718.929798268324,10713.131020348523,10713.131020348523,10248.449004772527,9445.187002259523,8622.91951851852,7791.043592592593,7791.043592592593,6991.077037037037,6991.077037037037,6991.077037037037,6170.671981481481,5324.655314814815,4495.425962962963,3686.43812962963,2851.78812962963,2024.6580000000001,1200.0,1200.0,1200.0,1200.0,1200.0,1200.0,1200.0,1200.0,1200.0,1200.0,1200.0,1200.0,1200.0,1200.0,1200.0,1935.7959811244073,2683.103481124407,2683.103481124407,2683.103481124407,2683.103481124407,2683.1034811244076
2025-04-16,3544.9562623937177,4294.956262393718,4294.956262393718,4294.956262393718,5044.956262393718,5794.956262393718,5794.956262393718,5794.956262393718,6544.956262393718,7050.0,7050.0,7800.0,8550.0,8550.0,8550.0,8550.0,8550.0,8550.0,8550.0,8550.0,8550.0,8550.0,8550.0,8550.0,8550.0,8550.0,8550.0,8550.0,8550.0,9300.0,10050.0,10050.0,10050.0,10800.0,10800.0,10030.628396271266,10092.264545258935,9428.00861135482,8820.42005151074,8263.934730541216,7747.454378689364,7365.374311905779,7038.4969152392405,6746.2884328132095,6556.11077693356,6556.11077693356,6048.654017674301,5627.075820697183,5331.961057724219,5062.252438353258,4856.401285454024,4719.734285848804,4629.363619182137,4546.4461747775895,4480.031656272936,4450.0678252235575,4450.0678252235575,4450.0678252235575,4450.0678252235575,4450.0678252235575,4503.939676149251,4574.085403038246,4650.079205041154,4714.616333192101,4802.821613192101,4916.435208660303,5056.791764885327,5139.162593951505,5889.162593951505,6313.2146033061235,7063.2146033061235,7774.200949350951,7782.2313325003,8146.112274971943,8896.112274971943,9646.112274971943,9919.139529971944,10158.868982767699,10378.071652018172,10546.873394190845,10665.23414531587,10722.645024294641,10794.155589294642,10800.0,10790.692284136763,10738.825831836406,10682.427809990579,10618.008864035324,10529.800178850139,10529.800178850139,10800.0,10800.0,10800.0,10800.0,10800.0,10800.0,10800.0,10800.0,10800.0,10800.0,10800.0,10800.0,10758.973433550886,10733.080022738011,10718.530115408455,10709.604747759338,10700.449227369507,9964.209136827447,9154.420170078063,9154.223543322336,9154.223543322336,9154.223543322336,9154.223543322336,9154.223543322336,8332.287080359372,7526.098191470484,7015.576037037037,6205.2399444444445,5384.039944444445,4527.1599259259265,3686.584240740741,2869.5342407407406,2044.061888888889,1200.0,1200.0,1200.0,1200.0,1200.0,1200.0,1200.0,1200.0,1200.0,1859.2408780667242,1859.2408780667242,1859.2408780667242,1859.2408780667242,1859.2408780667242,1859.2408780667242,1859.2408780667242,1203.5453463984024,1203.5453463984024,1203.5453463984024,1203.5453463984024,1203.5453463984024
2025-04-17,2713.003778109087,3463.003778109087,4213.003778109087,4213.003778109087,4213.003778109087,4213.003778109087,4213.003778109087,4213.003778109087,4213.003778109087,4213.003778109087,4213.003778109087,4213.003778109087,4213.003778109087,4963.003778109087,5713.003778109087,5713.003778109087,5713.003778109087,6463.003778109087,7213.003778109087,7213.003778109087,7213.003778109087,6640.69690892902,6640.69690892902,7390.69690892902,7390.69690892902,7390.69690892902,7390.69690892902,7390.69690892902,8140.69646333458,8890.69646333458,8890.69646333458,8206.933402787745,8206.933402787745,8956.933402787745,8127.835199084042,7364.671707641631,7898.760566539249,7275.813973965572,6668.465353273743,6123.455880519582,5643.417510149212,5225.260015774036,4838.230268909411,4536.067304530986,4356.199852380312,4057.6769209831996,3540.4052357980145,3078.6892943545495,2725.058824678116,2428.522529458451,2185.9668193907128,1989.480959726335,1837.9890893559646,1724.6247319659496,1684.2740477740288,1719.8945575753985,1805.123872049256,1930.8728031297246,2053.288298129725,2163.1791334324703,2239.302836843649,2311.901005971831,2367.8285580136617,2406.1745304476053,2476.0173054476054,2679.880390098837,3429.880390098837,4179.880390098837,4929.880390098837,5679.880390098837,6429.880390098837,7179.880390098837,7534.059678457706,8095.17133732802,8495.027127472495,9188.695600281733,9466.596355281734,9699.186255839157,9911.366280815273,10092.692950649638,10234.63824411425,10320.721506622123,10432.328736622123,10501.392778822035,10534.258707297875,10530.18787567988,10503.979537075711,10439.54755281832,10309.983700966468,10309.983700966468,10799.999995065771,10799.999995065771,10799.999995065771,10799.999995065771,10799.999995065771,10799.999995065771,10799.999995065771,10799.999995065771,10799.999995065771,10799.999995065771,10799.999995065771,10799.999995065771,10799.999995065771,10799.999995065771,10799.999995065771,10799.999995065771,10799.999995065771,10799.999995065771,10020.254898940284,9415.086038319114,9415.086038319114,8602.38374074074,7804.309666666667,7804.309666666667,6928.552388888889,6122.444981481482,5318.088203703704,4498.583611111111,3675.833611111111,2845.1568333333335,2051.002759259259,2051.002759259259,2051.002759259259,1200.0,1200.0,1200.0,1200.0,1200.0,1200.0,1200.0,1200.0,1200.0,1200.0,1200.0,1200.0,1200.0,1200.0,1200.0,1200.0,1200.0,1200.0,1200.0,1200.0,1200.0
2025-04-18,1950.9819569565868,1455.704179178809,1736.0018249640325,2486.0018249640325,2486.0018249640325,2486.0018249640325,2486.0018249640325,2486.0018249640325,2486.0018249640325,2018.7946808489087,2018.7946808489087,2018.7946808489087,2018.7946808489087,2018.7946808489087,2768.7946808489087,2768.7946808489087,2768.7946808489087,3518.7946808489087,4268.794680848909,4268.794680848909,4268.794680848909,4268.794680848909,4268.794680848909,4268.794680848909,4268.794680848909,4268.794680848909,4268.794680848909,3728.1124030711308,3728.1124030711308,4478.112403071131,4478.112403071131,3960.1318365467628,3450.61975781221,3450.61975781221,2975.450720775173,2561.807138054351,3064.0552114803445,2778.1031492878546,2563.2888584147427,2379.297447950917,2204.278836839806,2077.487373590975,2019.4039720059834,2019.4039720059834,2019.4039720059834,2019.4039720059834,2019.4039720059834,2019.4039720059834,2019.4039720059834,2019.4039720059834,2019.4039720059834,2019.4039720059834,2019.4039720059834,2019.4039720059834,2019.4039720059834,2019.4039720059834,2019.4039720059834,2019.4039720059834,2019.4039720059834,2019.4039720059834,2019.4039720059834,2019.4039720059834,2019.4039720059834,2019.4039720059834,2019.4039720059834,2019.4039720059834,2019.4039720059834,2019.4039720059834,2019.4039720059834,2019.4039720059834,2019.4039720059834,2019.4039720059834,10800.0,10800.0,10800.0,10800.0,10800.0,10800.0,10800.0,10800.0,10800.0,10800.0,10800.0,10800.0,10800.0,10800.0,10800.0,10800.0,10800.0,10800.0,10800.0,10800.0,10800.0,10800.0,10800.0,10800.0,10800.0,10800.0,10789.237033515352,10788.82135441308,10783.456786878112,10762.991974652748,10758.392940265057,10758.392940265057,10754.555673037668,10754.555673037668,10410.655758660541,9948.949774941999,9489.25042536394,9027.617284260406,8530.755944763112,7982.854020908345,7415.470687575012,6884.57320609353,6349.607928315752,5789.761632019456,5242.186224612048,4723.666465352789,4215.729428315752,3715.9335209083442,3220.4829653527886,2706.3237060935294,2199.9123172046407,1698.313983871307,1206.2102801676033,1206.2102801676033,1206.2102801676033,1206.2102801676033,1206.2102801676033,1206.2102801676033,1206.2102801676033,1206.2102801676033,1404.1151666666667,1404.1151666666667,1404.1151666666667,1404.1151666666667,2145.9086666666667,2145.9086666666667,2145.9086666666667,1667.9753333333333,1200.0,1200.0,1200.0,1200.0
2025-04-19,3024.107873135631,3774.107873135631,4524.107873135631,4524.107873135631,4524.107873135631,4524.107873135631,4049.515669431927,3586.62863239489,3586.62863239489,3586.62863239489,3427.0455665967147,3427.0455665967147,4177.045566596715,4927.045566596715,4927.045566596715,4927.045566596715,4927.045566596715,4927.045566596715,4927.045566596715,4927.045566596715,4927.045566596715,4927.045566596715,4432.328899930048,4432.328899930048,4432.328899930048,4432.328899930048,3902.990696226344,3360.400807337455,3360.400807337455,3360.400807337455,3360.400807337455,3360.400807337455,3360.400807337455,3360.400807337455,2919.6010110411585,2572.504190363426,3184.2932419863764,2988.8078265462577,2805.4114967646365,2639.955932025389,2499.5820246179815,2373.569253516982,2274.109193627471,2251.654613231855,2251.654613231855,2251.654613231855,2251.654613231855,2251.654613231855,2251.654613231855,2251.654613231855,2251.654613231855,2251.654613231855,2251.654613231855,2251.654613231855,2251.654613231855,2251.654613231855,2251.654613231855,2251.654613231855,2251.654613231855,2251.654613231855,2251.654613231855,2251.654613231855,2251.654613231855,2251.654613231855,2251.654613231855,2251.654613231855,2251.654613231855,2251.654613231855,2251.654613231855,2251.654613231855,2251.654613231855,2251.654613231855,10800.0,10800.0,10800.0,10800.0,10800.0,10800.0,10800.0,10800.0,10800.0,10800.0,10800.0,10800.0,10800.0,10800.0,10800.0,10800.0,10800.0,10800.0,10800.0,10800.0,10800.0,10800.0,10800.0,10800.0,10800.0,10800.0,10800.0,10797.454885653071,10797.454885653071,10797.454885653071,10797.454885653071,10780.055459572533,10748.921064169775,10720.421445218422,10313.448069530597,9856.105710824966,9400.7556320336,8934.192399535146,8435.087069564604,7929.921759259259,7437.634722222221,6960.256296296296,6460.564962962962,5938.64274074074,5411.662388888888,4897.95874074074,4375.069851851851,3836.3387777777775,3297.5638148148146,2760.6175185185184,2216.6351666666665,1687.587037037037,1200.0,1200.0,1200.0,1200.0,1200.0,1200.0,1200.0,1200.0,1936.1314499999999,2671.1689499999998,3407.9322899999997,3407.9322899999997,3407.9322899999997,4148.245625803537,4871.637305803537,5611.869305803537,6358.263275803537,6358.263275803537,5711.457720247981,5047.551238766501
2025-04-20,6410.449581932591,6410.449581932591,6410.449581932591,7160.449581932591,7160.449581932591,7160.449581932591,7910.449581932591,8660.449581932591,8660.449581932591,9410.449581932591,9410.449581932591,8751.993674525183,8751.993674525183,9501.993674525183,9501.993674525183,9501.993674525183,9501.993674525183,9501.993674525183,9501.993674525183,9501.993674525183,10251.993674525183,10251.993674525183,9602.454724617814,9602.454724617814,10050.0,10050.0,10050.0,10050.0,10050.0,10050.0,10050.0,10050.0,10050.0,10800.0,9983.226092592593,9232.081525042155,8975.698576290853,8380.590514212761,7842.172983590009,7321.478344535236,6825.459270461161,6422.4761037345925,6087.542795267858,5830.879853282922,5659.431575636093,5379.767616188031,4891.7384124843275,4438.139887659166,4060.519417554697,3734.212018063209,3444.5849604130403,3167.262939011141,2934.9925316037334,2770.950007142729,2668.5772203014067,2629.389981488509,2645.441653702365,2723.3955082799303,2822.44323827993,2954.0213488279965,3091.8431823295873,3271.6095176278045,3434.2071504415976,3616.5181422211663,3858.2512122211665,4608.2512122211665,5158.615443367716,5379.068840342971,5605.933918979598,5863.964831501981,6171.797426501981,6864.176766553647,7281.558852190907,7979.139752373217,8676.168941888009,9426.168941888009,9674.348261888008,9897.664347855833,10100.22539369148,10270.632942337596,10398.726302619214,10509.686278171837,10626.398263171837,10674.97865027924,10689.453775315495,10689.453775315495,10689.453775315495,10688.912173133756,10668.76687683746,10680.579392387044,10800.0,10800.0,10800.0,10800.0,10777.479660431129,10762.884171838974,10746.528067806466,10746.301182354331,10746.301182354331,10746.301182354331,10746.301182354331,10746.301182354331,10746.301182354331,10746.301182354331,10746.301182354331,10739.929375755748,10739.929375755748,10739.929375755748,9978.904220172268,9186.010435218654,8384.406038454035,7597.258822438576,7597.258822438576,7597.258822438576,6903.333888888888,6075.882037037037,5298.170314814814,4515.551981481482,3683.4667962962963,2862.223648148148,2059.050166666667,2059.050166666667,2059.050166666667,1200.0,1200.0,1200.0,1200.0,1200.0,1200.0,1200.0,1200.0,1200.0,1200.0,1200.0,1936.7633348012214,1936.7633348012214,1281.257779245666,1281.257779245666,1281.257779245666,1281.257779245666,1281.257779245666,1281.257779245666,1204.159631097518,1204.159631097518
2025-04-21,2817.4910807095725,3567.4910807095725,3567.4910807095725,3567.4910807095725,4317.491080709573,5067.491080709573,5817.491080709573,6567.491080709573,7317.491080709573,8067.491080709573,8067.491080709573,8067.491080709573,8067.491080709573,8067.491080709573,8817.491080709573,9567.491080709573,9567.491080709573,8884.039569350563,8884.039569350563,9634.039569350563,9634.039569350563,9634.039569350563,9634.039569350563,9634.039569350563,9634.039569350563,9634.039569350563,9634.039569350563,9634.039569350563,9634.039569350563,9634.039569350563,9634.039569350563,9634.039569350563,10050.0,10800.0,10800.0,10054.83788355329,10158.969714636538,9578.72949883624,9043.095359457304,8530.365568207673,8064.413086726192,7691.943180212238,7390.559796694844,7160.007724221149,7014.7511068049935,6792.6496159201915,6404.94563443871,6091.8009167517785,5861.505325205333,5691.156258599294,5605.583946043102,5584.394172309969,5584.394172309969,5584.394172309969,5584.394172309969,5584.394172309969,5584.394172309969,5584.394172309969,5584.394172309969,5584.394172309969,5584.394172309969,5584.394172309969,5584.394172309969,5584.394172309969,5584.394172309969,5584.394172309969,5584.394172309969,5584.394172309969,5732.332509312222,6089.678892794665,6514.002387794665,6911.167555188704,8095.371301296297,8095.371301296297,8095.371301296297,8384.257864458508,8801.726539458508,9226.13205994072,9634.196081202035,9975.812101409014,10244.22582807212,10454.999276151122,10631.408351151122,10721.693437197027,10756.049239913524,10758.047724067394,10773.751614224975,10800.0,10800.0,10800.0,10800.0,10800.0,10800.0,10800.0,10800.0,10800.0,10800.0,10800.0,10800.0,10800.0,10800.0,10800.0,10800.0,10800.0,10800.0,10800.0,10800.0,10800.0,10031.896442485173,10031.896442485173,10031.896442485173,9197.428231581349,8384.061564914682,7573.7747315813485,6758.577324173941,6758.577324173941,5926.346064914682,5080.634657507275,4260.058731581349,3460.96997232209,2662.559935285053,2662.559935285053,2662.559935285053,1842.9529538035713,1200.0,1200.0,1200.0,1200.0,1200.0,1200.0,1200.0,1200.0,1941.5667092658255,1941.5667092658255,1941.5667092658255,1941.5667092658255,1866.135227784344,1218.239042599159,1218.239042599159,1218.239042599159,1218.239042599159,1218.239042599159,1218.239042599159,1218.2390425991584
2025-04-22,1659.5332109262063,1659.5332109262063,2409.5332109262063,3159.5332109262063,3909.5332109262063,3909.5332109262063,4659.533210926206,4659.533210926206,4659.533210926206,4659.533210926206,4659.533210926206,4659.533210926206,4659.533210926206,4659.533210926206,4659.533210926206,4659.533210926206,5409.533053687429,5409.533053687429,5409.533053687429,5409.533053687429,5409.533053687429,6159.533053687429,6909.533053687429,6909.533053687429,6909.533053687429,7659.533053687429,8409.533053687428,8409.533053687428,8409.533053687428,9159.533053687428,9909.533053687428,9785.345824230766,9117.641962685895,9867.641962685895,9867.641962685895,9088.332781108651,9322.158968994967,8658.457348177377,8054.7194778191515,7508.9457405596095,7018.6616664855355,6625.451901921073,6291.022451284301,6002.5110468549055,5772.1944000561325,5468.901987363478,5036.2632095857,4668.889121007025,4357.690644766482,4083.656354020742,3863.1390600943137,3722.2703193480024,3628.8291526813364,3596.160802910424,3589.3277209007542,3626.4415891568665,3724.962486374318,3860.6838736335244,3989.1200986335243,4125.442825984645,4244.004417860746,4400.278380827466,4568.455241400504,4748.338080321162,4973.074365321162,5149.450496725629,5551.579212342897,5731.573605223387,5885.624382743261,6027.225563939013,6777.225563939013,7527.225563939013,8490.6083533227,8737.1551323852,9032.255870162979,9432.557015101285,9634.805495101285,9827.579607681228,10003.027102060627,10166.952420388363,10333.698652476933,10498.141452711247,10660.736292711246,10720.400404551749,10723.922483615812,10723.922483615812,10723.922483615812,10708.20575753118,10661.42875753118,10674.101422143773,10793.29544181476,10800.0,10800.0,10800.0,10800.0,10800.0,10800.0,10800.0,10800.0,10800.0,10800.0,10800.0,10800.0,10787.563752612887,10752.09464526489,10752.09464526489,10727.780909765535,10715.831732579243,10711.316572705085,9921.165197210123,9130.662224068117,8342.721474333406,7524.851103963036,7524.851103963036,6991.398277777777,6159.809388888889,5316.77462962963,4470.5465185185185,3654.902074074074,2861.663111111111,2861.663111111111,2861.663111111111,2034.2528888888887,1200.0,1200.0,1200.0,1200.0,1200.0,1200.0,1200.0,1200.0,1200.0,1941.5667102084365,1941.5667102084365,1941.5667102084365,1941.5667102084365,1941.5667102084365,1318.518617615844,1318.518617615844,2052.950117615844,2798.820707615844,2798.820707615844,2798.820707615844,2798.8207076158437
2025-04-23,4127.862406615769,4877.862406615769,5627.862406615769,5627.862406615769,5627.862406615769,5627.862406615769,5627.862406615769,6377.862406615769,7127.862406615769,7127.862406615769,7127.862406615769,7127.862406615769,7127.862406615769,7127.862406615769,7877.862406615769,8627.862406615768,8627.862406615768,8627.862406615768,8627.862406615768,8627.862406615768,9377.862406615768,9710.681987161763,9710.681987161763,9710.681987161763,9710.681987161763,9710.681987161763,9710.681987161763,9710.681987161763,9710.681987161763,9710.681987161763,9710.681987161763,9710.681987161763,9710.681987161763,10460.681987161763,9655.48817177332,8925.934689810345,9344.921882062663,8697.622736825662,8143.844400952661,7676.1987842293765,7224.7648027478945,6830.34792608163,6519.70516774702,6287.97219284964,6066.270300999703,5757.050742869306,5340.3962058322695,4941.126363150584,4600.845051173426,4336.275836259749,4121.39598707732,3942.6879325395603,3818.9108029099307,3751.1750944700834,3727.7903930807006,3727.7903930807006,3730.8001855993352,3789.0339452338912,3908.211060233891,4042.7308071162956,4166.48310521109,4305.284824071597,4465.305790544657,4646.430782038238,4895.924447038238,5099.741874553816,5849.741874553816,6041.309044934306,6199.928302746091,6397.584790045268,6667.057705045268,7417.057705045268,8584.004033331832,8978.109413907167,9194.379151684945,9944.379151684945,10122.370441684945,10285.127641064657,10426.522566869988,10551.461097916483,10617.446722435012,10680.612493334844,10766.059543334844,10800.0,10800.0,10796.93250503729,10791.446041356496,10764.115414419684,10700.194358864128,10700.194358864128,10787.80650105039,10787.80650105039,10787.80650105039,10787.80650105039,10787.80650105039,10787.80650105039,10782.86053621761,10782.86053621761,10782.86053621761,10779.026302910648,10766.392981884708,10728.610009528462,10702.582746861475,10702.582746861475,10694.51922498874,10689.399050392345,10689.399050392345,10689.399050392345,10689.399050392345,10141.439486741394,9320.626506780833,8486.615279140246,7656.015279140245,6849.006686547653,6032.447371732838,6032.447371732838,5220.43548284395,4406.757649510617,3605.9483902513575,2812.3945754365427,2812.3945754365427,2812.3945754365427,2009.1310939550613,1200.0000013624688,1200.0000013624688,1200.0000013624688,1200.0000013624688,1200.0000013624688,1200.0000013624688,1200.0000013624688,1200.0000013624688,1200.0000013624688,1200.0000013624688,1200.0000013624688,1200.0000013624688,1200.0000013624688,1200.0000013624688,1200.0000013624688,1200.0000013624688,1200.0000013624688,1200.0000013624688,1200.0000013624688,1200.0000013624688,1200.0000013624685
2025-04-24,2145.6129941555937,2877.2455057694106,3627.2455057694106,3627.2455057694106,3627.2455057694106,4377.245505769411,4377.245505769411,4377.245505769411,5127.245505769411,5877.245505769411,6627.245505769411,6627.245505769411,6627.245505769411,6627.245505769411,6627.245505769411,7377.245505769411,8127.245505769411,8127.245505769411,8877.24550576941,8877.24550576941,8877.24550576941,9627.24550576941,9627.24550576941,9627.24550576941,9627.24550576941,9627.24550576941,9627.24550576941,9627.24550576941,9627.24550576941,9627.24550576941,9627.24550576941,9627.24550576941,9627.24550576941,10377.24550576941,9590.08587365829,8853.883822520229,9395.052584152614,8805.182914547413,8244.771570423469,7758.985053186342,7341.863590223379,6979.62674732948,6659.694695450534,6418.318245387987,6278.671063865568,6046.235266772274,5629.240785290793,5256.9614733163135,4966.15315495791,4735.768545881701,4554.703257186525,4451.3328474192895,4397.289421493364,4381.266140205134,4381.266140205134,4381.266140205134,4381.266140205134,4381.266140205134,4381.266140205134,4381.266140205134,4381.266140205134,4381.266140205134,4381.266140205134,4381.266140205134,4381.266140205134,4381.266140205134,4381.266140205134,4662.4335391082195,4972.982651357849,5325.036438172135,5728.3833631721345,6123.080498733358,7827.395916380372,8199.802323567872,8536.137266901205,8536.137266901205,8849.741696901205,9126.183030010108,9372.521806082186,9624.951364766317,9853.408578151675,10067.5754260308,10265.037736030801,10418.817311340967,10534.340252252658,10600.576400414426,10668.678177487234,10735.882424197313,10799.999999197313,10799.999999197313,10800.0,10800.0,10800.0,10800.0,10800.0,10800.0,10800.0,10800.0,10787.417978489742,10787.417978489742,10787.417978489742,10751.879346176102,10728.294453721799,10723.773754081538,10723.773754081538,10705.361499537617,10698.806888943122,10697.647700797,10694.166957794308,10694.166957794308,9912.69079885698,9120.346871085125,8293.83205627031,7469.943648862903,6632.734148862903,5816.6730377517915,5011.929500714755,4512.6809640295705,3665.471704770311,2830.060241807348,2012.4117232888298,2012.4117232888298,2012.4117232888298,1200.0000010666074,1200.0000010666074,1200.0000010666074,1200.0000010666074,1200.0000010666074,1200.0000010666074,1200.0000010666074,1200.0000010666074,1200.0000010666074,1200.0000010666074,1200.0000010666074,1200.0000010666074,1200.0000010666074,1200.0000010666074,1200.0000010666074,1200.0000010666074,1200.0000010666074,1200.0000010666074,1200.0000010666074,1200.0000010666074,1200.0000010666085
2025-04-25,1875.0315343472134,1387.061163976843,1387.061163976843,2137.061163976843,2137.061163976843,1635.6922750879542,1635.6922750879542,1635.6922750879542,1635.6922750879542,1635.6922750879542,1635.6922750879542,1422.489841685478,1422.489841685478,1422.489841685478,1422.489841685478,1422.489841685478,1422.489841685478,1422.489841685478,1422.489841685478,1422.489841685478,1422.489841685478,2172.489442729885,2922.489442729885,2922.489442729885,2922.489442729885,2922.489442729885,2922.489442729885,2391.4077945817367,2391.4077945817367,2391.4077945817367,2391.4077945817367,1882.860066289878,1882.860066289878,2632.860066289878,2256.214492215804,1960.9406220594956,2985.465929202793,2778.436877049615,2654.3179595076413,2588.2017472625807,2519.514099114432,2482.7064704986583,2482.7064704986583,2482.7064704986583,2482.7064704986583,2482.7064704986583,2482.7064704986583,2482.7064704986583,2482.7064704986583,2482.7064704986583,2482.7064704986583,2482.7064704986583,2482.7064704986583,2482.7064704986583,2482.7064704986583,2482.7064704986583,2482.7064704986583,2482.7064704986583,2482.7064704986583,2482.7064704986583,2482.7064704986583,2482.7064704986583,2482.7064704986583,2482.7064704986583,2482.7064704986583,2482.7064704986583,2482.7064704986583,2482.7064704986583,2482.7064704986583,2482.7064704986583,2482.7064704986583,2482.7064704986583,10800.0,10800.0,10800.0,10800.0,10800.0,10800.0,10800.0,10800.0,10800.0,10800.0,10800.0,10800.0,10800.0,10800.0,10800.0,10800.0,10800.0,10800.0,10800.0,10800.0,10800.0,10800.0,10800.0,10800.0,10800.0,10800.0,10800.0,10800.0,10800.0,10800.0,10800.0,10800.0,10800.0,10800.0,10800.0,10384.305284250207,9903.140326160667,9368.633506721846,8854.279270753314,8353.023941683181,7823.879497238737,7325.417423164663,6814.9260713128115,6295.598293535034,5781.985904646145,5281.046923164664,4787.163589831331,4276.133460201701,3762.0786824239235,3236.1231268683678,2706.419312053553,2190.098163905405,1691.220386127627,1200.0,1200.0,1200.0,1200.0,1200.0,1200.0,1200.0,1949.6323636041782,1949.6323636041782,1949.6323636041782,1949.6323636041782,1681.7177037037036,1200.0,1200.0,1200.0,1200.0,1200.0,1200.0,1200.0
2025-04-26,1447.3662178607872,1447.3662178607872,1447.3662178607872,1447.3662178607872,1447.3662178607872,1447.3662178607872,1447.3662178607872,1447.3662178607872,1447.3662178607872,2197.3662178607874,2947.3662178607874,2947.3662178607874,2947.3662178607874,2947.3662178607874,2947.3662178607874,2947.3662178607874,3697.3662178607874,3697.3662178607874,3697.3662178607874,3697.3662178607874,3155.9266808237503,3155.9266808237503,3155.9266808237503,3155.9266808237503,2639.2367548978245,2639.2367548978245,3389.2367548978245,3389.2367548978245,3389.2367548978245,2893.915189665063,2893.915189665063,2893.915189665063,2382.8165320518037,2729.8272340426847,2389.1279747834255,2104.665350771156,2693.300759487569,2411.8799260553533,2272.9960952655306,2198.0289827974048,2098.8343902048123,2050.444139267558,2050.444139267558,2050.444139267558,2050.444139267558,2050.444139267558,2050.444139267558,2050.444139267558,2050.444139267558,2050.444139267558,2050.444139267558,2050.444139267558,2050.444139267558,2050.444139267558,2050.444139267558,2050.444139267558,2050.444139267558,2050.444139267558,2050.444139267558,2050.444139267558,2050.444139267558,2050.444139267558,2050.444139267558,2050.444139267558,2050.444139267558,2050.444139267558,2050.444139267558,2050.444139267558,2050.444139267558,2050.444139267558,2050.444139267558,2050.444139267558,10800.0,10800.0,10800.0,10800.0,10800.0,10800.0,10800.0,10800.0,10800.0,10800.0,10800.0,10800.0,10800.0,10800.0,10800.0,10800.0,10800.0,10800.0,10800.0,10800.0,10800.0,10800.0,10800.0,10800.0,10800.0,10787.250903322207,10784.21255123786,10786.107281075878,10786.107281075878,10793.380606792327,10799.999988894471,10799.999988894471,10799.999988894471,10799.999988894471,10456.355642768833,10045.8222534047,9585.137146399764,9087.38543166354,8596.02314483946,8096.113409461099,7558.276372424062,7026.999576127766,6496.3081687203585,5986.887798349988,5486.985853905544,4995.413261312951,4498.772520572211,3968.536927979618,3435.132631683322,2924.2492983499887,2415.035446498137,1903.6077613129519,1396.1596131648037,1396.1596131648037,1396.1596131648037,1396.1596131648037,1396.1596131648037,1396.1596131648037,1396.1596131648037,2141.9033631648035,2883.5061231648033,2883.5061231648033,3632.1473941957724,4361.713779195773,5102.397279195773,5848.074564195773,6583.017939195773,7327.917939195772,8051.056824195773,8788.564599195772,9506.610099195772,9506.610099195772
2025-04-27,9797.445999455724,9797.445999455724,9797.445999455724,9797.445999455724,9797.445999455724,9797.445999455724,9797.445999455724,9797.445999455724,9797.445999455724,9797.445999455724,9797.445999455724,9797.445999455724,10547.445999455724,10547.445999455724,10547.445999455724,10547.445999455724,10547.445999455724,9872.534344267975,9872.534344267975,9872.534344267975,9872.534344267975,9872.534344267975,9872.534344267975,9872.534344267975,9872.534344267975,9872.534344267975,9872.534344267975,9872.534344267975,9872.534344267975,9872.534344267975,9872.534344267975,9872.534344267975,9872.534344267975,10622.534344267975,9824.824492416123,9067.803839966728,9330.03097223601,8650.214882560207,8058.640727471665,7567.344002942878,7141.800002942879,6757.353205030689,6409.276545041215,6121.427133419242,5875.979990814165,5527.944800384097,5040.251170754467,4626.136967341123,4298.073666064535,4001.731095742998,3717.6281500454834,3475.3719905335442,3290.6504164594703,3145.9189904384775,3034.3312564402877,3007.675833194355,3035.3389564712324,3102.765087174625,3225.722547174625,3336.39376337535,3450.011053747594,3552.672339052635,3678.874649886511,3794.0052445631018,3935.1594445631017,4352.855371565018,4463.403275745421,4621.955704135374,4826.024300962579,5047.450825844402,5797.450825844402,6547.450825844402,8817.409743914239,8817.409743914239,8817.409743914239,9164.89832549582,9456.202570495821,9708.075884218355,9917.844011957352,10124.536661494494,10323.16179523776,10492.045120208979,10630.139605208979,10706.95227117935,10766.837875570302,10776.031973333782,10783.88550236663,10796.019929257747,10799.999999257747,10799.999999257747,10799.999999014137,10799.999999014137,10799.999999014137,10799.999999014137,10799.999999014137,10799.999999014137,10799.999999014137,10799.999999014137,10799.999999014137,10799.999999014137,10799.999999014137,10799.999999014137,10799.999999014137,10799.999999014137,10789.725794326705,10789.725794326705,10761.841579682092,10089.290787842905,10072.410414777649,10072.410414777649,9287.822092082077,8505.200638328497,7693.209897587755,6890.289823513681,6081.428342032199,5287.130193884051,4499.397601291458,4499.397601291458,4499.397601291458,3707.9731938840505,2922.609749439606,2840.324296296297,2840.324296296297,2024.5222222222224,1200.0,1200.0,1200.0,1200.0,1200.0,1200.0,1200.0,1200.0,1200.0,1200.0,1200.0,1200.0,1200.0,1200.0,1200.0,1200.0,1200.0,1200.0,1200.0,1200.0
2025-04-28,1575.6755383111813,2325.6755383111813,3075.6755383111813,3825.6755383111813,3825.6755383111813,4049.999999999999,4799.999999999999,5549.999999999999,5549.999999999999,6299.999999999999,7049.999999999999,7049.999999999999,7049.999999999999,7799.999999999999,8549.999999999998,8549.999999999998,8549.999999999998,8549.999999999998,8549.999999999998,8549.999999999998,8549.999999999998,8549.999999999998,9299.999999999998,10049.999999999998,10049.999999999998,10049.999999999998,10049.999999999998,10049.999999999998,10049.999999999998,10049.999999999998,10049.999999999998,10049.999999999998,10049.999999999998,10800.0,10005.759252877544,9244.86819647642,9332.80790652035,8669.307862481995,8107.461927122749,7644.363406020048,7237.651350464493,6901.412968687993,6609.39153471869,6372.615205741677,6223.132683967922,5995.628257445642,5583.177294482679,5148.244532990103,4756.218419419787,4423.039542578632,4115.318654802573,3823.7595835764178,3565.2906391319734,3394.882034955049,3259.131062909675,3136.2897310547646,3031.267373987403,2987.2857585722822,2974.0000919056156,2915.0075402135144,2825.3370736852885,2737.875067318451,2681.967142158323,2676.9614266379654,2672.108130341669,2672.108130341669,3270.910044865507,3932.607472763484,4674.886601315928,5418.068679428508,6158.226774428508,6895.407733322456,7846.581888938421,8596.58188893842,9346.58188893842,10096.58188893842,10363.757743338974,10503.161309702273,10605.20713308411,10676.871300548955,10733.725981083211,10771.768065,10800.0,10797.393431779641,10733.970375902265,10615.912680403706,10526.553504000382,10427.623037196092,10273.788444603499,10273.788444603499,10575.674344502078,10575.674344502078,10799.999995795673,10799.999995795673,10799.999995795673,10799.999995795673,10799.999995795673,10799.999995795673,10799.999995795673,10799.999995795673,10799.999995795673,10795.69793557484,10785.505319332911,10785.505319332911,10785.505319332911,10781.939756548833,10781.920860449367,10057.888321987177,9275.607808838262,9275.607808838262,8490.03781884126,8478.412425925926,7650.703166666667,6855.418351851852,6064.1154074074075,5282.665407407408,4492.446277777778,3698.609759259259,3698.609759259259,3698.609759259259,2849.6698888888886,2015.5458148148148,2015.5458148148148,1200.0,1200.0,1200.0,1200.0,1200.0,1200.0,1200.0,1200.0,1200.0,1200.0,1200.0,1200.0,1200.0,1200.0,1200.0,1200.0,1200.0,1200.0,1200.0,1200.0,1200.0
2025-04-29,2824.1801845384834,2824.1801845384834,2824.1801845384834,3574.1801845384834,4324.180184538483,5074.180184538483,5097.853679651168,5097.853679651168,5097.853679651168,5097.853679651168,5097.853679651168,5097.853679651168,5097.853679651168,5097.853679651168,5847.853679651168,6597.853679651168,7347.853679651168,7347.853679651168,7347.853679651168,7347.853679651168,7347.853679651168,7347.853679651168,7347.853679651168,7347.853679651168,7347.853679651168,7347.853679651168,7347.853679651168,7347.853679651168,8097.853679651168,8097.853679651168,8097.853679651168,8097.853679651168,8847.853679651169,9597.853679651169,8826.555382012732,8108.441885847687,8796.128187692642,8206.05508295729,7700.667608064446,7254.217433768647,6822.040711546425,6484.375129025884,6231.372765109677,6047.519176968397,5946.503606358951,5766.264710763233,5423.143784837307,5130.977045782576,4930.954120647657,4789.218116109427,4681.246312294683,4593.384366203665,4544.460014351814,4544.460014351814,4544.460014351814,4544.460014351814,4544.460014351814,4591.23800493553,4747.21143993553,4889.745816174481,5066.290830812917,5266.5120423980825,5467.456313166533,5643.720705682558,5860.5290556825585,6100.741743411047,6297.477423304657,6479.5733391967,6703.562892536632,6933.607550243746,7157.547155243746,7432.96874795124,9334.664419513192,9334.664419513192,9334.664419513192,9334.664419513192,9334.664419513192,9334.664419513192,9598.270718008587,9848.536476987658,10076.016932380651,10294.768976680982,10514.723186680982,10660.403460795233,10767.239979885353,10800.0,10800.0,10736.71401747976,10638.712498961242,10638.712498961242,10800.0,10800.0,10800.0,10800.0,10800.0,10800.0,10800.0,10800.0,10800.0,10800.0,10800.0,10789.862639376914,10760.701394053029,10749.65950172139,10740.118273071022,10724.37408327108,10724.37408327108,10724.37408327108,10723.404230998154,10064.46271314939,9254.69028872405,8460.697242010134,7648.525019787911,6837.056242010133,6047.462204973096,5265.617760528652,5265.617760528652,4431.319149417541,3636.0932234916145,2816.2640938619847,2816.2640938619847,2816.2640938619847,2024.830204973096,1200.0000012693922,1200.0000012693922,1200.0000012693922,1200.0000012693922,1200.0000012693922,1200.0000012693922,1200.0000012693922,1200.0000012693922,1200.0000012693922,1200.0000012693922,1200.0000012693922,1200.0000012693922,1200.0000012693922,1200.0000012693922,1200.0000012693922,1200.0000012693922,1200.0000012693922,1200.0000012693922,1200.0000012693922,1200.0000012693922,1200.0000012693915
2025-04-30,2075.0556957139825,2075.0556957139825,2075.0556957139825,2075.0556957139825,2075.0556957139825,2075.0556957139825,2075.0556957139825,2075.0556957139825,2075.0556957139825,2075.0556957139825,2075.0556957139825,2825.0556957139825,2825.0556957139825,2825.0556957139825,3575.0556957139825,4325.0556957139825,4325.0556957139825,4325.0556957139825,4325.0556957139825,5075.0556957139825,5075.0556957139825,5075.0556957139825,5075.0556957139825,5825.0556957139825,6575.0556957139825,6575.0556957139825,6575.0556957139825,6575.0556957139825,6575.0556957139825,6575.0556957139825,6575.0556957139825,6575.0556957139825,7325.0556957139825,8075.0556957139825,7329.724417936204,6639.673111360368,7415.9746443321155,6820.550986622538,6288.908967627875,5842.28095195239,5454.149544544983,5117.392717077485,4806.335750626251,4567.128847109318,4475.565085118892,4317.737044460516,3958.740266682738,3646.003625235394,3448.7870667495054,3313.1792489486147,3205.520588887552,3177.995580807251,3221.203230807251,3293.143428133871,3366.521249729269,3480.887816618679,3649.0844159143226,3859.8826509000396,4086.0611859000396,4304.86213136713,4527.6711946222385,4727.154831757668,4946.227689148497,5163.303024359016,5420.566434359016,5615.653685967718,5761.519962944681,5939.636195789879,6161.270144963182,6399.983938738034,6666.351103738034,6977.595211616117,6884.296521123245,7618.700825136255,8029.249253710504,8728.652963630193,8937.667238630193,9117.038767348526,9284.784868966799,9465.167825255123,9667.22809368541,9888.386263119042,10131.540163119042,10327.743654943079,10482.627110465983,10576.22479602992,10662.920307711913,10723.087002800401,10723.087002800401,10730.062250525012,10800.0,10800.0,10800.0,10800.0,10800.0,10800.0,10800.0,10800.0,10800.0,10800.0,10800.0,10800.0,10800.0,10800.0,10800.0,10800.0,10800.0,10800.0,10800.0,9957.691270911148,9132.55237186189,8337.554512092745,7573.084141722375,7573.084141722375,7573.084141722375,6797.182289870523,6797.182289870523,6797.182289870523,6073.369407407407,5217.384851851852,4389.195166666666,3599.4247962962963,2805.5286296296294,1998.9462962962962,1200.0,1200.0,1200.0,1200.0,1200.0,1200.0,1200.0,1200.0,1200.0,1200.0,1200.0,1200.0,1200.0,1200.0,1200.0,1200.0,1200.0,1866.4260381020167,1866.4260381020167,1205.1951967231573
2025-05-01,2337.7702973055693,2337.7702973055693,2337.7702973055693,2337.7702973055693,2337.7702973055693,3087.7702973055693,3087.7702973055693,3087.7702973055693,3474.280662162624,3474.280662162624,3474.280662162624,3474.280662162624,4224.280662162624,4224.280662162624,4224.280662162624,4974.280662162624,5724.280662162624,5724.280662162624,5724.280662162624,5724.280662162624,5724.280662162624,5724.280662162624,5724.280662162624,5724.280662162624,5724.280662162624,5724.280662162624,6474.280662162624,7224.280662162624,7974.280662162624,7974.280662162624,7974.280662162624,7974.280662162624,8724.280662162624,9474.280662162624,8713.770902903365,7985.492978705061,7647.969566215672,6999.145832710289,6394.060301172447,5874.3632891351135,5392.725474320298,4927.6982168670775,4505.751741539993,4172.0891725879865,3910.131340659846,3861.7155042759014,3311.2989302018273,2785.4466991609893,2344.5369735693644,1977.0699719121646,1718.2906482571598,1510.4267768566235,1312.9874620418086,1217.5947193583886,1200.0,1200.0,1246.5868892634312,1356.8462459677464,1506.1403159677463,1655.024414383765,1826.8732230072626,2050.412177602802,2294.011139050255,2518.1202371106206,2806.7146271106208,3093.437869492446,3362.5377720057486,3675.2865621233946,4037.976197815002,4432.672874452784,4844.784479452784,5594.784479452784,7130.668918956196,7484.456414724324,7854.095491190253,8458.44543507921,8790.12458007921,9061.489387756033,9306.712225257226,9574.200060991103,9848.024444219453,10115.578122875359,10385.688702875359,10595.128395906606,10739.339932005794,10798.621398452231,10800.0,10800.0,10765.797277777778,10800.0,10800.0,10800.0,10800.0,10800.0,10800.0,10800.0,10800.0,10800.0,10800.0,10800.0,10800.0,10800.0,10800.0,10800.0,10800.0,10800.0,10800.0,10800.0,10800.0,10800.0,9999.403050895373,9184.459505103841,8349.840986585323,7558.5156347334705,6764.084356955693,5943.045468066804,5943.045468066804,5127.690708807544,4330.188856955692,3539.7628199186547,2826.7149814814816,2826.7149814814816,2003.4685925925928,1200.0,1200.0,1200.0,1200.0,1200.0,1200.0,1200.0,1200.0,1200.0,1948.0318262807482,1341.6929373918592,1200.0,1200.0,1200.0,1200.0,1200.0,1200.0,1200.0,1200.0,1200.0,1200.0
2025-05-02,1963.1835,1963.1835,1963.1835,1963.1835,1963.1835,2713.1835,2713.1835,2713.1835,2713.1835,2713.1835,2713.1835,2713.1835,2713.1835,2713.1835,2713.1835,3377.5675248871044,4127.567524887105,4127.567524887105,4127.567524887105,3622.2250514980824,3099.236810757342,3099.236810757342,3099.236810757342,3099.236810757342,2540.472384831416,2009.9279403869714,2009.9279403869714,2009.9279403869714,2009.9279403869714,2009.9279403869714,2009.9279403869714,2009.9279403869714,2759.9279403869714,3509.9279403869714,3126.5395514980823,2816.0742772648373,3266.2038293838896,3024.388422128401,2804.917624352854,2620.0645866221366,2450.364697733248,2345.3590325486734,2293.6075190018105,2263.598528001266,2254.7896729199497,2254.7896729199497,2254.7896729199497,2254.7896729199497,2254.7896729199497,2254.7896729199497,2254.7896729199497,2254.7896729199497,2254.7896729199497,2254.7896729199497,2254.7896729199497,2254.7896729199497,2254.7896729199497,2254.7896729199497,2254.7896729199497,2254.7896729199497,2254.7896729199497,2254.7896729199497,2254.7896729199497,2254.7896729199497,2254.7896729199497,2488.528640502621,2861.3395916193895,3257.93525399621,3667.9152732979433,4089.304767323517,4493.446662323517,4911.260054930706,10800.0,10800.0,10800.0,10800.0,10800.0,10800.0,10800.0,10800.0,10800.0,10800.0,10800.0,10800.0,10800.0,10800.0,10800.0,10800.0,10800.0,10800.0,10800.0,10800.0,10800.0,10800.0,10800.0,10800.0,10800.0,10800.0,10800.0,10800.0,10800.0,10800.0,10800.0,10800.0,10800.0,10800.0,10800.0,10363.639436270942,9910.024611607303,9405.278663869787,8880.021117880196,8322.306597536235,7798.228819758458,7298.503153091791,6756.4092086473465,6203.735134573272,5671.877579017717,5164.898060499198,4635.598060499198,4099.054986425124,3544.7673938325315,2983.472949388087,2465.928986425124,1949.234338276976,1424.284338276976,1424.284338276976,1424.284338276976,1424.284338276976,1424.284338276976,1229.9844010578254,1229.9844010578254,1229.9844010578254,1229.9844010578254,1229.9844010578254,1955.9606710578255,1955.9606710578255,1955.9606710578255,1955.9606710578255,1955.9606710578255,2138.3880555555556,2138.3880555555556,1641.4814814814815,1200.0,1200.0
2025-05-03,1712.451053909873,1712.451053909873,2462.451053909873,3212.451053909873,3212.451053909873,3212.451053909873,3212.451053909873,3212.451053909873,3212.451053909873,2695.164627983947,2177.9553687246876,1691.8860555555557,1691.8860555555557,1691.8860555555557,1691.8860555555557,1691.8860555555557,1691.8860555555557,1200.0,1200.0,1200.0,1200.0,1200.0,1759.4796296296295,1759.4796296296295,1759.4796296296295,1200.0,1200.0,1200.0,1200.0,1861.1192215484452,1861.1192215484452,1861.1192215484452,2611.1192215484452,3361.1192215484452,2954.2965178447416,2605.0815117951197,3264.167189528991,3084.446202487171,2968.315450463525,2862.4441501868714,2701.882594631316,2586.7519170683054,2533.8192163689723,2528.306015723602,2528.306015723602,2528.306015723602,2528.306015723602,2528.306015723602,2528.306015723602,2528.306015723602,2528.306015723602,2528.306015723602,2528.306015723602,2528.306015723602,2528.306015723602,2528.306015723602,2528.306015723602,2528.306015723602,2528.306015723602,2528.306015723602,2528.306015723602,2528.306015723602,2528.306015723602,2528.306015723602,2528.306015723602,2528.306015723602,2528.306015723602,2528.306015723602,2528.306015723602,2622.1778343727415,3177.6950943727416,3743.7656802438705,10800.0,10800.0,10800.0,10800.0,10800.0,10800.0,10800.0,10800.0,10800.0,10800.0,10800.0,10800.0,10800.0,10800.0,10800.0,10800.0,10800.0,10800.0,10800.0,10800.0,10800.0,10800.0,10800.0,10800.0,10800.0,10800.0,10800.0,10800.0,10800.0,10800.0,10800.0,10800.0,10800.0,10800.0,10800.0,10407.58311126689,9952.755827193916,9403.70763048661,8852.300612052419,8299.318979160682,7762.128238419941,7253.3037199014225,6722.294349531052,6185.833238419941,5634.293923605126,5115.2012199014225,4615.467886568089,4074.7824976792,3521.1773124940146,2994.647682864385,2481.4078310125333,1931.660608790311,1357.6161643458663,1357.6161643458663,1357.6161643458663,1357.6161643458663,1357.6161643458663,1222.0394800561817,1222.0394800561817,1222.0394800561817,1933.8584950561817,1933.8584950561817,1933.8584950561817,2647.835845056182,3380.135845056182,3380.135845056182,2927.1003635747006,2485.3040672784045,2485.3040672784045,2485.3040672784045,1836.546659870997,1200.000011722849
2025-05-04,2609.936758888889,3359.936758888889,3359.936758888889,3359.936758888889,3359.936758888889,4109.936758888889,4859.936758888889,5609.936758888889,6359.936758888889,7109.936758888889,7859.936758888889,8609.936758888889,8609.936758888889,8609.936758888889,8609.936758888889,8609.936758888889,8609.936758888889,9300.0,9300.0,9300.0,9300.0,9300.0,9300.0,9300.0,9300.0,9300.0,9300.0,9300.0,9300.0,9300.0,10050.0,10050.0,10050.0,10800.0,10055.163685185185,9375.259426802155,9176.26313585509,8613.898977012857,8145.293366460286,7788.331905212802,7450.270812620209,7122.487482124283,6859.498933755178,6713.242406568631,6653.430558073981,6509.0828860160955,6213.381719349429,5920.1347333736785,5711.249088595728,5571.771760574949,5516.570542882746,5511.818041303956,5511.818041303956,5511.818041303956,5511.818041303956,5511.818041303956,5511.818041303956,5540.800493135652,5757.391028135652,5981.95610796352,6237.194014529103,6501.966131241593,6790.42734028338,7093.080492061888,7444.205292061888,7784.519796381327,8060.896306288492,8348.520497595828,8634.728788784627,8953.804462888576,9328.889032888575,9664.595284116496,8780.555719585858,8960.994004585858,8974.54612146449,9115.010839832545,9195.088564832544,9259.120104174766,9352.195005237485,9477.073673291932,9646.567114049425,9854.036457000075,10114.533072000075,10337.36730915269,10491.262470096392,10600.613998106479,10708.329829366703,10776.58389,10800.0,10800.0,10800.0,10800.0,10800.0,10800.0,10800.0,10800.0,10800.0,10800.0,10800.0,10800.0,10800.0,10800.0,10800.0,10800.0,10800.0,10800.0,10800.0,10800.0,10051.262992630205,9387.295845592469,9387.295845592469,8566.956555555556,7765.706555555556,6957.226537037038,6132.702425925927,5314.839462962964,5314.839462962964,5314.839462962964,4481.932055555556,3655.6773888888897,3655.6773888888897,2816.3422037037044,2007.9552592592595,1200.0,1200.0,1200.0,1200.0,1200.0,1200.0,1200.0,1200.0,1200.0,1200.0,1200.0,1830.8251080811863,1830.8251080811863,1830.8251080811863,1830.8251080811863,1830.8251080811863,1202.0679805941127,1202.0679805941127,1202.0679805941127,1202.0679805941127,1202.0679805941127
2025-05-05,1276.37601,1276.37601,1276.37601,1276.37601,2026.37601,2776.37601,2776.37601,2776.37601,2776.37601,2776.37601,2776.37601,2776.37601,2776.37601,3526.37601,4050.0,4800.0,5550.0,5550.0,5550.0,5550.0,5550.0,6300.0,7050.0,7800.0,8550.0,9300.0,9300.0,9300.0,9300.0,10050.0,10050.0,10050.0,10050.0,10800.0,10800.0,10066.62577326276,10129.58476667169,9508.176935697837,8917.801340993057,8353.796377806439,7803.954379375326,7306.732331018039,6864.930026260803,6469.950271896677,6192.179163692123,6214.4993957822435,5661.518247634095,5154.499704964818,4722.745883452912,4316.380676749563,4014.965308014788,3797.0997241496234,3610.16102044592,3506.07760791244,3468.421493518952,3454.511657474487,3454.511657474487,3489.3246084040766,3566.9496384040767,3668.156249753499,3786.126155475971,3912.0759795933773,4054.6734778570676,4227.644995242838,4455.200200242839,5074.747340522046,5637.265902098292,5768.743307648539,5992.917394796945,6261.275620939183,6582.723550939182,7160.65178920614,8305.07548542422,8576.93135710653,9258.863793781142,9939.888476268856,10048.366046268857,10130.179942289153,10196.997049033429,10247.106887420316,10335.98766697614,10445.97423546224,10569.64070046224,10669.259614535102,10713.885263093738,10713.885263093738,10755.75469135617,10799.999996308215,10799.999996308215,10799.999996308215,10800.0,10800.0,10800.0,10800.0,10800.0,10800.0,10800.0,10800.0,10800.0,10800.0,10800.0,10800.0,10800.0,10800.0,10800.0,10800.0,10800.0,10800.0,10030.844587899652,9471.186078642106,9471.186078642106,9471.186078642106,8639.64904160507,7803.10141197544,6989.847060123588,6205.0989119754395,5374.565726790254,4539.316763827292,3718.1649119754397,2896.1845230865506,2896.1845230865506,2896.1845230865506,2064.844023086551,1200.0000045680322,1200.0000045680322,1200.0000045680322,1200.0000045680322,1200.0000045680322,1200.0000045680322,1200.0000045680322,1200.0000045680322,1200.0000045680322,1200.0000045680322,1200.0000045680322,1200.0000045680322,1200.0000045680322,1200.0000045680322,1200.0000045680322,1200.0000045680322,1200.0000045680322,1200.0000045680322,1200.0000045680322,1200.0000045680322,1200.0000045680335
2025-05-06,1230.6944999999998,1230.6944999999998,1230.6944999999998,1230.6944999999998,1230.6944999999998,1980.6944999999998,2027.1217909641819,2027.1217909641819,2027.1217909641819,2777.1217909641814,2777.1217909641814,2087.054602524297,2087.054602524297,2837.054602524297,3587.0546025242975,3587.0546025242975,3587.0546025242975,4337.0546025242975,4337.0546025242975,4337.0546025242975,4337.0546025242975,5087.0546025242975,5087.0546025242975,4386.804880302076,4386.804880302076,4386.804880302076,4386.804880302076,4386.804880302076,4386.804880302076,5136.804880302076,5886.804880302076,6636.804880302076,7386.804880302076,8136.804880302076,7418.98232474652,6720.960019995178,6815.930543848194,6234.570389963051,5659.212398145304,5134.623388538768,4666.754795946175,4260.236457714011,3893.3675017007527,3569.197060058589,3569.197060058589,3569.197060058589,3058.508337836367,2579.7284674775065,2197.6315035773478,1890.5069474674522,1682.1839936314273,1528.0900190622872,1395.6955746178426,1297.3977455858605,1247.6054437780922,1217.218735808097,1200.0,1200.0,1240.5841050000001,1303.8588379697096,1411.2480926735493,1579.8855468325178,1809.9367236206429,2058.5252260989732,2352.2395660989732,3102.2395660989732,3852.2395660989732,4602.239566098973,5352.239566098973,5661.600224719996,6059.007213706713,6809.007213706713,7194.989071055503,7566.044171877206,8198.835679442462,8926.699264318437,9270.795499318438,9567.013406424077,9835.284764919885,10059.047564225206,10269.884632581508,10423.74407084998,10578.58155584998,10682.212317165615,10750.855005670594,10781.483150075414,10800.0,10792.511760782587,10736.938945967771,10800.0,10800.0,10800.0,10800.0,10800.0,10800.0,10800.0,10800.0,10800.0,10800.0,10758.23006265715,10722.089061506746,10672.532791166961,10631.8598256596,10606.860396363078,10606.860396363078,10606.860396363078,10606.860396363078,10606.860396363078,10606.860396363078,10606.860396363078,10606.860396363078,10550.444166666666,9757.788611111111,8894.598666666667,8014.082759259259,7178.7401666666665,6318.53974074074,5462.219703703703,4612.910444444444,4612.910444444444,3748.5892407407405,2855.5614629629627,2011.7009444444443,1200.0,1200.0,1200.0,1200.0,1200.0,1200.0,1200.0,1200.0,1200.0,1935.4795480363828,1935.4795480363828,1935.4795480363828,1935.4795480363828,1823.6769444444444,1200.0,1200.0,1200.0,1200.0,1200.0,1200.0,1200.0
2025-05-07,2001.4279825925926,2550.0,3300.0,3300.0,3300.0,3300.0,3300.0,3300.0,3300.0,4050.0,4800.0,4800.0,4800.0,4800.0,4800.0,4800.0,5550.0,6300.0,6300.0,6300.0,7050.0,7800.0,7800.0,8550.0,8550.0,8550.0,8550.0,8550.0,8550.0,8550.0,8550.0,9300.0,10050.0,10800.0,10052.198296296296,9268.76298280163,9366.00862545812,8755.90403352895,8168.254959178381,7630.732304344975,7138.20911915979,6716.376522278451,6367.858521115272,6093.355155777252,5910.754785379662,5633.3249729964655,5179.1526396631325,4767.125338677854,4413.721495343171,4078.2419434625167,3802.0021204780446,3609.9803711581358,3463.9435748618394,3363.8228097119922,3324.954845745681,3335.023278898548,3384.0997383176505,3471.10735203286,3631.69622703286,3765.676176225058,3880.088393061457,4007.554311818204,4168.425209350366,4301.299863492628,4445.638803492628,4598.590654840004,4715.588463030458,4828.798905186998,5004.374253068154,5217.5500453436935,5967.5500453436935,6717.5500453436935,7595.51927925316,8094.381725404196,8435.93213778969,9185.93213778969,9415.62160278969,9637.141020655032,9840.70486718403,10010.269031951708,10154.699256619298,10287.23878856707,10408.46229356707,10433.594065791865,10425.600204137514,10409.215359057986,10393.35115754283,10335.08437166475,10198.054024464584,10214.009993230235,10654.937394049966,10654.937394049966,10799.99999626189,10799.99999626189,10799.99999626189,10799.99999626189,10799.99999626189,10799.99999626189,10799.99999626189,10799.99999626189,10799.99999626189,10799.99999626189,10799.99999626189,10799.99999626189,10799.99999626189,10799.99999626189,10799.99999626189,10799.99999626189,10799.99999626189,10799.99999626189,10799.99999626189,10585.251685185185,9802.909092592592,8959.449018518519,8071.3308518518525,7208.447518518519,6346.021685185186,5494.487611111112,4613.350574074075,3733.573666666667,2886.551481481482,2054.1033333333335,2054.1033333333335,1200.0,1200.0,1200.0,1200.0,1200.0,1200.0,1200.0,1200.0,1200.0,1200.0,1200.0,1200.0,1200.0,1200.0,1949.6847625642736,1949.6847625642736,1949.6847625642736,1949.6847625642736,1949.6847625642736,1920.1242124074076,1236.6899901851855
2025-05-08,2080.202753233508,1800.007330807133,1800.007330807133,1800.007330807133,2550.0073308071333,2550.0073308071333,3300.0073308071333,4050.0073308071333,4800.007330807133,5550.007330807133,6300.007330807133,6300.007330807133,6300.007330807133,6300.007330807133,6300.007330807133,7050.007330807133,7800.007330807133,8550.007330807133,8550.007330807133,8550.007330807133,8550.007330807133,9300.0,9300.0,9300.0,9300.0,9300.0,9300.0,9300.0,9300.0,10050.0,10050.0,10050.0,10050.0,10800.0,10800.0,10081.221020168961,10164.134303830837,9596.372646521313,9028.942070128734,8527.002289698106,8087.902123031439,7700.835036908438,7374.176448961247,7145.783980628675,7006.116591945311,6787.6969600965,6427.010515652056,6111.576725506111,5855.351364826739,5619.367664649439,5420.708121099945,5283.128573605901,5197.665629161456,5131.600604942413,5077.13733619766,5057.023814086359,5067.325172231475,5088.050435590838,5113.632500590838,5157.1098210770115,5189.859648856072,5218.525836154655,5281.102487374083,5343.0188622797095,5405.32829227971,5914.204046293639,5921.323425642115,5998.543606911849,6748.543606911849,6873.556733883214,7014.920408883214,7764.920408883214,8859.11172106558,9124.882529369856,9340.332063365573,10090.332063365573,10240.309923365574,10354.617754851293,10445.692369880835,10529.44812175806,10598.714843342075,10663.409450680076,10756.052255680075,10800.0,10800.0,10776.611379996255,10698.75989633968,10546.627837252941,10546.627837252941,10546.627837252941,10799.999995864118,10799.999995864118,10786.147363879145,10786.147363879145,10770.128010590068,10770.128010590068,10770.128010590068,10755.604798137672,10755.604798137672,10755.604798137672,10755.604798137672,10755.604798137672,10749.429180138704,10749.429180138704,10742.003213405413,10721.862645316773,10688.993521421242,10674.384086384234,9781.633223112396,8871.869120388741,7954.782330850621,7085.25518455947,7085.25518455947,6163.373869744655,5237.447943818729,4338.045498663548,3946.479592592593,3039.9129629629633,2125.925925925926,2125.925925925926,2125.925925925926,2125.925925925926,2125.925925925926,1200.0,1200.0,1200.0,1200.0,1200.0,1200.0,1200.0,1200.0,1200.0,1200.0,1200.0,1200.0,1200.0,1200.0,1200.0,1200.0,1200.0,1200.0,1200.0,1200.0,1200.0
2025-05-09,3510.486328323307,3510.486328323307,3510.486328323307,3510.486328323307,3510.486328323307,3510.486328323307,3510.486328323307,2982.217809804789,2982.217809804789,2982.217809804789,2982.217809804789,2982.217809804789,3732.217809804789,3732.217809804789,3248.0364209159,3248.0364209159,3248.0364209159,3998.0364209159,3998.0364209159,3998.0364209159,3998.0364209159,3998.0364209159,3998.0364209159,3998.0364209159,3501.525394373627,3501.525394373627,3501.525394373627,3501.525394373627,2940.4457647439976,2383.704931938186,2383.704931938186,2383.704931938186,2383.704931938186,3133.704931938186,2778.5134134196674,2458.936265807021,3283.254051484927,3045.67518293034,2886.7447403028063,2738.833390548997,2526.0565386971452,2370.5306252692435,2285.411166382195,2241.1794733528877,2241.1794733528877,2241.1794733528877,2241.1794733528877,2241.1794733528877,2241.1794733528877,2241.1794733528877,2241.1794733528877,2241.1794733528877,2241.1794733528877,2241.1794733528877,2241.1794733528877,2241.1794733528877,2241.1794733528877,2241.1794733528877,2241.1794733528877,2241.1794733528877,2241.1794733528877,2241.1794733528877,2241.1794733528877,2241.1794733528877,2241.1794733528877,2241.1794733528877,2241.1794733528877,2241.1794733528877,2241.1794733528877,2241.1794733528877,2241.1794733528877,2241.1794733528877,10800.0,10800.0,10800.0,10800.0,10800.0,10800.0,10800.0,10800.0,10800.0,10800.0,10800.0,10800.0,10800.0,10800.0,10800.0,10800.0,10800.0,10800.0,10800.0,10800.0,10800.0,10800.0,10800.0,10800.0,10800.0,10800.0,10787.463970631321,10774.574972390623,10743.84576534077,10743.84576534077,10698.639660134904,10650.582226993292,10602.66911415958,10602.66911415958,10574.22014281817,10530.717636103367,9966.650804244913,9378.517068330764,9378.517068330764,8794.9085,8195.61775925926,7574.927574074074,6942.152,6325.487185185186,5668.000722222223,5011.954703703705,4392.199148148149,3797.843555555556,3180.957481481482,2514.651925925926,1854.5025740740741,1200.0,1200.0,1200.0,1200.0,1200.0,1200.0,1200.0,1200.0,1256.2062011263502,2006.2062011263502,2006.2062011263502,1451.1248677930168,1451.1248677930168,2201.124867793017,2201.124867793017,1676.231441867091,1200.0,1724.547788904202,1724.547788904202,1200.0,1200.0
2025-05-10,3703.601718878255,3703.601718878255,4453.601718878255,4453.601718878255,4453.601718878255,4453.601718878255,4453.601718878255,4453.601718878255,3923.8406262856624,3923.8406262856624,3923.8406262856624,3614.860587156122,3614.860587156122,3614.860587156122,3614.860587156122,3134.501253822789,3134.501253822789,3884.501107031827,3884.501107031827,3386.5677736984935,2881.493255179975,2881.493255179975,2881.493255179975,2881.493255179975,2881.493255179975,2881.493255179975,2362.710384809605,2362.710384809605,3112.710384809605,3112.710384809605,3112.710384809605,3112.710384809605,3112.710384809605,3112.710384809605,2776.291292217012,2503.5218426094416,3558.9446602470557,3442.165974021097,3360.5995396678236,3306.619029933238,3224.438289192497,3114.658008907012,3040.63395903297,3023.4774065838683,3004.8459127490455,3004.8459127490455,3004.8459127490455,3004.8459127490455,3004.8459127490455,3004.8459127490455,3004.8459127490455,3004.8459127490455,3004.8459127490455,3004.8459127490455,3004.8459127490455,3004.8459127490455,3004.8459127490455,3004.8459127490455,3004.8459127490455,3004.8459127490455,3004.8459127490455,3004.8459127490455,3004.8459127490455,3004.8459127490455,3004.8459127490455,3004.8459127490455,3004.8459127490455,3004.8459127490455,3004.8459127490455,3045.244650327417,3560.6079903274167,4100.855401023902,10800.0,10800.0,10800.0,10800.0,10800.0,10800.0,10800.0,10800.0,10800.0,10800.0,10800.0,10800.0,10800.0,10800.0,10800.0,10800.0,10800.0,10800.0,10800.0,10800.0,10800.0,10800.0,10800.0,10800.0,10800.0,10699.418439979432,10677.444204949057,10677.444204949057,10607.079352142588,10541.92302055379,10514.006672404992,10511.3874864304,10509.744605570724,10493.951970909438,10493.951970909438,10493.951970909438,10493.951970909438,10076.942829932748,9493.679572220559,8906.857240740743,8238.512796296298,7580.490925925927,6953.484611111112,6331.604981481482,5689.263074074075,5026.149351851853,4334.234537037038,3667.2901296296304,3035.2354259259264,2398.5150555555556,1785.1972962962961,1200.0,1200.0,1200.0,1200.0,1200.0,1200.0,1200.0,1200.0,1200.0,1941.12657,2668.508065234688,2668.508065234688,3393.133240234688,4108.736740234688,4850.501020234688,5597.918755234688,6322.670755234689,6322.670755234689,7066.501825234689,7792.317325234689,7792.317325234687
2025-05-11,10015.821564374712,10015.821564374712,9275.455490300637,8550.0,8550.0,8550.0,8550.0,8550.0,8550.0,8550.0,8550.0,8550.0,8550.0,8550.0,8550.0,8550.0,8550.0,8550.0,8550.0,8550.0,9300.0,10050.0,10050.0,10050.0,10050.0,10050.0,10050.0,10050.0,10050.0,10050.0,10050.0,10050.0,10050.0,10800.0,10800.0,10148.821432641398,10177.100103524159,9623.365241942538,9077.028189567665,8581.610773924001,8152.309051701779,7839.787307231924,7570.853015897661,7326.886467993592,7198.390407097528,7198.390407097528,6794.355425616046,6435.319127004899,6178.667681418165,5995.125420960063,5853.551954013817,5755.993123306675,5692.2656418251945,5635.614620381561,5587.962063929394,5542.19911769755,5520.399754049103,5520.399754049103,5521.228819049103,5521.228819049103,5522.53117004339,5593.456681451274,5716.608961435839,5856.053334628948,5992.877994628948,6122.227204658564,6193.639319281256,6276.56152978846,6382.024427241531,6549.865902562565,6914.878921303165,7657.8486680028445,7936.150737625251,8488.6057601644,8853.981891227568,9603.981891227568,9905.776416227567,10183.094498764096,10428.30246539998,10600.364211495362,10716.636085068238,10783.051875,10800.0,10797.485396690226,10757.240952013306,10707.463041146273,10662.666480378486,10568.454767958807,10398.914065593968,10398.914065593968,10799.999999004966,10799.999999004966,10799.999999004966,10799.999999004966,10799.999999004966,10799.999999004966,10799.999999004966,10799.999999004966,10799.999999004966,10799.999999004966,10799.999999004966,10799.999999004966,10799.999999004966,10794.614383107099,10765.495677544757,10724.2265709354,10693.553309710742,10660.597833380789,10652.843179017704,10642.139722222224,10642.139722222224,10642.139722222224,9760.223055555558,8843.079166666668,7929.291629629631,7037.7008888888895,6124.517796296297,5214.814037037037,4830.361666666667,3919.8801851851854,3013.8972222222224,2115.697222222222,2115.697222222222,1200.0,1200.0,1200.0,1200.0,1200.0,1200.0,1200.0,1200.0,1200.0,1200.0,1200.0,1200.0,1200.0,1200.0,1200.0,1200.0,1200.0,1200.0,1200.0,1200.0,1200.0
2025-05-12,2992.9300824074057,2992.9300824074057,2992.9300824074057,2992.9300824074057,2992.9300824074057,3742.9300824074057,4492.930082407405,5242.930082407405,5242.930082407405,5242.930082407405,5242.930082407405,5242.930082407405,5242.930082407405,5242.930082407405,5242.930082407405,5992.930082407405,6742.930082407405,7492.930082407405,7492.930082407405,7492.930082407405,7492.930082407405,7492.930082407405,7492.930082407405,7678.537509699547,7678.537509699547,7678.537509699547,7678.537509699547,7678.537509699547,6928.765437598554,6211.967395758641,6211.967395758641,6211.967395758641,6211.967395758641,6961.967395758641,6271.145451314197,5592.426517873499,6464.080510084213,5985.26660120193,5551.056013571129,5198.848514585895,4912.415440511821,4668.926231817791,4461.605826887546,4334.3647119463485,4305.1088375900845,4223.675335911953,3993.509724800842,3754.3046559824234,3553.8707698032654,3398.6083954430865,3255.127567634681,3137.9589201078074,3040.500327515215,3013.1620672872787,3028.6765572325626,3068.8557138896585,3129.7318575250815,3237.1130762545536,3389.7303212545535,3518.7468886172087,3639.5820540971395,3803.011506284865,4016.564176307053,4221.598726026178,4404.672436026178,4587.432433857198,5337.432433857198,5451.074039087624,5511.301110750541,6261.301110750541,7011.301110750541,7761.301110750541,8187.455837141735,8420.655099012547,9132.816528283061,9831.402305388508,9915.97254538851,9991.715927380968,10082.303000973277,10167.307122693283,10245.388016784109,10353.943066401425,10502.631736401425,10662.539720123501,10749.519844552167,10773.546184645038,10800.0,10800.0,10718.994773684957,10718.994773684957,10800.0,10800.0,10800.0,10800.0,10800.0,10800.0,10800.0,10800.0,10800.0,10800.0,10740.542608797805,10682.666930995823,10656.421510114065,10646.373668119853,10636.317691248558,10622.149679145572,10610.041344695193,10590.94299608018,10590.94299608018,10590.457479768032,9676.7593140879,9261.539760397078,8369.139760397078,7458.551852989671,7458.551852989671,7458.551852989671,6554.331778915596,5660.541815952633,4765.325149285966,4765.325149285966,3862.6771678044847,2962.477167804485,2093.953593730411,1200.0000011378183,1200.0000011378183,1200.0000011378183,1200.0000011378183,1200.0000011378183,1200.0000011378183,1200.0000011378183,1200.0000011378183,1200.0000011378183,1200.0000011378183,1200.0000011378183,1200.0000011378183,1200.0000011378183,1200.0000011378183,1200.0000011378183,1200.0000011378183,1200.0000011378183,1200.0000011378183,1200.0000011378183,1200.0000011378183,1200.0000011378193
2025-05-13,4019.289573977988,4019.289573977988,4019.289573977988,4019.289573977988,4050.0,4800.0,4800.0,4800.0,5550.0,5550.0,6300.0,7050.0,7800.0,7800.0,7800.0,7800.0,7800.0,8550.0,8550.0,8550.0,8550.0,8550.0,9300.0,9300.0,9300.0,9300.0,9300.0,9300.0,9300.0,9300.0,9300.0,9300.0,10050.0,10800.0,10800.0,10094.09411064192,10112.651107588841,9574.178351912678,9042.372076902282,8577.41516800365,8194.292982818464,7857.8005290826795,7562.418112177309,7314.582678350111,7160.375865924926,6928.89003677753,6531.17429603679,6189.934740174469,5897.6703135393645,5623.438994968128,5407.678597854301,5284.529204057124,5196.388037390458,5138.486476582597,5149.394671440406,5223.659055283763,5292.515544037825,5382.371075589894,5525.136680589893,5647.699169212789,5778.426662972493,5970.258991521278,6210.379718897782,6430.012660535623,6640.367080535623,6839.619599354634,7017.2832723854335,7143.368664951918,7261.944884484894,7405.851822124398,7603.447362124398,7808.975430842698,7995.93875115348,8745.93875115348,8970.075383931258,9654.879248112551,9886.887503112552,10064.964092225173,10219.140951685527,10381.63046049536,10528.743647988944,10652.286403337583,10748.669758337583,10799.99999875422,10799.99999875422,10799.99999875422,10799.99999875422,10799.99999875422,10750.023832087552,10750.023832087552,10800.0,10800.0,10800.0,10781.363622949762,10727.798591207753,10717.898621294677,10689.136024005798,10657.744229749893,10638.32381626116,10638.32381626116,10638.32381626116,10638.89019886765,10638.89019886765,10638.89019886765,10638.89019886765,10638.89019886765,10634.515868520424,10615.455427606557,10615.455427606557,10607.05575110548,9691.919911626144,8768.835425925927,7896.485425925926,6981.450444444445,6063.85912962963,5684.595925925926,4805.448685185185,3918.7889444444445,3000.9259814814814,3000.9259814814814,3000.9259814814814,2092.0852407407406,2092.0852407407406,1200.0,1200.0,1200.0,1200.0,1200.0,1200.0,1200.0,1200.0,1200.0,1200.0,1200.0,1200.0,1200.0,1200.0,1200.0,1200.0,1200.0,1200.0,1200.0,1200.0,1200.0
2025-05-14,4152.04433188624,4152.04433188624,4152.04433188624,4152.04433188624,4152.04433188624,4152.04433188624,4152.04433188624,4152.04433188624,4152.04433188624,4152.04433188624,4152.04433188624,4152.04433188624,4902.04433188624,5652.04433188624,5652.04433188624,5652.04433188624,5652.04433188624,5652.04433188624,5652.04433188624,5898.412576269121,6648.412576269121,7398.412576269121,7398.412576269121,7398.412576269121,8148.412576269121,8898.412576269122,9648.412576269122,9648.412576269122,9648.412576269122,9648.412576269122,9648.412576269122,9648.412576269122,9648.412576269122,10398.412576269122,9650.124677036234,8940.785609729726,9449.753025289487,8873.563077586805,8307.685624681108,7818.793959981138,7398.657978499657,7025.186959989128,6700.418853590295,6462.534725497763,6318.318154894527,6086.294521056155,5682.11033587097,5320.96833994694,5035.657143503899,4790.4099154920095,4585.417657338112,4450.489432832585,4352.980414314067,4271.6186906848025,4233.775015339819,4233.775015339819,4248.5340401790145,4280.739656092022,4309.016891092023,4360.516060384148,4381.079812758332,4381.079812758332,4381.079812758332,4450.252749645583,4526.4068646455835,4575.335886320925,4609.130432903959,4664.80830578445,4696.530439761869,4981.634206438845,5731.634206438845,6481.634206438845,7893.7544105246725,8208.148850212172,8558.655638545506,9104.747801402174,9398.538161402175,9663.420288065425,9901.693403354458,10102.62023456165,10255.282490379259,10404.160132792866,10559.835697792865,10649.506014342309,10672.099823908724,10690.273840222268,10745.900021324374,10799.999997430323,10799.999997430323,10799.999997430323,10800.0,10800.0,10800.0,10800.0,10800.0,10800.0,10800.0,10800.0,10800.0,10800.0,10800.0,10800.0,10800.0,10800.0,10800.0,10800.0,10800.0,10800.0,10800.0,10800.0,10800.0,10800.0,10800.0,9895.906481481481,8969.980555555556,8044.05462962963,7122.951703703704,6213.447592592593,5289.929074074074,4892.323042519836,3966.39711659391,3040.471190667984,2114.545264742058,1200.0000054827988,1200.0000054827988,1200.0000054827988,1200.0000054827988,1200.0000054827988,1200.0000054827988,1200.0000054827988,1200.0000054827988,1200.0000054827988,1200.0000054827988,1200.0000054827988,1200.0000054827988,1200.0000054827988,1200.0000054827988,1200.0000054827988,1200.0000054827988,1200.0000054827988,1200.0000054827988,1200.0000054827988,1200.0000054827988,1200.0000054827995
2025-05-15,2797.61228159391,2797.61228159391,2797.61228159391,3547.61228159391,4297.612281593911,4297.612281593911,5047.612281593911,5797.612281593911,6547.612281593911,7050.0,7050.0,7050.0,7050.0,7050.0,7050.0,7050.0,7050.0,7050.0,7050.0,7800.0,8550.0,8550.0,8550.0,9300.0,9300.0,9300.0,9300.0,9300.0,9300.0,9300.0,9300.0,9300.0,10050.0,10800.0,10080.841770039295,9393.474763477478,9452.890664036175,8903.164770839587,8324.727532636265,7798.31366327343,7346.662700310468,6960.940028912654,6599.322462864025,6279.512005422761,6069.094452770574,5976.952307354053,5519.503011057757,5114.183024655505,4828.040829798455,4632.4962005268835,4479.956794064182,4397.479229445932,4375.744285001488,4394.429001945929,4423.525262841178,4458.138455105495,4536.378058340764,4670.209582358598,4812.379582358598,4924.357317466842,5012.5842799919765,5133.478256610582,5255.375861529915,5407.826196346184,5578.649871346184,5761.724698126602,5968.893425949273,6184.196645528933,6419.342293465209,6715.035705000001,7032.626340000001,7782.626340000001,8296.530976323502,8565.220610773948,9203.170675171761,9797.295344491049,9952.413374491049,10037.359044389712,10117.601771547133,10208.084502774342,10309.492072815538,10402.941208250624,10511.332513250625,10596.114092171054,10628.965911675701,10635.212722332491,10635.212722332491,10618.674210274,10567.676191755483,10567.676191755483,10800.0,10800.0,10800.0,10800.0,10800.0,10800.0,10800.0,10800.0,10800.0,10800.0,10800.0,10800.0,10800.0,10800.0,10800.0,10800.0,10800.0,10800.0,10023.142891700303,10023.142891700303,10023.142891700303,9110.31019501894,8214.975009833754,7289.0490839078275,7289.0490839078275,7289.0490839078275,6379.750639463383,6379.750639463383,5762.396777777778,4836.470851851852,3910.5449259259262,2984.619,2092.113574074074,1200.0,1200.0,1200.0,1200.0,1200.0,1200.0,1200.0,1200.0,1200.0,1932.5798170633518,1932.5798170633518,1932.5798170633518,1872.5518333333332,1872.5518333333332,1872.5518333333332,1200.0,1200.0,1200.0,1200.0,1200.0,1200.0
2025-05-16,3282.882383734847,3282.882383734847,3282.882383734847,3282.882383734847,2744.352754105217,2215.2140689200323,1703.8342911422546,1703.8342911422546,1703.8342911422546,1703.8342911422546,1703.8342911422546,2453.834115608288,3203.834115608288,3203.834115608288,3203.834115608288,3203.834115608288,3203.834115608288,3203.834115608288,3203.834115608288,3203.834115608288,3203.834115608288,3203.834115608288,3203.834115608288,3203.834115608288,3203.834115608288,3203.834115608288,2825.896233191975,2825.896233191975,2825.896233191975,2825.896233191975,2318.6431393268394,1825.787915850084,1387.5570841776394,2137.5570841776394,1840.2822138072688,1609.3195764325756,2629.4508117675414,2488.3176049567915,2402.6251436908633,2363.8515351202923,2319.9351832684406,2319.9351832684406,2319.9351832684406,2319.9351832684406,2319.9351832684406,2319.9351832684406,2319.9351832684406,2319.9351832684406,2319.9351832684406,2319.9351832684406,2319.9351832684406,2319.9351832684406,2319.9351832684406,2319.9351832684406,2319.9351832684406,2319.9351832684406,2319.9351832684406,2319.9351832684406,2319.9351832684406,2319.9351832684406,2319.9351832684406,2319.9351832684406,2319.9351832684406,2319.9351832684406,2319.9351832684406,2319.9351832684406,2319.9351832684406,2319.9351832684406,2319.9351832684406,2319.9351832684406,2319.9351832684406,2319.9351832684406,10800.0,10800.0,10800.0,10800.0,10800.0,10800.0,10800.0,10800.0,10800.0,10800.0,10800.0,10800.0,10800.0,10800.0,10800.0,10800.0,10800.0,10800.0,10800.0,10800.0,10800.0,10800.0,10800.0,10800.0,10800.0,10800.0,10800.0,10800.0,10800.0,10800.0,10800.0,10800.0,10800.0,10800.0,10800.0,10352.396171124432,9852.867832666334,9852.867832666334,9280.705122284546,8696.980262163277,8126.258039941054,7523.002521422536,6866.499169570684,6211.417688089203,5625.703428829944,5037.79959549661,4393.538484385499,3754.165799200314,3149.6316880892027,2499.8187251262398,1856.2637066077211,1200.0000029040175,1200.0000029040175,1200.0000029040175,1200.0000029040175,1200.0000029040175,1200.0000029040175,1200.0000029040175,1200.0000029040175,1200.0000029040175,1200.0000029040175,1200.0000029040175,1200.0000029040175,1200.0000029040175,1200.0000029040175,1200.0000029040175,1200.0000029040175,1200.0000029040175,1200.0000029040175,1200.0000029040175,1200.0000029040175,1200.0000029040154
2025-05-17,2950.704925928442,2950.704925928442,2423.617814817331,1921.2011296321455,1921.2011296321455,2671.2011296321452,2671.2011296321452,2671.2011296321452,2671.2011296321452,2671.2011296321452,2671.2011296321452,2196.2251666691823,2196.2251666691823,2196.2251666691823,1689.7895925951084,1689.7895925951084,1689.7895925951084,1689.7895925951084,1689.7895925951084,1689.7895925951084,1225.119259261775,1200.0050458402904,1200.0050458402904,1200.0050458402904,1200.0050458402904,1200.0050458402904,1827.8080598241836,1827.8080598241836,1296.2691709352948,1296.2691709352948,2046.2691709352948,2046.2691709352948,1574.6030340059779,2324.603034005978,1968.8133488207927,1716.5865369103612,2357.448673962937,2232.537184205778,2166.2472733644595,2127.77252995798,2058.279141069091,2058.279141069091,2058.279141069091,2058.279141069091,2058.279141069091,2058.279141069091,2058.279141069091,2058.279141069091,2058.279141069091,2058.279141069091,2058.279141069091,2058.279141069091,2058.279141069091,2058.279141069091,2058.279141069091,2058.279141069091,2058.279141069091,2058.279141069091,2058.279141069091,2058.279141069091,2058.279141069091,2058.279141069091,2058.279141069091,2058.279141069091,2058.279141069091,2058.279141069091,2058.279141069091,2058.279141069091,2058.279141069091,2428.0251027359886,2842.5229677359885,3278.628015067846,10800.0,10800.0,10800.0,10800.0,10800.0,10800.0,10800.0,10800.0,10800.0,10800.0,10800.0,10800.0,10800.0,10800.0,10800.0,10800.0,10800.0,10800.0,10800.0,10800.0,10800.0,10800.0,10800.0,10800.0,10800.0,10800.0,10800.0,10800.0,10800.0,10800.0,10800.0,10800.0,10800.0,10800.0,10800.0,10365.488013844062,9872.986209888515,9294.756937516504,8687.163970319678,8069.6910249163575,7472.3891730645055,6922.346247138579,6922.346247138579,6277.733284175616,5624.9345989904305,5000.716617508949,4393.762913805245,3774.152395286727,3148.764765657097,2535.9832841756156,1941.7470989904302,1291.2632656570968,1201.027042666152,1201.027042666152,1201.027042666152,1201.027042666152,1201.027042666152,1201.027042666152,1201.027042666152,1201.027042666152,1951.027,2299.372611111111,2299.372611111111,2299.372611111111,2299.372611111111,2299.372611111111,2299.372611111111,2299.372611111111,1859.5694814814815,1859.5694814814815,1859.5694814814815,1200.0
2025-05-18,3773.452921599557,4523.452921599557,4523.452921599557,4523.452921599557,5273.452921599557,5273.452921599557,5273.452921599557,5273.452921599557,6023.452921599557,6023.452921599557,6023.452921599557,6023.452921599557,6023.452921599557,6773.452921599557,7523.452921599557,8273.452921599557,8550.0,8550.0,8550.0,8550.0,8550.0,8550.0,8550.0,8550.0,8550.0,8550.0,8550.0,8550.0,8550.0,8550.0,9300.0,9300.0,10050.0,10800.0,10800.0,10112.700397537319,9922.91285003983,9367.621725211513,8863.032297022246,8423.087978413467,8036.734830265319,7699.480314804221,7363.599556272967,7049.42609712612,6837.853960379146,6737.930154096849,6249.645376319071,5765.463826026457,5383.406105002703,5123.990323916786,4940.7106203270005,4816.965802493751,4710.186932123381,4683.034799124709,4709.923020090794,4765.270795622745,4827.4715644243715,4890.806193555967,4971.701583555968,5047.082913567739,5118.411135833749,5223.951066581891,5364.462392780253,5477.602022121478,5575.328897121478,5673.143412385217,5758.471045301865,5821.921657072181,5872.617337528909,5950.383966461171,6700.383966461171,7450.383966461171,8470.570026778827,8588.295817716327,9338.295817716327,10088.295817716327,10200.063997716328,10258.964801161006,10311.642090303134,10382.770791541736,10460.240248159324,10543.079684318898,10642.9269893189,10754.613630550633,10800.0,10800.0,10800.0,10800.0,10748.481537037038,10748.481537037038,10800.0,10800.0,10800.0,10800.0,10800.0,10800.0,10800.0,10800.0,10800.0,10800.0,10800.0,10800.0,10800.0,10800.0,10800.0,10800.0,10800.0,10800.0,10800.0,10800.0,9874.074074074075,8948.14814814815,8039.21851851852,8039.21851851852,8039.21851851852,8039.21851851852,7146.15414814815,6287.64264814815,5361.716722222224,4452.215851851854,3928.8371111111114,3002.9111851851853,2092.90562962963,1200.0,1200.0,1200.0,1200.0,1200.0,1200.0,1200.0,1200.0,1200.0,1200.0,1200.0,1200.0,1940.5945499999998,2689.3059828246305,1965.727038380186,1965.727038380186,1965.727038380186,1965.727038380186,1236.1942050468526,1228.538487703843,1228.5384877038427
2025-05-19,3554.0218766670823,4304.021876667082,4304.021876667082,4304.021876667082,4304.021876667082,4304.021876667082,4304.021876667082,4304.021876667082,5054.021876667082,5054.021876667082,5054.021876667082,5054.021876667082,5804.021876667082,6300.0,6300.0,6300.0,6300.0,6300.0,6300.0,6300.0,7050.0,7050.0,7050.0,7050.0,7800.0,7800.0,7800.0,7800.0,7800.0,7800.0,8550.0,9300.0,10050.0,10800.0,10800.0,10099.788625541742,10195.851123203987,9641.024781558324,9141.043249276407,8710.432855948804,8322.820874467323,7982.000258390392,7688.880745979856,7471.074233406342,7341.9384772313515,7106.600281061006,6714.4519292091545,6371.841125621056,6109.659699028243,5900.186059074271,5751.187029701415,5696.850064372487,5683.939638446562,5665.1515475619735,5662.949708077188,5662.949708077188,5662.949708077188,5662.949708077188,5662.949708077188,5662.949708077188,5662.949708077188,5662.949708077188,5662.949708077188,5662.949708077188,5728.151060302925,5969.161330218105,6250.610687421931,6565.796291715804,6840.693330149454,7166.140883345337,7571.436308345336,7996.930929887449,9750.407817037036,9750.407817037036,9750.407817037036,9750.407817037036,9750.407817037036,9750.407817037036,9974.398273557972,10001.885199376324,10169.862165049262,10323.452201760041,10451.318756760042,10543.441254241696,10621.623624557596,10655.633046881632,10678.937231201407,10725.77658380168,10787.39310380168,10800.0,10800.0,10800.0,10800.0,10753.888002495916,10722.533683899503,10722.533683899503,10704.69907770276,10674.964454747906,10664.170222264884,10659.298555693422,10661.388062006863,10662.911966238891,10666.223260913628,10666.223260913628,10666.223260913628,10666.223260913628,10666.223260913628,10666.223260913628,10666.223260913628,10666.223260913628,9778.037300122285,9267.198907407408,9267.198907407408,8357.626074074074,7449.154592592593,6529.367555555556,5616.537944444444,4750.11887037037,3923.7188703703705,3923.7188703703705,3006.097537037037,2114.9586481481483,2114.9586481481483,1200.0,1200.0,1200.0,1200.0,1200.0,1200.0,1200.0,1200.0,1200.0,1200.0,1200.0,1200.0,1943.4136782234614,1943.4136782234614,1265.911918964202,1265.911918964202,1265.911918964202,1265.911918964202,1265.911918964202,1225.1353954593494,1225.1353954593496
2025-05-20,3080.8371113339704,3830.8371113339704,4580.837111333971,5330.837111333971,5330.837111333971,5330.837111333971,5330.837111333971,5330.837111333971,5330.837111333971,6080.837111333971,6080.837111333971,5485.832762251009,5485.832762251009,5485.832762251009,5485.832762251009,4800.000299288045,4800.000299288045,5550.000299288045,6300.000299288045,7050.000299288045,7050.000299288045,7050.000299288045,7050.000299288045,7800.000299288045,8550.000299288045,9300.0,9300.0,9300.0,9300.0,9300.0,9300.0,9300.0,10050.0,10800.0,10800.0,10103.188484661821,10202.72749988721,9631.94173833893,9132.963969711524,8726.720564642814,8357.26623130948,8000.585188591597,7681.98791045014,7462.235962302427,7347.833184364994,7160.507718429153,6838.969181392116,6505.434396576,6207.4596228175005,5964.161276539767,5781.2253293820895,5685.298177009738,5627.450436268997,5601.537597658175,5605.404027757195,5655.696932424853,5725.291744971635,5791.666855320657,5891.743990320658,5981.186001551968,6064.04454231711,6164.464305682983,6262.989763583748,6404.985077409938,6589.755677409938,6876.273434382566,7012.471255649069,7167.1630415097625,7287.8470969995315,7402.246449459739,7521.541434459738,7700.454743053595,8838.113940495734,9356.704715691187,10012.130277751108,10654.263951287086,10757.990031287087,10784.909519213956,10787.166878609847,10799.99100396413,10800.0,10800.0,10800.0,10764.460615177863,10702.33640485019,10598.270083665233,10503.072407329908,10426.119105675534,10322.338679749608,10322.338679749608,10692.026567602392,10666.804759928504,10604.220177357542,10579.348969157938,10568.60593566376,10568.60593566376,10568.60593566376,10568.60593566376,10568.60593566376,10568.60593566376,10574.823842958518,10579.422373313353,10587.528648504664,10587.528648504664,10587.528648504664,10587.528648504664,10587.528648504664,10587.528648504664,10587.528648504664,10587.528648504664,9736.24021300328,8873.599947061755,8873.599947061755,8873.599947061755,7977.295558172866,7065.458521135829,6568.798222222222,6568.798222222222,5661.574148148148,4774.839888888889,3868.4586296296297,2959.2993703703705,2079.4601666666667,1200.0,1200.0,1200.0,1200.0,1200.0,1200.0,1200.0,1200.0,1200.0,1941.4533046668816,1941.4533046668816,1902.5049528150298,1902.5049528150298,1902.5049528150298,1902.5049528150298,1214.4700268891038,1214.4700268891038,1214.4700268891038,1214.4700268891038,1214.4700268891038,1214.4700268891038
2025-05-21,2212.182581494016,2212.182581494016,2212.182581494016,2212.182581494016,2212.182581494016,2212.182581494016,2212.182581494016,2212.182581494016,2212.182581494016,2962.182581494016,3712.182581494016,3712.182581494016,3712.182581494016,3712.182581494016,4462.182581494017,5212.182581494017,5773.380196388023,5773.380196388023,5773.380196388023,5076.089455647282,5076.089455647282,5076.089455647282,5076.089455647282,5076.089455647282,5076.089455647282,5076.089455647282,5826.089455647282,6576.089455647282,6576.089455647282,6576.089455647282,5906.1785325338715,5906.1785325338715,6656.1785325338715,7406.1785325338715,7406.1785325338715,6753.664149887176,7628.700051567273,7095.071876494128,6612.484058544221,6216.154067564286,5893.5286231198415,5662.9482436244725,5472.023653809317,5319.5843182749295,5241.25659040733,5069.246010463206,4741.102010463206,4414.611049695117,4141.927560915101,3928.645414826281,3733.3841948616086,3590.126224469662,3468.755520765958,3342.27163283121,3233.844948755776,3176.182839562099,3140.484344661764,3114.4534442284967,3108.255536821089,3108.255536821089,3108.255536821089,3112.520115199784,3151.2864800414286,3243.909389758817,3369.9877347588167,3501.079360951678,3667.4123798556475,3846.174201942875,4052.751600078853,4802.751600078853,5552.751600078853,6302.751600078853,7440.459719207827,7840.878423895328,8193.155074909006,8577.083998601323,8936.539243601323,9231.514578837376,9498.683412711904,9771.570237486587,10035.200054386583,10275.74722519891,10480.79421019891,10661.185431139911,10782.806380041759,10800.0,10800.0,10722.127976023445,10532.980735282705,10768.740231473119,10800.0,10800.0,10800.0,10800.0,10800.0,10743.088290627935,10738.119792936792,10687.100821065782,10653.417087828651,10604.906075468893,10604.906075468893,10593.12534359123,10593.12534359123,10593.12534359123,10593.12534359123,10593.12534359123,10593.12534359123,10590.280450321672,10589.009520274305,10589.009520274305,9700.232485109618,8796.3998957058,7902.859154965058,7514.2914829822475,6627.93507557484,6627.93507557484,6627.93507557484,6627.93507557484,5713.931371871136,4815.006260760025,3908.551760760025,3005.499908908173,2106.0022792785435,1200.0000015007658,1200.0000015007658,1200.0000015007658,1200.0000015007658,1200.0000015007658,1200.0000015007658,1200.0000015007658,1200.0000015007658,1200.0000015007658,1200.0000015007658,1200.0000015007658,1200.0000015007658,1200.0000015007658,1200.0000015007658,1200.0000015007658,1200.0000015007658,1200.0000015007658,1200.0000015007658,1200.0000015007658,1200.0000015007658,1200.0000015007633
2025-05-22,3229.7860033875604,3229.7860033875604,3229.7860033875604,3229.7860033875604,3979.7860033875604,3979.7860033875604,3979.7860033875604,3979.7860033875604,3979.7860033875604,4729.78600338756,5479.78600338756,5479.78600338756,5479.78600338756,6229.78600338756,6979.78600338756,7729.78600338756,8479.78600338756,9229.78600338756,9229.78600338756,9229.78600338756,9229.78600338756,9229.78600338756,9229.78600338756,9229.78600338756,8556.992907290409,7839.150314697816,7839.150314697816,7839.150314697816,7839.150314697816,7839.150314697816,8589.150314697816,9339.150314697816,9630.133870832024,10380.133870832024,9640.446259720913,8945.62557791401,9521.074267789996,8985.272513349471,8513.211906531733,8102.419541842875,7719.434801102135,7400.373627235025,7142.078100038141,6953.885056709635,6849.376439093467,6679.45431871991,6378.904670571762,6117.369743114194,5917.808088563252,5749.503414870439,5561.9704697806,5440.816340975919,5394.283729864807,5364.420682847903,5341.028526586409,5341.028526586409,5341.028526586409,5341.028526586409,5341.028526586409,5341.028526586409,5341.028526586409,5341.028526586409,5341.028526586409,5341.028526586409,5341.028526586409,5528.504283269521,5791.419955390959,6055.933181717929,6302.882280599917,6584.374978583872,6892.020433583872,7247.423313356442,8630.956280356779,8933.296756186755,9028.126570452476,9306.451734554494,9570.644709554494,9723.79658087762,9866.591392668333,10047.704829383127,10220.555735000278,10395.449040265605,10582.998165265604,10717.18243205408,10788.396117135044,10800.0,10800.0,10793.155364488981,10728.136549674166,10799.999995513559,10800.0,10799.554147099374,10799.554147099374,10799.99999430247,10799.99999430247,10799.99999430247,10799.99999430247,10799.99999430247,10799.99999430247,10799.99999430247,10799.99999430247,10799.99999430247,10799.99999430247,10799.99999430247,10799.99999430247,10799.99999430247,10799.99999430247,10799.99999430247,10799.99999430247,10799.99999430247,10799.99999430247,9893.569722737078,8967.643796811153,8086.501685700042,7223.12170421856,6365.606889403745,6365.606889403745,5479.596907922264,4633.261722737079,4633.261722737079,3843.1773333333335,2954.8477037037037,2106.790037037037,1221.753074074074,1221.753074074074,1221.753074074074,1221.753074074074,1221.753074074074,1221.753074074074,1221.753074074074,1221.753074074074,1221.753074074074,1221.753074074074,1221.753074074074,1221.753074074074,1221.753074074074,1221.753074074074,1221.753074074074,1221.753074074074,1829.2510555555555,1829.2510555555555,1200.0,1200.0,1200.0
2025-05-23,2576.7477928280327,2576.7477928280327,2576.7477928280327,2576.7477928280327,2576.7477928280327,2576.7477928280327,2459.1997592592593,2459.1997592592593,2459.1997592592593,2459.1997592592593,2459.1997592592593,2459.1997592592593,2459.1997592592593,2459.1997592592593,2459.1997592592593,1961.706925925926,1961.706925925926,1961.706925925926,1961.706925925926,1961.706925925926,2711.706925925926,2711.706925925926,2172.5069259259258,1680.242148148148,1200.0,1200.0,1200.0,1200.0,1200.0,1200.0,1200.0,1200.0,1634.4345859604023,2384.4345859604023,2033.4179192937358,1766.099549919321,2499.700499673775,2416.093124706815,2370.3139433959886,2331.969261318614,2274.0204279852805,2229.1717335163244,2229.1717335163244,2229.1717335163244,2229.1717335163244,2229.1717335163244,2229.1717335163244,2229.1717335163244,2229.1717335163244,2229.1717335163244,2229.1717335163244,2229.1717335163244,2229.1717335163244,2229.1717335163244,2229.1717335163244,2229.1717335163244,2229.1717335163244,2229.1717335163244,2229.1717335163244,2229.1717335163244,2229.1717335163244,2229.1717335163244,2229.1717335163244,2229.1717335163244,2229.1717335163244,2229.1717335163244,2229.1717335163244,2229.1717335163244,2229.1717335163244,2229.1717335163244,2555.7579783103984,2555.7579783103984,10800.0,10800.0,10800.0,10800.0,10800.0,10800.0,10800.0,10800.0,10800.0,10800.0,10800.0,10800.0,10800.0,10800.0,10800.0,10800.0,10800.0,10800.0,10800.0,10800.0,10800.0,10800.0,10800.0,10800.0,10800.0,10800.0,10800.0,10727.4171584854,10670.110637213766,10642.918655998708,10606.91864664716,10597.414673245981,10590.59994040663,10581.404001706756,10567.660162417074,10562.481153670862,10029.18710557062,9475.94923347147,8883.63350509378,8280.564795953844,7711.172203361251,7162.742888546437,6568.5918515094,5943.495555213103,5341.3890737316215,4784.307907064955,4256.828277435325,3749.9253518518517,3083.463574074074,2398.902462962963,1781.7068148148148,1200.0,1200.0,1200.0,1200.0,1200.0,1200.0,1200.0,1200.0,1200.0,1948.499862644155,1948.499862644155,1948.499862644155,1948.499862644155,1948.499862644155,1393.1509922737846,1393.1509922737846,1393.1509922737846,1226.21730323884,1226.21730323884,1226.21730323884,1226.21730323884
2025-05-24,2516.0058872310146,2516.0058872310146,2789.4151093986984,3539.4151093986984,4289.415109398698,4289.415109398698,4289.415109398698,4289.415109398698,4289.415109398698,4289.415109398698,3807.3262205098094,3298.471442732032,2784.0240908801798,2278.6722390283276,2278.6722390283276,2278.6722390283276,2278.6722390283276,2278.6722390283276,2278.6722390283276,2278.6722390283276,2278.6722390283276,1732.2319056949943,1732.2319056949943,1732.2319056949943,1200.0,1200.0,1200.0,1200.0,1200.0,1200.0,1200.0,1200.0,1341.176993599106,2091.176993599106,1778.6672898954023,1575.875820042436,2368.207579141097,2236.9739723963894,2177.388896163027,2166.1738360270087,2143.9122619529344,2143.9122619529344,2143.9122619529344,2143.9122619529344,2143.9122619529344,2143.9122619529344,2143.9122619529344,2143.9122619529344,2143.9122619529344,2143.9122619529344,2143.9122619529344,2143.9122619529344,2143.9122619529344,2143.9122619529344,2143.9122619529344,2143.9122619529344,2143.9122619529344,2143.9122619529344,2143.9122619529344,2143.9122619529344,2143.9122619529344,2143.9122619529344,2143.9122619529344,2143.9122619529344,2143.9122619529344,2143.9122619529344,2143.9122619529344,2143.9122619529344,2143.9122619529344,2143.9122619529344,2143.9122619529344,2143.9122619529344,10800.0,10800.0,10800.0,10800.0,10800.0,10800.0,10800.0,10800.0,10800.0,10800.0,10800.0,10800.0,10800.0,10800.0,10800.0,10800.0,10800.0,10800.0,10800.0,10800.0,10800.0,10800.0,10800.0,10800.0,10800.0,10800.0,10800.0,10800.0,10800.0,10800.0,10800.0,10800.0,10800.0,10800.0,10800.0,10800.0,10275.76147985935,9688.935224703477,9044.464885466537,8419.472615040479,7879.791133558997,7352.249948373812,6757.295985410849,6073.427466892331,5376.97446689233,4724.290689114553,4124.116615040479,3821.958845886061,3157.155882923098,2461.833660700876,1825.0734384786538,1200.0000125527276,1200.0000125527276,1200.0000125527276,1200.0000125527276,1200.0000125527276,1200.0000125527276,1200.0000125527276,1200.0000125527276,1200.0000125527276,1947.0208925527277,2687.569392552728,3413.2346675527283,4147.630317552728,4882.534317552729,5627.867397552729,6367.825857552729,7084.638357552729,7819.1798825527285,8557.991412552728,8557.991412552728,8557.99141255273
2025-05-25,9972.694065638008,9972.694065638008,9972.694065638008,9972.694065638008,9972.694065638008,9972.694065638008,9972.694065638008,9972.694065638008,9972.694065638008,9972.694065638008,9972.694065638008,9972.694065638008,9972.694065638008,9972.694065638008,9972.694065638008,9972.694065638008,9972.694065638008,9972.694065638008,9942.189018518518,9252.051981481482,9252.051981481482,10002.051981481482,10752.051981481482,10752.051981481482,10752.051981481482,10752.051981481482,10050.0,10050.0,10050.0,10050.0,10050.0,10050.0,10050.0,10800.0,10800.0,10156.077858734732,10219.250430958022,9661.2890890179,9148.326884676595,8682.28975484629,8248.832051142586,7923.674287523025,7681.451043478937,7501.621425336711,7422.832104188705,7242.630745917154,6947.286208880117,6691.535109120546,6492.007445364069,6292.3763692199755,6101.85705706607,5981.864230810248,5906.505193773211,5842.269504587906,5801.502102697073,5801.502102697073,5801.502102697073,5836.571856986388,5943.881871986388,6061.398083287213,6168.45152772194,6286.2287966133545,6413.855655135599,6579.741305338133,6744.698645338133,6906.70790097993,7091.058433973849,7354.119686594339,7587.009761269338,8337.009761269339,8676.88991626934,8957.303411606568,10696.585071060423,10696.585071060423,10696.585071060423,10696.585071060423,10696.585071060423,10696.585071060423,10696.585071060423,10696.585071060423,10696.585071060423,10696.585071060423,10696.585071060423,10696.585071060423,10696.585071060423,10696.585071060423,10696.585071060423,10696.585071060423,10736.00511030069,10800.0,10800.0,10790.805920624962,10800.0,10800.0,10746.43993681003,10746.43993681003,10746.43993681003,10721.060703115176,10696.444900332248,10677.375120185303,10670.943400912303,10670.943400912303,10658.49934714025,10650.284553899983,10650.284553899983,10649.865058718311,10635.121968134983,10629.951888888887,10629.951888888887,10629.951888888887,10629.951888888887,10629.951888888887,10629.951888888887,9733.047666666665,8822.120907407407,8302.07625925926,7429.49188888889,6521.435814814816,5612.008037037038,4782.281944444445,3891.1967962962963,2988.576425925926,2089.889888888889,1200.0,1200.0,1200.0,1200.0,1200.0,1200.0,1200.0,1200.0,1200.0,1879.064238362921,1879.064238362921,1209.059034475605,1209.059034475605,1209.059034475605,1209.059034475605,1209.059034475605,1209.059034475605,1209.059034475605,1209.059034475605,1209.059034475605,1209.059034475605
2025-05-26,2388.756990557132,2388.756990557132,2388.756990557132,2388.756990557132,2388.756990557132,2388.756990557132,2388.756990557132,1823.532393520115,1823.532393520115,1823.532393520115,2573.532393520115,3323.532393520115,3323.532393520115,3323.532393520115,3323.532393520115,3323.532393520115,3323.532393520115,3323.532393520115,3323.532393520115,3323.532393520115,3323.532393520115,3323.532393520115,3323.532393520115,3323.532393520115,3323.532393520115,4073.532393520115,4823.532393520115,5573.532393520115,5573.532393520115,5573.532393520115,5573.532393520115,6323.532393520115,7073.532393520115,7823.532393520115,7168.117541668263,6519.615355310009,7264.221037417472,6671.233227378905,6162.887782828205,5709.037593745282,5266.228723374911,4878.919723705988,4546.558655683332,4297.766045886147,4155.40113281988,3926.8843197917467,3492.1525605324878,3060.7945567092593,2718.684764012822,2439.9774770555705,2192.8574263055407,1956.887581632127,1751.2393223728677,1582.8684092828448,1459.3896300105366,1447.2101486987176,1442.3251374084105,1442.3251374084105,1442.3251374084105,1439.371740177494,1439.371740177494,1439.371740177494,1398.1822346842705,1374.9820170326389,1377.068247032639,2127.068247032639,2877.068247032639,2935.7946718658677,3200.1266633202285,3950.1266633202285,4700.1266633202285,5450.1266633202285,6283.246761182005,7033.246761182005,7783.246761182005,8533.246761182005,9283.246761182005,9407.876524436113,9505.167206968234,9593.447850469493,9706.364353095021,9851.554354466425,9973.800079466426,10084.183875911867,10145.152377801265,10154.263836318556,10154.263836318556,10151.31501145307,10043.166963804031,10043.166963804031,10800.0,10799.236887547835,10799.236887547835,10799.999995622602,10799.999995622602,10799.999995622602,10799.999995622602,10799.999995622602,10799.999995622602,10799.999995622602,10799.999995622602,10799.999995622602,10799.999995622602,10799.999995622602,10799.999995622602,10799.999995622602,10799.999995622602,10799.999995622602,10799.999995622602,10799.999995622602,10799.999995622602,10799.999995622602,9896.23703265964,8970.311106733714,8054.780254881862,7163.235810437417,6621.405388888889,5723.628851851852,4871.752925925926,4871.752925925926,3945.827,3019.901074074074,2093.975148148148,1200.0,1200.0,1200.0,1200.0,1200.0,1200.0,1200.0,1200.0,1200.0,1200.0,1200.0,1200.0,1200.0,1200.0,1934.17308,1934.17308,1230.236042962963,1230.236042962963,1230.236042962963,1230.236042962963,1204.6573392592595
2025-05-27,2578.265630555555,2578.265630555555,2578.265630555555,2578.265630555555,3328.265630555555,3328.265630555555,3328.265630555555,3328.265630555555,3328.265630555555,4078.265630555555,4828.265630555556,5578.265630555556,6328.265630555556,7078.265630555556,7372.350023424778,7372.350023424778,7372.350023424778,7372.350023424778,8122.350023424778,8122.350023424778,8122.350023424778,8122.350023424778,8122.350023424778,8122.350023424778,8122.350023424778,8122.350023424778,8122.350023424778,8122.350023424778,8122.350023424778,8122.350023424778,8122.350023424778,8122.350023424778,8872.350023424777,9622.350023424777,8955.525527594622,8332.235934533432,8760.114493235913,8288.576669843897,7846.623143189385,7453.843143796296,7140.235736388889,6910.698931069766,6705.828229207396,6526.349978568309,6434.866050176856,6299.683941976633,5982.930701235892,5661.754779900076,5420.3345779068395,5269.286141253646,5168.647161306392,5104.00052503049,5104.00052503049,5118.415763788367,5146.939752014936,5177.874653182422,5260.508552732449,5369.078449982742,5448.767479982743,5541.629614154193,5668.656813804692,5790.67401584962,5915.9005912999955,6053.992383605945,6215.378943605945,6362.888708665599,6598.747145030855,6835.467026908635,7061.655278058186,7358.19079440345,8108.19079440345,8858.19079440345,8841.498323300244,9172.933067138398,9452.82685722983,9672.469833563824,9876.055413563823,9990.373323942045,10064.033439983607,10162.556324160329,10280.958261877617,10397.688296122942,10440.903626122943,10460.89492080223,10482.294172136566,10489.228047010578,10489.228047010578,10499.59857319645,10505.47492819645,10476.85888860208,10748.453275669553,10724.132520618237,10732.123196811863,10744.5534389831,10744.5534389831,10771.953590777273,10799.9999939802,10799.9999939802,10799.9999939802,10799.9999939802,10799.9999939802,10799.9999939802,10795.275229667614,10795.275229667614,10795.275229667614,10795.275229667614,10795.275229667614,10795.275229667614,10795.275229667614,10795.275229667614,10795.275229667614,10795.275229667614,9869.349303741688,8964.814711149096,8053.205544482429,7127.279618556503,6672.5507962962965,6672.5507962962965,5777.085981481482,4851.160055555556,3925.23412962963,3017.635981481482,2125.925925925926,1200.0,1200.0,1200.0,1200.0,1200.0,1200.0,1200.0,1200.0,1200.0,1200.0,1200.0,1200.0,1200.0,1200.0,1200.0,1200.0,1200.0,1200.0,1200.0,1200.0,1200.0
2025-05-28,2304.3968373694233,2304.3968373694233,3054.3968373694233,3054.3968373694233,3804.3968373694233,4554.396837369423,5304.396837369423,5304.396837369423,5304.396837369423,6054.396837369423,6804.396837369423,6804.396837369423,6804.396837369423,6804.396837369423,6804.396837369423,6804.396837369423,6804.396837369423,6804.396837369423,6804.396837369423,6804.396837369423,7050.0,7050.0,7050.0,7050.0,7050.0,7050.0,7050.0,7050.0,7050.0,7800.0,8550.0,9300.0,10050.0,10800.0,10800.0,10096.716763716833,10177.181551722619,9605.09517971173,9054.120357108266,8553.033147519911,8138.383610482874,7770.184262330921,7428.196816601953,7150.746456596847,6923.562452748179,6594.783081728567,6138.745952098937,5709.51330671599,5329.278757966045,5017.1844203827295,4771.7691080098975,4610.031785236896,4487.5025074591185,4383.879836974582,4289.572112148293,4252.957531168106,4217.646833470586,4188.8276550096,4181.094951305896,4154.964148710942,4146.457189522038,4146.457189522038,4146.457189522038,4175.188748631736,4268.745923631736,4359.631266133947,4428.471198158491,4514.578867261029,4573.502398010031,4692.902463829137,4969.763992518836,5719.763992518836,6899.656032088988,7188.386405056448,7496.45342244928,8246.45342244928,8568.82098744928,8836.011898890567,9085.865407786036,9356.416736652218,9621.195086029587,9873.75671672049,10086.26557172049,10266.5860463049,10418.532016411766,10539.295539164008,10639.22929130532,10736.816499447916,10788.072159447916,10800.0,10800.0,10800.0,10800.0,10800.0,10800.0,10800.0,10800.0,10800.0,10800.0,10800.0,10746.39606643132,10702.939131078918,10654.842736711422,10624.384867466519,10624.384867466519,10624.384867466519,10624.384867466519,10624.384867466519,9827.559660331124,9323.29874389661,8434.155439574915,7566.530888888889,7566.530888888889,7566.530888888889,7566.530888888889,6647.216074074075,5733.186611111111,4814.682314814815,3912.4878703703707,3019.669481481482,3019.669481481482,3019.669481481482,2102.896314814815,1200.0,1200.0,1200.0,1200.0,1200.0,1200.0,1200.0,1200.0,1200.0,1944.410555777523,1944.410555777523,1944.410555777523,1231.417481703449,1231.417481703449,1231.417481703449,1231.417481703449,1220.8264370523766,1220.8264370523766,1220.8264370523766,1220.8264370523766,1220.8264370523766
2025-05-29,3687.372034294061,4437.372034294061,5187.372034294061,5187.372034294061,5187.372034294061,5187.372034294061,5187.372034294061,5187.372034294061,5187.372034294061,5937.372034294061,6687.372034294061,6687.372034294061,6687.372034294061,6687.372034294061,6687.372034294061,6687.372034294061,7437.372034294061,7437.372034294061,7437.372034294061,7437.372034294061,7800.0,8550.0,8550.0,8550.0,8550.0,8550.0,8550.0,8550.0,8550.0,9300.0,10050.0,10050.0,10050.0,10800.0,10800.0,10147.253820844144,10211.486722389958,9684.717752133593,9179.36015492677,8680.42586916263,8219.53798027374,7861.019896815015,7529.119372239102,7198.1628648674605,6911.038642175754,6911.038642175754,6354.974401435013,5803.403452014024,5338.108488425817,5000.156156400978,4750.028708751844,4511.552967999167,4293.050912443611,4184.691367377845,4115.834987515563,4070.1475254976194,4054.742050332078,4054.742050332078,4054.742050332078,4054.742050332078,4054.742050332078,4054.742050332078,4027.993581190021,4020.309127143382,4020.309127143382,4770.309127143382,4770.309127143382,4781.670208994301,5531.670208994301,6246.697896482989,6917.280471482989,7667.280471482989,8552.714516031076,8824.407608535614,8824.407608535614,9138.455283368969,9464.076888368969,9773.675814233093,10008.599986875712,10208.796867126672,10407.950820683107,10582.137050596988,10670.662385596988,10714.447472341657,10749.300495958101,10768.523108919015,10784.273098785809,10800.0,10800.0,10796.855228483015,10742.425487303874,10735.311130649327,10735.311130649327,10739.656090619315,10742.989728043502,10744.941186447906,10769.928532074358,10769.928532074358,10769.928532074358,10783.75072993772,10792.251717982135,10792.251717982135,10792.251717982135,10792.251717982135,10792.251717982135,10799.999982170595,10799.999982170595,10799.999982170595,9951.321893986587,9951.321893986587,9951.321893986587,9102.808269945086,8211.117529204344,7330.274399574715,6430.559399574715,5521.65384401916,4638.068195871012,3747.2236773524933,3747.2236773524933,2993.24587037037,2993.24587037037,2993.24587037037,2085.939907407407,1200.0,1200.0,1200.0,1200.0,1200.0,1200.0,1200.0,1200.0,1200.0,1200.0,1200.0,1200.0,1200.0,1200.0,1200.0,1200.0,1200.0,1200.0,1200.0,1200.0,1200.0
2025-05-30,2185.278851588901,2185.278851588901,2185.278851588901,2185.278851588901,2185.278851588901,2185.278851588901,1673.932703440753,1673.932703440753,2423.932703440753,2423.932703440753,2423.932703440753,2423.932703440753,2423.932703440753,1880.8752960333454,1369.0755738111231,1369.0755738111231,1369.0755738111231,1369.0755738111231,2119.075387451617,2119.075387451617,2119.075387451617,2119.075387451617,2119.075387451617,1609.2629985627282,1200.0,1200.0,1200.0,1200.0,1200.0,1200.0,1693.6998386542596,1693.6998386542596,1693.6998386542596,2443.6998386542596,2146.034171987593,1892.5282401029074,2925.8632577718545,2765.687119401584,2687.5005048524217,2609.8290517106507,2496.0852554143544,2439.015859916573,2439.015859916573,2439.015859916573,2439.015859916573,2439.015859916573,2439.015859916573,2439.015859916573,2439.015859916573,2439.015859916573,2439.015859916573,2439.015859916573,2439.015859916573,2439.015859916573,2439.015859916573,2439.015859916573,2439.015859916573,2439.015859916573,2439.015859916573,2439.015859916573,2439.015859916573,2439.015859916573,2439.015859916573,2439.015859916573,2439.015859916573,2439.015859916573,2439.015859916573,2439.015859916573,2439.015859916573,2439.015859916573,2439.015859916573,2439.015859916573,10800.0,10800.0,10800.0,10800.0,10800.0,10800.0,10800.0,10800.0,10800.0,10800.0,10800.0,10800.0,10800.0,10800.0,10800.0,10800.0,10800.0,10800.0,10800.0,10800.0,10800.0,10800.0,10800.0,10800.0,10800.0,10800.0,10800.0,10791.668229897869,10791.668229897869,10787.384672210388,10764.31284552224,10764.31284552224,10764.31284552224,10764.31284552224,10764.31284552224,10764.31284552224,10281.52587458289,9780.162397025973,9151.08984399844,8541.857743873377,7961.346632762266,7338.359169799303,6695.061743873377,6108.272854984488,5520.436169799303,4911.124466095599,4310.518910540043,3724.0120031326355,3126.012299428932,2477.2567438733763,1838.2381512807838,1200.0000031326358,1200.0000031326358,1200.0000031326358,1200.0000031326358,1200.0000031326358,1200.0000031326358,1200.0000031326358,1200.0000031326358,1938.7743481326356,1938.7743481326356,1938.7743481326356,2301.072925925926,1749.3425925925926,1200.0,1200.0,1200.0,1200.0,1200.0,1200.0,1200.0,1200.0
2025-05-31,2556.6300971749374,2556.6300971749374,2556.6300971749374,2556.6300971749374,2556.6300971749374,2556.6300971749374,2556.6300971749374,2556.6300971749374,2061.5850231008635,2061.5850231008635,2061.5850231008635,1550.1745231008636,1550.1745231008636,1550.1745231008636,1550.1745231008636,1550.1745231008636,1391.2428516199125,1391.2428516199125,1391.2428516199125,1391.2428516199125,1391.2428516199125,1391.2428516199125,1391.2428516199125,1391.2428516199125,1391.2428516199125,1391.2428516199125,2141.2428516199125,2141.2428516199125,2141.2428516199125,2141.2428516199125,2141.2428516199125,2141.2428516199125,2141.2428516199125,2891.2428516199125,2891.2428516199125,2604.4330375976206,3393.3615475975835,3264.7012426612237,3161.6042774397692,3041.323313597926,2926.0399247090368,2887.7119573712052,2887.7119573712052,2887.7119573712052,2887.7119573712052,2887.7119573712052,2887.7119573712052,2887.7119573712052,2887.7119573712052,2887.7119573712052,2887.7119573712052,2887.7119573712052,2887.7119573712052,2887.7119573712052,2887.7119573712052,2887.7119573712052,2887.7119573712052,2887.7119573712052,2887.7119573712052,2887.7119573712052,2887.7119573712052,2887.7119573712052,2887.7119573712052,2887.7119573712052,2887.7119573712052,2887.7119573712052,2887.7119573712052,2887.7119573712052,2887.7119573712052,2887.7119573712052,2887.7119573712052,3344.5956284870435,10800.0,10800.0,10800.0,10800.0,10800.0,10800.0,10800.0,10800.0,10800.0,10800.0,10800.0,10800.0,10800.0,10800.0,10800.0,10800.0,10800.0,10800.0,10800.0,10800.0,10800.0,10800.0,10800.0,10800.0,10800.0,10800.0,10800.0,10800.0,10800.0,10800.0,10800.0,10800.0,10800.0,10800.0,10800.0,10389.082359978702,9943.121534563481,9717.926714684114,9121.288391088065,8533.917513311313,7960.9545503483505,7360.688624422424,6712.471902200202,6080.134865163165,5469.653476274276,4863.2883466446465,4281.877235533536,3689.308587385388,3079.229346644647,2442.366383681684,1823.0235873853876,1200.0000133113135,1200.0000133113135,1200.0000133113135,1200.0000133113135,1200.0000133113135,1200.0000133113135,1200.0000133113135,1200.0000133113135,1941.2948083113133,2685.5579233113135,2685.5579233113135,3427.595263311314,3427.595263311314,3427.595263311314,4154.284173978828,4892.413653978829,5624.373153978829,6354.384018978829,7091.399448978829,7817.858448978829,7817.858448978828
2025-06-01,8921.501257198963,8921.501257198963,8921.501257198963,9671.501257198963,9671.501257198963,9671.501257198963,9671.501257198963,8977.393849791555,8306.974479421184,8306.974479421184,8306.974479421184,8306.974479421184,8306.974479421184,9056.974479421184,9806.974479421184,9806.974479421184,9806.974479421184,9806.974479421184,9806.974479421184,10556.974479421184,10556.974479421184,10556.974479421184,10556.974479421184,10556.974479421184,10556.974479421184,10556.974479421184,10556.974479421184,10556.974479421184,9850.654109050813,9300.000629325206,10050.0,10800.0,10800.0,10800.0,10800.0,10112.559400109669,10074.228608918458,9564.080945736187,9050.024015227067,8557.849212617151,8151.8419163208555,7791.6701429252225,7464.725070284737,7439.229008860724,7403.362597720384,7992.370996061929,7525.60460717304,7060.286229128852,6642.999022451675,6260.596255318593,5927.738004125052,5564.62742520611,5213.963517798703,4946.530146679798,4707.650447073927,4470.493666667138,4278.760065475336,4098.441349026741,3894.1854416193332,3674.1015767359313,3445.594507462955,3230.802201907399,2992.772746227709,2769.1168888888888,2550.0,3300.0,4050.0,4800.0,5550.0,6300.0,7050.0,7800.0,8464.984441410972,9214.984441410972,9964.984441410972,10714.984441410972,10714.984441410972,10667.346940541658,10586.842118205093,10460.14469263539,10437.580200179971,10415.588313620243,10387.023943249873,10387.023943249873,10387.023943249873,10377.32372750074,10377.32372750074,10377.32372750074,10281.686043706379,10800.0,10800.0,10800.0,10800.0,10800.0,10800.0,10800.0,10800.0,10800.0,10800.0,10800.0,10800.0,10800.0,10800.0,10800.0,10800.0,10800.0,10800.0,10800.0,10800.0,10800.0,10800.0,9909.86775547464,9013.412199919083,8153.498014733897,8153.498014733897,8153.498014733897,8153.498014733897,7573.078388888889,6673.702462962963,5763.394851851852,4856.64862962963,3960.072703703704,3051.851851851852,2125.925925925926,1200.0,1200.0,1200.0,1200.0,1200.0,1200.0,1200.0,1926.582045,2668.4752129066874,2629.0763610548356,1919.8105462400208,1206.3785092029839,1206.3785092029839,1206.3785092029839,1206.3785092029839,1206.3785092029839,1206.3785092029839,1206.3785092029839,1206.3785092029839,1206.378509202984
2025-06-02,1950.0,1950.0,1950.0,2700.0,3450.0,3450.0,4200.0,4950.0,4950.0,4950.0,4950.0,4950.0,4950.0,5700.0,5700.0,6450.0,7200.0,7200.0,7950.0,7950.0,7950.0,7950.0,7950.0,7950.0,7950.0,8550.0,8550.0,8550.0,8550.0,9300.0,9300.0,9300.0,10050.0,10800.0,10800.0,10078.548128949818,9302.621145814164,8774.288491803387,8281.864907577617,7782.362416221429,7312.936231036244,6873.5158940529855,6452.704936006781,6046.645396627897,5715.526275460678,5715.526275460678,5167.612775460678,4606.468339953661,4084.8443833749343,3629.482286415975,3303.6785156577876,3011.7264409069526,2741.5700890551007,2555.0022879263306,2457.646290091181,2457.646290091181,2457.646290091181,2505.9904685112524,2619.6656735112524,2757.598633542054,2933.8680666227515,3139.4910314943654,3362.532447335992,3638.79211438782,3944.1480143878202,4239.025980658104,4530.610567569208,4816.145473341309,5566.145473341309,6316.145473341309,7026.736784455727,7776.736784455727,6980.83189915734,7730.83189915734,8480.83189915734,9230.83189915734,9980.83189915734,9980.038674214386,9979.789206351319,9886.329798441999,9846.749195334236,9766.943446221017,9647.229094369166,9552.046269197292,9442.175632478391,9309.940517272422,9168.553087648388,8999.21190517651,8999.21190517651,9749.21190517651,10799.999995869872,10799.999995869872,10799.999995869872,10799.999995869872,10799.999995869872,10799.999995869872,10799.999995869872,10799.999995869872,10799.999995869872,10799.999995869872,10799.999995869872,10799.999995869872,10799.999995869872,10799.999995869872,10799.999995869872,10799.999995869872,10799.999995869872,10799.999995869872,10799.999995869872,10799.999995869872,10799.999995869872,10799.999995869872,9874.074069943947,8948.148144018021,8056.421884758762,7192.999662536539,6304.446606980984,5423.510403277281,4572.878921795799,4058.5689773513527,3138.0006069809824,2222.319125499501,2151.377444444445,1243.1000740740742,1243.1000740740742,1243.1000740740742,1243.1000740740742,1243.1000740740742,1243.1000740740742,1243.1000740740742,1243.1000740740742,1243.1000740740742,1243.1000740740742,1243.1000740740742,1243.1000740740742,1243.1000740740742,1243.1000740740742,1243.1000740740742,1872.2149629629625,2579.6959629629628,2579.6959629629628,2579.6959629629628,1906.2496666666666,1200.0
2025-06-03,1746.5679932829223,2496.5679932829225,3246.5679932829225,3300.0,4050.0,4800.0,5550.0,6300.0,7050.0,7050.0,7050.0,7800.0,7800.0,7800.0,8550.0,9300.0,9300.0,9300.0,9300.0,9300.0,9300.0,9300.0,9300.0,9300.0,9300.0,9300.0,9300.0,9300.0,9300.0,9300.0,10050.0,10050.0,10050.0,10800.0,10800.0,10053.252859039578,9303.407721988126,8706.435345797097,8184.309862669979,7706.547737209921,7706.547737209921,7706.547737209921,7706.547737209921,7706.547737209921,7706.547737209921,7885.8825041024775,7297.398078176551,6717.612575804964,6184.809046293358,5669.348264595161,5252.899994225001,4870.038828485692,4497.802995152359,4155.12714854762,3821.7568231700143,3514.713760833791,3211.517383746277,2949.3354050282323,2735.0318494726766,2521.6577985491804,2299.7978320622155,2109.3661025308666,1936.7380360562877,1851.6132900990754,1807.5631604694456,2515.8887551230214,3186.8587406708375,3859.394868666718,4593.361503552573,5340.877615447667,6069.787840447668,6808.619798565158,8817.72967491551,9059.18614022801,9552.484421439229,10302.484421439229,10505.94551643923,10664.63757724923,10751.86015930012,10792.026949366167,10800.0,10784.593136932735,10706.702377673477,10651.270942661553,10594.836357527503,10535.578149016437,10507.71768248498,10480.710086860889,10396.587512786815,10396.587512786815,10799.999996514565,10799.999996514565,10788.384824776853,10788.384824776853,10787.755237000425,10777.49909851083,10777.49909851083,10777.49909851083,10777.49909851083,10777.49909851083,10777.49909851083,10777.49909851083,10777.49909851083,10777.49909851083,10777.49909851083,10777.49909851083,10771.53789006601,10768.675989402118,10768.675989402118,10765.513464164898,10765.513464164898,10765.513464164898,10765.513464164898,9839.587538238973,8913.661612313048,7997.756056757493,7071.830130831567,6159.884797498234,5839.3236863871225,4924.187834535271,3998.2619086093446,3072.3359826834185,2146.4100567574924,1241.150963518519,1241.150963518519,1241.150963518519,1241.150963518519,1241.150963518519,1241.150963518519,1241.150963518519,1241.150963518519,1947.5734285185188,1966.7981481481484,1200.0,1200.0,1200.0,1200.0,1200.0,1200.0,1200.0,1200.0,1200.0,1200.0,1200.0
2025-06-04,1800.0,2550.0,3300.0,3300.0,3300.0,3300.0,4050.0,4050.0,4050.0,4050.0,4800.0,4800.0,4800.0,4800.0,4800.0,5550.0,6300.0,6300.0,6300.0,6300.0,7050.0,7050.0,7050.0,7800.0,8550.0,9300.0,9300.0,9300.0,9300.0,9300.0,9300.0,9300.0,10050.0,10800.0,10800.0,10131.10390927615,9541.82424902456,8958.957365813632,8405.891904491302,7890.203676784922,7412.390176784922,6962.546428024345,6534.003340796225,6142.116730266458,5867.325794017469,5867.325794017469,5335.297997721173,4857.698874579859,4449.902722008211,4064.9651251949576,3752.981618797526,3514.4012155644386,3314.7627896385125,3126.497870199488,2954.6884551091184,2839.8619220208916,2720.752316272208,2646.7979386984252,2640.4878461058324,2630.613542462021,2630.613542462021,2639.516761766831,2670.033196370683,2756.9088685288966,2866.2815485288966,3616.2815485288966,3714.5459699462313,3812.331257302554,4562.331257302554,5312.331257302554,5477.460992302555,5621.339679119043,6413.358785955001,7163.358785955001,7913.358785955001,8663.358785955,9413.358785955,9237.293168440976,9085.438320471812,8940.965729252717,8928.938151063418,8885.47598371088,8772.276780007176,8712.250444345493,8658.161357888252,8562.525652995095,8457.119082401663,8358.587283225059,8162.916820262096,8912.916820262097,9662.916820262097,10412.916820262097,10800.0,10800.0,10800.0,10800.0,10800.0,10800.0,10800.0,10800.0,10800.0,10800.0,10800.0,10800.0,10799.62922600254,10799.62922600254,10799.62922600254,10799.62922600254,10799.62922600254,10799.62922600254,10799.62922600254,10799.62922600254,9880.781077854392,8987.558077854392,8102.995874150688,8102.995874150688,7177.069948224762,6251.144022298836,5325.21809637291,4399.292170446984,3473.3662445210575,2570.6884667432796,2121.866425925926,1200.0,1200.0,1200.0,1200.0,1200.0,1200.0,1200.0,1200.0,1200.0,1200.0,1200.0,1931.8397172228129,1931.8397172228129,1931.8397172228129,1931.8397172228129,1931.8397172228129,1931.8397172228129,1931.8397172228129,1931.8397172228129,1931.8397172228129,1258.5927542598502
2025-06-05,1954.6322172228129,2704.632217222813,2704.632217222813,2704.632217222813,2704.632217222813,3454.632217222813,4204.632217222813,4954.632217222813,4954.632217222813,4954.632217222813,5704.632217222813,5704.632217222813,5704.632217222813,5704.632217222813,5704.632217222813,5704.632217222813,5704.632217222813,5704.632217222813,6454.632217222813,7204.632217222813,7204.632217222813,7204.632217222813,7204.632217222813,7954.632217222813,8704.632217222814,8704.632217222814,8704.632217222814,8704.632217222814,8704.632217222814,8704.632217222814,9454.632217222814,10050.0,10050.0,10800.0,10800.0,10079.807097740673,9405.614816603596,8777.917520723295,8227.699738177542,8227.699738177542,7644.630830770135,7139.2410722644645,6700.815465141029,6295.788010189294,6295.788010189294,6295.788010189294,5687.194380559665,5124.395508753013,4612.658914954761,4115.211797975108,3723.9285174727484,3402.869606628631,3107.6822918138164,2837.357459295238,2602.6310151605853,2444.547619016371,2333.4797723214815,2258.3348117512987,2216.023126566113,2216.023126566113,2216.023126566113,2216.023126566113,2204.3698197234985,2204.3698197234985,2204.3698197234985,2755.0241392923162,3505.0241392923162,4255.024139292316,5005.024139292316,5755.024139292316,6505.024139292316,7255.024139292316,7742.509266075413,8492.509266075413,9242.509266075413,9992.509266075413,10742.509266075413,10745.50397505092,10737.048689614234,10737.048689614234,10747.046748078954,10747.046748078954,10672.02056289377,10594.629081032714,10475.773139886807,10288.77114909275,10038.691579421018,9754.812607081603,9368.167033007529,10118.167033007529,10715.324407407408,10715.324407407408,10800.0,10800.0,10800.0,10800.0,10800.0,10800.0,10800.0,10800.0,10800.0,10800.0,10717.675001568114,10649.061758627391,10594.751876324639,10585.526760901012,10556.447229734988,10556.447229734988,10556.447229734988,10202.951297539737,9282.63234087874,8420.529425925928,8420.529425925928,8420.529425925928,7552.811722222224,6660.900611111112,6660.900611111112,6660.900611111112,5748.133944444445,4824.435222222222,3947.641925925926,3027.830814814815,2104.7216481481482,1200.0,1200.0,1200.0,1200.0,1200.0,1200.0,1200.0,1200.0,1200.0,1200.0,1200.0,1200.0,1906.4660565022104,1906.4660565022104,1906.4660565022104,1200.0,1200.0,1200.0,1200.0,1200.0,1200.0
2025-06-06,1950.0,2700.0,3450.0,3450.0,3450.0,3450.0,3450.0,3450.0,3981.985365818135,3981.985365818135,3981.985365818135,3981.985365818135,3981.985365818135,3419.598328781098,2897.796939892209,2897.796939892209,2897.796939892209,2384.580833333333,2384.580833333333,2384.580833333333,1772.679185185185,1200.0,1200.0000000000002,1950.0000000000007,2691.2073071593095,2691.2073071593095,2691.2073071593095,2691.2073071593095,2691.2073071593095,2691.2073071593095,2691.2073071593095,2691.2073071593095,2691.2073071593095,3441.2073071593077,3030.4587330852337,2698.1883088940685,3103.552140850397,2900.123689965031,2743.856823956112,2571.539501601333,2357.111723823555,2189.9385490310206,2102.7642821302175,2066.6671376286586,2034.6376407352336,2034.6376407352336,2034.6376407352336,2034.6376407352336,2034.6376407352336,2034.6376407352336,2034.6376407352336,2034.6376407352336,2034.6376407352336,2034.6376407352336,2034.6376407352336,2034.6376407352336,2034.6376407352336,2034.6376407352336,2034.6376407352336,2161.4363369718767,2503.9737265235576,2816.3646142770303,3175.920833466468,3584.8810180835962,4015.6145380835965,4427.529325187612,4854.182054460883,5312.2988771483815,5786.49819761835,6263.569443249345,6739.915533249345,7182.019981967523,9332.743210379516,9332.743210379516,9332.743210379516,9332.743210379516,9456.891250870382,9456.891250870382,9633.685303857152,9848.24257448415,10047.792545761422,10183.062155381542,10288.235705381541,10396.558297479607,10508.52235666981,10620.174190839482,10699.300452996933,10742.899185,10800.0,10800.0,10783.90480242995,10783.90480242995,10800.0,10800.0,10800.0,10800.0,10800.0,10800.0,10800.0,10800.0,10800.0,10800.0,10800.0,10800.0,10800.0,10800.0,10800.0,10800.0,10294.877829719271,10152.349192658397,9567.303814814813,9567.303814814813,8915.883444444444,8275.127314814814,7655.89611111111,7032.257222222222,6412.036907407407,5782.940259259259,5129.936555555555,4508.910925925926,3881.8898333333336,3209.1527962962964,2548.056537037037,1885.124074074074,1200.0,1200.0,1200.0,1200.0,1200.0,1200.0,1200.0,1200.0,1919.1774146756175,1919.1774146756175,1919.1774146756175,1338.3280628237655,1338.3280628237655,1338.3280628237655,1338.3280628237655,1338.3280628237655,1338.3280628237655,1338.3280628237655,1200.0,1200.0
2025-06-07,1312.5757227777783,2062.5757227777785,2812.5757227777785,2812.5757227777785,2208.10720425926,2208.10720425926,2958.10720425926,3708.10720425926,4458.10720425926,4458.10720425926,3875.7072042592595,3875.7072042592595,3875.7072042592595,3875.7072042592595,3875.7072042592595,3875.7072042592595,3327.283130185185,2782.3550375925925,2211.895273280096,2211.895273280096,2676.0061787417753,2676.0061787417753,2676.0061787417753,2676.0061787417753,2118.5262898528863,2118.5262898528863,2868.5262898528863,2868.5262898528863,2332.665178741775,2332.665178741775,2332.665178741775,2332.665178741775,3082.6651787417745,3832.6651787417745,3464.375549112145,3145.715860958399,3762.970063109419,3539.866258051563,3397.3777907043477,3283.085509022653,3135.382268281912,3024.627648681635,2961.558401678107,2920.602116186438,2920.602116186438,2920.602116186438,2920.602116186438,2920.602116186438,2920.602116186438,2920.602116186438,2920.602116186438,2920.602116186438,2920.602116186438,2920.602116186438,2920.602116186438,2920.602116186438,2920.602116186438,2967.9704363772457,3101.689166377246,3260.3738822368673,3460.6950727651306,3702.0073961149496,3983.2565519489517,4292.955655690746,4624.819525690747,4950.2117599582425,5294.351119027241,5663.32390654351,6006.369112274708,6300.439736461541,6612.797651461541,6942.589145581871,8161.236520151067,8263.683025544933,8263.683025544933,8263.683025544933,8542.171900544934,8777.57495136221,8942.82022485148,9134.518827062804,9343.212488431933,9548.282765481134,9771.592160481134,10005.22644540355,10216.699411456013,10395.907192740224,10490.511785017143,10572.399191178316,10735.390796178315,10781.844455835137,10800.0,10800.0,10800.0,10800.0,10800.0,10800.0,10800.0,10800.0,10800.0,10791.41464224299,10734.95303046823,10670.294725123256,10580.340550322597,10511.172354589857,10504.305122980562,10480.852318127856,10479.36769523195,9949.709827472365,9860.137192460948,9860.137192460948,9860.137192460948,9207.302185185186,8513.172555555557,7854.747277777778,7210.000703703704,6529.51737037037,5878.137444444445,5235.074925925926,4562.976777777778,3891.4360740740744,3222.2607592592594,2578.4959444444444,1895.4219814814815,1200.0,1200.0,1200.0,1200.0,1200.0,1200.0,1200.0,1200.0,1921.7468100000003,2659.2837600000003,2659.2837600000003,3393.24285,4094.4708,4815.4443,5540.618605140109,5540.618605140109,5540.618605140109,6274.8109151401095,7013.763445140109,7013.763445140109,6120.006648843812
2025-06-08,6397.427135740741,6397.427135740741,5534.314154259259,5534.314154259259,5534.314154259259,5534.314154259259,5534.314154259259,5534.314154259259,5534.314154259259,5534.314154259259,5534.314154259259,5534.314154259259,5534.314154259259,5534.314154259259,5534.314154259259,5534.314154259259,6284.314154259259,6284.314154259259,6284.314154259259,6284.314154259259,6284.314154259259,7034.314154259259,7784.314154259259,7784.314154259259,7784.314154259259,7784.314154259259,7784.314154259259,7800.0,8550.0,8550.0,8550.0,9300.0,10050.0,10800.0,10800.0,10068.03376112319,10134.61933821479,9522.280540103871,9522.280540103871,9522.280540103871,9366.464221749771,8882.0338707562,8882.0338707562,8882.0338707562,8882.0338707562,8882.0338707562,8443.220981867311,8057.562768548326,7761.389978750841,7543.242512749022,7378.354277103421,7275.851344058983,7243.345436651576,7243.085054961573,7265.036875830245,7303.745172901657,7308.466700003197,7336.4190312753435,7409.627206275343,7459.484459799068,7498.618653376101,7552.511882040267,7598.331476495449,7640.188067366859,7711.528022366859,7768.2504060821375,7827.269432910965,7902.47962213084,7966.496620908618,7982.722456819372,7982.722456819372,7992.051972977198,10087.607587091443,10535.184722579765,10605.727777873197,10656.327503623274,10729.726883623274,10766.373442011602,10766.373442011602,10800.0,10800.0,10767.645746109403,10665.526097961256,10492.453314991819,10246.144688095834,9983.675059242249,9707.96446048171,9419.564488541013,9078.696405826364,9828.696405826364,10536.962185803868,10536.962185803868,10472.354204805479,10462.646196062986,10444.099700450737,10431.31931723038,10431.31931723038,10431.31931723038,10431.31931723038,10431.31931723038,10469.911833302449,10508.23220147013,10555.37487120026,10555.37487120026,10555.37487120026,10574.106190034383,10582.013277777778,10582.013277777778,10582.013277777778,10582.013277777778,10582.013277777778,10582.013277777778,9676.454018518518,8779.585592592592,7884.856,6971.957851851852,6067.88675925926,5143.814648148148,5143.814648148148,4227.578833333333,3329.2750925925925,3022.1510185185184,2117.4833518518517,1200.0,1200.0,1200.0,1200.0,1200.0,1200.0,1200.0,1200.0,1200.0,1200.0,1200.0,1200.0,1200.0,1200.0,1925.172984591506,1925.172984591506,1237.5224507100609,1237.5224507100609,1237.5224507100609,1237.5224507100609,1237.5224507100609
2025-06-09,4344.937440377812,4344.937440377812,4344.937440377812,4344.937440377812,4344.937440377812,4344.937440377812,4344.937440377812,4344.937440377812,4344.937440377812,4344.937440377812,4344.937440377812,4344.937440377812,4344.937440377812,4344.937440377812,4344.937440377812,5094.937440377812,5094.937440377812,5094.937440377812,5094.937440377812,5094.937440377812,5094.937440377812,5094.937440377812,5844.937440377812,5844.937440377812,5844.937440377812,5844.937440377812,6594.937440377812,7344.937440377812,8094.937440377812,8844.937440377813,9594.937440377813,10050.0,10050.0,10800.0,10800.0,10081.714293122677,10183.427323973328,9579.360591924327,8983.190714335162,8405.624303692386,7874.446933322016,7406.395072670441,6941.440411474991,6502.859173126643,6502.859173126643,6502.859173126643,5898.85646942294,5305.774582379396,4794.655590931879,4363.536953164193,3996.462858501465,3716.629070819301,3546.8331634118936,3411.729206254437,3342.0330408287705,3342.0330408287705,3354.064042073585,3382.372591316756,3416.0094463167557,3476.042985406051,3543.630160389454,3555.747136536367,3493.094551305512,3448.3085334397533,3431.9697926990125,4181.969792699012,4931.969792699012,5681.969792699012,6431.969792699012,7181.969792699012,7931.969792699012,8681.969792699012,8851.696475022394,9601.696475022394,10050.0,10800.0,10800.0,10796.370206241121,10704.75136442596,10704.75136442596,10704.75136442596,10704.75136442596,10696.689419981516,10501.450167384397,10501.450167384397,10501.450167384397,10194.308277307144,9884.73195937667,9884.73195937667,10626.363710203104,10800.0,10800.0,10800.0,10800.0,10800.0,10800.0,10800.0,10800.0,10800.0,10800.0,10800.0,10800.0,10800.0,10800.0,10800.0,10800.0,10800.0,10800.0,10800.0,10800.0,9874.074074074075,8948.14814814815,8022.2222222222235,7096.296296296297,7096.296296296297,6755.5555600563275,5829.629634130401,5829.629634130401,5829.629634130401,4903.703708204475,3977.7777822785492,3051.851856352623,2125.925930426697,1200.000004500771,1200.000004500771,1200.000004500771,1200.000004500771,1200.000004500771,1200.000004500771,1200.000004500771,1200.000004500771,1200.000004500771,1200.000004500771,1200.000004500771,1200.000004500771,1200.000004500771,1200.000004500771,1200.000004500771,1200.000004500771,1200.000004500771,1200.000004500771,1200.000004500771,1200.000004500771,1200.0000045007707
2025-06-10,4196.882525805379,4196.882525805379,4196.882525805379,4196.882525805379,4196.882525805379,4196.882525805379,4196.882525805379,4196.882525805379,4196.882525805379,4196.882525805379,4196.882525805379,4196.882525805379,4196.882525805379,4196.882525805379,4946.882525805379,4946.882525805379,4946.882525805379,4946.882525805379,4946.882525805379,4946.882525805379,4946.882525805379,5550.0,5550.0,5550.0,5550.0,6300.0,7050.0,7800.0,8550.0,9300.0,10050.0,10050.0,10050.0,10800.0,10800.0,10116.339698220978,10212.501289618183,9647.713142236056,9120.363254940916,8631.577238557855,8173.612534854151,7758.394452450812,7382.908490311771,7039.688556588482,7039.688556588482,7039.688556588482,6511.492741773667,5961.94567819086,5471.901019302802,5043.626074574681,4598.674692462172,4203.427184937071,3914.023092344478,3659.2069538375335,3440.040662946414,3274.0050535040014,3168.5357674881925,3132.359837680409,3142.527422680409,3153.1454352542505,3153.1454352542505,3171.0345426723475,3194.3602093520817,3253.0835292519982,3373.299259251998,4123.299259251999,4873.299259251999,4910.909893471873,5660.909893471873,6410.909893471873,7139.072629225071,7873.132970789179,7685.319039919961,8435.319039919961,9185.319039919961,9935.319039919961,10685.319039919961,10685.319039919961,10614.425591737725,10614.425591737725,10604.264651999987,10559.742476562575,10372.324809895908,10110.64488605681,9839.141568169289,9538.18791835891,9191.06760929387,8773.361979217685,8312.557368106574,9062.557368106574,10750.965504936472,10799.99999513451,10796.565308661488,10775.077964350476,10745.503597079718,10725.731806143493,10725.731806143493,10713.335901024704,10713.335901024704,10713.335901024704,10713.335901024704,10713.335901024704,10708.762958844223,10708.762958844223,10708.762958844223,10708.762958844223,10708.762958844223,10708.762958844223,10708.762958844223,10708.762958844223,10708.762958844223,10708.762958844223,9782.837032918298,8856.911106992373,7973.051907407407,7641.042648148148,6729.614277777778,5803.688351851852,4892.284648148148,4892.284648148148,3989.7716111111113,3063.845685185185,2137.919759259259,1211.993833333333,1211.993833333333,1211.993833333333,1211.993833333333,1211.993833333333,1211.993833333333,1211.993833333333,1211.993833333333,1211.993833333333,1211.993833333333,1211.993833333333,1211.993833333333,1211.993833333333,1929.1333333333332,1929.1333333333332,1929.1333333333332,1200.0,1200.0,1200.0,1200.0,1200.0
2025-06-11,3851.8691080076273,3851.8691080076273,3851.8691080076273,3851.8691080076273,3851.8691080076273,3851.8691080076273,3851.8691080076273,3851.8691080076273,3851.8691080076273,3851.8691080076273,3851.8691080076273,3851.8691080076273,3851.8691080076273,3851.8691080076273,3851.8691080076273,4601.869108007628,5351.869108007628,6101.869108007628,6101.869108007628,5343.56170060022,5343.56170060022,5343.56170060022,6093.56170060022,6093.56170060022,6300.0,7050.0,7800.0,8550.0,9300.0,10050.0,10050.0,10050.0,10050.0,10800.0,10800.0,10090.249144980791,10149.817049045601,9515.221521767673,8947.728816820778,8422.785030667344,8296.457584769543,7811.528830364767,7811.528830364767,7801.661974830516,7787.037422927846,7787.037422927846,7197.765830335254,6612.852633860965,6080.851964096005,5605.656480422772,5145.839777619784,4745.443894625626,4384.760542773774,4009.424061003884,3656.1456061324584,3347.1612607485417,3014.377817175815,2659.99190526897,2313.4776830467476,2030.83433714189,1796.8179669042493,1583.9367466422907,1422.9535408524277,1345.97349628074,1272.350107391851,1776.7009288267814,2526.7009288267814,3194.566663621292,3944.566663621292,4694.566663621292,5259.683188621292,5796.521101375965,6609.8745944565635,7359.8745944565635,8109.8745944565635,8859.874594456563,9211.843724074346,8963.930679203593,8963.930679203593,9010.591573410817,8655.13810515611,8232.213939226456,7767.490050337567,7402.324451756966,7425.285500836044,7454.700904330107,7032.475649341137,6646.60981757004,6663.87705257004,7413.87705257004,10415.23871552575,10799.999993504678,10799.999993504678,10799.999993504678,10799.999993504678,10799.999993504678,10799.999993504678,10799.999993504678,10799.999993504678,10799.999993504678,10799.999993504678,10799.999993504678,10799.999993504678,10799.999993504678,10799.999993504678,10799.999993504678,10799.999993504678,10799.999993504678,10799.999993504678,10799.999993504678,10799.999993504678,10799.999993504678,9874.074067578753,8948.148141652828,8022.222215726902,7096.2962898009755,7096.2962898009755,6755.555555555557,5829.6296296296305,4903.703703703704,3977.7777777777783,3051.851851851852,2125.925925925926,1200.0,1200.0,1200.0,1200.0,1200.0,1200.0,1200.0,1200.0,1946.8157941183858,2691.2662591183857,2691.2662591183857,2150.7454361111113,2150.7454361111113,2150.7454361111113,1287.9930287037039,1287.9930287037039,1287.9930287037039,1287.9930287037039,1287.9930287037039,1287.9930287037039,1287.9930287037039
2025-06-12,3741.721315710268,3741.721315710268,3741.721315710268,3741.721315710268,3741.721315710268,3741.721315710268,3741.721315710268,3741.721315710268,4491.721315710268,5241.721315710268,5241.721315710268,5241.721315710268,5241.721315710268,5241.721315710268,5241.721315710268,5241.721315710268,5241.721315710268,5241.721315710268,5241.721315710268,5241.721315710268,5241.721315710268,5991.721315710268,6741.721315710268,6741.721315710268,7050.0,7800.0,7800.0,7800.0,8550.0,9300.0,9300.0,9300.0,10050.0,10800.0,10800.0,10120.846846050586,10145.525005348203,9521.768218185465,8948.164030107817,8420.469144898136,7936.714237490728,7494.957820866281,7091.200493896002,6760.9319674557155,6760.9319674557155,7198.5721985571645,6654.463698557164,6124.10177219557,5684.361066963604,5326.8568851993205,4923.530025151165,4555.315436212788,4307.841195472048,4087.6227289176572,3905.9886279779857,3778.20975785205,3693.1123120981533,3621.3571202333264,3559.8579350481414,3531.3645742957287,3531.3645742957287,3531.3645742957287,3531.3645742957287,3531.3645742957287,3531.3645742957287,4200.796435141263,4893.14919927002,5556.86736434594,6258.279501683654,6941.398498717669,7593.643018717669,8216.70447358279,8826.77143467333,9496.666845949909,10204.453410215401,10800.0,10800.0,10788.171532895962,10766.285987686186,10766.285987686186,10774.870953418946,10774.870953418946,10774.870953418946,10774.870953418946,10774.870953418946,10418.711467032177,10103.00684920355,9785.861818899826,9784.247689270196,10480.792689962498,10566.818472964333,10566.818472964333,10566.818472964333,10566.818472964333,10573.823891371094,10606.030925868268,10613.27109070436,10641.469697616893,10644.041384308406,10661.293719591145,10702.865762682757,10740.314063907457,10765.94462294555,10788.051843144469,10792.734953257115,10792.734953257115,10792.734953257115,10792.734953257115,10792.734953257115,10459.25925925926,9533.333333333334,9533.333333333334,9533.333333333334,8607.407407407409,7681.481481481483,6755.555555555557,5829.6296296296305,4903.703703703704,4903.703703703704,4903.703703703704,3977.7777777777783,3051.851851851852,2125.925925925926,1200.0,1200.0,1200.0,1200.0,1200.0,1200.0,1200.0,1200.0,1200.0,1200.0,1200.0,1200.0,1200.0,1200.0,1200.0,1200.0,1200.0,1200.0,1200.0,1200.0,1200.0
2025-06-13,3698.7651975425215,2980.955938283262,2292.798604949929,2292.798604949929,1904.263574074074,1200.0,1200.0,1200.0,1200.0,1200.0,1200.0,1200.0,1200.0,1200.0,1200.0,1950.0,1950.0,1365.3047592592593,1200.0003977382426,1200.0003977382426,1200.0003977382426,1200.0003977382426,1200.0003977382426,1200.0003977382426,1200.0003977382426,1200.0003977382426,1200.0003977382426,1950.0003977382426,1950.0003977382426,1950.0003977382426,1950.0003977382426,2128.0238577157493,2878.0238577157493,3628.0238577157493,3301.4688577157494,3045.578499337137,5157.4196419403415,4917.77574185884,4711.125209389132,4496.093504292657,4252.894985774138,4040.721030402646,3860.378117320599,3690.384832031512,3584.07882975955,3513.4541963188844,3493.411362985551,3493.411362985551,3493.411362985551,3493.411362985551,3493.411362985551,3493.411362985551,3493.411362985551,3493.411362985551,3493.411362985551,3493.411362985551,3493.411362985551,3493.411362985551,3493.411362985551,3493.411362985551,3493.411362985551,3493.411362985551,3702.112948423363,4010.1721616034292,4347.689261603429,4648.455003206869,4982.4897221240235,5371.895100519794,5757.2473325426545,6101.969366564262,6433.7126065642615,6785.665680927148,9770.263528335492,9770.263528335492,9770.263528335492,9770.263528335492,9770.263528335492,9770.263528335492,9770.263528335492,9770.263528335492,10062.728452876727,10091.134413624912,10332.723783624911,10534.77274471065,10656.428507019406,10749.740512536297,10800.0,10800.0,10800.0,10800.0,10800.0,10800.0,10800.0,10800.0,10800.0,10800.0,10800.0,10800.0,10800.0,10800.0,10800.0,10800.0,10800.0,10799.369326152331,10787.992047151827,10787.992047151827,10787.992047151827,10787.992047151827,10154.588598144963,10154.588598144963,10144.134462370012,9408.891486664894,8654.465165226,7908.141316152409,7146.930173846033,6387.408980528963,5668.255597354582,5668.255597354582,4948.038930687916,4215.96926402125,3439.4660047619905,2625.147486243472,1881.5685788360645,1200.0000047619903,1200.0000047619903,1200.0000047619903,1200.0000047619903,1200.0000047619903,1200.0000047619903,1200.0000047619903,1200.0000047619903,1200.0000047619903,1200.0000047619903,1200.0000047619903,1200.0000047619903,1200.0000047619903,1200.0000047619903,1200.0000047619903,1200.0000047619903,1200.0000047619903,1200.0000047619903,1200.0000047619903,1200.0000047619903,1200.00000476199
2025-06-14,4026.1627583843997,4026.1627583843997,4026.1627583843997,3358.426443569585,3348.526703703704,3348.526703703704,3348.526703703704,2739.337814814815,2132.5138888888887,2132.5138888888887,2132.5138888888887,2132.5138888888887,2132.5138888888887,2132.5138888888887,1572.0397222222223,1572.0397222222223,2322.0397222222223,2322.0397222222223,1762.962962962963,1200.0,1200.0,1200.0,1200.0,1200.0,1367.620229301784,1367.620229301784,1367.620229301784,2117.620229301784,2867.620229301784,2867.620229301784,2867.620229301784,3617.620229301784,3617.620229301784,4367.620229301784,4023.2023774499326,3773.5756298595848,5479.660202398286,5226.483543772491,5032.891328320295,4883.070921433874,4741.641699211652,4615.314317301277,4526.300863545449,4475.497929694854,4475.497929694854,4475.497929694854,4475.497929694854,4475.497929694854,4475.497929694854,4475.497929694854,4475.497929694854,4475.497929694854,4475.497929694854,4475.497929694854,4475.497929694854,4475.497929694854,4475.497929694854,4475.497929694854,4475.497929694854,4475.497929694854,4475.497929694854,4618.18626551033,4942.78423505369,4942.78423505369,5307.78727505369,5640.139909761873,5979.529387701812,6352.0586102018115,6664.340742979589,6921.036565201811,7168.74133020181,7402.4298474707475,10800.0,10800.0,10800.0,10800.0,10800.0,10800.0,10800.0,10800.0,10800.0,10800.0,10800.0,10800.0,10800.0,10800.0,10800.0,10800.0,10800.0,10800.0,10800.0,10800.0,10800.0,10800.0,10800.0,10800.0,10800.0,10800.0,10800.0,10800.0,10800.0,10800.0,10800.0,10800.0,10800.0,10800.0,10800.0,10800.0,10800.0,10800.0,10035.063459279287,9272.900788830177,8523.98645980602,7802.7188572809055,7073.83586594427,6344.679654544041,5603.275138849601,5100.582132725141,5100.582132725141,4315.749373465881,3534.6140771695846,2765.2048179103253,1986.140910502918,1227.968058651066,1227.968058651066,1227.968058651066,1227.968058651066,1227.968058651066,1227.968058651066,1227.968058651066,1227.968058651066,1227.968058651066,1959.6097386510662,1959.6097386510662,1959.6097386510662,2637.774693651066,2688.4934841164327,2688.4934841164327,2688.4934841164327,2688.4934841164327,2022.6811010584734,2022.6811010584734,2022.6811010584734,1200.0000084658816
2025-06-15,4373.9790410733485,4373.9790410733485,4373.9790410733485,4373.9790410733485,4373.9790410733485,4373.9790410733485,4373.9790410733485,4373.9790410733485,5123.9790410733485,5123.9790410733485,4800.00183077255,4800.00183077255,4800.00183077255,4800.00183077255,4800.00183077255,4800.00183077255,4800.00183077255,4800.00183077255,4800.00183077255,4800.00183077255,4800.00183077255,4800.00183077255,5550.00183077255,6300.00183077255,6300.00183077255,6300.00183077255,6300.00183077255,7050.00183077255,7800.00183077255,8550.001830772551,8550.001830772551,9300.0,10050.0,10800.0,10800.0,10133.254729260934,10197.94845584365,9636.683973070754,9127.004856175772,8686.226265579704,8327.488942194612,8327.488942194612,7975.871859030536,7707.174066030852,7707.174066030852,7707.174066030852,7163.638769734556,6634.3382671998925,6161.445300608768,5731.985149849315,5337.240659225547,4962.714729107184,4646.979136514591,4373.206111310578,4115.27824503131,3881.3596880296786,3751.115506587305,3668.8829440029067,3611.8360736325367,3530.496614825759,3467.357109797393,3396.3629331663637,3319.863057962867,3283.0240204891147,3256.4440575261515,3256.4440575261515,4006.4440575261515,4756.4440575261515,5506.4440575261515,6256.4440575261515,7006.4440575261515,7756.4440575261515,7614.837432565131,8364.837432565131,9114.837432565131,9864.837432565131,10614.837422678596,10438.048551723356,10283.363818070186,10153.610219660688,10113.55160162727,10057.112901869643,9857.846198165938,9857.846198165938,9586.350661642095,9297.912564832923,8950.526478399603,8534.19507739588,8590.37525239588,9340.37525239588,10799.999994908643,10799.999994908643,10799.999994908643,10799.999994908643,10799.999994908643,10799.999994908643,10799.999994908643,10799.999994908643,10799.999994908643,10799.999994908643,10799.999994908643,10799.999994908643,10799.999994908643,10799.999994908643,10799.999994908643,10799.999994908643,10799.999994908643,10799.999994908643,10799.999994908643,10799.999994908643,10799.999994908643,10799.999994908643,10799.999994908643,9874.074068982718,8948.148143056793,8022.222217130867,7096.296291204941,6170.370365279015,5829.6296296296305,4903.703703703704,3977.7777777777783,3051.851851851852,2125.925925925926,1200.0,1200.0,1200.0,1200.0,1200.0,1200.0,1200.0,1200.0,1200.0,1200.0,1200.0,1200.0,1200.0,1200.0,1200.0,1200.0,1200.0,1200.0,1200.0,1200.0,1200.0
2025-06-16,3638.9464104171425,4388.946410417142,4885.1,4885.1,4050.0,4050.0,4050.0,4050.0,4050.0,4050.0,4050.0,4050.0,4050.0,4050.0,4050.0,4050.0,4800.0,4800.0,5550.0,5550.0,5550.0,5550.0,5550.0,5550.0,6300.0,7050.0,7050.0,7050.0,7050.0,7800.0,8550.0,9300.0,10050.0,10800.0,10800.0,10069.074762601364,10162.474314508563,9564.827657928408,8984.506849641284,8464.574045241354,8034.445785982095,8034.445785982095,7649.365156690718,7649.365156690718,7649.365156690718,8399.365156690717,7893.613601135162,7377.5626452991,6905.542138727928,6477.808802986683,6030.147226622466,5612.687596742181,5288.561578223663,4988.016737302744,4703.967353198845,4447.7520103142215,4241.563370901862,4066.7683988778576,3955.6200285074874,3863.652182006337,3800.22047871193,3768.9805703936718,3763.654200261334,3766.473498955369,3774.633693955369,3774.633693955369,4105.306339773306,4855.306339773306,5605.306339773306,5605.306339773306,6355.306339773306,7105.306339773306,7326.447546248757,8044.166502725491,8786.460937320195,9536.460937320195,9592.617112320195,9592.617112320195,9607.104173007316,9664.535451686785,9758.000662696837,9498.079357840666,9326.5326823608,9418.823657358482,9483.722675466812,9500.635743625555,9202.548753083407,8841.330830909119,8868.42210590912,9605.680835212974,10800.0,10800.0,10800.0,10800.0,10800.0,10800.0,10800.0,10800.0,10800.0,10800.0,10800.0,10800.0,10800.0,10800.0,10800.0,10800.0,10800.0,10800.0,10800.0,10800.0,10800.0,10800.0,9874.074074074075,8948.14814814815,8022.2222222222235,8022.2222222222235,7714.179650652901,6788.253724726975,5862.327798801049,4936.4018728751225,4010.4759469491964,3084.5500210232703,2158.6240950973443,1232.6981691714182,1232.6981691714182,1232.6981691714182,1232.6981691714182,1232.6981691714182,1232.6981691714182,1232.6981691714182,1232.6981691714182,1353.836986111111,2077.784611111111,2077.784611111111,2077.784611111111,2077.784611111111,2077.784611111111,2077.784611111111,2077.784611111111,2077.784611111111,2077.784611111111,1200.0,1200.0,1200.0
2025-06-17,3444.435357860047,3444.435357860047,4194.435357860048,4194.435357860048,4194.435357860048,4194.435357860048,4194.435357860048,4194.435357860048,4194.435357860048,4194.435357860048,4194.435357860048,4194.435357860048,4944.435357860048,4944.435357860048,4800.0,4800.0,5550.0,6300.0,6300.0,6300.0,7050.0,7800.0,7800.0,7800.0,7800.0,7800.0,7800.0,7800.0,7800.0,7800.0,8550.0,9300.0,10050.0,10800.0,10800.0,10102.825721752408,10185.544554894346,9607.703746344052,9090.919578208912,8621.909531423225,8189.510383275077,7793.399264363471,7426.181485269689,7426.181485269689,7426.181485269689,7426.181485269689,6808.104892677096,6266.760075911051,5800.492243023519,5356.2985891910075,4975.3077009327335,4674.388035405671,4430.567553924189,4245.390342884204,4077.557243751763,3906.8559737671353,3794.349557584133,3711.014066895181,3652.657492821107,3610.484212725508,3572.8597536247826,3530.1826265675913,3473.478363099996,3458.8925047306902,3510.68018473069,4260.680184730691,5010.680184730691,5760.680184730691,5767.932710587671,6315.714312818554,7050.0,7800.0,7603.1258165748895,8353.12581657489,9103.12581657489,9853.12581657489,10186.246327367846,10186.246327367846,10190.881572990913,10240.581117713677,10324.67013640037,10401.705006358043,10445.779266358042,10485.14844823906,10120.664586202942,9786.399691438595,9797.190068402906,9409.120837046825,9017.318077787566,9755.547001906882,10799.999994790922,10799.999994790922,10756.37246943672,10716.623921018814,10695.697542283397,10667.420187958993,10643.315005791788,10638.371034764314,10605.575553272058,10605.575553272058,10605.575553272058,10595.74191100523,10595.74191100523,10595.74191100523,10595.74191100523,10595.74191100523,10595.74191100523,10595.74191100523,10595.74191100523,10595.74191100523,10297.261843886557,9440.225615256986,8514.299689331061,7624.251023130937,6709.6848822668035,5790.399325293364,5790.399325293364,4871.4934677831825,3957.2765494444443,3043.9125309259257,3043.9125309259257,3043.9125309259257,2145.8290494444445,1219.9031235185184,1219.9031235185184,1219.9031235185184,1219.9031235185184,1219.9031235185184,1219.9031235185184,1219.9031235185184,1219.9031235185184,1219.9031235185184,1219.9031235185184,1219.9031235185184,1219.9031235185184,1219.9031235185184,1219.9031235185184,1893.8185185185184,1893.8185185185184,1200.0,1200.0,1200.0,1200.0,1200.0
2025-06-18,3376.7023689346684,3376.7023689346684,3376.7023689346684,3376.7023689346684,3376.7023689346684,3376.7023689346684,3376.7023689346684,3376.7023689346684,3339.110233348925,2550.000362978554,2550.000362978554,2550.000362978554,2550.000362978554,2550.000362978554,3300.000362978554,3300.000362978554,3300.000362978554,3300.000362978554,3300.000362978554,4050.000362978554,4800.000362978554,5550.000362978554,6300.0,7050.0,7050.0,7050.0,7800.0,8550.0,8550.0,8550.0,8550.0,9300.0,10050.0,10800.0,10800.0,10119.201213225871,10151.789990177862,9514.06405306968,8935.298205695946,8400.32109766929,8289.627939997179,7866.518658107444,7856.28781186451,7851.567330082336,7851.567330082336,7851.027278806188,7385.603834361744,6939.768410455563,6562.420528065608,6236.344534809407,5964.880966104962,5727.472872736392,5499.53339125491,5225.460432627322,4950.280525428692,4683.213144128542,4469.417368585212,4267.677024998118,4067.014080553674,3879.9493276979483,3732.174485760998,3593.8161019106374,3423.227628962981,3303.878051042826,3248.5014584502337,3872.189125726286,4622.189125726286,5362.690479869085,6074.982672283341,6767.229935603943,7461.247715603943,8211.247715603942,9416.199113928,10050.0,10800.0,10800.0,10800.0,10663.534200961507,10484.685538390193,10484.685538390193,10217.970210646557,9969.704565979859,9744.493528942821,9560.541003742655,9396.912641780895,9240.869243945173,9030.638998993154,8721.341954637985,8721.341954637985,9436.912163328649,10799.999994000093,10799.999994000093,10799.999994000093,10799.999994000093,10799.999994000093,10799.999994000093,10799.999994000093,10799.999994000093,10799.999994000093,10799.999994000093,10799.999994000093,10794.715726236178,10794.715726236178,10794.715726236178,10794.715726236178,10794.715726236178,10794.715726236178,10794.715726236178,10794.715726236178,10794.715726236178,9868.789800310253,9868.789800310253,9868.789800310253,8942.863874384328,8016.9379484584015,7091.012022532475,6165.086096606549,5239.160170680623,4313.234244754697,4313.234244754697,3981.6189548148154,3055.6930288888893,2129.7671029629632,1203.8411770370371,1203.8411770370371,1203.8411770370371,1203.8411770370371,1203.8411770370371,1203.8411770370371,1203.8411770370371,1203.8411770370371,1203.8411770370371,1932.387037037037,1932.387037037037,1932.387037037037,1932.387037037037,1932.387037037037,1932.387037037037,1932.387037037037,1932.387037037037,1932.387037037037,1932.387037037037,1932.387037037037,1200.0
2025-06-19,3892.360000201992,3892.360000201992,3892.360000201992,3892.360000201992,3892.360000201992,3892.360000201992,3892.360000201992,3892.360000201992,3892.360000201992,4642.360000201992,4800.0,4800.0,4800.0,4800.0,4800.0,4800.0,4800.0,4800.0,4800.0,4800.0,4800.0,4800.0,4800.0,4800.0,5550.0,6300.0,7050.0,7050.0,7050.0,7800.0,8550.0,9300.0,10050.0,10800.0,10800.0,10100.864419876667,10215.071412603238,9646.794308053742,9077.096769997075,8571.645976032229,8165.593198254451,7808.471263343125,7808.471263343125,7808.471263343125,7808.471263343125,7808.471263343125,7269.281985565347,6761.41223823032,6331.8120281386455,5945.396034955087,5557.099537683067,5179.841635702892,4878.458394962151,4607.556293314137,4374.382967206811,4204.535003260433,4120.541301104711,4076.668140385265,4061.7721033482276,4084.583644029075,4143.0368951612045,4219.641083613843,4351.150394593876,4525.947686871252,4683.960446871252,4822.134310586531,5572.134310586531,6322.134310586531,7072.134310586531,7072.134310586531,7540.656347096992,8290.656347096992,7561.954655855403,8311.954655855403,9061.954655855403,9811.954655855403,10561.954655855403,10600.014618785799,10600.014618785799,10600.014618785799,10506.562606163585,10386.044355378373,10184.588318341337,9967.37922983735,9739.242563177211,9393.721782798795,9011.396390973392,8594.65369683563,8202.954382020816,8952.954382020816,10800.0,10800.0,10800.0,10754.17764898189,10730.324113918537,10700.181102423056,10659.437137212284,10658.714154273428,10626.880006007068,10626.880006007068,10626.880006007068,10615.662601315778,10609.230580523978,10609.230580523978,10600.130598880076,10596.73600990362,10580.339959200866,10562.994746107664,10562.834078415715,10562.834078415715,10562.834078415715,10239.35806714771,9343.241661398693,8433.568336399496,7527.907753924328,6633.867657294802,5737.264629629629,5737.264629629629,4821.360925925926,3909.2195,3006.3871666666664,3006.3871666666664,2105.486925925926,1200.0,1200.0,1200.0,1200.0,1200.0,1200.0,1200.0,1200.0,1200.0,1941.4421942024783,1958.4578495718183,1958.4578495718183,1958.4578495718183,1958.4578495718183,1958.4578495718183,1200.0,1200.0,1200.0,1200.0,1200.0,1200.0
2025-06-20,2963.872637943539,2334.7485638694648,2334.7485638694648,2334.7485638694648,2334.7485638694648,3084.7485638694648,3084.7485638694648,3084.7485638694648,3084.7485638694648,3084.7485638694648,3084.7485638694648,3084.7485638694648,3084.7485638694648,3084.7485638694648,2737.332854098351,2737.332854098351,2737.332854098351,2737.332854098351,2188.5010022464994,1670.136187431685,1670.136187431685,1670.136187431685,1670.136187431685,1670.136187431685,2420.136187431685,3170.136187431685,3170.136187431685,2632.3948644319526,2083.153345913434,2083.153345913434,2083.153345913434,2083.153345913434,2083.153345913434,2833.153345913434,2491.150957024545,2243.635692978734,3711.4313208926546,3512.410251205126,3376.8776835816975,3255.2188856757184,3108.043478268311,3030.4042220085144,3030.4042220085144,3030.4042220085144,3030.4042220085144,3030.4042220085144,3030.4042220085144,3030.4042220085144,3030.4042220085144,3030.4042220085144,3030.4042220085144,3030.4042220085144,3030.4042220085144,3030.4042220085144,3030.4042220085144,3030.4042220085144,3030.4042220085144,3030.4042220085144,3030.4042220085144,3138.0754086237207,3138.0754086237207,3520.013071544236,3894.5329791540494,4287.254844611063,4710.780114611063,5104.556533499953,5451.4581472049895,5726.470007204989,6014.666081093878,6278.377248115744,6515.944908115744,6785.863013115743,10800.0,10800.0,10800.0,10800.0,10800.0,10800.0,10800.0,10800.0,10800.0,10800.0,10800.0,10800.0,10800.0,10800.0,10800.0,10800.0,10800.0,10800.0,10800.0,10800.0,10800.0,10800.0,10800.0,10800.0,10800.0,10800.0,10800.0,10800.0,10800.0,10800.0,10800.0,10800.0,10800.0,10800.0,10800.0,10800.0,10800.0,10800.0,10663.978926799877,9974.350984461758,9278.041434191313,8566.813606571004,7825.268276061487,7069.648758107517,6364.69257391274,5645.209439488686,4887.822402451649,4168.027550599798,3477.8911061553536,2742.5262913405386,1992.1415320812794,1210.0252357849831,1210.0252357849831,1210.0252357849831,1210.0252357849831,1210.0252357849831,1210.0252357849831,1210.0252357849831,1210.0252357849831,1210.0252357849831,1832.4740205255052,1832.4740205255052,1200.0,1200.0,1200.0,1200.0,1200.0,1200.0,1200.0,1200.0,1200.0,1200.0
2025-06-21,3046.623128844645,2396.5860918076078,1749.4248881039039,1749.4248881039039,2340.4349629629633,2340.4349629629633,2340.4349629629633,2340.4349629629633,2340.4349629629633,2340.4349629629633,2340.4349629629633,2340.4349629629633,1748.2296296296297,1200.0,1200.0,1200.0,1200.0,1950.0,1950.0,1395.9095736668723,1395.9095736668723,1395.9095736668723,1395.9095736668723,1395.9095736668723,1395.9095736668723,1395.9095736668723,1395.9095736668723,1395.9095736668723,1395.9095736668723,1584.624523129325,1584.624523129325,1584.624523129325,2334.624523129325,3084.624523129325,2702.4651527589544,2342.3067535868654,3475.0209149394614,3311.395827025867,3204.0890334116016,3107.877272811484,3009.4665691077803,2932.6969852840216,2905.3392026026845,2905.3392026026845,2905.3392026026845,2905.3392026026845,2905.3392026026845,2905.3392026026845,2905.3392026026845,2905.3392026026845,2905.3392026026845,2905.3392026026845,2905.3392026026845,2905.3392026026845,2905.3392026026845,2905.3392026026845,2905.3392026026845,2905.3392026026845,2905.3392026026845,2905.3392026026845,2905.3392026026845,2905.3392026026845,2905.3392026026845,2905.3392026026845,2905.3392026026845,2962.9653597088072,2962.9653597088072,3386.4080057774627,3825.5884972182134,4275.464158363987,4739.964373363987,5214.49498466018,10800.0,10800.0,10800.0,10800.0,10800.0,10800.0,10800.0,10800.0,10800.0,10800.0,10800.0,10800.0,10800.0,10800.0,10800.0,10800.0,10800.0,10800.0,10800.0,10800.0,10800.0,10800.0,10800.0,10800.0,10800.0,10800.0,10800.0,10800.0,10800.0,10800.0,10800.0,10800.0,10800.0,10800.0,10800.0,10789.575891928685,10194.152108068824,10194.152108068824,9987.754067842716,9301.368833122518,9301.368833122518,8564.044952088709,7809.257290197296,7070.630837463851,6388.392424232381,5718.491006520622,5025.74841392803,4297.376858372474,3553.2635435576594,2802.4246546687705,2042.3542657798816,1253.3988028169188,1253.3988028169188,1253.3988028169188,1253.3988028169188,1253.3988028169188,1253.3988028169188,1253.3988028169188,1253.3988028169188,1253.3988028169188,1971.0389128169186,2032.0671350391406,2032.0671350391406,2032.0671350391406,1324.4467646687701,1324.4467646687701,1324.4467646687701,2053.17376466877,2762.3041196687705,2762.3041196687705,1994.9467122613632,1200.0000085576598
2025-06-22,4272.604947877122,4272.604947877122,4272.604947877122,4272.604947877122,4272.604947877122,4272.604947877122,4787.089485545579,4787.089485545579,4787.089485545579,4787.089485545579,4787.089485545579,4787.089485545579,4787.089485545579,4787.089485545579,4787.089485545579,4787.089485545579,5537.089485545579,6287.089485545579,6287.089485545579,6287.089485545579,5550.0,5550.0,5550.0,5550.0,5550.0,6300.0,7050.0,7800.0,8550.0,9300.0,9300.0,9300.0,10050.0,10800.0,10800.0,10176.146209664636,10046.992783160607,9524.277259093542,9046.012150188879,8626.24947799602,8263.968163181205,7984.13258359334,7890.983658237808,7890.983658237808,7731.375479939992,7731.375479939992,7309.880331791844,6917.073817404939,6613.9576741315495,6377.526755826998,6185.079296048342,6028.253554170815,5925.67049861526,5810.194207657918,5726.942233723323,5725.859707288807,5744.403090090518,5781.12105058461,5814.16456558461,5865.211554883106,5920.062258913697,5952.103882173396,5965.732788502726,5987.1143252262555,6038.694165226256,6097.557372865171,6847.5556478259105,6847.5556478259105,6847.5556478259105,6847.5556478259105,7557.16903282591,8209.892100010346,8016.432416864741,8766.43241686474,9516.43241686474,10266.43241686474,10800.0,10800.0,10747.85922214985,10629.755569838195,10433.163002233936,10215.746980168777,10000.43905424285,9753.934330693422,9455.660664509114,9087.488850698308,8736.236778464236,8394.448663041445,8394.448663041445,9144.448663041445,9945.993905709602,10695.993905709602,10799.999974086677,10799.999974086677,10799.999974086677,10799.999974086677,10799.999974086677,10799.999974086677,10799.999974086677,10799.999974086677,10799.999974086677,10766.926283581033,10728.942088839605,10703.789739405329,10687.77618269257,10687.77618269257,10664.719733749549,10624.909505715928,10615.927054338661,10610.26481783686,10610.26481783686,9701.72046527972,8787.885698666936,7865.0630722632395,6959.769357794148,6656.972635421355,6656.972635421355,5756.760629629631,4848.5032222222235,3945.522907407408,3023.97275925926,3023.97275925926,2108.166462962963,1200.0,1200.0,1200.0,1200.0,1200.0,1200.0,1200.0,1200.0,1200.0,1200.0,1200.0,1200.0,1200.0,1200.0,1200.0,1200.0,1200.0,1200.0,1200.0,1200.0,1200.0
2025-06-23,2705.0864242349194,2705.0864242349194,2705.0864242349194,2705.0864242349194,3455.0864242349194,3455.0864242349194,3455.0864242349194,3455.0864242349194,3455.0864242349194,3455.0864242349194,3455.0864242349194,4205.08642423492,4955.08642423492,5550.0,6300.0,6300.0,6300.0,7050.0,7050.0,7050.0,7800.0,7800.0,7800.0,7800.0,7800.0,7800.0,7800.0,7800.0,7800.0,7800.0,8550.0,9300.0,10050.0,10800.0,10800.0,10090.47797015274,10181.845524540517,9596.447858065963,9069.010011193575,8784.670421493882,8356.252977049437,8356.252977049437,8356.252977049437,8356.252977049437,8356.252977049437,8356.252977049437,7873.585643716103,7405.199076194127,6976.7109372111345,6575.665877023398,6179.911437074796,5814.409286830854,5499.509583127151,5249.544964451914,5044.30969732605,4891.610006833362,4786.3410046077315,4708.353809901094,4655.712087678871,4655.712087678871,4657.800081460748,4657.800081460748,4657.800081460748,4686.543109322203,4733.845204322203,5411.1894253682985,6067.244042817284,6676.861503054217,7311.334265938865,7888.334189082601,7959.304754082601,8509.102237807863,10054.113087289103,10166.261567137099,10755.264187038892,10767.492735,10800.0,10800.0,10742.952532889503,10690.963909838656,10672.447066423918,10668.18053960647,10398.36140997684,10092.60978821611,9798.042308380873,9559.111225862709,9559.111225862709,9364.45731054347,9143.16618091384,9332.90182918804,10070.184758617394,10779.751561776491,10777.800260790387,10777.800260790387,10777.800260790387,10769.604868530496,10763.636969441988,10763.636969441988,10763.636969441988,10772.617314909436,10787.537770388768,10793.7307748655,10793.7307748655,10796.023255659436,10799.999926963466,10799.999926963466,10799.999926963466,10799.999926963466,10799.999926963466,10799.999926963466,10799.999926963466,10459.25925925926,9533.333333333334,8607.407407407409,7681.481481481483,6755.555555555557,5829.6296296296305,4903.703703703704,3977.7777777777783,3051.851851851852,2125.925925925926,2125.925925925926,2125.925925925926,1200.0,1200.0,1200.0,1200.0,1200.0,1200.0,1200.0,1200.0,1200.0,1200.0,1200.0,1941.0167805301821,1941.0167805301821,1205.4001783333333,1205.4001783333333,1205.4001783333333,1205.4001783333333,1205.4001783333333,1205.4001783333333,1205.4001783333333,1205.4001783333333
2025-06-24,2352.515819765795,2352.515819765795,2352.515819765795,2352.515819765795,2352.515819765795,2352.515819765795,2352.515819765795,2352.515819765795,2352.515819765795,3102.515819765795,3102.515819765795,3102.515819765795,3102.515819765795,3102.515819765795,3102.515819765795,3852.515819765795,3852.515819765795,3300.0003525475895,3300.0003525475895,4050.0003525475895,4050.0003525475895,4050.0003525475895,4800.0,4800.0,5550.0,6300.0,7050.0,7800.0,8550.0,8550.0,8550.0,9300.0,10050.0,10800.0,10800.0,10082.534254879769,10112.256305341396,9516.696115542421,9506.2070375572,9486.534609581726,9460.846128100244,9452.402105829886,9440.960331416401,9410.697547790698,9410.697547790698,10119.565691299375,9441.855043151227,8804.798683839572,8225.677554226733,7672.200305611174,7168.994701953614,6716.013311063993,6272.388477730659,5834.605325407487,5417.581447816782,5059.418194106888,4704.016715829703,4333.652129831957,3984.2687594615863,3730.9992148297224,3522.9781786062863,3306.909855769539,3147.6739618491074,3058.6911792210467,2978.52151255438,3728.52151255438,4478.52151255438,5228.52151255438,5508.801838643154,6258.801838643154,7008.801838643154,7758.801838643154,7718.781950044634,8468.781950044635,9218.781950044635,9968.781950044635,9968.781950044635,9968.781950044635,9937.46861729418,9799.629313762845,9606.844063670515,9425.193466482391,9282.719170186096,9067.65801982267,8812.312011415954,8486.887642979285,8167.171028496853,7812.057381481627,7812.057381481627,8562.057381481627,10073.48393313373,10799.999994255893,10799.999994255893,10799.999994255893,10799.999994255893,10799.999994255893,10799.999994255893,10799.999994255893,10799.999994255893,10799.999994255893,10799.999994255893,10799.999994255893,10799.999994255893,10799.999994255893,10799.999994255893,10799.999994255893,10799.999994255893,10799.999994255893,10799.999994255893,10799.999994255893,10799.999994255893,10459.25925925926,10459.25925925926,10459.25925925926,9533.333333333334,8607.407407407409,7681.481481481483,6755.555555555557,5829.6296296296305,4903.703703703704,3977.7777777777783,3051.851851851852,2125.925925925926,1200.0,1200.0,1200.0,1200.0,1200.0,1200.0,1200.0,1200.0,1200.0,1935.1920300000002,1935.1920300000002,1935.1920300000002,1935.1920300000002,1935.1920300000002,1935.1920300000002,1935.1920300000002,1935.1920300000002,1209.2073077777782,1209.2073077777782,1209.2073077777782,1209.2073077777782
2025-06-25,2718.0552443606057,2718.0552443606057,2718.0552443606057,3468.0552443606057,4218.055244360606,4968.055244360606,4968.055244360606,4968.055244360606,4968.055244360606,4968.055244360606,4968.055244360606,4968.055244360606,4968.055244360606,4968.055244360606,4968.055244360606,4968.055244360606,4968.055244360606,5550.0,5550.0,5550.0,6300.0,7050.0,7050.0,7050.0,7050.0,7800.0,8550.0,9300.0,9300.0,9300.0,9300.0,9300.0,10050.0,10800.0,10800.0,10097.714416836414,10125.3813749798,9493.365234392753,8904.35675561068,8904.35675561068,8904.35675561068,8489.29368926409,8489.29368926409,8489.29368926409,8489.29368926409,9029.283280050846,9029.283280050846,8600.412844638226,8239.4664632968,7895.839700518787,7566.589440484979,7253.10366394759,6954.302608392034,6687.437461154259,6425.3370583347205,6193.074673727532,6004.962222398802,5795.342270762595,5535.5947522440765,5311.369143802014,5084.561560220284,4807.254566040384,4519.677165994714,4272.585936298856,4036.657924172846,4691.170495263144,5344.084151461751,5344.084151461751,6067.932244286998,6782.39288423985,7490.70342923985,8176.856048777598,9308.827860383117,9475.728544174342,10150.279363723963,10800.0,10800.0,10800.0,10771.797575698638,10659.562702875473,10535.724794348978,10456.443203908964,10374.889444649705,10253.961627962586,10088.937933627087,9857.063447276798,9607.537835877487,9336.319245908504,9030.955660184523,9300.0,10210.23324873074,10799.999990064323,10799.999990064323,10799.999990064323,10799.999990064323,10799.999990064323,10799.999990064323,10799.999990064323,10799.999990064323,10799.999990064323,10799.999990064323,10741.313999788392,10741.313999788392,10713.075552636921,10711.901864926813,10696.920448409875,10685.589232035632,10670.486796971478,10665.260638165637,10665.260638165637,10665.260638165637,9755.569643527973,8837.830342513485,7913.738106296079,6997.189966053671,6087.042482262494,5162.864877299182,4246.599851851852,3342.086888888889,2437.121703703704,1527.8693333333335,1527.8693333333335,1200.0,1200.0,1200.0,1200.0,1200.0,1200.0,1200.0,1200.0,1200.0,1200.0,1200.0,1200.0,1200.0,1200.0,1200.0,1200.0,1200.0,1200.0,1200.0,1200.0,1200.0,1200.0
2025-06-26,2525.473435310001,2525.473435310001,2525.473435310001,2525.473435310001,2525.473435310001,2525.473435310001,2525.473435310001,2525.473435310001,2525.473435310001,2525.473435310001,2525.473435310001,2525.473435310001,2525.473435310001,2525.473435310001,3275.473435310001,4025.473435310001,4025.473435310001,4025.473435310001,4775.473435310001,5525.473435310001,6275.473435310001,7025.473435310001,7775.473435310001,8525.473435310001,9275.473435310001,9275.473435310001,9275.473435310001,9275.473435310001,9275.473435310001,9275.473435310001,9275.473435310001,9300.0,10050.0,10800.0,10800.0,10038.600160787073,10119.786243910119,9518.07411362447,8998.083044229312,8522.074234645228,8572.936609645229,8642.02498352288,8705.318856258713,8784.033134667641,8864.086975043385,9614.086975043385,9614.086975043385,9085.373131162438,8622.12027979407,8199.3087790002,7754.760228165634,7286.880786055558,6853.583193462965,6526.819038412647,6245.241654145504,5974.6755025460525,5764.520301825923,5590.742920939275,5418.330717235572,5279.149733983114,5145.5856716464305,4981.598447762411,4822.119765699913,4708.9875224150655,4618.189744637288,5206.453098076617,5786.876637345625,6369.248252152656,6899.338703548184,7444.05385503369,7995.53445003369,8506.640134623627,10008.281003115091,10579.76568483047,10610.0788156225,10800.0,10800.0,10800.0,10800.0,10800.0,10800.0,10800.0,10800.0,10727.58948487001,10647.461170873523,10521.897447570454,10399.486794671986,10202.883814543897,10202.883814543897,10202.883814543897,10266.405067700069,10266.405067700069,10623.782812428219,10623.782812428219,10624.033296565627,10624.033296565627,10650.596306241388,10665.289897798279,10665.289897798279,10665.289897798279,10665.289897798279,10665.289897798279,10665.289897798279,10674.663698138138,10680.37534266305,10680.37534266305,10680.37534266305,10680.37534266305,10680.37534266305,10680.37534266305,10360.005451426287,10360.005451426287,9436.23100104779,8514.597578335655,7598.073054437791,6687.938789748036,5763.767031010963,4844.789888888889,3930.1195185185193,3022.205666666667,2112.9532962962967,2112.9532962962967,2112.9532962962967,1200.0,1200.0,1200.0,1200.0,1200.0,1200.0,1200.0,1200.0,1200.0,1200.0,1200.0,1200.0,1200.0,1200.0,1200.0,1200.0,1200.0,1200.0,1200.0,1200.0,1200.0
2025-06-27,2391.789529481425,3141.789529481425,3891.789529481425,3891.789529481425,3891.789529481425,3891.789529481425,3891.789529481425,3891.789529481425,3252.620381333277,2651.935029481425,2115.3436692796577,2115.3436692796577,2115.3436692796577,2115.3436692796577,2115.3436692796577,2115.3436692796577,2268.9474074074074,2268.9474074074074,2268.9474074074074,2268.9474074074074,1735.864,1200.0,1200.0,1200.0,1200.0,1200.0,1200.0,1200.0,1200.0,1714.986957285329,2464.986957285329,3214.986957285329,3214.986957285329,3964.986957285329,3607.306160989033,3272.2866539592824,4477.554676013875,4301.333335727071,4176.042300817782,4031.59178843134,3851.87215880171,3748.3412092882677,3696.0740165161455,3635.587602831218,3611.383075324723,3611.383075324723,3611.383075324723,3611.383075324723,3611.383075324723,3611.383075324723,3611.383075324723,3611.383075324723,3611.383075324723,3611.383075324723,3611.383075324723,3611.383075324723,3611.383075324723,3611.383075324723,3611.383075324723,3611.383075324723,3611.383075324723,3611.383075324723,3611.383075324723,3611.383075324723,3611.383075324723,3611.383075324723,3888.504037694555,4461.6828543382835,4992.436026833407,5512.968954883287,6022.859814883286,6488.5746911217875,10800.0,10800.0,10800.0,10800.0,10800.0,10800.0,10800.0,10800.0,10800.0,10800.0,10800.0,10800.0,10800.0,10800.0,10800.0,10800.0,10800.0,10800.0,10800.0,10800.0,10800.0,10800.0,10800.0,10800.0,10800.0,10800.0,10800.0,10800.0,10800.0,10800.0,10800.0,10800.0,10800.0,10800.0,10800.0,10232.055587315686,9643.511432230827,9643.511432230827,9643.511432230827,9487.498819421893,8833.87486822145,8165.612477448986,7461.193593363235,6724.518291708978,6071.45404667163,5413.340855105976,4692.933447698568,3992.357021772642,3325.7489106615308,2642.5044662170862,1944.9274662170862,1200.0000032541234,1200.0000032541234,1200.0000032541234,1200.0000032541234,1200.0000032541234,1200.0000032541234,1200.0000032541234,1200.0000032541234,1200.0000032541234,1200.0000032541234,1200.0000032541234,1200.0000032541234,1200.0000032541234,1200.0000032541234,1200.0000032541234,1200.0000032541234,1200.0000032541234,1200.0000032541234,1200.0000032541234,1200.0000032541234,1200.0000032541222
2025-06-28,2739.2488247063593,2739.2488247063593,2149.382972854507,2149.382972854507,2149.382972854507,2149.382972854507,2149.382972854507,2149.382972854507,2149.382972854507,2149.382972854507,1812.0244814814814,1200.0,1200.0,1200.0,1200.0,1200.0,1200.0,1950.0,1950.0,1950.0,1721.3287592592592,1200.0,1200.0,1200.0,1200.0,1200.0,1369.5523975087722,1369.5523975087722,1369.5523975087722,1369.5523975087722,2119.552397508772,2119.552397508772,2119.552397508772,2869.552397508772,2562.0925271384017,2266.6791820475055,3515.6442586523885,3296.8547448810696,3144.3484246284634,2987.897433054475,2789.6873034248456,2655.665499583027,2577.8346044988766,2520.5233005498203,2495.7118624714894,2495.7118624714894,2495.7118624714894,2495.7118624714894,2495.7118624714894,2495.7118624714894,2495.7118624714894,2495.7118624714894,2495.7118624714894,2495.7118624714894,2495.7118624714894,2495.7118624714894,2495.7118624714894,2495.7118624714894,2495.7118624714894,2495.7118624714894,2495.7118624714894,2495.7118624714894,2927.4064667747225,2927.4064667747225,3085.3728569939767,3572.5165116815074,4088.6819227037686,4673.1803408161595,5238.120171207455,5803.732277478295,6401.295077478295,6990.104195771403,10800.0,10800.0,10800.0,10800.0,10800.0,10800.0,10800.0,10800.0,10800.0,10800.0,10800.0,10800.0,10800.0,10800.0,10800.0,10800.0,10800.0,10800.0,10800.0,10800.0,10800.0,10800.0,10800.0,10800.0,10800.0,10800.0,10800.0,10800.0,10800.0,10800.0,10800.0,10800.0,10800.0,10800.0,10800.0,10800.0,10750.03750295267,10179.742924791479,9575.711080673604,9575.711080673604,8829.612564569812,8049.760552115233,7336.01590246,6713.775557711475,6047.502349072764,5363.877027102248,4760.747397472618,4123.883934509655,3427.1457678429883,2662.6939159911362,1918.0933419170622,1228.345656731877,1228.345656731877,1228.345656731877,1228.345656731877,1228.345656731877,1228.345656731877,1228.345656731877,1228.345656731877,1228.345656731877,1228.345656731877,1228.345656731877,1228.345656731877,1228.345656731877,1272.8307042968245,1272.8307042968245,1272.8307042968245,1272.8307042968245,1272.8307042968245,2011.0105692968245,2011.0105692968245,1200.0
2025-06-29,3132.3918221236986,2321.4084887903655,2321.4084887903655,2321.4084887903655,3071.4084887903655,3071.4084887903655,2238.1411554570323,1465.7467110125876,1465.7467110125876,1465.7467110125876,1800.0,2550.0,2550.0,2550.0,3300.0,3300.0,3300.0,3300.0,3300.0,4050.0,4800.0,4800.0,4800.0,5550.0,6300.0,6300.0,6300.0,6300.0,7050.0,7800.0,8550.0,9300.0,10050.0,10800.0,10800.0,10092.41631365258,10061.942360253637,9455.027582247458,8871.173960590666,8344.07525813392,7881.968832207994,7881.968832207994,7881.968832207994,7547.342028706006,7547.342028706006,8297.342028706007,7736.090232409711,7200.556006857908,6743.088690606173,6323.906633538825,5953.953686961655,5614.178405862876,5283.068998455469,4970.197511691537,4734.385005182139,4594.619438046023,4462.58853795273,4341.105164835613,4278.550331502281,4271.239289273638,4280.32637279766,4357.665972747479,4479.290747079419,4624.585253814198,4775.028053814198,5525.028053814198,6275.028053814198,6367.384530722982,6589.596674318413,6612.732717744013,6677.447877744013,7400.210208489959,6924.249971745827,7674.249971745827,8424.249971745827,9174.249971745827,9924.249971745827,9924.249971745827,9807.860583745338,9702.64868190212,9653.887845825302,9607.024964324375,9607.024964324375,9531.178665428972,9411.118357026427,9257.84495832362,9058.34613871541,8784.906779200846,8491.296816237884,8491.296816237884,10050.0,10050.0,10050.0,10050.0,10050.0,10800.0,10800.0,10800.0,10800.0,10800.0,10800.0,10800.0,10800.0,10800.0,10779.458048227976,10770.69547906152,10721.98199901185,10687.141809433415,10663.223480224904,10663.223480224904,10659.026815264058,10659.026815264058,9744.889059349705,9408.961408681136,9408.961408681136,8499.36854488597,7575.178463395207,6671.403907407408,5766.890944444444,4860.147925925926,3948.585037037037,3034.896148148148,2112.701222222222,1200.0,1200.0,1200.0,1200.0,1200.0,1200.0,1200.0,1200.0,1200.0,1200.0,1200.0,1200.0,1200.0,1200.0,1934.2331988067028,1934.2331988067028,1934.2331988067028,1934.2331988067028,1934.2331988067028,1200.0,1200.0
2025-06-30,3230.800018718628,3980.800018718628,3980.800018718628,3980.800018718628,3980.800018718628,4730.800018718628,5480.800018718628,6230.800018718628,6980.800018718628,6980.800018718628,6980.800018718628,6980.800018718628,7730.800018718628,8480.800018718628,8480.800018718628,8480.800018718628,8480.800018718628,8480.800018718628,8480.800018718628,8480.800018718628,8480.800018718628,8480.800018718628,8480.800018718628,8480.800018718628,8480.800018718628,9230.800018718628,9230.800018718628,9230.800018718628,9230.800018718628,9230.800018718628,9230.800018718628,9300.0,10050.0,10800.0,10800.0,10062.13044215706,10110.111581558825,9460.41442436323,8815.672939784265,8189.038866335948,7620.197225097451,7614.021830429901,7614.021830429901,7610.797374389653,7610.797374389653,7610.797374389653,7045.185152167431,6493.564153992529,6011.443591414895,5563.072565219464,5135.873725168893,4732.584097547148,4379.043727176778,4047.6411135855697,3744.8601929533615,3477.209872170434,3264.5852435422794,3093.355138582196,2956.897601545159,2840.856556449957,2795.8068776236355,2801.6257119790585,2840.0677759587634,2889.7967309168025,2946.9774359168027,3396.015987343556,4088.8075051104934,4800.0,5550.0,6300.0,7050.0,7800.0,8151.071504656234,8862.38750544257,9589.470267612644,10339.470267612644,10395.319587612643,10322.168038371594,10210.24932105287,10032.210959941758,9977.528176108559,9923.248834436685,9870.331760362611,9802.846129634185,9662.901820109175,9427.479223952492,9208.29832258825,8967.939727693687,8668.421209175169,9418.421209175169,10643.98675925926,10643.98675925926,10799.999995251603,10799.999995251603,10799.999995251603,10799.999995251603,10799.999995251603,10799.999995251603,10799.999995251603,10799.999995251603,10799.999995251603,10796.126293517917,10794.793546683195,10792.262980655129,10792.262980655129,10789.053028020417,10767.03576789609,10766.433638165852,10752.56131109592,10752.56131109592,10752.56131109592,10752.56131109592,9835.964005573904,9835.964005573904,9517.414352880947,8591.488426955022,7665.562501029096,6739.63657510317,5813.710649177244,4887.784723251318,3961.8587973253916,3057.286245,2131.3603190740737,1205.4343931481478,1205.4343931481478,1205.4343931481478,1205.4343931481478,1205.4343931481478,1205.4343931481478,1205.4343931481478,1205.4343931481478,1205.4343931481478,1205.4343931481478,1205.4343931481478,1205.4343931481478,1205.4343931481478,1205.4343931481478,1929.9480782277396,1929.9480782277396,1200.0,1200.0,1200.0,1200.0,1200.0
2025-07-01,2220.163405557127,2220.163405557127,2220.163405557127,2220.163405557127,2220.163405557127,2970.163405557127,2970.163405557127,2970.163405557127,2970.163405557127,2970.163405557127,2970.163405557127,2193.1249568124767,2193.1249568124767,2193.1249568124767,2193.1249568124767,2943.1249568124767,3693.1249568124767,4050.0,4800.0,5550.0,5550.0,5550.0,6300.0,6300.0,7050.0,7800.0,8550.0,8550.0,8550.0,8550.0,9300.0,9300.0,10050.0,10800.0,10800.0,10155.16700906081,7654.063098360181,7654.063098360181,7654.063098360181,7141.725702223766,6658.4046422344445,6658.4046422344445,6658.4046422344445,6658.4046422344445,6658.4046422344445,7408.4046422344445,6952.050642234444,6461.355279205456,6016.335629554574,5590.280903954782,5179.344639957962,4800.084040867545,4472.609263089767,4164.736253853499,3864.2197696556136,3591.3827901940604,3366.7215824275363,3194.5182015936025,3069.011146038047,2991.3394025181224,2945.692859282061,2945.692859282061,2972.159502867058,3023.4670773223397,3109.44791732234,3859.44791732234,4609.44791732234,5359.44791732234,6109.44791732234,6200.455638745395,6362.327298745395,6610.734409806182,5841.773993890056,6591.773993890056,7341.773993890056,8091.773993890056,8841.773993890056,9005.433888743999,9116.335550471102,9172.698241062748,9206.236513306963,9251.90431136662,9267.426731366619,9267.426731366619,9235.41344058071,9129.111428406693,8984.542974515247,8814.715558195372,8665.356297557833,9415.356297557833,10014.300239365655,10014.300239365655,10586.210435867146,10586.210435867146,10586.210435867146,10586.210435867146,10586.210435867146,10586.210435867146,10586.210435867146,10586.210435867146,10586.210435867146,10586.210435867146,10586.210435867146,10586.210435867146,10586.210435867146,10586.210435867146,10585.724931802493,10585.724931802493,10585.724931802493,10585.724931802493,10585.724931802493,10585.724931802493,9681.089626307958,8760.620920159667,7849.723648680107,6952.603131635261,6029.322547549042,5125.8883888888895,4240.969870370371,3921.1898703703705,3011.9375,2109.376388888889,2109.376388888889,1200.0,1200.0,1200.0,1200.0,1200.0,1200.0,1200.0,1200.0,1200.0,1200.0,1200.0,1200.0,1200.0,1200.0,1200.0,1200.0,1200.0,1200.0,1200.0,1200.0,1200.0
2025-07-02,1200.0,1200.0,1200.0,1200.0,1200.0,1200.0,1800.0,1800.0,1800.0,1800.0,1800.0,1800.0,2550.0,3300.0,4050.0,4050.0,4050.0,4050.0,4800.0,5550.0,5550.0,5550.0,6300.0,6300.0,6300.0,6300.0,6300.0,7050.0,7800.0,7800.0,8550.0,9300.0,10050.0,10800.0,10800.0,10141.75058769332,7990.922080163621,7431.132911597046,6911.926649401639,6454.396514077329,6062.7841992625135,6062.7841992625135,5821.576531159007,5626.655769659492,5626.655769659492,5641.043871269943,5278.857649047721,4923.534265217981,4637.0046917852505,4371.555192354613,4132.105070132141,3920.177152013465,3785.192652013465,3706.6514505098376,3673.7038500760286,3673.7038500760286,3673.7038500760286,3778.660442461597,3889.118552461597,4013.8754237855237,4182.7425719468165,4379.993562038341,4566.501433219978,4743.311988764102,5025.411588764103,5228.666923507924,5373.317929163614,5507.903697941968,5615.901422790387,5763.303538140714,5963.026123140715,6699.796116146366,4438.377365885895,5188.377365885895,5938.377365885895,6688.377365885895,7438.377365885895,7546.444885613867,7656.238210574193,7746.759540194743,7858.083746618564,7980.602638078818,8040.150868078817,8147.428652884896,8298.892766945672,8345.879464181473,8319.758115536888,8245.703909334143,8245.703909334143,8995.703909334143,10027.50334796803,10315.535054722095,10327.337740237766,10340.335400889795,10403.331363876858,10424.879398890382,10436.23438603986,10449.674831990364,10449.674831990364,10449.674831990364,10449.674831990364,10449.674831990364,10449.674831990364,10470.64788837267,10470.64788837267,10470.64788837267,10477.402238468227,10500.501931641345,10513.040057342983,10513.040057342983,10211.51668414557,10211.51668414557,9320.025468226126,8416.318311274332,7519.684358035062,6629.678519632586,5728.076123425477,4814.979111111112,4814.979111111112,3946.5968148148154,3026.0969259259264,2123.5413703703703,2123.5413703703703,1200.0,1200.0,1200.0,1200.0,1200.0,1200.0,1200.0,1200.0,1200.0,1200.0,1200.0,1200.0,1200.0,1200.0,1200.0,1200.0,1200.0,1200.0,1200.0,1200.0,1200.0
2025-07-03,1200.0,1200.0,1200.0,1200.0,1200.0,1200.0,1200.0,1200.0,1200.0,1200.0,1200.0,1950.0,1950.0,2700.0,3450.0,3450.0,3450.0,3450.0,4200.0,4200.0,4950.0,4950.0,4950.0,5700.0,5700.0,5700.0,5700.0,6300.0,7050.0,7800.0,8550.0,9300.0,10050.0,10800.0,10800.0,10112.062344886648,8679.515200626822,8118.146373055506,8123.305941573516,7646.919453316781,7170.976638501967,6761.171068805015,6372.942040524393,6231.691568423792,6231.691568423792,6235.101836945686,5616.449448056797,5045.233895007201,4545.058054554132,4053.7390015848227,3627.7175339901646,3253.2510254996837,2919.6525254996836,2635.4707287369015,2417.8670137472095,2217.2450983194826,2022.1278455569118,1884.5003268330133,1813.332845351532,1737.1762793960138,1639.7202122080637,1596.47836871862,1555.0870152891655,1532.5122012377058,1532.5122012377058,2182.5503152340025,2911.3527746070695,3661.3527746070695,4411.3527746070695,5161.3527746070695,5911.3527746070695,6661.3527746070695,6751.194875803181,7501.194875803181,8251.194875803181,8957.81266804148,9109.994538041481,9189.551850763275,9241.402727473018,9286.437807791259,9282.586752091593,9282.586752091593,9206.141085424926,9060.919457047012,8938.067341236061,8794.93297701979,8607.543611042267,8348.945598611901,8073.990839352642,8823.990839352642,9861.604450194343,9938.714638850477,9992.943669830682,10742.943669830682,10767.31015285695,10793.118650507582,10793.118650507582,10799.999993498965,10799.999993498965,10799.999993498965,10799.999993498965,10799.999993498965,10799.999993498965,10799.999993498965,10799.999993498965,10799.999993498965,10799.999993498965,10799.999993498965,10799.999993498965,10799.999993498965,10799.999993498965,10799.999993498965,10459.25925925926,9533.333333333334,8607.407407407409,7681.481481481483,7681.481481481483,6755.555555555557,5829.6296296296305,4903.703703703704,3977.7777777777783,3051.851851851852,2125.925925925926,1200.0,1200.0,1200.0,1200.0,1200.0,1200.0,1200.0,1200.0,1200.0,1200.0,1200.0,1200.0,1200.0,1200.0,1200.0,1200.0,1200.0,1200.0,1200.0,1200.0,1200.0
2025-07-04,1254.182055,1200.0006294618365,1200.0006294618365,1200.0006294618365,1200.0006294618365,1200.0006294618365,1200.0006294618365,1200.0006294618365,1200.0006294618365,1200.0006294618365,1200.0006294618365,1200.0006294618365,1200.0006294618365,1200.0006294618365,1200.0006294618365,1200.0006294618365,1200.0006294618365,1200.0006294618365,1200.0006294618365,1200.0006294618365,1200.0006294618365,1200.0006294618365,1200.0006294618365,1200.0006294618365,1950.0006294618365,2436.5048333333334,1841.8077407407404,1200.0,1200.0,1200.0,1334.6743435628846,2084.6743435628846,2084.6743435628846,2834.6743435628846,2523.0798250443654,2273.3486273987014,2260.2193117814754,2114.0681258211735,2003.1051649077172,1900.6977294618837,1782.0580257581798,1683.1466377096085,1612.043872325007,1612.043872325007,1612.043872325007,1612.043872325007,1612.043872325007,1612.043872325007,1612.043872325007,1612.043872325007,1612.043872325007,1612.043872325007,1612.043872325007,1612.043872325007,1612.043872325007,1612.043872325007,1612.043872325007,1612.043872325007,1612.043872325007,1612.043872325007,1612.043872325007,1612.043872325007,1612.043872325007,2148.590024623268,2148.590024623268,2720.588579447081,3294.1873622274597,3880.17504764238,4407.160676608895,4941.8331558810205,5508.83093588102,6074.284456801947,10800.0,10800.0,10800.0,10800.0,10800.0,10800.0,10800.0,10800.0,10800.0,10800.0,10800.0,10800.0,10800.0,10800.0,10800.0,10800.0,10800.0,10800.0,10800.0,10800.0,10800.0,10800.0,10800.0,10790.642992041237,10785.480276107282,10780.572755877707,10780.572755877707,10780.572755877707,10780.572755877707,10780.572755877707,10780.572755877707,10780.572755877707,10780.572755877707,10780.572755877707,10780.572755877707,10780.572755877707,10246.388450290382,10246.388450290382,10037.789104515954,10037.789104515954,9275.762845171894,8530.487871501055,7811.509382328541,7088.003511900754,6389.557199708808,5653.3360585145565,4845.406428884927,4090.52976221826,3393.28689184789,2668.616521477519,1926.920947403445,1200.0000029590005,1200.0000029590005,1200.0000029590005,1200.0000029590005,1200.0000029590005,1200.0000029590005,1200.0000029590005,1200.0000029590005,1200.0000029590005,1200.0000029590005,1200.0000029590005,1200.0000029590005,1200.0000029590005,1200.0000029590005,1200.0000029590005,1200.0000029590005,1200.0000029590005,1200.0000029590005,1200.0000029590005,1200.0000029590005,1200.0000029589987
2025-07-05,1851.3365555555563,1851.3365555555563,1851.3365555555563,1851.3365555555563,1851.3365555555563,1851.3365555555563,1200.0,1200.0,1200.0,1200.0,1200.0,1200.0,1200.0,1200.0,1200.0,1200.0,1200.0,1950.0,1950.0,1950.0,2555.507055555554,2555.507055555554,2555.507055555554,2555.507055555554,2555.507055555554,2555.507055555554,2555.507055555554,1867.38148148148,1200.0,1199.9999999999986,1949.9999999999986,1949.9999999999986,1949.9999999999986,2699.9999999999986,2699.9658886924085,2401.8442721308747,2577.8080409270997,2384.802222187307,2216.089524175456,2073.3121267095075,1940.7198304132112,1839.793468498005,1769.4253163904923,1769.4253163904923,1769.4253163904923,1769.4253163904923,1769.4253163904923,1769.4253163904923,1769.4253163904923,1769.4253163904923,1769.4253163904923,1769.4253163904923,1769.4253163904923,1769.4253163904923,1769.4253163904923,1769.4253163904923,1769.4253163904923,1769.4253163904923,1769.4253163904923,1769.4253163904923,1769.4253163904923,1769.4253163904923,1769.4253163904923,1769.4253163904923,1769.4253163904923,1769.4253163904923,1769.4253163904923,1882.1293325886002,1882.1293325886002,2443.2440719952465,3008.690701995246,3597.037398726069,10800.0,10800.0,10800.0,10800.0,10800.0,10800.0,10800.0,10800.0,10800.0,10800.0,10800.0,10800.0,10800.0,10800.0,10800.0,10800.0,10800.0,10800.0,10800.0,10800.0,10800.0,10800.0,10800.0,10777.685885637797,10777.685885637797,10777.685885637797,10769.302594484261,10737.631390743854,10730.76940820585,10730.76940820585,10730.76940820585,10733.210382992425,10733.210382992425,10735.585984398638,10735.585984398638,10735.585984398638,10735.585984398638,10735.585984398638,10735.585984398638,10735.585984398638,10183.42733293951,9446.293186034372,8708.421852792575,7977.644048152439,7293.061056749623,6579.619142222223,5770.296920000001,4961.45930888889,4212.325012592593,3477.2694570370377,2754.721438518519,2011.6042903703706,1237.6487348148148,1237.6487348148148,1237.6487348148148,1237.6487348148148,1237.6487348148148,1237.6487348148148,1237.6487348148148,1237.6487348148148,1237.6487348148148,1237.6487348148148,1237.6487348148148,1237.6487348148148,1237.6487348148148,1237.6487348148148,1237.6487348148148,1237.6487348148148,1237.6487348148148,1384.7575161211007,2116.567016121101,1200.0
2025-07-06,2108.661056121101,2108.661056121101,2108.661056121101,2108.661056121101,2108.661056121101,2858.661056121101,2858.661056121101,2858.661056121101,2858.661056121101,3608.661056121101,3608.661056121101,3608.661056121101,3608.661056121101,3608.661056121101,3608.661056121101,3608.661056121101,3608.661056121101,4358.661056121101,4358.661056121101,4358.661056121101,5108.661056121101,5858.661056121101,6608.661056121101,6608.661056121101,6608.661056121101,6608.661056121101,7050.0,7800.0,8550.0,8550.0,8550.0,9300.0,10050.0,10800.0,10800.0,10087.358657703944,9391.2514637874,8852.924064159615,8359.566681145223,7899.9734193301465,7470.143959456371,7470.143959456371,7470.143959456371,7184.344976219727,7184.344976219727,7184.344976219727,6740.719050293801,6320.880838044117,5942.724730050847,5559.157537499203,5247.621927348029,4937.336562796963,4637.541988722889,4396.149151499076,4214.425956499402,4018.9343051118663,3816.8020207659424,3700.3891475730206,3636.198184610058,3539.891965080483,3505.6486558030283,3505.6486558030283,3505.6486558030283,3533.5833638302747,3586.707468830275,4336.707468830275,5086.707468830275,5836.707468830275,6586.707468830275,6615.465834255292,6739.768329255292,7489.768329255292,7151.754085835479,7901.754085835479,8651.754085835479,9401.754085835479,9771.418525661375,9695.365403940179,9695.365403940179,9745.941090135384,9802.733655442931,9827.377337086522,9879.571472086522,9648.726908332615,9440.751686689937,9173.996093491678,8851.724558056285,8501.69528403293,8552.44892403293,9302.44892403293,10800.0,10800.0,10800.0,10800.0,10800.0,10800.0,10800.0,10800.0,10800.0,10800.0,10800.0,10800.0,10800.0,10755.219632267886,10691.178843267147,10661.932892810803,10639.03393811592,10639.03393811592,10628.111978127083,10628.111978127083,10628.111978127083,10628.111978127083,10628.111978127083,9706.333434059146,8784.883290674243,7876.878035574904,7555.591040684468,6678.277666666668,5785.236925925927,4871.498500000001,3951.922962962963,3040.200740740741,2122.250703703704,1200.0,1200.0,1200.0,1200.0,1200.0,1200.0,1200.0,1200.0,1200.0,1316.0783244444447,1316.0783244444447,1316.0783244444447,1316.0783244444447,1316.0783244444447,2042.8129528440968,2042.8129528440968,1200.0,1200.0,1200.0,1200.0,1200.0
2025-07-07,1200.0,1200.0,1200.0,1800.0,1800.0,1800.0,2550.0,3300.0,3300.0,3300.0,3300.0,3300.0,4050.0,4800.0,4800.0,4800.0,4800.0,5550.0,5550.0,5550.0,5550.0,5550.0,5550.0,5550.0,6300.0,6300.0,6300.0,6300.0,7050.0,7800.0,8550.0,9300.0,10050.0,10800.0,10800.0,10057.606891743248,9598.516237778209,9112.084350493926,8664.474654520913,8253.378688711,7877.394410933222,7540.473800811318,7250.186256904686,7071.931694569582,6998.362338846615,6803.007516418683,6429.705960863127,6133.151038401818,5934.211043389447,5743.9495472606395,5562.904922969474,5415.14930060307,5335.639967269736,5310.036689713099,5310.036689713099,5310.036689713099,5310.036689713099,5340.33602189751,5407.10241689751,5486.84273906608,5567.0048440923865,5610.823396184805,5624.08382265373,5657.75301502626,5718.32783002626,6415.208058042858,7165.208058042858,7272.383851468192,8022.383851468192,8772.383851468192,9522.383851468192,9764.729510768708,8331.661858045747,8593.077565576203,8734.675249293687,8819.113278239638,8835.811503239638,8871.226108630377,8917.276598562315,8992.679640451819,9101.776178840448,9185.49703887179,9304.94778387179,9304.94778387179,9304.94778387179,9208.124127257915,8990.868355029448,8744.00409347812,8497.111686070712,9247.111686070712,10800.0,10800.0,10800.0,10800.0,10800.0,10800.0,10799.888256951344,10799.888256951344,10799.888256951344,10799.888256951344,10799.888256951344,10799.888256951344,10799.888256951344,10799.888256951344,10799.888256951344,10799.888256951344,10799.999949873376,10799.999949873376,10799.999949873376,10799.999949873376,10799.999949873376,10799.999949873376,9874.07402394745,8948.148098021526,8022.2221720955995,7681.481481481483,6755.555555555557,5829.6296296296305,4903.703703703704,4903.703703703704,3977.7777777777783,3051.851851851852,2125.925925925926,1200.0,1200.0,1200.0,1200.0,1200.0,1200.0,1200.0,1200.0,1200.0,1350.241755925926,1350.241755925926,1350.241755925926,1350.241755925926,1350.241755925926,2076.0814809259264,2076.0814809259264,2076.0814809259264,2076.0814809259264,2076.0814809259264,2076.0814809259264,1208.385906851852
2025-07-08,2404.447321481482,2404.447321481482,2404.447321481482,2550.0,2550.0,2550.0,2550.0,2550.0,2550.0,2550.0,2550.0,2550.0,2550.0,2550.0,3300.0,3300.0,3300.0,4050.0,4800.0,4800.0,5550.0,6300.0,7050.0,7800.0,7800.0,7800.0,7800.0,8550.0,8550.0,8550.0,8550.0,9300.0,10050.0,10800.0,10800.0,9962.506479111464,10063.164156255316,9403.03733188049,8759.904432937952,8115.829229449901,7543.318414635086,7066.573236154604,7054.802409152253,6688.819032859073,6331.674763129264,6331.674763129264,5696.975022388523,5091.107754625298,4594.5270198746775,4183.419645478104,3822.1480247579957,3504.7321303488743,3196.776204422948,2922.9463144025476,2710.0834270246205,2547.9562977749792,2423.888214164115,2343.3424901126755,2280.7582864089713,2230.8197685153364,2203.81690473243,2203.81690473243,2203.81690473243,2203.81690473243,2209.96630473243,2959.96630473243,3709.96630473243,4459.96630473243,5209.96630473243,5959.96630473243,6180.02402973243,6930.023852987722,8199.404697727361,8949.404697727361,9699.404697727361,10449.404697727361,10799.999990494774,10799.999990494774,10798.091053693926,10800.0,10800.0,10800.0,10713.036555555556,10613.821945240297,10455.67803061782,10187.949087345714,9858.63806845913,9455.594785510624,8934.64960032544,9573.228559970292,10800.0,10799.293784305544,10768.009023557745,10758.936990295571,10799.99999694845,10799.99999694845,10799.99999694845,10799.99999694845,10799.99999694845,10799.99999694845,10799.068060604499,10799.068060604499,10799.068060604499,10799.068060604499,10789.727519004222,10789.727519004222,10789.727519004222,10789.727519004222,10783.768935724618,10783.768935724618,10783.768935724618,10783.768935724618,10783.768935724618,9859.111774814815,8933.18584888889,8007.259922962964,7081.333997037038,6155.408071111112,5229.482145185186,4907.727830370371,3981.801904444445,3055.875978518519,2129.950052592593,1204.0241266666667,1204.0241266666667,1204.0241266666667,1204.0241266666667,1204.0241266666667,1204.0241266666667,1204.0241266666667,1204.0241266666667,1204.0241266666667,1934.2305988242288,1934.2305988242288,1200.0,1200.0,1200.0,1200.0,1200.0,1200.0,1200.0,1200.0,1200.0,1200.0
2025-07-09,4440.7811516603415,4440.7811516603415,4440.7811516603415,4440.7811516603415,4440.7811516603415,4440.7811516603415,4440.7811516603415,4440.7811516603415,4440.7811516603415,4440.7811516603415,4440.7811516603415,4440.7811516603415,4440.7811516603415,4440.7811516603415,5190.7811516603415,5190.7811516603415,5190.7811516603415,5190.7811516603415,5190.7811516603415,5940.7811516603415,6690.7811516603415,6690.7811516603415,6690.7811516603415,7440.7811516603415,7440.7811516603415,7440.7811516603415,7440.7811516603415,7440.7811516603415,8190.7811516603415,8940.781151660341,9300.0,9300.0,10050.0,10800.0,10800.0,9992.286425462049,10101.586367279384,9466.451359047758,8806.472896556648,8206.109391620865,7716.710150880124,7204.219116845671,6672.750775027349,6164.674734339794,6164.674734339794,6164.674734339794,5536.231715821275,5032.518452273899,4632.118280829435,4243.6093571463225,3931.2783109708867,3638.8408043888944,3354.00785994445,3191.4816866745623,3125.238733304215,3048.51950345873,2989.714692937471,2989.714692937471,2989.714692937471,2985.884992375021,2956.4505153227033,2952.040431302894,2939.1560859666265,2939.1560859666265,2939.1560859666265,3689.1560859666265,4439.156085966626,5189.156085966626,5939.156085966626,6300.0,7050.0,7800.0,9250.988399896018,9300.0,10050.0,10800.0,10800.0,10800.0,10800.0,10800.0,10800.0,10800.0,10588.199706181538,10412.919951675112,10212.379591403334,9952.572467187789,9679.568702971683,9396.847275991311,9104.891720435755,9854.891720435755,10799.999997697692,10799.999997697692,10799.999997697692,10799.999997697692,10799.999997697692,10799.999997697692,10799.999997697692,10799.999997697692,10799.999997697692,10799.999997697692,10795.673269231711,10795.673269231711,10788.681487021036,10788.681487021036,10751.196188490303,10735.786326585914,10712.037859744187,10698.62748765134,10689.617878852101,10689.617878852101,10689.617878852101,10689.617878852101,10689.617878852101,9799.892013451867,8873.966087525941,7962.977796620189,7056.5058762327035,6724.6404275925925,5828.249686851852,4902.323760925926,3976.3978349999998,3064.6756127777776,2146.7255757407406,1220.7996498148148,1220.7996498148148,1220.7996498148148,1220.7996498148148,1220.7996498148148,1220.7996498148148,1220.7996498148148,1220.7996498148148,1934.0633437446631,1934.0633437446631,1200.0,1200.0,1200.0,1200.0,1200.0,1200.0,1200.0,1200.0,1200.0,1200.0,1200.0
2025-07-10,4706.805996589017,4706.805996589017,4706.805996589017,4706.805996589017,4706.805996589017,4706.805996589017,4706.805996589017,4706.805996589017,5456.805996589017,5456.805996589017,5456.805996589017,5456.805996589017,5456.805996589017,5456.805996589017,5456.805996589017,5456.805996589017,5456.805996589017,5456.805996589017,5456.805996589017,5456.805996589017,5456.805996589017,6206.805996589017,6300.0,6300.0,6300.0,7050.0,7050.0,7800.0,7800.0,7800.0,8550.0,9300.0,10050.0,10800.0,10800.0,10016.372887469563,10164.825853911188,9571.584814562244,9048.664083769205,9043.064448907367,8635.458782240701,8243.234227348767,8230.38650749066,7872.895416284123,7588.766509980699,7538.52752052876,6839.061094602834,6217.156899574343,5686.39689745955,5188.138476239715,4797.728800755764,4479.700098138174,4180.18489443447,3869.012083391756,3602.8788097529127,3402.1277177742245,3263.153528732255,3247.5630410470767,3247.5630410470767,3247.5630410470767,3255.064973720804,3330.937822807355,3484.0637661978876,3668.784715427171,3902.847265427171,4652.847265427171,5402.847265427171,5609.245462963972,5795.5242091717355,6016.166922226,6766.166335805596,7516.166335805596,8405.056491263465,9155.056491263465,9905.056491263465,10655.056491263465,10718.095881263465,10759.262280474388,10798.358832498798,10800.0,10800.0,10800.0,10660.6845013097,10482.404818862462,10262.272603964702,10012.196251363863,9734.056649469467,9447.71544273624,9091.990164958463,9841.990164958463,10799.999996618839,10799.999996618839,10799.999996618839,10799.999996618839,10799.999996618839,10799.999996618839,10799.999996618839,10799.999996618839,10799.999996618839,10799.999996618839,10799.999996618839,10799.999996618839,10799.999996618839,10799.999996618839,10790.235404177554,10790.235404177554,10790.235404177554,10790.235404177554,10790.235404177554,10790.235404177554,10790.235404177554,10790.235404177554,10790.235404177554,9864.30947825163,8938.383552325704,8012.457626399778,7086.531700473852,6160.605774547926,5234.679848622,4308.7539226960735,3382.8279967701474,3051.851851851852,2125.925925925926,1200.0,1200.0,1200.0,1200.0,1200.0,1200.0,1200.0,1200.0,1200.0,1200.0,1200.0,1200.0,1200.0,1200.0,1200.0,1200.0,1200.0,1200.0,1200.0,1200.0,1200.0
2025-07-11,4400.320527289618,4400.320527289618,5150.320527289618,5150.320527289618,4310.174230993322,3624.641314814815,2812.129296296296,2039.0422592592595,2039.0422592592595,2039.0422592592595,2039.0422592592595,2039.0422592592595,1200.0,1200.0,1200.0,1200.0,1200.0,1200.0,1200.0,1200.0,1920.5385173305021,1920.5385173305021,1920.5385173305021,1920.5385173305021,1920.5385173305021,1920.5385173305021,1920.5385173305021,1920.5385173305021,1920.5385173305021,1920.5385173305021,1920.5385173305021,2670.538517330502,3420.538517330502,4170.538517330502,4170.538517330502,3721.7975522832667,6963.447160739839,6628.096091267122,6331.286063588199,6037.068864147275,5758.1709567398675,5490.39042221114,5316.8107751397565,5316.8107751397565,5316.8107751397565,5316.8107751397565,5316.8107751397565,5316.8107751397565,5316.8107751397565,5316.8107751397565,5316.8107751397565,5316.8107751397565,5316.8107751397565,5316.8107751397565,5316.8107751397565,5316.8107751397565,5316.8107751397565,5316.8107751397565,5316.8107751397565,5316.8107751397565,5316.8107751397565,5316.8107751397565,5316.8107751397565,5316.8107751397565,5316.8107751397565,5348.397683771733,5728.309586565012,6072.567112721077,6400.483835209549,6705.492889519913,7033.189819519913,7302.4396132026395,10800.0,10800.0,10800.0,10800.0,10800.0,10800.0,10800.0,10800.0,10800.0,10800.0,10800.0,10800.0,10800.0,10800.0,10800.0,10800.0,10800.0,10800.0,10800.0,10800.0,10800.0,10800.0,10800.0,10800.0,10800.0,10800.0,10800.0,10800.0,10800.0,10800.0,10800.0,10800.0,10800.0,10800.0,10800.0,10800.0,10800.0,10800.0,10800.0,10800.0,10800.0,9928.51826978355,9087.356810324603,8244.454500173948,7385.388110454274,6750.143203703705,5824.217277777779,4898.291351851853,3977.7777777777783,3051.851851851852,2125.925925925926,1200.0,1200.0,1200.0,1200.0,1200.0,1200.0,1200.0,1200.0,1200.0,1924.3155853090184,1924.3155853090184,1924.3155853090184,1924.3155853090184,1924.3155853090184,1924.3155853090184,1924.3155853090184,1924.3155853090184,1200.0,1200.0,1200.0,1200.0
2025-07-12,4482.269242228342,4410.406851851852,3598.5758703703705,2804.795962962963,2804.795962962963,2804.795962962963,2007.0962962962963,1200.0,1200.0,1200.0,1950.0,1950.0,1950.0,1200.0,1200.0,1200.0,1950.0,1950.0,1950.0,1291.3666666666668,1291.3666666666668,1291.3666666666668,1912.8528197105538,1912.8528197105538,1912.8528197105538,1912.8528197105538,1912.8528197105538,1912.8528197105538,1202.6319104448498,1202.6319104448498,1202.6319104448498,1952.6319104448498,2702.63191044485,3452.63191044485,3452.63191044485,3051.015819158111,6295.311646626282,5964.099777045498,5699.828412575962,5517.817521063669,5377.834484026632,5233.104522473024,5079.4337640211115,4974.097160596847,4958.498342999268,4958.498342999268,4958.498342999268,4958.498342999268,4958.498342999268,4958.498342999268,4958.498342999268,4958.498342999268,4958.498342999268,4958.498342999268,4958.498342999268,4958.498342999268,4958.498342999268,4958.498342999268,4958.498342999268,4958.498342999268,4958.498342999268,4958.498342999268,4958.498342999268,4958.498342999268,4958.498342999268,4958.498342999268,4958.498342999268,4958.498342999268,4967.632126020554,5335.001741248617,5786.490581248617,6132.616262853694,10800.0,10800.0,10800.0,10800.0,10800.0,10800.0,10800.0,10800.0,10800.0,10800.0,10800.0,10800.0,10800.0,10800.0,10800.0,10800.0,10782.627222222221,10782.627222222221,10732.555498817374,10722.046936412004,10684.537446644226,10650.875792324976,10650.875792324976,10645.687431470886,10645.687431470886,10637.705728102239,10624.019591288434,10624.019591288434,10624.019591288434,10624.019591288434,10624.019591288434,10624.019591288434,10624.019591288434,10624.019591288434,10624.019591288434,10624.019591288434,10624.019591288434,10624.019591288434,10624.019591288434,10624.019591288434,10624.019591288434,9772.019782578138,8934.368921768591,8114.581238652012,7237.5979024818635,6321.0000943125815,5406.980912552541,4498.922264404392,3601.17754218217,3038.929722222222,2125.925925925926,1200.0,1200.0,1200.0,1200.0,1200.0,1200.0,1200.0,1200.0,1200.0,1924.3158300000002,1924.3158300000002,2663.562160863914,2663.562160863914,2663.562160863914,2663.562160863914,2663.562160863914,2663.562160863914,2663.562160863914,2663.562160863914,2663.562160863914,1746.231364567618
2025-07-13,5657.035876798532,5657.035876798532,5657.035876798532,5657.035876798532,5657.035876798532,5657.035876798532,5657.035876798532,5657.035876798532,5657.035876798532,5657.035876798532,5657.035876798532,5657.035876798532,5657.035876798532,5657.035876798532,5657.035876798532,5657.035876798532,5657.035876798532,5657.035876798532,5657.035876798532,6407.035876798532,6407.035876798532,6407.035876798532,6407.035876798532,6407.035876798532,6407.035876798532,6407.035876798532,6407.035876798532,6407.035876798532,7157.035876798532,7907.035876798532,8657.03587679853,9407.03587679853,10050.0,10800.0,10800.0,9971.125012758559,10067.975532277076,9395.657185254044,8772.742157841261,8194.30319098429,7616.479857650957,7023.6408565785505,6484.352393021215,6042.442893812024,5733.97969009356,5733.97969009356,5162.100227130597,4606.196656941452,4157.161875133185,3749.046909071713,3380.5530607983283,3055.5415946926814,2821.4501687667557,2677.052017519352,2551.9052374600137,2448.594830688058,2448.594830688058,2448.594830688058,2439.0531640213917,2402.14226028354,2404.6112927818767,2404.6112927818767,2406.0784700659715,2406.0784700659715,2471.4404900659715,3221.4404900659715,3971.4404900659715,4313.043015333173,5039.905431308885,5789.905431308885,6539.905431308885,7289.905431308885,9129.12922358631,9428.929802976018,9701.818336938242,10192.234775421499,10283.607905421499,10390.683801238905,10526.915528382598,10626.271606431328,10712.47412725345,10774.996981076401,10793.946361076401,10800.0,10800.0,10675.885258201426,10470.989315718587,10221.155338043522,9964.896930636114,10049.999996826511,10799.999996765215,10799.999996765215,10799.999996765215,10799.999996765215,10799.999996765215,10799.999996765215,10799.999996765215,10799.999996765215,10799.999996765215,10799.999996765215,10799.999996765215,10799.999996765215,10799.999996765215,10799.999996765215,10799.999996765215,10799.999996765215,10799.999996765215,10799.999996765215,10799.999996765215,10799.999996765215,10799.999996765215,10799.999996765215,10799.999996765215,9874.07407083929,8948.148144913364,8607.407407407409,7681.481481481483,6755.555555555557,5829.6296296296305,4903.703703703704,3977.7777777777783,3051.851851851852,2125.925925925926,1200.0,1200.0,1200.0,1200.0,1200.0,1200.0,1200.0,1200.0,1200.0,1200.0,1200.0,1200.0,1200.0,1200.0,1200.0,1200.0,1200.0,1200.0,1200.0,1200.0,1200.0
2025-07-14,4945.8251681301135,4945.8251681301135,4945.8251681301135,4945.8251681301135,4945.8251681301135,4945.8251681301135,4945.8251681301135,4945.8251681301135,5695.8251681301135,5695.8251681301135,5695.8251681301135,5695.8251681301135,5695.8251681301135,5695.8251681301135,5695.8251681301135,5695.8251681301135,6300.0,6300.0,6300.0,6300.0,6300.0,6300.0,6300.0,7050.0,7050.0,7050.0,7800.0,7800.0,7800.0,7800.0,8550.0,9300.0,10050.0,10800.0,10800.0,10048.05273640277,10114.975645540944,9483.025688597898,8911.085380122198,8390.492339145134,7913.139024330319,7460.103842023353,7033.954008991745,6643.949650364377,6372.335380031922,6372.335380031922,5867.894380031922,5350.024073384984,4900.993733479077,4488.27132806268,4173.952095950723,3947.804721364816,3796.916313957409,3671.84124352247,3594.449551402446,3584.3965018560093,3560.185132025247,3555.586673013284,3555.586673013284,3569.917644984486,3608.411800171417,3622.405692489373,3635.5785970571587,3665.9584506867545,3788.7430506867545,3931.190067241879,4681.19006724188,5431.19006724188,6153.740032891685,6300.0,7050.0,7800.0,8850.548903831608,9600.548903831608,10050.0,10800.0,10800.0,10800.0,10800.0,10800.0,10800.0,10781.450318213905,10724.104095991683,10620.19331774755,10482.086231073754,10333.071392688676,10205.674542639455,10053.210809868984,9864.505587646761,10549.027278897831,10800.0,10800.0,10798.287957808772,10743.117853820748,10692.57004553936,10692.57004553936,10692.57004553936,10692.57004553936,10692.57004553936,10692.57004553936,10692.57004553936,10692.57004553936,10692.57004553936,10692.57004553936,10692.57004553936,10692.57004553936,10679.026882673143,10679.026882673143,10677.34083481482,10677.34083481482,10677.34083481482,10677.34083481482,10677.34083481482,9754.413321283808,8828.487395357883,8518.325046309035,7620.723614069995,6694.797688144069,5768.871762218143,4842.945836292217,3917.019910366291,2991.0939844403647,2125.925928884809,1200.0000029588828,1200.0000029588828,1200.0000029588828,1200.0000029588828,1200.0000029588828,1200.0000029588828,1200.0000029588828,1200.0000029588828,1200.0000029588828,1200.0000029588828,1200.0000029588828,1200.0000029588828,1200.0000029588828,1200.0000029588828,1200.0000029588828,1200.0000029588828,1200.0000029588828,1200.0000029588828,1200.0000029588828,1200.0000029588828,1200.000002958886
2025-07-15,4091.6819452994714,4841.681945299471,4841.681945299471,4841.681945299471,4841.681945299471,4841.681945299471,4841.681945299471,4841.681945299471,4841.681945299471,4841.681945299471,4050.0033098431686,4050.0033098431686,4050.0033098431686,4800.003309843169,5550.003309843169,5550.003309843169,5550.003309843169,5550.003309843169,5550.003309843169,6300.003309843169,6300.003309843169,7050.003309843169,7800.003309843169,7800.003309843169,7800.003309843169,7800.003309843169,8550.0,9300.0,9300.0,9300.0,9300.0,9300.0,10050.0,10800.0,10800.0,10004.822799185195,10070.237238754002,9418.249069765254,8789.333580236098,8198.42750126246,7712.819464225423,7302.38542327264,6895.423274902668,6551.529524237299,6308.506929241883,5998.985425804265,5616.7310183968575,5255.7696582541475,4938.354578034481,4609.116340840944,4369.680708649158,4197.341136482759,4076.256840186463,4008.7304191077287,3979.9808144759763,3979.9808144759763,3979.9808144759763,3979.9808144759763,3999.6265244759766,4043.869360818482,4132.225879944252,4244.237755926843,4394.642907883766,4556.873878085898,4708.056373085898,4897.973170698144,5647.973170698144,5654.1353731981435,5659.830568020167,6300.0,7050.0,7800.0,8803.195456579546,9300.0,10050.0,10800.0,10800.0,10800.0,10800.0,10800.0,10800.0,10800.0,10679.776277076382,10608.348335130413,10480.071638496882,10285.20787846269,10095.873450948808,9904.760809344356,9699.313087122135,10050.0,10799.99999680837,10799.99999680837,10799.99999680837,10799.99999680837,10799.99999680837,10799.99999680837,10799.99999680837,10799.99999680837,10799.99999680837,10799.99999680837,10799.99999680837,10799.99999680837,10799.99999680837,10799.99999680837,10799.99999680837,10799.99999680837,10799.99999680837,10799.99999680837,10799.99999680837,10799.99999680837,10799.99999680837,10799.99999680837,10799.99999680837,9874.074070882445,8948.14814495652,8607.407407407409,7681.481481481483,6755.555555555557,5829.6296296296305,4903.703703703704,3977.7777777777783,3051.851851851852,2125.925925925926,1200.0,1200.0,1200.0,1200.0,1200.0,1200.0,1200.0,1200.0,1200.0,1200.0,1200.0,1200.0,1200.0,1200.0,1200.0,1200.0,1200.0,1200.0,1200.0,1200.0,1200.0
2025-07-16,4322.583093355099,4322.583093355099,4322.583093355099,4322.583093355099,4322.583093355099,4322.583093355099,4322.583093355099,4322.583093355099,4322.583093355099,4322.583093355099,3396.6573427795147,3396.6573427795147,3396.6573427795147,3396.6573427795147,4146.657342779515,4146.657342779515,4146.657342779515,4146.657342779515,4146.657342779515,4146.657342779515,4146.657342779515,4146.657342779515,4146.657342779515,4146.657342779515,4146.657342779515,4896.657342779515,5646.657342779515,6396.657342779515,7146.657342779515,7896.657342779515,8646.657342779516,9300.0,10050.0,10800.0,10800.0,10010.365182995976,10018.264762396759,9362.403693389118,8759.220433229091,8189.200146333806,7685.33085003751,7270.094196152681,6898.621398268387,6501.538796180995,6214.619758671794,5840.075534608721,5328.62792349761,4882.435925995729,4552.327085894668,4244.860654707493,4040.1032787385916,3896.1394695665736,3787.7489695665736,3722.2475583342025,3722.2475583342025,3738.2369720128386,3738.2369720128386,3758.847647637965,3823.4438576379653,3899.756029849123,3998.6107834805034,4097.984697787145,4197.890954481213,4280.364300639283,4401.988830639283,4595.3978332678425,5345.3978332678425,6067.312041991456,6780.3502901341735,6885.3898934707695,7089.80729847077,7804.296096102389,8888.31208936985,9545.665914113331,10166.275073692721,10779.500362790397,10779.500362790397,10779.500362790397,10779.500362790397,10747.036560115543,10711.17987546097,10696.449214323366,10696.449214323366,10626.657018474047,10492.124967121297,10338.375785436645,10124.711946961532,9825.625903387852,9451.312736721186,10060.47389538736,10799.999997355277,10799.999997355277,10799.999997355277,10799.999997355277,10799.999997355277,10799.999997355277,10799.999997355277,10799.999997355277,10799.999997355277,10799.999997355277,10799.999997355277,10799.999997355277,10799.999997355277,10799.999997355277,10799.999997355277,10799.999997355277,10799.999997355277,10799.999997355277,10799.999997355277,10799.999997355277,10799.999997355277,10799.999997355277,10799.999997355277,9874.074071429352,8948.148145503426,8022.2222195775,7096.296293651574,6170.370367725648,5829.6296296296305,4903.703703703704,3977.7777777777783,3051.851851851852,2125.925925925926,1200.0,1200.0,1200.0,1200.0,1200.0,1200.0,1200.0,1200.0,1200.0,1200.0,1200.0,1200.0,1200.0,1200.0,1200.0,1200.0,1200.0,1200.0,1200.0,1200.0,1200.0
2025-07-17,3606.0148589840674,3606.0148589840674,3606.0148589840674,4356.014858984067,4356.014858984067,4356.014858984067,4356.014858984067,4356.014858984067,5106.014858984067,5106.014858984067,5106.014858984067,5106.014858984067,5106.014858984067,5106.014858984067,5106.014858984067,5106.014858984067,5106.014858984067,5856.014858984067,5856.014858984067,5856.014858984067,5856.014858984067,5856.014858984067,6606.014858984067,7356.014858984067,8106.014858984067,8106.014858984067,8106.014858984067,8106.014858984067,8106.014858984067,8856.014858984068,9300.0,9300.0,10050.0,10800.0,10800.0,10051.15645485741,10117.402039934881,9443.812694561293,8798.382840274677,8222.454850403374,7727.800665218188,7279.533438347012,6868.751533402467,6484.324793844148,6186.522501737707,5809.450199883006,5341.695903586709,4888.556144796112,4511.487623079388,4163.04633695532,3865.7948034577084,3576.8644136200123,3264.392154360753,3000.1371950327725,2822.9907701430984,2722.47221797385,2630.381059800637,2595.868438274099,2595.868438274099,2595.868438274099,2650.215808744704,2764.0745622682507,2910.6735207309252,3076.1396671094676,3284.367057109468,4034.367057109468,4784.367057109468,5498.65297048022,6179.358214092301,6587.955149624584,7313.7016046245835,7991.252120177377,8957.097618887456,9140.464233882713,9890.464233882713,10640.464233882713,10674.012873882713,10723.752049525194,10767.019019305984,10800.0,10800.0,10800.0,10800.0,10698.810719097775,10521.822347458348,10351.442230340528,10152.717071643914,9895.401072842922,9541.650424694773,9541.650424694773,9919.548211911355,9870.715533949891,10528.99250450643,10501.822149766727,10501.822149766727,10501.822149766727,10487.07602449541,10442.785893751003,10442.785893751003,10433.077172056881,10433.077172056881,10424.313520968437,10420.603713837865,10371.933819411828,10371.933819411828,10371.933819411828,10371.933819411828,10371.933819411828,10371.933819411828,10371.933819411828,10371.933819411828,10371.933819411828,10371.933819411828,9495.188355401966,8608.049821693805,7695.453861768699,6801.777806972721,5966.201834932505,5086.970353451024,4171.491685185186,3871.4462962962966,3051.851851851852,2125.925925925926,1200.0,1200.0,1200.0,1200.0,1200.0,1200.0,1200.0,1200.0,1200.0,1200.0,1200.0,1200.0,1200.0,1200.0,1200.0,1200.0,1200.0,1200.0,1200.0,1200.0,1200.0
2025-07-18,3800.782576421747,3800.782576421747,3800.782576421747,3800.782576421747,3800.782576421747,3800.782576421747,3010.510446792117,2264.04378012545,2264.04378012545,2264.04378012545,2264.04378012545,2264.04378012545,2264.04378012545,2145.057913116368,2145.057913116368,2145.057913116368,2895.057913116368,2895.057913116368,2895.057913116368,2895.057913116368,2895.057913116368,2234.0193575608123,2234.0193575608123,2234.0193575608123,2234.0193575608123,2234.0193575608123,2234.0193575608123,2234.0193575608123,2234.0193575608123,2234.0193575608123,2234.0193575608123,2234.0193575608123,2984.019079271036,3734.019079271036,3307.382005196962,2929.6735504661874,6079.024852576412,5824.272821779374,5609.974232359056,5409.181076985979,5198.648299208202,5015.717999902803,4896.536460059179,4828.978464404201,4779.0487283744,4779.0487283744,4779.0487283744,4779.0487283744,4779.0487283744,4779.0487283744,4779.0487283744,4779.0487283744,4779.0487283744,4779.0487283744,4779.0487283744,4779.0487283744,4779.0487283744,4779.0487283744,4779.0487283744,4779.0487283744,4779.0487283744,4779.0487283744,4779.0487283744,4779.0487283744,4779.0487283744,5012.681464612926,5378.129897925379,5720.72880963772,6003.486917166806,6256.629590591923,6561.150110591923,6804.965806562654,10800.0,10800.0,10800.0,10800.0,10800.0,10800.0,10800.0,10800.0,10800.0,10800.0,10800.0,10800.0,10800.0,10800.0,10800.0,10800.0,10800.0,10800.0,10800.0,10800.0,10800.0,10800.0,10800.0,10800.0,10800.0,10800.0,10800.0,10800.0,10800.0,10800.0,10788.6050774254,10765.948497408826,10765.948497408826,10765.948497408826,10765.948497408826,10765.948497408826,10765.948497408826,10765.948497408826,10765.948497408826,10765.948497408826,10765.948497408826,9910.037471077281,9059.644365062784,8237.541278551611,7401.359162190046,6555.731036628506,5666.382888480358,4848.633203295172,4054.450869961839,3282.64161070258,2475.81048107295,1611.99598107295,1200.0000031345244,1200.0000031345244,1200.0000031345244,1200.0000031345244,1200.0000031345244,1200.0000031345244,1200.0000031345244,1200.0000031345244,1200.0000031345244,1200.0000031345244,1200.0000031345244,1200.0000031345244,1200.0000031345244,1200.0000031345244,1200.0000031345244,1200.0000031345244,1200.0000031345244,1200.0000031345244,1200.0000031345244,1200.0000031345246
2025-07-19,2707.167037037037,2707.167037037037,2707.167037037037,2707.167037037037,1933.178148148148,1200.0,1200.0,1200.0,1200.0,1200.0,1200.0,1200.0,1200.0,1200.0,1200.0,1200.0,1200.0,1200.0,1200.0,1200.0,1200.0,1200.0,1200.0,1950.0,1950.0,1950.0,1950.0,1950.0,1950.0,1950.0,1950.0,1950.0,2280.5102536849904,3030.5102536849904,2614.2302725388413,2268.379712511022,4814.381377177633,4583.912769499691,4441.988358283911,4320.342919907848,4174.177086574515,4127.671062061874,4127.671062061874,4127.671062061874,4127.671062061874,4127.671062061874,4127.671062061874,4127.671062061874,4127.671062061874,4127.671062061874,4127.671062061874,4127.671062061874,4127.671062061874,4127.671062061874,4127.671062061874,4127.671062061874,4127.671062061874,4127.671062061874,4127.671062061874,4127.671062061874,4127.671062061874,4127.671062061874,4127.671062061874,4127.671062061874,4127.671062061874,4127.671062061874,4127.671062061874,4127.671062061874,4127.671062061874,4127.671062061874,4127.671062061874,4127.671062061874,10800.0,10800.0,10800.0,10800.0,10800.0,10800.0,10800.0,10800.0,10800.0,10800.0,10800.0,10800.0,10800.0,10800.0,10800.0,10800.0,10800.0,10800.0,10800.0,10800.0,10800.0,10800.0,10800.0,10800.0,10800.0,10800.0,10800.0,10800.0,10800.0,10800.0,10800.0,10800.0,10800.0,10800.0,10800.0,10800.0,10800.0,10800.0,10800.0,10800.0,10800.0,9968.0804218026,9125.811584499197,8292.36742142139,7479.15140513265,6682.749183450202,5841.601035302054,4971.662109376128,4109.142757524276,3275.405720487239,2480.757979746498,1668.932146413165,1277.6818701738405,1277.6818701738405,1277.6818701738405,1277.6818701738405,1277.6818701738405,1277.6818701738405,1277.6818701738405,1277.6818701738405,1277.6818701738405,1277.6818701738405,1992.4371801738407,2124.5640185185184,2124.5640185185184,2124.5640185185184,2124.5640185185184,2124.5640185185184,2124.5640185185184,2124.5640185185184,2124.5640185185184,1200.0
2025-07-20,3948.776372846095,3948.776372846095,3948.776372846095,3948.776372846095,3948.776372846095,3948.776372846095,3948.776372846095,3948.776372846095,3948.776372846095,3948.776372846095,3948.776372846095,3948.776372846095,4698.776372846095,4800.0,4800.0,4800.0,4800.0,4800.0,4800.0,4800.0,4800.0,4800.0,4800.0,5550.0,5550.0,5550.0,6300.0,7050.0,7050.0,7800.0,8550.0,9300.0,10050.0,10800.0,10800.0,9966.23342244855,10098.600755508647,9474.512976808039,8889.411645865948,8295.14540745304,7732.318407453039,7290.960543129767,6954.011695112687,6675.910325926466,6418.040087568636,6026.067175227406,5533.802971523702,5082.222009927279,4736.4027007519035,4414.11709480366,4154.488042603447,3931.9794025322276,3733.624032161857,3598.745951236339,3466.3791209778387,3310.9281135672627,3182.6106823841865,3081.179402968937,2959.848736302271,2846.691285168499,2768.864764814989,2728.1065238357814,2702.2024691990314,2702.2596017200467,2749.769221720047,2787.5221273088164,3537.5221273088164,4268.827997681363,5018.827997681363,5768.827997681363,6518.827997681363,7268.827997681363,8377.900299450961,9127.900299450961,9877.900299450961,10627.900299450961,10648.82370945096,10723.126825418998,10773.387534216427,10766.046864605456,10774.655759230149,10800.0,10800.0,10767.634429786092,10667.129101282448,10519.096399654542,10294.694388755252,9994.759434307647,9616.375341715055,10225.062305083482,10800.0,10800.0,10800.0,10800.0,10800.0,10800.0,10800.0,10800.0,10800.0,10800.0,10800.0,10775.34771348214,10756.564495288907,10728.966732602375,10720.311568059748,10720.311568059748,10720.311568059748,10720.311568059748,10720.311568059748,10720.311568059748,10720.311568059748,10720.311568059748,10720.311568059748,9794.385642133822,8868.459716207897,7942.533790281971,7016.607864356045,6090.681938430119,5164.756012504193,4238.830086578267,3312.9041606523406,3051.8518545532193,2125.925928627293,1200.000002701367,1200.000002701367,1200.000002701367,1200.000002701367,1200.000002701367,1200.000002701367,1200.000002701367,1200.000002701367,1200.000002701367,1200.000002701367,1200.000002701367,1200.000002701367,1200.000002701367,1200.000002701367,1200.000002701367,1200.000002701367,1200.000002701367,1200.000002701367,1200.000002701367,1200.000002701367,1200.000002701367
2025-07-21,3013.2318063286657,3013.2318063286657,3013.2318063286657,3013.2318063286657,3013.2318063286657,2103.5133043370865,1200.0001747074568,1200.0001747074568,1200.0001747074568,1200.0001747074568,1200.0001747074568,1200.0001747074568,1950.0001747074568,2550.0,2550.0,2550.0,2550.0,2550.0,2550.0,2550.0,2550.0,2550.0,2550.0,3300.0,4050.0,4800.0,5550.0,6300.0,7050.0,7800.0,8550.0,9300.0,10050.0,10800.0,10800.0,10004.679277024603,10154.187901445983,9549.366972039728,8944.679902400969,8386.062165825893,7895.468054714782,7453.2238197645875,6992.603054364698,6572.96357087553,6572.96357087553,6203.115004728225,5652.713634357855,5146.284862895378,4758.308506199257,4420.058379934626,4084.1991917658283,3772.8856553412934,3494.0656183042565,3249.8480788051743,3033.539892373295,2878.5717203572176,2778.2616371235654,2744.679869961052,2744.679869961052,2744.679869961052,2744.679869961052,2744.679869961052,2854.8325023740967,2993.049561933938,3114.1844919339383,3262.9139008228267,4012.9139008228267,4762.913900822827,5512.913900822827,6262.913900822827,7012.913900822827,7762.913900822827,8550.0,9300.0,10050.0,10800.0,10800.0,10800.0,10800.0,10800.0,10722.566360528988,10722.566360528988,10655.29984201047,10567.76326701765,10414.715770889574,10229.164429565404,10001.406138951577,9702.313893801995,9292.04607898718,10019.59858090113,10800.0,10800.0,10800.0,10800.0,10800.0,10800.0,10800.0,10800.0,10800.0,10800.0,10800.0,10800.0,10800.0,10800.0,10800.0,10800.0,10800.0,10800.0,10800.0,10800.0,10800.0,10800.0,10800.0,9874.074074074075,8948.14814814815,8033.085266256707,7107.159340330781,6197.837637859961,5271.911711934035,4345.985786008109,3420.059860082183,3096.7320823044056,2218.130786008109,1292.2048600821831,1292.2048600821831,1292.2048600821831,1292.2048600821831,1292.2048600821831,1292.2048600821831,1292.2048600821831,1292.2048600821831,1292.2048600821831,1943.5211481481483,1943.5211481481483,1943.5211481481483,1943.5211481481483,1943.5211481481483,1200.0,1200.0,1200.0,1200.0,1200.0,1200.0,1200.0
2025-07-22,3038.352590765407,3038.352590765407,3788.352590765407,3788.352590765407,3788.352590765407,3788.352590765407,3788.352590765407,3788.352590765407,3788.352590765407,3788.352590765407,3788.352590765407,3788.352590765407,4538.3525907654075,4538.3525907654075,3687.786887061704,3687.786887061704,4437.786887061704,4437.786887061704,4437.786887061704,4437.786887061704,4437.786887061704,5187.786887061704,5937.786887061704,5937.786887061704,6687.786887061704,7437.786887061704,7437.786887061704,7437.786887061704,8187.786887061704,8937.786887061704,8937.786887061704,9300.0,10050.0,10800.0,10800.0,9942.765464256308,10074.442970100188,9434.567224873732,8831.458423151304,8281.464137757897,7796.443322943082,7338.267264147711,6905.940232315562,6606.603784743149,6606.603784743149,7356.603784743149,6840.4254143727785,6418.6740963959055,6151.9094416825465,5896.709929464747,5637.963572563574,5423.307504377258,5295.529689562443,5211.408165161799,5116.489152617511,4990.59457805893,4889.2035114620885,4829.880775566856,4772.994794085374,4652.265473859583,4482.585631923864,4320.026719443994,4139.912608613197,3937.3126044981605,3751.018308201865,4501.018308201865,5251.018308201865,6001.018308201865,6751.018308201865,7050.0,7800.0,8550.0,9699.357410238004,9899.119058958759,10064.003401831156,10800.0,10800.0,10800.0,10800.0,10800.0,10800.0,10800.0,10536.376203703703,10265.997314870105,9988.101053919838,9691.884951364975,9411.826576148515,9095.085532769763,8711.45381054754,9343.404972820603,10799.999997036548,10799.999997036548,10799.999997036548,10799.999997036548,10799.999997036548,10799.999997036548,10799.999997036548,10799.999997036548,10799.999997036548,10799.999997036548,10799.999997036548,10799.999997036548,10799.999997036548,10799.999997036548,10799.999997036548,10799.999997036548,10799.999997036548,10799.999997036548,10799.999997036548,10799.999997036548,10799.999997036548,10799.999997036548,10799.999997036548,9874.074071110623,8948.148145184698,8022.2222192587715,7096.296293332845,6170.370367406919,5244.444441480993,4344.934441480993,3419.008515555067,2518.20698,2212.5151466666666,1286.5892207407405,1286.5892207407405,1286.5892207407405,1286.5892207407405,1286.5892207407405,1286.5892207407405,1286.5892207407405,1286.5892207407405,1286.5892207407405,1286.5892207407405,1286.5892207407405,1355.7048949272098,2068.53310992721,2068.53310992721,1200.0,1200.0,1200.0,1200.0,1200.0,1200.0,1200.0
2025-07-23,2291.06543498808,2291.06543498808,2291.06543498808,2291.06543498808,2291.06543498808,2291.06543498808,2291.06543498808,2291.06543498808,2291.06543498808,2291.06543498808,2291.06543498808,2291.06543498808,2291.06543498808,2291.06543498808,2291.06543498808,3041.06543498808,3041.06543498808,3041.06543498808,3791.06543498808,4541.065434988081,5291.065434988081,5550.0,6300.0,7050.0,7050.0,7050.0,7800.0,8550.0,9300.0,9300.0,9300.0,9300.0,10050.0,10800.0,10800.0,9920.370895390286,10069.675362078844,9380.43562020014,8741.459696345739,8134.422103595029,7578.063048039473,7053.367157959601,7053.367157959601,6545.93082325365,6151.41594175041,6151.41594175041,5671.221034343002,5244.498923915451,4897.619623816389,4530.525983342781,4219.148996924856,4016.289786083477,3889.228008305699,3797.5421809909594,3757.787802232165,3787.8306782729132,3820.2224633530177,3877.2673467938716,3963.7209717938713,4110.218834284524,4227.391534892935,4227.391534892935,4245.690137323593,4287.369229996045,4332.982924996045,4408.833902841848,5158.833902841848,5227.34018961784,5977.34018961784,6727.34018961784,7477.34018961784,8227.34018961784,8168.019841985426,8846.443443515385,9596.443443515385,10346.443443515385,10505.100198515385,10664.311816514806,10754.436035502726,10771.431119894256,10800.0,10800.0,10698.113174088023,10618.760774522425,10472.469889320686,10222.507149690518,10039.125359965377,9778.675292399017,9300.000051658277,9300.000051658277,10462.624223647705,10799.999996633129,10799.999996633129,10799.999996633129,10799.999996633129,10799.999996633129,10799.999996633129,10799.999996633129,10799.999996633129,10799.999996633129,10799.999996633129,10799.999996633129,10799.999996633129,10799.999996633129,10799.999996633129,10799.999996633129,10799.999996633129,10799.999996633129,10799.999996633129,10798.550631651207,10798.550631651207,10798.550631651207,10798.550631651207,9872.624705725282,8946.698779799357,8020.772853873431,7094.846927947505,6168.921002021579,5242.995076095653,4903.703703703704,3977.7777777777783,3051.851851851852,2125.925925925926,1200.0,1200.0,1200.0,1200.0,1200.0,1200.0,1200.0,1200.0,1200.0,1200.0,1200.0,1200.0,1200.0,1200.0,1200.0,1200.0,1200.0,1200.0,1200.0,1200.0,1200.0
2025-07-24,2552.833586174203,2552.833586174203,2552.833586174203,2552.833586174203,2552.833586174203,2552.833586174203,2552.833586174203,2552.833586174203,2552.833586174203,2552.833586174203,2552.833586174203,3302.833586174203,4052.833586174203,4802.833586174203,5552.833586174203,6302.833586174203,7050.0,7050.0,7050.0,7050.0,7050.0,7050.0,7050.0,7050.0,7050.0,7800.0,8550.0,8550.0,8550.0,8550.0,8550.0,9300.0,10050.0,10800.0,10800.0,9964.126601075552,10134.777740886211,9571.69171334581,9013.267268672187,8465.110452908153,8000.238434389635,7618.012734426213,7285.539432090557,6925.219693685205,6697.660673150274,6480.374805584222,6022.433842621258,5661.192505529869,5412.345232959798,5127.697929272999,4874.598496330173,4667.746589797394,4502.05964535295,4374.408359366442,4285.695164615461,4284.982621521277,4284.982621521277,4331.290917568469,4373.154612568469,4373.154612568469,4373.154612568469,4373.154612568469,4419.7688879113075,4500.008497217171,4573.132747217171,5323.132747217171,6073.132747217171,6145.004120033054,6195.851156877188,6300.000059279931,7050.0,7800.0,9202.233467349943,9300.0,10050.0,10800.0,10800.0,10800.0,10800.0,10800.0,10800.0,10800.0,10603.87193696405,10398.96837185358,10108.341698388851,9804.778164082369,9462.988022099385,9097.385239378118,8720.081313452192,9470.081313452192,10799.999997269091,10799.999997269091,10799.999997269091,10799.999997269091,10799.999997269091,10799.999997269091,10799.999997269091,10799.999997269091,10799.999997269091,10799.999997269091,10799.999997269091,10799.999997269091,10799.999997269091,10799.999997269091,10799.999997269091,10799.999997269091,10799.999997269091,10799.999997269091,10799.999997269091,10799.999997269091,10799.999997269091,10799.999997269091,10799.999997269091,9874.074071343166,8948.14814541724,8022.222219491315,7096.296293565389,6184.359071171699,5317.509071171698,4399.180039444445,3473.2541135185193,2577.6374468518525,2244.0509838888893,1318.1250579629632,1318.1250579629632,1318.1250579629632,1318.1250579629632,1318.1250579629632,1318.1250579629632,1318.1250579629632,1318.1250579629632,1440.8048787635134,2111.4787137635135,2111.4787137635135,2111.4787137635135,2111.4787137635135,2111.4787137635135,2111.4787137635135,2111.4787137635135,2111.4787137635135,2111.4787137635135,1200.0,1200.0,1200.0
2025-07-25,3098.1382654158106,3098.1382654158106,3098.1382654158106,3098.1382654158106,3098.1382654158106,3098.1382654158106,3098.1382654158106,2393.9382654158107,1742.5718024528478,1200.0,1200.0,1200.0,1200.0,1200.0,1200.0,1200.0,1200.0,1200.0,1200.0,1200.0,1200.0,1200.0,1200.0,1950.0,2700.0,2700.0,2224.7357809042132,2224.7357809042132,2974.7356614627956,2974.7356614627956,2974.7356614627956,2450.738992535233,2450.738992535233,3200.738992535233,2774.9781221648627,2403.933246698394,3961.9853241861674,3714.5429188073776,3603.0119777594905,3485.810095427377,3318.368354686636,3194.6312748567566,3121.028890054954,3064.523439007119,3033.122492487377,3027.410623460256,3027.410623460256,3027.410623460256,3027.410623460256,3027.410623460256,3027.410623460256,3027.410623460256,3027.410623460256,3027.410623460256,3027.410623460256,3027.410623460256,3027.410623460256,3027.410623460256,3027.410623460256,3103.170653426731,3459.570579291432,3848.5954456204163,4240.629474340625,4639.478824514311,5072.025259514311,5493.8027453325585,5900.223708355868,6305.316885335649,6738.307565498864,7148.413248005003,7549.288953005003,7901.280436858318,10800.0,10800.0,10800.0,10800.0,10800.0,10800.0,10800.0,10800.0,10800.0,10800.0,10800.0,10800.0,10800.0,10800.0,10800.0,10800.0,10800.0,10800.0,10800.0,10800.0,10800.0,10800.0,10800.0,10800.0,10800.0,10800.0,10800.0,10800.0,10800.0,10800.0,10800.0,10800.0,10800.0,10800.0,10800.0,10796.894549827464,10796.894549827464,10796.894549827464,10796.894549827464,10796.894549827464,10796.894549827464,9984.138851323243,9121.352462434354,8258.24204934732,7491.66446702953,6750.7841335247285,5949.848948339543,5129.542466858062,4327.966966858062,3525.474374265469,2722.221911302506,1948.9107075988024,1200.0000023899174,1200.0000023899174,1200.0000023899174,1200.0000023899174,1200.0000023899174,1200.0000023899174,1200.0000023899174,1200.0000023899174,1200.0000023899174,1200.0000023899174,1200.0000023899174,1200.0000023899174,1200.0000023899174,1200.0000023899174,1200.0000023899174,1200.0000023899174,1200.0000023899174,1200.0000023899174,1200.0000023899174,1200.0000023899172
2025-07-26,2617.4672027934066,2617.4672027934066,2617.4672027934066,1922.7333333333331,1922.7333333333331,1922.7333333333331,1922.7333333333331,1200.0,1200.0,1200.0,1220.1035249302474,1970.1035249302474,1970.1035249302474,1200.0,1200.0,1200.0,1200.0,1200.0,1200.0,1200.0,1950.0,1950.0,1337.9907407407406,1337.9907407407406,1337.9907407407406,1337.9907407407406,1337.9907407407406,2087.990740740741,2462.2969770345426,2462.2969770345426,2462.2969770345426,2462.2969770345426,2462.2969770345426,3212.2969770345426,3212.2969770345426,2824.776254498065,4436.987354597513,4173.921905280076,3900.3819681293685,3656.1149857372166,3495.0469672186982,3374.511620243938,3291.9825480884465,3291.9825480884465,3291.9825480884465,3291.9825480884465,3291.9825480884465,3291.9825480884465,3291.9825480884465,3291.9825480884465,3291.9825480884465,3291.9825480884465,3291.9825480884465,3291.9825480884465,3291.9825480884465,3291.9825480884465,3291.9825480884465,3291.9825480884465,3291.9825480884465,3291.9825480884465,3291.9825480884465,3291.9825480884465,3291.9825480884465,3643.939848098778,4018.5753930987776,4378.177515860242,4755.116825101846,5107.771400074997,5432.592977674799,5778.760974897021,6207.831249897021,6574.782973588086,10800.0,10800.0,10800.0,10800.0,10800.0,10800.0,10800.0,10800.0,10800.0,10800.0,10800.0,10800.0,10800.0,10800.0,10800.0,10800.0,10800.0,10800.0,10800.0,10800.0,10800.0,10800.0,10800.0,10800.0,10800.0,10800.0,10800.0,10800.0,10800.0,10800.0,10789.272924811052,10777.883914321565,10772.587964408782,10772.587964408782,10772.587964408782,10756.722021437685,10756.722021437685,10756.722021437685,10756.722021437685,10756.722021437685,10180.50731923405,9424.264721342095,8632.935573193947,7771.647382329136,6920.537855566902,6104.93591095099,5290.515540580619,4452.682985025063,3612.952392432471,2829.3264665065444,2030.702207247285,1226.8569850250628,1226.8569850250628,1226.8569850250628,1226.8569850250628,1226.8569850250628,1226.8569850250628,1226.8569850250628,1226.8569850250628,1226.8569850250628,1226.8569850250628,1226.8569850250628,1226.8569850250628,1226.8569850250628,1962.546985025063,2712.546782962962,2997.023796296296,2997.023796296296,2997.023796296296,2997.023796296296,2082.684907407407,1200.0
2025-07-27,3574.072784463033,3574.072784463033,3574.072784463033,3574.072784463033,3574.072784463033,2648.1469456105024,2648.1469456105024,3398.1469456105024,3398.1469456105024,3398.1469456105024,3398.1469456105024,4148.146945610502,4898.146945610502,5648.146945610502,5648.146945610502,5648.146945610502,5648.146945610502,6398.146945610502,7050.0,7050.0,7050.0,7050.0,7050.0,7050.0,7050.0,7050.0,7050.0,7050.0,7050.0,7800.0,8550.0,9300.0,10050.0,10800.0,10800.0,10009.20828067444,10037.28584859481,9273.891159676376,8587.258437616934,7972.251251595848,7424.997807151403,6959.125684971859,6959.125684971859,6959.125684971859,6959.125684971859,6959.125684971859,6302.6983554269,5693.887812550278,5209.786244815839,4743.065821528276,4293.487133612136,3862.4034267205984,3486.603889683561,3224.518749922618,3011.726136532363,2867.050805624386,2781.0577414809063,2763.4748009835707,2763.4748009835707,2763.4748009835707,2763.4748009835707,2763.4748009835707,2787.817397206082,2864.687592069908,2960.923107069908,3710.923107069908,4460.923107069908,5210.923107069908,5316.215357407717,6066.215357407717,6816.215357407717,7566.215357407717,8609.015130286134,9258.227173280113,10008.227173280113,10758.227173280113,10794.024403280113,10800.0,10800.0,10800.0,10721.690398964263,10655.178816615042,10643.408890689116,10530.403025862191,10338.49954416667,10187.73393084623,10038.829316498597,9798.359833095456,9515.44038865101,9929.895422104595,10657.283259067035,10657.283259067035,10657.283259067035,10657.283259067035,10696.421058180138,10696.421058180138,10696.421058180138,10696.421058180138,10696.421058180138,10696.421058180138,10680.758468769545,10676.732240436391,10646.723623458667,10626.515448315662,10618.241589431085,10600.910854701555,10600.910854701555,10598.361702955859,10598.361702955859,10598.361702955859,10598.361702955859,10598.361702955859,10598.361702955859,9680.638676508413,8762.084157989895,7847.1888149862825,6933.7283520233195,6023.152351851852,5734.865314814815,4842.627166666667,3931.229888888889,3023.7002592592594,2101.155277777778,1200.0,1200.0,1200.0,1200.0,1200.0,1200.0,1200.0,1200.0,1200.0,1200.0,1200.0,1200.0,1200.0,1200.0,1200.0,1200.0,1200.0,1200.0,1200.0,1200.0,1200.0
2025-07-28,2752.1926913378434,2752.1926913378434,2752.1926913378434,2752.1926913378434,2752.1926913378434,2752.1926913378434,2752.1926913378434,2752.1926913378434,2752.1926913378434,2752.1926913378434,2752.1926913378434,2752.1926913378434,2752.1926913378434,2752.1926913378434,2752.1926913378434,2752.1926913378434,3502.1926913378434,4252.192691337843,5002.192691337843,5002.192691337843,5002.192691337843,5002.192691337843,5752.192691337843,6502.192691337843,7050.0,7050.0,7800.0,8550.0,9300.0,10050.0,10050.0,10050.0,10050.0,10800.0,10800.0,10070.906599593716,10129.673727969232,9381.006428106964,8781.517487973035,8256.654485405876,7734.36142985032,7268.9590189049295,7205.621236728571,7205.621236728571,7205.621236728571,7205.621236728571,6596.26212561746,6073.216499201797,5603.10968869738,5037.057790468745,4569.292602925872,4199.830100575123,3849.026082056604,3585.462378257951,3351.4368123384115,3129.16889335513,3022.866967010262,2985.893290901793,2955.779105716608,2955.779105716608,2955.779105716608,2943.8511836571583,2943.8511836571583,2991.7535500610998,3023.7521200610995,3729.939201993916,4432.381321315889,5075.791824419317,5745.449221390476,6423.045416795639,7105.667606795639,7797.497776766308,8382.730255905986,9132.730255905986,9882.730255905986,10632.730255905986,10692.068515905987,10692.068515905987,10692.068515905987,10692.068515905987,10551.379905066868,10551.379905066868,10499.67714330555,10460.465756858244,10331.137911053082,10144.483176815611,9920.586865483036,9620.38680416401,9215.61780416401,9317.144745361662,10634.345012782733,10799.999997239005,10799.999997239005,10799.999997239005,10783.959312935654,10776.398329014355,10763.44297276576,10763.44297276576,10763.44297276576,10763.44297276576,10734.717679741978,10714.984602416138,10688.766437683234,10659.057260877407,10642.874770265093,10619.811003451123,10619.811003451123,10604.184373957438,10604.184373957438,10604.184373957438,10604.184373957438,10604.184373957438,10604.184373957438,9685.332540624104,8773.537917249156,7858.642574245542,7528.80859276406,6616.871370370371,5751.928777777778,4860.113722222222,3956.0005370370372,3048.4709074074076,2125.925925925926,1200.0,1200.0,1200.0,1200.0,1200.0,1200.0,1200.0,1200.0,1200.0,1200.0,1200.0,1200.0,1200.0,1200.0,1200.0,1200.0,1200.0,1200.0,1200.0,1200.0,1200.0
2025-07-29,2251.6986378726942,2251.6986378726942,2251.6986378726942,1325.7727119467681,1325.7727119467681,1325.7727119467681,1325.7727119467681,1325.7727119467681,1325.7727119467681,1325.7727119467681,1325.7727119467681,2075.772711946768,2825.772711946768,3575.772711946768,4325.772711946768,5075.772711946768,5825.772711946768,6575.772711946768,6575.772711946768,6575.772711946768,6575.772711946768,7325.772711946768,7800.0,7800.0,7800.0,7800.0,7800.0,8550.0,9300.0,9300.0,9300.0,9300.0,10050.0,10800.0,10800.0,9998.181263182241,10100.305489442413,9466.049488744233,8844.749224538707,8246.6978897236,7733.95364898286,7308.298393561158,7308.298393561158,7308.298393561158,7308.298393561158,7352.763042957823,6807.37457999486,6314.295488644574,5953.7357007253595,5596.065272214865,5255.653845549571,4919.902762105573,4606.117188031499,4330.84158896939,4091.8793732511735,3875.7426688672012,3680.6628569259815,3505.6690495345615,3315.453271756784,3113.3178726558212,2866.7788260592806,2616.7964783942252,2308.8309491540413,2009.5152029497508,1772.3556659127134,2522.3556659127134,3272.3556659127134,4022.3556659127134,4772.355665912713,5522.355665912713,6272.355665912713,7022.355665912713,8709.715210107483,9396.857305092799,10082.596348339046,10766.600928108148,10766.600928108148,10771.204669283317,10771.204669283317,10771.204669283317,10679.179724247619,10582.869475219435,10527.564771515732,10486.58295040797,10381.448805026243,10195.769964081983,9931.790050366693,9632.952736548596,9304.708032844892,9304.708032844892,10598.965373390209,10799.999996989412,10799.999996989412,10799.999996989412,10799.999996989412,10799.999996989412,10799.999996989412,10799.999996989412,10799.999996989412,10799.999996989412,10799.999996989412,10799.999996989412,10799.999996989412,10797.316568850078,10797.316568850078,10797.316568850078,10797.316568850078,10797.316568850078,10797.316568850078,10797.316568850078,10797.316568850078,10797.316568850078,10797.316568850078,10463.64992070193,9551.915041666667,8625.989115740742,7700.063189814816,6774.13726388889,5848.211337962964,4922.2854120370375,3996.3594861111114,3070.4335601851853,2157.521189814815,1231.595263888889,1231.595263888889,1231.595263888889,1231.595263888889,1231.595263888889,1231.595263888889,1231.595263888889,1231.595263888889,1231.595263888889,1931.8345375748845,1931.8345375748845,1931.8345375748845,1200.0,1200.0,1200.0,1200.0,1200.0,1200.0,1200.0,1200.0,1200.0
2025-07-30,2430.1443913858534,3180.1443913858534,3180.1443913858534,3180.1443913858534,3180.1443913858534,3180.1443913858534,3180.1443913858534,3930.1443913858534,4680.144391385853,4680.144391385853,4680.144391385853,4680.144391385853,4680.144391385853,4680.144391385853,4680.144391385853,4680.144391385853,4680.144391385853,5430.144391385853,6180.144391385853,6930.144391385853,7680.144391385853,8430.144391385853,8550.0,8550.0,8550.0,8550.0,8550.0,8550.0,9300.0,10050.0,10050.0,10050.0,10050.0,10800.0,10800.0,10007.748909565826,10070.06038123147,9384.7951615007,8784.236289235349,8234.186188177471,7691.454928918212,7181.018027896207,6728.142772389608,6481.120549015598,6481.120549015598,7231.120549015598,6567.547474941524,5996.434475069443,5519.420693721753,5003.245560860953,4563.055886880486,4184.351576272243,3842.786094790761,3557.99643171115,3326.48324232116,3171.5235709948797,3075.869570911112,3004.1665050211614,2922.74889391005,2849.423811177004,2739.2327093718163,2577.8922115949595,2451.678431589912,2394.335073551902,2387.732555033384,3137.732555033384,3887.732555033384,3888.099096843528,4638.099096843528,5388.099096843528,6138.099096843528,6888.099096843528,8139.593855918063,8889.593855918063,9639.593855918063,10389.593855918063,10700.2662465974,10800.0,10800.0,10767.115114851327,10767.115114851327,10784.889351268137,10784.889351268137,10765.478265373504,10634.975888705592,10351.025300662139,9990.839699388427,9605.25540238161,9181.377050529758,9914.116636380679,10800.0,10800.0,10770.54144805777,10770.54144805777,10693.155645847837,10652.374626543746,10635.422618211262,10635.422618211262,10635.422618211262,10627.72574308743,10629.836807953003,10629.836807953003,10623.415014298775,10619.36879052466,10619.36879052466,10619.36879052466,10619.36879052466,10619.36879052466,10619.36879052466,10619.36879052466,10619.36879052466,10619.36879052466,10619.36879052466,9703.03877376728,8795.555699693206,8475.740666666667,7566.862203703704,6660.5403703703705,5757.395925925926,4858.0084074074075,3938.05562962963,3029.5260000000003,2108.4069074074077,1200.0,1200.0,1200.0,1200.0,1200.0,1200.0,1200.0,1200.0,1200.0,1200.0,1200.0,1200.0,1200.0,1200.0,1200.0,1940.0636890761568,1940.0636890761568,1200.0,1200.0,1200.0,1200.0
2025-07-31,2785.8516738466938,2785.8516738466938,2785.8516738466938,2785.8516738466938,2785.8516738466938,2785.8516738466938,3535.8516738466938,4050.0,4050.0,4050.0,4800.0,4800.0,4800.0,4800.0,4800.0,4800.0,5550.0,6300.0,6300.0,6300.0,6300.0,7050.0,7800.0,7800.0,7800.0,8550.0,9300.0,9300.0,9300.0,9300.0,9300.0,9300.0,10050.0,10800.0,10800.0,9987.859274046456,10110.44173771298,9476.075476377773,8907.594136696918,8362.078204525984,7850.59163045191,7418.068417634635,7088.534635732462,7088.534635732462,7062.956858702881,7025.261682779129,6409.791256853203,5855.950211427589,5412.5749079548195,4994.675071928322,4667.577317019144,4359.922678104216,4054.9622892153275,3828.018970858079,3639.8953950902414,3476.8327047910625,3399.7090693296063,3369.6423006939763,3300.3585969902724,3215.009758921022,3184.4346014926477,3184.4346014926477,3207.755073592389,3275.5916115718605,3372.9242115718603,4108.6600770486475,4797.786605376031,5443.299827256003,6078.023064253346,6740.2079870961825,7419.238112096183,8079.351821247482,9082.904859958417,9780.35317516491,10489.714277073384,10800.0,10800.0,10800.0,10768.142515013193,10737.571967057194,10718.928454999363,10720.182228615691,10552.667098986061,10401.876746561713,10241.323561254432,10035.276204719927,9791.63794686107,9532.286835416842,9223.865613194619,9895.428622390342,10800.0,10800.0,10736.451912680164,10800.0,10787.008181766807,10740.83069184694,10701.950085656732,10693.498525451063,10679.237186979206,10659.16773015037,10651.217152923931,10647.897203487606,10647.897203487606,10647.897203487606,10647.897203487606,10648.560771749047,10648.560771749047,10648.560771749047,10648.560771749047,10652.302156077076,10652.302156077076,10652.302156077076,10652.302156077076,9735.490703703705,8823.203037037038,8503.251185185185,7583.51,6677.188166666667,5775.952981481481,4854.615703703704,3947.3730555555558,3034.771203703704,2113.6521111111115,1200.0,1200.0,1200.0,1200.0,1200.0,1200.0,1200.0,1200.0,1200.0,1200.0,1200.0,1200.0,1200.0,1200.0,1200.0,1200.0,1200.0,1200.0,1200.0,1200.0,1200.0
2025-08-01,2161.7040386785216,1899.824388888889,1899.824388888889,1899.824388888889,1899.824388888889,1200.0,1200.0,1200.0,1950.0,1950.0,1950.0,2464.5759080068146,3214.5759080068146,3214.5759080068146,2520.7530925925926,2520.7530925925926,2520.7530925925926,1857.1526296296297,1857.1526296296297,1857.1526296296297,1857.1526296296297,1200.0,1200.0,1200.0,1200.0,1200.0,1200.0,1200.0,1200.0,1200.0,1200.0,1200.0,1950.0,2700.0,2556.2685297723488,2247.17776183246,3145.441420849943,2945.012689339023,2814.07687197392,2666.099135204494,2497.550987056346,2465.325072157184,2465.325072157184,2465.325072157184,2443.859208307064,2443.859208307064,2443.859208307064,2443.859208307064,2443.859208307064,2443.859208307064,2443.859208307064,2443.859208307064,2443.859208307064,2443.859208307064,2443.859208307064,2443.859208307064,2443.859208307064,2443.859208307064,2443.859208307064,2443.859208307064,2443.859208307064,2443.859208307064,2443.859208307064,2443.859208307064,2443.859208307064,2443.859208307064,2443.859208307064,2443.859208307064,2443.859208307064,2443.859208307064,2443.859208307064,2443.859208307064,10800.0,10800.0,10800.0,10800.0,10800.0,10800.0,10800.0,10800.0,10800.0,10800.0,10800.0,10800.0,10800.0,10800.0,10800.0,10800.0,10800.0,10800.0,10800.0,10800.0,10800.0,10800.0,10800.0,10800.0,10800.0,10800.0,10800.0,10800.0,10800.0,10800.0,10800.0,10800.0,10800.0,10800.0,10800.0,10800.0,10800.0,10800.0,10800.0,10800.0,10044.558689903375,9285.83300471819,8494.20800471819,7685.895040212017,6898.518169841646,6125.67961428609,5344.32961428609,4531.559577249052,3718.0398920638672,2946.8213735453487,2173.594206878682,1405.7990031749785,1200.0000039863596,1200.0000039863596,1200.0000039863596,1200.0000039863596,1200.0000039863596,1200.0000039863596,1200.0000039863596,1200.0000039863596,1200.0000039863596,1200.0000039863596,1200.0000039863596,1200.0000039863596,1200.0000039863596,1200.0000039863596,1200.0000039863596,1200.0000039863596,1200.0000039863596,1200.0000039863596,1200.0000039863596,1200.0000039863596
2025-08-02,3218.2635309965685,3968.2635309965685,3968.2635309965685,3968.2635309965685,3191.087605070643,2460.760438403976,2460.760438403976,2460.760438403976,1807.4381976632353,1807.4381976632353,1807.4381976632353,1807.4381976632353,1807.4381976632353,2557.4381976632353,3307.4381976632353,3307.4381976632353,2599.993753218791,1925.3946050706427,1925.3946050706427,1925.3946050706427,1925.3946050706427,1925.3946050706427,1925.3946050706427,1260.2490124780502,1260.2490124780502,1260.2490124780502,1260.2490124780502,1260.2490124780502,1260.2490124780502,1260.2490124780502,1260.2490124780502,1712.0226782809132,2462.022678280913,3212.022678280913,2838.369956058691,2527.8145860991517,4106.913697592007,3803.2225043497983,3611.9417618738125,3488.687638811514,3359.397083255958,3282.86158900808,3260.0796212035025,3260.0796212035025,3260.0796212035025,3260.0796212035025,3260.0796212035025,3260.0796212035025,3260.0796212035025,3260.0796212035025,3260.0796212035025,3260.0796212035025,3260.0796212035025,3260.0796212035025,3260.0796212035025,3260.0796212035025,3260.0796212035025,3260.0796212035025,3260.0796212035025,3260.0796212035025,3260.0796212035025,3260.0796212035025,3260.0796212035025,3260.0796212035025,3260.0796212035025,3260.0796212035025,3260.0796212035025,3260.0796212035025,3260.0796212035025,3306.4422150452256,3306.4422150452256,3831.1656726427886,10800.0,10800.0,10800.0,10800.0,10800.0,10800.0,10800.0,10800.0,10800.0,10800.0,10800.0,10800.0,10800.0,10800.0,10800.0,10800.0,10800.0,10800.0,10800.0,10800.0,10800.0,10800.0,10800.0,10800.0,10800.0,10800.0,10800.0,10800.0,10800.0,10800.0,10800.0,10800.0,10800.0,10800.0,10800.0,10800.0,10800.0,10800.0,10800.0,10800.0,10063.479322747573,9288.671933858684,8488.54035978461,7664.471839722883,6859.403286171691,6069.212508393914,5285.375471356877,4492.233526912432,3680.872045430951,2844.1646380235434,2001.0665083939139,1200.0000269124323,1200.0000269124323,1200.0000269124323,1200.0000269124323,1200.0000269124323,1200.0000269124323,1200.0000269124323,1200.0000269124323,1942.5289201851851,1991.9263115890417,1327.5356681481483,1327.5356681481483,1327.5356681481483,1327.5356681481483,1327.5356681481483,1327.5356681481483,1327.5356681481483,1327.5356681481483,2063.6506481481483,2063.6506481481483,1200.0
2025-08-03,3446.184232562389,3446.184232562389,3446.184232562389,3446.184232562389,3446.184232562389,3446.184232562389,3446.184232562389,3446.184232562389,3446.184232562389,3446.184232562389,4196.184232562389,4196.184232562389,4196.184232562389,4196.184232562389,4196.184232562389,4196.184232562389,4196.184232562389,4196.184232562389,4946.184232562389,5696.184232562389,5696.184232562389,5696.184232562389,5696.184232562389,5696.184232562389,5696.184232562389,6446.184232562389,6446.184232562389,6515.338908484724,6515.338908484724,6515.338908484724,6515.338908484724,6515.338908484724,7265.338908484724,8015.338908484724,8015.338908484724,7232.4784566256785,7733.917944716501,7072.371090806383,6524.212379890537,6056.698852824903,5650.280297269347,5307.92880954669,5011.184994346233,4768.006903014147,4574.921987434607,4311.085572783507,3918.6683690798036,3563.8621511052793,3328.9012648057014,3158.846841409853,3051.992265031407,3023.626915308167,3023.626915308167,3057.5328084585162,3124.382493190651,3242.4890440846757,3408.539923425878,3560.3780349099225,3720.9061149099225,3877.7363642491305,4048.2290765610196,4191.868093873611,4349.914358543172,4525.2544143124705,4673.1030993124705,4880.335030318067,5551.072671270644,5737.485735341961,5943.2073475967745,6348.156712308596,7037.687812308596,7325.668571250575,8115.479311756071,8115.479311756071,8195.09916322451,8610.607158363398,9006.928578363399,9341.891423667757,9637.950019093174,9880.329958236716,10140.467245184618,10409.495473373083,10602.879973373083,10707.784940797066,10762.15073814233,10800.0,10800.0,10769.987318579157,10668.673077838415,10668.673077838415,10800.0,10800.0,10800.0,10800.0,10800.0,10800.0,10800.0,10800.0,10800.0,10800.0,10800.0,10800.0,10800.0,10800.0,10800.0,10800.0,10800.0,10800.0,10800.0,10800.0,10800.0,10800.0,10800.0,9874.074074074075,8948.14814814815,8608.847060474549,7682.921134548623,6756.995208622697,5831.069282696771,4905.143356770845,3979.2174308449185,3053.2915049189924,2127.3655789930663,1201.4396530671402,1201.4396530671402,1201.4396530671402,1201.4396530671402,1201.4396530671402,1201.4396530671402,1201.4396530671402,1201.4396530671402,1201.4396530671402,1930.0570487635323,1930.0570487635323,1200.0,1200.0,1200.0,1200.0,1200.0,1200.0,1200.0,1200.0,1200.0,1200.0
2025-08-04,1612.6161687534884,1612.6161687534884,1612.6161687534884,1612.6161687534884,1612.6161687534884,2362.6161687534886,2362.6161687534886,3112.6161687534886,3862.6161687534886,3862.6161687534886,3862.6161687534886,3862.6161687534886,3862.6161687534886,3862.6161687534886,3862.6161687534886,3862.6161687534886,3862.6161687534886,3862.6161687534886,3862.6161687534886,3862.6161687534886,3862.6161687534886,4612.616168753489,5362.616168753489,6112.616168753489,6862.616168753489,7612.616168753489,8362.616168753488,9112.616168753488,9112.616168753488,9112.616168753488,9112.616168753488,9300.0,10050.0,10800.0,10800.0,10005.649158743938,10077.948292955178,9377.040892179159,8767.069513923007,8211.604263356376,7711.301004097117,7335.316135472875,7049.638266994359,6820.584441432945,6619.454450863149,6619.454450863149,6221.1577101224075,5867.056442154562,5549.134482842029,5242.068925157571,5073.587894713032,5034.888708663126,5014.373375329792,5014.373375329792,5023.357950540856,5044.20886791558,5115.687482300027,5174.927117702381,5211.905642702382,5243.431512423942,5283.337843566919,5285.568669311224,5326.783755422351,5439.608244622312,5551.357674622312,5629.583369416346,6152.436434748724,6245.169188371475,6356.365056997449,6504.917180648277,7254.917180648277,8004.917180648277,9595.053876971895,9595.053876971895,9595.053876971895,9595.053876971895,9703.724707054884,9891.845640766767,10038.251436376258,10178.26124372329,10339.582341003867,10509.94636638472,10649.70277638472,10740.49554011718,10795.011489859171,10800.0,10760.571906043344,10684.619535514032,10575.743628106624,10575.743628106624,10799.9999967298,10799.9999967298,10799.9999967298,10799.9999967298,10799.9999967298,10799.9999967298,10799.9999967298,10799.9999967298,10799.9999967298,10799.9999967298,10799.9999967298,10799.9999967298,10799.9999967298,10799.9999967298,10799.9999967298,10799.9999967298,10799.9999967298,10799.9999967298,10799.9999967298,10799.9999967298,10799.9999967298,10799.9999967298,10799.9999967298,10468.142089322393,9542.216163396468,8616.290237470543,7695.483582962964,6769.557657037038,5843.631731111112,4917.705805185185,3991.77987925926,3065.8539533333337,2139.9280274074076,1214.0021014814815,1214.0021014814815,1214.0021014814815,1214.0021014814815,1214.0021014814815,1214.0021014814815,1214.0021014814815,1214.0021014814815,1214.0021014814815,1214.0021014814815,1214.0021014814815,1214.0021014814815,1214.0021014814815,1214.0021014814815,1963.6061464814816,2075.727648148148,2075.727648148148,2075.727648148148,1200.0,1200.0,1200.0
2025-08-05,3054.6118097974727,3054.6118097974727,2188.5902912789543,2188.5902912789543,2938.5902912789543,2938.5902912789543,2938.5902912789543,3688.5902912789543,4050.0,4050.0,4050.0,4050.0,4050.0,4050.0,4050.0,4050.0,4050.0,4800.0,4800.0,4800.0,4800.0,4800.0,4800.0,4800.0,5550.0,6300.0,7050.0,7800.0,8550.0,8550.0,8550.0,9300.0,10050.0,10800.0,10800.0,10005.661470413892,10106.747770499936,9474.212748497363,8876.703472834155,8341.04744920818,7889.404171430402,7478.665274642978,7386.817022852861,7386.817022852861,7238.565027706466,7238.565027706466,6833.854583262021,6456.06832069631,6157.219100625885,5849.47195544359,5585.608134157525,5392.305552485472,5253.990108041027,5124.3003153346635,5040.350303072836,5012.106442262111,5012.106442262111,5012.106442262111,4997.320942262111,4998.450560988425,5062.472373252853,5111.982407130714,5180.080184357825,5285.493519878568,5383.529574878568,5495.064396505916,5597.17865777798,5753.577638253134,5940.143638349521,6152.578120567142,6421.992490567142,7171.992490567142,8716.604570345706,9019.50796713552,9342.055707843967,9641.757783885634,9889.377273885635,10042.635039873581,10197.31764931547,10386.778697434096,10526.414829651208,10635.294053557343,10716.018563557343,10778.039245623107,10800.0,10800.0,10660.50576129187,10493.24395270528,10339.36056381639,10339.36056381639,10799.999997009125,10799.999997009125,10799.999997009125,10799.999997009125,10799.999997009125,10799.999997009125,10799.999997009125,10799.999997009125,10799.999997009125,10799.999997009125,10799.999997009125,10799.999997009125,10799.999997009125,10799.999997009125,10799.999997009125,10799.999997009125,10799.999997009125,10799.999997009125,10799.999997009125,10799.999997009125,10799.999997009125,10799.999997009125,10799.999997009125,9874.0740710832,8948.148145157274,8022.222219231348,7096.296293305422,6170.370367379496,5244.44444145357,4318.518515527644,3392.592589601718,3051.851851851852,2125.925925925926,1200.0,1200.0,1200.0,1200.0,1200.0,1200.0,1200.0,1200.0,1200.0,1200.0,1200.0,1200.0,1200.0,1200.0,1200.0,1200.0,1200.0,1200.0,1200.0,1200.0,1200.0
2025-08-06,2188.9416949044544,2188.9416949044544,2188.9416949044544,2188.9416949044544,2188.9416949044544,2188.9416949044544,2188.9416949044544,2938.9416949044544,3688.9416949044544,3688.9416949044544,3688.9416949044544,3688.9416949044544,3688.9416949044544,3688.9416949044544,3688.9416949044544,3688.9416949044544,3688.9416949044544,3688.9416949044544,3688.9416949044544,3688.9416949044544,3688.9416949044544,4438.941694904454,5188.941694904454,5696.466684628618,5696.466684628618,5696.466684628618,6446.466684628618,6446.466684628618,6446.466684628618,7196.466684628618,7946.466684628618,8696.466684628618,9446.466684628618,10196.466684628618,10196.466684628618,9406.40169253233,10025.59515726026,9409.838221275735,8801.849453508723,8250.674625134696,7848.958384393955,7516.143182451253,7173.986951004175,6891.513482657286,6741.0779116410495,6510.842694560534,6077.84649085683,5712.022144728193,5414.56549166473,5126.347954831068,4950.006742880557,4861.906479830602,4776.946294645416,4700.349262736762,4700.349262736762,4804.289568180989,4922.6514962856,5003.056323695128,5082.0765186951285,5207.134720238278,5333.32376261904,5425.440093034928,5537.169030657751,5694.694549013119,5869.200799013119,6001.869860184691,6107.185962673362,6275.257512456278,6489.9428406609695,6713.219544787436,6958.548969787435,7657.417183420181,8815.93015430193,9080.201642498934,9741.512842812133,10491.512842812133,10644.459472812134,10751.783368153989,10800.0,10800.0,10800.0,10800.0,10800.0,10652.010438084935,10449.195105831812,10221.090699387974,9878.49204248994,9491.88184152495,9067.343346560314,9817.343346560314,10799.999996770883,10799.999996770883,10799.999996770883,10799.999996770883,10799.999996770883,10799.999996770883,10799.999996770883,10799.999996770883,10799.999996770883,10799.999996770883,10799.999996770883,10799.999996770883,10799.999996770883,10799.999996770883,10799.999996770883,10799.999996770883,10799.999996770883,10799.999996770883,10799.999996770883,10799.999996770883,10799.999996770883,10799.999996770883,10799.999996770883,9874.074070844958,8948.148144919032,8607.407407407409,7681.481481481483,6755.555555555557,5829.6296296296305,4903.703703703704,3977.7777777777783,3051.851851851852,2125.925925925926,1200.0,1200.0,1200.0,1200.0,1200.0,1200.0,1200.0,1200.0,1200.0,1200.0,1200.0,1200.0,1200.0,1200.0,1200.0,1200.0,1200.0,1200.0,1200.0,1200.0,1200.0
2025-08-07,2693.0774854935316,3443.0774854935316,3443.0774854935316,3443.0774854935316,3443.0774854935316,3443.0774854935316,3443.0774854935316,3443.0774854935316,3443.0774854935316,3443.0774854935316,4193.077485493532,4943.077485493532,4943.077485493532,4943.077485493532,4943.077485493532,4943.077485493532,5693.077485493532,5693.077485493532,6300.0,6300.0,6300.0,6300.0,6300.0,6300.0,7050.0,7800.0,7800.0,7800.0,7800.0,7800.0,8550.0,9300.0,10050.0,10800.0,10800.0,10031.55419955737,10133.6385146154,9543.86096637951,8988.891271073666,8489.595417888824,8049.219325296232,7653.690636101845,7295.945116042268,7053.220730007022,6836.740593686272,6533.316834078103,6076.225760004029,5603.976158856671,5230.740911008188,4984.08739349998,4820.9672596261735,4723.261234001697,4689.145789557252,4675.675428912259,4675.675428912259,4717.573199959202,4777.6261721885,4821.878089002379,4876.953664002379,4982.533895873305,5121.36010560552,5262.23090697218,5404.909549117182,5585.460389867853,5819.926079867853,6045.594441876495,6795.594441876495,7096.934779471918,7305.452600012333,7559.33304997288,7939.17117997288,8259.299899964757,9062.087813483557,9062.087813483557,9062.087813483557,9073.233075502054,9376.601880502054,9621.34527668363,9835.783505862648,10024.316432795156,10222.693202055376,10441.190715146573,10614.263385146573,10728.06954089575,10800.0,10800.0,10740.383074017063,10561.603729048304,10278.872099418673,10278.872099418673,10799.99999895096,10799.99999895096,10799.99999895096,10799.99999895096,10799.99999895096,10799.99999895096,10799.99999895096,10799.99999895096,10799.99999895096,10799.99999895096,10799.99999895096,10790.45786222636,10790.45786222636,10731.560133417344,10724.066837621893,10694.753623567483,10679.436168378239,10674.006688340136,10674.006688340136,10674.006688340136,10674.006688340136,10674.006688340136,10674.006688340136,9762.170765449362,8839.984464519133,7927.86224229691,7018.419462962964,6107.1350925925935,5184.420277777778,4261.004481481482,3352.137166666667,3027.2130925925926,2114.4035740740737,1200.0,1200.0,1200.0,1200.0,1200.0,1200.0,1200.0,1200.0,1200.0,1200.0,1200.0,1200.0,1200.0,1200.0,1200.0,1200.0,1200.0,1200.0,1200.0,1200.0,1200.0
2025-08-08,2255.9953549999987,2255.9953549999987,1660.5125190309889,1660.5125190309889,1660.5125190309889,1660.5125190309889,1660.5125190309889,1660.5125190309889,1660.5125190309889,1660.5125190309889,1660.5125190309889,1660.5125190309889,1660.5125190309889,1660.5125190309889,1660.5125190309889,1660.5125190309889,1660.5125190309889,2410.5123481392084,2410.5123481392084,1747.2104962873564,1747.2104962873564,1747.2104962873564,1747.2104962873564,1747.2104962873564,1747.2104962873564,1747.2104962873564,1747.2104962873564,1747.2104962873564,1747.2104962873564,1747.2104962873564,1747.2104962873564,1747.2104962873564,2497.2104962873564,3247.2104962873564,3247.2104962873564,2848.675191919337,4824.549124104667,4538.174782826227,4318.635758167259,4111.100572464642,3921.25022061279,3804.5668391271925,3720.5005427630786,3682.817442194649,3682.817442194649,3682.817442194649,3682.817442194649,3682.817442194649,3682.817442194649,3682.817442194649,3682.817442194649,3682.817442194649,3682.817442194649,3682.817442194649,3682.817442194649,3682.817442194649,3682.817442194649,3682.817442194649,3682.817442194649,3682.817442194649,3682.817442194649,3682.817442194649,3682.817442194649,3682.817442194649,3682.817442194649,3682.817442194649,3682.817442194649,3682.817442194649,3682.817442194649,3682.817442194649,3682.817442194649,3682.817442194649,10800.0,10800.0,10800.0,10800.0,10800.0,10800.0,10800.0,10800.0,10800.0,10800.0,10800.0,10800.0,10800.0,10800.0,10800.0,10800.0,10800.0,10800.0,10800.0,10800.0,10800.0,10800.0,10800.0,10800.0,10800.0,10800.0,10800.0,10800.0,10800.0,10800.0,10800.0,10785.48494688192,10785.48494688192,10779.469165965875,10779.469165965875,10779.469165965875,10779.469165965875,10779.469165965875,10779.469165965875,10779.469165965875,10014.169165965875,9264.310036336246,8491.490691926385,7716.07587711157,6945.582969704163,6176.122451185644,5411.337266000459,4628.275321556014,3811.40187711157,2991.3278030374954,2192.2710252597176,1425.0956734078654,1204.0759750000002,1204.0759750000002,1908.0355740740742,1908.0355740740742,1908.0355740740742,1200.0,1200.0,1934.0115608712777,2673.1640108712777,2673.1640108712777,2673.1640108712777,2673.1640108712777,2620.8370185185186,1863.9553703703705,1200.0,1200.0,1200.0,1200.0,1200.0,1200.0
2025-08-09,2173.269872601217,1837.3314013439824,1200.000216158797,1200.000216158797,1200.000216158797,1828.1001481481483,1828.1001481481483,1828.1001481481483,1200.0,1200.0,1200.0,1200.0,1200.0,1200.0,1200.0,1200.0,1200.0,1200.0,1200.0,1200.0,1200.0,1200.0,1200.0,1200.0,1200.0,1950.0,2673.27762178366,2673.27762178366,2673.27762178366,2673.27762178366,2673.27762178366,2673.27762178366,2673.27762178366,3423.27762178366,2970.9926032651415,2580.46255967501,3809.5258402069817,3535.039733935739,3321.930432642811,3138.422837278702,2998.1495039453685,2910.3255352704437,2882.8221095816057,2882.8221095816057,2882.8221095816057,2882.8221095816057,2882.8221095816057,2882.8221095816057,2882.8221095816057,2882.8221095816057,2882.8221095816057,2882.8221095816057,2882.8221095816057,2882.8221095816057,2882.8221095816057,2882.8221095816057,2882.8221095816057,2882.8221095816057,2882.8221095816057,2882.8221095816057,2882.8221095816057,2882.8221095816057,2882.8221095816057,2882.8221095816057,2882.8221095816057,2882.8221095816057,2882.8221095816057,2882.8221095816057,2882.8221095816057,2882.8221095816057,2882.8221095816057,3084.6674803776477,10800.0,10800.0,10800.0,10800.0,10800.0,10800.0,10800.0,10800.0,10800.0,10800.0,10800.0,10800.0,10800.0,10800.0,10800.0,10800.0,10800.0,10800.0,10800.0,10800.0,10800.0,10800.0,10800.0,10800.0,10800.0,10800.0,10800.0,10800.0,10800.0,10800.0,10800.0,10800.0,10800.0,10800.0,10800.0,10800.0,10800.0,10800.0,10800.0,10800.0,9993.102096103472,9219.163522029397,8472.870633140508,7726.65428210783,6969.525855457705,6174.7646517540015,5369.503540642891,4564.798188791039,3766.593077679928,2978.8041887910385,2185.3880776799274,1377.6374480502977,1200.0,1200.0,1200.0,1200.0,1200.0,1200.0,1200.0,1200.0,1506.4921120702259,1506.4921120702259,1506.4921120702259,1506.4921120702259,1506.4921120702259,1506.4921120702259,2229.522817070226,2961.1508170702264,2961.1508170702264,2961.1508170702264,2056.4248911443005,1200.6073541072626
2025-08-10,2763.441921797707,3513.441921797707,4263.4419217977065,4263.4419217977065,4263.4419217977065,4263.4419217977065,4263.4419217977065,4263.4419217977065,4263.4419217977065,4263.4419217977065,4263.4419217977065,5013.4419217977065,5013.4419217977065,5013.4419217977065,5013.4419217977065,5013.4419217977065,5013.4419217977065,5763.4419217977065,5763.4419217977065,5763.4419217977065,5763.4419217977065,5763.4419217977065,5763.4419217977065,5763.4419217977065,6513.4419217977065,6513.4419217977065,6513.4419217977065,6513.4419217977065,6513.4419217977065,7093.8177294020115,7093.8177294020115,7093.8177294020115,7843.8177294020115,8593.817729402012,7741.452081253864,6971.005250895723,7325.813037890303,6734.305588148436,6139.714766610488,5580.943555892921,5141.308796633662,4818.768083655288,4549.458446982594,4359.604896001536,4221.147285074033,3999.599470523298,3611.8701557084833,3211.985855167403,2895.706574223523,2676.6047496485085,2489.36324286701,2378.576461569554,2336.7086652732573,2279.3087767608454,2279.3087767608454,2336.344836646027,2444.339541495901,2539.2577478392923,2627.2117028392927,2816.94658182529,3031.022153927367,3222.446129389616,3510.248491999065,3837.517411220735,4119.790786220735,4380.250259215898,5120.274830575389,5398.3510817060505,5670.722999897945,5961.153303551273,6297.421998551274,7047.421998551274,7549.999451427115,8299.999451427115,9049.999451427115,9799.999451427115,10549.999451427115,10567.353917437651,10564.594605549084,10584.641951645332,10630.07245519948,10692.288256456994,10732.408291456994,10740.733912855107,10745.184760532034,10739.762600013259,10722.649024727281,10699.650487908188,10634.92758050078,10634.92758050078,10800.0,10800.0,10800.0,10800.0,10800.0,10800.0,10800.0,10800.0,10800.0,10800.0,10800.0,10800.0,10800.0,10800.0,10800.0,10800.0,10800.0,10800.0,10800.0,10800.0,10800.0,10800.0,10800.0,9874.074074074075,8948.14814814815,8022.2222222222235,7096.296296296297,6170.370370370371,5244.444444444445,4318.518518518519,3977.7777777777783,3051.851851851852,2125.925925925926,1200.0,1200.0,1200.0,1200.0,1200.0,1200.0,1200.0,1200.0,1200.0,1943.4491148404913,1943.4491148404913,1943.4491148404913,1211.639296326166,1211.639296326166,1960.3909063261663,1960.3909063261663,1960.3909063261663,1223.5974618817218,1223.5974618817218,1223.5974618817218,1223.5974618817215
2025-08-11,2564.1981457714032,2564.1981457714032,2564.1981457714032,2564.1981457714032,2564.1981457714032,2564.1981457714032,3314.1981457714032,4064.1981457714032,4814.198145771403,4814.198145771403,4814.198145771403,4814.198145771403,4814.198145771403,4814.198145771403,5030.018192559724,5030.018192559724,5030.018192559724,5030.018192559724,5780.018192559724,6530.018192559724,6530.018192559724,6530.018192559724,6530.018192559724,6530.018192559724,6530.018192559724,6530.018192559724,6530.018192559724,6530.018192559724,7280.018192559724,8030.018192559724,8780.018192559724,8780.018192559724,8780.018192559724,9530.018192559724,9530.018192559724,8779.774166561909,9675.17082752158,9014.703877030035,8381.660284264795,7811.795079436401,7331.776097954919,6882.381969052265,6523.006704040415,6342.015222702879,6177.040519662211,6163.110465151641,5750.0642429294185,5334.504240858472,4997.677985245666,4698.368964971853,4385.751151633528,4132.011548018674,3924.1381406112664,3732.140704384249,3599.6750951437148,3516.801482535419,3423.50790940748,3356.8380629837256,3391.1637329837254,3450.503902783436,3492.5838257937326,3539.273082334792,3666.0258180066066,3854.855225436535,4045.123235436535,4158.134741851324,4807.693493078468,4937.546076175111,5611.824078809839,6268.350805263765,6484.186450263765,7141.618894860876,9161.238259614842,9359.525111177341,9585.067147288453,9951.016709983487,10089.823394983487,10167.111802987978,10247.20212453148,10329.875973930779,10435.455430641912,10555.944680211363,10665.753860211364,10744.988040233438,10800.0,10800.0,10763.094165278844,10678.85450398527,10502.60367409719,10800.0,10800.0,10800.0,10800.0,10800.0,10800.0,10800.0,10800.0,10800.0,10800.0,10800.0,10800.0,10800.0,10750.833668238469,10712.99100882776,10704.026049965249,10696.39704006285,10681.383746458523,10681.383746458523,10678.415919442148,10678.415919442148,10678.415919442148,10678.415919442148,10678.415919442148,9762.770049071778,8846.002445402657,7938.672815773027,7611.424315773027,6697.530593550805,5787.923186143397,4864.507389847101,3944.433760217471,3031.078204661915,2117.058593550804,1200.000000958211,1200.000000958211,1200.000000958211,1200.000000958211,1200.000000958211,1200.000000958211,1200.000000958211,1200.000000958211,1200.000000958211,1200.000000958211,1200.000000958211,1200.000000958211,1200.000000958211,1200.000000958211,1200.000000958211,1200.000000958211,1200.000000958211,1200.000000958211,1200.000000958211,1200.000000958211,1200.0000009582116
2025-08-12,2167.072059259261,2167.072059259261,2167.072059259261,2167.072059259261,2167.072059259261,2167.072059259261,2167.072059259261,2167.072059259261,2167.072059259261,2167.072059259261,2167.072059259261,2917.072059259261,2917.072059259261,2917.072059259261,2917.072059259261,2917.072059259261,2917.072059259261,3667.072059259261,3667.072059259261,3667.072059259261,4417.072059259261,5167.072059259261,5167.072059259261,5167.072059259261,5550.0,6300.0,7050.0,7050.0,7050.0,7800.0,8550.0,9300.0,10050.0,10800.0,10114.903664481495,9406.780558237342,9531.342200468309,8957.941414936184,8428.205450736035,7959.92215479111,7576.28778442074,7276.16198593784,7017.674766162281,6850.128995212706,6790.66365105931,6612.6104318979105,6210.189005971984,5813.809965812322,5506.096293848338,5239.2791492029,5032.269732270943,4897.120751523524,4751.053251523524,4644.811664400543,4601.250587548854,4566.687909008706,4549.342305319229,4516.823226080692,4516.823226080692,4538.6047548503175,4539.222431124563,4531.485119120672,4570.495290880604,4697.524416726321,4803.243231726321,4881.656706434644,4979.128390845834,5143.233954886354,5774.935061999354,6524.935061999354,6773.486006999354,7523.486006999354,8593.834604486645,9343.834604486645,9587.508983446905,10337.508983446905,10512.762728446905,10627.927756230136,10722.37964426979,10773.135485683693,10750.250252439992,10744.537995,10800.0,10800.0,10751.400276602155,10653.713145952657,10579.523375748935,10417.531497865384,10091.390331198718,10756.642435639642,10800.0,10800.0,10800.0,10800.0,10800.0,10800.0,10800.0,10799.539249588714,10780.963622610157,10780.963622610157,10751.577587981395,10729.904008232927,10689.431025645823,10663.984326845391,10660.722454911056,10653.99216256593,10647.327993848101,10646.840055455305,10646.840055455305,10646.840055455305,10646.840055455305,10646.840055455305,10646.840055455305,9738.716111010861,8827.103907307157,8500.276686494211,7602.892686494211,6688.998964271989,5779.66933464236,4857.672501309026,3937.0815383460636,3033.837093901619,2119.8174827905077,1200.0000013090262,1200.0000013090262,1200.0000013090262,1200.0000013090262,1200.0000013090262,1200.0000013090262,1200.0000013090262,1200.0000013090262,1200.0000013090262,1200.0000013090262,1200.0000013090262,1200.0000013090262,1200.0000013090262,1200.0000013090262,1200.0000013090262,1200.0000013090262,1200.0000013090262,1200.0000013090262,1200.0000013090262,1200.0000013090262,1200.0000013090262
2025-08-13,2252.6253022886094,2252.6253022886094,2252.6253022886094,2252.6253022886094,2370.9610146174286,2370.9610146174286,2370.9610146174286,2370.9610146174286,2370.9610146174286,2370.9610146174286,2370.9610146174286,2370.9610146174286,2370.9610146174286,2370.9610146174286,2370.9610146174286,2370.9610146174286,2370.9610146174286,2370.9610146174286,3120.9610146174286,3870.9610146174286,3870.9610146174286,3870.9610146174286,3870.9610146174286,4620.961014617429,5370.961014617429,6120.961014617429,6870.961014617429,7620.961014617429,8370.96101461743,8370.96101461743,8370.96101461743,8370.96101461743,9120.96101461743,9870.96101461743,9048.109570172985,8288.51632102088,8871.797337806385,8231.056091046037,7737.783961549339,7320.93789822396,6883.989416742478,6542.795609680891,6265.689867775238,6017.685118858793,5822.28836045711,5554.115181010666,5108.154514343999,4667.425839515464,4324.73603138561,4043.4138129441035,3822.433130742431,3720.7457746545297,3701.1065153952704,3671.2755742675254,3668.2926179797687,3668.2926179797687,3677.811932681919,3713.103727091761,3746.757217091761,3831.1148581073326,3884.994644864765,3884.994644864765,3892.738222619616,3983.281716610866,4117.346301610866,4257.11187958093,5007.11187958093,5598.189891320351,5749.224569770436,5993.959971618808,6743.959971618808,7493.959971618808,8118.6777829526,8804.091753942506,9519.731350630162,10269.731350630162,10446.431635630162,10540.434799718409,10615.294457415832,10676.37097971069,10718.282833826252,10737.416685529235,10770.734370529235,10800.0,10800.0,10725.463832305088,10633.800311728442,10535.346890413723,10352.489001524835,10352.489001524835,10799.999997049454,10799.999997049454,10799.999997049454,10799.999997049454,10781.232815269192,10781.232815269192,10781.232815269192,10781.232815269192,10777.429984470196,10777.429984470196,10757.316225735576,10746.755626962016,10724.937478300044,10687.320482870713,10687.320482870713,10675.40311060985,10664.825055141368,10664.825055141368,10664.825055141368,10664.825055141368,10664.626854424796,10664.626854424796,10664.626854424796,9748.430502572945,8844.189706276647,8528.898965535907,7616.344761832203,6701.542521091463,5789.844372943315,4867.847539609981,3946.5090581284994,3028.5812803507215,2117.1057433136843,1200.0,1200.0,1200.0,1200.0,1200.0,1200.0,1200.0,1200.0,1200.0,1200.0,1200.0,1200.0,1200.0,1200.0,1200.0,1200.0,1200.0,1200.0,1200.0,1200.0,1200.0
2025-08-14,2424.4122881672943,2424.4122881672943,2424.4122881672943,1535.0574177969238,1200.0001002969025,1200.0001002969025,1200.0001002969025,1200.0001002969025,1200.0001002969025,1200.0001002969025,1200.0001002969025,1200.0001002969025,1200.0001002969025,1200.0001002969025,1200.0001002969025,1950.0001002969025,2700.0001002969025,3450.0001002969025,4200.000100296902,4200.000100296902,4200.000100296902,4200.000100296902,4950.000100296902,5700.000100296902,5700.000100296902,5700.000100296902,6450.000100296902,7200.000100296902,7950.000100296902,8333.808133951094,8333.808133951094,8333.808133951094,9083.808133951094,9833.808133951094,9833.808133951094,9008.574963366567,9817.24393842945,9113.71973231704,8456.41971049905,7821.009564699018,7251.993953587907,6808.4501574535025,6390.529566399234,5959.078952970215,5644.4006024217,5230.962624423166,4586.5331059046475,4060.3792046305944,3642.5248906158217,3178.2860372316745,2791.9953311719833,2580.224574009196,2466.72914808327,2369.4095167170517,2320.2513072715683,2299.360653130738,2279.9720624047727,2279.9720624047727,2308.0441574047722,2362.1148309465298,2421.374387757516,2514.9070928826145,2641.9190734870917,2806.8236789920397,2996.0630939920397,3163.516202793021,3913.516202793021,4348.147316783202,4497.877304609829,5247.877304609829,5997.877304609829,6747.877304609829,8612.935617699244,8869.126563324244,9315.849515461523,9968.573328635415,10153.666833635416,10279.457459765561,10391.176995197953,10480.051477097251,10568.952528330183,10643.803353980911,10711.94773898091,10737.48806910213,10756.944609600154,10799.513410834978,10800.0,10800.0,10723.105907407407,10799.999997176745,10800.0,10800.0,10800.0,10800.0,10800.0,10800.0,10800.0,10800.0,10800.0,10800.0,10800.0,10800.0,10800.0,10800.0,10800.0,10800.0,10800.0,10800.0,10800.0,10800.0,10800.0,10800.0,10800.0,9874.074074074075,8948.14814814815,8607.407408921854,7681.481482995928,6755.555557070002,5829.629631144076,4903.7037052181495,3977.7777792922234,3051.8518533662973,2125.925927440371,1200.000001514445,1200.000001514445,1200.000001514445,1200.000001514445,1200.000001514445,1200.000001514445,1200.000001514445,1200.000001514445,1200.000001514445,1200.000001514445,1200.000001514445,1200.000001514445,1200.000001514445,1200.000001514445,1200.000001514445,1200.000001514445,1200.000001514445,1200.000001514445,1200.000001514445,1200.000001514445,1200.00000151445
2025-08-15,2956.8316032557996,2956.8316032557996,2310.489899552096,2310.489899552096,2310.489899552096,1894.8972592592593,1200.0,1200.0,1200.0,1200.0,1200.0,1200.0,1200.0,1200.0,1200.0,1200.0,1200.0,1200.0,1200.0,1200.0,1200.0,1200.0,1950.0,1950.0,1950.0,1950.0,2114.0292125941296,2114.0292125941296,2114.0292125941296,2114.0292125941296,2864.0292125941296,2864.0292125941296,2864.0292125941296,3614.0292125941296,3183.447394065998,2820.46763611383,3433.437308572962,3153.6945706311267,2903.9626568893104,2647.4312734859013,2426.3552179303456,2286.7434254485047,2194.8350172048467,2139.2962148489414,2139.2962148489414,2139.2962148489414,2139.2962148489414,2139.2962148489414,2139.2962148489414,2139.2962148489414,2139.2962148489414,2139.2962148489414,2139.2962148489414,2139.2962148489414,2139.2962148489414,2139.2962148489414,2139.2962148489414,2139.2962148489414,2139.2962148489414,2139.2962148489414,2139.2962148489414,2139.2962148489414,2139.2962148489414,2139.2962148489414,2139.2962148489414,2139.2962148489414,2139.2962148489414,2139.2962148489414,2139.2962148489414,2139.2962148489414,2139.2962148489414,2139.2962148489414,10800.0,10800.0,10800.0,10800.0,10800.0,10800.0,10800.0,10800.0,10800.0,10800.0,10800.0,10800.0,10800.0,10800.0,10800.0,10800.0,10800.0,10800.0,10800.0,10800.0,10800.0,10800.0,10800.0,10800.0,10800.0,10800.0,10800.0,10800.0,10800.0,10800.0,10800.0,10800.0,10800.0,10800.0,10800.0,10800.0,10369.271669246365,10369.271669246365,10369.271669246365,10369.271669246365,9601.171669246365,8886.815447024142,8139.02035443155,7354.255539616735,6588.011280357476,5857.893891468587,5135.37722480192,4329.637076653772,3503.9780210982162,2741.6557988759937,1979.305558135253,1200.0000025796976,1200.0000025796976,1200.0000025796976,1200.0000025796976,1200.0000025796976,1200.0000025796976,1200.0000025796976,1200.0000025796976,1200.0000025796976,1200.0000025796976,1200.0000025796976,1200.0000025796976,1200.0000025796976,1200.0000025796976,1200.0000025796976,1200.0000025796976,1200.0000025796976,1200.0000025796976,1200.0000025796976,1200.0000025796976,1200.0000025796976
2025-08-16,2018.1666480764734,2018.1666480764734,1916.331574074074,1200.0,1200.0,1200.0,1200.0,1950.0,1950.0,1950.0,1259.4722222222222,1200.0,1200.0,1200.0,1200.0,1200.0,1200.0,1200.0,1200.0,1200.0,1949.9995890460696,1949.9995890460696,1781.587888888889,1200.0,1200.0,1200.0,1200.0,1431.2433618516866,2181.2433618516866,2181.2433618516866,2181.2433618516866,2181.2433618516866,2181.2433618516866,2931.2433618516866,2524.2851396294645,2154.1168295975535,2827.4737413111,2624.7064044296158,2491.8307184685696,2375.447879101208,2223.305582804912,2102.1483278327846,2084.1320409221453,2084.1320409221453,2084.1320409221453,2084.1320409221453,2084.1320409221453,2084.1320409221453,2084.1320409221453,2084.1320409221453,2084.1320409221453,2084.1320409221453,2084.1320409221453,2084.1320409221453,2084.1320409221453,2084.1320409221453,2084.1320409221453,2084.1320409221453,2084.1320409221453,2084.1320409221453,2084.1320409221453,2084.1320409221453,2084.1320409221453,2084.1320409221453,2084.1320409221453,2084.1320409221453,2084.1320409221453,2084.1320409221453,2084.1320409221453,2084.1320409221453,2084.1320409221453,2084.1320409221453,10800.0,10800.0,10800.0,10800.0,10800.0,10800.0,10800.0,10800.0,10800.0,10800.0,10800.0,10800.0,10800.0,10800.0,10800.0,10800.0,10800.0,10800.0,10800.0,10800.0,10800.0,10800.0,10800.0,10800.0,10800.0,10800.0,10800.0,10800.0,10800.0,10800.0,10800.0,10800.0,10800.0,10800.0,10800.0,10800.0,10800.0,10800.0,10800.0,10800.0,10340.807546509175,9535.20837191358,8741.26026080247,8011.699148148149,7300.723314814816,6554.236981481483,5774.055500000001,4993.011907407408,4256.5595,3536.174314814815,2782.909814814815,2006.5148148148148,1200.0,1200.0,1200.0,1200.0,1200.0,1200.0,1200.0,1200.0,1200.0,1200.0,1200.0,1885.3640319599795,1885.3640319599795,1201.9359578859053,1201.9359578859053,1201.9359578859053,1943.5584428859054,2053.730880478498,2053.730880478498,1209.7015841822017
2025-08-17,2925.6121412696793,2925.6121412696793,2925.6121412696793,2925.6121412696793,2925.6121412696793,2925.6121412696793,2925.6121412696793,2925.6121412696793,3300.0,3300.0,3300.0,3300.0,4050.0,4800.0,4800.0,4800.0,4800.0,4800.0,5550.0,6300.0,7050.0,7050.0,7050.0,7050.0,7050.0,7050.0,7050.0,7800.0,7800.0,7800.0,8550.0,9300.0,10050.0,10800.0,10367.57490775943,9569.840782917516,9705.42886077118,9002.33871343495,8363.431785283108,7789.7412877278675,7240.054658098238,6768.925389836608,6381.675257075258,6101.648942226907,5957.922161395305,5741.570728316532,5344.276820909125,4964.689916256851,4675.016136705623,4413.008397630435,4160.681291311561,4012.783413376791,3981.0135244879016,3981.0135244879016,3981.0135244879016,4051.991739604457,4058.935809978376,4058.935809978376,4103.563059978375,4233.784673260645,4393.833129626838,4556.20491177169,4820.459197672342,5120.529160946344,5392.681105946344,6142.681105946344,6892.681105946344,7642.681105946344,8392.681105946343,9142.681105946343,9892.681105946343,10370.139653155631,10646.184118904133,10646.184118904133,10646.184118904133,10646.184118904133,10646.184118904133,10646.184118904133,10646.184118904133,10646.184118904133,10646.184118904133,10646.184118904133,10646.184118904133,10646.184118904133,10707.714989297154,10787.28901702923,10800.0,10800.0,10784.806704688248,10784.806704688248,10799.999999070642,10799.999999070642,10799.999999070642,10799.999999070642,10799.999999070642,10799.999999070642,10799.999999070642,10799.999999070642,10799.999999070642,10799.999999070642,10799.999999070642,10799.999999070642,10739.33319091581,10699.107936653949,10693.503288097641,10665.562842665955,10652.436664251667,10652.436664251667,10652.436664251667,10652.436664251667,10652.436664251667,10652.436664251667,10652.436664251667,9742.060312399815,8820.938979066483,7938.746386473891,7034.366333333333,6115.970388888889,5206.362981481481,4284.366333333333,3367.4221666666667,3039.329574074074,2118.3476296296294,1200.0,1200.0,1200.0,1200.0,1200.0,1200.0,1200.0,1200.0,1200.0,1200.0,1200.0,1200.0,1200.0,1200.0,1200.0,1200.0,1200.0,1200.0,1200.0,1200.0,1200.0
2025-08-18,2294.0581174448603,2294.0581174448603,1427.234858185601,1200.0000491491978,1200.0000491491978,1200.0000491491978,1200.0000491491978,1200.0000491491978,1200.0000491491978,1200.0000491491978,1200.0000491491978,1200.0000491491978,1950.0000491491978,2700.000049149198,3450.000049149198,4200.000049149197,4950.000049149197,5700.000049149197,5700.000049149197,5700.000049149197,6450.000049149197,6450.000049149197,7050.0,7800.0,8550.0,8550.0,8550.0,8550.0,8550.0,9300.0,9300.0,9300.0,10050.0,10800.0,10663.318971621471,9881.253511417555,9959.567592454065,9351.30773585193,8712.424397574501,8139.220846735764,7688.397587476505,7290.4885054533515,6887.650699516504,6541.273829642359,6296.230083197658,5988.2771246301,5550.760791296766,5187.2853664945005,4886.191437806924,4541.900319240602,4180.419413514995,3880.006383769583,3643.5602911769906,3505.8012250967836,3381.380238982723,3228.702115561269,3177.321916267198,3177.321916267198,3177.321916267198,3221.871314582895,3312.9274069539606,3453.2102130862418,3692.205315626341,3984.3673588733,4295.8136488733,4749.553135890772,5016.9650984833415,5303.641661949178,5629.169050484489,6305.126808158121,6988.753968158122,7686.304526355341,9451.002484571274,9451.002484571274,9520.152229263684,9795.2934861211,10023.4043961211,10195.699941148898,10376.436510201755,10550.377558602688,10641.015435510373,10722.323955,10800.0,10800.0,10800.0,10800.0,10751.229745092338,10665.249605020836,10528.076086502317,10799.99999695979,10795.058921904852,10795.058921904852,10795.058921904852,10795.058921904852,10795.058921904852,10799.999996060238,10799.999996060238,10799.999996060238,10799.999996060238,10799.999996060238,10799.999996060238,10799.999996060238,10799.999996060238,10799.999996060238,10799.999996060238,10799.999996060238,10799.999996060238,10799.999996060238,10799.999996060238,10799.999996060238,10799.999996060238,10799.999996060238,10799.999996060238,9874.074070134313,8948.148144208388,8022.222218282462,7096.296292356536,6170.3703664306095,5829.6296296296305,4903.703703703704,3977.7777777777783,3051.851851851852,2125.925925925926,1200.0,1200.0,1200.0,1200.0,1200.0,1200.0,1200.0,1200.0,1200.0,1200.0,1200.0,1200.0,1200.0,1200.0,1200.0,1200.0,1200.0,1200.0,1200.0,1200.0,1200.0
2025-08-19,3146.173426078976,3146.173426078976,3146.173426078976,3146.173426078976,3146.173426078976,3146.173426078976,3146.173426078976,3146.173426078976,3896.173426078976,3896.173426078976,3896.173426078976,3896.173426078976,3896.173426078976,3896.173426078976,4421.3370685748505,5171.3370685748505,5171.3370685748505,5171.3370685748505,5171.3370685748505,5171.3370685748505,5171.3370685748505,5171.3370685748505,5171.3370685748505,5921.3370685748505,6671.3370685748505,6671.3370685748505,7421.3370685748505,8171.3370685748505,8171.3370685748505,8171.3370685748505,8171.3370685748505,8171.3370685748505,8171.3370685748505,8921.33706857485,8921.33706857485,8158.168783796608,8824.363155860783,8220.284193730928,7678.1933380653645,7175.0509372866945,6680.130789138547,6276.843833263719,5939.308295924048,5648.170680045693,5469.393248915653,5256.3285402552265,4912.676540255226,4569.364906473857,4318.644980588318,4150.325032548956,4055.3502437415805,3992.456777995476,3950.662666884365,3950.6992245310344,3974.1609025066937,3998.3650978678847,4037.7857714773127,4126.237800451186,4301.915355451186,4449.701749614325,4522.475086605425,4593.901261341242,4736.776450554651,4874.555140235242,4983.162865235242,5120.487099301781,5272.630295750936,5418.77961298906,5568.875913818519,6149.992568516716,6767.3786485167175,7413.124257115785,8847.99725990173,9171.172473665543,9458.798226998877,9712.748119290543,9987.185569290543,10212.391071281754,10394.052510825255,10562.887954961954,10654.060937190536,10705.915633126468,10782.278668126468,10800.0,10773.999472507418,10651.01681060526,10544.302570758528,10452.64189394254,10275.128079127726,10275.128079127726,10799.999997000572,10799.999997000572,10799.999997000572,10799.999997000572,10799.999997000572,10799.999997000572,10799.999997000572,10799.999997000572,10799.999997000572,10799.999997000572,10799.999997000572,10799.999997000572,10799.999997000572,10799.999997000572,10799.999997000572,10799.999997000572,10799.999997000572,10799.999997000572,10799.999997000572,10799.999997000572,10799.999997000572,10799.999997000572,10799.999997000572,9874.074071074647,8948.148145148722,8022.2222192227955,7096.296293296869,6755.555555555557,5829.6296296296305,4903.703703703704,3977.7777777777783,3051.851851851852,2125.925925925926,1200.0,1200.0,1200.0,1200.0,1200.0,1200.0,1200.0,1200.0,1200.0,1200.0,1200.0,1200.0,1200.0,1200.0,1200.0,1200.0,1200.0,1200.0,1200.0,1200.0,1200.0
2025-08-20,2040.366188925354,2040.366188925354,2790.366188925354,2790.366188925354,2790.366188925354,2790.366188925354,2790.366188925354,2790.366188925354,2790.366188925354,2790.366188925354,3540.366188925354,4290.366188925354,4290.366188925354,4290.366188925354,4290.366188925354,4290.366188925354,4290.366188925354,4290.366188925354,4290.366188925354,4290.366188925354,5040.366188925354,5790.366188925354,6540.366188925354,7290.366188925354,8040.366188925354,8550.0,8550.0,8550.0,8550.0,8550.0,9300.0,10050.0,10050.0,10800.0,10800.0,9951.968840968422,10088.352394196865,9417.08360537842,8737.484505187562,8105.7448814805,7539.849418517538,7008.174897578901,6493.441668227095,6050.23422754962,5682.021193227627,5621.066688513535,5022.325947772794,4404.837823609017,3831.677256549446,3279.1496748124628,2788.0163986691223,2411.2091302772315,2124.1723339809355,1908.6126597014927,1762.0026573941564,1695.2305042805635,1683.993014282127,1683.993014282127,1717.5183892821267,1799.7415326553487,1843.537508102695,1843.537508102695,1890.990500800765,1980.1625653152132,2091.0503503152136,2173.408208455144,2923.408208455144,2975.0133576528647,3725.0133576528647,4475.013357652864,5225.013357652864,5975.013357652864,7158.0166233916125,7908.0166233916125,8658.016623391613,9408.016623391613,10010.699267448563,10249.495140224828,10458.047090613834,10628.565234552541,10716.522706805466,10765.10058,10800.0,10764.98368044693,10687.151750539257,10625.394054238444,10532.781900915883,10402.30827826737,10223.785019008112,10799.999998890826,10800.0,10800.0,10800.0,10800.0,10800.0,10800.0,10800.0,10800.0,10786.060476839191,10785.437769678754,10745.532259998878,10729.998429289457,10713.656631256765,10711.716728725696,10711.716728725696,10710.237785105104,10710.237785105104,10707.946297481245,10707.946297481245,10707.946297481245,10707.946297481245,10707.946297481245,10707.946297481245,9788.398945629393,8876.482445629394,7954.500964147912,7040.275593777541,6702.919741925689,5790.171593777541,4868.999778962726,3947.719278962726,3034.4415011849483,2114.296427110874,1200.0000011849481,1200.0000011849481,1200.0000011849481,1200.0000011849481,1200.0000011849481,1200.0000011849481,1200.0000011849481,1200.0000011849481,1200.0000011849481,1200.0000011849481,1200.0000011849481,1200.0000011849481,1200.0000011849481,1200.0000011849481,1200.0000011849481,1200.0000011849481,1200.0000011849481,1200.0000011849481,1200.0000011849481,1200.0000011849481,1200.000001184946
2025-08-21,1827.8864872222207,1827.8864872222207,1827.8864872222207,1827.8864872222207,1827.8864872222207,1827.8864872222207,1827.8864872222207,2577.8864872222207,3327.8864872222207,3327.8864872222207,3327.8864872222207,4077.8864872222207,4077.8864872222207,4077.8864872222207,4827.88648722222,4827.88648722222,5577.88648722222,6327.88648722222,7077.88648722222,7077.88648722222,7077.88648722222,7077.88648722222,7827.88648722222,8577.88648722222,8577.88648722222,8577.88648722222,9300.0,10050.0,10050.0,10050.0,10050.0,10050.0,10050.0,10800.0,9914.094689032065,9129.547042460172,9365.706626273304,8695.474975089095,8099.56255786112,7574.329061374698,7081.915542856179,6673.273833709609,6358.47988752586,6129.587671714681,5941.66349223006,5685.816395435133,5296.4109695092075,4892.723390192309,4583.837801930051,4373.277936048134,4150.133785908502,3962.6297044077114,3853.6628895928966,3804.5743348824462,3774.84874636008,3754.896128453848,3772.5853765125753,3798.0969692173235,3801.5480792173234,3880.2074963460627,3993.4257017375166,4103.287998841432,4284.197610379836,4527.257346392715,4819.409721392714,5389.637889471225,6139.637889471225,6335.412081403699,6557.563753474794,7307.563753474794,8057.563753474794,8311.555706122495,9405.028699072584,9484.221182949643,9767.433389060754,10027.733513153498,10238.186978153499,10376.340996169876,10463.830528604904,10552.294942401513,10659.001303938236,10748.167635,10800.0,10800.0,10769.358889519599,10662.705480478166,10480.132976956245,10302.982099364568,10094.402673438643,10094.402673438643,10800.0,10800.0,10800.0,10800.0,10779.608383862045,10759.033707161962,10753.860758595647,10718.706831858202,10718.706831858202,10725.662560256085,10725.662560256085,10730.84432524374,10730.84432524374,10730.84432524374,10730.84432524374,10730.84432524374,10730.84432524374,10730.84432524374,10730.84432524374,10730.84432524374,10730.84432524374,10730.84432524374,10730.84432524374,9811.296973391887,8886.991240740743,7965.00975925926,7049.85662962963,6135.9584814814825,5210.032555555556,4291.807925925927,3372.315444444445,2460.885814814815,2125.925925925926,1200.0,1200.0,1200.0,1200.0,1200.0,1200.0,1200.0,1200.0,1200.0,1200.0,1200.0,1200.0,1200.0,1200.0,1200.0,1200.0,1200.0,1200.0,1200.0,1200.0,1200.0
2025-08-22,2152.2424716081146,2152.2424716081146,2152.2424716081146,2152.2424716081146,1463.2146938303367,1200.0,1200.0,1200.0,1200.0,1200.0,1200.0,1200.0,1950.0,1950.0,1950.0,1950.0,1950.0,1314.6503888888888,1200.0000972126595,1200.0000972126595,1200.0000972126595,1200.0000972126595,1200.0000972126595,1708.3088560254005,1708.3088560254005,1708.3088560254005,1708.3088560254005,1708.3088560254005,1708.3088560254005,2458.3088560254005,3208.3088560254005,3208.3088560254005,3208.3088560254005,3208.3088560254005,2796.4697449142895,2461.2579094754947,3083.534272366643,2822.006298608144,2586.049358515766,2401.7576055500776,2263.548901846374,2181.102266931737,2157.0333279572505,2157.0333279572505,2157.0333279572505,2157.0333279572505,2157.0333279572505,2157.0333279572505,2157.0333279572505,2157.0333279572505,2157.0333279572505,2157.0333279572505,2157.0333279572505,2157.0333279572505,2157.0333279572505,2157.0333279572505,2157.0333279572505,2157.0333279572505,2157.0333279572505,2157.0333279572505,2157.0333279572505,2157.0333279572505,2157.0333279572505,2157.0333279572505,2157.0333279572505,2157.0333279572505,2157.0333279572505,2157.0333279572505,2157.0333279572505,2157.0333279572505,2157.0333279572505,2486.254417169688,10800.0,10800.0,10800.0,10800.0,10800.0,10800.0,10800.0,10800.0,10800.0,10800.0,10800.0,10800.0,10800.0,10800.0,10800.0,10800.0,10800.0,10800.0,10800.0,10800.0,10800.0,10800.0,10800.0,10800.0,10800.0,10800.0,10800.0,10800.0,10800.0,10800.0,10800.0,10800.0,10800.0,10800.0,10800.0,10800.0,10800.0,10800.0,10800.0,10800.0,10387.689118675198,9633.003155712235,8887.221137193716,8139.764427810386,7398.464650032608,6648.84037225483,5859.277409291867,5052.7019648474225,4266.649205588163,3500.643650032607,2687.1819833659406,1917.7925944770516,1200.000001884459,1200.000001884459,1200.000001884459,1200.000001884459,1200.000001884459,1200.000001884459,1200.000001884459,1200.000001884459,1200.000001884459,1200.000001884459,1200.000001884459,1200.000001884459,1200.000001884459,1200.000001884459,1200.000001884459,1200.000001884459,1200.000001884459,1200.000001884459,1200.000001884459,1200.0000018844569
2025-08-23,1200.0,1200.0,1200.0,1200.0,1200.0,1200.0,1200.0,1200.0,1950.0,2700.0,2700.0,2700.0,2700.0,2700.0,2700.0,2700.0,2700.0,2031.517388888889,2031.517388888889,2031.517388888889,2031.517388888889,2031.517388888889,2031.517388888889,2031.517388888889,2781.5168471557654,3531.5168471557654,3531.5168471557654,3210.577898743693,3210.577898743693,3210.577898743693,3210.577898743693,3210.577898743693,3210.577898743693,3960.577898743693,3442.643972817767,3046.343974530577,4175.669523928807,3908.1778895400857,3712.6920754192743,3561.032752082666,3367.226789119703,3183.8236902260155,3083.957494088398,3083.957494088398,3083.957494088398,3083.957494088398,3083.957494088398,3083.957494088398,3083.957494088398,3083.957494088398,3083.957494088398,3083.957494088398,3083.957494088398,3083.957494088398,3083.957494088398,3083.957494088398,3083.957494088398,3083.957494088398,3083.957494088398,3083.957494088398,3083.957494088398,3083.957494088398,3083.957494088398,3083.957494088398,3083.957494088398,3083.957494088398,3083.957494088398,3083.957494088398,3083.957494088398,3083.957494088398,3083.957494088398,3083.957494088398,10800.0,10800.0,10800.0,10800.0,10800.0,10800.0,10800.0,10800.0,10800.0,10800.0,10800.0,10800.0,10800.0,10800.0,10800.0,10800.0,10800.0,10800.0,10800.0,10800.0,10800.0,10800.0,10800.0,10800.0,10800.0,10800.0,10800.0,10800.0,10800.0,10800.0,10762.584817028064,10715.341189722141,10691.090519902053,10670.294608782417,10660.418487730994,10660.418487730994,10655.578538129543,10651.794488238344,10651.794488238344,10480.628666666667,9691.315703703705,8927.959722222224,8161.658314814817,7335.884240740742,6548.925370370372,5826.42138888889,5112.380648148149,4344.865222222223,3514.2692962962965,2681.284111111111,1917.3292407407407,1200.0,1200.0,1200.0,1200.0,1200.0,1200.0,1200.0,1200.0,1915.9036412890218,1915.9036412890218,1200.0,1200.0,1200.0,1200.0,1200.0,1947.5309629629626,1947.5309629629626,1339.4567407407403,1339.4567407407403,2016.0494444444444,1200.0
2025-08-24,2820.3151891624893,2820.3151891624893,2820.3151891624893,2820.3151891624893,2820.3151891624893,2820.3151891624893,3570.3151891624893,4320.315189162489,4320.315189162489,4320.315189162489,4320.315189162489,5070.315189162489,5070.315189162489,5070.315189162489,5070.315189162489,5070.315189162489,5070.315189162489,5070.315189162489,5070.315189162489,5070.315189162489,5070.315189162489,5070.315189162489,5820.315189162489,6570.315189162489,7320.315189162489,7320.315189162489,8018.0985284527305,8018.0985284527305,8018.0985284527305,8018.0985284527305,8018.0985284527305,8018.0985284527305,8018.0985284527305,8768.09852845273,8768.09852845273,7967.667920210712,8063.342951707825,7467.117605813394,6881.154522479009,6348.568053472974,5880.475146065566,5413.07975285843,4977.8808354610255,4665.941668654215,4478.443969993139,4191.112596991169,3706.518096991169,3325.97693908284,3023.6967101837467,2679.7806828124726,2369.1171356176346,2149.4369815393306,1978.245018576368,1925.0338143049344,1925.981913554608,1948.1228882292444,2045.306188163316,2215.9868674899276,2425.1008324899276,2709.842174967186,3009.2179668574972,3274.0025906240267,3595.813566367734,3951.013090262724,4299.629275262724,5013.8333200381085,5652.075935201917,5989.767020942155,6328.625158882758,6760.312500935871,7473.119115935871,7745.505435932733,8478.330754447206,8899.739949054292,9339.738517847874,9772.941894509528,10117.182144509528,10414.042520825598,10611.175519660741,10724.091452221766,10778.463790108888,10800.0,10800.0,10787.794317533588,10745.506331970519,10616.1627679819,10486.238108953276,10289.572688614435,9984.820929355175,10726.155044893814,10800.0,10800.0,10800.0,10800.0,10777.9525518952,10765.41270177401,10765.41270177401,10765.41270177401,10765.746132402099,10783.728082978727,10783.728082978727,10799.999994551701,10799.999994551701,10799.999994551701,10799.999994551701,10799.999994551701,10799.999994551701,10799.999994551701,10799.999994551701,10799.449869732576,10799.449869732576,10799.449869732576,10799.449869732576,9875.033758621465,8949.10783269554,8023.181906769613,7097.255980843687,6176.8595178807245,5847.346554917762,4931.564747962962,4005.638822037037,3079.7128961111107,2153.7869701851846,1227.8610442592587,1227.8610442592587,1227.8610442592587,1227.8610442592587,1227.8610442592587,1227.8610442592587,1227.8610442592587,1227.8610442592587,1227.8610442592587,1227.8610442592587,1227.8610442592587,1958.603759259259,1958.603759259259,1958.603759259259,1958.603759259259,1958.603759259259,2107.998210538604,2107.998210538604,2107.998210538604,2107.998210538604,1200.0
2025-08-25,3228.680826176398,3228.680826176398,3228.680826176398,3228.680826176398,3228.680826176398,3228.680826176398,3228.680826176398,3300.0,3300.0,3300.0,3300.0,3300.0,3300.0,3300.0,3300.0,3300.0,3300.0,4050.0,4050.0,4050.0,4050.0,4050.0,4050.0,4050.0,4800.0,5550.0,6300.0,7050.0,7800.0,8550.0,9300.0,9300.0,10050.0,10800.0,10800.0,9914.381860660687,10016.250005817199,9357.967386438382,8728.01795038472,8156.04760579528,7657.521513202688,7209.111402611214,6778.678527398319,6373.760020888741,6081.700588686653,5733.755334834182,5233.422575574922,4849.605859241966,4571.299154339857,4285.7844579232315,4060.969610593675,3944.935804520757,3890.3906563726086,3835.7784522330303,3835.7784522330303,3870.163636400052,3903.246167905195,3959.3657926720985,4067.528797672099,4198.605502653532,4307.6926956606385,4383.884343597958,4493.072143193741,4657.427272846844,4852.344337846844,4990.957460305178,5740.957460305178,6490.957460305178,7240.957460305178,7680.139073053695,8430.139073053695,9180.139073053695,9322.312359822316,9891.061403113388,9997.812745632224,10747.812745632224,10795.253995632223,10800.0,10764.34681072458,10764.34681072458,10764.34681072458,10698.165371953739,10652.36961269448,10605.034758838414,10524.621003598148,10377.288060350897,10211.255740495662,9957.719776099997,9586.682479803701,10050.0,10799.999997299768,10799.999997299768,10799.999997299768,10799.999997299768,10799.999997299768,10799.999997299768,10799.999997299768,10799.999997299768,10799.999997299768,10799.999997299768,10799.999997299768,10799.999997299768,10799.999997299768,10799.999997299768,10799.999997299768,10799.999997299768,10799.999997299768,10799.999997299768,10799.999997299768,10799.999997299768,10799.999997299768,10799.999997299768,10799.999997299768,9874.074071373843,8948.148145447918,8022.222219521992,7096.296293596066,6170.37036767014,5244.444441744214,4318.518515818288,3392.5925898923615,3051.851851851852,2125.925925925926,1200.0,1200.0,1200.0,1200.0,1200.0,1200.0,1200.0,1200.0,1200.0,1200.0,1200.0,1200.0,1200.0,1200.0,1200.0,1200.0,1200.0,1200.0,1200.0,1200.0,1200.0
2025-08-26,2162.631361593424,2162.631361593424,2162.631361593424,2162.631361593424,2162.631361593424,2507.424405019764,2507.424405019764,2507.424405019764,2507.424405019764,2507.424405019764,2507.424405019764,2507.424405019764,2507.424405019764,2507.424405019764,2507.424405019764,2507.424405019764,2507.424405019764,3257.424405019764,3257.424405019764,3257.424405019764,3257.424405019764,4007.424405019764,4757.424405019764,5507.424405019764,6257.424405019764,7007.424405019764,7007.424405019764,7007.424405019764,7007.424405019764,7757.424405019764,8507.424405019763,9257.424405019763,9257.424405019763,10007.424405019763,9169.016737703587,8362.381089638917,9295.614679280265,8636.286038519473,8037.66773935506,7519.326125231628,7057.045180787183,6615.8038225398905,6201.070434684616,5871.30012072002,5662.284602407992,5662.284602407992,5186.521565370955,4768.915411641906,4426.027376071276,4098.017758458065,3819.131709221772,3626.000754584639,3491.7971064364906,3391.0815495303373,3365.242930516024,3407.3249264284964,3504.51785718698,3652.017017377244,3792.157022377244,3939.527365166647,4070.1686097481934,4208.747836910059,4391.819285995689,4603.197860960531,4803.877385960532,4977.976814742774,5727.976814742774,5971.885402827157,6273.22939776903,6670.275482616058,7420.275482616058,8170.275482616058,8428.891405547136,8736.890955239876,9035.551237468308,9397.294061173554,9614.296961173553,9804.41574117017,9934.255420354435,10026.615239310522,10072.164962680014,10116.683445164159,10163.29437016416,10165.851318644098,10170.736662376326,10170.736662376326,10162.44442075146,10045.647821413717,9789.672617710014,9880.72857987594,10799.999997297888,10799.999997297888,10799.999997297888,10799.999997297888,10799.999997297888,10799.999997297888,10799.999997297888,10799.999997297888,10799.999997297888,10799.999997297888,10799.999997297888,10799.999997297888,10799.999997297888,10799.999997297888,10799.999997297888,10799.999997297888,10799.999997297888,10799.999997297888,10799.999997297888,10799.999997297888,10799.999997297888,10799.999997297888,10799.999997297888,10459.25925925926,9533.333333333334,8607.407407407409,7681.481481481483,6755.555555555557,5829.6296296296305,4903.703703703704,3977.7777777777783,3051.851851851852,2125.925925925926,1200.0,1200.0,1200.0,1200.0,1200.0,1200.0,1200.0,1200.0,1200.0,1200.0,1200.0,1200.0,1200.0,1200.0,1200.0,1200.0,1200.0,1200.0,1200.0,1200.0,1200.0
2025-08-27,2511.22941270211,2511.22941270211,2511.22941270211,2511.22941270211,2511.22941270211,2511.22941270211,2511.22941270211,3261.22941270211,3261.22941270211,3261.22941270211,3261.22941270211,3261.22941270211,4011.22941270211,4761.2294127021105,5511.2294127021105,6261.2294127021105,6261.2294127021105,6261.2294127021105,6261.2294127021105,6261.2294127021105,6261.2294127021105,6261.2294127021105,6261.2294127021105,6261.2294127021105,6261.2294127021105,7011.2294127021105,7761.2294127021105,7761.2294127021105,7761.2294127021105,8511.22941270211,9261.22941270211,10011.22941270211,10050.0,10800.0,10800.0,9960.461768237526,10068.819057556777,9389.653773948958,8761.360368819018,8212.01298594148,7732.976152608146,7292.20527002281,6905.901041211384,6624.453993619595,6639.533532497602,6947.393313307094,6500.065146640427,6059.8505986305045,5649.534217568882,5246.946144421393,4880.582984643902,4527.497209959092,4189.394024773907,3933.5724103863286,3784.8216872022326,3733.891641253702,3733.891641253702,3810.3848438693394,3902.3369138693397,4013.2189092914264,4095.8667632343017,4153.701130440845,4208.590569493256,4300.739297719521,4409.730032719522,4466.262267958479,5216.262267958479,5894.976297528296,6644.976297528296,6764.2284,6981.715725,7731.715725,8858.542583927097,9195.299842907336,9539.300596470777,10125.994798287658,10422.814258287657,10606.77929225894,10735.895515198989,10800.0,10800.0,10782.306337257789,10738.860615035566,10664.35540070435,10544.210974618503,10383.20092883519,10189.486240478325,9954.349664542175,9650.229312690322,9650.229312690322,10799.9999352198,10799.9999352198,10799.9999352198,10724.23412554141,10664.435051248336,10664.435051248336,10637.692626249345,10630.010880488117,10630.113133740497,10652.611407101354,10660.523244854465,10678.018085010415,10704.54131476288,10704.54131476288,10704.717611111113,10704.717611111113,10704.717611111113,10704.717611111113,10704.717611111113,10704.717611111113,10704.717611111113,10704.717611111113,10704.717611111113,9779.703666666668,8864.099333333335,7950.166000000001,7621.125814814815,6703.211351851853,5786.220611111112,4873.144574074075,3951.5882222222226,3031.8326666666667,2110.7478703703705,1200.0,1200.0,1200.0,1200.0,1200.0,1200.0,1200.0,1200.0,1200.0,1200.0,1200.0,1200.0,1200.0,1200.0,1200.0,1200.0,1200.0,1200.0,1200.0,1200.0,1200.0
2025-08-28,2281.343967270843,2281.343967270843,2281.343967270843,2281.343967270843,2281.343967270843,2281.343967270843,3031.343967270843,3781.343967270843,4050.0,4800.0,5550.0,5550.0,6300.0,7050.0,7050.0,7050.0,7050.0,7050.0,7050.0,7050.0,7050.0,7050.0,7050.0,7800.0,8550.0,8550.0,8550.0,8550.0,8550.0,8550.0,9300.0,10050.0,10050.0,10800.0,10800.0,10035.471837600162,10062.05164655161,9369.069836039242,8720.520096585682,8185.458509710079,7732.877861561931,7330.270254528024,6940.87864466044,6620.649355966639,6393.7818681973,6393.7818681973,5892.208923752856,5439.372260976983,5082.167575580456,4760.594803596883,4500.885808530383,4290.861261233933,4096.848039011711,3916.826697569602,3786.027590178839,3702.153287885348,3648.58244504781,3617.2807398907344,3617.2807398907344,3581.9875643020946,3521.8350403703944,3520.659586082259,3499.962758335707,3478.980682934398,3478.980682934398,4228.980682934398,4978.980682934398,5728.980682934398,6478.980682934398,6595.232249330185,7345.232249330185,8095.232249330185,7449.806348704374,8199.806348704373,8949.806348704373,9699.806348704373,10193.233468142202,10390.343072837852,10538.15919257545,10633.702088617087,10691.070285010794,10767.712125,10800.0,10763.757173312717,10688.043576678288,10604.720118210469,10477.775259978338,10333.045972936123,10155.875602565753,10799.999997140743,10800.0,10800.0,10800.0,10800.0,10800.0,10800.0,10800.0,10800.0,10800.0,10800.0,10800.0,10777.923123501843,10777.923123501843,10777.923123501843,10744.199791940802,10714.131797110847,10702.696841678879,10700.735925149143,10696.968690280723,10693.510735672086,10691.268871165983,10691.268871165983,10691.268871165983,10351.440111906724,9435.899815610428,8519.699815610427,7611.659482277094,6692.231871165983,5777.191130425242,4863.657871165982,3949.0891304252414,3032.5613526474635,2112.4162785733893,1200.0000007956116,1200.0000007956116,1200.0000007956116,1200.0000007956116,1200.0000007956116,1200.0000007956116,1200.0000007956116,1200.0000007956116,1200.0000007956116,1200.0000007956116,1200.0000007956116,1200.0000007956116,1200.0000007956116,1200.0000007956116,1200.0000007956116,1200.0000007956116,1200.0000007956116,1200.0000007956116,1200.0000007956116,1200.0000007956116,1200.000000795612
2025-08-29,2289.6284485284245,2289.6284485284245,2289.6284485284245,2289.6284485284245,2289.6284485284245,3039.6284485284245,3039.6284485284245,3039.6284485284245,3039.6284485284245,2357.380670750647,1743.6584485284247,1743.6584485284247,1743.6584485284247,1743.6584485284247,1743.6584485284247,1743.6584485284247,1200.0,1200.0,1200.0,1841.4189725654273,1841.4189725654273,1841.4189725654273,1841.4189725654273,1200.0,1200.0,1200.0,1200.0,1763.8586253366552,1763.8586253366552,1763.8586253366552,2513.858625336655,3263.858625336655,3263.858625336655,4013.858625336655,4013.858625336655,3568.5674044472175,5125.9132704909325,4764.581410402698,4417.520675675352,4117.02340428499,3847.292589470175,3633.065095059543,3486.3971647058943,3410.305898007625,3354.5246877207205,3326.966128102032,3326.966128102032,3326.966128102032,3326.966128102032,3326.966128102032,3326.966128102032,3326.966128102032,3326.966128102032,3326.966128102032,3326.966128102032,3326.966128102032,3326.966128102032,3326.966128102032,3326.966128102032,3326.966128102032,3326.966128102032,3326.966128102032,3326.966128102032,3326.966128102032,3326.966128102032,3326.966128102032,3326.966128102032,3326.966128102032,3326.966128102032,3326.966128102032,3326.966128102032,3326.966128102032,10800.0,10800.0,10800.0,10800.0,10800.0,10800.0,10800.0,10800.0,10800.0,10800.0,10800.0,10800.0,10800.0,10800.0,10800.0,10800.0,10800.0,10800.0,10800.0,10800.0,10800.0,10800.0,10800.0,10800.0,10800.0,10800.0,10800.0,10800.0,10800.0,10800.0,10800.0,10800.0,10800.0,10800.0,10800.0,10800.0,10800.0,10800.0,10800.0,10800.0,9969.824074074073,9188.564499999999,8447.560259259259,7669.76211111111,6937.152185185184,6197.923944444443,5412.555425925924,4709.188592592591,3979.4427962962945,3139.3927962962944,2294.796462962961,1528.3014814814796,1200.0000023925302,1200.0000023925302,1200.0000023925302,1200.0000023925302,1200.0000023925302,1200.0000023925302,1200.0000023925302,1200.0000023925302,1200.0000023925302,1200.0000023925302,1200.0000023925302,1200.0000023925302,1200.0000023925302,1200.0000023925302,1200.0000023925302,1200.0000023925302,1200.0000023925302,1200.0000023925302,1200.0000023925302,1200.0000023925302
2025-08-30,2187.5576236888282,2187.5576236888282,1842.147351851852,1842.147351851852,1842.147351851852,1842.147351851852,1200.0,1200.0,1200.0,1200.0,1200.0,1200.0,1200.0,1200.0,1200.0,1200.0,1200.0,1200.0,1200.0,1200.0,1200.0,1200.0,1200.0,1949.999419561012,1949.999419561012,1949.999419561012,1361.404345486938,2111.404345486938,2861.404345486938,2309.9443906706497,2309.9443906706497,3059.9443906706497,3059.9443906706497,3809.9443906706497,3354.182464744724,2952.780724700882,3694.1319784751527,3413.9223663477437,3191.8451567783873,2993.154744868004,2778.904596719856,2642.298894896666,2566.6933225464113,2552.353102644214,2552.353102644214,2552.353102644214,2552.353102644214,2552.353102644214,2552.353102644214,2552.353102644214,2552.353102644214,2552.353102644214,2552.353102644214,2552.353102644214,2552.353102644214,2552.353102644214,2552.353102644214,2552.353102644214,2552.353102644214,2552.353102644214,2552.353102644214,2552.353102644214,2552.353102644214,2552.353102644214,2552.353102644214,2552.353102644214,2552.353102644214,2552.353102644214,2552.353102644214,2552.353102644214,2927.6142503352094,3537.3530432895654,10800.0,10800.0,10800.0,10800.0,10800.0,10800.0,10800.0,10800.0,10800.0,10800.0,10800.0,10800.0,10800.0,10800.0,10800.0,10800.0,10800.0,10800.0,10800.0,10800.0,10800.0,10800.0,10800.0,10800.0,10800.0,10800.0,10800.0,10800.0,10800.0,10800.0,10800.0,10800.0,10800.0,10800.0,10800.0,10800.0,10800.0,10800.0,10800.0,10800.0,10012.37962962963,9276.419722222223,8554.065851851852,7770.619555555556,6984.173462962964,6245.008944444445,5517.701537037037,4753.662648148148,3959.575574074074,3179.1792777777778,2394.8273148148146,1642.6720555555553,1224.173823948147,1224.173823948147,1224.173823948147,1224.173823948147,1224.173823948147,1224.173823948147,1224.173823948147,1224.173823948147,1317.56659,1317.56659,1317.56659,1317.56659,1317.56659,1317.56659,1317.56659,1317.56659,1317.56659,2060.194,2060.194,1200.0
2025-08-31,2526.906584629631,2727.8910507075598,2727.8910507075598,2727.8910507075598,2727.8910507075598,2727.8910507075598,2727.8910507075598,2727.8910507075598,2727.8910507075598,2727.8910507075598,2727.8910507075598,2727.8910507075598,2727.8910507075598,2727.8910507075598,2727.8910507075598,2727.8910507075598,2727.8910507075598,2727.8910507075598,2727.8910507075598,2727.8910507075598,2727.8910507075598,2727.8910507075598,2727.8910507075598,2727.8910507075598,3477.8910507075598,4227.89105070756,4977.89105070756,5727.89105070756,6477.89105070756,7227.89105070756,7977.89105070756,7977.89105070756,7977.89105070756,8727.89105070756,7868.652925210411,6994.2033123942965,7419.793294484016,6719.011426159463,6029.028738428119,5395.0144919511295,4840.00749195113,4352.063888398583,3928.2180519143176,3605.8015119497895,3356.052535133071,3082.9798001712575,2704.1923001712576,2336.8319608302286,2026.9082900002713,1802.7756049678344,1691.078959355271,1609.0773226119247,1505.8307485378507,1450.8849455534682,1386.1139395069783,1285.2997024216413,1285.2997024216413,1310.9244226177377,1299.5940707658856,1286.3250329354819,1289.710300795567,1335.7990119215176,1380.6420414437898,1491.4000964249083,1646.9754314249085,2181.0924406509134,2196.671543630661,2322.5988329763986,3072.5988329763986,3822.5988329763986,4572.598832976399,5322.598832976399,6899.781349684971,7649.781349684971,8333.435701476417,8999.762383498753,9298.498663498753,9525.548342075012,9714.644613231572,9851.856842370767,9988.877257250468,10158.850826692651,10277.462636692651,10330.166365468272,10332.536672481057,10286.924910783819,10195.07567447932,10064.256042644907,9869.251209311575,10619.251209311575,10800.0,10800.0,10800.0,10800.0,10800.0,10800.0,10800.0,10800.0,10800.0,10800.0,10800.0,10800.0,10800.0,10800.0,10800.0,10800.0,10800.0,10800.0,10800.0,10800.0,10800.0,10800.0,10800.0,9874.074074074075,8948.14814814815,8607.407411020025,7681.481485094099,6755.555559168173,5829.629633242247,4903.703707316321,3977.777781390395,3051.851855464469,2125.9259295385427,1200.0000036126166,1200.0000036126166,1200.0000036126166,1200.0000036126166,1200.0000036126166,1200.0000036126166,1200.0000036126166,1200.0000036126166,1200.0000036126166,1200.0000036126166,1200.0000036126166,1200.0000036126166,1200.0000036126166,1200.0000036126166,1200.0000036126166,1200.0000036126166,1200.0000036126166,1200.0000036126166,1200.0000036126166,1200.0000036126166,1200.0000036126187
2025-09-01,2277.3927125015057,2277.3927125015057,2277.3927125015057,2277.3927125015057,2277.3927125015057,3027.3927125015057,3027.3927125015057,3027.3927125015057,3027.3927125015057,3027.3927125015057,3300.0,4050.0,4050.0,4050.0,4050.0,4050.0,4050.0,4050.0,4050.0,4800.0,4800.0,5550.0,6300.0,6300.0,6300.0,6300.0,7050.0,7800.0,8550.0,9300.0,10050.0,10050.0,10050.0,10800.0,10800.0,9942.189865942042,10027.055727650695,9297.280036493157,8615.585262768791,8046.377724247239,7573.497187210201,7143.624046601177,6745.555088816201,6420.780691563195,6229.309494597147,5964.185658023477,5572.555861727181,5271.708108794137,5035.967610904492,4779.206194638571,4607.268141538898,4514.979196440898,4420.59754829275,4286.679878088652,4156.332001575569,4048.6077069590947,3982.951027582344,3931.330235247852,3931.330235247852,3931.330235247852,3931.330235247852,3931.330235247852,3933.2972638066485,4024.719633179165,4140.532008179165,4216.036849531047,4966.036849531047,5716.036849531047,6466.036849531047,6585.570507783711,6740.813532783711,6901.3540355635805,9661.840947080016,9661.840947080016,9661.840947080016,9661.840947080016,9661.840947080016,9839.91632953269,10038.727975862124,10171.579839355545,10308.479931256012,10475.079178155811,10623.86116315581,10726.256012795699,10793.280850926725,10800.0,10800.0,10758.063802055984,10561.157135389318,10561.157135389318,10800.0,10800.0,10800.0,10800.0,10791.553757029045,10745.091592074878,10726.800846834167,10711.649356142167,10711.649356142167,10711.649356142167,10699.876845291847,10699.876845291847,10699.876845291847,10710.547043968383,10710.547043968383,10710.547043968383,10710.547043968383,10710.547043968383,10710.547043968383,10710.547043968383,10710.547043968383,10710.547043968383,10710.547043968383,10377.821914338754,9470.79918574074,8544.873259814814,7618.947333888889,6702.144796851852,5787.104056111111,4888.145963518518,3970.2863153703706,3056.5992783333336,2130.6733524074075,1204.7474264814814,1204.7474264814814,1204.7474264814814,1204.7474264814814,1204.7474264814814,1204.7474264814814,1204.7474264814814,1204.7474264814814,1204.7474264814814,1204.7474264814814,1204.7474264814814,1944.9812091563476,1944.9812091563476,1944.9812091563476,1944.9812091563476,1944.9812091563476,1200.0,1200.0,1200.0,1200.0,1200.0
2025-09-02,5763.979029097489,5763.979029097489,5763.979029097489,5763.979029097489,5763.979029097489,5763.979029097489,5763.979029097489,5763.979029097489,5763.979029097489,5763.979029097489,5763.979029097489,5763.979029097489,6513.979029097489,7263.979029097489,7263.979029097489,7263.979029097489,7263.979029097489,7799.999843150239,8549.999843150239,9299.999843150239,9299.999843150239,9299.999843150239,9299.999843150239,9299.999843150239,9299.999843150239,9299.999843150239,9299.999843150239,10049.999843150239,10049.999843150239,10049.999843150239,10049.999843150239,10049.999843150239,10049.999843150239,10799.999843150239,10483.876990033848,9623.477357020172,9724.924938088046,9034.763313622234,8354.131232311496,7750.694767524856,7239.246730487819,6770.485686411742,6333.969795889852,5993.73979745297,5740.116811128914,5400.040496632382,4896.395163299048,4453.6695170082,4113.884009312427,3819.189916728143,3590.638383096905,3444.21381894909,3336.8035596898308,3217.4040048174097,3116.7814339748893,3043.053951001644,3022.76627513077,3022.76627513077,3032.20069013077,3065.432522745094,3094.3921208834868,3128.4749334730973,3166.2170485011184,3271.7086344392455,3424.5766794392453,3520.017984436135,4270.0179844361355,4936.455786533162,5420.671538816901,6170.671538816901,6920.671538816901,7670.671538816901,8658.840770957682,8971.137185413094,9330.525400968649,9647.314649453661,9889.282619453661,10118.612099039636,10343.727903602237,10526.307428848238,10663.604445548375,10764.859545,10800.0,10788.977137154157,10735.208045613712,10645.567748803342,10541.410806876524,10376.22784402233,10104.02660328159,10699.56432926639,10800.0,10775.82073239112,10775.82073239112,10775.82073239112,10730.899676075027,10669.431840039773,10646.868296732158,10634.43901968682,10626.719420294561,10626.719420294561,10626.719420294561,10626.719420294561,10626.719420294561,10634.769499999999,10634.769499999999,10634.769499999999,10634.769499999999,10634.769499999999,10634.769499999999,10634.769499999999,10634.769499999999,10634.769499999999,10634.769499999999,9717.771166666666,8812.064148148147,7911.793777777777,7595.667425925925,6678.332666666666,5766.695629629629,4860.683018518518,3945.560111111111,3033.2323333333334,2112.735166666667,1200.0,1200.0,1200.0,1200.0,1200.0,1200.0,1200.0,1200.0,1200.0,1200.0,1200.0,1200.0,1200.0,1200.0,1200.0,1200.0,1200.0,1200.0,1200.0,1200.0,1200.0
2025-09-03,5645.4681735185195,6395.4681735185195,6395.4681735185195,5595.34428462963,4834.6128031481485,4834.6128031481485,4834.6128031481485,4834.6128031481485,4834.6128031481485,4834.6128031481485,5584.6128031481485,6334.6128031481485,6334.6128031481485,6334.6128031481485,7084.6128031481485,7084.6128031481485,7084.6128031481485,7084.6128031481485,7084.6128031481485,7084.6128031481485,7800.0,7800.0,7800.0,8550.0,9300.0,9300.0,9300.0,10050.0,10800.0,10800.0,10800.0,10800.0,10800.0,10800.0,10196.247579590763,9336.577096617255,9544.983967106016,8947.969887947927,8409.918245675446,7892.870072198703,7412.238201828332,7023.302199714895,6708.157952430112,6477.696446420917,6369.758248541503,6138.077152376283,5718.169615339246,5390.183800747194,5177.433308553368,4992.014425314433,4873.0121188680305,4791.524899260013,4707.999825185939,4686.690762332965,4691.351499978232,4710.495686432588,4740.5143044683455,4763.170885638992,4776.278785638992,4861.148210687159,4934.469375818314,4954.924645010724,5002.516259228737,5087.706222847243,5139.0650828472435,5164.461081531344,5242.294290101136,5407.995664021386,5599.028837980002,5837.572024479364,6370.862012065987,7120.862012065987,8871.214422485524,9517.603610116617,9802.092789577217,10039.034843665127,10195.064558665128,10367.93319514689,10539.715622800244,10638.33799233802,10698.997294177321,10749.980538168464,10783.130268168463,10800.0,10796.695864158288,10684.829687371212,10562.475452299544,10398.066870827312,10126.27737082731,10126.27737082731,10799.99999880573,10799.99999880573,10799.99999880573,10799.99999880573,10799.99999880573,10765.418789558495,10765.418789558495,10765.418789558495,10719.64768198534,10711.769948270372,10684.243895075178,10671.487868244525,10666.474874964648,10666.474874964648,10654.373254596172,10649.16513553509,10648.326703703704,10648.326703703704,10648.326703703704,10648.326703703704,10648.326703703704,10648.326703703704,10648.326703703704,9731.201148148148,8827.806111111111,8521.180185185185,7606.496925925925,6689.162166666666,5779.832537037037,4866.084981481481,3950.962074074074,3035.406518518518,2114.072481481481,1200.0,1200.0,1200.0,1200.0,1200.0,1200.0,1200.0,1200.0,1200.0,1200.0,1200.0,1200.0,1200.0,1200.0,1200.0,1200.0,1200.0,1200.0,1200.0,1200.0,1200.0
2025-09-04,5570.503516296298,6320.503516296298,6320.503516296298,6320.503516296298,6320.503516296298,6320.503516296298,6320.503516296298,6320.503516296298,7070.503516296298,7070.503516296298,7070.503516296298,7820.503516296298,7820.503516296298,7820.503516296298,7820.503516296298,7820.503516296298,7820.503516296298,7822.556815312246,7822.556815312246,7822.556815312246,7822.556815312246,7822.556815312246,7822.556815312246,7822.556815312246,8572.556815312246,8572.556815312246,7800.0,7800.0,8550.0,9300.0,10050.0,10050.0,10050.0,10800.0,10800.0,9946.98504147583,10063.53448278096,9367.454071479686,8737.398880823943,8176.116179667955,7652.4649389272145,7217.221551181266,6834.333493879483,6474.212735910032,6173.429492610308,5833.414533902606,5351.957015384088,4919.801805732369,4610.969561608259,4410.63959022618,4293.839121809492,4274.079621742427,4284.942366742427,4284.8656535644795,4304.816960501039,4421.5055785747645,4559.27292133674,4726.977977342219,4955.432477342219,5232.183585528598,5473.720704057792,5666.75320463118,5886.135278854607,6168.582847823783,6447.310417823783,6657.311783009588,6891.345422244659,7232.672851373486,7591.316473635013,7967.247948768048,8376.88249876805,8759.300510966421,9404.716220218046,9404.716220218046,9739.131967759826,10002.628911221285,10143.185046221286,10312.937580064905,10490.742784334505,10586.735965025287,10677.261060540806,10738.602401228987,10771.855091228987,10800.0,10800.0,10732.110202511885,10695.679727841001,10603.87946286938,10355.731611017527,10800.0,10800.0,10777.387631226735,10800.0,10800.0,10798.783274070729,10731.009050948189,10702.544576541497,10670.825494314444,10666.36289370392,10666.36289370392,10668.817595417626,10668.817595417626,10668.817595417626,10672.501726269702,10677.881981481483,10677.881981481483,10677.881981481483,10677.881981481483,10677.881981481483,10677.881981481483,10677.881981481483,10677.881981481483,10677.881981481483,9760.756425925927,8858.855111111112,7948.06251851852,7034.112462962964,6112.632611111112,5780.971500000001,4867.223944444445,3959.3397592592596,3038.826796296297,2116.1297222222224,1200.0,1200.0,1200.0,1200.0,1200.0,1200.0,1200.0,1200.0,1200.0,1200.0,1200.0,1200.0,1200.0,1200.0,1200.0,1200.0,1200.0,1200.0,1200.0,1200.0,1200.0
2025-09-05,5476.451378148148,5476.451378148148,5476.451378148148,5476.451378148148,5476.451378148148,5476.451378148148,5476.451378148148,4849.462489259259,4226.0494522222225,4226.0494522222225,4226.0494522222225,3600.327618888889,3600.327618888889,3600.327618888889,3600.327618888889,3600.327618888889,3600.327618888889,3600.327618888889,3600.327618888889,3600.327618888889,4350.3276188888885,5100.3276188888885,5100.3276188888885,5100.3276188888885,4486.015896666666,3884.4994341003567,3884.4994341003567,3299.506989655912,2769.1292118781344,2769.1292118781344,3185.334703955236,3185.334703955236,3185.334703955236,3935.334703955236,3406.0525372885695,2942.1697628995075,6268.038494568891,5930.760313182797,5668.275332230124,5464.362495387597,5245.886365757967,5053.492308853319,4907.974592997254,4841.168941567853,4841.168941567853,4841.168941567853,4841.168941567853,4841.168941567853,4841.168941567853,4841.168941567853,4841.168941567853,4841.168941567853,4841.168941567853,4841.168941567853,4841.168941567853,4841.168941567853,4841.168941567853,4841.168941567853,4841.168941567853,4841.168941567853,4841.168941567853,4841.168941567853,4841.168941567853,4841.168941567853,4841.168941567853,4841.168941567853,4841.168941567853,4841.168941567853,4841.168941567853,4841.168941567853,4841.168941567853,4841.168941567853,10800.0,10800.0,10800.0,10800.0,10800.0,10800.0,10800.0,10800.0,10800.0,10800.0,10800.0,10800.0,10800.0,10800.0,10800.0,10800.0,10800.0,10800.0,10800.0,10800.0,10800.0,10800.0,10800.0,10800.0,10800.0,10800.0,10800.0,10800.0,10800.0,10800.0,10800.0,10800.0,10800.0,10800.0,10800.0,10800.0,10248.483039737434,10248.483039737434,10248.483039737434,10248.483039737434,9544.951558255952,8843.755428626322,8123.942761959655,7368.094613811507,6667.429354552248,5966.362224922618,5187.836298996693,4354.164947144841,3550.3324656633595,2788.576910107804,1990.3731508485448,1200.0000027003966,1200.0000027003966,1200.0000027003966,1200.0000027003966,1200.0000027003966,1200.0000027003966,1200.0000027003966,1200.0000027003966,1200.0000027003966,1200.0000027003966,1200.0000027003966,1200.0000027003966,1200.0000027003966,1200.0000027003966,1200.0000027003966,1200.0000027003966,1200.0000027003966,1200.0000027003966,1200.0000027003966,1200.0000027003966,1200.0000027003953
2025-09-06,5689.824908703702,5057.602686481479,5057.602686481479,5057.602686481479,5057.602686481479,5057.602686481479,5057.602686481479,5057.602686481479,5057.602686481479,5057.602686481479,4405.974908703702,4405.974908703702,4405.974908703702,4405.974908703702,4405.974908703702,4405.974908703702,3835.556390185183,3262.238019814812,3262.238019814812,3262.238019814812,3262.238019814812,3262.238019814812,4012.238019814812,4214.8135045326835,4964.8135045326835,4964.8135045326835,4349.395189717869,4349.395189717869,4349.395189717869,4349.395189717869,4349.395189717869,4349.395189717869,3769.7696520560858,3769.7696520560858,3299.571763167197,2853.248132895555,6383.993017901199,6160.814279759843,5963.5907033347685,5775.069911310292,5563.746374273254,5336.9228877836385,5163.212871685716,5086.842659085007,5049.532101105339,5049.532101105339,5049.532101105339,5049.532101105339,5049.532101105339,5049.532101105339,5049.532101105339,5049.532101105339,5049.532101105339,5049.532101105339,5049.532101105339,5049.532101105339,5049.532101105339,5049.532101105339,5049.532101105339,5049.532101105339,5049.532101105339,5049.532101105339,5049.532101105339,5049.532101105339,5049.532101105339,5049.532101105339,5049.532101105339,5049.532101105339,5049.532101105339,5049.532101105339,5049.532101105339,5049.532101105339,10800.0,10800.0,10800.0,10800.0,10800.0,10800.0,10800.0,10800.0,10800.0,10800.0,10800.0,10800.0,10800.0,10800.0,10800.0,10800.0,10800.0,10800.0,10800.0,10800.0,10800.0,10800.0,10800.0,10800.0,10800.0,10800.0,10800.0,10800.0,10800.0,10800.0,10800.0,10800.0,10800.0,10800.0,10800.0,10800.0,10348.473164427985,10348.473164427985,10348.473164427985,10348.473164427985,10348.473164427985,9574.178219983542,8809.151831094652,8029.527757020578,7268.527942205763,6543.125534798355,5828.192201465022,5038.204775539096,4262.361497761318,3534.935571835392,2729.9118681316877,1928.609275539095,1200.0000162798358,1200.0000162798358,1200.0000162798358,1200.0000162798358,1200.0000162798358,1200.0000162798358,1200.0000162798358,1937.4978312798357,2671.903891279836,3387.271891279836,4126.987966279836,4871.081491279836,5588.406991279836,6323.543446279836,7039.517131279836,7039.517131279836,7039.517131279836,6332.18270535391,6332.18270535391,6332.18270535391
2025-09-07,9585.935761379844,9585.935761379844,9585.935761379844,9585.935761379844,9585.935761379844,9585.935761379844,9585.935761379844,9585.935761379844,9585.935761379844,9585.935761379844,9585.935761379844,9585.935761379844,9585.935761379844,9585.935761379844,9585.935761379844,10335.935761379844,10794.75961111111,10794.75961111111,10050.0,10050.0,10050.0,10050.0,10050.0,10050.0,10050.0,10050.0,10050.0,10050.0,10050.0,10050.0,10050.0,10050.0,10800.0,10800.0,9874.074074074075,9001.88583725718,9209.111835477735,8503.31090001736,7871.843411652533,7329.160685064889,6822.97353691674,6330.482331229142,5883.760097377395,5541.513040782706,5251.320492426829,4916.204680341119,4467.826050711489,4063.937779029961,3726.230184651787,3416.300053692474,3131.409318426286,2912.3016104884005,2766.678295673586,2704.7099319725494,2669.364878852397,2635.892464208595,2649.135275505869,2702.61343121982,2778.93299621982,2862.7554087897365,2936.1815197380593,3019.6855504251903,3145.449433450643,3323.1852036069263,3481.815093606926,3604.4827003207174,4354.482700320717,5104.482700320717,5550.0,6300.0,7050.0,7800.0,8781.833115630772,9037.018330621017,9323.845158720702,10073.845158720702,10140.187833720702,10219.720814406068,10319.333854661056,10412.825877991987,10509.227845259384,10630.266901501634,10725.327751501634,10753.02735316984,10778.470080628538,10800.0,10790.57993285643,10707.163329343912,10614.404755269838,10691.32430729318,10750.85767658137,10694.328832814275,10663.961745647852,10663.961745647852,10663.961745647852,10659.18170457812,10659.18170457812,10659.18170457812,10659.18170457812,10659.18170457812,10659.18170457812,10654.463783641018,10645.996367346404,10644.38157522705,10639.641620168748,10637.981999799878,10635.364002189262,10635.364002189262,10635.364002189262,10635.364002189262,10635.364002189262,10635.364002189262,10635.364002189262,9730.587113300373,8834.22202070778,7932.9331318188915,7023.799483670744,6100.7262244114845,5184.166965152225,4276.705317004076,3375.892317004076,2451.7237984855574,2117.3146873744463,1200.000002189261,1200.000002189261,1200.000002189261,1200.000002189261,1200.000002189261,1200.000002189261,1200.000002189261,1200.000002189261,1200.000002189261,1200.000002189261,1200.000002189261,1200.000002189261,1200.000002189261,1200.000002189261,1200.000002189261,1200.000002189261,1200.000002189261,1200.000002189261,1200.000002189261,1200.000002189261,1200.0000021892633
2025-09-08,5420.2535425925935,5420.2535425925935,5420.2535425925935,5420.2535425925935,5420.2535425925935,6170.2535425925935,6170.2535425925935,6170.2535425925935,6920.2535425925935,7670.2535425925935,7670.2535425925935,7670.2535425925935,7670.2535425925935,7670.2535425925935,7670.2535425925935,7670.2535425925935,7670.2535425925935,7670.2535425925935,7741.964298450263,8491.964298450264,9241.964298450264,9241.964298450264,9241.964298450264,9241.964298450264,9991.964298450264,9991.964298450264,9300.0,9300.0,10050.0,10050.0,10050.0,10050.0,10050.0,10800.0,10800.0,9994.644886319536,10079.275712940238,9403.92289449554,8757.89072572581,8201.35548627188,7742.263893679286,7342.530482148816,6955.82357122805,6633.386835903697,6412.19946350747,6114.666931577168,5668.485413058649,5288.508172254556,5001.773936263396,4759.288873741754,4577.597784967072,4496.193361652468,4468.642898689505,4440.776498695586,4372.2406488069055,4276.789427684258,4228.8926384788265,4204.512351311004,4160.856610570263,4160.3391602620495,4160.3391602620495,4222.325284891481,4362.004526179037,4583.405488083894,4803.575368083894,4992.792519792911,5142.116900313786,5311.440809659523,5486.184377802425,5706.378301704311,6038.628286008432,6788.628286008432,7817.251670415232,8567.251670415233,9317.251670415233,10067.251670415233,10341.498215159727,10500.900514412722,10610.200845628577,10723.796027316002,10775.01594478134,10797.683445,10800.0,10800.0,10800.0,10659.16120655277,10659.16120655277,10399.085022253108,10087.744337067923,10087.744337067923,10694.609169726396,10694.609169726396,10694.609169726396,10674.052809489878,10663.968287371905,10624.995482545235,10624.995482545235,10624.995482545235,10624.995482545235,10625.19456016216,10625.19456016216,10625.19456016216,10625.19456016216,10625.19456016216,10625.29853559225,10625.29853559225,10625.29853559225,9802.838121507772,8901.969671335002,8036.9123157342165,7179.145459138413,6298.3965215167045,5408.189114109297,4503.412225220409,3600.227447442631,2730.714484479668,2730.714484479668,2730.714484479668,2730.714484479668,2730.714484479668,2730.714484479668,2730.714484479668,2106.4706296296295,1200.0,1200.0,1200.0,1200.0,1200.0,1200.0,1200.0,1200.0,1200.0,1200.0,1200.0,1200.0,1200.0,1872.3702258408962,1872.3702258408962,1872.3702258408962,1200.0,1200.0,1200.0,1200.0,1200.0
2025-09-09,2118.576617592592,2118.576617592592,2118.576617592592,2118.576617592592,2118.576617592592,2118.576617592592,2868.576617592592,3618.576617592592,3618.576617592592,3618.576617592592,3618.576617592592,3618.576617592592,4368.576617592592,5118.576617592592,5868.576617592592,6618.576617592592,6618.576617592592,6618.576617592592,6618.576617592592,7368.576617592592,8118.576617592592,8118.576617592592,8118.576617592592,8118.576617592592,8118.576617592592,8118.576617592592,8868.576617592593,8868.576617592593,8868.576617592593,9150.264952439811,9150.264952439811,9150.264952439811,9150.264952439811,9900.264952439811,8995.654433921292,8137.293129775297,8548.597191222007,7879.599163615907,7218.400529443865,6641.086165913409,6168.717221468964,5729.647832849243,5342.405996273258,5049.248744400773,4864.966342751518,4626.49291042103,4225.193095606215,3865.4374707065363,3624.3465548400072,3476.2267504412216,3360.1915085883247,3322.363093206686,3336.5501682066856,3372.445885571166,3454.1107518290705,3609.9233453475968,3769.276331604713,3952.22306615006,4217.88587615006,4460.09974341851,4700.608457426174,4975.0818970717955,5251.827444342184,5534.961506286805,5819.772686286806,6091.0635897411075,6353.806597962614,6660.530450993261,6975.521914653145,7369.175509077877,7825.924864077877,8247.490978107317,8534.709335949048,8766.442080391647,8766.442080391647,9128.053505458718,9448.876490458719,9746.867017718594,10024.051767326557,10279.443812018366,10470.046013153884,10622.363877124499,10741.4253421245,10793.83050536012,10800.0,10800.0,10776.093881656212,10727.465926706409,10727.465926706409,10727.465926706409,10707.810158398364,10707.810158398364,10728.288738468013,10728.288738468013,10728.288738468013,10728.288738468013,10728.288738468013,10728.288738468013,10728.288738468013,10728.288738468013,10720.98615761751,10704.976702622658,10683.416902473233,10669.845938844643,10669.845938844643,10669.845938844643,10669.845938844643,9807.971120376556,8913.559616970339,8034.097480947557,7133.319591985148,6215.458483942215,5295.495520979252,5295.495520979252,4389.69829875703,3502.294595053326,3502.294595053326,2989.434851851852,2082.118185185185,2082.118185185185,1200.0,1200.0,1200.0,1200.0,1200.0,1200.0,1200.0,1200.0,1200.0,1200.0,1200.0,1200.0,1933.09866,1933.09866,1933.09866,1933.09866,2654.8296600000003,3392.3511457604345,3392.3511457604345,3392.3511457604345,3392.3511457604345,3392.3511457604345,3392.3511457604345,3392.3511457604345
2025-09-10,3004.2417065011755,2276.3120768715457,2276.3120768715457,3026.3120768715457,3776.3120768715457,3776.3120768715457,3776.3120768715457,4050.0,4800.0,5550.0,6300.0,7050.0,7050.0,7050.0,7800.0,8550.0,8550.0,8550.0,8550.0,8550.0,9300.0,9300.0,9300.0,10050.0,10050.0,10050.0,10050.0,10050.0,10050.0,10050.0,10050.0,10050.0,10050.0,10800.0,10800.0,9960.537989228531,10052.658004360987,9343.5335775342,8671.53092014309,8082.987491996268,7556.857640144416,7058.871931137829,6597.011372611684,6224.784959899227,5925.323040041306,5563.066889811515,5080.251315737441,4645.080297552151,4284.043309566532,3960.9171763379654,3693.2358404847546,3475.1298120726524,3267.2350528133934,3069.9337330551853,2920.729644497356,2819.371183867658,2798.8929473212897,2794.2975398007106,2796.199929800711,2836.5043014164726,2901.224598267206,2969.6043784845738,3066.240868372775,3210.607359383135,3416.850399383135,3586.280789299648,3798.258321736049,4048.6209266326186,4629.309596878893,5379.309596878893,6129.309596878893,6879.309596878893,6619.063218065538,7369.063218065538,8119.063218065538,8869.063218065538,9619.063218065538,9720.79214720732,9806.78135531946,9867.427443133538,9867.427443133538,9852.473948956911,9852.473948956911,9852.473948956911,9852.473948956911,9852.473948956911,9759.792175362623,9633.021712371296,9476.292450341849,10028.985991251426,10726.948887594315,10677.986647176944,10800.0,10800.0,10784.771583332264,10784.771583332264,10784.771583332264,10768.29018783372,10748.61267885351,10731.265292686294,10725.90626880666,10702.382969146343,10673.045662628709,10652.769072953834,10652.769072953834,10652.769072953834,10652.769072953834,9760.16809033476,8857.497224205757,7954.992915272839,7051.787505238341,6125.8615793124145,5199.935653386488,4302.605227460563,4302.605227460563,4302.605227460563,3844.944833333333,3844.944833333333,3844.944833333333,3844.944833333333,3844.944833333333,3018.359648148148,2110.659,1200.0,1200.0,1200.0,1200.0,1200.0,1200.0,1200.0,1200.0,1200.0,1200.0,1200.0,1200.0,1200.0,1200.0,1200.0,1200.0,1200.0,1200.0,1200.0,1200.0,1200.0
2025-09-11,2937.0057707049414,3687.0057707049414,4437.005770704942,4437.005770704942,4437.005770704942,5187.005770704942,5937.005770704942,6687.005770704942,7437.005770704942,7437.005770704942,7437.005770704942,7745.974074074074,8495.974074074074,9245.974074074074,9245.974074074074,9245.974074074074,9245.974074074074,9245.974074074074,9245.974074074074,9245.974074074074,9995.974074074074,9995.974074074074,9995.974074074074,9995.974074074074,9995.974074074074,9300.0,9300.0,10050.0,10800.0,10800.0,10800.0,10800.0,10800.0,10800.0,9923.876407407408,9064.226296322062,9213.608740574815,8526.983478634136,7875.174857284921,7297.83721471627,6820.346307308862,6381.672531872332,5981.09573388371,5670.81908313862,5462.356008835157,5178.772111454522,4692.005852195263,4273.837426142534,3950.043050427537,3672.193724922059,3448.1312364780983,3279.0594039072967,3178.613440944334,3109.39152252168,3068.3861045742283,3056.3105695881577,3056.3105695881577,3056.3105695881577,3056.3105695881577,3219.6350018753374,3219.6350018753374,3249.4459774792736,3438.8545052226204,3662.7354958884625,3949.4432458884626,4243.430146838074,4563.636452058477,4855.132559879167,5183.76937873359,5602.205951591015,6090.041516591015,6558.889423412223,6760.235630925925,7041.92779938771,7570.184670408862,8050.289181658929,8537.60181665893,8961.316036041517,9326.124684799257,9718.102318560253,10012.384701602214,10243.328282961404,10419.875177961403,10551.961972238294,10676.894858789621,10761.51483185003,10800.0,10800.0,10750.433277777778,10800.0,10800.0,10800.0,10800.0,10800.0,10800.0,10800.0,10800.0,10800.0,10800.0,10800.0,10800.0,10800.0,10800.0,10800.0,10800.0,10800.0,10800.0,9906.97163361189,8981.045707685966,8083.568880758498,7210.495958187883,6318.631296584172,5441.827592880468,5441.827592880468,4566.179629917505,3976.5559074074076,3976.5559074074076,3050.6299814814815,2124.7040555555554,2124.7040555555554,2124.7040555555554,2124.7040555555554,2124.7040555555554,1200.0,1200.0,1200.0,1200.0,1200.0,1200.0,1200.0,1200.0,1200.0,1932.9407040668402,1932.9407040668402,1932.9407040668402,1932.9407040668402,1932.9407040668402,1200.5336299927658,1200.5336299927658,1200.5336299927658,1200.5336299927658,1200.0,1200.0,1200.0
2025-09-12,1915.2878975661322,1915.2878975661322,2342.5425254768707,3092.5425254768707,3842.5425254768707,3842.5425254768707,3842.5425254768707,3842.5425254768707,3842.5425254768707,3842.5425254768707,3842.5425254768707,3842.5425254768707,3842.5425254768707,3842.5425254768707,3842.5425254768707,3842.5425254768707,3842.5425254768707,3842.5425254768707,3842.5425254768707,3339.0297145123254,3339.0297145123254,3339.0297145123254,3339.0297145123254,3339.0297145123254,4089.0297145123254,4089.0297145123254,3591.3826034012145,3591.3826034012145,4341.3826034012145,4341.3826034012145,4341.3826034012145,4341.3826034012145,4341.3826034012145,4341.3826034012145,3840.1481589567697,3353.929758039965,3530.067597725089,3166.9058665303282,2917.549557592261,2691.9962323329887,2418.3341582589146,2218.959316660049,2126.53399182382,2110.3243080878465,2110.3243080878465,2110.3243080878465,2110.3243080878465,2110.3243080878465,2110.3243080878465,2110.3243080878465,2110.3243080878465,2110.3243080878465,2110.3243080878465,2110.3243080878465,2110.3243080878465,2110.3243080878465,2110.3243080878465,2110.3243080878465,2110.3243080878465,2110.3243080878465,2110.3243080878465,2110.3243080878465,2110.3243080878465,2110.3243080878465,2110.3243080878465,2110.3243080878465,2110.3243080878465,2110.3243080878465,2110.3243080878465,2110.3243080878465,2110.3243080878465,2110.3243080878465,10800.0,10800.0,10800.0,10800.0,10800.0,10800.0,10800.0,10800.0,10800.0,10800.0,10800.0,10800.0,10800.0,10800.0,10800.0,10800.0,10800.0,10800.0,10800.0,10800.0,10800.0,10800.0,10800.0,10800.0,10800.0,10800.0,10800.0,10800.0,10800.0,10800.0,10800.0,10800.0,10800.0,10800.0,10800.0,10217.780382258039,9613.509825265566,8999.063250959764,8743.643222222221,8743.643222222221,8102.385814814814,7475.060370370369,6885.16974074074,6281.16974074074,5630.625981481481,4976.450055555555,4363.611166666667,3746.2795185185187,3115.8194814814815,2501.9972592592594,1842.7970185185186,1200.0,1200.0,1200.0,1200.0,1200.0,1200.0,1200.0,1200.0,1200.0,1200.0,1200.0,1200.0,1937.4961598575533,2665.4371598575535,2665.4371598575535,2134.268196894591,2134.268196894591,2134.268196894591,1730.6925925925925,1200.0,1200.0
2025-09-13,1935.4276653951101,1935.4276653951101,1935.4276653951101,1935.4276653951101,1935.4276653951101,1935.4276653951101,1935.4276653951101,1935.4276653951101,2685.42766539511,2685.42766539511,2685.42766539511,2685.42766539511,3435.42766539511,4185.42766539511,4185.42766539511,4185.42766539511,4185.42766539511,4185.42766539511,4935.42766539511,4935.42766539511,4935.42766539511,4390.264980209925,4390.264980209925,4905.88442163575,4905.88442163575,4905.88442163575,4905.88442163575,4905.88442163575,4905.88442163575,4905.88442163575,4362.802696218737,4362.802696218737,4362.802696218737,4362.802696218737,3853.6964739965147,3408.3239440243256,4054.7704459315137,3701.257959494925,3382.3964450986678,3104.7193756317265,2828.55170896506,2586.1404168177974,2416.0355223893766,2327.385417271984,2269.8008963197335,2269.8008963197335,2269.8008963197335,2269.8008963197335,2269.8008963197335,2269.8008963197335,2269.8008963197335,2269.8008963197335,2269.8008963197335,2269.8008963197335,2269.8008963197335,2269.8008963197335,2269.8008963197335,2269.8008963197335,2269.8008963197335,2269.8008963197335,2269.8008963197335,2269.8008963197335,2269.8008963197335,2269.8008963197335,2269.8008963197335,2269.8008963197335,2269.8008963197335,2269.8008963197335,2269.8008963197335,2269.8008963197335,2269.8008963197335,2269.8008963197335,10800.0,10800.0,10800.0,10800.0,10800.0,10800.0,10800.0,10800.0,10800.0,10800.0,10800.0,10800.0,10800.0,10800.0,10800.0,10800.0,10800.0,10800.0,10800.0,10800.0,10800.0,10800.0,10787.13397989223,10787.13397989223,10787.13397989223,10799.79194445224,10799.79194445224,10799.79194445224,10799.999991412446,10799.999991412446,10799.999991412446,10799.999991412446,10799.999991412446,10799.999991412446,10799.999991412446,10161.392656136652,9497.582979600766,8854.611325375861,8267.167589746818,7676.982634530157,7087.027078974602,6545.45559749312,6099.659111111111,5540.835037037037,4911.474425925926,4257.677092592593,3633.5048703703706,3016.9229074074074,2386.540537037037,1769.2386851851852,1769.2386851851852,1200.0,1200.0,1200.0,1200.0,1200.0,1200.0,1200.0,1200.0,1946.1501750000002,2690.8176000000003,3412.3806000000004,4136.04471,4876.726035,5603.447534999999,6348.72024,7073.42646,7805.645012992851,8541.880217992852,9278.864927992852,10022.966927992853,10022.966927992853
2025-09-14,9976.119696091793,9976.119696091793,9976.119696091793,10726.119696091793,10800.0,10800.0,10800.0,10800.0,10136.887944444445,10136.887944444445,10136.887944444445,10136.887944444445,10136.887944444445,10136.887944444445,10136.887944444445,10050.0,10050.0,10050.0,10050.0,10050.0,10050.0,10050.0,10050.0,10800.0,10800.0,10092.42037037037,10092.42037037037,10800.0,10800.0,10800.0,10795.932666416378,10050.0,10050.0,10800.0,10800.0,9930.937354555488,10030.79868451781,9316.991918013904,8618.255351537811,7973.351263303679,7393.606800340716,6854.8391858344185,6346.93550660196,5909.007191615152,5610.321183090105,5610.321183090105,5039.597627534549,4477.388158052183,4027.2450556081963,3637.6144077018503,3281.291436025139,2956.562560188014,2680.4899861139397,2449.683937090182,2284.4379862629307,2146.1966910894703,2034.1412426441896,1941.7949122066786,1905.6301529474192,1870.889862085418,1870.889862085418,1905.1794154311938,1987.9167501521613,2144.791887866027,2326.491687866027,3076.491687866027,3826.491687866027,4576.491687866027,5326.491687866027,6076.491687866027,6826.491687866027,7576.491687866027,8988.24898512812,9738.24898512812,9920.780150357152,10275.7118488219,10427.8375588219,10525.067946891291,10575.224131925286,10609.701903581406,10652.174668104377,10684.656881731695,10759.957076731695,10800.0,10791.885960190652,10791.885960190652,10782.993288383852,10720.237265269916,10604.852283788434,10604.852283788434,10799.999995856404,10799.999995856404,10799.999995856404,10799.999995856404,10799.999995856404,10799.999995856404,10799.999995856404,10799.999995856404,10799.999995856404,10799.999995856404,10799.999995856404,10799.999995856404,10799.999995856404,10799.999995856404,10799.999995856404,10799.999995856404,10799.999995856404,9968.574519126809,9113.71298453577,9113.71298453577,9113.71298453577,8187.787058609844,7276.82224379503,7276.82224379503,7276.82224379503,6374.444466017252,5471.273947498734,4568.277466017253,3677.4922808320675,2783.6034289802155,2071.4294074074073,2071.4294074074073,2071.4294074074073,1200.0,1200.0,1200.0,1200.0,1200.0,1200.0,1200.0,1200.0,1948.6175399999997,2689.169775,2689.169775,2689.169775,2689.169775,2689.169775,2689.169775,2689.169775,2689.169775,2689.169775,2689.169775,2689.169775,2689.169775
2025-09-15,2873.558558264289,2873.558558264289,2873.558558264289,3623.558558264289,4373.558558264289,4373.558558264289,4373.558558264289,4373.558558264289,4373.558558264289,5123.558558264289,5873.558558264289,5873.558558264289,6623.558558264289,6623.558558264289,6623.558558264289,7050.0,7800.0,7800.0,7800.0,7800.0,8550.0,9300.0,9300.0,9300.0,9300.0,9300.0,9300.0,9300.0,9300.0,10050.0,10800.0,10800.0,10800.0,10800.0,9888.794777777777,8988.07659746643,9093.489163345732,8375.158201423434,7689.0049634447205,7057.466363246929,6502.911678061744,5979.8537630615865,5487.828644509194,5104.421675008455,4822.110576157241,4609.7177727208455,4147.893846794919,3707.1514726803507,3365.1247882245343,3105.5618627546596,2860.4014648232187,2652.8012335195,2541.937029815796,2534.0435739367563,2568.0283503312157,2653.515845772127,2822.7249346202348,3059.44800069972,3307.58437569972,3588.9377956192143,3876.5641434645627,4185.130617745518,4511.787395113646,4892.2675856942415,5298.333380694241,5658.5071015257545,6000.8540907378865,6398.275161479372,6852.725386918772,7347.011947889417,7858.428442889416,8349.078053762858,7721.831959811275,8135.3098463664555,8550.089676823378,9020.43457729061,9348.21771229061,9605.35192059826,9808.596878903185,9994.964217990031,10198.368473563363,10358.50249465323,10509.985544653231,10612.59090296591,10660.476953048135,10666.620236662455,10633.020560538058,10520.688190931902,10539.967690931902,10541.387658408341,10800.0,10800.0,10800.0,10800.0,10800.0,10800.0,10800.0,10800.0,10800.0,10799.936516385822,10775.727440619969,10775.727440619969,10752.976948874335,10748.809125810272,10743.212214112114,10743.212214112114,10743.212214112114,9895.241948377816,8981.868681537648,8058.244775970567,7148.931090605322,6273.254912258257,5392.166023369368,5392.166023369368,4494.354801147146,3617.94924559159,2911.9385370370373,2057.15,1200.0,1200.0,1200.0,1200.0,1200.0,1200.0,1200.0,1200.0,1200.0,1200.0,1200.0,1200.0,1200.0,1200.0,1200.0,1781.7347193727223,2531.7347193727223,2531.7347193727223,2531.7347193727223,2531.7347193727223,1860.2869971505002,1200.0,1936.235205,2670.20316,1924.2772340740742,1208.8881785185185
2025-09-16,2791.4408323061916,3541.4408323061916,4291.440832306192,5041.440832306192,5041.440832306192,5041.440832306192,5791.440832306192,6541.440832306192,6541.440832306192,6541.440832306192,6541.440832306192,6541.440832306192,7291.440832306192,8041.440832306192,8041.440832306192,8791.44083230619,8791.44083230619,8791.44083230619,8791.44083230619,8791.44083230619,8791.44083230619,8791.44083230619,8791.44083230619,9300.0,9300.0,9300.0,10050.0,10050.0,10050.0,10050.0,10800.0,10800.0,10800.0,10800.0,10800.0,9933.395516631204,9382.483983597776,8660.041755453596,7937.602847237402,7285.907000448429,6749.285296744725,6250.836377472943,5753.099943701882,5336.233442223026,5058.9157374522965,4738.270189586318,4269.291337734467,3800.154311853662,3441.2946972060545,3140.2664656385646,2851.632117616875,2615.966164321871,2478.267460618167,2388.1829551155834,2350.255956024863,2335.0305473013786,2335.0305473013786,2358.3954412762223,2425.4804962762223,2504.774649251536,2569.226333733711,2655.90163794705,2763.014012447034,2893.1946204522355,3005.0165004522355,3716.270599521843,4466.270599521843,5216.270599521843,5966.270599521843,6073.202464491264,6201.300484491265,6951.300484491265,7725.560801701163,8074.762978523811,8824.762978523811,9574.762978523811,9814.66946852381,10026.074370187238,10194.917071577,10338.560184360935,10489.798979450283,10618.629247918512,10756.505347918512,10800.0,10781.787007858167,10769.785596154832,10657.390116528119,10476.535674196013,10225.936041394623,10800.0,10800.0,10800.0,10800.0,10800.0,10800.0,10800.0,10800.0,10800.0,10800.0,10800.0,10786.701903652038,10756.981746375812,10756.981746375812,10728.743085160446,10712.026596713918,10712.026596713918,10712.026596713918,9802.336721753916,8891.647294337801,7975.616413199929,7067.543944360944,6189.504990272895,5302.123508791414,5302.123508791414,5302.123508791414,4746.369333333334,4746.369333333334,3848.3061851851858,3848.3061851851858,3848.3061851851858,3848.3061851851858,2944.4210000000003,2075.6325925925926,1200.0,1200.0,1200.0,1200.0,1200.0,1200.0,1200.0,1200.0,1200.0,1200.0,1200.0,1934.4644195876874,1934.4644195876874,1225.0847899580579,1225.0847899580579,1214.9242344025024,1214.9242344025024,1962.9169194025026,1962.9169194025026,1962.9169194025026,1962.9169194025026
2025-09-17,2437.48549242527,3187.48549242527,3937.48549242527,3937.48549242527,3937.48549242527,3937.48549242527,3937.48549242527,3937.48549242527,3937.48549242527,3937.48549242527,3937.48549242527,3937.48549242527,4687.48549242527,4687.48549242527,4800.0,5550.0,6300.0,6300.0,6300.0,6300.0,6300.0,7050.0,7800.0,7800.0,7800.0,7800.0,7800.0,7800.0,7800.0,8550.0,8550.0,9300.0,10050.0,10800.0,10800.0,9907.681390311089,10002.715636110495,9213.936514876854,8495.264772588045,7870.458859922337,7301.810637700115,6795.799446861658,6335.234356523948,5966.458448997554,5679.137006403775,5320.449423018311,4832.881756351644,4322.9031369139375,3894.3548001603754,3508.374324608176,3112.7155385859105,2742.8485636141804,2442.8591006512174,2186.560656476372,1979.267489709843,1804.2614866116314,1710.3901622394046,1669.3345699995543,1669.3345699995543,1707.1017518921012,1748.9489914818134,1779.5452551719814,1867.6752741627763,2016.783083700861,2188.176383700861,2558.6557672572517,3217.9783229668424,3885.6839026960993,4573.624742256489,5257.501185850382,5952.586800850382,6640.897220108919,6883.017807427007,7583.151163273851,8322.872672877957,9072.872672877957,9386.639432877957,9639.277404073977,9821.642947270077,10006.333517585663,10151.168161311434,10239.25992293683,10338.44770793683,10382.832849422655,10382.832849422655,10382.832849422655,10354.052434543784,10344.921981744135,10228.567961873137,10800.0,10800.0,10800.0,10800.0,10800.0,10800.0,10800.0,10800.0,10800.0,10800.0,10800.0,10800.0,10800.0,10800.0,10800.0,10800.0,10800.0,10800.0,9934.336174796612,9081.341304779591,8222.269949222937,7322.165915190616,6396.23998926469,5485.388137412838,5485.388137412838,5485.388137412838,4575.491841116542,3668.8630263017267,3668.8630263017267,3668.8630263017267,3668.8630263017267,2742.9371003758006,2742.9371003758006,2100.3187037037037,1200.0,1200.0,1200.0,1200.0,1200.0,1200.0,1200.0,1200.0,1200.0,1200.0,1200.0,1934.4643508578213,1934.4643508578213,1208.545899255716,1208.545899255716,1208.545899255716,1208.545899255716,1208.545899255716,1208.545899255716,1208.545899255716,1208.545899255716
2025-09-18,1833.25625337607,1833.25625337607,2583.25625337607,3333.25625337607,4083.25625337607,4800.0,4800.0,4800.0,4800.0,4800.0,4800.0,4800.0,4800.0,4800.0,4800.0,4800.0,4800.0,4800.0,4800.0,5550.0,6300.0,6300.0,6300.0,6300.0,7050.0,7800.0,7800.0,8550.0,9300.0,10050.0,10800.0,10800.0,10800.0,10800.0,10629.909648221523,9754.299547276129,9822.286068369907,9077.162140796232,8383.991905867317,7750.07534097399,7186.871100233249,6700.906169651841,6248.147002933485,5861.2531132907625,5571.957297720802,5213.018588670161,4683.45860718868,4167.521981986392,3728.5277459028707,3329.5546638875962,2953.6029623207214,2640.1782352650484,2409.024920450234,2184.3799253726424,2005.8426832746043,1885.7263293527799,1806.9320245041247,1756.7132585824995,1742.9572030269442,1742.9572030269442,1768.4767005939907,1806.3986900054185,1889.680255078896,2020.5868975140784,2169.3007375140783,2919.3007375140783,3669.3007375140783,4419.300737514079,5169.300737514079,5550.0,6300.0,7050.0,7899.490786152786,8649.490786152786,9053.798173114563,9803.798173114563,9941.483773114564,10057.608402597187,10133.480943439337,10213.177199542655,10313.455077269951,10420.448684557787,10538.245214557786,10588.831487237161,10606.749479844684,10618.983104463563,10608.419517199796,10509.581343998332,10324.988141800117,10578.325701876585,10800.0,10800.0,10800.0,10800.0,10800.0,10800.0,10800.0,10800.0,10800.0,10800.0,10800.0,10800.0,10797.325648664044,10797.325648664044,10797.325648664044,10797.325648664044,10797.325648664044,9898.613098745074,8972.687172819149,8046.761246893223,7146.745452518664,6298.74203995499,5460.79203995499,4786.345304088285,3877.7756744586554,3013.742341125322,3013.742341125322,3013.742341125322,3013.742341125322,2105.991415199396,1218.0121189030997,1218.0121189030997,1218.0121189030997,1218.0121189030997,1218.0121189030997,1218.0121189030997,1218.0121189030997,1218.0121189030997,1218.0121189030997,1218.0121189030997,1218.0121189030997,1218.0121189030997,1218.0121189030997,1218.0121189030997,1218.0121189030997,1218.0121189030997,1218.0121189030997,1218.0121189030997,1876.864462962963,1876.864462962963,1200.0,1200.0,1200.0,1200.0
2025-09-19,1725.151721839104,1725.151721839104,1725.151721839104,1725.151721839104,1725.151721839104,2475.151721839104,2475.151721839104,2475.151721839104,2475.151721839104,3079.3154869884124,3829.3154869884124,3829.3154869884124,3829.3154869884124,3829.3154869884124,3309.30789439582,2774.097285289158,2265.0046926965656,1756.2009704743434,1756.2009704743434,2506.200970474343,3256.200970474343,4006.2009704743423,4006.2009704743423,4006.2009704743423,4006.2009704743423,4006.2009704743423,4006.2009704743423,4006.2009704743423,4006.2009704743423,3483.0566631460065,3483.0566631460065,3483.0566631460065,3483.0566631460065,4233.056663146006,3712.557014997859,3251.8744954370195,3862.033387642303,3509.524337206611,3223.642173398707,2966.410308848898,2709.008290330379,2523.4720565924877,2386.3367140192922,2280.6305711329987,2192.034607011036,2169.509139331666,2169.509139331666,2169.509139331666,2169.509139331666,2169.509139331666,2169.509139331666,2169.509139331666,2169.509139331666,2169.509139331666,2169.509139331666,2169.509139331666,2169.509139331666,2169.509139331666,2169.509139331666,2169.509139331666,2169.509139331666,2169.509139331666,2169.509139331666,2169.509139331666,2169.509139331666,2169.509139331666,2169.509139331666,2169.509139331666,2169.509139331666,2169.509139331666,2169.509139331666,2749.607013812233,10800.0,10800.0,10800.0,10800.0,10800.0,10800.0,10800.0,10800.0,10800.0,10800.0,10800.0,10800.0,10800.0,10800.0,10800.0,10800.0,10800.0,10800.0,10800.0,10800.0,10800.0,10800.0,10800.0,10800.0,10800.0,10800.0,10800.0,10800.0,10800.0,10800.0,10800.0,10800.0,10800.0,10800.0,10800.0,10209.658165647807,9598.979655648607,8933.921662634304,8329.672215479148,7762.752882351531,7176.167697166346,6572.541549018199,5970.20716012931,5370.166419388569,4787.257049018199,4216.789993462643,3644.57703049968,3644.57703049968,3133.6388703703706,2497.383314814815,1830.472314814815,1200.0,1200.0,1200.0,1200.0,1200.0,1200.0,1200.0,1200.0,1941.347439855805,2676.5355248558053,2676.5355248558053,2676.5355248558053,2294.335037037037,2294.335037037037,2294.335037037037,1748.4185185185188,1200.0,1200.0,1200.0,1200.0,1200.0
2025-09-20,2245.566850200069,2245.566850200069,2245.566850200069,2995.566850200069,3004.8174356868894,3004.8174356868894,3004.8174356868894,3004.8174356868894,3004.8174356868894,3754.8174356868894,4504.817435686889,4504.817435686889,4504.817435686889,4504.817435686889,4504.817435686889,4504.817435686889,4504.817435686889,4002.89217642763,4002.89217642763,4002.89217642763,4002.89217642763,4002.89217642763,4002.89217642763,4002.89217642763,4002.89217642763,4002.89217642763,4002.89217642763,3470.3803452402067,2927.6581230179845,2927.6581230179845,2927.6581230179845,2927.6581230179845,3677.6581230179845,4427.6581230179845,3920.073030425392,3446.9389153156812,3951.3893247759916,3559.198332702952,3224.755808543587,2934.0503144267955,2664.9193514638323,2435.1010803121944,2246.4695063429795,2135.5497805979344,2101.7552438550856,2101.7552438550856,2101.7552438550856,2101.7552438550856,2101.7552438550856,2101.7552438550856,2101.7552438550856,2101.7552438550856,2101.7552438550856,2101.7552438550856,2101.7552438550856,2101.7552438550856,2101.7552438550856,2101.7552438550856,2101.7552438550856,2101.7552438550856,2101.7552438550856,2101.7552438550856,2101.7552438550856,2101.7552438550856,2101.7552438550856,2101.7552438550856,2101.7552438550856,2101.7552438550856,2101.7552438550856,2555.659179416243,3088.9125394162434,3632.4539420727897,10800.0,10800.0,10800.0,10800.0,10800.0,10800.0,10800.0,10800.0,10800.0,10800.0,10800.0,10800.0,10800.0,10800.0,10800.0,10800.0,10800.0,10800.0,10800.0,10800.0,10800.0,10800.0,10800.0,10800.0,10800.0,10800.0,10800.0,10800.0,10800.0,10800.0,10800.0,10800.0,10800.0,10800.0,10800.0,10198.787344240067,9601.490454773126,8978.70778532129,8362.33175245328,7786.701346692147,7243.366161506961,6683.585457803258,6106.823328173628,5533.202957803258,5533.202957803258,4953.329105951406,4369.236513358814,3737.606772618073,3081.9923466921473,2476.644198543999,1881.2098652106658,1249.0274392847398,1200.000011979093,1200.000011979093,1200.000011979093,1200.000011979093,1200.000011979093,1200.000011979093,1200.000011979093,1941.6410969790927,2673.9412019790925,3413.1697019790927,4141.910381979093,4886.686601979092,5625.3841019790925,6369.5681819790925,7097.233151979092,7835.408651979093,8577.030836979093,9318.923561979092,10038.818561979093,10038.818561979091
2025-09-21,10796.060931398057,10796.060931398057,10796.060931398057,10796.060931398057,10796.060931398057,10796.060931398057,10712.922387825958,10712.922387825958,10712.922387825958,10712.922387825958,10050.000165603737,10050.000165603737,10050.000165603737,10050.000165603737,10050.000165603737,10800.0,10800.0,10800.0,10117.503092592593,10050.0,10050.0,10050.0,10050.0,10050.0,10050.0,10050.0,10050.0,10050.0,10050.0,10050.0,10050.0,10050.0,10050.0,10800.0,10800.0,9932.346452434405,10007.780390939493,9231.552884290975,8528.675315224114,7896.26264316288,7332.631143162879,6858.34178214355,6421.387151220218,6027.064431266336,5656.748910448769,5656.748910448769,5110.139836374694,4617.838196943403,4286.793578172929,4042.8462340533383,3845.5064573454356,3714.9971449411905,3663.1293486448944,3605.618600127253,3579.842399076464,3579.842399076464,3581.4480050206153,3581.4480050206153,3575.6021531687634,3575.6021531687634,3607.7265118136106,3660.1004007840115,3672.9419895713327,3691.937806956169,3747.7734619561684,4490.094002721705,5183.8922158106625,5863.772058772658,6542.659195359206,6849.39393853504,7550.40194353504,8247.898587615598,9247.936901038753,9247.936901038753,9247.936901038753,9247.936901038753,9491.665409372157,9726.456845533092,9929.797013135614,10116.264207904656,10271.957259776369,10368.260700111794,10467.386895111795,10577.088781360324,10647.861456799606,10709.36778407829,10776.144263801109,10800.0,10755.528981481482,10799.999995062317,10800.0,10800.0,10800.0,10800.0,10800.0,10800.0,10800.0,10800.0,10767.700220752024,10743.048179397603,10711.776796202434,10688.87221779233,10675.913228641715,10662.914931691837,10657.535023397793,10656.231923727113,10656.231923727113,9784.586436972666,8875.105674834851,7969.371156721885,7049.649374688312,7049.649374688312,7049.649374688312,6138.25889320683,5230.941300614238,5230.941300614238,5230.941300614238,5230.941300614238,4805.613964133423,3888.83100117046,2996.6042789482376,2117.063538207497,2117.063538207497,1200.0000011704599,1200.0000011704599,1200.0000011704599,1200.0000011704599,1200.0000011704599,1200.0000011704599,1200.0000011704599,1200.0000011704599,1200.0000011704599,1200.0000011704599,1200.0000011704599,1200.0000011704599,1200.0000011704599,1200.0000011704599,1200.0000011704599,1200.0000011704599,1200.0000011704599,1200.0000011704599,1200.0000011704599,1200.0000011704599,1200.0000011704608
2025-09-22,2329.055332789141,2329.055332789141,3079.055332789141,3829.055332789141,3829.055332789141,4050.0,4050.0,4050.0,4050.0,4800.0,5550.0,5550.0,5550.0,5550.0,5550.0,5550.0,6300.0,6300.0,6300.0,6300.0,6300.0,6300.0,6300.0,7050.0,7800.0,8550.0,9300.0,9300.0,9300.0,9300.0,10050.0,10050.0,10050.0,10800.0,10800.0,9891.187601204914,9992.42848559425,9208.76026810122,8449.357862403685,7771.7513130513835,7212.6819611995315,6701.341314190342,6201.060987484878,5775.033683457381,5444.806030211746,5008.604547752504,4438.880195900652,3936.6875313440637,3592.272174404155,3293.3206933859756,3001.4546418595282,2732.625401736459,2552.139623958681,2457.7332788689496,2395.652940488634,2353.186972030074,2380.0133183099324,2479.1720671259004,2604.8531521259006,2746.7229056899164,2918.9632913996943,3114.8317149248805,3341.1802743655576,3643.49216056032,3966.9585655603196,4716.95856556032,4955.737962855879,5177.612468168353,5702.499183738054,5974.388916055726,6724.388916055726,7474.388916055726,7053.407104517339,7803.407104517339,8553.407104517339,9303.407104517339,9972.501195401635,10123.450073948232,10244.017635091075,10380.473958309374,10509.058651329688,10607.791669379056,10714.159294379057,10768.016682112377,10775.815388497413,10800.0,10766.533588896098,10677.457094467325,10467.948843554119,10467.948843554119,10799.999994348085,10799.999994348085,10799.999994348085,10799.999994348085,10799.999994348085,10799.999994348085,10799.999994348085,10799.999994348085,10799.999994348085,10799.999994348085,10799.999994348085,10799.999994348085,10799.999994348085,10799.999994348085,10799.999994348085,10799.999994348085,10799.999994348085,9911.722693477703,9019.188742202497,8461.744079477214,7579.923099003014,6682.232685185185,5760.410462962963,4834.484537037037,3936.7109074074074,3936.7109074074074,3936.7109074074074,3936.7109074074074,3017.064611111111,2111.1888518518517,2111.1888518518517,2111.1888518518517,2111.1888518518517,1200.0,1200.0,1200.0,1200.0,1200.0,1200.0,1200.0,1200.0,1200.0,1932.4362484351645,1932.4362484351645,1932.4362484351645,1876.4498790740743,1876.4498790740743,1876.4498790740743,1876.4498790740743,1876.4498790740743,1213.672397592593,1213.672397592593,1213.672397592593,1213.672397592593
2025-09-23,1852.2907363670136,1852.2907363670136,1852.2907363670136,2602.290736367014,3352.290736367014,4102.290736367014,4852.290736367014,5602.290736367014,6352.290736367014,7102.290736367014,7102.290736367014,7102.290736367014,7852.290736367014,8550.0,8550.0,8550.0,8550.0,8550.0,8550.0,8550.0,9300.0,10050.0,10050.0,10050.0,10050.0,10050.0,10050.0,10050.0,10050.0,10800.0,10800.0,10050.0,10050.0,10800.0,10800.0,9909.333111965612,9979.808823531179,9217.928530340861,8499.604478169973,7828.266854220216,7219.3222801461425,6682.7580652914085,6189.489550694767,5702.875080548672,5320.614041851756,4882.536919535409,4366.524104720594,3858.4264736987157,3445.374931425801,3130.2908402851804,2892.8525195929915,2697.214065077424,2537.26812063298,2386.581125342474,2263.781224381559,2171.2572857848827,2163.064662502412,2150.4104151451425,2112.8963410710685,2084.168084463124,2084.168084463124,2095.2578448190816,2096.8743492856747,2096.8743492856747,2134.840054285675,2884.840054285675,3634.840054285675,4257.473007609675,5007.473007609675,5757.473007609675,6507.473007609675,7257.473007609675,7379.55765743226,8128.465311094786,8737.354264076686,9487.354264076686,9734.007244076687,9941.58235647148,10121.413418792614,10308.057406735317,10460.76446697628,10560.52341642679,10685.14050642679,10784.245165078804,10800.0,10762.327392809804,10629.324018452118,10422.620293161961,10146.035033902703,10799.999995132826,10799.999994747646,10799.999994747646,10799.999994747646,10799.999994747646,10799.999994747646,10799.999994747646,10799.999994747646,10799.999994747646,10799.999994747646,10799.999994747646,10799.999994747646,10799.999994747646,10798.642352019531,10798.642352019531,10798.642352019531,10798.642352019531,10798.642352019531,9926.06474090842,9030.241824224817,8106.419089777811,7180.493163851885,6274.965126814848,5422.594756444478,4499.019552740774,3573.093626814848,2659.5991823704035,2659.5991823704035,2659.5991823704035,2659.5991823704035,2659.5991823704035,2125.925925925926,2125.925925925926,2125.925925925926,1200.0,1200.0,1200.0,1200.0,1200.0,1200.0,1200.0,1200.0,1200.0,1200.0,1200.0,1200.0,1200.0,1200.0,1200.0,1200.0,1200.0,1200.0,1200.0,1200.0,1200.0
2025-09-24,2106.1436809508264,2106.1436809508264,2856.1436809508264,3606.1436809508264,3606.1436809508264,3606.1436809508264,3606.1436809508264,3606.1436809508264,3606.1436809508264,4356.143680950827,5106.143680950827,5856.143680950827,5856.143680950827,5856.143680950827,5856.143680950827,5856.143680950827,5856.143680950827,5182.671425610722,5182.671425610722,5182.671425610722,5182.671425610722,5932.671425610722,6682.671425610722,6682.671425610722,6682.671425610722,7432.671425610722,8182.671425610722,8932.671425610723,9682.671425610723,10050.0,10050.0,10050.0,10050.0,10800.0,10800.0,9904.446781044724,10023.446994752016,9273.115701639626,8562.53794916319,7895.781395891263,7280.059914409781,6716.292195124165,6542.095355214862,6542.095355214862,6542.095355214862,6553.628954555322,5914.7152878886545,5315.162753312027,4803.433783514237,4316.434172043784,3909.5864683640175,3579.7233377087678,3338.654096968027,3162.140234017423,3039.8752234047297,2950.8238624721544,2950.8238624721544,2995.441203641202,3046.658973641202,3115.0713418500436,3235.5544882130857,3393.697350603821,3553.63877085748,3697.9013274992485,3868.1217624992482,4095.3690768073757,4443.612147425183,4672.574624501546,4877.96840584814,5105.457053039784,5399.769203039785,6149.769203039785,6158.072969355077,6908.072969355077,7658.072969355077,8408.072969355077,9158.072969355077,9366.133177656337,9517.485449387877,9651.319163872351,9810.635592443834,9968.278502700954,10124.800232700954,10218.035067706307,10277.211673425072,10325.111177478419,10340.142267148312,10330.582416845715,10257.692942482878,10800.0,10800.0,10800.0,10800.0,10800.0,10800.0,10800.0,10800.0,10800.0,10800.0,10726.95478529738,10639.313996133837,10639.313996133837,10617.525046464252,10587.914055469928,10573.010288940402,10568.84851578612,10568.84851578612,10568.84851578612,9659.535273712094,8783.496384823206,7908.846531018531,7010.403607101411,6113.418421916225,5591.077203703704,5591.077203703704,4700.849425925926,3855.5952037037036,3855.5952037037036,3855.5952037037036,3855.5952037037036,2955.716648148148,2077.833314814815,2077.833314814815,1200.0,1200.0,1200.0,1200.0,1200.0,1200.0,1200.0,1200.0,1200.0,1932.3000992813495,1932.3000992813495,1932.3000992813495,1932.3000992813495,1209.6223215035718,1209.6223215035718,1209.6223215035718,1209.6223215035718,1209.6223215035718,1209.6223215035718,1209.6223215035718,1209.6223215035718
2025-09-25,3198.130927091697,3948.130927091697,4698.130927091697,4698.130927091697,4698.130927091697,5448.130927091697,6198.130927091697,6198.130927091697,6198.130927091697,6948.130927091697,7698.130927091697,8448.130927091697,8448.130927091697,8448.130927091697,8448.130927091697,8448.130927091697,8448.130927091697,8448.130927091697,8448.130927091697,8550.0,8550.0,8550.0,8550.0,8550.0,8550.0,8550.0,9300.0,10050.0,10050.0,10050.0,10050.0,10050.0,10050.0,10800.0,10800.0,9881.480567730068,9974.250864541382,9209.23687901052,8483.983080444506,7803.292837495513,7196.075578236253,6670.667977869385,6481.350057903548,6481.350057903548,6465.661743821852,6460.497621494769,5839.3390659392135,5255.768706214563,4771.889890866755,4317.134372081377,3945.578781951767,3626.3166696910694,3350.149188209588,3121.726276239988,2923.1663489024645,2755.0981198098093,2648.634687718817,2577.7340773695987,2517.1445773695987,2517.1445773695987,2517.1445773695987,2574.5865285301234,2621.1839432919155,2664.693280821642,2751.366145821642,3173.3268141905774,3923.3268141905774,4673.326814190577,5423.326814190577,6173.326814190577,6923.326814190577,7673.326814190577,9121.286578760439,9415.005993380977,9684.611761634947,9889.560132996556,10091.237382996556,10241.168431759961,10346.290333517989,10447.23438182735,10550.576416999427,10624.89195816994,10703.515613169939,10753.19588689555,10787.680015980479,10800.0,10793.15822210745,10708.91361440178,10543.826336624,10543.826336624,10670.990344274678,10670.990344274678,10670.990344274678,10670.990344274678,10670.990344274678,10670.990344274678,10676.601510087648,10674.057064798073,10674.057064798073,10674.057064798073,10674.057064798073,10674.057064798073,10674.057064798073,10674.057064798073,10674.057064798073,10674.057064798073,10674.057064798073,9781.046768501777,8871.733526427752,7973.738787122095,7117.175509344317,7117.175509344317,6208.786620455428,5292.295768603576,4395.452713048021,4395.452713048021,4395.452713048021,4395.452713048021,3949.7279259259262,3949.7279259259262,3949.7279259259262,3032.329777777778,2112.084796296296,1200.0,1200.0,1200.0,1200.0,1200.0,1200.0,1200.0,1200.0,1901.9277265595479,1901.9277265595479,1200.0,1200.0,1200.0,1200.0,1200.0,1200.0,1200.0,1200.0,1200.0,1200.0,1200.0
2025-09-26,2190.831253712044,2190.831253712044,2190.831253712044,2190.831253712044,2190.831253712044,2190.831253712044,1662.555790749081,1662.555790749081,2412.555790749081,2412.555790749081,2412.555790749081,2412.555790749081,3162.555790749081,3912.555790749081,3912.555790749081,3912.555790749081,3912.555790749081,3912.555790749081,4655.274204494639,5405.274204494639,5405.274204494639,5405.274204494639,5405.274204494639,5405.274204494639,5405.274204494639,5405.274204494639,5405.274204494639,5405.274204494639,5405.274204494639,5405.274204494639,5405.274204494639,5405.274204494639,4872.102417108306,4872.102417108306,4355.407972663862,3862.1770675749385,4905.8743680692605,4475.21298530474,4122.986092700425,3803.224157774557,3484.5707503671497,3238.17495141783,3069.800360726294,2978.5093022115348,2906.5243507810233,2863.053955275259,2863.053955275259,2863.053955275259,2863.053955275259,2863.053955275259,2863.053955275259,2863.053955275259,2863.053955275259,2863.053955275259,2863.053955275259,2863.053955275259,2863.053955275259,2863.053955275259,2863.053955275259,2863.053955275259,2863.053955275259,2863.053955275259,2863.053955275259,2863.053955275259,2863.053955275259,2863.053955275259,2863.053955275259,2863.053955275259,2863.053955275259,2863.053955275259,2863.053955275259,3317.246405063402,10800.0,10800.0,10800.0,10800.0,10800.0,10800.0,10800.0,10800.0,10800.0,10800.0,10800.0,10800.0,10800.0,10800.0,10800.0,10800.0,10800.0,10800.0,10800.0,10800.0,10800.0,10800.0,10800.0,10800.0,10800.0,10800.0,10800.0,10800.0,10800.0,10800.0,10800.0,10800.0,10800.0,10800.0,10800.0,10171.031820970808,9535.124817835678,8926.607865707332,8326.56714348511,7731.580569411036,7136.808347188814,6517.267106448073,5929.6306620036285,5387.276958299924,4813.155939781406,4208.811865707332,3605.097050892517,2994.4407360777022,2407.750791633258,2351.7503888888887,1783.8722037037037,1200.0,1200.0,1200.0,1200.0,1200.0,1200.0,1200.0,1200.0,1200.0,1930.7740950000002,1930.7740950000002,1344.4519283333336,1200.000048130541,1200.000048130541,1200.000048130541,1200.000048130541,1200.000048130541,1200.000048130541,1733.1387407407408,1733.1387407407408,1200.0
2025-09-27,2139.845605218596,2139.845605218596,2139.845605218596,2139.845605218596,2139.845605218596,1628.5228274408182,1628.5228274408182,2378.522655683723,2378.522655683723,2378.522655683723,2378.522655683723,2378.522655683723,3128.522655683723,3878.522655683723,3878.522655683723,3878.522655683723,3878.522655683723,3878.522655683723,3310.177211239278,2777.7198038318706,2777.7198038318706,2777.7198038318706,2777.7198038318706,2777.7198038318706,2677.4004419038592,2677.4004419038592,3427.4004419038592,4177.400441903859,4177.400441903859,4177.400441903859,4177.400441903859,4177.400441903859,4177.400441903859,4927.400441903859,4421.350441903859,3942.6145967012394,4004.2596223910327,3597.897229895101,3243.7530096076953,2895.120250128337,2526.291287165374,2225.7264474189974,2001.5544045412219,1842.7997101583205,1741.8676807018091,1717.1969373018285,1717.1969373018285,1717.1969373018285,1717.1969373018285,1717.1969373018285,1717.1969373018285,1717.1969373018285,1717.1969373018285,1717.1969373018285,1717.1969373018285,1717.1969373018285,1717.1969373018285,1717.1969373018285,1717.1969373018285,1717.1969373018285,1717.1969373018285,1717.1969373018285,1717.1969373018285,1717.1969373018285,1717.1969373018285,1808.2937536130753,2416.6263825259903,3053.452774805471,3657.3055428732387,4264.8757402433475,4888.9651702433475,5494.914424688819,10800.0,10800.0,10800.0,10800.0,10800.0,10800.0,10800.0,10800.0,10800.0,10800.0,10800.0,10800.0,10800.0,10800.0,10800.0,10800.0,10800.0,10800.0,10800.0,10800.0,10800.0,10800.0,10800.0,10768.784220758573,10768.784220758573,10712.867137534487,10647.506375566723,10621.935729399374,10612.513720484889,10583.104590118242,10571.157642533004,10563.44242077645,10559.759559389779,10558.791434127892,10558.791434127892,9927.602421741542,9324.007897218278,8747.424567608816,8486.307462962963,8486.307462962963,7866.127833333333,7233.756222222222,6657.972833333333,6126.2413518518515,5549.8745,4919.360962962963,4272.812814814814,3674.8615925925924,3075.4943703703702,2426.049925925926,1818.3412962962962,1200.0,1200.0,1200.0,1200.0,1200.0,1200.0,1200.0,1200.0,1941.5417700000003,2686.3292250000004,2686.3292250000004,3424.121175,4146.353325,4879.247325,5621.424690000001,6368.151204967928,7113.975204967928,7852.955049967928,8595.338289967927,8595.338289967927,8595.338289967929
2025-09-28,9127.88340740567,9300.0,9300.0,9300.0,9300.0,10050.0,10800.0,10800.0,10800.0,10800.0,10800.0,10800.0,10800.0,10800.0,10800.0,10800.0,10800.0,10800.0,10800.0,10800.0,10800.0,10800.0,10800.0,10800.0,10800.0,10800.0,10800.0,10800.0,10800.0,10800.0,10800.0,10800.0,10800.0,10800.0,10800.0,9892.211388257056,9949.363843939793,9162.066302846817,8406.844346724103,7709.977056845447,7070.241204993595,6513.096454101249,6001.874383048613,6001.874383048613,6001.874383048613,6719.83745786617,6159.344186462381,5573.886408491876,5062.685014827133,4620.7084903604755,4245.470168584552,3928.854165037116,3662.6633502223012,3395.9918185124543,3155.414330231974,2977.1221334039515,2812.377563424304,2693.6330110565077,2652.7744555009517,2652.7744555009517,2652.7744555009517,2689.5564685541185,2693.676851493493,2702.9969373735244,2702.9969373735244,3326.485771507389,3933.1263329694425,4683.126332969443,5433.126332969443,5947.674847083052,6443.659237083051,7167.5496299999995,8330.16925819873,8995.638136390953,9728.85383044808,10478.85383044808,10618.312134061227,10647.970377664986,10658.931061583578,10681.70345414765,10723.102807174593,10761.71604,10800.0,10800.0,10800.0,10774.847240818692,10693.708545714677,10560.08604301279,10389.975839309087,10800.0,10754.029590852691,10706.06913526717,10706.06913526717,10654.97894900112,10654.97894900112,10654.97894900112,10654.97894900112,10654.97894900112,10627.29643230389,10627.29643230389,10627.29643230389,10627.29643230389,10627.29643230389,10627.29643230389,10627.29643230389,10627.29643230389,10627.29643230389,10277.238165712386,9366.07349924591,8463.02070658524,7555.034522326146,6641.517703703704,5744.532518518518,4839.483518518518,4839.483518518518,4839.483518518518,3929.0141851851854,3026.097888888889,2110.659,2110.659,2110.659,2110.659,2110.659,1200.0,1200.0,1200.0,1200.0,1200.0,1200.0,1200.0,1200.0,1200.0,1200.0,1200.0,1200.0,1920.0345405432138,1920.0345405432138,1920.0345405432138,1920.0345405432138,1920.0345405432138,1920.0345405432138,1920.0345405432138,1920.0345405432138,1920.0345405432138
2025-09-29,3870.217873839403,4620.217873839403,4620.217873839403,4620.217873839403,4620.217873839403,4620.217873839403,5370.217873839403,6120.217873839403,6120.217873839403,6120.217873839403,6870.217873839403,7620.217873839403,7620.217873839403,7620.217873839403,7620.217873839403,7620.217873839403,7620.217873839403,7620.217873839403,7620.217873839403,7620.217873839403,7620.217873839403,7620.217873839403,7620.217873839403,8370.217873839403,9120.217873839403,9870.217873839403,9870.217873839403,10050.0,10800.0,10800.0,10800.0,10800.0,10800.0,10800.0,10800.0,9893.257063966552,9908.094610944763,9115.612659612494,8381.24436749853,7683.056480538054,7030.365480538054,6464.891760039323,5920.33910646694,5401.7362984217225,5018.491189638948,4574.648307825419,3977.824067084678,3446.3978310904795,3016.249595403655,2608.5712525793874,2290.5500926972272,2065.5685616056467,1895.2631912352763,1781.1204358890534,1707.9140913690787,1699.5512253161435,1717.1410044714764,1779.3341524306857,1848.3310324306858,1928.456113962876,2061.1450236942555,2242.1535351501443,2401.4865187167898,2580.6150449672477,2775.617489967248,3033.7186577588704,3355.622953453802,3728.4020428428594,4478.402042842859,4891.235953413467,5641.235953413467,6391.235953413467,5420.431140197446,6170.431140197446,6920.431140197446,7670.431140197446,8420.431140197446,8551.225962374634,8598.451341916709,8677.954895122743,8798.587619223028,8902.29906915945,8971.86384915945,9013.687864673298,9038.072343924974,9038.072343924974,8989.062662760321,8898.43869458344,8759.739546435292,9509.739546435292,10799.999995160499,10799.999995160499,10799.999995160499,10799.999995160499,10799.999995160499,10799.999995160499,10799.999995160499,10799.999995160499,10799.999995160499,10799.999995160499,10799.999995160499,10799.999995160499,10799.999995160499,10799.999995160499,10799.999995160499,10799.999995160499,10799.999995160499,9969.165284143455,9062.10135988513,9062.10135988513,8207.432989514758,8207.432989514758,8207.432989514758,7312.515619144388,6454.979026551796,5598.862359885129,4690.1546006258695,3852.392703703704,3852.392703703704,3852.392703703704,2952.9222222222224,2070.9037037037037,2070.9037037037037,1200.0,1200.0,1200.0,1200.0,1200.0,1200.0,1200.0,1200.0,1200.0,1200.0,1200.0,1200.0,1200.0,1200.0,1200.0,1200.0,1200.0,1200.0,1200.0,1200.0,1200.0
2025-09-30,2781.064379929685,2781.064379929685,2781.064379929685,3531.064379929685,4281.064379929685,4281.064379929685,4281.064379929685,4281.064379929685,4281.064379929685,4281.064379929685,5031.064379929685,5031.064379929685,5031.064379929685,5031.064379929685,5031.064379929685,5550.0,5550.0,5550.0,5550.0,6300.0,7050.0,7800.0,7800.0,7800.0,8550.0,9300.0,10050.0,10050.0,10050.0,10050.0,10050.0,10050.0,10050.0,10800.0,10800.0,9882.165744906273,9942.49230923252,9120.772247826277,8356.699158426938,7644.935295956968,6980.592981142153,6370.5698333065875,6370.5698333065875,5910.671341280502,5516.363522964901,5485.017309517884,4838.533420628995,4251.560056744662,3766.832153828094,3310.3390895227153,2900.7763369250174,2559.5649780148415,2293.2788298666937,2034.599665262369,1832.520184769681,1704.169596062331,1611.2152457547409,1586.3168580128568,1586.3168580128568,1586.3168580128568,1610.907934825715,1660.344659271635,1700.9299356495692,1753.9022662909206,1836.0950362909205,1959.9905090368713,2485.4429985392126,3032.355010720119,3591.344165521833,4151.352832431052,4790.731792431052,5439.953899664,5777.346410742248,6461.504003418136,7164.066476298978,7914.066476298978,8664.066476298978,8826.827838178595,8953.595315950548,9045.97390229639,9165.177270165137,9284.950906474802,9390.191326474802,9498.631575568566,9608.155003022392,9420.406239707436,9177.014035079528,8915.494721168474,8593.382350798103,8658.847237379003,10232.043675816274,10232.043675816274,10232.043675816274,10799.999994117232,10799.999994117232,10799.999994117232,10799.999994117232,10799.999994117232,10799.999994117232,10799.999994117232,10799.999994117232,10799.999994117232,10799.999994117232,10799.999994117232,10799.999994117232,10799.999994117232,10799.999994117232,10799.999994117232,9874.074068191307,8948.148142265381,8022.222216339455,7096.296290413529,7096.296290413529,7096.296290413529,7096.296290413529,6170.370364487603,5278.562012635751,4403.410994117232,3899.205222222222,2974.4142407407403,2974.4142407407403,2974.4142407407403,2090.735333333333,1200.0,1200.0,1200.0,1200.0,1200.0,1200.0,1200.0,1200.0,1200.0,1895.1340580666142,1895.1340580666142,1215.0069046296294,1215.0069046296294,1215.0069046296294,1215.0069046296294,1215.0069046296294,1215.0069046296294,1215.0069046296294,1215.0069046296294,1215.0069046296294,1215.0069046296294
2025-10-01,2421.1732573863505,2421.1732573863505,2421.1732573863505,2421.1732573863505,3171.1732573863505,3921.1732573863505,4671.17325738635,5421.17325738635,6171.17325738635,6171.17325738635,6171.17325738635,6171.17325738635,6171.17325738635,5472.009889497187,5472.009889497187,5472.009889497187,5550.0,5550.0,5550.0,6300.0,7050.0,7800.0,8550.0,8550.0,8550.0,9300.0,10050.0,10050.0,10050.0,10050.0,10050.0,10050.0,10050.0,10800.0,10800.0,9884.954870418658,9956.305138058926,9156.06507733259,8396.965063735119,7686.647255323711,7047.008162731118,6497.115332670619,6006.340783646856,5605.129337272903,5299.29363821808,4932.489800925197,4432.781689814086,3994.6887677195996,3663.899000753189,3380.6786099961064,3191.987577740145,3080.65479827546,3000.8400945717567,2938.3654166368638,2940.5244660962576,3038.602382634741,3179.0229403169114,3362.2370918727697,3587.97756687277,3759.6626438554117,3946.6384542368123,4165.548878967478,4393.333029914671,4624.831779720515,4849.277274720515,5065.760275263357,5808.465413911319,6558.465413911319,6772.56496243415,7043.874195965466,7384.527120965466,8082.611565976487,10009.451305925924,10009.451305925924,10009.451305925924,10009.451305925924,10009.451305925924,10009.451305925924,10048.368305668355,10266.337143230206,10469.643891033462,10623.285908607793,10732.077878607794,10786.562429606105,10800.0,10794.026581113021,10754.560430255451,10683.511742889383,10524.181273308743,10800.0,10800.0,10800.0,10800.0,10800.0,10800.0,10800.0,10800.0,10800.0,10789.772246534993,10789.772246534993,10789.772246534993,10780.39616338851,10780.39616338851,10773.430600103911,10769.915701660262,10769.915701660262,10769.915701660262,10769.915701660262,9843.989775734337,8918.063849808412,8015.679493293026,7139.300320004846,7139.300320004846,6521.6759325418425,5637.22271031962,4803.904191801102,4803.904191801102,4803.904191801102,3877.9782658751756,2980.0747658751757,2980.0747658751757,2980.0747658751757,2083.7830436529534,1200.0000066159164,1200.0000066159164,1200.0000066159164,1200.0000066159164,1200.0000066159164,1200.0000066159164,1200.0000066159164,1200.0000066159164,1200.0000066159164,1200.0000066159164,1200.0000066159164,1200.0000066159164,1200.0000066159164,1200.0000066159164,1200.0000066159164,1200.0000066159164,1200.0000066159164,1200.0000066159164,1200.0000066159164,1200.0000066159164,1200.0000066159162
2025-10-02,4355.513400870326,5105.513400870326,5855.513400870326,5855.513400870326,5855.513400870326,5855.513400870326,5855.513400870326,5855.513400870326,5855.513400870326,6605.513400870326,7355.513400870326,7355.513400870326,7355.513400870326,7355.513400870326,8105.513400870326,8105.513400870326,8105.513400870326,8105.513400870326,8105.513400870326,8105.513400870326,8105.513400870326,8855.513400870326,9605.513400870326,9605.513400870326,9605.513400870326,10050.0,10050.0,10050.0,10050.0,10050.0,10050.0,10050.0,10050.0,10800.0,10800.0,9912.819331822573,9959.767215314207,9150.230812733935,8380.915038000829,7683.727716895382,7069.053735413901,6513.626158489168,5969.8705516621785,5482.286535891982,5125.451966963937,4709.931153067346,4137.745041956235,3634.787000101712,3237.4521414727724,2898.4797606428792,2601.957380653677,2368.5049025953767,2188.787661854636,2024.2503470836243,1929.6260184100702,1927.9839336378695,1945.6471458577223,1994.9223292604129,2082.278384260413,2166.0271347720713,2281.579984549021,2401.4327818220922,2532.3203704966727,2702.1105365454227,2902.0650515454226,3652.0650515454226,4402.065051545423,5152.065051545423,5902.065051545423,6652.065051545423,6989.579001545422,7739.579001545422,8165.847234531025,8174.215928213062,8174.215928213062,8572.711036621922,8925.230686621922,9255.397356170919,9523.441198217804,9745.6327619669,9968.96357975185,10185.773261819888,10396.146956819888,10565.030518888569,10678.24409020874,10749.512384097616,10800.0,10800.0,10800.0,10800.0,10800.0,10800.0,10800.0,10800.0,10800.0,10800.0,10800.0,10800.0,10800.0,10800.0,10800.0,10800.0,10800.0,10800.0,10800.0,10800.0,10800.0,10800.0,10800.0,10800.0,9874.074074074075,8948.14814814815,8022.2222222222235,7122.91388888889,6264.503351851853,5408.192240740742,4803.1646809286485,4803.1646809286485,4803.1646809286485,3910.3683475953153,3013.7099957434634,3013.7099957434634,2116.0032550027227,1207.6971809286485,1207.6971809286485,1207.6971809286485,1207.6971809286485,1207.6971809286485,1207.6971809286485,1207.6971809286485,1207.6971809286485,1207.6971809286485,1937.1591481481482,1937.1591481481482,1937.1591481481482,1937.1591481481482,1937.1591481481482,1200.0,1200.0,1200.0,1200.0,1200.0,1200.0,1200.0
2025-10-03,4457.481395269433,4457.481395269433,4457.481395269433,4457.481395269433,4457.481395269433,4457.481395269433,5207.481395269433,5957.481395269433,6127.980906011837,6877.980906011837,7627.980906011837,8377.980906011837,8377.980906011837,8377.980906011837,7875.197276382207,7875.197276382207,7875.197276382207,7875.197276382207,7875.197276382207,7875.197276382207,7875.197276382207,7409.905387493318,6897.427809821342,6897.427809821342,6357.170606117638,5859.509495006527,5859.509495006527,5859.509495006527,5323.937272784305,4795.668976488008,4795.668976488008,4795.668976488008,4795.668976488008,4795.668976488008,4288.265272784304,3796.9360817577913,4522.914824006225,4115.261349136386,3778.0599796271727,3451.568992663381,3110.027140811529,2847.37920245458,2659.1493035359276,2512.918508745461,2428.0845907660223,2422.8345399075683,2422.8345399075683,2422.8345399075683,2422.8345399075683,2422.8345399075683,2422.8345399075683,2422.8345399075683,2422.8345399075683,2422.8345399075683,2422.8345399075683,2422.8345399075683,2422.8345399075683,2422.8345399075683,2422.8345399075683,2422.8345399075683,2422.8345399075683,2422.8345399075683,2422.8345399075683,2422.8345399075683,2422.8345399075683,2422.8345399075683,2422.8345399075683,2422.8345399075683,2422.8345399075683,2422.8345399075683,2422.8345399075683,2422.8345399075683,10800.0,10800.0,10800.0,10800.0,10800.0,10800.0,10800.0,10800.0,10800.0,10800.0,10800.0,10800.0,10800.0,10800.0,10800.0,10800.0,10800.0,10800.0,10800.0,10800.0,10800.0,10800.0,10800.0,10800.0,10759.318451609151,10717.906987006469,10668.414187274857,10626.944466594481,10608.765417858254,10571.448950109949,10554.495858370368,10539.315724016815,10531.717598193965,10531.717598193965,10531.717598193965,10531.717598193965,9952.182032618253,9389.285224097173,8821.23452039347,8241.15939076384,7649.637168541618,7071.306131504581,6477.902927800877,5869.897372245321,5294.070409282358,4697.905835208284,4045.520650023099,3458.3812426156915,2914.5353166897658,2355.87976113421,1776.4285389119882,1200.000001874951,1200.000001874951,1200.000001874951,1200.000001874951,1200.000001874951,1200.000001874951,1200.000001874951,1200.000001874951,1200.000001874951,1200.000001874951,1200.000001874951,1200.000001874951,1200.000001874951,1200.000001874951,1200.000001874951,1200.000001874951,1200.000001874951,1200.000001874951,1200.000001874951,1200.000001874951,1200.00000187495
2025-10-04,4313.498006481484,4313.498006481484,4313.498006481484,4313.498006481484,4313.498006481484,4313.498006481484,4313.498006481484,4313.498006481484,4313.498006481484,4313.498006481484,4313.498006481484,4313.498006481484,4313.498006481484,4313.498006481484,4313.498006481484,4313.498006481484,4313.498006481484,4313.498006481484,3768.473336201739,3768.473336201739,4518.47333620174,4518.47333620174,3956.6974102758136,3956.6974102758136,4706.697410275814,5456.697410275814,5456.697410275814,5456.697410275814,5456.697410275814,5456.697410275814,5456.697410275814,5456.697410275814,5456.697410275814,5642.422404129664,5112.73907079633,4595.0764951308465,5616.054511015406,5198.373508223794,4796.371038231458,4390.018846233852,4015.2937906782963,3736.4208763878123,3544.663202282463,3418.750454597366,3374.551550658547,3374.551550658547,3374.551550658547,3374.551550658547,3374.551550658547,3374.551550658547,3374.551550658547,3374.551550658547,3374.551550658547,3374.551550658547,3374.551550658547,3374.551550658547,3374.551550658547,3374.551550658547,3374.551550658547,3374.551550658547,3374.551550658547,3374.551550658547,3374.551550658547,3374.551550658547,3374.551550658547,3374.551550658547,3374.551550658547,3374.551550658547,3374.551550658547,3374.551550658547,3374.551550658547,3374.551550658547,10800.0,10800.0,10800.0,10800.0,10800.0,10800.0,10800.0,10800.0,10800.0,10800.0,10800.0,10800.0,10800.0,10800.0,10800.0,10800.0,10800.0,10800.0,10800.0,10800.0,10800.0,10800.0,10800.0,10800.0,10800.0,10800.0,10800.0,10800.0,10800.0,10800.0,10800.0,10800.0,10800.0,10800.0,10800.0,10215.060074074074,9583.60391590577,8974.961814541053,8375.044326219822,7777.527289182785,7163.486548442044,6573.283492886489,6538.382754873885,5916.369791910922,5307.694051170181,4710.340236355367,4098.968014133145,3506.943143762774,2902.7769585775886,2289.469551170181,1726.643051170181,1200.0000141331438,1200.0000141331438,1200.0000141331438,1200.0000141331438,1200.0000141331438,1200.0000141331438,1200.0000141331438,1200.0000141331438,1940.1593241331439,2677.610159133144,3422.853659133144,4168.052219133144,4911.548624133144,5625.778124133143,6362.283134133143,7080.0212691331435,7824.877769133143,8553.594134133144,8553.594134133144,8553.594134133144,8553.594134133142
2025-10-05,10800.0,10800.0,10800.0,10800.0,10800.0,10134.12437147088,10134.12437147088,10134.12437147088,10134.12437147088,10134.12437147088,10134.12437147088,10134.12437147088,9396.835686285694,9396.835686285694,9396.835686285694,9396.835686285694,9396.835686285694,10050.0,10800.0,10800.0,10800.0,10800.0,10800.0,10800.0,10800.0,10800.0,10800.0,10800.0,10800.0,10800.0,10800.0,10800.0,10800.0,10800.0,10800.0,9907.170642995346,9982.545422267503,9160.601771698699,8412.608695105622,7727.755218115795,7082.971440338018,6473.725358974897,5931.706614695365,5464.901323427382,5100.383822382789,4690.15007249956,4132.84257249956,3640.568000557748,3251.6631662232717,2922.8320645470494,2635.612139839107,2421.5793994025985,2282.2767697729687,2158.750193163758,2062.2237328081874,1997.409163447694,1929.0304304089407,1897.9464730553889,1914.8175580553889,1960.0012431542398,2050.107447548747,2199.360872008458,2370.7162838202375,2587.478582651306,2826.8205026513065,3120.422142484101,3456.463422183395,3800.300298126398,4177.936266208779,4927.936266208779,5677.936266208779,6427.936266208779,7211.153126875953,7961.153126875953,8332.574662071793,9034.472911236453,9377.921386236454,9705.882128140565,9989.567625432639,10244.054508356565,10397.98030294071,10529.949326209575,10670.729216209575,10764.002698888122,10797.259880858248,10800.0,10765.354372701328,10677.85386213619,10521.259584358411,10521.259584358411,10800.0,10800.0,10800.0,10800.0,10800.0,10800.0,10800.0,10773.40928507826,10746.756219362329,10723.307773026643,10716.88015882129,10699.325931705669,10693.729505580653,10684.502695690797,10679.859062235551,10679.859062235551,10679.859062235551,10023.719505093626,9171.58474808002,9171.58474808002,9171.58474808002,9171.58474808002,8311.818081413354,7447.914266598539,7447.914266598539,7447.914266598539,6524.4652480800205,5625.604544376317,4734.424914746687,3859.6227295615017,3001.762488820761,3001.762488820761,2096.2503962281685,1200.0000073392798,1200.0000073392798,1200.0000073392798,1200.0000073392798,1200.0000073392798,1200.0000073392798,1200.0000073392798,1200.0000073392798,1200.0000073392798,1200.0000073392798,1200.0000073392798,1200.0000073392798,1200.0000073392798,1200.0000073392798,1200.0000073392798,1200.0000073392798,1200.0000073392798,1200.0000073392798,1200.0000073392798,1200.0000073392798,1200.0000073392782
2025-10-06,4039.384638484884,4039.384638484884,4789.384638484884,5539.384638484884,6289.384638484884,7039.384638484884,7789.384638484884,7789.384638484884,7789.384638484884,7789.384638484884,8539.384638484884,8539.384638484884,8539.384638484884,8539.384638484884,8539.384638484884,8539.384638484884,8539.384638484884,8539.384638484884,8539.384638484884,8550.0,8550.0,8550.0,9300.0,9300.0,9300.0,9300.0,9300.0,9300.0,9300.0,9300.0,9300.0,9300.0,10050.0,10800.0,10800.0,9874.074074074075,9914.004234870914,9107.869801953198,8366.851426106852,7663.94309454236,7002.162038986805,6425.371474274603,5923.077395831734,5483.6495109203515,5109.39729297517,4881.719247105098,4298.77496932732,3764.6292007948477,3336.686225468009,2959.475133640683,2636.850495558596,2380.159471874896,2198.347490393415,2094.9281759492405,2062.451952030601,2062.451952030601,2073.6006705297477,2143.4377805611816,2296.3675355611817,2448.5460157814678,2620.92723655871,2830.8734164109906,3010.929541982382,3207.9555639059818,3427.0933689059816,3673.8744190149105,3937.714189368362,4687.714189368362,5437.714189368362,6187.714189368362,6937.714189368362,7687.714189368362,7693.26851379105,8443.26851379105,8745.446251557427,9245.116229062001,9438.518309062001,9622.548291938832,9767.355017541755,9875.58579827107,9955.4119237502,10053.051744857199,10171.480194857199,10267.468185494348,10313.587935119054,10313.587935119054,10283.489680037916,10251.406762961527,10182.533670368935,10551.883086807024,10800.0,10800.0,10800.0,10800.0,10800.0,10800.0,10800.0,10794.308881663163,10778.722275254227,10749.878540036685,10722.274936301974,10692.601206584732,10678.577277430508,10662.036649495578,10653.486697551747,10653.486697551747,10653.486697551747,10653.486697551747,10225.56861658299,9335.063061027435,8425.269426693845,7500.982685953104,6593.919407407408,5704.733925925926,5704.733925925926,5704.733925925926,5704.733925925926,5704.733925925926,5704.733925925926,4831.053166666667,3936.410481481482,3024.2752962962963,2098.3493703703703,1200.0,1200.0,1200.0,1200.0,1200.0,1200.0,1200.0,1200.0,1941.5416801366587,2673.7554301366586,2673.7554301366586,2673.7554301366586,2673.7554301366586,1978.6572819885105,1978.6572819885105,1978.6572819885105,1978.6572819885105,1978.6572819885105,1978.6572819885105,1226.6295042107326,1218.6461074981692
2025-10-07,3955.511315590705,3955.511315590705,3955.511315590705,3955.511315590705,3955.511315590705,4705.511315590706,4705.511315590706,4800.0,5550.0,6300.0,7050.0,7800.0,8550.0,8550.0,8550.0,9300.0,10050.0,10800.0,10800.0,10800.0,10800.0,10800.0,10800.0,10800.0,10800.0,10800.0,10800.0,10035.51123990616,9300.000128795049,9300.000128795049,9300.000128795049,9300.000128795049,10050.0,10800.0,10800.0,9908.023241300452,9984.262099009453,9197.272864948973,8418.533508677121,7671.593737473279,6989.881496732539,6358.4490835729075,5805.297240811327,5375.7054789046215,5027.303978013063,5027.303978013063,4420.071052087137,3832.1092695308507,3339.573125135465,2915.3807141412594,2520.67124788103,2178.8410460036066,1900.338953411014,1595.8923412812442,1359.4289663808302,1236.9937454574297,1200.0000260970053,1200.0000260970053,1228.9842860970055,1237.1640987896315,1284.1057487860035,1397.3289161021821,1481.267141980899,1588.8851646379856,1714.7059596379856,1881.1399304717174,2631.1399304717174,3381.1399304717174,4131.139930471718,4881.139930471718,5631.139930471718,6381.139930471718,7185.393120000001,7935.393120000001,8685.39312,9435.39312,9931.511924251183,10145.580705156568,10332.46719594542,10476.887512391679,10547.121646737225,10619.103301723384,10727.477176723383,10791.943410650612,10800.0,10790.230176696825,10752.877686158807,10677.48086413811,10525.432226420504,10525.432226420504,10800.0,10800.0,10800.0,10800.0,10800.0,10800.0,10800.0,10800.0,10750.586062225058,10750.586062225058,10723.677699176107,10701.36836300341,10691.730586116992,10681.92726249692,10677.27969527943,10677.27969527943,10677.27969527943,9846.251176760912,9846.251176760912,9846.251176760912,8976.528269875189,8124.475232838152,7455.030092592593,6565.4447222222225,6565.4447222222225,6565.4447222222225,5696.84212962963,4836.295740740741,3957.960555555556,3040.459425925926,2117.5450925925925,2117.5450925925925,2117.5450925925925,1200.0,1200.0,1200.0,1200.0,1200.0,1200.0,1200.0,1200.0,1200.0,1200.0,1200.0,1934.4058060116608,1934.4058060116608,1934.4058060116608,1934.4058060116608,1934.4058060116608,1934.4058060116608,1223.5464726783275,1205.830954159809,1205.830954159809,1205.8309541598087
2025-10-08,4046.807557131416,4046.807557131416,4046.807557131416,4796.807557131417,5546.807557131417,6296.807557131417,6296.807557131417,7046.807557131417,7796.807557131417,7796.807557131417,7800.0,8550.0,8550.0,8550.0,9300.0,9300.0,9300.0,9300.0,9300.0,9300.0,9300.0,9300.0,9300.0,9300.0,9300.0,9300.0,10050.0,10050.0,10050.0,10050.0,10050.0,10050.0,10050.0,10800.0,10800.0,9891.314217317766,9946.66401485663,9099.025942018754,8337.472742078513,7632.157836514401,6950.42735503292,6351.171831313027,5824.434424277458,5375.395948143345,4999.83352511904,4552.540674491646,3987.4986004175726,3471.495043926355,3056.242160604561,2701.6388685484953,2387.532090592197,2132.6482616566996,1974.1013542492924,1872.4482871085884,1813.6610544334712,1786.745059940317,1831.9118433265721,1950.7207972436306,2083.543232243631,2217.6846079042234,2402.5068209302626,2642.6930857208536,2875.5138775795435,3079.7973789069006,3264.9120639069006,3495.7556791454263,3745.49957927532,4495.49957927532,5245.49957927532,5988.450275322469,6252.928655322468,6508.90343335569,6547.459112491229,7270.761739258028,8020.761739258028,8770.761739258029,9006.92191925803,9205.912398689487,9393.781811911409,9619.3010537161,9776.511683077424,9932.359983568042,10136.192658568041,10309.038462246945,10459.457563694337,10596.746609422382,10657.30956339678,10666.942685518372,10666.942685518372,10666.942685518372,10800.0,10800.0,10800.0,10800.0,10800.0,10800.0,10787.84607507375,10787.84607507375,10787.84607507375,10787.84607507375,10787.84607507375,10787.84607507375,10787.84607507375,10787.84607507375,10787.84607507375,10787.84607507375,10787.84607507375,10787.84607507375,10030.88483342576,9234.592491914016,8454.911330035739,8454.911330035739,8454.911330035739,7680.687070776479,6910.190255961665,6118.269885591294,5312.428107813516,5216.778240740741,4396.4375,3581.7255185185186,2775.3126296296296,1979.9144814814815,1979.9144814814815,1200.0,1200.0,1200.0,1200.0,1200.0,1200.0,1200.0,1200.0,1200.0,1932.300105,1932.300105,1932.300105,2680.9183947487063,3397.5823888691098,3397.5823888691098,2784.941370350591,2784.941370350591,2784.941370350591,2543.9260126389213,1879.3963830092916,1209.453364490773
2025-10-09,2916.1689541401815,3666.1689541401815,4416.168954140181,4416.168954140181,4416.168954140181,5166.168954140181,5166.168954140181,5166.168954140181,5916.168954140181,6666.168954140181,7416.168954140181,8166.168954140181,8166.168954140181,8166.168954140181,8166.168954140181,8916.168954140181,8916.168954140181,8916.168954140181,8916.168954140181,9666.168954140181,10416.168954140181,10800.0,10800.0,10800.0,10800.0,10800.0,10800.0,10800.0,10800.0,10800.0,10800.0,10800.0,10800.0,10800.0,10800.0,9897.464055844632,9895.873442068234,9052.574442977355,8253.948037624023,7496.696338923613,6772.369394479169,6125.118539692469,5500.9414092436855,4943.249956785031,4523.796378120063,4044.777051785777,3398.6509406746663,2816.866967771344,2379.9133375523993,2023.6556923441326,1802.4595103105112,1669.4462633975784,1583.5684485827637,1515.8016683799895,1483.4939265656405,1483.4939265656405,1566.0262881011276,1731.0038840815134,1916.7840290815134,2055.1357559795747,2172.847316632391,2337.396678727269,2527.53931354655,2719.3755522111974,2890.4103672111974,3101.297424754393,3336.677633577056,3967.6418430305075,4717.6418430305075,5116.905813103822,5551.458708103822,6301.458708103822,6275.850268557555,6946.201538980031,7696.201538980031,8446.20153898003,8798.44031398003,9123.682466443795,9399.432221305986,9658.725723843125,9916.736643234264,10140.694453728625,10359.920893728626,10539.651412155426,10679.948815543952,10777.979716682103,10800.0,10762.95115247364,10578.274510950212,10578.274510950212,10799.999997678286,10799.999997678286,10799.999997678286,10799.999997678286,10799.999997678286,10799.999997678286,10799.999997678286,10799.999997678286,10799.999997678286,10799.999997678286,10799.999997678286,10799.999997678286,10799.999997678286,10799.999997678286,10799.999997678286,10799.999997678286,10799.999997678286,10799.999997678286,10003.45941670953,9854.06387037037,9062.843666666666,9062.843666666666,8274.914037037037,7518.798592592593,6748.854518518519,5935.52488888889,5935.52488888889,5131.417611111112,4333.884277777778,3557.6368703703706,2768.597277777778,2768.597277777778,1971.9691851851853,1200.0,1200.0,1200.0,1200.0,1200.0,1200.0,1200.0,1200.0,1200.0,1200.0,1200.0,1200.0,1200.0,1200.0,1652.435048194884,1652.435048194884,1652.435048194884,1652.435048194884,1652.435048194884,1200.0,1200.0
2025-10-10,2215.3878446296294,2965.3878446296294,2965.3878446296294,2965.3878446296294,2965.3878446296294,2965.3878446296294,3715.3878446296294,4465.387844629629,3962.665289074076,3962.665289074076,3962.665289074076,3962.665289074076,3962.665289074076,4712.665289074076,4712.665289074076,4179.037418703704,3681.27260388889,4357.580834665982,5107.580834665984,5107.580834665984,4620.186349299862,5370.186349299862,6120.186349299862,5598.070053003566,5598.070053003566,5598.070053003566,5598.070053003566,5598.070053003566,5598.070053003566,5598.070053003566,5598.070053003566,5598.070053003566,5598.070053003566,5598.070053003566,5047.644201151714,4517.977636181076,4872.017429811233,4429.063766506261,4032.706439908977,3630.9965888148313,3227.366681407424,2925.7285815581486,2702.3395663542333,2535.3090741430774,2449.853029960737,2449.853029960737,2449.853029960737,2449.853029960737,2449.853029960737,2449.853029960737,2449.853029960737,2449.853029960737,2449.853029960737,2449.853029960737,2449.853029960737,2449.853029960737,2449.853029960737,2449.853029960737,2449.853029960737,2449.853029960737,2449.853029960737,2449.853029960737,2449.853029960737,2449.853029960737,2449.853029960737,2449.853029960737,2449.853029960737,2449.853029960737,2449.853029960737,2449.853029960737,2449.853029960737,2449.853029960737,10800.0,10800.0,10800.0,10800.0,10800.0,10800.0,10800.0,10800.0,10800.0,10800.0,10800.0,10800.0,10800.0,10800.0,10800.0,10800.0,10800.0,10800.0,10800.0,10800.0,10800.0,10800.0,10800.0,10800.0,10800.0,10800.0,10800.0,10800.0,10800.0,10800.0,10800.0,10800.0,10800.0,10800.0,10305.468232562329,9829.242769599367,9348.530417747515,8857.019055555555,8360.929888888888,7854.068037037036,7340.245814814814,6833.085185185185,6314.576185185185,5786.018777777777,5292.352888888889,4806.991185185185,4312.5152592592585,3841.0276666666664,3359.392185185185,2819.321814814815,2251.4376851851853,1702.038888888889,1200.0,1200.0,1200.0,1200.0,1200.0,1200.0,1200.0,1200.0,1935.31515,1935.31515,1935.31515,1935.31515,1935.31515,1935.31515,1935.31515,1449.8225574074072,1449.8225574074072,1200.000660013807,1200.000660013807,1200.000660013807
2025-10-11,1959.1458074212146,1959.1458074212146,1959.1458074212146,2709.1458074212146,3459.1458074212146,4209.145807421215,4209.145807421215,4209.145807421215,4209.145807421215,4209.145807421215,4209.145807421215,4209.145807421215,4209.145807421215,4358.494014239994,5108.494014239994,5108.494014239994,5108.494014239994,5108.494014239994,5858.494014239994,5858.494014239994,5858.494014239994,5858.494014239994,5858.494014239994,5858.494014239994,5858.494014239994,6608.494014239994,6608.494014239994,6608.494014239994,6045.797717943697,5495.979213754656,5495.979213754656,5495.979213754656,5495.979213754656,6245.979213754656,5655.728324865767,5074.854376882863,5775.20366846343,5300.864741883875,4868.556795533741,4453.360069118279,4046.9577357849457,3649.97000199138,3295.8805694382268,3031.655588622973,2839.2750798974434,2745.099489637186,2739.1345081557047,2739.1345081557047,2739.1345081557047,2739.1345081557047,2739.1345081557047,2739.1345081557047,2739.1345081557047,2739.1345081557047,2739.1345081557047,2739.1345081557047,2739.1345081557047,2739.1345081557047,2739.1345081557047,2739.1345081557047,2739.1345081557047,2739.1345081557047,2739.1345081557047,2739.1345081557047,2739.1345081557047,2739.1345081557047,2739.1345081557047,2739.1345081557047,2739.1345081557047,2739.1345081557047,2739.1345081557047,2739.1345081557047,10800.0,10800.0,10800.0,10800.0,10800.0,10800.0,10800.0,10800.0,10800.0,10800.0,10800.0,10800.0,10800.0,10800.0,10800.0,10800.0,10800.0,10800.0,10800.0,10800.0,10800.0,10800.0,10800.0,10800.0,10800.0,10800.0,10800.0,10800.0,10800.0,10800.0,10800.0,10800.0,10800.0,10800.0,10406.786142196821,9905.154327382006,9386.54018773222,8853.738335880369,8320.929150695183,7810.226891435924,7333.460224769257,6832.697095139628,6323.763391435924,5824.363391435923,5299.66605810259,4775.199076621108,4281.02129884333,3770.768465509997,3248.6952988433304,2722.3101136581454,2203.7507618062937,1703.9648358803677,1200.0000210655528,1200.0000210655528,1200.0000210655528,1200.0000210655528,1200.0000210655528,1200.0000210655528,1200.0000210655528,1938.898011065553,2664.966051065553,2664.966051065553,2664.966051065553,3400.950501065553,4139.130501065553,4875.847281065553,5598.907476065553,5598.907476065553,5598.907476065553,6324.748626065553,6324.748626065553,5643.3480890285155
2025-10-12,7463.856415185185,8213.856415185186,8213.856415185186,8963.856415185186,8963.856415185186,8963.856415185186,8963.856415185186,8963.856415185186,8963.856415185186,8963.856415185186,9713.856415185186,10050.0,10050.0,10050.0,10050.0,10050.0,10050.0,10050.0,10050.0,10050.0,10050.0,10050.0,10050.0,10050.0,10050.0,10050.0,10050.0,10050.0,10050.0,10050.0,10800.0,10800.0,10800.0,10800.0,10800.0,9874.074074074075,9912.458950219432,9057.934076862872,8253.5210564093,7504.925323748834,6815.063916341426,6530.6184078913775,6530.6184078913775,6030.561900595242,6030.561900595242,6030.561900595242,5415.942882076723,4855.041109022975,4422.481088031847,4066.8209950947657,3778.5607802814047,3546.905200712162,3390.1548303417917,3265.3165926362003,3194.2861937218154,3185.3510297825355,3185.3510297825355,3238.323793046895,3295.447453046895,3338.129520211419,3394.7332416962013,3501.512487933371,3627.95568057659,3769.703868021766,3903.2857530217666,4639.003076832612,5358.733976731702,5460.74107478715,6084.880164889064,6772.072400529146,7435.305455529146,8137.957946524126,8958.1824625866,9233.509371455919,9515.142589930667,9787.472187681156,9991.813482681157,10160.880788452823,10273.916451188259,10384.835930292182,10508.856681036854,10626.741088094095,10730.772568094095,10771.73689738819,10777.98976532437,10795.645047387343,10800.0,10800.0,10800.0,10800.0,10799.999988100917,10799.999988100917,10799.999988100917,10799.999988100917,10799.999988100917,10799.999988100917,10799.999988100917,10799.999988100917,10762.850136839454,10751.76617685585,10723.414719851438,10713.055036195241,10697.423594251575,10695.288781163908,10693.171963532908,10693.171963532908,10693.171963532908,10693.171963532908,9890.347197378967,9095.597197378967,8326.370327008597,7553.423215897486,6753.119512193783,5954.207030712301,5234.750518518518,5234.750518518518,5234.750518518518,4452.389907407407,3662.4176851851853,2839.391833333333,2007.2227777777775,2007.2227777777775,2007.2227777777775,1200.0,1200.0,1200.0,1200.0,1200.0,1200.0,1200.0,1200.0,1200.0,1932.146412451026,1932.146412451026,1932.146412451026,1296.5879865251,1296.5879865251,1296.5879865251,1296.5879865251,1296.5879865251,1296.5879865251,1296.5879865251,1202.518148703704,1202.518148703704
2025-10-13,2074.380970185185,2824.380970185185,3574.380970185185,3574.380970185185,4324.380970185185,5074.380970185185,5824.380970185185,6574.380970185185,7324.380970185185,7324.380970185185,7324.380970185185,7324.380970185185,8074.380970185185,8074.380970185185,8074.380970185185,8074.380970185185,8074.380970185185,8074.380970185185,8074.380970185185,8074.380970185185,8824.380970185186,9574.380970185186,10324.380970185186,10324.380970185186,10324.380970185186,10324.380970185186,10324.380970185186,10324.380970185186,10324.380970185186,10324.380970185186,10324.380970185186,10324.380970185186,10324.380970185186,10800.0,10800.0,9882.306415377241,9905.732613976243,9050.32794988629,8246.3024600817,7519.0420263078395,6861.882359641173,6244.309393631105,5670.21914852701,5209.853343118808,4833.707999612075,4555.0548528467225,3984.826315809685,3417.2745512039746,2934.3186961818055,2531.75107842631,2221.3180579179216,1952.261332276334,1704.3005730170744,1504.1592201908584,1363.3464780913507,1263.274162226518,1200.0000187937853,1200.0000187937853,1237.2215587937853,1298.6333949597376,1403.1493090671152,1602.1715517201383,1847.9720884265705,2122.047825423948,2397.409620423948,2693.7671561794887,3443.7671561794887,4193.767156179489,4792.314152819407,5150.6752969595655,5517.781156959565,6267.781156959565,6908.102440842514,7658.102440842514,8408.102440842515,8955.75007615955,9252.038176159549,9523.02989481348,9725.10138009013,9913.806858713751,10078.383263285568,10246.777009558891,10434.438289558891,10564.744369692786,10657.128689762738,10744.596354052082,10800.0,10800.0,10701.06174074074,10701.06174074074,10799.99999433637,10799.99999433637,10799.99999433637,10799.99999433637,10799.99999433637,10799.99999433637,10799.99999433637,10799.99999433637,10799.99999433637,10799.99999433637,10799.99999433637,10799.99999433637,10799.99999433637,10799.99999433637,10799.99999433637,10799.971642483566,10799.971642483566,10799.971642483566,10799.971642483566,10214.209166666667,9400.753018518519,8618.501944444444,8618.501944444444,8618.501944444444,8618.501944444444,7777.063055555555,6955.740518518518,6142.504185185185,5311.054185185185,4483.535074074074,3662.599944444444,2818.1851296296295,1997.8934444444444,1200.0,1200.0,1200.0,1200.0,1200.0,1200.0,1200.0,1200.0,1200.0,1935.4419899999998,1935.4419899999998,2673.750585795585,2673.750585795585,2673.750585795585,2673.750585795585,2673.750585795585,2510.0514166666662,2510.0514166666662,2510.0514166666662,1878.7328981481478,1225.3742870370368
2025-10-14,2418.071863943073,3168.071863943073,3918.071863943073,3918.071863943073,3918.071863943073,4668.0718639430725,5418.071373736903,5418.071373736903,5418.071373736903,5418.071373736903,5418.071373736903,6168.071373736903,6918.071373736903,6918.071373736903,6918.071373736903,6918.071373736903,6918.071373736903,6918.071373736903,6918.071373736903,7668.071373736903,8418.071373736904,9168.071373736904,9918.071373736904,9300.0,9300.0,10050.0,10050.0,10050.0,10050.0,10050.0,10050.0,10050.0,10050.0,10800.0,10800.0,9874.108705336292,9746.487254152362,8920.751317065326,8140.317721573131,7416.824574500006,6751.8327782037095,6125.254722186839,5517.726648580741,5227.849916469632,5216.848108803807,5197.3597169599225,4490.074346589552,3816.8328650511007,3257.2619817038353,2765.929660677533,2333.98442875257,1956.4830874710583,1652.594994878466,1397.0004046108118,1245.9392889090402,1200.0,1200.0,1239.995984362475,1350.0106643624752,1459.8851125306126,1581.5231331581285,1777.8952761275298,2009.5224079873847,2276.9459227785524,2560.8765577785525,2862.573740763239,3174.6394578996337,3486.035702305192,3852.0231175136832,4284.201611433004,4736.7543564330035,5486.7543564330035,4893.557595,5595.182894317179,6345.182894317179,7095.182894317179,7845.182894317179,8052.008774695154,8195.748320121424,8357.666638300945,8549.819620610282,8767.918729663872,9038.117164663872,9255.732561853485,9465.333372775664,9463.330223012936,9435.97861189947,9365.387986042773,9486.250846042773,10236.250846042773,10800.0,10800.0,10800.0,10800.0,10800.0,10800.0,10800.0,10800.0,10800.0,10800.0,10800.0,10800.0,10800.0,10800.0,10800.0,10800.0,10800.0,10800.0,9992.2805455354,9191.200915905769,8390.961082572436,7590.643712202065,6772.815934424288,6025.5130991027545,5225.632673176829,4419.093784287939,4419.093784287939,4419.093784287939,4419.093784287939,4419.093784287939,3632.8286361397913,2820.1915991027545,2004.8585620657173,1200.0000065101617,1200.0000065101617,1200.0000065101617,1200.0000065101617,1200.0000065101617,1200.0000065101617,1200.0000065101617,1200.0000065101617,1200.0000065101617,1200.0000065101617,1200.0000065101617,1939.5778715101617,1939.5778715101617,1939.5778715101617,1939.5778715101617,1939.5778715101617,1939.5778715101617,2668.5462515101617,2668.5462515101617,2668.5462515101617,2020.5862885471988
2025-10-15,3300.0,4050.0,4800.0,5550.0,6300.0,6300.0,6300.0,7050.0,7800.0,7800.0,7800.0,8550.0,8550.0,8550.0,8550.0,8550.0,8550.0,8550.0,8550.0,8550.0,9300.0,9300.0,9300.0,9300.0,10050.0,10050.0,10050.0,10050.0,10050.0,10050.0,10050.0,10050.0,10050.0,10800.0,10800.0,10796.489928360243,9528.832208871443,8662.072098206829,7839.6222327996,7063.014415171195,6334.592785541565,5655.3117623227035,5038.7929551619945,4811.882037396446,4811.882037396446,4811.882037396446,4150.339092952002,3509.890476480464,2986.3470121910896,2575.8673306419887,2238.593740451386,1934.7112979248782,1663.8796868137672,1440.919386992544,1293.2973007491069,1228.1754213066906,1200.0,1200.0,1267.1455350000003,1356.019257333461,1445.5829505960512,1550.9955184664354,1659.2206959009789,1758.3478169938996,1884.1605869938999,2621.1175225287466,3371.1175225287466,4121.117522528746,4871.117522528746,5621.117522528746,6371.117522528746,7121.117522528746,7804.149335851562,8544.595625683658,9294.595625683658,10044.595625683658,10485.126731318749,10584.925831562863,10656.785782572448,10735.695060982847,10780.944036664887,10794.14787,10800.0,10800.0,10782.71513594795,10687.592474463041,10571.698447129893,10402.585827611549,10118.393718764211,10800.0,10800.0,10800.0,10800.0,10800.0,10800.0,10800.0,10800.0,10800.0,10800.0,10800.0,10800.0,10800.0,10800.0,10800.0,10800.0,10800.0,10800.0,10018.954962962964,9204.238854097506,9204.238854097506,8438.27105780121,8438.27105780121,8438.27105780121,7622.81392817158,6809.992039282692,6097.958553703705,5273.962720370371,4457.673331481482,3635.0085166666668,3635.0085166666668,3635.0085166666668,2805.908516666667,1996.98335,1202.9811833333333,1202.9811833333333,1202.9811833333333,1202.9811833333333,1202.9811833333333,1202.9811833333333,1202.9811833333333,1202.9811833333333,1871.8425925925926,1871.8425925925926,1200.0,1200.0,1733.5220085561705,2477.2895085561704,2477.2895085561704,2477.2895085561704,2477.2895085561704,1856.7192878409296,1856.7192878409296,1856.7192878409296,1219.5953433964849
2025-10-16,3147.310929854537,3897.310929854537,4647.310929854537,5397.310929854537,6147.310929854537,6147.310929854537,6147.310929854537,6147.310929854537,6897.310929854537,6897.310929854537,6897.310929854537,7647.310929854537,7647.310929854537,7647.310929854537,7647.310929854537,7647.310929854537,7647.310929854537,7647.310929854537,7647.310929854537,7647.310929854537,7647.310929854537,8397.310929854537,9147.310929854537,9897.310929854537,9897.310929854537,9897.310929854537,9897.310929854537,9897.310929854537,9897.310929854537,9897.310929854537,10647.310929854537,10647.310929854537,10647.310929854537,10800.0,10800.0,9874.074074074075,9510.392730005582,8655.73771913329,7833.7320289757445,7059.000509268439,6342.035601861031,5819.278600414511,5819.278600414511,5819.278600414511,5819.278600414511,5814.177230842665,5143.1959901019245,4542.445712321412,4006.7734698650897,3453.822843549897,2934.877468273282,2503.9100875385907,2151.79084679785,1837.2099639879148,1583.8345524400784,1400.148937451313,1329.2650024450847,1329.2650024450847,1347.0705274450847,1362.8963627945548,1415.0345391944384,1496.6423650751467,1572.729827326403,1695.680465075352,1855.3247900753522,1998.5851128773932,2327.2593918569073,2965.0148064971263,3699.952644467323,4449.952644467323,5199.952644467323,5949.952644467323,6917.833448069908,7552.658625828509,8263.002069664171,9013.002069664171,9763.002069664171,9918.85828984311,10002.740726503216,10045.545162646988,10094.393839517908,10145.573060802326,10221.229160802326,10190.700764060846,10100.710574845949,10110.962586028203,9833.737038530235,9498.940168697622,9145.017853882806,9895.017853882806,10800.0,10800.0,10800.0,10800.0,10800.0,10800.0,10800.0,10800.0,10800.0,10800.0,10800.0,10800.0,10800.0,10800.0,10800.0,10800.0,10800.0,10016.596925925925,9212.291185185184,8409.611304474705,7623.974008178409,6985.4172592592595,6985.4172592592595,6176.312481481482,5361.525185185185,4520.695555555556,4520.695555555556,4520.695555555556,4520.695555555556,3714.31212962963,3714.31212962963,2882.1658333333335,2038.310351851852,1200.0,1200.0,1200.0,1200.0,1200.0,1200.0,1200.0,1200.0,1940.801961912222,1940.801961912222,1940.801961912222,1940.801961912222,1940.801961912222,1940.801961912222,1940.801961912222,1940.801961912222,1940.801961912222,1775.655537037037,1200.0,1200.0,1200.0
2025-10-17,1684.267225279739,1684.267225279739,1684.267225279739,2434.2672252797393,3184.2672252797393,3184.2672252797393,3184.2672252797393,3184.2672252797393,3184.2672252797393,3184.2672252797393,3184.2672252797393,3184.2672252797393,3934.2672252797393,3934.2672252797393,3934.2672252797393,3934.2672252797393,3934.2672252797393,4376.86760608889,5126.86760608889,5876.86760608889,5876.86760608889,5876.86760608889,5876.86760608889,5876.86760608889,5876.86760608889,5876.86760608889,5876.86760608889,5309.569902385187,4786.743976459261,4786.743976459261,4786.743976459261,4786.743976459261,4786.743976459261,5536.743976459261,4987.4569394222235,4471.097271542738,5157.153475868466,4662.695796976891,4241.000759111552,3851.262480092332,3425.916683796036,3011.727601505126,2661.98780575781,2430.7022781486635,2302.7303383969775,2243.3627187898046,2243.3627187898046,2243.3627187898046,2243.3627187898046,2243.3627187898046,2243.3627187898046,2243.3627187898046,2243.3627187898046,2243.3627187898046,2243.3627187898046,2243.3627187898046,2243.3627187898046,2243.3627187898046,2243.3627187898046,2243.3627187898046,2243.3627187898046,2243.3627187898046,2243.3627187898046,2243.3627187898046,2243.3627187898046,2243.3627187898046,2243.3627187898046,2243.3627187898046,2243.3627187898046,2243.3627187898046,2243.3627187898046,2818.8730344649107,10800.0,10800.0,10800.0,10800.0,10800.0,10800.0,10800.0,10800.0,10800.0,10800.0,10800.0,10800.0,10800.0,10800.0,10800.0,10800.0,10800.0,10800.0,10800.0,10800.0,10800.0,10800.0,10800.0,10800.0,10800.0,10800.0,10704.439056834088,10619.254833933972,10613.939669556954,10613.939669556954,10599.906250799808,10588.567252994111,10588.567252994111,10588.567252994111,10384.437537037034,9881.501685185183,9363.675777777777,8858.822074074073,8364.464925925924,7876.088037037036,7369.736185185185,6870.935962962963,6353.368444444444,5814.985111111111,5302.674851851852,4827.616962962963,4342.722518518519,3831.9246296296296,3324.0717777777777,2805.7532592592593,2282.025037037037,1742.0018518518518,1200.0,1200.0,1200.0,1200.0,1200.0,1200.0,1200.0,1942.845015,2208.68324440107,1687.3869481047736,1210.8608026845611,1210.8608026845611,1210.8608026845611,1210.8608026845611,1951.2515026845613,1951.2515026845613,1491.3717619438205,1491.3717619438205,1491.3717619438205,1236.4363174993762
2025-10-18,2035.9511420514475,2035.9511420514475,2785.9511420514473,3535.9511420514473,4285.951142051447,5035.951142051447,5035.951142051447,5035.951142051447,5035.951142051447,5035.951142051447,5035.951142051447,5035.951142051447,5035.951142051447,5035.951142051447,4523.155088769583,4024.3351072881014,4024.3351072881014,4024.3351072881014,4024.3351072881014,4024.3351072881014,4774.335107288101,4894.7453284261355,4894.7453284261355,4894.7453284261355,4894.7453284261355,4894.7453284261355,4894.7453284261355,4894.7453284261355,4894.7453284261355,5644.745328426135,5644.745328426135,5644.745328426135,5644.745328426135,5644.745328426135,5094.043476574283,4567.878511476618,4815.234574559581,4341.635384774505,3906.513139424601,3485.2179685296483,3045.5619685296483,2669.4995560102793,2386.54224947077,2170.1756432357092,2026.7409831764985,1960.5870474740273,1960.5870474740273,1960.5870474740273,1960.5870474740273,1960.5870474740273,1960.5870474740273,1960.5870474740273,1960.5870474740273,1960.5870474740273,1960.5870474740273,1960.5870474740273,1960.5870474740273,1960.5870474740273,1960.5870474740273,1960.5870474740273,1960.5870474740273,2306.29505621628,2756.54138756071,3217.0920129077163,3656.7930429077164,4066.439257584384,4500.748507999989,4887.652303038155,5349.312916769042,5787.773509371043,6236.306404371043,6711.168135858703,10800.0,10800.0,10800.0,10800.0,10800.0,10800.0,10800.0,10800.0,10800.0,10800.0,10800.0,10800.0,10800.0,10800.0,10800.0,10800.0,10800.0,10800.0,10800.0,10800.0,10800.0,10800.0,10800.0,10800.0,10800.0,10800.0,10800.0,10800.0,10800.0,10800.0,10800.0,10800.0,10800.0,10800.0,10653.841404687446,10148.16986765041,9635.393055081247,9112.102307515772,8612.189930305653,8104.426504379727,7560.506134009356,7011.697578453801,6466.833430305653,5921.007504379727,5402.862819194542,4885.798745120468,4344.632078453801,3797.2895784538014,3250.309337713061,2693.4297080834313,2183.5409673426902,1699.4389117871347,1200.0000228982458,1200.0000228982458,1200.0000228982458,1200.0000228982458,1200.0000228982458,1200.0000228982458,1200.0000228982458,1942.8450378982457,2680.343497898246,2680.343497898246,2680.343497898246,2680.343497898246,2680.343497898246,3416.4544278982457,4161.317227898246,4901.756227898245,5637.087592898245,5637.087592898245,5637.087592898245,5002.510592898245
2025-10-19,6457.716564872628,6457.716564872628,7207.716564872628,7207.716564872628,7207.716564872628,7957.716564872628,7957.716564872628,8707.716564872628,9457.716564872628,9457.716564872628,9457.716564872628,9457.716564872628,9457.716564872628,9457.716564872628,9457.716564872628,9457.716564872628,9457.716564872628,10050.0,10050.0,10050.0,10050.0,10050.0,10050.0,10050.0,10050.0,10050.0,10050.0,10050.0,10050.0,10050.0,10050.0,10050.0,10050.0,10800.0,10800.0,9874.074074074075,9555.129031481483,8705.180346929921,7884.966507229288,7111.1552917252475,6402.948439873396,5842.961045841652,5842.961045841652,5842.961045841652,5842.961045841652,5842.961045841652,5179.094471767578,4559.54236286724,4065.4876740597324,3628.347228891756,3254.6901398150035,2931.0242651896697,2639.1450059304107,2401.7252568995073,2245.5752001492433,2139.894521296549,2110.5794791695753,2110.5794791695753,2117.6561491695757,2122.455454770041,2171.2751792295844,2279.4761374626128,2437.131358527786,2630.989908535283,2808.4588085352825,3503.9016342294635,4203.989105280818,4892.60562918391,5642.60562918391,6387.794812043637,7137.794812043637,7887.794812043637,7738.799017600315,8425.033246177676,9156.427814300414,9906.427814300414,10101.219584300414,10279.553157457243,10402.103542595578,10498.049500902274,10583.146506242536,10636.967388171497,10654.146693171497,10632.027081475928,10520.826044748253,10330.73077851601,10084.195003851773,9772.897331679858,9772.897331679858,10522.897331679858,10799.999994407412,10799.999994407412,10799.999994407412,10799.999994407412,10799.999994407412,10799.999994407412,10799.999994407412,10799.999994407412,10799.999994407412,10799.999994407412,10799.999994407412,10799.999994407412,10799.999994407412,10799.999994407412,10799.999994407412,10799.999994407412,10799.999994407412,10799.999994407412,9954.968494407412,9170.27775366667,8395.521624037041,8395.521624037041,8395.521624037041,7559.784772185189,6726.095679592596,6726.095679592596,5913.267272185189,5088.555438851856,4237.212846259264,3388.260235148153,3388.260235148153,2757.141611111111,1982.986851851852,1200.0,1200.0,1200.0,1200.0,1200.0,1200.0,1200.0,1200.0,1200.0,1200.0,1945.0612022237447,2689.4604872237446,2689.4604872237446,2689.4604872237446,2689.4604872237446,2689.4604872237446,2689.4604872237446,2689.4604872237446,2689.4604872237446,2031.091968705226,1373.788116853374
2025-10-20,2600.6382709629597,3350.6382709629597,3350.6382709629597,3350.6382709629597,3350.6382709629597,3350.6382709629597,4100.63827096296,4850.63827096296,4850.63827096296,4850.63827096296,4850.63827096296,4850.63827096296,5600.63827096296,5600.63827096296,5600.63827096296,5600.63827096296,6350.63827096296,7100.63827096296,7100.63827096296,7100.63827096296,7850.63827096296,8600.63827096296,9350.63827096296,9350.63827096296,9350.63827096296,9350.63827096296,9350.63827096296,9350.63827096296,9350.63827096296,9350.63827096296,9350.63827096296,10050.0,10050.0,10800.0,10800.0,9883.081577646897,9795.67411522971,8912.225809485268,8070.269055791669,7301.93748940939,6583.899748668649,6583.899748668649,6583.899748668649,6583.899748668649,6583.899748668649,6914.719882184394,6194.594338160464,5536.631462194072,4952.39735856199,4391.5746068518665,3896.553985915436,3466.1111738654636,3064.473859050649,2697.2696674932376,2371.830340024252,2071.1910919838683,1847.484483470303,1685.7831359571198,1685.7831359571198,1685.7831359571198,1685.7831359571198,1685.7831359571198,1741.4946427772388,1837.9657521490462,2155.262883292028,2884.4482933709514,3579.3348677488225,4260.683026319765,4922.894738705299,5544.139228803542,6177.394663803542,6826.385547717245,7495.783019138094,8176.869150374222,8849.674901839262,9523.793085859927,10228.159995859927,10379.72899201668,10494.454568937148,10556.65390706215,10613.350639186152,10650.943033738993,10650.943033738993,10619.351328176683,10547.113288409384,10442.449712334637,10260.143526885699,9998.576104441872,9702.589456293725,9702.589456293725,10799.999994554126,10799.999994554126,10799.999994554126,10799.999994554126,10799.999994554126,10799.999994554126,10799.999994554126,10799.999994554126,10799.999994554126,10799.999994554126,10799.999994554126,10799.999994554126,10799.999994554126,10799.999994554126,10799.999994554126,10799.999994554126,10799.999994554126,10032.471476035607,9239.222550109682,8444.0889656955,8444.0889656955,8444.0889656955,7864.936055555555,7864.936055555555,7864.936055555555,6997.673092592592,6145.350074074074,5298.238129629629,4451.8566481481475,3627.500722222222,2814.2740185185185,2814.2740185185185,1994.4238518518519,1200.0,1200.0,1200.0,1200.0,1200.0,1200.0,1200.0,1200.0,1200.0,1200.0,1200.0,1200.0,1200.0,1200.0,1200.0,1200.0,1200.0,1200.0,1200.0,1200.0,1200.0
2025-10-21,2360.6093564202206,2360.6093564202206,2360.6093564202206,3110.6093564202206,3860.6093564202206,3860.6093564202206,3860.6093564202206,3860.6093564202206,4610.60935642022,4610.60935642022,4610.60935642022,4610.60935642022,5360.60935642022,6110.60935642022,6300.0,7050.0,7800.0,7800.0,7800.0,7800.0,7800.0,8550.0,8550.0,8550.0,9300.0,10050.0,10050.0,10050.0,10050.0,10050.0,10050.0,10050.0,10050.0,10800.0,10800.0,9877.255231847432,9844.596296296297,8927.060657352784,8063.979509218589,7265.171673066939,7265.171673066939,7038.500463359457,7038.500463359457,7038.500463359457,7038.500463359457,7038.500463359457,6352.305833729828,5701.797886867292,5128.564979703394,4579.8361786319,4120.484653119353,3741.207518833283,3399.263870685135,3092.567483157717,2862.0234184492833,2639.441729274835,2482.91577824741,2367.179476061445,2291.523624209593,2248.5843506796714,2248.5843506796714,2249.9886854839456,2258.487865550903,2294.5488732808194,2328.774388280819,2917.7481673604066,3526.309558030061,4182.116115357291,4870.343465744303,5561.646740421896,6282.227450421896,7032.227450421896,7409.762912977238,8154.060228902992,8893.790472616909,9643.790472616909,10393.790472616909,10442.036754078526,10465.035220790422,10465.035220790422,10408.709525547294,10360.172305441793,10290.084009145496,10184.699292549732,10055.250574757256,9925.800674392913,9734.016839512433,9487.309335720724,9487.309335720724,10050.0,10799.99999446219,10799.99999446219,10799.99999446219,10799.99999446219,10799.99999446219,10799.99999446219,10799.99999446219,10799.99999446219,10799.99999446219,10799.99999446219,10799.99999446219,10799.99999446219,10799.99999446219,10799.99999446219,10799.175444662775,10799.175444662775,10799.175444662775,10799.175444662775,10799.175444662775,10799.175444662775,10203.137333333334,9391.728407407409,8562.822851851854,7695.189685185186,6858.1168703703715,6087.146500000001,6087.146500000001,5256.607481481482,4417.818592592593,3604.2100555555553,3604.2100555555553,2773.878574074074,1973.8178888888892,1200.0,1200.0,1200.0,1200.0,1200.0,1200.0,1200.0,1200.0,1200.0,1940.74638,1940.74638,1334.3994725925927,1334.3994725925927,1887.2035651851859,1887.2035651851859,1887.2035651851859,1887.2035651851859,1213.6806207407412,1213.6806207407412,1213.6806207407412,1213.6806207407412
2025-10-22,1902.274506818708,1902.274506818708,2652.274506818708,3239.7870370370374,3239.7870370370374,3239.7870370370374,3239.7870370370374,3239.7870370370374,3989.7870370370374,4739.787037037037,5489.787037037037,6239.787037037037,6239.787037037037,6239.787037037037,5543.429314814815,5543.429314814815,6293.429314814815,6293.429314814815,6293.429314814815,6293.429314814815,7043.429314814815,7793.429314814815,7793.429314814815,8543.429314814815,8543.429314814815,8543.429314814815,8543.429314814815,7800.0,7800.0,8550.0,9300.0,10050.0,10050.0,10800.0,10800.0,9889.232825094003,9892.533561318915,8990.540430419573,8119.137448197813,7304.25108050989,7304.25108050989,7304.25108050989,6646.408554197454,6646.408554197454,6646.408554197454,7396.408554197454,6655.655091234491,5950.131060404507,5345.556024411691,4771.346248779623,4255.388674427509,3790.0380679982145,3353.0887531833996,2974.18540870394,2611.536732495677,2244.7757681345183,1991.316231062524,1843.481713933316,1803.3824361555387,1689.36980117442,1658.5662065019064,1697.9103129505284,1782.9126640301636,1907.6883508276992,2012.1134758276987,2647.4672203184887,3267.2923789881334,3900.6977741033124,4481.952429427175,5038.699561686086,5645.132641686086,6291.097430389231,6793.5366227440645,7543.5366227440645,8293.536622744065,9043.536622744065,9652.391663871253,9806.212354846122,9904.371497010101,9970.742031310117,10069.117165026035,10158.312946307698,10198.202506307698,10197.291955485089,10173.749858642303,10164.226211102738,10076.578646169693,9901.791361878002,9711.147361878002,9923.595431854494,10799.999994988942,10799.999994988942,10799.999994988942,10799.999994988942,10799.999994988942,10799.999994988942,10799.999994988942,10799.999994988942,10799.999994988942,10788.625582412522,10788.625582412522,10788.625582412522,10788.625582412522,10785.374734346675,10785.374734346675,10785.374734346675,10785.374734346675,10785.374734346675,9980.043771383713,9203.625001784345,9203.625001784345,9203.625001784345,8375.097224006568,7651.164444444445,6850.489685185185,6023.0545,5198.614796296297,4386.761611111112,4386.761611111112,4386.761611111112,3585.934870370371,2788.09412962963,1994.9527592592594,1200.0,1200.0,1200.0,1200.0,1200.0,1200.0,1200.0,1200.0,1200.0,1200.0,1200.0,1200.0,1947.2800049999998,2691.266505,2691.266505,2691.266505,2039.8942827777778,1422.8357642592591,1227.299967962963,1227.299967962963,1227.299967962963
2025-10-23,2278.829803956397,3028.829803956397,3778.829803956397,3778.829803956397,3778.829803956397,4528.829803956397,4528.829803956397,4528.829803956397,4528.829803956397,4528.829803956397,4528.829803956397,5278.829803956397,6028.829803956397,6028.829803956397,6028.829803956397,6028.829803956397,6778.829803956397,7528.829803956397,7528.829803956397,7528.829803956397,8278.829803956396,8278.829803956396,8278.829803956396,9028.829803956396,9028.829803956396,9028.829803956396,9028.829803956396,9028.829803956396,9300.0,9300.0,9300.0,9300.0,10050.0,10800.0,10800.0,9874.461672519428,9883.048833464927,8977.172550394263,8146.312717646591,7356.643595890571,6564.1351144090895,6564.1351144090895,5861.747223538494,5808.795498340852,5808.795498340852,5808.795498340852,5053.204146489,4384.166937368717,3802.778353622735,3236.841798555708,2733.702349256002,2298.8634671294867,1915.0950782405978,1602.541330596794,1383.0510528663854,1232.1603713521413,1200.0,1213.6687879902981,1292.2718029902983,1418.0948786023891,1574.0877002802044,1779.5515610434052,2027.5309288405595,2282.826063698003,2495.376708698003,3245.376708698003,3995.376708698003,4745.376708698002,5017.9963227162025,5767.9963227162025,6517.9963227162025,7267.9963227162025,7411.173706103695,8161.173706103695,8911.173706103695,9661.173706103695,10411.173706103695,10510.332086771265,10563.769482212701,10596.976957565681,10638.97478993909,10657.876953582216,10657.876953582216,10657.876953582216,10552.565491753312,10425.868571195346,10284.15346659156,10088.920783019727,10088.920783019727,10800.0,10800.0,10800.0,10800.0,10800.0,10800.0,10800.0,10771.218950729673,10714.995864808287,10714.995864808287,10686.055679992027,10683.318912640418,10676.838969491755,10673.982703703705,10673.982703703705,10673.982703703705,10673.982703703705,10673.982703703705,9883.50551851852,9061.543074074076,9061.543074074076,9061.543074074076,9061.543074074076,8230.004185185187,7427.5714259259275,6623.77064814815,5779.45027777778,4947.127759259261,4121.469425925928,3281.42127777778,2462.265888888891,2462.265888888891,2462.265888888891,2035.1005925925926,1200.0,1200.0,1200.0,1200.0,1200.0,1200.0,1200.0,1200.0,1200.0,1940.4251700000002,2682.0521099067396,2682.0521099067396,2050.4576469437766,1422.150239536369,1422.150239536369,1422.150239536369,1422.150239536369,1422.150239536369,1200.0,1200.0,1200.0
2025-10-24,2617.398486030519,3367.398486030519,4117.398486030519,4867.39848603052,4867.39848603052,4867.39848603052,4867.39848603052,4867.39848603052,4867.39848603052,4357.182819363853,3874.9643008453345,3874.9643008453345,4624.964300845335,5374.964300845335,5374.964300845335,5374.964300845335,5374.964300845335,5374.964300845335,6124.964300845335,6124.964300845335,6124.964300845335,6124.964300845335,6124.964300845335,6124.964300845335,6124.964300845335,6874.964300845335,6874.964300845335,6874.964300845335,6874.964300845335,6874.964300845335,6359.1688200760245,5843.8151163723205,5843.8151163723205,6425.8214128251875,5906.739931343706,5395.569169855499,5756.266274277859,5237.688113575401,4742.733219488217,4270.8745864404245,3823.761345699684,3430.2906925437087,3096.59088292069,2814.955889864769,2617.5012445230136,2471.0004777945555,2381.500866683444,2376.7577956156974,2376.7577956156974,2376.7577956156974,2376.7577956156974,2376.7577956156974,2376.7577956156974,2376.7577956156974,2376.7577956156974,2376.7577956156974,2376.7577956156974,2376.7577956156974,2376.7577956156974,2376.7577956156974,2376.7577956156974,2376.7577956156974,2376.7577956156974,2376.7577956156974,2376.7577956156974,2376.7577956156974,2376.7577956156974,2376.7577956156974,2376.7577956156974,2849.158975397023,3433.430605397023,4000.245871205456,10800.0,10800.0,10800.0,10800.0,10800.0,10800.0,10800.0,10800.0,10800.0,10800.0,10800.0,10800.0,10800.0,10800.0,10800.0,10800.0,10800.0,10800.0,10800.0,10800.0,10800.0,10759.871051604941,10745.995201077589,10739.292214043022,10739.058878845402,10739.058878845402,10738.828708431425,10731.90462928986,10731.90462928986,10731.90462928986,10731.90462928986,10731.90462928986,10731.90462928986,10731.90462928986,10524.870000000003,10013.824611111113,9510.281907407409,9042.857833333335,8508.435574074076,7968.401481481483,7473.410740740742,6939.151370370371,6386.592166666667,5860.597722222223,5369.887222222223,4861.376666666667,4324.874814814815,3813.8130370370372,3332.6415925925926,2826.058259259259,2275.031037037037,1723.2,1200.0,1200.0,1200.0,1200.0,1200.0,1200.0,1200.0,1200.0,1933.4605712386283,1933.4605712386283,1933.4605712386283,1452.036311979369,1201.7719416089992,1201.7719416089992,1201.7719416089992,1201.7719416089992,1201.7719416089992,1201.7719416089992,1201.7719416089992,1201.771941608999
2025-10-25,2393.2725082365796,3143.2725082365796,3143.2725082365796,3143.2725082365796,3143.2725082365796,3893.2725082365796,4643.27250823658,5393.27250823658,5393.27250823658,5393.27250823658,5393.27250823658,5393.27250823658,5393.27250823658,5393.27250823658,6143.27250823658,6893.27250823658,6893.27250823658,6391.931841569913,6391.931841569913,6391.931841569913,6391.931841569913,6391.931841569913,5988.146136013195,5988.146136013195,5988.146136013195,5988.146136013195,5988.146136013195,5988.146136013195,5988.146136013195,5465.659506383566,5465.659506383566,5465.659506383566,5465.659506383566,6215.659506383566,5686.085432309492,5181.495387817789,5765.849164328285,5243.780784691287,4793.988179963336,4370.6404225402,3925.9478855031634,3535.3419668879214,3223.146453356733,2949.6741864209503,2772.4262627823214,2637.5184161752763,2551.542323582684,2548.0753056420403,2548.0753056420403,2548.0753056420403,2548.0753056420403,2548.0753056420403,2548.0753056420403,2548.0753056420403,2548.0753056420403,2548.0753056420403,2548.0753056420403,2548.0753056420403,2548.0753056420403,2548.0753056420403,2548.0753056420403,2548.0753056420403,2548.0753056420403,2548.0753056420403,2548.0753056420403,2548.0753056420403,2548.0753056420403,2548.0753056420403,2548.0753056420403,2640.226580416369,3239.825225416369,3823.834501101222,10800.0,10800.0,10800.0,10800.0,10800.0,10800.0,10800.0,10800.0,10800.0,10800.0,10800.0,10800.0,10800.0,10800.0,10800.0,10800.0,10800.0,10800.0,10800.0,10800.0,10800.0,10800.0,10800.0,10800.0,10800.0,10800.0,10786.551196373972,10758.631032182175,10752.696856419823,10746.04090199733,10739.041771229895,10736.213255786251,10736.213255786251,10736.213255786251,10736.213255786251,10245.86379282329,9743.92803356403,9243.98914467514,8761.921718749214,8275.491626156621,7761.447181712177,7241.074866897362,6739.348126156621,6231.885163193659,5704.263255786251,5174.527126156621,4671.477126156621,4168.892366897362,3650.2312743047696,3140.836829860325,2661.4524224529177,2168.2792743047694,1631.0977928232878,1631.0977928232878,1631.0977928232878,1631.0977928232878,1631.0977928232878,1200.000183947864,1200.000183947864,1934.8732539478638,2680.878543947864,3422.1035439478637,3422.1035439478637,4159.397831823568,4906.3078318235675,5654.007206823568,6402.543866823567,7141.458866823567,7141.458866823567,7141.458866823567,7141.458866823567,6517.704514971715
2025-10-26,7363.629089999999,7363.629089999999,7363.629089999999,7363.629089999999,7800.0,8550.0,8550.0,8550.0,8550.0,8550.0,8550.0,8550.0,8550.0,8550.0,8550.0,8550.0,9300.0,10050.0,10050.0,10050.0,10800.0,10800.0,10800.0,10800.0,10800.0,10800.0,10800.0,10800.0,10800.0,10800.0,10800.0,10800.0,10800.0,10800.0,10800.0,9875.515478078565,9811.7922747516,8885.866348825675,7996.458718905883,7194.479794150585,6437.975757113548,6039.696535592674,6039.696535592674,5424.76801302325,5424.76801302325,5424.76801302325,4711.400401912139,4036.0224232935693,3467.706116583917,2981.0856038899824,2560.8582609324576,2177.9632936292705,1842.4895158514928,1614.4887090877246,1451.776561944913,1277.0604084261809,1207.9215624651627,1200.0000169821456,1200.0000169821456,1242.0276579437493,1312.2886616136116,1438.255762374218,1602.3496626168408,1772.585088555054,1958.9025185550543,2708.9025185550545,3458.9025185550545,4208.9025185550545,4958.9025185550545,5708.9025185550545,6458.9025185550545,7208.9025185550545,7036.113589739905,7786.113589739905,8536.113589739905,9286.113589739905,10036.113589739905,10085.788124636345,10148.012321918213,10205.17999537348,10229.682132198484,10229.682132198484,10229.682132198484,10118.624625685025,9987.351369381693,9843.481761106135,9697.309279959005,9498.518242375298,9233.235853486409,9235.868248680254,10799.99999377268,10799.99999377268,10799.99999377268,10799.99999377268,10799.99999377268,10791.48560928237,10791.48560928237,10784.211535814713,10759.379881670971,10727.437610913159,10723.75992638454,10723.75992638454,10723.144726687206,10723.144726687206,10723.144726687206,10723.144726687206,10723.144726687206,10723.144726687206,9860.668745205723,9048.092819279796,8236.411189650167,7423.800578539056,6607.319097057574,5742.274356316833,4898.803800761278,4898.803800761278,4898.803800761278,4898.803800761278,4050.588985946463,3209.6605044649814,2387.425319279796,2387.425319279796,2022.0496851851851,1200.0,1200.0,1200.0,1200.0,1200.0,1200.0,1200.0,1200.0,1200.0,1941.8651250000003,1941.8651250000003,1323.5711250000004,1323.5711250000004,2067.0266250000004,2067.0266250000004,2067.0266250000004,2067.0266250000004,1875.023625,1875.023625,1875.023625,1210.2861435185187
2025-10-27,2854.681544536574,3604.681544536574,3604.681544536574,3604.681544536574,3604.681544536574,3604.681544536574,4354.681544536574,5104.681544536574,5854.681544536574,5854.681544536574,5854.681544536574,5854.681544536574,5854.681544536574,5854.681544536574,5854.681544536574,5854.681544536574,5854.681544536574,6604.681544536574,6604.681544536574,6604.681544536574,7354.681544536574,7800.0,7800.0,7800.0,8550.0,9300.0,9300.0,9300.0,9300.0,9300.0,10050.0,10800.0,10800.0,10800.0,10800.0,10800.0,9687.196600071378,8772.071335619903,7912.337654000418,7118.759701055878,6371.572256611434,6066.379771661516,6072.122991136161,6095.630723420452,6126.927511381435,6165.523647321412,5406.69192509919,4748.6571992326135,4214.48563904209,3698.3083228273854,3225.894069851368,2852.400908824397,2563.831038454027,2324.0277361701123,2111.2746675503263,1923.2603084200193,1793.630117988503,1696.340491016678,1663.8708243500114,1663.8708243500114,1671.181585143049,1694.0627731577265,1799.5058003215395,1909.5079231570405,1985.1184831570404,2550.0,3300.0,4050.0,4800.0,5550.0,6300.0,7050.0,8835.345451876387,9125.279572152378,9809.263108898871,10479.721470748902,10649.640195748902,10732.675370875288,10783.212834857108,10786.416589687187,10800.0,10800.0,10757.44301851852,10690.493918129881,10690.493918129881,10513.74591561742,10255.440048173898,9929.398894405513,9929.398894405513,10679.398894405513,10800.0,10800.0,10800.0,10800.0,10800.0,10794.659432024762,10778.568057405524,10759.23976378031,10734.937642436076,10704.95215905369,10704.95215905369,10704.95215905369,10704.95215905369,10702.826833333336,10702.826833333336,10702.826833333336,10702.826833333336,9947.529981481484,9148.590240740743,8639.80627777778,8639.80627777778,8639.80627777778,8639.80627777778,8639.80627777778,7796.402796296297,6978.428722222223,6978.428722222223,6144.709148148148,5339.29062962963,4508.73137037037,3660.4341111111107,2830.7896666666666,2007.3905370370371,1200.0,1200.0,1200.0,1200.0,1200.0,1200.0,1200.0,1200.0,1933.0009602467512,2671.6181652467512,2671.6181652467512,2671.6181652467512,2671.6181652467512,2671.6181652467512,2671.6181652467512,2671.6181652467512,2671.6181652467512,2671.6181652467512,2671.6181652467512,2671.6181652467512,2671.6181652467517
2025-10-28,4305.768532037034,4800.0,4800.0,4800.0,4800.0,5550.0,6300.0,7050.0,7050.0,7050.0,7050.0,7800.0,8550.0,8550.0,8550.0,8550.0,8550.0,8550.0,8550.0,9300.0,9300.0,9300.0,9300.0,10050.0,10050.0,10050.0,10050.0,10050.0,10050.0,10050.0,10800.0,10800.0,10800.0,10800.0,10800.0,9889.861676190074,9904.57536039698,9901.582810732985,9029.507201954362,8276.901640886623,8283.273250886623,8283.273250886623,8283.273250886623,8294.824586455245,7787.143597587473,7815.549713461222,7853.7354084612225,7126.436646179429,6483.099500485386,5868.447572465325,5300.378588989151,4834.686108474068,4469.459682548141,4124.446018277832,3842.151262315303,3681.1278874266777,3596.154636904343,3552.9559432916494,3552.9559432916494,3589.875974841123,3644.939651916068,3719.904051242054,3835.7502203829654,3961.0532874839,4082.2321974839,4748.271197454131,5472.919466888425,6161.83682046473,6782.330764014586,7082.385352887793,7691.197012887793,8236.010948804875,8592.890525673538,9257.17734,10007.17734,10757.17734,10800.0,10800.0,10800.0,10800.0,10800.0,10781.634523441837,10758.220412330726,10715.771750960816,10597.419641030881,10426.568398660109,10247.917943705708,10019.234238918096,9711.135089394822,10049.99992236808,10799.999980061246,10799.999980061246,10799.999980061246,10799.999980061246,10799.999980061246,10786.747637044236,10786.747637044236,10786.747637044236,10753.1825183998,10721.720314695413,10716.840727631701,10716.840727631701,10716.840727631701,10715.309111111115,10715.309111111115,10715.309111111115,10715.309111111115,9933.441888888892,9120.244703703707,8339.059518518521,8339.059518518521,7548.335537037039,6737.083685185187,6737.083685185187,5931.4530555555575,5248.56088888889,5248.56088888889,4439.946796296297,3637.4764259259264,3637.4764259259264,2816.0914074074076,2017.7080740740741,2017.7080740740741,1200.0,1200.0,1200.0,1200.0,1200.0,1200.0,1200.0,1200.0,1200.0,1200.0,1200.0,1200.0,1200.0,1200.0,1200.0,1200.0,1200.0,1200.0,1200.0,1200.0,1200.0
2025-10-29,2731.0021099999994,2731.0021099999994,3481.0021099999994,4231.002109999999,4231.002109999999,4231.002109999999,4231.002109999999,4231.002109999999,4231.002109999999,4231.002109999999,4231.002109999999,4981.002109999999,5731.002109999999,5731.002109999999,5731.002109999999,5731.002109999999,5731.002109999999,6300.0,7050.0,7800.0,7800.0,7800.0,7800.0,7800.0,7800.0,7800.0,7800.0,8550.0,9300.0,9300.0,9300.0,9300.0,10050.0,10800.0,10800.0,9874.074074074075,9911.435816467963,9037.952684092359,8183.845146768186,7889.526974939843,7889.526974939843,7889.526974939843,7889.526974939843,7889.526974939843,7889.526974939843,7889.526974939843,7110.477586050954,6354.422526915793,5715.686500612467,5123.298806064401,4565.158030436812,4061.3327219515195,3610.548240470038,3201.1755265502607,2829.947421536626,2497.3937451979823,2188.6770351067044,1901.5217238220644,1667.9010756739162,1463.8515962803615,1300.680250714321,1206.8591024640994,1200.0,1200.0,1200.0,1874.0081791946695,2589.4496608683467,3339.4496608683467,4089.4496608683467,4839.449660868347,5589.449660868347,6273.589161107097,6905.963365068554,7655.963365068554,8405.963365068554,9155.963365068554,9905.963365068554,9951.110563264618,9984.993991149206,9985.210644647663,9985.210644647663,9917.927661710413,9784.531106154858,9639.932215904259,9483.209271634307,9336.357795089369,9128.793164269013,8857.827791308577,8857.827791308577,9607.827791308577,10799.999994807169,10799.999994807169,10799.999994807169,10799.999994807169,10799.999994807169,10777.224356332692,10770.96997196335,10767.908942338683,10757.186192622321,10742.646023782041,10742.646023782041,10742.646023782041,10742.646023782041,10742.646023782041,10742.646023782041,10742.646023782041,10742.646023782041,10742.646023782041,9883.30254230056,9061.606246004263,9061.606246004263,8240.277116374633,7439.949338596855,7439.949338596855,7439.949338596855,6582.308597856115,6582.308597856115,5769.239764522781,4971.117542300559,4182.062005263522,3389.6415793375963,2592.7545423005595,2028.7581851851853,1200.0,1200.0,1200.0,1200.0,1200.0,1200.0,1200.0,1200.0,1200.0,1940.62713,2677.901031862544,2677.901031862544,2677.901031862544,2677.901031862544,2677.901031862544,2677.901031862544,2677.901031862544,2677.901031862544,2677.901031862544,2677.901031862544,2677.901031862544
2025-10-30,3282.616506958696,4032.616506958696,4032.616506958696,4782.616506958696,5532.616506958696,6282.616506958696,7032.616506958696,7032.616506958696,7032.616506958696,7032.616506958696,7032.616506958696,7032.616506958696,7032.616506958696,7032.616506958696,7032.616506958696,7032.616506958696,7782.616506958696,8532.616506958697,8532.616506958697,8532.616506958697,8532.616506958697,8532.616506958697,8532.616506958697,8532.616506958697,8532.616506958697,8532.616506958697,8532.616506958697,8550.0,8550.0,8550.0,8550.0,9300.0,10050.0,10800.0,10800.0,10192.779183107998,9874.074074074075,8949.65567200051,8065.715191253441,7222.747544249129,6434.323562767647,6434.323562767647,6434.323562767647,6434.323562767647,6434.323562767647,6434.323562767647,6040.598864027727,5313.200612881421,4714.238507438656,4185.078150787814,3709.4734036133655,3315.7257251345172,3006.7411695789615,2769.850311971265,2590.8121055282745,2482.115598889201,2457.6001108454443,2457.6001108454443,2505.7811308454447,2611.530388892471,2755.3099876169154,2944.8710768129968,3161.0299681031397,3374.163416429854,3568.998146429854,4258.720333071854,4947.463264202729,5633.110370703333,6331.535961592083,7049.9897789531515,7739.349443953151,8313.694502870745,8264.650386405496,8607.834879095362,9357.834879095362,10107.834879095362,10317.329514095361,10488.686619668451,10623.572123826087,10735.350724420772,10800.0,10800.0,10800.0,10760.784487211697,10681.861614454745,10539.721523821925,10331.701036937999,10070.525397505233,9763.103953060789,9763.103953060789,10642.364771700557,10710.05830860128,10710.05830860128,10710.05830860128,10710.05830860128,10710.05830860128,10710.05830860128,10710.05830860128,10710.05830860128,10700.421446397264,10700.421446397264,10700.421446397264,10700.421446397264,10700.421446397264,10700.421446397264,10700.421446397264,10700.421446397264,10700.421446397264,9908.437927878746,9133.030520471339,8354.005629629626,8354.005629629626,8354.005629629626,7523.023148148145,6718.673481481478,5936.9605185185155,5936.9605185185155,5089.1075370370345,4255.111240740738,3421.523444444442,2580.4286111111082,1965.3352037037037,1965.3352037037037,1200.0,1200.0,1200.0,1200.0,1200.0,1200.0,1200.0,1200.0,1826.99237498917,1826.99237498917,1200.0,1200.0,1200.0,1200.0,1200.0,1200.0,1200.0,1200.0,1200.0,1200.0,1200.0
2025-10-31,1705.9865537037065,2455.9865537037067,2455.9865537037067,2455.9865537037067,2732.2720282399246,3482.2720282399246,4232.272028239924,4232.272028239924,4232.272028239924,4232.272028239924,4232.272028239924,4232.272028239924,4232.272028239924,4232.272028239924,3700.197068571975,3700.197068571975,3700.197068571975,4450.197068571975,4450.197068571975,4450.197068571975,5200.197068571975,5200.197068571975,5200.197068571975,5950.197068571975,5950.197068571975,5950.197068571975,6700.197068571975,6700.197068571975,6700.197068571975,6700.197068571975,6700.197068571975,6700.197068571975,6700.197068571975,6700.197068571975,6128.315587090494,5615.526961151051,6205.110068277699,5683.185815289526,5226.2267074740685,4776.345039103204,4297.0878724365375,3857.640472190766,3475.4808808738726,3142.226321436589,2879.8984422021704,2691.55002161236,2556.9523734642116,2476.1723209290644,2419.217591051558,2419.217591051558,2419.217591051558,2419.217591051558,2419.217591051558,2419.217591051558,2419.217591051558,2419.217591051558,2419.217591051558,2419.217591051558,2419.217591051558,2419.217591051558,2419.217591051558,2419.217591051558,2420.4213370062002,2856.833467122862,3299.0270471228623,3704.6742400310504,4145.082515090733,4578.938114811745,4988.726044528536,5387.604410152511,5763.265340152511,6099.764139803934,9796.994328386792,9796.994328386792,9796.994328386792,9796.994328386792,9796.994328386792,9796.994328386792,9796.994328386792,9796.994328386792,9796.994328386792,9796.994328386792,9796.994328386792,9836.467158143656,10125.95451824226,10358.238178317264,10529.714220059474,10676.371079610917,10777.877399610918,10800.0,10800.0,10800.0,10800.0,10800.0,10800.0,10800.0,10800.0,10800.0,10800.0,10800.0,10800.0,10800.0,10800.0,10800.0,10800.0,10800.0,10651.742740740741,10157.49838888889,9634.297037037037,9089.126666666667,8555.593777777778,8052.425333333333,7544.592,6996.825925925926,6459.855481481482,5938.7721481481485,5411.121185185186,4885.050740740741,4381.987777777778,3852.501925925926,3302.058037037037,2777.7876666666666,2272.1868703703703,1753.4148148148147,1200.0,1200.0,1200.0,1200.0,1200.0,1200.0,1200.0,1200.0,1635.3283873690727,1635.3283873690727,1635.3283873690727,1635.3283873690727,1635.3283873690727,1635.3283873690727,1635.3283873690727,1635.3283873690727,1635.3283873690727,1635.3283873690727,1635.3283873690727,1205.9066095912951
2025-11-01,2402.1220894061094,2402.1220894061094,2402.1220894061094,2402.1220894061094,2402.1220894061094,2402.1220894061094,2402.1220894061094,2402.1220894061094,2402.1220894061094,2402.1220894061094,3152.1220894061094,3902.1220894061094,4652.12208940611,4652.12208940611,4652.12208940611,4652.12208940611,4652.12208940611,4652.12208940611,4652.12208940611,5402.12208940611,5402.12208940611,5402.12208940611,5402.12208940611,6152.12208940611,6152.12208940611,6152.12208940611,6152.12208940611,6152.12208940611,6152.12208940611,6152.12208940611,6152.12208940611,6490.073297354682,6490.073297354682,6490.073297354682,5968.743667725053,5489.9238527314765,5554.344272738381,5059.690656407155,4572.303479389919,4074.4412002476565,3578.4637002476566,3134.822762121051,2763.364635274081,2459.93391130185,2225.647422290985,2039.0240357777466,1902.9547209629316,1830.739601924164,1830.739601924164,1830.739601924164,1830.739601924164,1830.739601924164,1830.739601924164,1830.739601924164,1830.739601924164,1830.739601924164,1830.739601924164,1830.739601924164,1830.739601924164,1830.739601924164,1830.739601924164,1830.739601924164,1830.739601924164,1830.739601924164,1830.739601924164,2252.0383593624033,2751.3701959201007,3246.851469106514,3694.4720595899453,4147.814055367069,4615.92661536707,5004.572755580897,10109.026445873202,10109.026445873202,10109.026445873202,10109.026445873202,10109.026445873202,10109.026445873202,10109.026445873202,10109.026445873202,10109.026445873202,10109.026445873202,10109.026445873202,10109.026445873202,10109.026445873202,10299.535988105208,10506.432233215026,10655.18093008858,10760.52611008858,10800.0,10800.0,10800.0,10800.0,10800.0,10800.0,10800.0,10800.0,10800.0,10800.0,10791.14297209327,10791.14297209327,10791.14297209327,10791.14297209327,10791.14297209327,10791.14297209327,10791.14297209327,10671.205953574752,10167.889768389567,9643.61515952411,9115.252196561147,8629.438066931518,8141.8297891537395,7614.489048412999,7071.545622487073,6536.022918783369,5984.339585450036,5484.772344709295,5004.91128915374,4499.603881746332,3983.7451410055914,3442.036566931517,2887.0847150796653,2352.7411780426282,1849.3157891537392,1336.715789153739,1336.715789153739,1336.715789153739,1336.715789153739,1336.715789153739,1336.715789153739,1336.715789153739,2083.113584153739,2833.1135734305153,3569.9840734305153,4314.630618430516,5055.480153430516,5799.997653430516,6547.1569834305155,7291.143603430515,8024.330103430515,8770.250193430515,9514.504473430514,9514.504473430514,9514.504473430516
2025-11-02,10275.519710000002,10275.519710000002,10275.519710000002,10275.519710000002,10800.0,10800.0,10800.0,10800.0,10800.0,10800.0,10800.0,10800.0,10800.0,10800.0,10800.0,10800.0,10800.0,10800.0,10800.0,10800.0,10800.0,10800.0,10684.27362962963,10684.27362962963,10684.27362962963,10684.27362962963,9977.083425925926,9977.083425925926,9977.083425925926,9977.083425925926,10727.083425925926,10727.083425925926,10050.0,10800.0,10800.0,9874.074074074075,9874.074074074075,9874.074074074075,9015.41365901852,8220.845030744023,7435.40519741069,6704.394009829887,6704.394009829887,6704.394009829887,6704.394009829887,6811.378465397602,6811.378465397602,6107.483053701734,5496.431964835492,4900.827175699286,4341.563624331365,3848.7544125259496,3430.7518014148386,3024.4184886412017,2655.8685734582477,2345.3143119262186,2127.8890506572543,1946.016132855237,1824.1186143367186,1745.3998002567685,1720.883153518374,1720.883153518374,1720.883153518374,1729.153464877835,1743.498939877835,2493.4989398778353,3243.4989398778353,3993.4989398778353,4743.498939877835,5493.498939877835,6243.498939877835,6993.498939877835,6833.888205005168,7464.643838587059,8158.535420052824,8884.938699498882,9590.664279498882,9622.586471137261,9622.586471137261,9620.998034825821,9620.998034825821,9620.998034825821,9620.998034825821,9620.998034825821,9441.013198746878,9185.991849036158,8874.580712540032,8551.827487746817,8551.827487746817,9301.827487746817,10800.0,10800.0,10800.0,10800.0,10800.0,10800.0,10800.0,10800.0,10800.0,10800.0,10800.0,10800.0,10800.0,10800.0,10800.0,10800.0,10800.0,10028.121685185186,9217.086333333335,9217.086333333335,8428.563111111112,7645.3652037037045,6864.970802731933,6864.970802731933,6070.0834693986,5255.551987917118,5255.551987917118,4486.045691620821,3688.851247176377,2852.132765694895,2015.9730619911916,2015.9730619911916,2015.9730619911916,1208.4153768060062,1208.4153768060062,1208.4153768060062,1208.4153768060062,1208.4153768060062,1208.4153768060062,1208.4153768060062,1208.4153768060062,1208.4153768060062,1754.875232777778,1754.875232777778,2499.521777777778,2499.521777777778,2499.521777777778,2499.521777777778,2499.521777777778,2499.521777777778,2499.521777777778,1843.7203703703703,1200.0,1200.0
2025-11-03,2303.3347513421413,3053.3347513421413,3803.3347513421413,4553.334751342141,4553.334751342141,4553.334751342141,4553.334751342141,4553.334751342141,4553.334751342141,4553.334751342141,4553.334751342141,4553.334751342141,4748.6922320555595,4748.6922320555595,4748.6922320555595,4748.6922320555595,5498.6922320555595,6248.6922320555595,6248.6922320555595,6248.6922320555595,6248.6922320555595,6248.6922320555595,6248.6922320555595,6998.6922320555595,6998.6922320555595,6300.0,7050.0,7800.0,8550.0,9300.0,10050.0,10800.0,10800.0,10800.0,10800.0,10663.517696900077,9874.074074074075,8963.570700601626,8096.736348270754,7275.741743229317,6493.718965451539,6493.718965451539,6493.718965451539,6371.931045466296,6371.931045466296,6371.931045466296,5650.140730651481,5007.193198882458,4427.485870338696,3852.657250038238,3394.402450897144,3018.5720777975903,2667.517522242035,2379.2652456364076,2141.5654265662956,1933.69719453921,1724.1519741766263,1576.2080114689088,1437.2295114689089,1296.7831078274908,1200.0001089129908,1200.0001089129908,1200.210051701941,1205.7710916631167,1800.0,2550.0,3300.0,4050.0,4800.0,5550.0,6300.0,7050.0,7479.931035844321,8229.931035844322,8979.931035844322,9729.931035844322,10479.931035844322,10525.635933574147,10525.635933574147,10525.635933574147,10525.635933574147,10525.635933574147,10525.635933574147,10525.635933574147,10393.38102074025,10224.125042485997,9997.739870393245,9685.695311756372,9685.695311756372,10435.695311756372,10800.0,10800.0,10800.0,10800.0,10800.0,10800.0,10800.0,10800.0,10800.0,10800.0,10800.0,10800.0,10800.0,10800.0,10800.0,10800.0,10800.0,10800.0,9999.660462962962,9999.660462962962,9999.660462962962,9999.660462962962,9186.169722222221,8349.589648148147,7534.880259259257,6732.046925925924,6135.341969377841,5279.275173081545,4447.678876785249,3635.418747155619,2824.4632101185816,2003.8798767852481,1200.0000064148778,1200.0000064148778,1200.0000064148778,1200.0000064148778,1200.0000064148778,1200.0000064148778,1200.0000064148778,1200.0000064148778,1200.0000064148778,1200.0000064148778,1939.840161414878,1939.840161414878,1939.840161414878,1939.840161414878,1939.840161414878,1939.840161414878,1939.840161414878,1939.840161414878,2685.596286414878,2685.596286414878,2685.596286414878,2685.5962864148787
2025-11-04,3453.5468391926584,3453.5468391926584,4203.546839192659,4953.546839192659,5703.546839192659,6453.546839192659,7203.546839192659,7953.546839192659,8703.546839192659,8703.546839192659,8703.546839192659,9453.546839192659,10203.546839192659,10203.546839192659,10203.546839192659,10203.546839192659,10203.546839192659,10203.546839192659,10203.546839192659,10203.546839192659,10203.546839192659,10203.546839192659,10203.546839192659,10203.546839192659,10768.498148148148,10768.498148148148,10768.498148148148,10768.498148148148,10768.498148148148,10768.498148148148,10768.498148148148,10050.0,10050.0,10800.0,10800.0,10618.171087287825,9908.59598047397,8988.864289031753,8103.703015475952,7244.215331355929,7244.215331355929,7244.215331355929,7244.215331355929,7244.215331355929,7244.215331355929,7994.215331355929,7190.127537837172,6421.814729877481,5773.638271744719,5201.756730317649,4683.7368133059845,4238.70805243801,3860.7077931787508,3510.875518490676,3188.1848566500494,2897.5860930154836,2659.833410722979,2437.4042127361454,2229.17152755096,2051.5278471423626,1902.803371412083,1902.803371412083,1825.5705414479107,1781.7867637850868,1781.7867637850868,2531.786763785087,3281.786763785087,4031.786763785087,4781.786763785087,5531.786763785087,6281.786763785087,7031.786763785087,8649.803831405763,9372.234884973182,10088.799232280437,10483.734773217546,10643.878283217546,10748.999587905391,10775.238644204812,10797.519984399612,10800.0,10800.0,10796.901789842846,10796.901789842846,10796.901789842846,10796.901789842846,10598.280872715075,10358.37282999679,10028.321126293085,10050.0,10799.999998628477,10799.999998628477,10778.84706327394,10778.84706327394,10778.84706327394,10743.482747788543,10724.293791002516,10720.93139221015,10707.02481062921,10700.993962962966,10700.993962962966,10700.993962962966,10700.993962962966,10700.993962962966,10700.993962962966,10700.993962962966,10700.993962962966,10700.993962962966,9891.828092592596,9347.673925925928,9347.673925925928,9347.673925925928,8542.105407407409,7733.05525925926,6924.217055555557,6095.748537037038,5302.375629629631,5302.375629629631,5302.375629629631,4485.985666666667,3679.9343888888893,2861.2436481481486,2030.6472962962966,1200.0,1200.0,1200.0,1200.0,1200.0,1200.0,1200.0,1200.0,1200.0,1200.0,1200.0,1200.0,1200.0,1200.0,1200.0,1200.0,1200.0,1200.0,1200.0,1200.0,1200.0
2025-11-05,2247.6253646432515,2997.6253646432515,3747.6253646432515,3747.6253646432515,3747.6253646432515,4497.6253646432515,4497.6253646432515,4497.6253646432515,4497.6253646432515,4497.6253646432515,5247.6253646432515,5997.6253646432515,6747.6253646432515,7497.6253646432515,7497.6253646432515,7497.6253646432515,7497.6253646432515,7497.6253646432515,7497.6253646432515,7497.6253646432515,8247.625364643252,8247.625364643252,8247.625364643252,8247.625364643252,8550.0,8550.0,8550.0,8550.0,8550.0,9300.0,10050.0,10050.0,10050.0,10800.0,10800.0,9874.074074074075,9874.074074074075,8950.442301454863,8069.516533586582,7238.547204710777,7238.547204710777,6827.999511050063,6827.999511050063,6827.999511050063,6827.999511050063,6827.999511050063,6058.499103642655,5315.739604595397,4680.880428787462,4132.716140910402,3599.2227489825896,3114.7256559511857,2715.6414337289634,2344.9531052961606,2026.2967820397798,1767.4665053359295,1545.243369075925,1359.2541180920766,1252.0499699439283,1202.5495709750246,1200.1807673127291,1200.0031908777971,1204.160858044394,1233.7595312066808,1286.6122412066804,2036.6122412066804,2786.6122412066807,3536.6122412066807,4286.612241206681,5036.612241206681,5786.612241206681,6536.612241206681,6856.203956325379,7606.203956325379,8356.203956325378,9106.203956325378,9856.203956325378,9902.380169425312,9902.380169425312,9902.380169425312,9926.127439116079,9932.787105072468,9932.787105072468,9932.787105072468,9882.685879374758,9759.260428802965,9522.536298072127,9194.285501739376,9194.285501739376,9944.285501739376,10799.999993607797,10799.999993607797,10799.999993607797,10799.999993607797,10799.999993607797,10799.999993607797,10799.999993607797,10799.999993607797,10799.999993607797,10799.999993607797,10799.999993607797,10799.999993607797,10799.999993607797,10799.999993607797,10799.999993607797,10799.999993607797,10799.999993607797,9999.783993607796,9177.593401015203,8375.163771385574,8375.163771385574,7786.592175,6948.801434259259,6948.801434259259,6948.801434259259,6948.801434259259,6948.801434259259,6131.9053231481475,5323.0831009259255,4511.295878703703,3690.984008333333,2874.6043787037033,2045.3890268518517,1203.8162675925923,1203.8162675925923,1203.8162675925923,1203.8162675925923,1203.8162675925923,1203.8162675925923,1203.8162675925923,1203.8162675925923,1203.8162675925923,1203.8162675925923,1203.8162675925923,1203.8162675925923,1851.2907777777777,1851.2907777777777,1851.2907777777777,1851.2907777777777,1851.2907777777777,1851.2907777777777,1851.2907777777777,1851.2907777777777,1200.0
2025-11-06,3420.5474650959054,4170.547465095906,4920.547465095906,4920.547465095906,4920.547465095906,5670.547465095906,6420.547465095906,6420.547465095906,6420.547465095906,7170.547465095906,7920.547465095906,7920.547465095906,7920.547465095906,7920.547465095906,7920.547465095906,7920.547465095906,7920.547465095906,7920.547465095906,7920.547465095906,7920.547465095906,7800.0,7800.0,8550.0,9300.0,10050.0,10050.0,10050.0,10050.0,10050.0,10050.0,10050.0,10050.0,10050.0,10800.0,10800.0,9874.074074074075,9559.799738888889,9559.799738888889,9559.799738888889,8657.743816100116,7864.655482766782,7321.973896061877,7321.973896061877,7321.973896061877,7321.973896061877,7321.973896061877,7321.973896061877,6542.793677677802,5809.324270715579,5144.06513765845,4605.48719672643,4117.321076314764,3633.9674096480967,3213.221311312534,2844.287633263403,2474.8062169046407,2168.68227185681,1903.7433583728343,1824.7878028172788,1617.27934798716,1607.6630580512265,1607.6630580512265,1503.0660748912285,1428.0574302227542,1428.0574302227542,2178.057430222754,2928.057430222754,3678.057430222754,4428.057430222754,5178.057430222754,5928.057430222754,6678.057430222754,6503.505714366864,7253.505714366864,8003.505714366864,8753.505714366864,9503.505714366864,9560.298372210631,9590.429450598116,9601.978261723221,9605.731186487874,9605.731186487874,9606.396016487874,9610.649235556766,9610.649235556766,9411.574497238376,9199.07986505517,8946.429741238688,8946.429741238688,9696.429741238688,10800.0,10781.433331379425,10764.324804465949,10769.693151401467,10792.87225268813,10794.447711853434,10794.447711853434,10794.447711853434,10779.06293004223,10762.304345339708,10754.177075678483,10750.85032657959,10750.85032657959,10750.85032657959,10750.85032657959,10750.85032657959,10750.85032657959,10011.05382657959,10011.05382657959,10011.05382657959,9175.19395620922,8373.875511764774,7579.858845098108,7579.858845098108,7579.858845098108,6760.760696949959,5952.184419172181,5228.875222222222,5228.875222222222,4394.345481481481,3576.1210555555554,2791.7525370370367,2017.6724444444444,1200.0,1200.0,1200.0,1200.0,1200.0,1200.0,1200.0,1200.0,1200.0,1938.9511200000002,2510.532043981507,2510.532043981507,2510.532043981507,2510.532043981507,1867.9234387468869,1210.8617165246646,1210.8617165246646,1210.8617165246646,1210.8617165246646,1210.8617165246646,1210.8617165246649
2025-11-07,1631.4524958710015,1631.4524958710015,2381.4524958710017,3131.4524958710017,3881.4524958710017,3881.4524958710017,3881.4524958710017,3881.4524958710017,3881.4524958710017,3881.4524958710017,3881.4524958710017,3881.4524958710017,4631.452495871002,5381.452495871002,6131.452495871002,6131.452495871002,6131.452495871002,6093.724386450682,6093.724386450682,6093.724386450682,6093.724386450682,6843.724386450682,7593.724105139712,7593.724105139712,7593.724105139712,7593.724105139712,8343.724105139712,8343.724105139712,8343.724105139712,8343.724105139712,8343.724105139712,8343.724105139712,7783.538197732305,7783.538197732305,7252.891901436009,6735.762505921866,7278.17540572746,6718.590659700697,6167.248187293503,5627.319557263925,5091.670668375036,4602.629575280028,4160.299903900273,3756.148642931659,3425.6745446080404,3178.212354344772,2997.7307061966235,2828.461471797622,2687.2506491138806,2588.4690205208112,2588.4690205208112,2588.4690205208112,2563.9777427430336,2563.9777427430336,2563.9777427430336,2563.9777427430336,2563.9777427430336,2563.9777427430336,2563.9777427430336,2563.9777427430336,2563.9777427430336,2563.9777427430336,2563.9777427430336,2766.540654310237,2766.540654310237,3061.6381523518216,3411.6701700105295,3781.1510093368693,4153.181926629712,4527.009363267956,4927.418418267956,5330.0828105041755,9032.482037681759,9032.482037681759,9032.482037681759,9032.482037681759,9032.482037681759,9032.482037681759,9032.482037681759,9032.482037681759,9032.482037681759,9032.482037681759,9032.482037681759,9308.266326331086,9654.785589084544,9940.967125152756,10177.352822309353,10370.47006020149,10523.57242020149,10673.264371835241,10800.0,10800.0,10796.318408074309,10770.343375301494,10767.239644942247,10725.907999883213,10694.4910919173,10670.252497939642,10647.994336744998,10640.407724343919,10640.407724343919,10640.407724343919,10640.407724343919,10640.407724343919,10640.407724343919,10640.407724343919,10640.407724343919,10075.257761380955,9532.2802058254,9023.09131693651,8494.857039158733,7965.306909529103,7463.569872492066,6967.528502121695,6451.566539158732,5887.772094714287,5337.068150269843,4824.3993354550275,4329.408594714287,3815.5392613809536,3304.745002121694,2806.722779899472,2306.6395761957683,1781.2780391587312,1245.453965084657,1245.453965084657,1245.453965084657,1200.0000064608514,1200.0000064608514,1200.0000064608514,1200.0000064608514,1200.0000064608514,1200.0000064608514,1200.0000064608514,1200.0000064608514,1200.0000064608514,1200.0000064608514,1200.0000064608514,1200.0000064608514,1200.0000064608514,1200.0000064608514,1200.0000064608514,1200.0000064608514,1200.0000064608514
2025-11-08,2605.6153881041787,2605.6153881041787,3341.3573146934737,4091.3573146934737,4841.357314693474,4841.357314693474,4841.357314693474,4841.357314693474,4841.357314693474,5591.357314693474,5591.357314693474,5591.357314693474,5591.357314693474,5591.357314693474,5591.357314693474,5591.357314693474,5591.357314693474,5591.357314693474,5591.357314693474,5591.357314693474,5591.357314693474,5090.136592471252,5090.136592471252,5840.136592471252,6590.136592471252,6590.136592471252,6590.136592471252,6590.136592471252,7340.136592471252,8090.136592471252,8090.136592471252,8090.136592471252,7550.649111689678,7550.649111689678,7011.945407985974,6500.985014260867,7260.209944886197,6767.535189672165,6283.599550566606,5785.7844377675965,5265.304937767596,4796.250531597489,4399.009301995086,4053.334416495875,3751.3233675668534,3531.7190322689567,3405.024328565253,3361.1496986694183,3344.9114669935684,3344.9114669935684,3344.9114669935684,3344.9114669935684,3344.9114669935684,3344.9114669935684,3344.9114669935684,3344.9114669935684,3344.9114669935684,3344.9114669935684,3344.9114669935684,3344.9114669935684,3344.9114669935684,3344.9114669935684,3344.9114669935684,3344.9114669935684,3344.9114669935684,3344.9114669935684,3344.9114669935684,3344.9114669935684,3344.9114669935684,3344.9114669935684,3643.8506523893407,4160.173520201646,10130.404931211495,10130.404931211495,10130.404931211495,10130.404931211495,10130.404931211495,10130.404931211495,10130.404931211495,10130.404931211495,10130.404931211495,10130.404931211495,10130.404931211495,10130.404931211495,10130.404931211495,10150.478447036254,10372.091981418196,10558.633805436428,10680.356300436428,10767.620043682497,10800.0,10800.0,10800.0,10800.0,10800.0,10800.0,10800.0,10800.0,10798.560496510303,10798.560496510303,10798.560496510303,10798.560496510303,10798.560496510303,10798.560496510303,10798.560496510303,10798.560496510303,10468.36253354734,9965.388366880674,9454.80892243623,8938.707070584378,8443.952089102897,7949.990496510304,7450.949755769563,6981.433700214007,6514.691737251044,6010.221366880674,5486.428811325119,4984.98542243623,4519.592829843637,4008.9969039177113,3487.3332742880816,2979.0666076214147,2449.6528113251184,1909.2074779917848,1388.0630335473404,1388.0630335473404,1388.0630335473404,1388.0630335473404,1388.0630335473404,1388.0630335473404,1388.0630335473404,2137.7164885473403,2883.5734735473407,3620.665973547341,4368.284423547341,5112.581333547341,5848.439333547341,6592.811693547342,7339.532183547342,8083.152683547342,8821.792958547343,9565.266308547343,10303.255803974826,10303.255803974824
2025-11-09,10648.04201814815,10648.04201814815,10648.04201814815,10648.04201814815,10800.0,10800.0,10800.0,10800.0,10800.0,10800.0,10800.0,10800.0,10800.0,10800.0,10800.0,10800.0,10800.0,10800.0,10800.0,10800.0,10800.0,10800.0,10800.0,10800.0,10800.0,10800.0,10800.0,10800.0,10800.0,10800.0,10800.0,10800.0,10800.0,10800.0,10800.0,10800.0,9874.074074074075,9205.488767259503,8279.562841333578,7396.651083409847,7394.69391674318,7390.7036787017505,7386.357298513936,7386.357298513936,7386.285452288273,7386.285452288273,7384.411563399384,6593.954895151042,5924.2885551515055,5272.315559558374,4697.525421113325,4179.268703264532,3701.2498884497168,3273.3723573347083,2929.917395882364,2620.135263195761,2330.779034235744,2089.0751747598497,1961.1283969820715,1870.2231673459282,1821.9858812198768,1821.9858812198768,1821.9858812198768,1806.524546171567,1817.7598761715672,2567.759876171567,3317.759876171567,4067.759876171567,4817.759876171567,5567.759876171567,6317.759876171567,7067.759876171567,8344.125317360093,9094.125317360093,9844.125317360093,10594.125317360093,10786.071904187904,10800.0,10800.0,10800.0,10800.0,10800.0,10748.819923145347,10748.819923145347,10546.955113315598,10282.514723726252,9955.382397839134,9580.037128726606,9185.608054652532,9927.921924544677,10576.451069190716,10799.999991365159,10799.999991365159,10799.999991365159,10799.999991365159,10776.108305993785,10756.519742575976,10752.25558719927,10733.090773060523,10723.70956811345,10723.70956811345,10723.70956811345,10723.70956811345,10723.70956811345,10723.70956811345,10723.70956811345,10723.70956811345,9951.033919965303,9951.033919965303,9951.033919965303,9132.778938483822,8669.914870370372,8669.914870370372,7834.803203703705,7007.707555555557,6166.577925925927,6166.577925925927,5317.077574074075,4507.966462962963,4507.966462962963,3679.963740740741,2843.7804074074074,2018.9965555555555,1200.0,1200.0,1200.0,1200.0,1200.0,1200.0,1200.0,1200.0,1200.0,1200.0,1200.0,1200.0,1200.0,1200.0,1200.0,1200.0,1200.0,1200.0,1200.0,1200.0,1200.0
2025-11-10,1947.6445839235848,1947.6445839235848,1947.6445839235848,1947.6445839235848,1947.6445839235848,1947.6445839235848,1947.6445839235848,2697.644583923585,3447.644583923585,4197.644583923585,4947.644583923585,4947.644583923585,4947.644583923585,4947.644583923585,4947.644583923585,4947.644583923585,5697.644583923585,6300.0,6300.0,6300.0,6300.0,7050.0,7800.0,8550.0,8550.0,8550.0,8550.0,9300.0,9300.0,9300.0,10050.0,10050.0,10050.0,10800.0,10800.0,9878.470620364627,9916.635660887512,9203.947366215905,8278.02144028998,7362.777712884632,7362.777712884632,7362.777712884632,7362.777712884632,7362.777712884632,7362.777712884632,8112.777680206803,8112.777680206803,7288.671520200485,6525.812928497489,5791.787752634575,5133.316954770849,4558.619756501135,4048.1023120566906,3574.766962955043,3165.2055608168585,2820.635389766424,2542.464877574096,2292.4174517836545,2087.60200733921,1899.2214907624884,1741.4077696988913,1587.4295084681146,1440.2376017000706,1287.2923734629635,1200.0,1950.0,2700.0,3450.0,4200.0,4950.0,5700.0,6450.0,6876.736615922398,7615.800305401423,8347.511013261275,9068.46585557279,9814.24520057279,9836.174445499299,9843.516353667197,9843.516353667197,9813.501466331978,9813.501466331978,9851.265556331979,9672.78472341366,9672.78472341366,9672.78472341366,9372.409566450828,9016.158752549414,9016.158752549414,9766.158752549414,10800.0,10800.0,10800.0,10800.0,10800.0,10800.0,10800.0,10800.0,10800.0,10800.0,10800.0,10800.0,10800.0,10800.0,10800.0,10800.0,10800.0,9994.461259259258,9191.827259259258,9191.827259259258,8386.508518518518,7625.59375925926,6841.404870370371,6012.918166666667,5191.8618703703705,4392.1915,3575.5838333333336,3575.5838333333336,3575.5838333333336,2789.1721296296296,2010.724314814815,2010.724314814815,2010.724314814815,1200.0,1200.0,1200.0,1200.0,1200.0,1200.0,1200.0,1200.0,1200.0,1200.0,1200.0,1200.0,1200.0,1200.0,1200.0,1946.2206609813156,1946.2206609813156,1890.361568201581,1213.622753386766,1213.622753386766,1213.622753386766
2025-11-11,2345.6886693126917,2345.6886693126917,3095.6886693126917,3095.6886693126917,3095.6886693126917,3845.6886693126917,4595.688669312692,5345.688669312692,5345.688669312692,6095.688669312692,6845.688669312692,6845.688669312692,7050.0,7800.0,7800.0,7800.0,7800.0,8550.0,9300.0,10050.0,10050.0,10050.0,10050.0,10050.0,10050.0,10050.0,10050.0,10050.0,10050.0,10050.0,10050.0,10050.0,10050.0,10800.0,10800.0,10800.0,10109.62465994367,10109.62465994367,9183.698734017746,8285.969115396494,8285.969115396494,8285.969115396494,8285.969115396494,8285.969115396494,8285.969115396494,8285.969115396494,7418.147282063161,6634.374121566886,5987.04719336444,5397.073903597016,4822.536591297652,4301.6879570699575,3868.6155126255135,3469.441277266554,3109.0640968832904,2801.679194662102,2516.071368843304,2252.4271579096344,2068.2985467985236,1944.5090996719168,1852.4676159483063,1852.4676159483063,1832.254982172541,1847.3199739131371,1883.9251939131373,2633.9251939131373,3383.9251939131373,4133.925193913137,4883.925193913137,5633.925193913137,6383.925193913137,7133.925193913137,7609.162977026213,8359.162977026213,9109.162977026213,9859.162977026213,10609.162977026213,10609.162977026213,10622.90985083706,10666.363628948471,10666.363628948471,10666.363628948471,10666.363628948471,10589.041440143023,10441.289580011105,10441.289580011105,10135.304801579596,9729.866297120474,9300.000148972325,10050.0,10799.999992663668,10799.999992663668,10799.999992663668,10799.999992663668,10799.999992663668,10799.999992663668,10799.999992663668,10799.999992663668,10799.999992663668,10799.999992663668,10799.999992663668,10799.999992663668,10799.999992663668,10799.999992663668,10799.999992663668,10799.999992663668,10799.999992663668,9986.949196367372,9159.87721488589,8358.156844515519,8358.156844515519,7524.4439000710745,6688.417974145149,6688.417974145149,6688.417974145149,5850.905011182186,5036.776900071075,4214.7597148858895,4214.7597148858895,4214.7597148858895,3622.621685185185,2798.810574074074,1993.3312592592592,1200.0,1200.0,1200.0,1200.0,1200.0,1200.0,1200.0,1200.0,1200.0,1200.0,1200.0,1200.0,1200.0,1200.0,1200.0,1200.0,1200.0,1200.0,1200.0,1200.0,1200.0
2025-11-12,1889.7172838178112,1889.7172838178112,1889.7172838178112,2639.717283817811,3389.717283817811,4139.717283817811,4139.717283817811,4139.717283817811,4139.717283817811,4139.717283817811,4139.717283817811,4139.717283817811,4139.717283817811,4800.0,5550.0,5550.0,5550.0,5550.0,6300.0,7050.0,7800.0,8550.0,8550.0,8550.0,9300.0,10050.0,10050.0,10050.0,10050.0,10050.0,10050.0,10050.0,10050.0,10800.0,10800.0,10800.0,9874.659376358444,8957.730904940085,8031.804979014159,8031.804979014159,8031.804979014159,8031.804979014159,8031.804979014159,8031.804979014159,8031.804979014159,8781.80497901416,7932.215001540805,7115.495179241271,6388.5736813480435,5686.059218286719,5056.458735932721,4488.305943848901,3960.4769623674197,3468.7700279701558,3024.879034206516,2591.0086014694075,2218.628237169101,1904.9157239398032,1664.7146498657291,1411.0843291616013,1242.8878581842293,1200.0,1200.0,1200.0,1200.0,1950.0,2700.0,3450.0,4200.0,4950.0,5700.0,6450.0,7854.0132333848915,8604.013233384892,9354.013233384892,10104.013233384892,10726.776335825947,10779.736842030017,10800.0,10800.0,10800.0,10699.13309767129,10557.302282856475,10557.302282856475,10511.934526095654,10262.125084919615,9962.093599966915,9644.673385443626,9300.000070628812,10050.000070628812,10799.99999312172,10799.99999312172,10799.99999312172,10799.99999312172,10799.99999312172,10796.503767735125,10786.249391749107,10777.151182898566,10764.968720440418,10763.160674405199,10763.160674405199,10763.160674405199,10763.160674405199,10763.160674405199,10763.160674405199,10763.160674405199,10763.160674405199,9921.071970701496,9100.784526257052,9100.784526257052,9100.784526257052,9100.784526257052,8451.950592592593,7664.445777777778,6857.360148148148,6029.47125925926,5211.128222222223,4399.557000000001,3612.3421851851854,3612.3421851851854,3612.3421851851854,2805.673666666667,2011.055425925926,1200.0,1200.0,1200.0,1200.0,1200.0,1200.0,1200.0,1200.0,1200.0,1200.0,1200.0,1200.0,1200.0,1200.0,1200.0,1200.0,1200.0,1200.0,1200.0,1200.0,1200.0
2025-11-13,2604.323018372581,3354.323018372581,4104.323018372581,4104.323018372581,4104.323018372581,4854.323018372581,5604.323018372581,5604.323018372581,5604.323018372581,5604.323018372581,5604.323018372581,5604.323018372581,5604.323018372581,5604.323018372581,6354.323018372581,6354.323018372581,6354.323018372581,7104.323018372581,7104.323018372581,7104.323018372581,7854.323018372581,8604.323018372581,9354.322434892098,9354.322434892098,9300.0,9300.0,9300.0,9300.0,9300.0,9300.0,10050.0,10800.0,10800.0,10800.0,10800.0,10656.298416474596,9871.679729918442,8963.206485933364,8963.206485933364,8963.206485933364,8963.206485933364,8963.206485933364,8963.206485933364,8963.206485933364,8963.206485933364,9349.422052638007,8503.046367452822,7715.984102676879,7010.250848371915,6337.548926591278,5761.293012201604,5265.32364819929,4824.380944495586,4451.443586196734,4137.591239611353,3832.7354267763585,3561.9324205274906,3324.513854909479,3161.1299845391086,3064.6316223966164,3013.8505289878653,2987.151784778735,2987.151784778735,3027.959939577184,3084.9376495771844,3834.9376495771844,4582.25880741956,5276.589433120687,5925.636526463002,6556.316120646465,7184.476865646464,7825.329675398124,9236.683324081634,9546.978654839444,10176.482949831774,10800.0,10800.0,10800.0,10782.622249097845,10723.899200187336,10649.459912833101,10649.459912833101,10524.648079499768,10373.076161662193,10173.070380513986,9912.442792662303,9595.783256152596,9266.19407049215,9266.19407049215,10016.1940588475,10645.064868580259,10789.267246827323,10789.267246827323,10789.267246827323,10789.267246827323,10789.267246827323,10758.51102002904,10722.827959900222,10701.367984676077,10697.652925925926,10697.652925925926,10697.652925925926,10697.652925925926,10697.652925925926,10697.652925925926,10697.652925925926,10697.652925925926,9902.470796296297,9086.403351851852,8265.09038888889,7726.622148148149,6895.0867777777785,6078.581222222223,5300.887648148148,5300.887648148148,5300.887648148148,5300.887648148148,5300.887648148148,5300.887648148148,4494.805185185185,3664.9233703703703,2834.6826296296294,2021.394462962963,1200.0,1200.0,1200.0,1200.0,1200.0,1200.0,1200.0,1200.0,1200.0,1200.0,1200.0,1200.0,1200.0,1200.0,1200.0,1200.0,1200.0,1200.0,1200.0,1200.0,1200.0
2025-11-14,2048.116304888087,2324.5124322085458,3074.5124322085458,3824.5124322085458,3824.5124322085458,3824.5124322085458,3824.5124322085458,3824.5124322085458,3824.5124322085458,4574.512432208546,4574.512432208546,4574.512432208546,4574.512432208546,4574.512432208546,4574.512432208546,4574.512432208546,5324.512432208546,5324.512432208546,5324.512432208546,5324.512432208546,6074.512432208546,6824.512432208546,6824.512432208546,6824.512432208546,6824.512432208546,6824.512432208546,6824.512432208546,6824.512432208546,6824.512432208546,6824.512432208546,6824.512432208546,6824.512432208546,6824.512432208546,7574.512432208546,7052.2957655418795,6515.2133571446475,7010.422267564385,6430.5697635998185,5906.573386412704,5385.949598170026,4815.935968540396,4283.1338160616715,3831.9388883429183,3452.694908610217,3113.1539646308283,2829.984975878096,2644.640438841059,2539.582329034986,2462.6277793357376,2431.505036358007,2431.505036358007,2431.505036358007,2431.505036358007,2431.505036358007,2431.505036358007,2431.505036358007,2431.505036358007,2431.505036358007,2431.505036358007,2431.505036358007,2431.505036358007,2431.505036358007,2431.505036358007,2431.505036358007,2431.505036358007,2431.505036358007,2431.505036358007,2683.609164520911,3165.069175817724,3668.3575692110235,4152.999214211023,4631.884142966433,8808.302486097438,8808.302486097438,8808.302486097438,8808.302486097438,8808.302486097438,8808.302486097438,8808.302486097438,9018.430501385998,9332.881359281198,9623.599473838454,9908.837028838454,10163.52205817717,10376.424878879949,10522.064158391244,10635.544522270891,10709.9462055281,10768.8598305281,10800.0,10800.0,10800.0,10800.0,10800.0,10800.0,10800.0,10800.0,10800.0,10794.781596666133,10794.781596666133,10794.781596666133,10794.781596666133,10794.781596666133,10794.781596666133,10794.781596666133,10794.781596666133,10631.697393000004,10091.135578185189,9562.131578185188,9047.259355962966,8541.648318925929,8040.099874481484,7534.777652259262,7025.295948555558,6519.40767077778,6000.579893000003,5460.0435967037065,4912.775967074077,4392.594485592595,3882.6643744814846,3359.250244851855,2813.11505966667,2268.852411518522,1740.3018374444478,1213.6796152222255,1213.6796152222255,1213.6796152222255,1213.6796152222255,1213.6796152222255,1213.6796152222255,1213.6796152222255,1213.6796152222255,1947.0350602222256,1682.562811244344,1682.562811244344,1682.562811244344,1682.562811244344,1204.5433297628624,1204.5433297628624,1204.5433297628624,1204.5433297628624,1713.3900185185184,1713.3900185185184,1200.0
2025-11-15,2003.054601178281,2003.054601178281,2753.054601178281,2753.054601178281,2753.054601178281,2753.054601178281,2753.054601178281,3503.054601178281,4253.054601178281,4253.054601178281,4253.054601178281,4253.054601178281,4253.054601178281,4253.054601178281,4253.054601178281,4253.054601178281,4253.054601178281,5003.054601178281,5003.054601178281,5003.054601178281,5003.054601178281,5753.054601178281,5971.325805234443,5971.325805234443,5971.325805234443,5971.325805234443,6721.325805234443,7471.325805234443,8221.325805234443,8221.325805234443,8221.325805234443,8221.325805234443,8221.325805234443,8971.325805234443,8445.310990419628,7907.07495930041,7674.211879062734,7148.6409216502025,6634.791225148156,6096.4606408865775,5534.413177923614,5016.1153104451705,4555.224560280494,4138.837522702587,3776.0212623474927,3460.492548570519,3215.64615968163,3073.8824343885954,2991.0557263574983,2950.668523048113,2950.668523048113,2950.668523048113,2920.144245270335,2920.144245270335,2920.144245270335,2920.144245270335,2920.144245270335,2920.144245270335,2920.144245270335,2920.144245270335,3170.3676601288166,3494.3584722761507,3869.19777549695,4259.691519083518,4641.732984083518,5048.592403730637,5463.445901612282,5846.9666118094065,6218.457237092834,6612.9112953555905,7011.13606535559,7373.989065742068,8837.69687412333,8837.69687412333,8837.69687412333,8837.69687412333,8837.69687412333,8837.69687412333,8837.69687412333,9202.688149902498,9537.083934269223,9537.083934269223,9731.20433196777,9975.62489568151,10197.12145924319,10385.988099111335,10545.663101966762,10666.992956245445,10769.309636245445,10800.0,10800.0,10800.0,10800.0,10800.0,10800.0,10800.0,10800.0,10800.0,10800.0,10800.0,10800.0,10800.0,10800.0,10800.0,10800.0,10800.0,10800.0,10315.325592592593,9827.997185185186,9339.845333333335,8850.709407407408,8325.277037037038,7767.788148148149,7242.114666666667,6732.950481481482,6204.085666666667,5666.653703703704,5146.379203703704,4666.773648148148,4166.071148148148,3660.6328888888884,3162.136592592592,2629.833518518518,2098.4641111111105,1588.9641111111105,1588.9641111111105,1588.9641111111105,1588.9641111111105,1588.9641111111105,1200.0002830859657,1200.0002830859657,1944.1896280859658,2676.712978085966,3415.585978085966,4160.872438085966,4905.8684530859655,5643.697453085965,5643.697453085965,5643.697453085965,6384.101953085966,7122.920173085966,7872.893998085966,7872.893998085966,7276.010535123002
2025-11-16,8364.052095990153,9114.052095990153,9114.052095990153,9114.052095990153,9114.052095990153,9114.052095990153,9114.052095990153,9114.052095990153,9114.052095990153,9864.052095990153,10614.052095990153,10614.052095990153,9913.825666666666,9913.825666666666,9913.825666666666,9913.825666666666,9913.825666666666,10663.825666666666,10663.825666666666,9942.659,9942.659,9942.659,9942.659,9942.659,9247.961111111112,8550.0,8550.0,8550.0,8550.0,8550.0,8550.0,9300.0,10050.0,10800.0,10800.0,10800.0,9888.532745655815,9009.137318169041,9009.137318169041,9009.137318169041,9009.137318169041,9009.137318169041,9009.137318169041,9009.137318169041,9009.137318169041,9009.137318169041,8192.999540391264,7387.214413057127,6641.775832872804,5949.315535511901,5300.734848270989,4702.250181429504,4166.538903651726,3653.794347429165,3180.0405686624063,2726.3502901359593,2331.961434649668,2008.7611044031958,1744.5662525513437,1744.5662525513437,1744.5662525513437,1767.4437446631034,1800.0,1800.0,1800.0,2550.0,3300.0,4050.0,4800.0,5550.0,6300.0,7050.0,8160.489293272653,8892.017117948415,9642.017117948415,10392.017117948415,10741.607636501589,10800.0,10800.0,10800.0,10800.0,10800.0,10800.0,10800.0,10800.0,10746.007067257475,10360.587315380608,9931.160058985846,9931.160058985846,9931.160058985846,10799.99999084414,10773.659545991484,10744.078568317136,10728.466873832323,10721.966170791518,10713.775719015657,10713.598036861156,10711.527579966736,10697.820880164434,10688.893990537563,10688.893990537563,10688.893990537563,10688.893990537563,10688.893990537563,10688.893990537563,10688.893990537563,10688.893990537563,10688.893990537563,9870.669601648673,9870.669601648673,9870.669601648673,9870.669601648673,9077.441823870895,9077.441823870895,8261.147101648672,7460.461916463487,6644.856749796821,5807.242583130153,4973.10924979682,4124.431972019042,3609.755074074074,2811.138407407407,2014.1718148148148,1200.0,1200.0,1200.0,1200.0,1200.0,1200.0,1200.0,1200.0,1200.0,1200.0,1200.0,1945.2864599999998,1945.2864599999998,1772.3418674074073,1772.3418674074073,1772.3418674074073,1772.3418674074073,2516.3851424074073,2516.3851424074073,1854.0518090740738,1214.5808646296296
2025-11-17,3222.9149409761862,3972.9149409761862,3972.9149409761862,3972.9149409761862,4722.914940976187,5472.914940976187,6222.914940976187,6222.914940976187,6222.914940976187,6222.914940976187,6222.914940976187,6222.914940976187,6972.914940976187,7722.914940976187,7722.914940976187,7722.914940976187,7722.914940976187,8472.914940976187,9222.914940976187,9222.914940976187,9222.914940976187,9283.906333333334,9283.906333333334,8550.0,8550.0,8550.0,8550.0,8550.0,9300.0,9300.0,9300.0,9300.0,10050.0,10800.0,10800.0,9874.074074074075,9723.875788202215,9723.875788202215,9723.875788202215,9723.875788202215,9723.875788202215,9723.875788202215,9723.875788202215,9723.875788202215,9723.875788202215,9723.875788202215,9091.04629446079,8252.69906332707,7460.024713851786,6691.277122937479,6000.598592724608,5374.8732723906505,4817.56440202028,4284.92083643577,3822.130877749932,3451.769523482113,3163.5892682412896,2920.418958289956,2719.402384215882,2523.768874487934,2351.509499300497,2170.825509737865,1987.2753104651804,1800.0,1800.0,2550.0,3300.0,4050.0,4800.0,5550.0,6300.0,7050.0,7681.463860768996,8431.463860768996,9181.463860768996,9931.463860768996,10681.463860768996,10681.463860768996,10681.463860768996,10681.463860768996,10681.463860768996,10681.463860768996,10681.463860768996,10681.463860768996,10681.463860768996,10389.828748995435,10045.034721947477,9673.542648743423,9272.890458651373,10022.890458651373,10794.040076742744,10779.262536316477,10770.934774776199,10785.150796959075,10793.39318836102,10793.39318836102,10799.999959455141,10799.999959455141,10799.999959455141,10799.999959455141,10799.999959455141,10799.999959455141,10799.999959455141,10799.999959455141,10799.999959455141,10799.999959455141,10799.999959455141,9961.431144640326,9111.440237232919,9111.440237232919,9111.440237232919,8260.257033529215,7446.87184834403,7446.87184834403,6623.08684834403,5796.105366862548,4978.904866862548,4978.904866862548,4494.002740740741,3647.089185185185,2818.722277777778,2009.735240740741,2009.735240740741,1200.0,1200.0,1200.0,1200.0,1200.0,1200.0,1200.0,1200.0,1200.0,1937.5355925925933,2678.852092592593,2678.852092592593,2678.852092592593,3096.3700203785424,3096.3700203785424,2465.038612971135,2465.038612971135,2465.038612971135,1827.2567055637276,1200.0,1200.0
2025-11-18,2280.6045325818986,2280.6045325818986,2550.0,3300.0,4050.0,4050.0,4050.0,4050.0,4800.0,4800.0,4800.0,4800.0,4800.0,4800.0,4800.0,5550.0,6300.0,7050.0,7800.0,7800.0,7800.0,7800.0,7800.0,7800.0,8550.0,9300.0,9300.0,9300.0,9300.0,9300.0,9300.0,9300.0,10050.0,10800.0,10800.0,9877.500235543317,9874.276950345375,9874.276950345375,8950.236997064156,8047.308562502491,7152.195562502491,7146.7970891719115,7137.30932554197,7136.316629314282,7136.316629314282,7792.047365348323,7782.492698681656,7008.975497238299,6305.362049935926,5645.1684598972315,5108.487167157578,4613.171718811201,4128.506774366756,3719.8968693572665,3376.1367319428837,3023.305254575091,2757.916204365297,2563.9706821903833,2412.4271451533464,2263.5190589396334,2167.9573215418545,2116.974480701366,2116.974480701366,2071.071482984114,2071.071482984114,2772.6629449146553,3503.990346360889,4252.525701289602,4999.505187246859,5709.206715806348,6397.954890806349,7101.216010775642,6781.241646036352,7447.874016967209,8163.9136875100285,8905.208413078455,9654.100948078456,9654.100948078456,9554.56680273087,9554.56680273087,9598.480388431764,9670.332837863476,9719.747982863477,9782.33854337129,9889.974512765359,9982.834961907467,9620.191119902676,9204.417071146827,9045.791442507942,9795.791442507942,10799.999992425206,10799.999992425206,10799.999992425206,10799.999992425206,10799.999992425206,10799.999992425206,10799.999992425206,10799.999992425206,10799.999992425206,10799.999992425206,10799.999992425206,10799.999992425206,10799.999992425206,10799.999992425206,10799.999992425206,10799.999992425206,10799.999992425206,9992.150529462244,9177.422196128911,8367.927751684467,8367.927751684467,7566.9679368696525,7566.9679368696525,7566.9679368696525,6735.698251684467,5939.76121464743,5939.76121464743,5099.404677610393,4259.132455388171,3422.21597390669,2604.3347331659493,1978.8693518518517,1978.8693518518517,1200.0,1200.0,1200.0,1200.0,1200.0,1200.0,1200.0,1200.0,1200.0,1936.8250262182319,1936.8250262182319,1936.8250262182319,1936.8250262182319,1936.8250262182319,1936.8250262182319,1936.8250262182319,1841.8114337037039,1841.8114337037039,1841.8114337037039,1841.8114337037039,1205.3171003703706
2025-11-19,2656.890231912118,2656.890231912118,3406.890231912118,4156.890231912118,4906.890231912118,4906.890231912118,4906.890231912118,4906.890231912118,4906.890231912118,5656.890231912118,6406.890231912118,7156.890231912118,7156.890231912118,7156.890231912118,7156.890231912118,7156.890231912118,7156.890231912118,7156.890231912118,7156.890231912118,7156.890231912118,7156.890231912118,7156.890231912118,7156.890231912118,7800.0,7800.0,8550.0,9300.0,9300.0,9300.0,10050.0,10050.0,10050.0,10050.0,10800.0,10800.0,10800.0,10414.811122962965,10414.811122962965,9512.791383984517,9512.791383984517,9512.791383984517,9512.791383984517,9512.791383984517,9512.791383984517,9515.919973949187,9515.919973949187,9515.919973949187,8643.88338447358,7832.370327846582,7094.1610368433085,6397.936703412714,5721.995312341385,5099.807201230274,4545.3911790371685,4064.7217889703684,3608.145898452514,3208.9395409870876,2831.022789153777,2485.54625211674,2168.72513301167,1889.6691578787438,1795.5905094360871,1795.5905094360871,1795.5905094360871,1795.5905094360871,2545.590509436087,3295.590509436087,4045.590509436087,4795.590509436087,5545.590509436087,6295.590509436087,7045.590509436087,8830.738977865141,9553.741244037414,10299.453125751903,10768.86753,10800.0,10800.0,10793.038778192718,10793.038778192718,10793.038778192718,10793.038778192718,10793.038778192718,10793.038778192718,10543.91826311669,10263.288388764413,9908.083595996044,9507.673728973232,9300.000037975933,10050.000037975933,10800.0,10800.0,10800.0,10800.0,10800.0,10800.0,10768.584179151021,10736.616236207334,10704.311016928808,10692.683045347872,10689.747541095538,10687.203185185183,10687.203185185183,10687.203185185183,10687.203185185183,10687.203185185183,10687.203185185183,9934.651370370368,9160.716055555553,9160.716055555553,8593.715074074073,8593.715074074073,8593.715074074073,8593.715074074073,7780.6168148148145,6951.807555555555,6130.0921851851845,5299.584314814814,4456.815796296296,4456.815796296296,3629.425962962963,2812.513,1989.3551296296296,1200.0,1200.0,1200.0,1200.0,1200.0,1200.0,1200.0,1200.0,1200.0,1200.0,1200.0,1200.0,1200.0,1200.0,1945.936094648604,1945.936094648604,1945.936094648604,1945.936094648604,1945.936094648604,1945.936094648604,1308.7005020560111
2025-11-20,3210.34757425926,3960.34757425926,3960.34757425926,3960.34757425926,4710.34757425926,4710.34757425926,4710.34757425926,4710.34757425926,5460.34757425926,5460.34757425926,5460.34757425926,5460.34757425926,5460.34757425926,5460.34757425926,5460.34757425926,5460.34757425926,6210.34757425926,6960.34757425926,6960.34757425926,6960.34757425926,6960.34757425926,6960.34757425926,7050.0,7800.0,7800.0,7800.0,8550.0,8550.0,8550.0,9300.0,9300.0,9300.0,10050.0,10800.0,10800.0,10800.0,9630.319165439827,9630.319165439827,9380.151197171805,9380.151197171805,8460.890234208842,7642.546233458448,7644.72153177983,7655.734495465723,7672.633931412855,7695.11878305946,7733.33389305946,6948.860670671232,6273.878446531196,5655.877199061371,5073.427873619942,4514.28158620878,4010.8277528754465,3595.8542767083286,3266.106778749288,2959.6126409189974,2706.0075759611395,2479.4787039473918,2302.49435209554,2180.550500976635,2100.8942185450683,2100.8942185450683,2086.361805950173,2086.361805950173,2086.361805950173,2836.361805950173,3586.361805950173,4336.361805950173,5086.361805950173,5836.361805950173,6586.361805950173,7336.361805950173,7961.7787867481875,8668.235972688995,9371.648025,10121.648025,10800.0,10800.0,10800.0,10800.0,10781.446222145416,10800.0,10800.0,10558.88569397763,10274.95096322817,10274.95096322817,10170.43591154231,9717.978327383305,9211.593586642564,9961.593519737391,10799.999998697574,10799.999998697574,10799.999998697574,10786.369402744536,10777.253735492339,10740.186311414243,10724.663088369602,10712.331383371438,10706.114796296299,10706.114796296299,10706.114796296299,10706.114796296299,10706.114796296299,10706.114796296299,10706.114796296299,10706.114796296299,10706.114796296299,10226.26040740741,10226.26040740741,9442.28077777778,8636.133222222225,7801.70938888889,6951.401981481483,6951.401981481483,6151.353777777779,5332.300074074075,5332.300074074075,4498.172314814816,3661.8445370370373,2823.271814814815,1993.342925925926,1993.342925925926,1993.342925925926,1200.0,1200.0,1200.0,1200.0,1200.0,1200.0,1200.0,1200.0,1200.0,1200.0,1200.0,1200.0,1200.0,1200.0,1200.0,1200.0,1200.0,1200.0,1200.0,1200.0,1200.0
2025-11-21,2616.3039875925942,3366.3039875925942,3366.3039875925942,3366.3039875925942,4116.3039875925915,4866.3039875925915,4866.3039875925915,4866.3039875925915,4866.3039875925915,5616.3039875925915,5747.744282824879,5747.744282824879,5747.744282824879,6497.744282824879,6497.744282824879,6497.744282824879,6497.744282824879,6497.744282824879,6497.744282824879,7247.744282824879,7997.744282824879,7997.744282824879,7997.744282824879,7997.744282824879,7997.744282824879,7997.744282824879,7997.744282824879,7997.744282824879,7997.744282824879,7997.744282824879,7997.744282824879,7997.744282824879,7997.744282824879,7997.744282824879,7460.6109494915445,6956.240054388122,7235.28421844874,6683.636824224988,6140.873793075289,5612.272388987767,5073.709092691471,4543.068633372697,4043.9433426790993,3603.0620200219255,3237.3404965544473,2946.2989399270664,2714.0604769641036,2536.9923677013635,2404.7986725542173,2320.3595925212962,2304.052819520731,2269.5238390297636,2219.521042733467,2219.521042733467,2258.43591100087,2328.6926674647084,2447.255210980185,2639.6053051298813,2895.642555129881,3149.401640896577,3395.695096632139,3662.53142168327,3976.0600829679984,4291.613008992791,4592.617783992791,4895.798797395087,5198.459812881115,5469.161344072451,6219.161344072451,6438.045525315288,6637.865535315288,6838.813835354606,8611.071485602659,8611.071485602659,8611.071485602659,8611.071485602659,8611.071485602659,8611.071485602659,8925.950338148732,9285.44534062851,9609.614659318091,9888.690199940474,10120.492144940474,10310.804957791157,10503.152771190551,10658.485182680277,10755.315664775871,10800.0,10800.0,10800.0,10800.0,10797.368609758414,10799.999983395159,10799.999983395159,10799.999983395159,10799.999983395159,10799.999983395159,10799.999983395159,10799.999983395159,10799.999983395159,10799.999983395159,10799.999983395159,10799.999983395159,10799.999983395159,10799.999983395159,10799.999983395159,10799.999983395159,10262.396316728493,9739.666390802568,9231.651575987753,8702.030964876642,8167.402594506271,7642.308150061827,7147.18074265442,6651.7667796914575,6127.650113024791,5617.216279691457,5108.322724135902,4582.567168580346,4046.2733722840503,3536.3805945062727,3027.3657796914576,2490.3970945062724,1968.366224135902,1472.788446358124,1472.788446358124,1472.788446358124,1220.7657111111112,1220.7657111111112,1220.7657111111112,1220.7657111111112,1220.7657111111112,1952.5049361111112,1952.5049361111112,1952.5049361111112,1952.5049361111112,1952.5049361111112,1670.5689376195883,1208.9229561381069,1208.9229561381069,1685.501851851852,1685.501851851852,1200.0,1200.0
2025-11-22,2710.607579731496,3460.607579731496,3460.607579731496,4210.607579731496,4210.607579731496,4210.607579731496,4210.607579731496,4210.607579731496,4210.607579731496,4960.607579731496,5710.607579731496,6460.607579731496,7210.607579731496,7960.607579731496,8710.607579731495,8710.607579731495,8710.607579731495,8710.607579731495,8710.607579731495,8710.607579731495,8710.607579731495,8710.607579731495,8710.607579731495,8710.607579731495,8710.607579731495,8710.607579731495,8710.607579731495,9460.607579731495,9978.035128787418,9978.035128787418,9978.035128787418,9978.035128787418,9978.035128787418,9978.035128787418,9454.790684342974,8954.549501126789,9437.406982642735,8901.005478419118,8369.099376386637,7831.267192626041,7253.489803737152,6672.496441697005,6149.779056186904,5726.209045091072,5367.682613836729,5059.505532570833,4804.039717756018,4603.527436560418,4451.081393404826,4371.456234289684,4371.456234289684,4366.784176630105,4274.916047000475,4205.515393971569,4199.195400697697,4199.195400697697,4199.195400697697,4199.195400697697,4199.195400697697,4199.195400697697,4199.195400697697,4199.195400697697,4262.203306814499,4567.520418448345,4899.543303448345,5252.196258727267,5599.159121225271,5915.366934379988,6228.515861934817,6531.335536434987,6832.506406434987,7127.585489662681,9218.463003046676,9218.463003046676,9218.463003046676,9218.463003046676,9218.463003046676,9218.463003046676,9218.463003046676,9218.463003046676,9508.782278835817,9789.948696913005,10044.075996913005,10266.18492662965,10460.04413616727,10612.907839050959,10728.633358042043,10793.739585,10800.0,10800.0,10800.0,10800.0,10800.0,10800.0,10800.0,10800.0,10800.0,10800.0,10800.0,10800.0,10799.59379566268,10799.59379566268,10799.59379566268,10799.59379566268,10799.59379566268,10799.59379566268,10745.171888255272,10214.77377714416,9689.238091958976,9187.819573440458,8698.596980847866,8197.669628996015,7668.612221588607,7152.265091958978,6648.998777144163,6124.546925292311,5608.479610477496,5094.005573440459,4569.857425292311,4035.0992586256443,3501.8724808478664,2952.0150734404588,2410.7734252923105,1893.5743697367548,1366.1151104774954,1366.1151104774954,1366.1151104774954,1366.1151104774954,1366.1151104774954,1366.1151104774954,1366.1151104774954,2109.981025477495,2842.504375477495,3579.0163754774953,4318.4743004774955,5064.956410477495,5804.6933799867,5804.6933799867,5804.6933799867,5804.6933799867,5804.6933799867,5804.6933799867,5804.6933799867,5804.693379986698
2025-11-23,6355.392481481482,6355.392481481482,7105.392481481482,7105.392481481482,7105.392481481482,7105.392481481482,7105.392481481482,7105.392481481482,7855.392481481482,7855.392481481482,7855.392481481482,7855.392481481482,7855.392481481482,8605.392481481482,8605.392481481482,8605.392481481482,8605.392481481482,8605.392481481482,8605.392481481482,8605.392481481482,8605.392481481482,8605.392481481482,9300.0,9300.0,9300.0,9300.0,9300.0,10050.0,10050.0,10050.0,10050.0,10050.0,10050.0,10800.0,10800.0,10800.0,10122.732422913981,10122.732422913981,10122.732422913981,10122.732422913981,10122.732422913981,10122.732422913981,10122.732422913981,10122.732422913981,10122.732422913981,10122.732422913981,10122.732422913981,9270.917915275435,8464.63304621348,7647.943299082872,6924.4484499010305,6273.973016259954,5643.069497741436,5046.811375838868,4500.222634146126,4005.7158753274693,3568.7590035408634,3168.2205168794912,2809.1099613239357,2527.0295845145265,2301.6046610326384,2137.1913358694546,1956.4027316667598,1775.0771251322276,1775.0771251322276,2525.0771251322276,3275.0771251322276,4025.0771251322276,4775.077125132228,5525.077125132228,6275.077125132228,7025.077125132228,8069.984179251651,8819.98417925165,9569.98417925165,10319.98417925165,10700.330692645175,10762.216756394035,10789.851699952616,10800.0,10800.0,10800.0,10800.0,10719.223735838985,10527.496908015462,10271.917024527333,10004.776380685915,9702.38778895199,9323.468881544582,10050.0,10799.999993054465,10799.999993054465,10799.999993054465,10799.999993054465,10799.999993054465,10799.985158555508,10799.985158555508,10799.985158555508,10792.838707863508,10792.838707863508,10792.838707863508,10792.838707863508,10792.838707863508,10792.838707863508,10792.838707863508,10792.838707863508,10792.838707863508,9988.198244900545,9202.71193008573,8409.006374530174,7584.431263419063,6759.556967122767,6759.556967122767,6759.556967122767,5971.522596752397,5348.849196666666,5348.849196666666,4520.028955925925,3710.501178148148,2905.526289259259,2905.526289259259,2905.526289259259,2049.7525299999998,1202.5252707407406,1202.5252707407406,1202.5252707407406,1202.5252707407406,1202.5252707407406,1202.5252707407406,1202.5252707407406,1202.5252707407406,1202.5252707407406,1934.7283462566502,1285.7690869973908,1200.0,1200.0,1200.0,1200.0,1200.0,1200.0,1200.0,1200.0,1200.0,1200.0
2025-11-24,2622.0362890279894,3372.0362890279894,3372.0362890279894,3372.0362890279894,3372.0362890279894,3372.0362890279894,3372.0362890279894,3372.0362890279894,4122.036289027989,4872.036289027989,4872.036289027989,4872.036289027989,4872.036289027989,4872.036289027989,5622.036147554315,5622.036147554315,5622.036147554315,5550.0,5550.0,6300.0,7050.0,7050.0,7050.0,7050.0,7050.0,7800.0,8550.0,9300.0,9300.0,9300.0,9300.0,9300.0,10050.0,10800.0,10800.0,10800.0,9873.453066548132,9873.453066548132,9873.453066548132,9873.453066548132,9873.453066548132,9873.453066548132,9094.263110971677,8377.384525651807,8377.384525651807,8377.384525651807,7891.422442018267,7043.582000288767,6279.466852965869,5574.015463119538,4946.574713471,4356.87203485829,3814.7942755990307,3372.5002364691427,2995.36452743697,2646.9987776743537,2390.5898331985923,2195.278878835064,2045.6065640202494,1994.0850897843704,1994.0850897843704,1996.4393417485962,2052.4307543901305,2096.383184181551,2178.3997041815505,2928.3997041815505,3678.3997041815505,4395.575308455218,5112.617801430173,5811.272014471278,6507.440479471278,7187.023258337126,7914.870156710849,8639.738032494428,9375.995509562124,10124.673874024711,10788.073926861438,10800.0,10800.0,10800.0,10718.676140755912,10718.676140755912,10709.230974089245,10704.693049253463,10441.42191952787,10149.810679085273,9825.06596459421,9438.758962488168,9412.908110636316,10104.637028426416,10777.534085938376,10777.534085938376,10777.534085938376,10799.181216752382,10799.99997957458,10799.99997957458,10799.99997957458,10799.99997957458,10799.99997957458,10799.99997957458,10799.99997957458,10799.99997957458,10799.99997957458,10799.99997957458,10799.99997957458,10799.99997957458,10799.99997957458,10046.396294389395,9245.446257352358,9245.446257352358,9245.446257352358,8454.609164759766,7641.585090685692,6806.149664759766,5979.5728499449515,5162.172849944952,4350.163405500507,3542.9272758708776,3542.9272758708776,3542.9272758708776,3542.9272758708776,2858.1784629629633,2026.2524074074076,1200.0,1200.0,1200.0,1200.0,1200.0,1200.0,1200.0,1200.0,1200.0,1200.0,1200.0,1200.0,1200.0,1200.0,1200.0,1200.0,1200.0,1200.0,1200.0,1200.0,1200.0
2025-11-25,2111.987180055047,2861.987180055047,3611.987180055047,3611.987180055047,3611.987180055047,3611.987180055047,3611.987180055047,3611.987180055047,3611.987180055047,3611.987180055047,3611.987180055047,3611.987180055047,4361.987180055046,5111.987180055046,5550.0,6300.0,6300.0,6300.0,6300.0,7050.0,7050.0,7050.0,7050.0,7800.0,8550.0,8550.0,8550.0,8550.0,8550.0,9300.0,9300.0,9300.0,10050.0,10800.0,10800.0,10800.0,9895.452417396587,9895.452417396587,9895.452417396587,9895.452417396587,9006.778935915107,9006.778935915107,9006.778935915107,9006.778935915107,9006.778935915107,9006.778935915107,9006.778935915107,8098.324046920314,7273.024541132536,6473.3363961308405,5737.1750368988305,5047.283339446417,4407.745857964936,3848.3554045890805,3364.844813523821,2942.658586414685,2594.0792202324283,2318.944526436264,2104.6234708807083,2104.6234708807083,2104.6234708807083,1931.1286823596895,1931.1286823596895,1800.0,1800.0,2550.0,3300.0,4050.0,4800.0,5550.0,6300.0,7050.0,8414.96711955726,9164.96711955726,9914.96711955726,10664.96711955726,10800.0,10800.0,10800.0,10800.0,10800.0,10800.0,10800.0,10528.941471780901,10248.869971172126,9967.925413175752,9967.925413175752,9541.698799781747,9095.122096078043,9299.999985112947,10626.846767002782,10799.99998630733,10799.99998630733,10799.99998630733,10799.99998630733,10799.99998630733,10799.99998630733,10799.99998630733,10799.99998630733,10799.99998630733,10799.99998630733,10799.99998630733,10799.99998630733,10799.99998630733,10799.99998630733,10799.99998630733,10799.99998630733,10031.62272704807,9309.568833333333,9309.568833333333,9309.568833333333,8502.500925925926,7682.76388888889,6848.749222222223,6026.265777777779,5218.091703703704,4419.78425925926,3627.598425925926,2833.639166666667,2008.8422777777778,1200.0,1200.0,1200.0,1200.0,1200.0,1200.0,1200.0,1200.0,1200.0,1200.0,1200.0,1200.0,1200.0,1200.0,1200.0,1200.0,1200.0,1200.0,1200.0,1200.0,1200.0,1200.0,1200.0,1200.0
2025-11-26,1691.3709044334105,1691.3709044334105,2441.3709044334105,3191.3709044334105,3191.3709044334105,3191.3709044334105,3941.3709044334105,4691.37090443341,4691.37090443341,5441.37090443341,6191.37090443341,6191.37090443341,6191.37090443341,6300.0,7050.0,7800.0,7800.0,7800.0,7800.0,7800.0,7800.0,7800.0,7800.0,7800.0,7800.0,7800.0,7800.0,7800.0,7800.0,7800.0,8550.0,9300.0,10050.0,10800.0,10800.0,10675.468820869748,10108.40913205449,10108.40913205449,10108.40913205449,10108.40913205449,10108.40913205449,9241.020531574055,9241.020531574055,9241.020531574055,9241.020531574055,9241.020531574055,9241.020531574055,8406.285154001447,7658.0903427087305,6938.453656422547,6266.726091367565,5640.790333589322,5068.195666922655,4553.859412214459,4056.6014963963935,3572.5514282643403,3177.659972314481,2811.951712577634,2442.9396014665235,2120.5734719481156,1829.1469550084341,1572.7359736222002,1370.880656753823,1200.0,1200.0,1894.212737879753,2626.3742465369805,3374.7273083427067,4124.727308342706,4874.727308342706,5624.727308342706,6374.727308342706,7693.38350575219,8443.38350575219,9193.38350575219,9943.38350575219,10693.38350575219,10693.38350575219,10693.38350575219,10693.38350575219,10693.38350575219,10693.38350575219,10693.38350575219,10693.38350575219,10693.38350575219,10693.38350575219,10327.53695240435,9915.53085681926,9915.53085681926,10049.999994113925,10349.11630423311,10349.11630423311,10799.999990081209,10799.999990081209,10799.999990081209,10799.999990081209,10799.999990081209,10799.999990081209,10785.9353138755,10785.344150776195,10785.344150776195,10785.344150776195,10785.344150776195,10785.344150776195,10785.344150776195,10785.344150776195,10785.344150776195,9991.40194707249,9166.181872998417,8363.689280405824,7556.034132257676,6749.767576702121,5949.245354479899,5949.245354479899,5949.245354479899,5164.25646559101,4355.57246559101,3528.4488544798987,2715.4081137391577,1897.7043174428613,1897.7043174428613,1897.7043174428613,1897.7043174428613,1200.0,1200.0,1200.0,1200.0,1200.0,1200.0,1200.0,1200.0,1200.0,1200.0,1200.0,1200.0,1200.0,1200.0,1200.0,1200.0,1200.0,1200.0,1200.0,1200.0,1200.0
2025-11-27,2925.773349594175,3675.773349594175,3675.773349594175,3675.773349594175,3675.773349594175,4050.0,4050.0,4050.0,4800.0,4800.0,4800.0,5550.0,6300.0,7050.0,7050.0,7050.0,7050.0,7800.0,8550.0,8550.0,8550.0,8550.0,8550.0,8550.0,8550.0,8550.0,8550.0,8550.0,8550.0,9300.0,9300.0,9300.0,10050.0,10800.0,10800.0,10800.0,9884.053005841757,9884.053005841757,9884.053005841757,9585.266244189732,8691.057762708251,8691.057762708251,8691.057762708251,8691.057762708251,8691.057762708251,9441.0577151514,8532.431641077326,7634.126576475391,6859.559220285358,6190.745699096187,5597.52377221435,5030.451018674915,4496.087018674915,4042.7946812056616,3644.7824312776906,3264.93083197124,2903.5450731485216,2556.974247190727,2263.4924323759124,2018.4468428698294,1778.5864500286484,1542.3392039716962,1569.480154267989,1581.9861383983139,1591.1607383983137,2341.1607383983137,3091.1607383983137,3841.1607383983137,4591.160738398314,5341.160738398314,6091.160738398314,6841.160738398314,8474.228044866708,9224.228044866708,9974.228044866708,10724.228044866708,10800.0,10800.0,10800.0,10800.0,10800.0,10800.0,10800.0,10486.531481521033,10204.815674484802,10204.815674484802,9794.037243199866,9349.417630243674,9349.417630243674,10060.263842697466,10799.99998965641,10777.511096918872,10758.472889588189,10758.472889588189,10758.472889588189,10749.161399921368,10749.161399921368,10745.054515887037,10730.60438823129,10730.60438823129,10730.60438823129,10730.60438823129,10730.60438823129,10730.60438823129,10730.60438823129,10730.60438823129,10730.60438823129,10730.60438823129,9896.404480823881,9110.9229993424,8314.16775860166,7477.983962305363,6633.278406749808,5799.237240083141,4990.636814157215,4190.9831104535115,4190.9831104535115,3659.9753333333338,3659.9753333333338,3659.9753333333338,2848.0857222222226,2039.6264629629632,2039.6264629629632,1200.0,1200.0,1200.0,1200.0,1200.0,1200.0,1200.0,1200.0,1200.0,1200.0,1200.0,1200.0,1200.0,1200.0,1200.0,1200.0,1200.0,1200.0,1200.0,1200.0,1200.0
2025-11-28,2074.375428250196,2074.375428250196,2074.375428250196,2824.375428250196,3574.3754282501955,3574.3754282501955,4324.375428250196,5074.375428250196,5074.375428250196,5074.375428250196,5074.375428250196,5824.375428250196,6574.375428250196,7324.375428250196,7324.375428250196,7324.375428250196,7324.375428250196,7324.375428250196,7324.375428250196,8074.375428250196,8074.375428250196,8074.375428250196,8074.375428250196,8074.375428250196,8074.375428250196,8074.375428250196,8074.375428250196,8824.375428250196,8839.867972843362,8839.867972843362,8839.867972843362,8839.867972843362,8839.867972843362,8839.867972843362,8291.643898769287,7739.174236662023,8402.81629319366,7888.227782612645,7365.692208040293,6811.114922408371,6233.69968166763,5662.8299891531915,5117.959718634991,4627.142582420955,4195.297778898248,3847.9833663605523,3588.6630515457373,3349.6612079524357,3158.0079083560195,3063.5340559118977,3063.5340559118977,3025.912567273414,2910.868456162303,2868.848333097424,2873.4728016684735,2873.7388395196945,2920.2862398886427,3010.9738873046135,3162.5419723046134,3336.2750627854793,3553.385523017091,3801.382757196282,4077.4103570743514,4371.905140096755,4684.669195096754,5434.669195096754,5885.417825350889,6177.564883978922,6447.764560699567,6698.722113387557,6977.770308387557,7230.532890002644,8160.905630018879,8160.905630018879,8160.905630018879,8160.905630018879,8160.905630018879,8480.794057333993,8860.60250347341,9203.233563102822,9556.073951534525,9851.240593629516,10095.003988629516,10295.538898399038,10488.951375282513,10662.88942754753,10753.402953403309,10779.12501,10800.0,10800.0,10799.999987424595,10799.999987424595,10799.999987424595,10799.999987424595,10799.999987424595,10799.999987424595,10799.999987424595,10799.999987424595,10799.999987424595,10799.999987424595,10799.999987424595,10799.999987424595,10799.999987424595,10799.999987424595,10799.999987424595,10799.999987424595,10276.765814814815,9764.483740740741,9268.571722222223,8776.834685185186,8283.82625925926,7781.724944444444,7267.902722222222,6752.340055555555,6259.986259259259,5781.3344074074075,5287.421777777778,4770.633333333333,4257.951851851852,3742.076481481481,3230.5400925925924,2734.380833333333,2250.4658518518518,1748.9444444444443,1200.0,1200.0,1200.0,1200.0,1200.0,1200.0,1200.0,1200.0,1935.809820889163,1935.809820889163,1464.7488579262,1464.7488579262,1464.7488579262,1464.7488579262,1464.7488579262,1464.7488579262,1464.7488579262,1200.1162203703707,1200.1162203703707,1200.1162203703707
2025-11-29,1815.0467878145407,2565.046787814541,3315.046787814541,3315.046787814541,3315.046787814541,4065.046787814541,4815.046787814541,4815.046787814541,4815.046787814541,5565.046787814541,6315.046787814541,6315.046787814541,7065.046787814541,7815.046787814541,7815.046787814541,8565.046787814541,9315.046787814541,9315.046787814541,9315.046787814541,9315.046787814541,10065.046787814541,10065.046787814541,9523.2560470738,9523.2560470738,9523.2560470738,9523.2560470738,10050.0,10050.0,10050.0,10050.0,10050.0,10050.0,10050.0,10800.0,10227.27962962963,9680.33118685837,9785.904172159348,9243.937231602777,8716.489593510138,8140.164412772897,7510.865357217341,6930.545394072813,6433.806160765992,5999.640304670981,5577.100459444098,5194.829433306604,4904.394285158456,4661.375531868685,4462.922401147049,4344.782839990678,4303.540815461618,4256.365667476872,4167.909519328724,4140.9886635748135,4151.3980386652165,4175.786690498212,4256.058900701315,4367.220138589485,4517.043003589485,4688.609915240361,4894.195125581206,5104.564830321312,5310.512529420665,5514.586031535213,5736.974336535213,5962.309131229262,6177.089864437644,6379.886100565677,6875.703672106779,7032.90665979477,7220.76737979477,7379.522477520969,8403.760160288824,8641.070114198532,9183.638116511756,9406.032678372596,9632.368773372596,9828.223984427688,10002.937293117991,10139.155585755085,10310.514918672083,10461.954760235949,10571.39245023595,10659.711044729662,10732.980015462197,10778.328837483969,10800.0,10800.0,10727.943537037037,10800.0,10800.0,10800.0,10800.0,10800.0,10800.0,10800.0,10800.0,10800.0,10800.0,10800.0,10800.0,10800.0,10800.0,10800.0,10800.0,10800.0,10558.000714096997,10053.304380763664,9553.630510393294,9049.400880763664,8522.3754178007,7988.044862245145,7475.985602985886,6994.982769652552,6501.992621504403,5968.757436319218,5441.097010393292,4926.508232615514,4411.13415854144,3862.9156400229217,3316.845825208107,2804.6736029858844,2292.0888992821806,1753.6019733562548,1200.0001215044026,1200.0001215044026,1200.0001215044026,1200.0001215044026,1200.0001215044026,1200.0001215044026,1200.0001215044026,1935.3904515044028,2674.372126504403,2674.372126504403,3417.369241504403,4157.945806504403,4896.9403065044025,5633.811691504403,6375.305296504403,7120.310296504403,7858.575346504403,8598.55775153391,8598.55775153391,7951.863510793168
2025-11-30,9202.073286348726,9202.073286348726,8496.393490052431,8496.393490052431,8496.393490052431,9246.393490052431,9300.0,9300.0,9300.0,9300.0,9300.0,9300.0,10050.0,10800.0,10800.0,10800.0,10800.0,10800.0,10800.0,10800.0,10800.0,10800.0,10800.0,10800.0,10800.0,10800.0,10800.0,10800.0,10800.0,10800.0,10800.0,10800.0,10800.0,10800.0,10800.0,10800.0,10800.0,10800.0,10800.0,10800.0,10800.0,10750.086919736645,10737.701597468862,10729.153476035417,10708.7367861518,10681.471707057195,9772.762725575714,8890.42097317491,8102.603917990071,7393.944702938335,6777.026379026941,6187.9526158463395,5605.381060290784,5108.8894004433905,4675.4640536332545,4243.582853237234,3830.1076060424593,3425.6195275479226,3081.1638979182926,2785.360688267924,2506.022878926186,2261.523247571252,2052.8635627705185,1861.1466006058608,1861.1466006058608,2611.146600605861,3361.146600605861,4111.146600605861,4861.146600605861,5611.146600605861,6361.146600605861,7111.146600605861,7469.054659947125,8219.054659947125,8969.054659947125,9719.054659947125,10469.054659947125,10502.793324600249,10529.594298467193,10529.594298467193,10529.594298467193,10529.594298467193,10529.594298467193,10259.86096413442,10259.86096413442,10259.86096413442,9809.779926671456,9314.312106397105,8762.180643434142,9183.559814814816,10187.530523834035,10800.0,10768.549843195091,10740.34144828651,10733.77378553549,10706.37674093046,10706.37674093046,10696.209020402548,10683.559814814816,10683.559814814816,10683.559814814816,10683.559814814816,10683.559814814816,10683.559814814816,10683.559814814816,10683.559814814816,10683.559814814816,9876.04225925926,9032.74212962963,8202.897685185186,7412.485648148148,6621.313388888889,5785.8263518518515,5785.8263518518515,5785.8263518518515,4983.331907407407,4176.463259259259,3374.1317962962958,2585.72624074074,2585.72624074074,2060.3995925925924,2060.3995925925924,2060.3995925925924,1200.0,1200.0,1200.0,1200.0,1200.0,1200.0,1200.0,1200.0,1200.0,1200.0,1200.0,1943.065455,2683.494610083074,2683.494610083074,2683.494610083074,2683.494610083074,2683.494610083074,2683.494610083074,2683.494610083074,2683.494610083074,2683.494610083074
2025-12-01,3373.6476745275195,3373.6476745275195,4123.6476745275195,4873.6476745275195,5623.6476745275195,5623.6476745275195,5623.6476745275195,6373.6476745275195,6373.6476745275195,7123.6476745275195,7123.6476745275195,7123.6476745275195,7123.6476745275195,7873.6476745275195,8623.64767452752,9373.64767452752,9373.64767452752,9373.64767452752,9373.64767452752,10123.64767452752,10123.64767452752,10123.64767452752,10123.64767452752,10123.64767452752,10123.64767452752,10123.64767452752,10123.64767452752,10123.64767452752,10123.64767452752,10123.64767452752,10123.64767452752,10123.64767452752,10123.64767452752,10800.0,10800.0,10800.0,9278.648113333336,9278.648113333336,8376.353639363815,7458.213511571547,7129.013055797374,7129.013055797374,7129.013055797374,7129.013055797374,7129.013055797374,7879.013055797374,7879.013055797374,6997.064155834429,6217.469505310137,5498.898085703889,4827.8195476671,4189.732828471384,3610.3565321750875,3117.9204092669993,2693.4209958825736,2304.330596658265,1927.4888688984363,1558.4373354586246,1266.2562058289946,1266.2562058289946,1266.2562058289946,1266.2562058289946,1200.000121919924,1200.000121919924,1800.0,2550.0,3300.0,4050.0,4800.0,5550.0,6300.0,7050.0,6881.992337805556,7631.992337805556,8381.992337805557,9131.992337805557,9881.992337805557,9989.449602164492,10049.922223017673,10101.552502456312,10101.552502456312,10101.552502456312,10101.552502456312,10101.552502456312,10101.552502456312,9709.963497377408,9292.665686044076,8825.116787411534,8825.116787411534,8903.358575017313,10180.890781154547,10799.999991255418,10799.999991255418,10799.999991255418,10799.999991255418,10799.999991255418,10799.999991255418,10799.999991255418,10794.34946574558,10794.34946574558,10794.34946574558,10794.34946574558,10794.34946574558,10794.34946574558,10794.34946574558,10794.34946574558,10794.34946574558,10794.34946574558,9991.530984264098,9179.055058338172,9179.055058338172,8335.01633611595,7483.933002782617,6650.418058338173,6650.418058338173,6650.418058338173,6222.8090740740745,5375.444370370371,4537.4814074074075,4537.4814074074075,3699.650407407408,2869.5930000000003,2048.9093333333335,1200.0,1200.0,1200.0,1200.0,1200.0,1200.0,1200.0,1200.0,1200.0,1200.0,1200.0,1944.033921811086,1944.033921811086,1944.033921811086,1856.837012962963,1856.837012962963,1856.837012962963,1201.13205,1201.13205,1201.13205,1201.13205
2025-12-02,1780.0004027254251,1780.0004027254251,2530.0004027254254,3280.0004027254254,4030.0004027254254,4030.0004027254254,4780.000402725425,5530.000402725425,5530.000402725425,6280.000402725425,7030.000402725425,7780.000402725425,8530.000402725425,9280.000402725425,10030.000402725425,10030.000402725425,10030.000402725425,10050.0,10050.0,10050.0,10050.0,10050.0,10050.0,10050.0,10050.0,10050.0,10050.0,10050.0,10050.0,10050.0,10050.0,10050.0,10050.0,10800.0,10800.0,10800.0,9463.474637407402,9463.474637407402,9463.474637407402,9463.474637407402,9463.474637407402,9463.474637407402,9463.474637407402,9463.474637407402,9463.474637407402,9463.474637407402,9402.119254551602,8499.289609123545,7686.336569568918,6900.2554928719255,6219.732350538078,5610.712796334947,5028.409444483095,4488.022501575567,4010.6241199442998,3571.8529334602395,3116.0894366457273,2656.7548578058436,2269.9535615095474,1898.9305479444347,1535.4217133154643,1200.0,1200.0,1200.0,1800.0,2550.0,3300.0,4050.0,4800.0,5550.0,6300.0,7050.0,7233.481909599316,7983.481909599316,8733.481909599315,9483.481909599315,10233.481909599315,10233.481909599315,10233.481909599315,10233.481909599315,10233.481909599315,10233.481909599315,9911.04290370096,9603.098159146555,9603.098159146555,9603.098159146555,9160.015533714133,8678.305446224556,8678.305446224556,9428.305446224556,10596.944509288243,10799.999988367306,10799.999988367306,10799.999988367306,10799.999988367306,10799.999988367306,10799.999988367306,10799.999988367306,10796.007770937153,10796.007770937153,10796.007770937153,10796.007770937153,10796.007770937153,10796.007770937153,10796.007770937153,10796.007770937153,10796.007770937153,10018.69765982604,9204.819530196412,8401.371382048263,7614.0784190853,7614.0784190853,7614.0784190853,7614.0784190853,6790.2064190853,5958.86753019641,5182.060641307521,4411.748048714929,3610.7221227890027,2827.645796296296,2018.3583148148145,2018.3583148148145,2018.3583148148145,1200.0,1200.0,1200.0,1200.0,1200.0,1200.0,1200.0,1200.0,1200.0,1934.26341,1934.26341,1934.26341,1934.26341,1934.26341,1934.26341,1934.26341,2522.3417433333334,2522.3417433333334,1854.7190951851853,1207.3802062962964,1207.3802062962964
2025-12-03,2176.517565185185,2926.517565185185,2926.517565185185,2926.517565185185,2926.517565185185,2926.517565185185,2926.517565185185,3676.517565185185,3676.517565185185,3676.517565185185,3676.517565185185,3676.517565185185,3676.517565185185,4426.517565185185,4426.517565185185,4800.0,4800.0,4800.0,4800.0,5550.0,6300.0,6300.0,6300.0,7050.0,7800.0,7800.0,7800.0,7800.0,8550.0,9300.0,10050.0,10050.0,10050.0,10800.0,10800.0,10800.0,8877.616632845029,8877.616632845029,8877.616632845029,8877.616632845029,8877.616632845029,8877.616632845029,8877.616632845029,8877.616632845029,8877.616632845029,9627.616632845029,9627.616632845029,8759.655657852592,7885.193405168737,7022.5171669453985,6282.600018854306,5631.50176796732,5021.082305004357,4463.911518271858,3972.588250925242,3522.0048280978103,3117.36431958349,2756.1187756065588,2441.3889237547073,2164.277280051852,1929.347139120915,1739.7622770369103,1563.4149255469388,1437.2938657632,1437.2938657632,2187.2938657632003,2937.2938657632003,3687.2938657632003,4437.2938657632,5187.2938657632,5937.2938657632,6687.2938657632,6389.114848220611,7139.114848220611,7889.114848220611,8639.114848220612,9389.114848220612,9389.114848220612,9389.114848220612,9389.114848220612,9389.114848220612,9389.114848220612,9389.114848220612,9389.114848220612,8979.165923679997,8549.55498037606,8549.55498037606,8020.766567972248,8020.766567972248,8770.766567972249,10125.395706772551,10125.395706772551,10695.21662962963,10695.21662962963,10695.21662962963,10695.21662962963,10695.21662962963,10695.21662962963,10695.21662962963,10695.21662962963,10695.21662962963,10695.21662962963,10695.21662962963,10695.21662962963,10695.21662962963,10695.21662962963,10695.21662962963,10695.21662962963,9867.133574074074,9867.133574074074,9867.133574074074,9020.763666666668,8197.643296296297,7386.248351851852,6597.558240740741,6013.26375925926,5225.789000000001,4429.498074074075,3635.6758518518523,2825.3656851851856,1992.1294259259262,1992.1294259259262,1992.1294259259262,1200.0,1200.0,1200.0,1200.0,1200.0,1200.0,1200.0,1200.0,1672.4958224074076,2416.1488906927807,2416.1488906927807,2416.1488906927807,2416.1488906927807,2416.1488906927807,3154.8669556927807,3154.8669556927807,3154.8669556927807,2520.461511248336,1873.3518445816694,1200.0,1200.0
2025-12-04,2323.709974658572,3073.709974658572,3823.709974658572,4573.709974658572,5323.709974658572,6073.709974658572,6073.709974658572,6823.709974658572,7573.709974658572,7573.709974658572,7573.709974658572,7573.709974658572,7573.709974658572,7573.709974658572,7573.709974658572,7573.709974658572,7573.709974658572,7573.709974658572,7573.709974658572,8323.709974658572,8323.709974658572,8323.709974658572,8323.709974658572,8323.709974658572,9073.709974658572,9073.709974658572,9073.709974658572,9823.709974658572,10050.0,10050.0,10050.0,10050.0,10050.0,10800.0,10800.0,10800.0,9912.871223703707,9912.871223703707,9912.871223703707,9912.871223703707,9912.871223703707,9912.871223703707,9912.871223703707,9912.871223703707,9912.871223703707,9912.871223703707,9243.3426536414,8337.447668986046,7485.409039288322,6720.945578033769,6028.692948418435,5352.854981988498,4711.319630136646,4068.011378683869,3467.588458749425,2974.8574782606565,2533.13596861578,2119.1688136927955,1751.7964803594623,1466.3490089046422,1466.3490089046422,1466.3490089046422,1313.2307791951616,1200.0,1200.0,1910.187415890574,2641.4491829809094,3346.94536865269,4075.6691573941634,4814.04166815596,5535.98983815596,6285.98983815596,6269.221838852209,7019.221838852209,7769.221838852209,8519.221838852209,9269.221838852209,9282.80453063273,9282.80453063273,9282.80453063273,9489.194435631038,9489.194435631038,9489.194435631038,9489.194435631038,9162.691865780656,9162.691865780656,9162.691865780656,8651.130743868967,8651.130743868967,9401.130743868967,10799.99998924381,10799.99998924381,10799.99998924381,10799.99998924381,10799.99998924381,10799.99998924381,10799.99998924381,10799.99998924381,10799.99998924381,10799.99998924381,10799.99998924381,10799.99998924381,10799.99998924381,10799.99998924381,10799.99998924381,10799.99998924381,10799.99998924381,10799.99998924381,9986.758470725292,9149.367729984551,8346.492304058625,8346.492304058625,8346.492304058625,8346.492304058625,7752.670891111112,7752.670891111112,6965.24790962963,6156.119761481482,5335.929020740741,4522.856520740741,3687.846946666667,2822.7025022222224,2011.9820577777778,1215.3207614814812,1215.3207614814812,1215.3207614814812,1215.3207614814812,1215.3207614814812,1215.3207614814812,1215.3207614814812,1215.3207614814812,1215.3207614814812,1215.3207614814812,1215.3207614814812,1949.4397664814812,2487.7329155439174,2487.7329155439174,2487.7329155439174,2487.7329155439174,1855.6589074074075,1200.0,1200.0,1200.0,1200.0
2025-12-05,2101.661574827841,2851.661574827841,3601.661574827841,4050.000000000001,4050.000000000001,4050.000000000001,4050.000000000001,4050.000000000001,4050.000000000001,4050.000000000001,4800.000000000001,5550.000000000001,6300.000000000001,7050.000000000001,7800.000000000001,8550.000000000002,8550.000000000002,8550.000000000002,9300.000000000002,9300.000000000002,9300.000000000002,9300.000000000002,9300.000000000002,9300.000000000002,9300.000000000002,9300.000000000002,9300.000000000002,9300.000000000002,9300.000000000002,10050.000000000002,10050.000000000002,10050.000000000002,10800.000000000002,10800.0,10167.005555555554,9558.393876805507,9652.284660335676,9079.608675758387,8514.397209126319,7923.7997125978345,7273.499620005242,6685.742501970647,6145.205189419986,5624.471995888761,5150.192612876944,4707.038226901186,4329.610338012297,4009.4714002733153,3757.629568448915,3568.3735717153313,3457.7251133462655,3338.2526729717633,3188.058061860652,3066.772008313246,2990.294751295073,2947.3975359790657,2911.7701208684966,2911.7701208684966,2917.4654108684967,2924.578687853242,2948.7185519842183,3011.7786692484824,3125.2034318432534,3269.2597945474213,3438.1387645474215,3719.461473938787,4469.461473938787,5200.309372997155,5912.971143885562,6602.849095613296,6863.932420613296,7123.427769042022,7194.564504086873,7944.564504086873,8694.564504086873,9444.564504086873,9766.107534086874,10048.869750431188,10253.884875816042,10380.947938856838,10496.037310631213,10598.16009935203,10699.52988935203,10737.25665637505,10772.591672444525,10800.0,10790.549760261427,10716.71773354235,10597.96160391272,10782.052819400586,10800.0,10800.0,10793.928805762474,10793.928805762474,10789.50279079998,10783.78965841731,10783.78965841731,10781.477907523366,10771.538921350673,10771.538921350673,10771.538921350673,10771.538921350673,10771.538921350673,10771.538921350673,10771.538921350673,10771.538921350673,10685.70376906992,10188.72065795881,9680.94952832918,9133.821750551402,8650.421750551403,8158.330769069921,7591.556694995847,7063.7496394402915,6555.808546847699,6003.175213514366,5451.805009810662,4908.424472773625,4370.40965795881,3835.687954255107,3309.9929542551067,2797.9892505514026,2271.5228986995508,1731.399694995847,1205.1830283291804,1205.1830283291804,1205.1830283291804,1205.1830283291804,1205.1830283291804,1205.1830283291804,1205.1830283291804,1205.1830283291804,1205.1830283291804,1205.1830283291804,1205.1830283291804,1205.1830283291804,1205.1830283291804,1205.1830283291804,1955.1829259259264,2152.233211713302,1695.1852487503388,1200.0,1200.0,1200.0
2025-12-06,2318.5096784599873,3068.5096784599873,3068.5096784599873,3818.5096784599873,4568.509678459987,4568.509678459987,4568.509678459987,4568.509678459987,4568.509678459987,4568.509678459987,4568.509678459987,4568.509678459987,4568.509678459987,4568.509678459987,4800.0,5550.0,6300.0,6300.0,7050.0,7800.0,7800.0,7800.0,7800.0,7800.0,8550.0,9300.0,9300.0,10050.0,10800.0,10800.0,10800.0,10800.0,10800.0,10800.0,10800.0,10209.763144227563,9928.11461476968,9331.712548513542,8717.941725817653,8069.27228215327,7400.166004375492,6784.816569926747,6169.662594158949,5587.065619512603,5131.703672488118,4729.2958591253455,4318.206525792012,3988.8743695084086,3747.190724222006,3566.8305686150243,3402.6982925540583,3205.099647465372,2998.7437770950014,2853.8970026568277,2721.6775167960964,2591.496976012597,2540.09228191165,2530.62980594298,2508.027509646684,2508.027509646684,2508.027509646684,2508.027509646684,2528.169162851601,2577.7283097376444,2697.1954347376445,2850.3865278410935,3571.6493113052397,4274.196203907194,4996.362014003538,5258.498472935637,5432.813337935638,5631.95335585101,5813.278107036711,6563.278107036711,7313.278107036711,8063.278107036711,8328.71129703671,8557.448039750177,8777.469973128063,8983.608806634862,9196.001940859798,9376.28220238493,9536.69577238493,9663.206906801795,9755.24952283242,9795.899330991659,9795.899330991659,9756.337302876118,9655.051747320562,9701.98364672009,10601.263151014244,10661.44438523363,10661.44438523363,10703.70596606682,10746.501569740243,10746.501569740243,10746.501569740243,10746.501569740243,10746.501569740243,10746.501569740243,10746.501569740243,10746.501569740243,10746.501569740243,10746.501569740243,10746.501569740243,10746.501569740243,10500.096351851853,10002.814185185187,9495.990370370373,8983.529259259261,8492.465166666669,7979.395129629632,7442.769203703706,6932.217611111113,6433.191555555557,5911.091555555557,5415.660314814816,4908.404481481482,4366.7378148148155,3810.7576481481487,3276.183518518519,2770.633518518519,2268.4124444444446,1733.588888888889,1200.0,1200.0,1200.0,1200.0,1200.0,1200.0,1200.0,1946.44818,2683.1208,3412.8468000000003,4149.817965,4887.78168,5610.12199817626,6358.5030181762595,7107.5265631762595,7837.22406317626,8579.684208176259,9321.675858176259,9321.675858176259,9321.675858176259
2025-12-07,10341.330623037535,10341.330623037535,9675.072289704201,9675.072289704201,9675.072289704201,9675.072289704201,10050.0,10800.0,10800.0,10800.0,10800.0,10800.0,10800.0,10800.0,10800.0,10800.0,10800.0,10800.0,10800.0,10800.0,10800.0,10800.0,10800.0,10800.0,10800.0,10800.0,10800.0,10800.0,10800.0,10800.0,10800.0,10800.0,10800.0,10800.0,10800.0,10800.0,9845.585266613334,9845.585266613334,9845.585266613334,9845.585266613334,9845.585266613334,9845.585266613334,9843.030002923537,9843.030002923537,10575.622826226345,10733.512621491638,10460.44101888968,9534.515092963755,8634.161940459024,7798.242392381792,7113.013047109428,6468.531049393919,5826.684641986511,5234.80871596019,4685.194573455312,4194.265838973129,3753.8846286303155,3385.0098040372795,3067.3194892224647,2768.64553371972,2502.2331051128263,2257.5520803495647,2004.989244810112,1800.0,1800.0,2550.0,3300.0,4050.0,4800.0,5550.0,6300.0,7050.0,6099.670574889453,6849.670574889453,7599.670574889453,8349.670574889453,9099.670574889453,9205.867179956083,9205.867179956083,9205.867179956083,9205.867179956083,9274.144178946064,9274.144178946064,8883.287121424417,8449.14252552183,7960.272397815898,7472.798759927033,6926.345216192953,6926.345216192953,7676.345216192953,9625.196033733002,10049.999984170541,10049.999984170541,10799.999984170541,10799.999984170541,10799.999984170541,10799.999984170541,10799.999984170541,10799.999984170541,10799.999984170541,10799.999984170541,10799.999984170541,10799.999984170541,10799.999984170541,10799.999984170541,10799.999984170541,10799.999984170541,10799.999984170541,10799.999984170541,10799.999984170541,10191.05475925926,10191.05475925926,10191.05475925926,9354.731666666667,8531.581518518518,7698.846333333333,6904.313944444444,6104.829962962963,5287.883666666667,4485.013277777778,3679.221851851852,2839.807037037037,2011.630611111111,1200.0,1200.0,1200.0,1200.0,1200.0,1200.0,1200.0,1200.0,1200.0,1200.0,1200.0,1200.0,1847.8374001851853,1847.8374001851853,1847.8374001851853,1847.8374001851853,1847.8374001851853,1200.7416038888891,1200.7416038888891,1200.7416038888891,1200.7416038888891
2025-12-08,2271.173332592593,3021.173332592593,3771.173332592593,3771.173332592593,3771.173332592593,4521.1733325925925,4800.0,5550.0,6300.0,6300.0,6300.0,6300.0,6300.0,6300.0,6300.0,7050.0,7050.0,7050.0,7800.0,8550.0,8550.0,8550.0,9300.0,10050.0,10050.0,10050.0,10050.0,10050.0,10050.0,10050.0,10050.0,10050.0,10050.0,10800.0,10800.0,10800.0,10800.0,10800.0,10800.0,10800.0,10800.0,10800.0,10800.0,10794.684114302727,10792.64047314987,10777.291524691374,10766.209154321004,9874.735629900568,9028.226862561469,8167.8511711467245,7350.244473859075,6586.401385255228,5855.58573710708,5781.957299316544,5781.957299316544,5781.957299316544,5781.957299316544,5795.333769355266,5224.526565651562,4685.85020283208,4183.423821879933,3664.8659437385963,3201.3104503042423,2773.602831289796,2773.602831289796,3523.602831289796,4273.602831289796,5007.942901999342,5722.536539833849,6402.272336469572,7075.054451469572,7708.177394752226,9834.634451523445,9834.634451523445,10050.0,10800.0,10800.0,10800.0,10800.0,10800.0,10800.0,10800.0,10800.0,10347.423005041299,9868.203334514965,9354.292253167627,8800.082065238468,8192.258014953244,7544.082274212504,8294.082274212504,9427.450703703704,10168.590888286344,10799.9999876406,10799.9999876406,10799.9999876406,10799.9999876406,10799.9999876406,10795.3044210287,10795.3044210287,10795.3044210287,10795.3044210287,10795.3044210287,10795.3044210287,10795.3044210287,10795.3044210287,10795.3044210287,10795.3044210287,10795.3044210287,10795.3044210287,10795.3044210287,10795.3044210287,10795.3044210287,10795.3044210287,9984.608161769442,9191.629476584256,8369.33318028796,7551.268606213886,6739.116958065738,5912.002143250923,5074.478106213886,4223.329217324997,3382.0162543620345,2608.633272880553,1827.140883991664,1200.0,1200.0,1200.0,1200.0,1200.0,1200.0,1200.0,1200.0,1200.0,1200.0,1200.0,1936.8715526709557,1936.8715526709557,1936.8715526709557,1936.8715526709557,1936.8715526709557,1936.8715526709557,1936.8715526709557,1936.8715526709557,1936.8715526709557
2025-12-09,3396.8198348972255,4146.8198348972255,4896.8198348972255,5646.8198348972255,6396.8198348972255,7146.8198348972255,7896.8198348972255,8646.819834897226,9396.819834897226,9396.819834897226,9396.819834897226,9396.819834897226,9396.819834897226,9396.819834897226,9396.819834897226,9396.819834897226,10050.0,10050.0,10050.0,10050.0,10050.0,10050.0,10050.0,10050.0,10050.0,10050.0,10050.0,10050.0,10050.0,10050.0,10050.0,10050.0,10050.0,10800.0,10800.0,10800.0,10800.0,10800.0,10800.0,10800.0,10800.0,10800.0,10800.0,10800.0,10800.0,10800.0,10800.0,9874.074074074075,8948.14814814815,8022.2222222222235,7140.929091349731,6306.905991566527,5493.927676751711,5015.619278601999,4312.111902873471,3670.389058664508,3070.4781835448093,3070.4781835448093,3070.4781835448093,2674.4521669666015,2284.5681996244825,1915.2016464640062,1678.4477093694204,1492.1395393599234,1492.1395393599234,2242.139539359923,2992.139539359923,3742.139539359923,4492.139539359923,5242.139539359923,5992.139539359923,6742.139539359923,8533.740053701551,9283.740053701551,10033.740053701551,10783.740053701551,10800.0,10800.0,10800.0,10800.0,10800.0,10800.0,10800.0,10331.974762110813,9814.018190971878,9266.529533376663,8678.837067341334,8044.314937956641,7384.763567586271,8118.981630436619,9129.492288948131,9850.00162742687,9850.00162742687,10570.981078653824,10799.99998780102,10783.55052499747,10783.55052499747,10776.143155834854,10776.143155834854,10776.143155834854,10776.143155834854,10776.143155834854,10776.143155834854,10776.143155834854,10776.143155834854,10776.143155834854,10776.143155834854,10776.143155834854,10776.143155834854,10776.143155834854,10776.143155834854,10776.143155834854,10776.143155834854,9976.261600279298,9181.953155834854,8329.38093361263,7508.32769287189,6686.734674353371,5834.52356324226,5003.644766945964,4212.234081760779,3423.522970649668,2614.108081760779,1772.7633780570754,1200.0,1200.0,1200.0,1200.0,1200.0,1200.0,1200.0,1200.0,1946.2693342912428,1946.2693342912428,1946.2693342912428,1946.2693342912428,1946.2693342912428,1946.2693342912428,1946.2693342912428,1946.2693342912428,1946.2693342912428,1863.4515361111112,1212.8978324074073,1212.8978324074073
2025-12-10,2646.0800052442755,3396.0800052442755,4146.0800052442755,4146.0800052442755,4896.0800052442755,4896.0800052442755,4896.0800052442755,5550.0,6300.0,7050.0,7050.0,7050.0,7050.0,7050.0,7800.0,8550.0,8550.0,8550.0,8550.0,8550.0,8550.0,9300.0,10050.0,10050.0,10050.0,10050.0,10050.0,10050.0,10050.0,10050.0,10050.0,10050.0,10050.0,10800.0,10800.0,10800.0,10800.0,10800.0,10800.0,10800.0,10800.0,10800.0,10800.0,10800.0,10800.0,10800.0,10800.0,9886.960655494942,8995.639824024252,8128.759011245873,7378.5087563851575,6644.736046993185,5910.44523217837,5251.646958896251,4658.11048688956,4106.5795805519865,4095.924063839944,4095.924063839944,3593.3166749510556,3128.7803856508285,2711.086987611431,2313.5429537567993,2008.1752965104436,1744.2879327386233,1744.2879327386233,2494.2879327386236,3244.2879327386236,3994.2879327386236,4744.287932738624,5494.287932738624,6244.287932738624,6994.287932738624,7825.999884200661,8457.338735750118,9109.999901508305,9782.110238795649,10457.313893795648,10446.031849091545,10446.031849091545,10446.031849091545,10446.031849091545,10446.031849091545,10068.877499145607,9645.713753128763,9184.432458582252,8667.446922680541,8067.393476858631,7411.2519844660865,6725.821521503123,7475.821521503123,9019.758520424431,9299.999989173986,9299.999989173986,10049.999989173986,10799.999989173986,10799.999989173986,10799.999989173986,10799.999989173986,10799.999989173986,10799.999989173986,10799.999989173986,10799.999989173986,10799.999989173986,10799.999989173986,10799.999989173986,10799.999989173986,10799.999989173986,10799.999989173986,10799.999989173986,10799.999989173986,10799.999989173986,10799.999989173986,10799.999989173986,9981.062026211022,9164.057748433244,8356.135526211023,7569.533822507319,6788.488026211023,5993.119507692504,5183.115544729541,4346.190341025837,3497.8792299147262,2692.0277113962075,1868.926415099911,1200.0,1200.0,1200.0,1200.0,1200.0,1200.0,1200.0,1200.0,1200.0,1200.0,1200.0,1200.0,1200.0,1200.0,1200.0,1200.0,1200.0,1200.0,1200.0,1200.0
2025-12-11,2561.0574332334227,3311.0574332334227,4061.0574332334227,4811.057433233423,4811.057433233423,4811.057433233423,5561.057433233423,6311.057433233423,6311.057433233423,6311.057433233423,7061.057433233423,7811.057433233423,7811.057433233423,7811.057433233423,7811.057433233423,7811.057433233423,7811.057433233423,8550.0,9300.0,9300.0,9300.0,9300.0,9300.0,9300.0,9300.0,9300.0,10050.0,10050.0,10050.0,10050.0,10050.0,10050.0,10050.0,10800.0,10800.0,10800.0,10800.0,10800.0,10800.0,10800.0,10800.0,10800.0,10800.0,10800.0,10800.0,10800.0,10800.0,9874.074074074075,8948.14814814815,8022.2222222222235,7162.413041227428,6350.236194720332,5556.902768794405,4836.4758570503245,4166.509925055033,3556.1647233328636,3556.1647233328636,3556.1647233328636,3022.412908518049,2554.997675693678,2153.6524904954454,1793.4616754539743,1472.1903656254149,1200.0000391135,1200.0000391135,1950.0000391135,2700.0000391135,3450.0000391135,4200.0000391135,4950.0000391135,5700.0000391135,6450.0000391135,8299.965586818409,9049.965586818409,9799.965586818409,10549.965586818409,10800.0,10800.0,10800.0,10800.0,10800.0,10800.0,10550.383471447809,10190.145288267171,9810.55066931642,9395.274464905824,8898.802426276818,8356.459906587279,7800.000184365057,8550.000184365057,9668.965341818177,10049.999990748945,10799.999990748945,10799.999990748945,10799.999990748945,10799.999990748945,10799.999990748945,10799.999990748945,10799.999990748945,10799.999990748945,10799.999990748945,10799.999990748945,10799.999990748945,10799.999990748945,10799.999990748945,10799.999990748945,10799.999990748945,10799.999990748945,10799.999990748945,10799.999990748945,10799.999990748945,10799.999990748945,10799.999990748945,9985.216009267464,9178.282472230427,8360.443583341537,7564.707379637834,6750.122805563759,5888.541324082278,5056.015398156353,4233.901861119315,3380.4444537119075,2508.7521944526484,1648.8581944526484,1200.0,1200.0,1200.0,1200.0,1200.0,1200.0,1200.0,1200.0,1200.0,1200.0,1200.0,1200.0,1200.0,1200.0,1200.0,1200.0,1200.0,1200.0,1200.0,1200.0
2025-12-12,2705.32218406587,3455.32218406587,3455.32218406587,3965.7419453899247,4715.741945389925,5465.741945389925,5465.741945389925,5465.741945389925,6215.741945389925,6965.741945389925,6965.741945389925,6965.741945389925,6965.741945389925,6965.741945389925,6965.741945389925,6965.741945389925,6965.741945389925,6965.741945389925,7715.741945389925,8465.741945389924,9215.741945389924,9965.741945389924,10715.741945389924,10715.741945389924,10715.741945389924,10715.741945389924,10715.741945389924,10715.741945389924,10715.741945389924,10715.741945389924,10715.741945389924,10715.741945389924,10050.0,10800.0,10800.0,10800.0,10138.229810879398,9924.327911865614,9272.185089839584,8556.411283740823,7753.955283740823,7021.4980329404325,6371.873166010559,6371.873166010559,5766.0720082994985,5211.585584962138,4731.239196073248,4310.456129415199,3942.6356706316865,3606.581606134958,3345.7363729862063,3103.3885398876714,2830.2201509987826,2578.456872228823,2338.0437812602804,2096.430833883441,1964.8133431536935,1904.2098328009706,1841.127129097267,1805.2297088404828,1770.276244091783,1742.4412817212722,1742.4412817212722,1742.4412817212722,1742.4412817212722,2492.4412817212724,3242.4412817212724,3992.4412817212724,4742.441281721272,5492.441281721272,6242.441281721272,6992.441281721272,9540.871594839798,9579.947707700549,9637.967817498877,10376.767320490088,10404.225255490088,10451.085566943342,10479.522528104324,10501.576673557884,10560.908121136088,10654.135311881251,10734.74054188125,10796.031269738172,10800.0,10800.0,10736.906933953313,10660.058130679876,10584.16046401321,10798.499511605478,10775.438029460198,10713.084396353024,10686.554519158673,10646.570464959774,10633.967976957123,10630.488974430338,10630.488974430338,10625.597668376151,10622.606703703705,10622.606703703705,10622.606703703705,10622.606703703705,10622.606703703705,10622.606703703705,10622.606703703705,10622.606703703705,10622.606703703705,10080.186592592594,9565.280055555557,9036.337462962963,8502.530092592593,7963.184925925927,7447.74788888889,6946.475944444445,6441.085333333334,5912.870518518519,5347.556981481482,4776.223074074074,4237.160111111111,3730.5098703703707,3231.4074259259264,2723.912981481482,2229.5520185185187,1715.3370370370371,1200.0,1200.0,1200.0,1200.0,1200.0,1200.0,1200.0,1200.0,1945.4085300000002,2669.8020300000003,3414.8168043572996,3414.8168043572996,3414.8168043572996,3414.8168043572996,3414.8168043572996,3414.8168043572996,3414.8168043572996,3414.8168043572996,3414.8168043572996,3414.816804357299
2025-12-13,4985.1982287037035,5735.1982287037035,5735.1982287037035,6485.1982287037035,7050.0,7050.0,7800.0,8550.0,9300.0,10050.0,10800.0,10800.0,10800.0,10800.0,10800.0,10800.0,10800.0,10800.0,10800.0,10800.0,10800.0,10800.0,10800.0,10800.0,10800.0,10800.0,10800.0,10800.0,10101.403703703703,9434.224994378845,9434.224994378845,10184.224994378845,10184.224994378845,10800.0,10800.0,10800.0,10144.94416273125,9456.768020576843,9456.768020576843,8760.151936700304,7969.181121885489,7217.399272088737,6560.671008946639,5961.790751540368,5829.093758326278,5255.882602568641,4836.683417383456,4415.452884914782,4023.741817682487,3713.512775412903,3530.8671038081034,3350.5274340565265,3088.245915538008,2875.441017282918,2700.5636052297946,2535.1883690365735,2438.384768421146,2400.386086569486,2400.386086569486,2400.386086569486,2400.386086569486,2421.688563864829,2466.4519592409647,2547.5947971859437,2616.8829471859435,3366.8829471859435,4116.8829471859435,4243.5892243055205,4993.5892243055205,5743.5892243055205,6493.5892243055205,7239.179417292698,9242.735633374405,9356.576576696887,9941.770801453911,10647.332878579484,10707.421348579484,10772.771957456938,10792.907731078933,10792.907731078933,10792.907731078933,10800.0,10800.0,10785.722331891151,10734.220464052352,10658.198516993256,10580.44970493261,10536.841603217139,10486.732047661584,10452.213871563245,10800.0,10745.347096802896,10713.559572649105,10695.062226248452,10674.772325285578,10669.761979520337,10669.761979520337,10669.032583581999,10669.032583581999,10668.284793075289,10668.284793075289,10668.284793075289,10668.284793075289,10668.284793075289,10668.284793075289,10668.284793075289,10668.284793075289,10140.011163445659,9627.500181964177,9071.631663445658,8564.415496778991,8105.182149317958,7553.752519688328,7016.6723715401795,6475.534223392031,5896.550890058697,5345.914353021661,4851.6141307994385,4373.888204873512,3837.2726122809195,3258.9277789475864,2723.083334503142,2230.1892419105493,1730.46298265129,1200.000019688327,1200.000019688327,1200.000019688327,1200.000019688327,1200.000019688327,1200.000019688327,1200.000019688327,1946.787109688327,2682.001444688327,3401.951944688327,4144.903009688327,4893.703534688328,5634.679534688328,6380.038864688328,7120.756024688329,7846.453024688329,8585.217964688329,9329.340019688329,10073.527519688329,10073.527519688327
2025-12-14,10800.0,10800.0,10800.0,10800.0,10800.0,10800.0,10800.0,10800.0,10800.0,10800.0,10800.0,10800.0,10800.0,10800.0,10800.0,10050.000881116062,10050.000881116062,10800.0,10800.0,10800.0,10800.0,10800.0,10800.0,10800.0,10800.0,10800.0,10800.0,10800.0,10800.0,10215.583555555555,9300.0,9300.0,10050.0,10800.0,10800.0,10800.0,10800.0,10800.0,10800.0,10800.0,10800.0,10800.0,10800.0,10800.0,10800.0,10800.0,10800.0,9889.748801553907,8976.735286510173,8087.13685549655,7304.854375881498,6617.962178430563,5962.058604356489,5315.2900956275835,4701.72521578639,4118.868187743923,3623.0660579809687,3623.0660579809687,3623.0660579809687,3169.127126777237,2744.10469512208,2352.165164867587,1953.3784658501672,1552.4868561753783,1552.4868561753783,2302.4868561753783,3052.4868561753783,3802.4868561753783,4552.486856175378,5302.486856175378,6052.486856175378,6802.486856175378,7045.681329261982,7795.681329261982,8545.68132926198,9295.68132926198,10045.68132926198,10045.68132926198,10045.68132926198,10045.68132926198,10045.68132926198,10045.68132926198,10045.68132926198,9594.435395194334,9119.161332240234,8633.932189265022,8082.4592357176325,7452.558926349,6758.518886089033,7508.518886089033,9318.809040127097,9322.48300814335,9322.48300814335,9322.48300814335,10066.534035715988,10799.999988820846,10799.999988820846,10799.999988820846,10799.999988820846,10799.999988820846,10799.999988820846,10799.999988820846,10799.999988820846,10799.999988820846,10799.999988820846,10799.999988820846,10799.999988820846,10799.999988820846,10799.999988820846,10799.999988820846,10799.999988820846,10799.999988820846,10380.526814814817,9574.380314814816,8729.98501851852,7871.064648148149,7041.5607222222225,6235.283870370371,5424.44312962963,4611.976388888889,3762.4042592592596,2883.6764814814815,2036.2003148148146,1200.0,1200.0,1200.0,1200.0,1200.0,1200.0,1200.0,1200.0,1200.0,1200.0,1200.0,1200.0,1200.0,1200.0,1200.0,1200.0,1200.0,1200.0,1200.0,1200.0,1200.0
2025-12-15,2646.595103401379,3300.0,4050.0,4800.0,5550.0,5550.0,5550.0,5550.0,6300.0,6300.0,6300.0,6300.0,6300.0,6300.0,6300.0,6300.0,7050.0,7800.0,8550.0,8550.0,8550.0,9300.0,10050.0,10050.0,10050.0,10050.0,10050.0,10050.0,10050.0,10050.0,10050.0,10050.0,10050.0,10800.0,10800.0,10800.0,10800.0,10800.0,10800.0,10800.0,10800.0,10800.0,10800.0,10800.0,10800.0,10800.0,10800.0,9888.638245962573,8964.216315966312,8058.03927122333,7202.022257709189,6414.916573155353,5686.739739822019,5366.25501760695,5366.25501760695,4659.880140392739,4013.956871413658,4013.956871413658,3448.1164084506954,2910.2564797210566,2402.192365361672,1959.23768842477,1564.4064660840395,1200.0000392365182,1200.0000392365182,1950.0000392365182,2700.000039236518,3450.000039236518,4200.000039236518,4950.000039236518,5700.000039236518,6450.000039236518,7517.75960141455,8267.75960141455,9017.75960141455,9767.75960141455,10450.494023745357,10373.103711867805,10337.032771038015,10310.029066008768,10310.029066008768,10300.563545122177,9945.334674751806,9577.799071801264,9171.01232023572,8696.656111218828,8207.64779353909,7660.495578902905,7019.033282606609,7704.612833289153,9045.665556751545,9789.151764956114,10537.104175155615,10537.104175155615,10537.104175155615,10799.999991692357,10799.999991692357,10799.999991692357,10799.999991692357,10799.999991692357,10799.999991692357,10799.999991692357,10799.999991692357,10799.999991692357,10799.999991692357,10799.999991692357,10799.999991692357,10799.999991692357,10799.999991692357,10799.999991692357,10799.999991692357,10799.999991692357,10799.999991692357,9979.9094361368,9186.423306507171,8381.167750951616,7554.073010210875,6717.653287988653,5877.875510210875,5080.394399099764,4285.645250951616,3441.0563620627267,2567.912010210875,1714.2421583590233,1200.0,1200.0,1200.0,1200.0,1200.0,1200.0,1200.0,1200.0,1937.7520639643806,1885.8903331481483,1885.8903331481483,1885.8903331481483,1885.8903331481483,1885.8903331481483,1885.8903331481483,1885.8903331481483,1885.8903331481483,1885.8903331481483,1885.8903331481483,1222.8278331481483
2025-12-16,2550.0,2550.0,2550.0,3300.0,4050.0,4800.0,4800.0,4800.0,5550.0,6300.0,7050.0,7800.0,8550.0,8550.0,8550.0,8550.0,9300.0,10050.0,10050.0,10050.0,10050.0,10050.0,10050.0,10050.0,10050.0,10050.0,10050.0,10050.0,10050.0,10050.0,10050.0,10050.0,10050.0,10800.0,10800.0,10800.0,10800.0,10800.0,10800.0,10800.0,10800.0,10800.0,10800.0,10800.0,10800.0,10800.0,10800.0,9874.074074074075,8948.14814814815,8022.2222222222235,7121.895758811674,6269.169504531919,5458.59061564303,4705.905872437905,4006.044344909589,4002.7738423140827,4002.7738423140827,4002.7738423140827,3417.1810274992677,2928.112523141671,2441.630094902451,1939.9371376810625,1540.761644685492,1200.0000237015302,1200.0000237015302,1950.0000237015302,2700.00002370153,3423.8421499548936,4152.250618841175,4881.040329536397,5604.932994536397,6324.787198198826,7627.112879736691,8322.425104338114,9030.214317203814,9755.215363140558,10505.215363140558,10505.215363140558,10505.215363140558,10505.215363140558,10505.215363140558,10505.215363140558,10118.407677955372,9742.702266929695,9382.8648866631,8983.337055408307,8515.396939465041,7959.005565171668,7368.43154665315,8118.43154665315,9396.595555555556,9396.595555555556,10049.999990993063,10799.999990993063,10799.999990993063,10799.999990993063,10799.999990993063,10799.999990993063,10799.999990993063,10799.999990993063,10799.999990993063,10799.999990993063,10799.999990993063,10799.999990993063,10799.999990993063,10799.999990993063,10799.999990993063,10799.999990993063,10799.999990993063,10799.999990993063,10799.999990993063,10799.999990993063,10311.094,9505.594925925925,8703.473944444444,7858.503574074074,6989.889462962963,6158.267555555555,5359.312,4557.439962962962,3712.6361666666667,2861.9861666666666,2031.273611111111,1200.0,1200.0,1200.0,1200.0,1200.0,1200.0,1200.0,1200.0,1200.0,1944.7185195648358,1944.7185195648358,2685.6690795648356,2685.6690795648356,2685.6690795648356,3425.6612145648355,3425.6612145648355,3425.6612145648355,3425.6612145648355,3425.6612145648355,3425.6612145648355,3425.6612145648355
2025-12-17,4788.49291857177,4788.49291857177,4788.49291857177,4788.49291857177,5538.49291857177,6288.49291857177,6288.49291857177,6288.49291857177,6288.49291857177,7038.49291857177,7788.49291857177,7788.49291857177,7788.49291857177,7788.49291857177,7788.49291857177,8538.490197490702,9288.490197490702,9288.490197490702,9288.490197490702,9288.490197490702,9288.490197490702,10038.490197490702,10788.490197490702,10788.490197490702,10788.490197490702,10788.490197490702,10788.490197490702,10788.490197490702,10788.490197490702,10788.490197490702,10050.0,10050.0,10050.0,10800.0,10800.0,10800.0,10800.0,10800.0,10800.0,10800.0,10800.0,10800.0,10800.0,10800.0,10800.0,10800.0,10800.0,9874.074074074075,8959.897806931196,8069.359658555666,7261.245813632337,6512.514090424552,5794.351090424551,5138.11838378412,4490.14861450705,3776.809021496384,3476.97448898113,3476.97448898113,2981.582192684834,2618.937050718419,2266.6866515039624,1925.9035277731373,1583.5689918145388,1262.8093701001428,1262.8093701001428,2012.8093701001428,2762.8093701001426,3512.8093701001426,4262.809370100143,5012.809370100143,5762.809370100143,6512.809370100143,7411.802635288941,8161.802635288941,8911.802635288941,9661.802635288941,10411.802635288941,10411.802635288941,10411.802635288941,10411.802635288941,10411.802635288941,10411.802635288941,10411.802635288941,10149.432128819164,9811.61438068605,9357.372582998278,8880.345439187895,8352.327470093454,7815.80085987807,8565.800859878069,9636.876510125943,10049.999988315565,10799.999988315565,10799.999988315565,10799.999988315565,10799.999988315565,10799.999988315565,10799.999988315565,10799.999988315565,10799.999988315565,10799.999988315565,10799.999988315565,10799.999988315565,10799.999988315565,10799.999988315565,10799.999988315565,10799.999988315565,10799.999988315565,10799.999988315565,10799.999988315565,10799.999988315565,10799.999988315565,10799.999988315565,9953.959469797046,9116.33678461186,8313.388636463711,7514.38715498223,6703.5251179451925,5879.654747574822,5097.586488315563,4328.794821648896,3544.2985253525994,2742.6882846118588,1918.6885438711183,1200.0,1200.0,1200.0,1200.0,1200.0,1200.0,1200.0,1200.0,1200.0,1200.0,1200.0,1941.012837222222,1941.012837222222,1941.012837222222,1941.012837222222,1941.012837222222,1941.012837222222,1941.012837222222,1941.012837222222,1201.7021520370367
2025-12-18,3323.936433721476,4073.936433721476,4073.936433721476,4073.936433721476,4073.936433721476,4823.936433721476,5573.936433721476,6323.936433721476,7073.936433721476,7073.936433721476,7073.936433721476,7073.936433721476,7073.936433721476,7073.936433721476,7073.936433721476,7073.936433721476,7823.936433721476,8573.936433721476,9323.936433721476,10073.936433721476,10073.936433721476,10073.936433721476,10800.0,10800.0,10800.0,10800.0,10800.0,10800.0,10800.0,10800.0,10800.0,10800.0,10800.0,10800.0,10800.0,10800.0,10800.0,10800.0,10800.0,10800.0,10800.0,10800.0,10800.0,10800.0,10800.0,10800.0,10800.0,9874.074074074075,8948.14814814815,8052.343278585802,7161.3031727851,6310.993861560157,5536.293528226824,4792.416608543155,4341.426935491534,4341.426935491534,4341.426935491534,4341.426935491534,3808.645676232275,3336.1424620233756,2908.3455891437425,2513.7523137212693,2154.156460000872,1838.5689694944094,1838.5689694944094,2588.5689694944094,3338.5689694944094,4050.582954410328,4779.343517619261,5486.853226520667,6199.871326520667,6903.9778026793,7928.028323375662,8662.527316189575,9397.937603873816,10136.361970762546,10800.0,10800.0,10800.0,10800.0,10800.0,10800.0,10784.848,10399.959010916526,10003.906687744982,9555.654373212321,9071.13144513468,8536.39703970475,7974.461261926973,8695.48837047692,9522.593567738186,10254.570840146189,10799.999990171182,10799.999990171182,10795.7313208084,10795.7313208084,10795.7313208084,10795.7313208084,10794.389093908758,10794.389093908758,10794.389093908758,10794.389093908758,10794.389093908758,10794.389093908758,10794.389093908758,10794.389093908758,10794.389093908758,10794.389093908758,10794.389093908758,10794.389093908758,10794.389093908758,10794.389093908758,10794.389093908758,10014.819705019869,9184.84429761246,8311.972075390238,7514.556242056905,6750.114186501349,5934.716038353201,5089.7966494643115,4253.353112427274,3448.6586679828297,2617.522593908756,1779.4577605754225,1200.0,1200.0,1200.0,1200.0,1200.0,1200.0,1200.0,1200.0,1844.2705406036375,1844.2705406036375,1844.2705406036375,1844.2705406036375,1844.2705406036375,1205.003440740741,1205.003440740741,1205.003440740741,1205.003440740741,1205.003440740741,1205.003440740741,1205.003440740741
2025-12-19,2548.445006091244,3298.445006091244,3298.445006091244,3298.445006091244,4048.445006091244,4798.445006091244,5548.445006091244,5548.445006091244,5548.445006091244,6188.621108562403,6938.621108562403,6938.621108562403,7688.621108562403,8438.621108562402,9188.621108562402,9938.621108562402,9938.621108562402,9938.621108562402,9300.0,9300.0,9300.0,10050.0,10800.0,10800.0,10800.0,10800.0,10800.0,10800.0,10800.0,10800.0,10800.0,10800.0,10800.0,10800.0,10800.0,10140.378537037037,10146.209,9479.009,8852.266411529143,8192.697157567192,7484.459731641266,6761.922028723182,6076.887923986673,5484.3778049174825,5376.031622729655,5376.031622729655,4924.96619680373,4574.64864214902,4278.0029801456885,4009.7038953493607,3742.6974380766806,3479.5155201209936,3213.210390491364,2953.327696838686,2754.670685095095,2647.274932163943,2613.047463435498,2613.047463435498,2613.047463435498,2667.218303174037,2759.771520115476,2858.1168543093527,2930.8217102589597,3048.7250676282283,3192.8421276282284,3942.8421276282284,4692.842127628228,5363.9102665203545,6113.9102665203545,6863.9102665203545,7613.9102665203545,8003.403107989303,9058.13524956827,9239.161630198587,9450.948868434936,10016.110577484638,10179.185222484639,10326.384699712024,10450.013129095452,10547.663364942247,10663.356153905024,10755.678735,10800.0,10800.0,10766.46538980807,10684.539023728927,10610.75154371722,10525.510287881838,10420.325084178134,10420.325084178134,10799.999986239707,10799.999986239707,10799.999986239707,10799.999986239707,10799.999986239707,10799.999986239707,10799.999986239707,10799.999986239707,10799.999986239707,10799.999986239707,10799.999986239707,10799.999986239707,10799.999986239707,10799.999986239707,10799.999986239707,10799.999986239707,10706.126240740741,10160.21251851852,9616.538666666667,9102.544222222223,8590.493981481482,8078.022018518519,7561.020166666667,7039.267166666667,6521.198666666667,6014.187555555556,5491.268222222223,4992.904888888889,4506.721555555556,3955.952444444445,3378.1223888888894,2849.4001666666672,2319.714166666667,1764.8351851851853,1200.0,1200.0,1200.0,1200.0,1200.0,1200.0,1200.0,1200.0,1200.0,1200.0,1942.1151300000001,1942.1151300000001,1942.1151300000001,1942.1151300000001,1942.1151300000001,1942.1151300000001,2671.2402150000003,3418.486215000001,3418.486215000001,3418.486215000001
2025-12-20,4706.890745086417,5456.890745086417,5456.890745086417,5456.890745086417,5456.890745086417,5456.890745086417,5456.890745086417,5456.890745086417,5456.890745086417,6206.890745086417,6956.890745086417,7706.890745086417,7706.890745086417,7706.890745086417,8456.890745086417,9206.890745086417,9206.890745086417,9206.890745086417,9956.890745086417,10665.971697529336,10665.971697529336,10665.971697529336,10665.971697529336,10050.0,10050.0,10050.0,10050.0,10050.0,10050.0,10050.0,10050.0,10050.0,10050.0,10800.0,10800.0,10068.940018518519,10123.320925925926,9473.01949077193,8882.578051948483,8232.817041320037,7497.438022801518,6811.885226265329,6167.168777813665,5538.803505058565,4984.703458086289,4445.799410118397,3972.2966138221004,3546.886766493557,3170.612111247846,2874.894890248108,2606.515544121008,2365.3230835954073,2132.4237317435554,1895.7084492765944,1690.1208438166655,1597.3237633155686,1587.3985834495747,1587.3985834495747,1587.3985834495747,1587.3985834495747,1602.187459709216,1658.6652818624761,1759.4572039487646,1917.8814804359195,2130.8423454359195,2880.8423454359195,3630.8423454359195,4380.84234543592,5130.84234543592,5880.84234543592,6630.84234543592,7380.84234543592,7943.834202063988,8684.867717312065,9126.575182366036,9866.314489764818,10046.322709764818,10224.837283678038,10364.914428788297,10474.484312094071,10600.861707128724,10711.22438118895,10780.219161188948,10800.0,10800.0,10793.641165235731,10761.031674785538,10670.161306527501,10548.465676897871,10548.465676897871,10799.999985399058,10799.999985399058,10799.999985399058,10799.999985399058,10799.999985399058,10799.999985399058,10799.999985399058,10799.999985399058,10799.999985399058,10799.999985399058,10799.999985399058,10799.999985399058,10799.999985399058,10799.999985399058,10799.999985399058,10799.999985399058,10799.999985399058,10233.446170584242,9667.96855947313,9153.794485399058,8653.485115028687,8146.209633547205,7638.952226139798,7132.53557799165,6608.7080594731315,6079.219170584242,5601.010540954613,5122.478244658317,4590.244911324983,4041.196985399057,3483.514003917576,2939.9936335472053,2414.4674668805387,1872.8692816953535,1316.03594836202,1316.03594836202,1316.03594836202,1316.03594836202,1316.03594836202,1316.03594836202,1316.03594836202,1316.03594836202,2059.12975336202,2788.75525336202,3526.69189336202,4271.63944336202,5016.41944336202,5759.8015033620195,6502.954408362019,7236.36590836202,7236.36590836202,7969.46771836202,8708.82821836202,8708.828218362021
2025-12-21,10035.430865925926,10785.430865925926,10785.430865925926,10785.430865925926,10785.430865925926,10785.430865925926,10785.430865925926,10785.430865925926,10785.430865925926,10800.0,10800.0,10800.0,10800.0,10800.0,10800.0,10800.0,10800.0,10800.0,10800.0,10800.0,10800.0,10800.0,10800.0,10800.0,10800.0,10800.0,10800.0,10800.0,10800.0,10050.0,10050.0,10050.0,10050.0,10800.0,10800.0,10800.0,10800.0,10800.0,10800.0,10800.0,10800.0,10073.67219815603,10073.67219815603,10073.67219815603,10073.67219815603,10780.55335278426,10780.55335278426,9854.627426858335,8928.70150093241,8059.015178513712,7212.754879851302,6417.712894305844,5681.485875787325,5008.65008343455,4617.826087972625,4617.826087972625,4053.1123511363494,4053.1123511363494,3660.8466844696823,3239.2679814721587,2795.1264601436174,2395.588567990135,2052.9019797488104,1695.7505213500858,1290.621113942678,2040.621113942678,2790.6211139426778,3540.6211139426778,4290.621113942678,5040.621113942678,5790.621113942678,6540.621113942678,6629.876632817421,7379.876632817421,8129.876632817421,8879.87663281742,9629.87663281742,9629.87663281742,9629.87663281742,9629.87663281742,9632.169670012494,9632.169670012494,9638.697955012494,9256.282792603202,8784.33812202224,8228.601052745462,7660.215228852813,7019.386282568411,6297.8062718985875,7047.8062718985875,9383.14004586706,10055.736363434791,10799.999991130713,10799.999991130713,10799.999991130713,10799.999991130713,10799.999991130713,10799.999991130713,10799.999991130713,10799.999991130713,10799.999991130713,10799.999991130713,10799.999991130713,10799.999991130713,10799.999991130713,10799.999991130713,10799.999991130713,10799.999991130713,10799.999991130713,10799.999991130713,10799.999991130713,10799.999991130713,10320.758703703705,9493.48614814815,8659.438685185187,7819.844240740742,7003.191407407408,6189.161574074074,5338.959722222223,4472.837814814815,3629.96462962963,2823.4331481481486,2022.8259814814817,1200.0,1200.0,1200.0,1200.0,1200.0,1200.0,1200.0,1200.0,1200.0,1200.0,1200.0,1200.0,1941.0063627327877,1941.0063627327877,1270.9856034735285,1270.9856034735285,1270.9856034735285,1222.961942962963,1222.961942962963,1222.961942962963,1222.961942962963
2025-12-22,2777.558678684572,3527.558678684572,4277.558678684572,4277.558678684572,4277.558678684572,4800.0,5550.0,6300.0,7050.0,7800.0,7800.0,7800.0,8550.0,9300.0,9300.0,9300.0,9300.0,9300.0,9300.0,9300.0,9300.0,9300.0,9300.0,10050.0,10050.0,10050.0,10800.0,10800.0,10800.0,10800.0,10800.0,10800.0,10800.0,10800.0,10800.0,10800.0,10800.0,10800.0,10800.0,10800.0,10800.0,10800.0,10800.0,10800.0,10800.0,10800.0,10800.0,9874.074074074075,8948.14814814815,8060.135750665984,7167.977535687281,6326.17121421172,5573.519880878387,4891.340878645935,4230.536372597148,3616.29828513381,3616.29828513381,3616.29828513381,3387.538851352865,2876.3324984419196,2387.9764398305433,2029.4554489745385,1719.4719927151264,1438.4945844898775,1438.4945844898775,2132.5227823635973,2831.6425493933125,3456.7532160969295,4089.699367539737,4756.296990690229,5462.338395690229,6124.043511910139,7365.559396467054,8024.315904711878,8677.173892841385,9346.439893046952,10037.404618046952,10023.727911784117,9998.864699011707,9998.864699011707,9998.864699011707,9998.864699011707,9998.864699011707,9628.014500234916,9201.47795478507,8743.922583851734,8234.657597230287,7632.403468376082,6983.803394302008,7731.890638630188,9363.819290508842,10113.819290508842,10113.819290508842,10113.819290508842,10113.819290508842,10113.819290508842,10113.819290508842,10113.819290508842,10799.999986043635,10799.999986043635,10799.999986043635,10799.999986043635,10799.999986043635,10799.999986043635,10799.999986043635,10799.999986043635,10799.999986043635,10799.999986043635,10799.999986043635,10799.999986043635,10799.999986043635,10799.999986043635,10221.995777777776,9408.307370370369,8623.905333333332,7816.740518518518,6996.572685185185,6171.601481481482,5335.653333333334,4522.2522592592595,3702.0560185185186,2849.176388888889,2018.3207592592594,1200.0,1200.0,1200.0,1200.0,1200.0,1200.0,1200.0,1200.0,1200.0,1775.570602265501,1775.570602265501,1775.570602265501,2520.242002265501,2520.242002265501,1862.745833703704,1862.745833703704,1862.745833703704,1862.745833703704,1202.6081855555558,1202.6081855555558,1202.6081855555558
2025-12-23,2338.2196749999994,3088.2196749999994,3088.2196749999994,3838.2196749999994,4588.219674999999,4588.219674999999,5338.219674999999,6088.219674999999,6838.219674999999,7588.219674999999,8338.219675,8338.219675,8338.219675,8338.219675,9088.219675,9300.0,9300.0,9300.0,9300.0,10050.0,10050.0,10050.0,10050.0,10050.0,10050.0,10050.0,10050.0,10050.0,10050.0,10050.0,10050.0,10050.0,10050.0,10800.0,10800.0,10800.0,10800.0,10800.0,10800.0,10800.0,10800.0,10800.0,10800.0,10800.0,10800.0,10800.0,10800.0,9874.074074074075,8948.14814814815,8070.932308300287,7224.478388885198,6434.6632295245545,5725.201099894925,5046.363629390393,4431.833983416762,3840.5289513721928,3491.358890963037,3491.358890963037,3057.4550761482224,2653.892780722068,2282.830414380053,1949.4308735813265,1611.3279295509496,1286.0689664882198,1286.0689664882198,2036.0689664882198,2786.0689664882198,3536.0689664882198,4286.068966488219,5036.068966488219,5786.068966488219,6536.068966488219,7322.4465685214855,8072.4465685214855,8822.446568521485,9572.446568521485,10322.446568521485,10322.446568521485,10322.446568521485,10322.446568521485,10322.446568521485,10322.446568521485,9966.292028905997,9600.762307959008,9168.870494319566,8656.867528467286,8143.853036247301,7599.765412281288,6993.453930799807,7743.453930799807,9093.226515940067,9299.999986150886,10049.999986150886,10799.999986150886,10799.999986150886,10799.999986150886,10799.999986150886,10795.888425929568,10795.888425929568,10795.888425929568,10795.888425929568,10795.888425929568,10795.888425929568,10795.888425929568,10795.888425929568,10795.888425929568,10795.888425929568,10795.888425929568,10795.888425929568,10795.888425929568,10795.888425929568,10795.888425929568,10222.23516666667,9407.033833333335,8581.781333333334,7744.30725925926,6896.3772592592595,6082.264277777778,5287.4494629629635,4465.2979444444445,3631.546425925926,2831.922351851852,2026.7403703703703,1200.0,1200.0,1200.0,1200.0,1200.0,1200.0,1200.0,1200.0,1200.0,1200.0,1200.0,1200.0,1200.0,1200.0,1200.0,1200.0,1200.0,1200.0,1200.0,1200.0,1200.0
2025-12-24,2691.017051663028,3441.017051663028,4191.017051663028,4800.0,4800.0,5550.0,5550.0,5550.0,6300.0,6300.0,6300.0,7050.0,7800.0,7800.0,8550.0,9300.0,9300.0,9300.0,9300.0,9300.0,9300.0,9300.0,9300.0,9300.0,10050.0,10800.0,10800.0,10800.0,10800.0,10800.0,10800.0,10800.0,10800.0,10800.0,10800.0,10800.0,10800.0,10800.0,10800.0,10800.0,10800.0,10800.0,10800.0,10800.0,10800.0,10800.0,10800.0,9874.074074074075,8948.14814814815,8033.0511473879815,7188.154198691468,6402.732039049323,5660.728057567842,5065.07946949107,5065.07946949107,4403.788154508897,3793.0709776136637,3793.0709776136637,3268.7008479840338,2755.650517092769,2284.9711818368255,1890.6573370057727,1565.563067349594,1295.4374697999503,1295.4374697999503,2045.4374697999503,2761.0463279892397,3465.0895282958636,4184.931488713072,4910.0514112405945,5660.0514112405945,6390.279327402021,7779.252460181895,8500.589486902236,9220.487538648838,9939.53927144979,10680.58152644979,10680.58152644979,10680.58152644979,10680.58152644979,10680.58152644979,10680.58152644979,10680.58152644979,10231.095695394253,9782.463091774138,9291.297954279567,8773.041457306885,8223.887918636421,7645.931140604861,8395.931140604862,9395.385821705855,10145.385821705855,10799.999990013492,10799.999990013492,10799.999990013492,10799.999990013492,10799.999990013492,10799.999990013492,10799.999990013492,10799.999990013492,10799.999990013492,10799.999990013492,10799.999990013492,10799.999990013492,10799.999990013492,10799.999990013492,10799.999990013492,10799.999990013492,10799.999990013492,10799.999990013492,10799.999990013492,10799.999990013492,10799.999990013492,10005.30487890238,9204.724638161639,8414.202415939417,7619.67311964312,6829.310175198676,6036.519434457935,5239.36411964312,4421.795804828305,3581.995804828305,2728.368656680157,1891.8266751986755,1200.0,1200.0,1200.0,1200.0,1200.0,1200.0,1200.0,1200.0,1937.400225,1937.400225,1937.400225,1937.400225,1937.400225,1937.400225,1937.400225,1937.400225,1937.400225,1248.1046138888887,1214.1450728393418,1214.1450728393418
2025-12-25,2467.183038011037,3217.183038011037,3967.183038011037,4717.183038011037,5467.183038011037,6217.183038011037,6967.183038011037,7717.183038011037,7717.183038011037,8467.183038011037,9217.183038011037,9217.183038011037,9217.183038011037,9217.183038011037,9967.183038011037,9967.183038011037,9967.183038011037,9967.183038011037,9967.183038011037,9967.183038011037,10717.183038011037,10717.183038011037,10717.183038011037,10717.183038011037,10717.183038011037,10717.183038011037,10717.183038011037,10717.183038011037,10717.183038011037,10717.183038011037,10717.183038011037,10717.183038011037,10717.183038011037,10800.0,10800.0,10800.0,10800.0,10800.0,10800.0,10800.0,10800.0,10800.0,10800.0,10800.0,10800.0,10800.0,10800.0,9874.074074074075,8948.14814814815,8108.681424199054,7328.168495251871,6609.6559865692525,5962.161505087771,5381.140589356499,4808.7889444490565,4254.27296529508,3786.143328320681,3643.4740446989595,3201.396674328589,2777.7881852463674,2417.665347219969,2139.3884398659147,1935.682212226786,1731.7701989514885,1731.7701989514885,2479.3182164536947,3185.8404907062327,3859.0685054003707,4510.223288949366,5162.987395758662,5849.955610758662,6510.031009844819,6792.38015937156,7542.38015937156,8292.38015937156,9042.38015937156,9792.38015937156,9792.38015937156,9792.38015937156,9792.38015937156,9792.38015937156,9792.38015937156,9792.38015937156,9373.72750725556,8909.658391846602,8398.973287500447,7883.990068182997,7326.422741738192,6698.162347600264,7448.162347600264,9565.580872512637,10073.7137171981,10799.999988679097,10799.999988679097,10799.999988679097,10797.300960700297,10794.041994312307,10794.041994312307,10794.041994312307,10794.041994312307,10794.041994312307,10794.041994312307,10794.041994312307,10794.041994312307,10794.041994312307,10794.041994312307,10794.041994312307,10794.041994312307,10794.041994312307,10794.041994312307,10794.041994312307,10794.041994312307,10202.092703703705,9426.944925925927,8634.678444444446,7801.739555555556,6971.183444444445,6155.002203703704,5333.8336851851855,4513.252851851852,3689.35612962963,2868.739462962963,2041.334962962963,1200.0,1200.0,1200.0,1200.0,1200.0,1200.0,1200.0,1200.0,1200.0,1200.0,1200.0,1200.0,1200.0,1200.0,1200.0,1200.0,1200.0,1200.0,1200.0,1200.0,1200.0
2025-12-26,2577.936914021028,3327.936914021028,3327.936914021028,4077.936914021028,4827.936914021027,4827.936914021027,5577.936914021027,6327.936914021027,7077.936914021027,7827.936914021027,7827.936914021027,7240.631562169176,7240.631562169176,7990.631562169176,8740.631562169176,8740.631562169176,9300.0,10050.0,10050.0,10050.0,10800.0,10800.0,10800.0,10800.0,10800.0,10800.0,10800.0,10800.0,10800.0,10151.364540788736,10151.364540788736,10800.0,10800.0,10800.0,10800.0,10135.824222222222,10176.427074074074,9545.508555555556,8926.852314814816,8283.898555555557,7579.41151851852,6867.9775150301275,6221.63505818826,5668.983820832423,5104.952235863114,4549.986656956078,4073.969360659782,3698.3554806934058,3360.7724500610325,3083.1895695260487,2842.036222759273,2600.282536432143,2325.352110506217,2089.6329133883128,1932.2661758671227,1813.3906955258258,1684.5380792514206,1634.2849526461816,1658.4580676461817,1694.9836302753333,1759.9248962526508,1893.314153577803,2077.0941907994234,2330.6831597228465,2611.0259597228464,3361.0259597228464,4111.025959722847,4394.440278132344,5119.744245537006,5838.271553160256,6588.271553160256,7264.277058753741,7782.871200982394,8495.10251896674,9196.746855215113,9906.125408273454,10032.991943273453,10148.709151412737,10241.570272972189,10330.560506195643,10419.21773761903,10506.319777362776,10576.618657362777,10604.148424143614,10602.48349813177,10588.288862962147,10588.288862962147,10545.978523560114,10386.233338374928,10399.581354953696,10799.999972428775,10799.999972428775,10799.999972428775,10799.999972428775,10799.999972428775,10799.999972428775,10799.999972428775,10799.999972428775,10799.999972428775,10799.999972428775,10799.999972428775,10799.999972428775,10799.999972428775,10799.999972428775,10799.999972428775,10799.999972428775,10740.49912962963,10249.199092592593,9767.508148148148,9234.037777777778,8667.679851851852,8104.1412222222225,7569.154185185185,7067.460222222222,6564.80137037037,6034.523592592593,5501.865111111111,4966.685833333333,4425.1525,3897.2919444444447,3346.869314814815,2776.6267222222223,2232.472314814815,1716.140740740741,1200.0,1200.0,1200.0,1200.0,1200.0,1200.0,1200.0,1200.0,1938.949665,1938.949665,1938.949665,1938.949665,1938.949665,1731.6290909259253,1731.6290909259253,1731.6290909259253,1731.6290909259253,1731.6290909259253,1731.6290909259253,1204.6266649999993
2025-12-27,2959.4316455341877,3192.349240872483,3942.349240872483,4692.349240872483,5442.349240872483,5442.349240872483,6192.349240872483,6942.349240872483,7692.349240872483,7692.349240872483,7692.349240872483,8442.349240872483,9192.349240872483,9942.349240872483,9942.349240872483,9942.349240872483,9942.349240872483,9942.349240872483,9942.349240872483,9942.349240872483,9942.349240872483,9942.349240872483,9942.349240872483,10692.349240872483,10692.349240872483,10692.349240872483,10692.349240872483,10692.349240872483,10692.349240872483,10692.349240872483,10692.349240872483,10050.0,10050.0,10800.0,10800.0,10157.323938316884,10145.290444444445,9520.158962962963,8886.148108436075,8196.329497324963,7475.544312139778,6817.40533912411,6196.998181852569,5621.2477220124,5133.342809175031,4679.97626199842,4237.191873109531,3868.4327293447936,3566.2445300229565,3328.4420482954474,3130.9141483061576,2927.7529021614278,2707.5703651243907,2545.212677958132,2403.773688476211,2258.740069893333,2166.023413695129,2130.9730205139717,2111.7322612547123,2111.7322612547123,2131.6486835191713,2148.407875677339,2182.922583537178,2271.913206233276,2439.138696233276,3185.444055313625,3927.9368398505712,4291.17991644367,5026.215902717626,5770.594781557582,6520.594781557582,7270.594781557582,7648.15812639736,8398.15812639736,9148.15812639736,9898.15812639736,10350.96120821728,10505.665619018475,10597.626862862426,10657.269902423212,10727.609223688472,10783.42909846454,10797.60715846454,10800.0,10781.237056963642,10694.530628795525,10629.334016214505,10560.942316540566,10437.759612836862,10417.615647095747,10717.499861449749,10708.570274046971,10800.0,10800.0,10800.0,10800.0,10800.0,10800.0,10800.0,10800.0,10800.0,10800.0,10800.0,10800.0,10800.0,10800.0,10800.0,10298.157574074074,9778.49237037037,9229.729407407407,8684.219481481481,8161.168962962963,7635.576370370371,7096.648833333334,6573.56762962963,6071.347259259259,5553.206018518518,5024.863962962962,4500.838037037036,3974.42798148148,3444.3178518518503,2929.2900740740724,2406.536018518517,1879.9881481481461,1355.4844444444425,1355.4844444444425,1355.4844444444425,1355.4844444444425,1355.4844444444425,1355.4844444444425,1355.4844444444425,2099.4180844444427,2836.6544644444425,3565.6289644444428,4315.628649349604,5060.644074349604,5801.620074349604,6544.540374349604,7290.891414349604,8031.699414349604,8762.209629349603,9505.125789349604,10251.587289349603,10251.587289349603
2025-12-28,10800.0,10800.0,10800.0,10800.0,10800.0,10800.0,10800.0,10800.0,10800.0,10800.0,10800.0,10800.0,10800.0,10800.0,10800.0,10800.0,10800.0,10800.0,10800.0,10800.0,10800.0,10800.0,10800.0,10800.0,10800.0,10800.0,10800.0,10800.0,10800.0,10800.0,10800.0,10050.000104391318,10050.000104391318,10800.0,10800.0,10800.0,10800.0,10800.0,10800.0,10800.0,10800.0,10800.0,10800.0,10800.0,10800.0,10800.0,10800.0,9874.074074074075,8948.14814814815,8022.2222222222235,7132.914794618206,6313.163958023493,5553.715069134605,4878.927906960248,4275.0462596367,3687.6400250112556,3395.9031689189183,3395.9031689189183,2982.6835948448443,2612.39223112975,2252.7042881518314,1913.8237366676922,1573.0613309463906,1200.0001276118512,1200.0001276118512,1940.8116783921503,2653.35148316837,3348.952889135158,4020.903321076527,4693.026469381873,5410.231909381873,6113.074650517013,7264.196179387159,8014.196179387159,8764.19617938716,9514.19617938716,10264.19617938716,10264.19617938716,10264.19617938716,10264.19617938716,10264.19617938716,10264.19617938716,9922.490994201975,9594.183089742985,9254.12993064964,8871.299858505648,8475.158473949321,8031.187035205746,7534.370479650191,8284.370479650192,9924.5535,9924.5535,9924.5535,10674.5535,10674.5535,10674.5535,10674.5535,10799.999987086545,10799.999987086545,10799.999987086545,10799.999987086545,10799.999987086545,10799.999987086545,10799.999987086545,10799.999987086545,10799.999987086545,10799.999987086545,10799.999987086545,10799.999987086545,10799.999987086545,10799.999987086545,10799.999987086545,10799.999987086545,9983.355283382842,9168.5850426421,8334.107264864322,7519.712579679137,6675.435875975433,5780.21180190136,4929.862190790249,4144.02730190136,3365.2976722717303,2549.824338938397,1737.8375241235817,1200.0,1200.0,1200.0,1200.0,1200.0,1200.0,1200.0,1200.0,1200.0,1200.0,1200.0,1200.0,1200.0,1200.0,1200.0,1200.0,1200.0,1200.0,1200.0,1200.0
2025-12-29,2705.6512288393824,3455.6512288393824,4205.651228839382,4955.651228839382,5705.651228839382,6455.651228839382,7050.0,7050.0,7050.0,7050.0,7050.0,7050.0,7800.0,7800.0,7800.0,7800.0,8550.0,9300.0,10050.0,10050.0,10050.0,10050.0,10050.0,10050.0,10050.0,10050.0,10050.0,10050.0,10050.0,10050.0,10050.0,10050.0,10050.0,10800.0,10800.0,10800.0,10800.0,10800.0,10800.0,10800.0,10800.0,10800.0,10800.0,10800.0,10800.0,10800.0,10800.0,9876.787874900218,8981.58837765218,8150.366531944843,7368.387316740774,6656.489574498719,6016.530537461682,5424.229688719027,4898.227208811589,4401.550528377532,4027.6572931403452,4027.6572931403452,3588.110459807012,3184.577202503868,2823.1748393944717,2475.3517487827166,2142.8248988293813,1779.0118954491622,1734.336440602388,2484.336440602388,3234.336440602388,3984.336440602388,4734.336440602388,5484.336440602388,6234.336440602388,6984.336440602388,7681.151674132361,8431.151674132361,9181.151674132361,9931.151674132361,10681.151674132361,10681.151674132361,10681.151674132361,10681.151674132361,10681.151674132361,10681.151674132361,10681.151674132361,10247.457479298475,9748.633902155238,9197.042767721832,8649.626009332285,8079.708997827968,7461.08843723948,8211.08843723948,9438.766217189292,10188.766217189292,10799.999985139753,10799.999985139753,10799.999985139753,10799.999985139753,10799.999985139753,10799.999985139753,10799.999985139753,10799.999985139753,10799.999985139753,10799.999985139753,10799.999985139753,10799.999985139753,10799.999985139753,10799.999985139753,10799.999985139753,10799.999985139753,10799.999985139753,10799.999985139753,10799.999985139753,10799.999985139753,10413.82912962963,9593.309481481481,8783.240907407408,7971.3668333333335,7128.686814814815,6268.872314814815,5403.8575,4561.303314814815,3714.781462962963,2850.0610925925926,2019.5772777777777,1200.0,1200.0,1200.0,1200.0,1200.0,1200.0,1200.0,1200.0,1200.0,1200.0,1200.0,1949.3067180026271,1949.3067180026271,1949.3067180026271,1949.3067180026271,1949.3067180026271,1949.3067180026271,1949.3067180026271,1949.3067180026271,1949.3067180026271,1949.3067180026271
2025-12-30,3301.5640607458745,4051.5640607458745,4801.5640607458745,5551.5640607458745,6301.5640607458745,7051.5640607458745,7801.5640607458745,8551.564060745874,9301.564060745874,9301.564060745874,9301.564060745874,9301.564060745874,9301.564060745874,9301.564060745874,9301.564060745874,9301.564060745874,9301.564060745874,9301.564060745874,9301.564060745874,9301.564060745874,9301.564060745874,9301.564060745874,8550.0,8550.0,9300.0,10050.0,10050.0,10050.0,10050.0,10050.0,10050.0,10050.0,10050.0,10800.0,10800.0,10800.0,10800.0,10800.0,10800.0,10800.0,10800.0,10800.0,10800.0,10800.0,10800.0,10800.0,10800.0,9874.074074074075,8955.795154939688,8034.977277592333,7120.133854096143,6301.462906642835,5583.308739976169,4879.725165864983,4222.263943844018,3668.6549474776166,3484.1589727364913,3484.1589727364913,3077.2902690327874,2719.0953683981156,2430.05002718223,2184.6558740935848,1927.0471586036037,1674.6387383697465,1476.0127198512282,2226.012719851228,2976.012719851228,3726.012719851228,4476.012719851228,5226.012719851228,5976.012719851228,6726.012719851228,6558.0836369443705,7308.0836369443705,8058.0836369443705,8808.083636944371,9558.083636944371,9558.083636944371,9558.083636944371,9558.083636944371,9558.083636944371,9558.083636944371,9213.255988796223,8912.326485693775,8590.098805549978,8178.925219978611,7737.130290718951,7282.126121852898,6798.08273296401,7548.08273296401,9780.461265914186,10049.999992166744,10799.999992166744,10799.999992166744,10799.999992166744,10799.999992166744,10799.999992166744,10799.999992166744,10799.999992166744,10799.999992166744,10799.999992166744,10799.999992166744,10799.999992166744,10799.999992166744,10799.999992166744,10799.999992166744,10799.999992166744,10799.999992166744,10799.999992166744,10799.999992166744,10799.999992166744,10799.999992166744,10799.999992166744,10007.510825500078,9212.049825500078,8388.733158833411,7525.313344018596,6689.41578846304,5899.2898625371145,5088.459473648225,4236.230362537114,3380.0933255000773,2570.6642699445215,1780.5721958704476,1200.0,1200.0,1200.0,1200.0,1200.0,1200.0,1200.0,1870.0880887037038,1870.0880887037038,1214.2399405555557,1214.2399405555557,1214.2399405555557,1214.2399405555557,1214.2399405555557,1214.2399405555557,1214.2399405555557,1214.2399405555557,1214.2399405555557,1214.2399405555557,1214.2399405555557
2025-12-31,2620.162617092519,2620.162617092519,2620.162617092519,3370.162617092519,4120.162617092519,4870.162617092519,5620.162617092519,6370.162617092519,6370.162617092519,7120.162617092519,7870.162617092519,8620.16261709252,8620.16261709252,8620.16261709252,8620.16261709252,8620.16261709252,8620.16261709252,9370.16261709252,9370.16261709252,9370.16261709252,9370.16261709252,9370.16261709252,9370.16261709252,10050.0,10050.0,10050.0,10050.0,10050.0,10050.0,10050.0,10050.0,10050.0,10050.0,10800.0,10800.0,10800.0,10800.0,10800.0,10800.0,10800.0,10800.0,10800.0,10800.0,10800.0,10800.0,10800.0,10800.0,9874.074074074075,8971.477915194451,8108.295085108741,7305.74688099454,6568.54376031216,5879.26913068253,5203.16802688081,4566.407123847292,4228.719241321212,4228.719241321212,4228.719241321212,3709.9689635434343,3238.2814596165604,2807.8257385257634,2385.1940922590034,1967.9786979791545,1572.9230897662158,1572.9230897662158,2322.9230897662155,3072.9230897662155,3822.9230897662155,4572.9230897662155,5322.9230897662155,6072.9230897662155,6822.9230897662155,7168.771235562705,7918.771235562705,8668.771235562705,9418.771235562705,10168.771235562705,10168.771235562705,10168.771235562705,10168.771235562705,10168.771235562705,10168.771235562705,10026.844656707295,9635.151338376267,9173.008286223507,8676.556762383174,8178.7219570547895,7606.284180357128,6955.066809986758,7705.066809986758,9370.946402626072,10049.999990654074,10799.999990654074,10799.999990654074,10799.999990654074,10799.999990654074,10799.999990654074,10799.999990654074,10799.999990654074,10799.999990654074,10799.999990654074,10799.999990654074,10799.999990654074,10799.999990654074,10799.999990654074,10799.999990654074,10799.999990654074,10799.999990654074,10799.999990654074,10799.999990654074,10799.999990654074,10799.999990654074,10203.427185185184,9383.313444444444,8584.550574074074,7789.861685185185,6967.776333333333,6138.4122777777775,5307.832648148148,4490.576666666667,3652.1299444444444,2802.1558703703704,1988.0547407407407,1200.0,1200.0,1200.0,1200.0,1200.0,1200.0,1200.0,1200.0,1200.0,1940.01636,1940.01636,1940.01636,1940.01636,1940.01636,1940.01636,1940.01636,1940.01636,1940.01636,1940.01636,1940.01636,1940.01636
